num_training_step_calls_per_iteration,num_env_steps_sampled_lifetime,done,training_iteration,trial_id,date,timestamp,time_this_iter_s,time_total_s,pid,hostname,node_ip,time_since_restore,iterations_since_restore,timers/training_iteration,timers/restore_env_runners,timers/training_step,timers/env_runner_sampling_timer,timers/learner_update_timer,timers/synch_weights,env_runners/env_reset_timer,env_runners/episode_duration_sec_mean,env_runners/num_episodes,env_runners/episode_len_mean,env_runners/episode_return_max,env_runners/sample,env_runners/num_env_steps_sampled,env_runners/num_env_steps_sampled_lifetime,env_runners/episode_len_max,env_runners/episode_return_min,env_runners/weights_seq_no,env_runners/env_to_module_sum_episodes_length_out,env_runners/rlmodule_inference_timer,env_runners/env_step_timer,env_runners/env_to_module_sum_episodes_length_in,env_runners/episode_return_mean,env_runners/num_episodes_lifetime,env_runners/episode_len_min,env_runners/num_env_steps_sampled_lifetime_throughput,__all_modules__/learner_connector_sum_episodes_length_in,__all_modules__/learner_connector_sum_episodes_length_out,learners/IntrinsicAttentionMask,learners/IntrinsicRewardsPositive,learners/IntrinsicRewardsNegative,evaluation/num_healthy_workers,evaluation/actor_manager_num_outstanding_async_reqs,evaluation/num_remote_worker_restarts,fault_tolerance/num_healthy_workers,fault_tolerance/num_remote_worker_restarts,env_runner_group/actor_manager_num_outstanding_async_reqs,perf/cpu_util_percent,perf/ram_util_percent,env_runners/env_to_module_connector/connector_pipeline_timer,env_runners/num_agent_steps_sampled_lifetime/default_agent,env_runners/module_episode_return_mean/default_policy,env_runners/module_to_env_connector/connector_pipeline_timer,env_runners/num_module_steps_sampled_lifetime/default_policy,env_runners/agent_episode_return_mean/default_agent,env_runners/num_agent_steps_sampled/default_agent,env_runners/num_module_steps_sampled/default_policy,__all_modules__/learner_connector/connector_pipeline_timer,learners/default_policy/use_intrinsic_rewards,learners/default_policy/num_trainable_parameters,learners/default_policy/module_train_batch_size_mean,learners/default_policy/mean_kl_loss,learners/default_policy/entropy,learners/default_policy/policy_loss,learners/default_policy/diff_num_grad_updates_vs_sampler_policy,learners/default_policy/weights_seq_no,learners/default_policy/curr_entropy_coeff,learners/default_policy/num_module_steps_trained_lifetime,learners/default_policy/total_loss,learners/default_policy/vf_explained_var,learners/default_policy/vf_loss,learners/default_policy/curr_kl_coeff,learners/default_policy/vf_loss_unclipped,learners/default_policy/num_module_steps_trained,learners/default_policy/num_module_steps_trained_lifetime_throughput,learners/intrinsic_reward_module/gradients_default_optimizer_global_norm,learners/intrinsic_reward_module/total_loss,learners/intrinsic_reward_module/num_trainable_parameters,learners/intrinsic_reward_module/module_train_batch_size_mean,learners/intrinsic_reward_module/num_module_steps_trained,learners/intrinsic_reward_module/default_optimizer_learning_rate,learners/intrinsic_reward_module/num_module_steps_trained_lifetime,learners/intrinsic_reward_module/diff_num_grad_updates_vs_sampler_policy,learners/intrinsic_reward_module/weights_seq_no,learners/intrinsic_reward_module/curr_entropy_coeff,learners/intrinsic_reward_module/num_module_steps_trained_lifetime_throughput,learners/__all_modules__/num_non_trainable_parameters,learners/__all_modules__/num_env_steps_trained,learners/__all_modules__/num_env_steps_trained_lifetime,learners/__all_modules__/num_module_steps_trained,learners/__all_modules__/num_trainable_parameters,learners/__all_modules__/num_module_steps_trained_lifetime,learners/__all_modules__/num_env_steps_trained_lifetime_throughput,learners/__all_modules__/num_module_steps_trained_throughput,learners/__all_modules__/num_module_steps_trained_lifetime_throughput,evaluation/env_runners/episode_len_mean,evaluation/env_runners/num_env_steps_sampled_lifetime,evaluation/env_runners/episode_len_max,evaluation/env_runners/env_to_module_sum_episodes_length_out,evaluation/env_runners/episode_return_mean,evaluation/env_runners/episode_return_max,evaluation/env_runners/rlmodule_inference_timer,evaluation/env_runners/env_step_timer,evaluation/env_runners/num_episodes_lifetime,evaluation/env_runners/episode_len_min,evaluation/env_runners/episode_duration_sec_mean,evaluation/env_runners/num_episodes,evaluation/env_runners/sample,evaluation/env_runners/weights_seq_no,evaluation/env_runners/env_reset_timer,evaluation/env_runners/episode_return_min,evaluation/env_runners/num_env_steps_sampled,evaluation/env_runners/env_to_module_sum_episodes_length_in,evaluation/env_runners/env_to_module_connector/connector_pipeline_timer,evaluation/env_runners/module_to_env_connector/connector_pipeline_timer,evaluation/env_runners/num_module_steps_sampled_lifetime/default_policy,evaluation/env_runners/num_module_steps_sampled/default_policy,evaluation/env_runners/num_agent_steps_sampled_lifetime/default_agent,evaluation/env_runners/module_episode_return_mean/default_policy,evaluation/env_runners/agent_episode_return_mean/default_agent,evaluation/env_runners/num_agent_steps_sampled/default_agent,env_runners/env_to_module_connector/timers/connectors/numpy_to_tensor,env_runners/env_to_module_connector/timers/connectors/add_observations_from_episodes_to_batch,env_runners/env_to_module_connector/timers/connectors/add_states_from_episodes_to_batch,env_runners/env_to_module_connector/timers/connectors/add_time_dim_to_batch_and_zero_pad,env_runners/env_to_module_connector/timers/connectors/batch_individual_items,env_runners/module_to_env_connector/timers/connectors/tensor_to_numpy,env_runners/module_to_env_connector/timers/connectors/listify_data_for_vector_env,env_runners/module_to_env_connector/timers/connectors/get_actions,env_runners/module_to_env_connector/timers/connectors/remove_single_ts_time_rank_from_batch,env_runners/module_to_env_connector/timers/connectors/un_batch_to_individual_items,env_runners/module_to_env_connector/timers/connectors/normalize_and_clip_actions,__all_modules__/learner_connector/timers/connectors/add_one_ts_to_episodes_and_truncate,__all_modules__/learner_connector/timers/connectors/add_observations_from_episodes_to_batch,__all_modules__/learner_connector/timers/connectors/add_columns_from_episodes_to_train_batch,__all_modules__/learner_connector/timers/connectors/add_time_dim_to_batch_and_zero_pad,__all_modules__/learner_connector/timers/connectors/add_states_from_episodes_to_batch,__all_modules__/learner_connector/timers/connectors/batch_individual_items,__all_modules__/learner_connector/timers/connectors/numpy_to_tensor,learners/differentiable_learners/intrinsic_attention_ppo_learner/default_policy/weights_seq_no,learners/differentiable_learners/intrinsic_attention_ppo_learner/default_policy/vf_explained_var,learners/differentiable_learners/intrinsic_attention_ppo_learner/default_policy/vf_loss,learners/differentiable_learners/intrinsic_attention_ppo_learner/default_policy/total_loss,learners/differentiable_learners/intrinsic_attention_ppo_learner/default_policy/module_train_batch_size_mean,learners/differentiable_learners/intrinsic_attention_ppo_learner/default_policy/vf_loss_unclipped,learners/differentiable_learners/intrinsic_attention_ppo_learner/default_policy/num_module_steps_trained,learners/differentiable_learners/intrinsic_attention_ppo_learner/default_policy/entropy,learners/differentiable_learners/intrinsic_attention_ppo_learner/default_policy/use_intrinsic_rewards,learners/differentiable_learners/intrinsic_attention_ppo_learner/default_policy/mean_kl_loss,learners/differentiable_learners/intrinsic_attention_ppo_learner/default_policy/num_module_steps_trained_lifetime,learners/differentiable_learners/intrinsic_attention_ppo_learner/default_policy/policy_loss,learners/differentiable_learners/intrinsic_attention_ppo_learner/default_policy/diff_num_grad_updates_vs_sampler_policy,learners/differentiable_learners/intrinsic_attention_ppo_learner/intrinsic_reward_module/weights_seq_no,learners/differentiable_learners/intrinsic_attention_ppo_learner/intrinsic_reward_module/num_module_steps_trained_lifetime,learners/differentiable_learners/intrinsic_attention_ppo_learner/intrinsic_reward_module/total_loss,learners/differentiable_learners/intrinsic_attention_ppo_learner/intrinsic_reward_module/num_module_steps_trained,learners/differentiable_learners/intrinsic_attention_ppo_learner/intrinsic_reward_module/module_train_batch_size_mean,learners/differentiable_learners/intrinsic_attention_ppo_learner/intrinsic_reward_module/diff_num_grad_updates_vs_sampler_policy,learners/differentiable_learners/intrinsic_attention_ppo_learner/__all_modules__/num_module_steps_trained_lifetime,learners/differentiable_learners/intrinsic_attention_ppo_learner/__all_modules__/num_env_steps_trained,learners/differentiable_learners/intrinsic_attention_ppo_learner/__all_modules__/num_env_steps_trained_lifetime,learners/differentiable_learners/intrinsic_attention_ppo_learner/__all_modules__/num_module_steps_trained,learners/differentiable_learners/intrinsic_attention_ppo_learner/__all_modules__/num_env_steps_trained_lifetime_throughput,evaluation/env_runners/env_to_module_connector/timers/connectors/numpy_to_tensor,evaluation/env_runners/env_to_module_connector/timers/connectors/add_time_dim_to_batch_and_zero_pad,evaluation/env_runners/env_to_module_connector/timers/connectors/batch_individual_items,evaluation/env_runners/env_to_module_connector/timers/connectors/add_observations_from_episodes_to_batch,evaluation/env_runners/env_to_module_connector/timers/connectors/add_states_from_episodes_to_batch,evaluation/env_runners/module_to_env_connector/timers/connectors/tensor_to_numpy,evaluation/env_runners/module_to_env_connector/timers/connectors/un_batch_to_individual_items,evaluation/env_runners/module_to_env_connector/timers/connectors/remove_single_ts_time_rank_from_batch,evaluation/env_runners/module_to_env_connector/timers/connectors/normalize_and_clip_actions,evaluation/env_runners/module_to_env_connector/timers/connectors/listify_data_for_vector_env,evaluation/env_runners/module_to_env_connector/timers/connectors/get_actions
1,2000,False,1,d23ef_00000,2025-08-17_20-30-49,1755462649,91.82510757446289,91.82510757446289,685888,intrinsic-attention2,10.156.0.3,91.82510757446289,1,91.61647683399497,1.4863006072118878e-05,91.61624868199578,2.698461096995743,88.56954207298986,0.0020854339963989332,0.00027717900229617953,0.0015875163798045834,1000,2.0,10.5,2.665860662003979,2000,2000,2,-10.5,0.0,1.0067001111072869,0.00010839735355632195,4.845394904939541e-05,1.0067001111072869,-2.62,1000,2,748.3726273297693,2000,3000,"[array([[0.42326018, 0.17114025, 0.4055996 ],
       [0.02704594, 0.9409903 , 0.03196372],
       [0.40544173, 0.2021801 , 0.39237815]], dtype=float32), array([[0.37372798, 0.24361537, 0.38265663],
       [0.03772835, 0.9306589 , 0.03161278],
       [0.38929844, 0.20766965, 0.40303192]], dtype=float32), array([[0.21590324, 0.594679  , 0.18941775],
       [0.00958641, 0.98514396, 0.00526967],
       [0.2733933 , 0.4718206 , 0.25478604]], dtype=float32), array([[0.28585693, 0.44067934, 0.27346373],
       [0.01246229, 0.979567  , 0.00797076],
       [0.33029544, 0.34042972, 0.32927483]], dtype=float32), array([[0.39664283, 0.20549062, 0.39786655],
       [0.00952498, 0.9811546 , 0.00932043],
       [0.39863014, 0.20146349, 0.3999064 ]], dtype=float32), array([[0.46488973, 0.11847262, 0.41663763],
       [0.0034286 , 0.99117154, 0.00539989],
       [0.41920227, 0.18773742, 0.39306033]], dtype=float32), array([[0.4465108 , 0.1527176 , 0.40077162],
       [0.00109748, 0.9967229 , 0.00217961],
       [0.36642045, 0.27730188, 0.35627759]], dtype=float32), array([[2.5200513e-01, 5.0679368e-01, 2.4120119e-01],
       [9.6460560e-04, 9.9841118e-01, 6.2410574e-04],
       [2.9936841e-01, 4.0697351e-01, 2.9365805e-01]], dtype=float32), array([[3.3007070e-01, 3.3950701e-01, 3.3042222e-01],
       [3.6039218e-04, 9.9915338e-01, 4.8616817e-04],
       [2.9424810e-01, 4.0785360e-01, 2.9789829e-01]], dtype=float32), array([[1.6526295e-01, 6.8513578e-01, 1.4960124e-01],
       [3.3356302e-04, 9.9947602e-01, 1.9044512e-04],
       [2.1979527e-01, 5.7471389e-01, 2.0549081e-01]], dtype=float32), array([[3.2247835e-01, 3.5489810e-01, 3.2262352e-01],
       [3.6540706e-04, 9.9925524e-01, 3.7924698e-04],
       [3.1823564e-01, 3.6333042e-01, 3.1843382e-01]], dtype=float32), array([[0.3960262 , 0.20105003, 0.40292382],
       [0.00160607, 0.9970305 , 0.00136341],
       [0.40887958, 0.17319642, 0.41792405]], dtype=float32), array([[4.6733639e-01, 1.1214758e-01, 4.2051604e-01],
       [6.5558008e-04, 9.9821717e-01, 1.1272745e-03],
       [4.1622600e-01, 1.9087121e-01, 3.9290282e-01]], dtype=float32), array([[2.5533396e-01, 5.0057673e-01, 2.4408925e-01],
       [4.2373041e-04, 9.9932420e-01, 2.5202916e-04],
       [3.1185868e-01, 3.8040036e-01, 3.0774090e-01]], dtype=float32), array([[2.5812393e-01, 4.9737310e-01, 2.4450304e-01],
       [4.8690059e-04, 9.9925393e-01, 2.5922354e-04],
       [3.2505107e-01, 3.5203329e-01, 3.2291570e-01]], dtype=float32), array([[4.3478680e-01, 1.6062783e-01, 4.0458539e-01],
       [2.9267414e-04, 9.9918026e-01, 5.2703056e-04],
       [3.7161493e-01, 2.6567772e-01, 3.6270741e-01]], dtype=float32), array([[2.3815911e-01, 5.1944166e-01, 2.4239923e-01],
       [7.2493320e-05, 9.9983752e-01, 8.9945082e-05],
       [2.1362174e-01, 5.6797659e-01, 2.1840172e-01]], dtype=float32), array([[4.6486244e-01, 1.1200914e-01, 4.2312843e-01],
       [4.2932993e-04, 9.9885392e-01, 7.1666850e-04],
       [4.1852668e-01, 1.8494034e-01, 3.9653298e-01]], dtype=float32), array([[4.8337057e-01, 9.5286138e-02, 4.2134333e-01],
       [3.6437082e-04, 9.9892384e-01, 7.1170426e-04],
       [4.2106065e-01, 1.8599199e-01, 3.9294741e-01]], dtype=float32), array([[1.6527508e-01, 6.8825114e-01, 1.4647375e-01],
       [1.9040065e-04, 9.9971730e-01, 9.2200113e-05],
       [2.3763537e-01, 5.4070592e-01, 2.2165866e-01]], dtype=float32), array([[4.3016267e-01, 1.6829711e-01, 4.0154025e-01],
       [2.5818148e-04, 9.9926847e-01, 4.7333588e-04],
       [3.6373356e-01, 2.7949595e-01, 3.5677049e-01]], dtype=float32), array([[3.4512004e-01, 3.1062391e-01, 3.4425604e-01],
       [2.0947948e-04, 9.9953425e-01, 2.5627392e-04],
       [3.2193464e-01, 3.5537258e-01, 3.2269278e-01]], dtype=float32), array([[1.8396802e-01, 6.4496237e-01, 1.7106962e-01],
       [2.1736407e-04, 9.9964929e-01, 1.3333518e-04],
       [2.3445158e-01, 5.4221517e-01, 2.2333318e-01]], dtype=float32), array([[1.7139605e-01, 6.7553109e-01, 1.5307286e-01],
       [2.9677866e-04, 9.9955124e-01, 1.5193225e-04],
       [2.3842046e-01, 5.3865182e-01, 2.2292770e-01]], dtype=float32), array([[3.2637954e-01, 3.4825730e-01, 3.2536316e-01],
       [1.1427798e-03, 9.9803203e-01, 8.2522846e-04],
       [3.5901558e-01, 2.7749610e-01, 3.6348832e-01]], dtype=float32), array([[3.2735693e-01, 3.4616911e-01, 3.2647395e-01],
       [1.2794981e-03, 9.9779320e-01, 9.2734280e-04],
       [3.5954356e-01, 2.7630702e-01, 3.6414945e-01]], dtype=float32), array([[1.7360216e-01, 6.7119181e-01, 1.5520602e-01],
       [4.3392729e-04, 9.9933761e-01, 2.2851318e-04],
       [2.3744726e-01, 5.4075342e-01, 2.2179936e-01]], dtype=float32), array([[0.46554592, 0.1156761 , 0.41877794],
       [0.00134197, 0.99643975, 0.00221825],
       [0.41688773, 0.19034798, 0.3927643 ]], dtype=float32), array([[2.5061241e-01, 5.1451576e-01, 2.3487185e-01],
       [1.2344605e-03, 9.9809057e-01, 6.7493838e-04],
       [3.1430927e-01, 3.7645394e-01, 3.0923685e-01]], dtype=float32), array([[1.7372520e-01, 6.7246932e-01, 1.5380552e-01],
       [7.4942771e-04, 9.9885833e-01, 3.9225077e-04],
       [2.3715615e-01, 5.4271162e-01, 2.2013222e-01]], dtype=float32), array([[1.8324248e-01, 6.4865422e-01, 1.6810323e-01],
       [7.5020525e-04, 9.9879056e-01, 4.5925172e-04],
       [2.3227720e-01, 5.4867411e-01, 2.1904872e-01]], dtype=float32)]","[array([0., 0., 0.], dtype=float32), array([-0.03929133, -0.03929133, -0.03929133], dtype=float32), array([-0.07834899, -0.07834899, -0.07834899], dtype=float32), array([-0.1163509, -0.1163509, -0.1163509], dtype=float32), array([-0.14625922, -0.14625922, -0.14625922], dtype=float32), array([-0.13221875, -0.13221875, -0.13221875], dtype=float32), array([-0.1280242, -0.1280242, -0.1280242], dtype=float32), array([-0.12566184, -0.12566184, -0.12566184], dtype=float32), array([-0.12330709, -0.12330709, -0.12330709], dtype=float32), array([-0.12042534, -0.12042534, -0.12042534], dtype=float32), array([-0.11766397, -0.11766397, -0.11766397], dtype=float32), array([-0.11487655, -0.11487655, -0.11487655], dtype=float32), array([-0.10195017, -0.10195017, -0.10195017], dtype=float32), array([-0.08804321, -0.08804321, -0.08804321], dtype=float32), array([-0.07462101, -0.07462101, -0.07462101], dtype=float32), array([-0.06643104, -0.06643104, -0.06643104], dtype=float32), array([-0.05982006, -0.05982006, -0.05982006], dtype=float32), array([-0.05219833, -0.05219833, -0.05219833], dtype=float32), array([-0.04695309, -0.04695309, -0.04695309], dtype=float32), array([-0.04656153, -0.04656153, -0.04656153], dtype=float32), array([-0.05192824, -0.05192824, -0.05192824], dtype=float32), array([-0.05385797, -0.05385797, -0.05385797], dtype=float32), array([-0.05528579, -0.05528579, -0.05528579], dtype=float32), array([-0.06064004, -0.06064004, -0.06064004], dtype=float32), array([-0.06602938, -0.06602938, -0.06602938], dtype=float32), array([-0.07126544, -0.07126544, -0.07126544], dtype=float32), array([-0.08149333, -0.08149333, -0.08149333], dtype=float32), array([-0.09719887, -0.09719887, -0.09719887], dtype=float32), array([-0.11275264, -0.11275264, -0.11275264], dtype=float32), array([-0.13143407, -0.13143407, -0.13143407], dtype=float32), array([-0.1455281, -0.1455281, -0.1455281], dtype=float32)]","[array([0., 0., 0.], dtype=float32), array([-0.03929133, -0.03929133, -0.03929133], dtype=float32), array([-0.07834898, -0.07834898, -0.07834898], dtype=float32), array([-0.1163509, -0.1163509, -0.1163509], dtype=float32), array([-0.14625923, -0.14625923, -0.14625923], dtype=float32), array([-0.13221873, -0.13221873, -0.13221873], dtype=float32), array([-0.12802422, -0.12802422, -0.12802422], dtype=float32), array([-0.12566184, -0.12566184, -0.12566184], dtype=float32), array([-0.12330709, -0.12330709, -0.12330709], dtype=float32), array([-0.12042535, -0.12042535, -0.12042535], dtype=float32), array([-0.11766396, -0.11766396, -0.11766396], dtype=float32), array([-0.11487653, -0.11487653, -0.11487653], dtype=float32), array([-0.10195016, -0.10195016, -0.10195016], dtype=float32), array([-0.08804321, -0.08804321, -0.08804321], dtype=float32), array([-0.07462101, -0.07462101, -0.07462101], dtype=float32), array([-0.06643104, -0.06643104, -0.06643104], dtype=float32), array([-0.05982006, -0.05982006, -0.05982006], dtype=float32), array([-0.05219833, -0.05219833, -0.05219833], dtype=float32), array([-0.04695309, -0.04695309, -0.04695309], dtype=float32), array([-0.04656153, -0.04656153, -0.04656153], dtype=float32), array([-0.05192824, -0.05192824, -0.05192824], dtype=float32), array([-0.05385797, -0.05385797, -0.05385797], dtype=float32), array([-0.05528579, -0.05528579, -0.05528579], dtype=float32), array([-0.06064005, -0.06064005, -0.06064005], dtype=float32), array([-0.06602938, -0.06602938, -0.06602938], dtype=float32), array([-0.07126544, -0.07126544, -0.07126544], dtype=float32), array([-0.08149333, -0.08149333, -0.08149333], dtype=float32), array([-0.09719887, -0.09719887, -0.09719887], dtype=float32), array([-0.11275264, -0.11275264, -0.11275264], dtype=float32), array([-0.13143407, -0.13143407, -0.13143407], dtype=float32), array([-0.1455281, -0.1455281, -0.1455281], dtype=float32)]",1,0,0,0,0,0,55.446969696969695,63.65606060606059,0.00017037855196359004,2000,-2.62,0.00038580252677164207,2000,-2.62,2000,2000,0.33760091599833686,0.0,81158,999.0,0.03670400381088257,0.6590813994407654,-0.1415085643529892,1.0,1.0,0.0013802934991,30969,0.21267132461071014,0.0033550262451171875,0.4722185432910919,0.2404155135154724,91.79315948486328,30969,352.6725673414487,0.0,0.0,23810,999.0,30969,0.0393447157605,30969,1.0,1.0,0.0013802934991,352.6709954822639,0,93000,93000,61938,104968,61938,1059.0855752077555,6229258.991376237,6304029.04794187,2.0,2100,2,0.7837645722890833,0.7,10.5,0.00023052088849649316,8.482218985366299e-05,50,2,0.002306322537770029,50,0.18735210900194943,1.0,0.0003348150057718158,-10.5,100,0.7837645722890833,0.00035248439202062627,0.0007530841150174702,100,100,100,0.7,0.7,100,4.8823252867106137e-05,7.946064154365632e-06,7.072030871066479e-06,2.1001876517312597e-05,3.4343199769929345e-05,5.1128068434411975e-05,3.053624636313845e-05,0.00016393881351722345,2.9986527318074423e-05,1.7419966396242754e-05,2.250222019406928e-05,0.05292628500319552,0.006274194995057769,0.05294955499994103,0.1789320710086031,0.02886783301073592,0.016748117996030487,0.00017597299301996827,31.0,-8.821487426757812e-06,0.4722185730934143,0.21637164,498.0,92.3478775024414,108066,0.6601312160491943,1.0,0.036186061799526215,108066,-0.13772380352020264,31.0,31.0,108066,0.0,108066,498.0,31.0,216132,651000,651000,216132,12785.630600235458,0.00011410214821177643,3.425190216240886e-05,5.397717838134542e-05,1.3527960343409334e-05,1.0658977079743657e-05,0.00011709272801791582,2.8210130950416867e-05,4.7787837369656696e-05,5.708109075491075e-05,4.508108765294443e-05,0.0003366251679062247
1,4000,False,2,d23ef_00000,2025-08-17_20-32-22,1755462742,93.28670573234558,185.11181330680847,685888,intrinsic-attention2,10.156.0.3,185.11181330680847,2,91.63142269732504,1.4947566087357699e-05,91.63119241213586,2.7068477816857923,88.57620677725004,0.002083135686407331,0.00027717900229617953,0.0016404155595228075,1000,2.0,10.5,2.6742609454940247,2000,4000,2,-10.5,1.0,1.0067001111073661,0.0001079839670392111,4.856707804538798e-05,1.0067001111073661,3.36,2000,2,746.5556179585942,2000.0,3000.0,"[array([[0.35193035, 0.2940269 , 0.3540427 ],
       [0.0037402 , 0.9931539 , 0.00310596],
       [0.37008223, 0.25522947, 0.3746883 ]], dtype=float32), array([[0.43303224, 0.16579194, 0.4011758 ],
       [0.00229967, 0.9939726 , 0.0037277 ],
       [0.37900218, 0.25389016, 0.36710763]], dtype=float32), array([[0.24226467, 0.53761446, 0.2201209 ],
       [0.00307023, 0.99539787, 0.00153193],
       [0.31297424, 0.38140586, 0.30561984]], dtype=float32), array([[2.5782138e-01, 4.7830647e-01, 2.6387215e-01],
       [6.9227646e-04, 9.9839801e-01, 9.0962357e-04],
       [2.2650801e-01, 5.3948361e-01, 2.3400831e-01]], dtype=float32), array([[2.4371436e-01, 5.0982577e-01, 2.4645987e-01],
       [7.8371167e-04, 9.9834275e-01, 8.7354507e-04],
       [2.3156355e-01, 5.3391814e-01, 2.3451832e-01]], dtype=float32), array([[2.6334852e-01, 4.6700150e-01, 2.6964995e-01],
       [5.6130631e-04, 9.9867427e-01, 7.6447509e-04],
       [2.2754148e-01, 5.3671265e-01, 2.3574591e-01]], dtype=float32), array([[2.6520416e-01, 4.6265903e-01, 2.7213687e-01],
       [4.6713921e-04, 9.9886632e-01, 6.6659984e-04],
       [2.2381571e-01, 5.4297894e-01, 2.3320532e-01]], dtype=float32), array([[0.4239911 , 0.17918044, 0.39682853],
       [0.00179289, 0.99529296, 0.00291414],
       [0.3689473 , 0.27077556, 0.36027715]], dtype=float32), array([[2.6731536e-01, 4.5892569e-01, 2.7375895e-01],
       [3.7806123e-04, 9.9908698e-01, 5.3502852e-04],
       [2.2669502e-01, 5.3781241e-01, 2.3549254e-01]], dtype=float32), array([[2.4224152e-01, 5.1233542e-01, 2.4542306e-01],
       [3.0325333e-04, 9.9934751e-01, 3.4921023e-04],
       [2.2627921e-01, 5.4395771e-01, 2.2976308e-01]], dtype=float32), array([[4.3690500e-01, 1.5699567e-01, 4.0609938e-01],
       [7.4601505e-04, 9.9800628e-01, 1.2476535e-03],
       [3.8228127e-01, 2.4716385e-01, 3.7055492e-01]], dtype=float32), array([[2.3242165e-01, 5.3048420e-01, 2.3709418e-01],
       [9.1535090e-05, 9.9979395e-01, 1.1454868e-04],
       [2.0724887e-01, 5.8029109e-01, 2.1246004e-01]], dtype=float32), array([[2.1973601e-01, 5.7856840e-01, 2.0169561e-01],
       [2.7756614e-04, 9.9958795e-01, 1.3448243e-04],
       [2.9752091e-01, 4.1349924e-01, 2.8897986e-01]], dtype=float32), array([[1.47670761e-01, 7.21428037e-01, 1.30901232e-01],
       [1.21752026e-04, 9.99816835e-01, 6.13776137e-05],
       [2.12602600e-01, 5.90679169e-01, 1.96718246e-01]], dtype=float32), array([[2.78231472e-01, 4.45357978e-01, 2.76410490e-01],
       [1.27963227e-04, 9.99759138e-01, 1.12914226e-04],
       [2.92668611e-01, 4.16096628e-01, 2.91234672e-01]], dtype=float32), array([[1.9013916e-01, 6.4687103e-01, 1.6298980e-01],
       [2.5872199e-04, 9.9964976e-01, 9.1510025e-05],
       [2.9744375e-01, 4.1753945e-01, 2.8501686e-01]], dtype=float32), array([[5.1678681e-01, 6.5839261e-02, 4.1737393e-01],
       [2.1749049e-04, 9.9926108e-01, 5.2141596e-04],
       [4.3815953e-01, 1.6570510e-01, 3.9613536e-01]], dtype=float32), array([[1.4060789e-01, 7.3447078e-01, 1.2492134e-01],
       [7.1140887e-05, 9.9989295e-01, 3.5919122e-05],
       [2.0434645e-01, 6.0661304e-01, 1.8904045e-01]], dtype=float32), array([[2.0260035e-01, 6.1788845e-01, 1.7951119e-01],
       [2.1812919e-04, 9.9969459e-01, 8.7385204e-05],
       [2.9898351e-01, 4.1227755e-01, 2.8873891e-01]], dtype=float32), array([[1.5707113e-01, 6.9751668e-01, 1.4541219e-01],
       [6.7758861e-05, 9.9989104e-01, 4.1237086e-05],
       [2.0553447e-01, 6.0001266e-01, 1.9445278e-01]], dtype=float32), array([[4.9602535e-01, 8.2399011e-02, 4.2157564e-01],
       [2.3116043e-04, 9.9927527e-01, 4.9352169e-04],
       [4.2713776e-01, 1.7824082e-01, 3.9462137e-01]], dtype=float32), array([[5.0969350e-01, 7.3591858e-02, 4.1671467e-01],
       [2.1399447e-04, 9.9927050e-01, 5.1555113e-04],
       [4.2728400e-01, 1.8179283e-01, 3.9092314e-01]], dtype=float32), array([[1.6019659e-01, 6.9851470e-01, 1.4128873e-01],
       [1.3135064e-04, 9.9980742e-01, 6.1287887e-05],
       [2.3596069e-01, 5.4431504e-01, 2.1972422e-01]], dtype=float32), array([[2.6353714e-01, 4.6732104e-01, 2.6914182e-01],
       [4.3380813e-05, 9.9989390e-01, 6.2743849e-05],
       [2.1998525e-01, 5.5246037e-01, 2.2755437e-01]], dtype=float32), array([[1.7219704e-01, 6.6524881e-01, 1.6255413e-01],
       [7.1204959e-05, 9.9988139e-01, 4.7387650e-05],
       [2.1359473e-01, 5.8174372e-01, 2.0466158e-01]], dtype=float32), array([[2.6849815e-01, 4.5749339e-01, 2.7400836e-01],
       [2.8599734e-05, 9.9992871e-01, 4.2614982e-05],
       [2.2108307e-01, 5.5001789e-01, 2.2889908e-01]], dtype=float32), array([[2.7106133e-01, 4.5242542e-01, 2.7651319e-01],
       [2.1119216e-05, 9.9994683e-01, 3.2093478e-05],
       [2.2111981e-01, 5.4979116e-01, 2.2908904e-01]], dtype=float32), array([[2.2006285e-01, 5.8088779e-01, 1.9904938e-01],
       [1.3431969e-04, 9.9981230e-01, 5.3433680e-05],
       [3.1790221e-01, 3.6906284e-01, 3.1303492e-01]], dtype=float32), array([[4.8988828e-01, 8.8247076e-02, 4.2186469e-01],
       [8.0998740e-05, 9.9973470e-01, 1.8421176e-04],
       [4.1442218e-01, 1.9715570e-01, 3.8842210e-01]], dtype=float32), array([[3.0586007e-01, 3.8912457e-01, 3.0501539e-01],
       [5.5864810e-05, 9.9989414e-01, 4.9921877e-05],
       [3.1862006e-01, 3.6323911e-01, 3.1814077e-01]], dtype=float32), array([[3.0556726e-01, 3.8826200e-01, 3.0617073e-01],
       [3.9141825e-05, 9.9991834e-01, 4.2554639e-05],
       [2.9574072e-01, 4.0773508e-01, 2.9652411e-01]], dtype=float32)]","[array([-0.1595768, -0.1595768, -0.1595768], dtype=float32), array([-0.15716651, -0.15716651, -0.15716651], dtype=float32), array([-0.15660478, -0.15660478, -0.15660478], dtype=float32), array([-0.1511873, -0.1511873, -0.1511873], dtype=float32), array([-0.14250138, -0.14250138, -0.14250138], dtype=float32), array([-0.13043949, -0.13043949, -0.13043949], dtype=float32), array([-0.1120602, -0.1120602, -0.1120602], dtype=float32), array([-0.09494357, -0.09494357, -0.09494357], dtype=float32), array([-0.07160991, -0.07160991, -0.07160991], dtype=float32), array([-0.04209111, -0.04209111, -0.04209111], dtype=float32), array([-0.01066301, -0.01066301, -0.01066301], dtype=float32), array([0.02420119, 0.02420119, 0.02420119], dtype=float32), array([0.05986452, 0.05986452, 0.05986452], dtype=float32), array([0.09702412, 0.09702412, 0.09702412], dtype=float32), array([0.13338687, 0.13338687, 0.13338687], dtype=float32), array([0.17060606, 0.17060606, 0.17060606], dtype=float32), array([0.20974995, 0.20974995, 0.20974995], dtype=float32), array([0.24751274, 0.24751274, 0.24751274], dtype=float32), array([0.2860145, 0.2860145, 0.2860145], dtype=float32), array([0.32360536, 0.32360536, 0.32360536], dtype=float32), array([0.36289325, 0.36289325, 0.36289325], dtype=float32), array([0.39916182, 0.39916182, 0.39916182], dtype=float32), array([0.43649, 0.43649, 0.43649], dtype=float32), array([0.47606787, 0.47606787, 0.47606787], dtype=float32), array([0.5153651, 0.5153651, 0.5153651], dtype=float32), array([0.54892576, 0.54892576, 0.54892576], dtype=float32), array([0.5810617, 0.5810617, 0.5810617], dtype=float32), array([0.61623955, 0.61623955, 0.61623955], dtype=float32), array([0.6471561, 0.6471561, 0.6471561], dtype=float32), array([0.67784303, 0.67784303, 0.67784303], dtype=float32), array([0.7050642, 0.7050642, 0.7050642], dtype=float32)]","[array([-0.1595768, -0.1595768, -0.1595768], dtype=float32), array([-0.15716651, -0.15716651, -0.15716651], dtype=float32), array([-0.15660478, -0.15660478, -0.15660478], dtype=float32), array([-0.1511873, -0.1511873, -0.1511873], dtype=float32), array([-0.14250137, -0.14250137, -0.14250137], dtype=float32), array([-0.13043949, -0.13043949, -0.13043949], dtype=float32), array([-0.1120602, -0.1120602, -0.1120602], dtype=float32), array([-0.09494356, -0.09494356, -0.09494356], dtype=float32), array([-0.07160991, -0.07160991, -0.07160991], dtype=float32), array([-0.04209111, -0.04209111, -0.04209111], dtype=float32), array([-0.01066301, -0.01066301, -0.01066301], dtype=float32), array([0.0242012, 0.0242012, 0.0242012], dtype=float32), array([0.05986452, 0.05986452, 0.05986452], dtype=float32), array([0.09702413, 0.09702413, 0.09702413], dtype=float32), array([0.13338685, 0.13338685, 0.13338685], dtype=float32), array([0.17060606, 0.17060606, 0.17060606], dtype=float32), array([0.20974998, 0.20974998, 0.20974998], dtype=float32), array([0.24751276, 0.24751276, 0.24751276], dtype=float32), array([0.28601453, 0.28601453, 0.28601453], dtype=float32), array([0.32360536, 0.32360536, 0.32360536], dtype=float32), array([0.36289322, 0.36289322, 0.36289322], dtype=float32), array([0.3991618, 0.3991618, 0.3991618], dtype=float32), array([0.43649, 0.43649, 0.43649], dtype=float32), array([0.47606784, 0.47606784, 0.47606784], dtype=float32), array([0.5153651, 0.5153651, 0.5153651], dtype=float32), array([0.5489257, 0.5489257, 0.5489257], dtype=float32), array([0.5810617, 0.5810617, 0.5810617], dtype=float32), array([0.61623955, 0.61623955, 0.61623955], dtype=float32), array([0.6471562, 0.6471562, 0.6471562], dtype=float32), array([0.67784303, 0.67784303, 0.67784303], dtype=float32), array([0.7050641, 0.7050641, 0.7050641], dtype=float32)]",1,0,0,0,0,0,56.55563909774436,64.1406015037594,0.00016703532433577775,4000,3.36,0.00039005588571879176,4000,3.36,2000,2000,0.3375169876782456,0.0,81158,999.0,0.057859569787979126,0.5334482789039612,-0.13394464552402496,1.0,2.0,0.0013802934991,61938,0.2284361720085144,0.004075169563293457,0.4722185432910919,0.3606232702732086,2774.935791015625,30969,352.39830741939755,0.0,0.0,23810,999.0,30969,0.0393447157605,61938,1.0,2.0,0.0013802934991,352.39678725008963,0,93000,186000,61938,104968,123876,1058.261626568629,6225488.47547563,6315620.005447278,2.0,4100,2,0.9573306375970015,3.5,10.5,0.00015961351789992148,6.356604135756674e-05,100,2,0.002120140788756544,50,0.18704432675192947,2.0,0.0003330681256193202,-10.5,100,0.9573306375970015,0.00024151903138773067,0.0005436875406890976,200,100,200,3.5,3.5,100,4.6196796689803426e-05,7.787445674297004e-06,7.0525407818747075e-06,2.1272350574510718e-05,3.4513724182587554e-05,5.130153959737975e-05,3.027843877829446e-05,0.0001659328857589725,3.079409722208281e-05,1.7262295915761213e-05,2.3008206407025478e-05,0.05295631324319402,0.006277641275082714,0.052934725990053264,0.17883161596852007,0.028881925250607312,0.01673026272605057,0.0001758414831419941,62.0,2.0205974578857422e-05,0.4722185730934143,0.22862165,498.0,93.90685272216797,108066,0.5241085886955261,1.0,0.06390303373336792,216132,-0.1301039457321167,61.0,62.0,216132,0.0,108066,498.0,61.0,432264,651000,1302000,216132,12649.723204181997,6.905634954658516e-05,2.7185549701486036e-05,4.559273489642014e-05,1.031028082767e-05,8.886677150479506e-06,7.589708320646869e-05,2.3096739781964495e-05,4.052018547484244e-05,3.5244072345138896e-05,4.0376459399101674e-05,0.00022929129436593553
1,6000,False,3,d23ef_00000,2025-08-17_20-33-58,1755462838,95.98416876792908,281.09598207473755,685888,intrinsic-attention2,10.156.0.3,281.09598207473755,3,91.67275799917182,1.5006920305313542e-05,91.67252572357455,2.710883764588878,88.61370372009748,0.002080988739567692,0.00027717900229617953,0.0016805460998148192,1000,2.0,10.5,2.6783259667590213,2000,6000,2,-10.5,2.0,1.0067001111073661,0.00010782164700519944,4.826937691492084e-05,1.0067001111073661,5.61,3000,2,743.1031872556197,2000.0,3000.0,"[array([[3.0687052e-01, 3.8712665e-01, 3.0600280e-01],
       [6.0611648e-05, 9.9988544e-01, 5.3845968e-05],
       [3.2025933e-01, 3.5993695e-01, 3.1980374e-01]], dtype=float32), array([[3.2562163e-01, 3.4864262e-01, 3.2573572e-01],
       [5.6395384e-05, 9.9988437e-01, 5.9296970e-05],
       [3.1989774e-01, 3.6001062e-01, 3.2009163e-01]], dtype=float32), array([[2.5884232e-01, 4.7528040e-01, 2.6587722e-01],
       [1.8616603e-05, 9.9995124e-01, 3.0104142e-05],
       [2.0248665e-01, 5.8531648e-01, 2.1219680e-01]], dtype=float32), array([[2.1062261e-01, 5.9990585e-01, 1.8947148e-01],
       [1.7538619e-04, 9.9975139e-01, 7.3155505e-05],
       [3.0368090e-01, 4.0105900e-01, 2.9526004e-01]], dtype=float32), array([[3.0494031e-01, 3.8961497e-01, 3.0544472e-01],
       [7.7627796e-05, 9.9983966e-01, 8.2743965e-05],
       [2.9746777e-01, 4.0444741e-01, 2.9808477e-01]], dtype=float32), array([[1.6936219e-01, 6.7365575e-01, 1.5698205e-01],
       [7.7989818e-05, 9.9987566e-01, 4.6364981e-05],
       [2.2217350e-01, 5.6680334e-01, 2.1102317e-01]], dtype=float32), array([[3.0542749e-01, 3.9026904e-01, 3.0430353e-01],
       [1.3748198e-04, 9.9974221e-01, 1.2027217e-04],
       [3.2048944e-01, 3.5957542e-01, 3.1993520e-01]], dtype=float32), array([[1.86948210e-01, 6.34397149e-01, 1.78654611e-01],
       [1.01588885e-04, 9.99826252e-01, 7.22020341e-05],
       [2.22718298e-01, 5.62090576e-01, 2.15191141e-01]], dtype=float32), array([[2.2042495e-01, 5.8013415e-01, 1.9944088e-01],
       [4.2559882e-04, 9.9938369e-01, 1.9078309e-04],
       [3.0516961e-01, 3.9791921e-01, 2.9691118e-01]], dtype=float32), array([[2.2301611e-01, 5.7493740e-01, 2.0204648e-01],
       [5.3858873e-04, 9.9921560e-01, 2.4573022e-04],
       [3.0567634e-01, 3.9685535e-01, 2.9746822e-01]], dtype=float32), array([[2.2832380e-01, 5.6859469e-01, 2.0308149e-01],
       [8.7293424e-04, 9.9877363e-01, 3.5339090e-04],
       [3.2076958e-01, 3.6357951e-01, 3.1565097e-01]], dtype=float32), array([[2.4101229e-01, 5.3752029e-01, 2.2146736e-01],
       [8.0892624e-04, 9.9880922e-01, 3.8189493e-04],
       [3.1932768e-01, 3.6589518e-01, 3.1477711e-01]], dtype=float32), array([[3.0174789e-01, 3.9621189e-01, 3.0204016e-01],
       [3.3135549e-04, 9.9932778e-01, 3.4092754e-04],
       [2.9844099e-01, 4.0279976e-01, 2.9875928e-01]], dtype=float32), array([[1.7923960e-01, 6.5580046e-01, 1.6495994e-01],
       [3.0518984e-04, 9.9951303e-01, 1.8179607e-04],
       [2.3177882e-01, 5.4888493e-01, 2.1933626e-01]], dtype=float32), array([[2.7059659e-01, 4.5368797e-01, 2.7571544e-01],
       [1.6629559e-04, 9.9960572e-01, 2.2799124e-04],
       [2.3332237e-01, 5.2636898e-01, 2.4030869e-01]], dtype=float32), array([[2.6892945e-01, 4.5702559e-01, 2.7404499e-01],
       [1.6586632e-04, 9.9960822e-01, 2.2598426e-04],
       [2.3246334e-01, 5.2819401e-01, 2.3934266e-01]], dtype=float32), array([[3.1263372e-01, 3.7450776e-01, 3.1285852e-01],
       [3.7054936e-04, 9.9924707e-01, 3.8238749e-04],
       [3.0901045e-01, 3.8171899e-01, 3.0927053e-01]], dtype=float32), array([[4.9220636e-01, 9.2315942e-02, 4.1547769e-01],
       [6.0531113e-04, 9.9811316e-01, 1.2815554e-03],
       [4.1720462e-01, 1.9626223e-01, 3.8653314e-01]], dtype=float32), array([[2.4704903e-01, 5.0241649e-01, 2.5053442e-01],
       [9.0517271e-05, 9.9980074e-01, 1.0877477e-04],
       [2.2586729e-01, 5.4431027e-01, 2.2982243e-01]], dtype=float32), array([[2.9819238e-01, 4.0184203e-01, 2.9996556e-01],
       [7.0945418e-05, 9.9984324e-01, 8.5779153e-05],
       [2.7553102e-01, 4.4628450e-01, 2.7818450e-01]], dtype=float32), array([[4.5897168e-01, 1.2455513e-01, 4.1647312e-01],
       [1.0008419e-04, 9.9970108e-01, 1.9876081e-04],
       [3.9125675e-01, 2.3238167e-01, 3.7636164e-01]], dtype=float32), array([[1.8473844e-01, 6.4927202e-01, 1.6598959e-01],
       [6.8118738e-05, 9.9990189e-01, 3.0095825e-05],
       [2.7154309e-01, 4.6927169e-01, 2.5918522e-01]], dtype=float32), array([[2.2756411e-01, 5.3849834e-01, 2.3393761e-01],
       [9.6872163e-06, 9.9997628e-01, 1.4027634e-05],
       [1.8612857e-01, 6.2041610e-01, 1.9345538e-01]], dtype=float32), array([[2.2382042e-01, 5.4594231e-01, 2.3023732e-01],
       [5.9705035e-06, 9.9998534e-01, 8.7420822e-06],
       [1.8141541e-01, 6.2986767e-01, 1.8871692e-01]], dtype=float32), array([[1.2823135e-01, 7.6072586e-01, 1.1104281e-01],
       [1.5852105e-05, 9.9997771e-01, 6.4876981e-06],
       [2.1169373e-01, 5.9353936e-01, 1.9476692e-01]], dtype=float32), array([[1.5622021e-01, 7.0977736e-01, 1.3400242e-01],
       [2.2942771e-05, 9.9996936e-01, 7.7706709e-06],
       [2.6763117e-01, 4.8012981e-01, 2.5223905e-01]], dtype=float32), array([[4.1906685e-01, 1.5774706e-01, 4.2318609e-01],
       [1.0658009e-04, 9.9979621e-01, 9.7254167e-05],
       [4.2535126e-01, 1.4468035e-01, 4.2996836e-01]], dtype=float32), array([[1.5877454e-01, 7.0159763e-01, 1.3962783e-01],
       [2.4723535e-05, 9.9996543e-01, 9.8784549e-06],
       [2.5321689e-01, 5.0837862e-01, 2.3840448e-01]], dtype=float32), array([[3.7940246e-01, 2.3608281e-01, 3.8451472e-01],
       [1.0078101e-04, 9.9982148e-01, 7.7736542e-05],
       [4.0081832e-01, 1.8982165e-01, 4.0936005e-01]], dtype=float32), array([[2.1050508e-01, 5.7502472e-01, 2.1447015e-01],
       [4.7533194e-06, 9.9998927e-01, 5.9682216e-06],
       [1.8555598e-01, 6.2465793e-01, 1.8978611e-01]], dtype=float32), array([[1.5168971e-01, 7.1597975e-01, 1.3233051e-01],
       [2.0988209e-05, 9.9997091e-01, 8.1355411e-06],
       [2.4788235e-01, 5.1987314e-01, 2.3224451e-01]], dtype=float32)]","[array([0.7322658, 0.7322658, 0.7322658], dtype=float32), array([0.7568128, 0.7568128, 0.7568128], dtype=float32), array([0.77663016, 0.77663016, 0.77663016], dtype=float32), array([0.79241383, 0.79241383, 0.79241383], dtype=float32), array([0.8069179, 0.8069179, 0.8069179], dtype=float32), array([0.8214356, 0.8214356, 0.8214356], dtype=float32), array([0.8341847, 0.8341847, 0.8341847], dtype=float32), array([0.84909344, 0.84909344, 0.84909344], dtype=float32), array([0.8634691, 0.8634691, 0.8634691], dtype=float32), array([0.8739293, 0.8739293, 0.8739293], dtype=float32), array([0.8785315, 0.8785315, 0.8785315], dtype=float32), array([0.8813355, 0.8813355, 0.8813355], dtype=float32), array([0.88588077, 0.88588077, 0.88588077], dtype=float32), array([0.8886721, 0.8886721, 0.8886721], dtype=float32), array([0.8893662, 0.8893662, 0.8893662], dtype=float32), array([0.88550955, 0.88550955, 0.88550955], dtype=float32), array([0.8792516, 0.8792516, 0.8792516], dtype=float32), array([0.8724757, 0.8724757, 0.8724757], dtype=float32), array([0.8620971, 0.8620971, 0.8620971], dtype=float32), array([0.85103106, 0.85103106, 0.85103106], dtype=float32), array([0.8342364, 0.8342364, 0.8342364], dtype=float32), array([0.8196259, 0.8196259, 0.8196259], dtype=float32), array([0.801461, 0.801461, 0.801461], dtype=float32), array([0.7836532, 0.7836532, 0.7836532], dtype=float32), array([0.7662486, 0.7662486, 0.7662486], dtype=float32), array([0.75312126, 0.75312126, 0.75312126], dtype=float32), array([0.7354337, 0.7354337, 0.7354337], dtype=float32), array([0.7183876, 0.7183876, 0.7183876], dtype=float32), array([0.69816184, 0.69816184, 0.69816184], dtype=float32), array([0.6812696, 0.6812696, 0.6812696], dtype=float32), array([0.66528314, 0.66528314, 0.66528314], dtype=float32)]","[array([0.73226583, 0.73226583, 0.73226583], dtype=float32), array([0.75681275, 0.75681275, 0.75681275], dtype=float32), array([0.7766301, 0.7766301, 0.7766301], dtype=float32), array([0.7924138, 0.7924138, 0.7924138], dtype=float32), array([0.80691797, 0.80691797, 0.80691797], dtype=float32), array([0.82143563, 0.82143563, 0.82143563], dtype=float32), array([0.8341847, 0.8341847, 0.8341847], dtype=float32), array([0.8490934, 0.8490934, 0.8490934], dtype=float32), array([0.8634692, 0.8634692, 0.8634692], dtype=float32), array([0.87392926, 0.87392926, 0.87392926], dtype=float32), array([0.8785315, 0.8785315, 0.8785315], dtype=float32), array([0.8813356, 0.8813356, 0.8813356], dtype=float32), array([0.88588077, 0.88588077, 0.88588077], dtype=float32), array([0.8886721, 0.8886721, 0.8886721], dtype=float32), array([0.8893662, 0.8893662, 0.8893662], dtype=float32), array([0.88550955, 0.88550955, 0.88550955], dtype=float32), array([0.8792516, 0.8792516, 0.8792516], dtype=float32), array([0.8724757, 0.8724757, 0.8724757], dtype=float32), array([0.862097, 0.862097, 0.862097], dtype=float32), array([0.85103106, 0.85103106, 0.85103106], dtype=float32), array([0.8342364, 0.8342364, 0.8342364], dtype=float32), array([0.8196259, 0.8196259, 0.8196259], dtype=float32), array([0.8014609, 0.8014609, 0.8014609], dtype=float32), array([0.7836532, 0.7836532, 0.7836532], dtype=float32), array([0.76624864, 0.76624864, 0.76624864], dtype=float32), array([0.7531212, 0.7531212, 0.7531212], dtype=float32), array([0.73543364, 0.73543364, 0.73543364], dtype=float32), array([0.71838754, 0.71838754, 0.71838754], dtype=float32), array([0.6981618, 0.6981618, 0.6981618], dtype=float32), array([0.6812696, 0.6812696, 0.6812696], dtype=float32), array([0.66528314, 0.66528314, 0.66528314], dtype=float32)]",1,0,0,0,0,0,56.416058394160586,64.38467153284671,0.00016597042629907125,6000,5.61,0.00038493236655916897,6000,5.61,2000,2000,0.33733601482137454,0.0,81158,999.0,0.03445114195346832,0.39430925250053406,-0.07206069678068161,1.0,3.0,0.0013802934991,92907,0.2890257239341736,-0.0023713111877441406,0.4722185432910919,0.5409349203109741,1398.4534912109375,30969,351.49574354658404,0.0,0.0,23810,999.0,30969,0.0393447157605,92907,1.0,3.0,0.0013802934991,351.4942966196564,0,93000,279000,61938,104968,185814,1055.5508089798889,6216950.515113593,6319641.909112354,2.0,6100,2,0.9957671529634575,6.9,10.5,0.00016790430696734322,6.456384923563496e-05,150,2,0.002191356600233121,50,0.18717137381451468,3.0,0.00033178350447124103,-10.5,100,0.9957671529634575,0.00024808727782977354,0.0005685168634575297,300,100,300,6.9,6.9,100,4.6301335486792964e-05,7.613561090183201e-06,6.909218728052501e-06,2.0682050434611514e-05,3.436560626615775e-05,5.102895390168047e-05,2.9807459457153467e-05,0.00016342293468686882,3.010169643893737e-05,1.7028553789291917e-05,2.2700964297577582e-05,0.05296222486082989,0.006284056642389623,0.05292173518010532,0.17866613527887823,0.028878087918077656,0.016715673848784356,0.0001757684183088713,93.0,-0.0002079010009765625,0.4722185730934143,0.274023,498.0,95.40843963623047,108066,0.3980356752872467,1.0,0.03556821495294571,324198,-0.08033515512943268,91.0,93.0,324198,0.0,108066,498.0,91.0,648396,651000,1953000,216132,12484.879886630932,6.896304539561718e-05,2.852598916596367e-05,5.0510636296486376e-05,1.052133190533383e-05,9.712296142171347e-06,7.724132041420888e-05,2.4913871019585915e-05,4.488577606294891e-05,3.3820971933510614e-05,4.4242820314031384e-05,0.00023294625319146298
1,8000,False,4,d23ef_00000,2025-08-17_20-35-35,1755462935,96.23443913459778,377.3304212093353,685888,intrinsic-attention2,10.156.0.3,377.3304212093353,4,91.71634717240006,1.5040831112011801e-05,91.71611326624884,2.7104094912830456,88.65799153339648,0.002079313592167949,0.00027717900229617953,0.0015931207190442364,1000,2.0,10.5,2.677881631501369,2000,8000,2,-10.5,3.0,1.0067001111073661,0.00010514851677908838,4.709940679706541e-05,1.0067001111073661,8.95,4000,2,738.1819141735913,2000.0,3000.0,"[array([[2.0385157e-01, 5.8852732e-01, 2.0762111e-01],
       [3.6195047e-06, 9.9999189e-01, 4.4945396e-06],
       [1.8044376e-01, 6.3514519e-01, 1.8441103e-01]], dtype=float32), array([[1.0944623e-01, 7.9880375e-01, 9.1749966e-02],
       [9.9360159e-06, 9.9998653e-01, 3.5753387e-06],
       [1.9855107e-01, 6.2203014e-01, 1.7941871e-01]], dtype=float32), array([[1.06389284e-01, 8.04724634e-01, 8.88860449e-02],
       [7.33058505e-06, 9.99990106e-01, 2.56436488e-06],
       [1.97249904e-01, 6.24700546e-01, 1.78049505e-01]], dtype=float32), array([[1.3168536e-01, 7.5507122e-01, 1.1324341e-01],
       [5.8058272e-06, 9.9999213e-01, 2.0488058e-06],
       [2.3355283e-01, 5.4953665e-01, 2.1691053e-01]], dtype=float32), array([[1.24073841e-01, 7.69838393e-01, 1.06087774e-01],
       [3.26008853e-06, 9.99995708e-01, 1.10272595e-06],
       [2.28289530e-01, 5.60348630e-01, 2.11361840e-01]], dtype=float32), array([[1.1637484e-01, 7.8468829e-01, 9.8936923e-02],
       [1.6877864e-06, 9.9999774e-01, 5.4487271e-07],
       [2.2303541e-01, 5.7107115e-01, 2.0589347e-01]], dtype=float32), array([[1.9546115e-01, 6.0159647e-01, 2.0294236e-01],
       [9.5175288e-08, 9.9999976e-01, 1.6334683e-07],
       [1.3998678e-01, 7.1220738e-01, 1.4780590e-01]], dtype=float32), array([[2.3919666e-01, 5.2045035e-01, 2.4035299e-01],
       [1.2018062e-07, 9.9999976e-01, 1.3266711e-07],
       [2.2749227e-01, 5.4378235e-01, 2.2872539e-01]], dtype=float32), array([[8.7277018e-02, 8.3983636e-01, 7.2886683e-02],
       [6.0787301e-08, 9.9999988e-01, 1.6200945e-08],
       [2.0058005e-01, 6.1597323e-01, 1.8344671e-01]], dtype=float32), array([[7.3969826e-02, 8.6528826e-01, 6.0741913e-02],
       [1.0755743e-08, 1.0000000e+00, 2.4733937e-09],
       [1.9285724e-01, 6.3177359e-01, 1.7536910e-01]], dtype=float32), array([[2.2512257e-01, 5.4842824e-01, 2.2644921e-01],
       [5.1718335e-10, 1.0000000e+00, 5.9555716e-10],
       [2.0852189e-01, 5.8154011e-01, 2.0993796e-01]], dtype=float32), array([[5.7333285e-01, 1.1825918e-02, 4.1484118e-01],
       [9.7057185e-10, 1.0000000e+00, 5.4756075e-09],
       [4.9516881e-01, 7.9636432e-02, 4.2519477e-01]], dtype=float32), array([[5.1250543e-02, 9.1039008e-01, 3.8359359e-02],
       [4.5452928e-10, 1.0000000e+00, 5.2093229e-11],
       [2.1625416e-01, 5.8822066e-01, 1.9552524e-01]], dtype=float32), array([[1.9981317e-01, 5.9450907e-01, 2.0567781e-01],
       [5.9325734e-12, 1.0000000e+00, 1.1778746e-11],
       [1.2843022e-01, 7.3704582e-01, 1.3452394e-01]], dtype=float32), array([[3.7483640e-02, 9.3313819e-01, 2.9378138e-02],
       [1.9686223e-11, 1.0000000e+00, 3.0388942e-12],
       [1.4728361e-01, 7.2215337e-01, 1.3056298e-01]], dtype=float32), array([[3.0773768e-02, 9.4566315e-01, 2.3563119e-02],
       [3.2661330e-12, 1.0000000e+00, 4.1567804e-13],
       [1.4309511e-01, 7.3089004e-01, 1.2601487e-01]], dtype=float32), array([[3.2887846e-02, 9.4324839e-01, 2.3863722e-02],
       [1.8655071e-12, 1.0000000e+00, 1.4121278e-13],
       [2.0439078e-01, 6.1154270e-01, 1.8406652e-01]], dtype=float32), array([[2.2860858e-01, 5.4043502e-01, 2.3095639e-01],
       [2.5010161e-14, 1.0000000e+00, 3.6278892e-14],
       [1.8487972e-01, 6.2753773e-01, 1.8758260e-01]], dtype=float32), array([[2.24342734e-01, 5.45450687e-01, 2.30206653e-01],
       [4.03182018e-16, 1.00000000e+00, 1.12874361e-15],
       [1.15077004e-01, 7.63345420e-01, 1.21577628e-01]], dtype=float32), array([[2.1462968e-01, 5.6405956e-01, 2.2131079e-01],
       [1.3053694e-17, 1.0000000e+00, 4.4810690e-17],
       [9.2417255e-02, 8.0858237e-01, 9.9000372e-02]], dtype=float32), array([[2.1728842e-01, 5.5824584e-01, 2.2446577e-01],
       [5.0420799e-19, 1.0000000e+00, 2.1517460e-18],
       [7.8751318e-02, 8.3582294e-01, 8.5425861e-02]], dtype=float32), array([[9.8624416e-03, 9.8298591e-01, 7.1517155e-03],
       [6.8548193e-18, 1.0000000e+00, 4.3382123e-19],
       [9.4711155e-02, 8.2385731e-01, 8.1431516e-02]], dtype=float32), array([[9.3417959e-03, 9.8384708e-01, 6.8110819e-03],
       [1.4074024e-18, 1.0000000e+00, 8.6555488e-20],
       [9.3059160e-02, 8.2669866e-01, 8.0242231e-02]], dtype=float32), array([[2.4395929e-01, 5.0586438e-01, 2.5017634e-01],
       [2.2821553e-20, 1.0000000e+00, 1.0867181e-19],
       [8.5398562e-02, 8.2226133e-01, 9.2340037e-02]], dtype=float32), array([[1.22887203e-02, 9.78532612e-01, 9.17860027e-03],
       [1.24565811e-18, 1.00000000e+00, 7.97684644e-20],
       [1.14852123e-01, 7.84100056e-01, 1.01047814e-01]], dtype=float32), array([[1.2298443e-02, 9.7861314e-01, 9.0884715e-03],
       [8.1172557e-19, 1.0000000e+00, 4.5623719e-20],
       [1.2602326e-01, 7.6269740e-01, 1.1127933e-01]], dtype=float32), array([[2.6382856e-02, 9.5267510e-01, 2.0942124e-02],
       [1.7211127e-18, 1.0000000e+00, 1.2356856e-19],
       [1.9257942e-01, 6.2897331e-01, 1.7844734e-01]], dtype=float32), array([[1.7333550e-02, 9.6959573e-01, 1.3070662e-02],
       [3.6460566e-18, 1.0000000e+00, 2.1809659e-19],
       [1.5777686e-01, 7.0010418e-01, 1.4211899e-01]], dtype=float32), array([[4.2583697e-02, 9.2158729e-01, 3.5828948e-02],
       [4.3353198e-18, 1.0000000e+00, 4.5884324e-19],
       [2.1424016e-01, 5.8323985e-01, 2.0252006e-01]], dtype=float32), array([[2.3408504e-02, 9.5857185e-01, 1.8019702e-02],
       [2.7892772e-17, 1.0000000e+00, 1.9001410e-18],
       [1.8059975e-01, 6.5446681e-01, 1.6493344e-01]], dtype=float32), array([[4.0625310e-01, 1.9881965e-01, 3.9492726e-01],
       [3.9317392e-18, 1.0000000e+00, 1.9199458e-17],
       [2.2248912e-01, 5.4696041e-01, 2.3055050e-01]], dtype=float32)]","[array([0.649712, 0.649712, 0.649712], dtype=float32), array([0.6286249, 0.6286249, 0.6286249], dtype=float32), array([0.61136675, 0.61136675, 0.61136675], dtype=float32), array([0.59136206, 0.59136206, 0.59136206], dtype=float32), array([0.5726881, 0.5726881, 0.5726881], dtype=float32), array([0.5534762, 0.5534762, 0.5534762], dtype=float32), array([0.5360861, 0.5360861, 0.5360861], dtype=float32), array([0.52934253, 0.52934253, 0.52934253], dtype=float32), array([0.51813805, 0.51813805, 0.51813805], dtype=float32), array([0.5035859, 0.5035859, 0.5035859], dtype=float32), array([0.4881319, 0.4881319, 0.4881319], dtype=float32), array([0.4712611, 0.4712611, 0.4712611], dtype=float32), array([0.4575071, 0.4575071, 0.4575071], dtype=float32), array([0.43940622, 0.43940622, 0.43940622], dtype=float32), array([0.42103258, 0.42103258, 0.42103258], dtype=float32), array([0.40578735, 0.40578735, 0.40578735], dtype=float32), array([0.38995945, 0.38995945, 0.38995945], dtype=float32), array([0.37269872, 0.37269872, 0.37269872], dtype=float32), array([0.35439238, 0.35439238, 0.35439238], dtype=float32), array([0.33789712, 0.33789712, 0.33789712], dtype=float32), array([0.32345757, 0.32345757, 0.32345757], dtype=float32), array([0.30573034, 0.30573034, 0.30573034], dtype=float32), array([0.29006955, 0.29006955, 0.29006955], dtype=float32), array([0.26613516, 0.26613516, 0.26613516], dtype=float32), array([0.24449588, 0.24449588, 0.24449588], dtype=float32), array([0.22117823, 0.22117823, 0.22117823], dtype=float32), array([0.20078065, 0.20078065, 0.20078065], dtype=float32), array([0.18526547, 0.18526547, 0.18526547], dtype=float32), array([0.17770647, 0.17770647, 0.17770647], dtype=float32), array([0.16576244, 0.16576244, 0.16576244], dtype=float32), array([0.15159531, 0.15159531, 0.15159531], dtype=float32)]","[array([0.649712, 0.649712, 0.649712], dtype=float32), array([0.628625, 0.628625, 0.628625], dtype=float32), array([0.6113667, 0.6113667, 0.6113667], dtype=float32), array([0.5913623, 0.5913623, 0.5913623], dtype=float32), array([0.57268804, 0.57268804, 0.57268804], dtype=float32), array([0.5534763, 0.5534763, 0.5534763], dtype=float32), array([0.536086, 0.536086, 0.536086], dtype=float32), array([0.5293424, 0.5293424, 0.5293424], dtype=float32), array([0.5181382, 0.5181382, 0.5181382], dtype=float32), array([0.5035859, 0.5035859, 0.5035859], dtype=float32), array([0.4881318, 0.4881318, 0.4881318], dtype=float32), array([0.4712612, 0.4712612, 0.4712612], dtype=float32), array([0.45750707, 0.45750707, 0.45750707], dtype=float32), array([0.4394062, 0.4394062, 0.4394062], dtype=float32), array([0.42103264, 0.42103264, 0.42103264], dtype=float32), array([0.40578726, 0.40578726, 0.40578726], dtype=float32), array([0.38995954, 0.38995954, 0.38995954], dtype=float32), array([0.37269875, 0.37269875, 0.37269875], dtype=float32), array([0.35439232, 0.35439232, 0.35439232], dtype=float32), array([0.3378971, 0.3378971, 0.3378971], dtype=float32), array([0.3234576, 0.3234576, 0.3234576], dtype=float32), array([0.3057303, 0.3057303, 0.3057303], dtype=float32), array([0.29006952, 0.29006952, 0.29006952], dtype=float32), array([0.2661352, 0.2661352, 0.2661352], dtype=float32), array([0.24449587, 0.24449587, 0.24449587], dtype=float32), array([0.2211782, 0.2211782, 0.2211782], dtype=float32), array([0.20078066, 0.20078066, 0.20078066], dtype=float32), array([0.18526544, 0.18526544, 0.18526544], dtype=float32), array([0.17770648, 0.17770648, 0.17770648], dtype=float32), array([0.16576244, 0.16576244, 0.16576244], dtype=float32), array([0.15159531, 0.15159531, 0.15159531], dtype=float32)]",1,0,0,0,0,0,56.31970802919708,64.42992700729927,0.00016275233088940523,8000,8.95,0.0003754681271024419,8000,8.95,2000,2000,0.3371274619131156,0.0,81158,999.0,0.006480940151959658,0.3411600887775421,-0.04392917454242706,1.0,4.0,0.0013802934991,123876,0.3083125352859497,0.0018031597137451172,0.4722185432910919,0.27046746015548706,574.5302124023438,30969,350.4537892306196,0.0,0.0,23810,999.0,30969,0.0393447157605,123876,1.0,4.0,0.0013802934991,350.45241102264464,0,93000,372000,61938,104968,247752,1052.4214226294614,6210351.758910467,6326117.728844885,2.0,8100,2,1.0042789879865917,8.3,10.5,0.0001576969027242746,6.381848365965022e-05,200,2,0.0023655350506305694,50,0.18715353130649287,4.0,0.000330389679420201,-10.5,100,1.0042789879865917,0.00023768067917881097,0.0005437478239928563,400,100,400,8.3,8.3,100,4.51193081110176e-05,7.6151827485699575e-06,6.8412394051171145e-06,2.0310412762279668e-05,3.3368200043264454e-05,4.9091722878563433e-05,2.9324708677994667e-05,0.00015982930076363904,2.9529004140131253e-05,1.665047107401343e-05,2.1929287821165393e-05,0.052968813342136774,0.006287959795910224,0.05286608360827988,0.17850855749609504,0.028873991088881088,0.016710856230293853,0.0001757450540836871,124.0,-0.0001747608184814453,0.4722185730934143,0.31111208,498.0,92.94646453857422,108066,0.32585179805755615,1.0,0.008378884755074978,432264,-0.038987934589385986,121.0,124.0,432264,0.0,108066,498.0,121.0,864528,651000,2604000,216132,12312.923336271284,6.522603085670889e-05,2.832575063910005e-05,4.8608599114870425e-05,1.0334693306816982e-05,9.326402416460164e-06,7.28087262385346e-05,2.4587500367829798e-05,4.354154097014432e-05,3.224084358360806e-05,4.296159218724859e-05,0.00022281034240927638
1,10000,False,5,d23ef_00000,2025-08-17_20-37-08,1755463028,93.11234021186829,470.4427614212036,685888,intrinsic-attention2,10.156.0.3,470.4427614212036,5,91.72825829493608,1.5012472769814194e-05,91.72802321929638,2.7102623608502654,88.67014527655246,0.0020789161962398157,0.00027717900229617953,0.0016247056594875175,1000,2.0,10.5,2.67776333066639,2000,10000,2,-10.5,4.0,1.0067001111073661,0.00010658529351462845,4.713587822343889e-05,1.0067001111073661,8.99,5000,2,731.9469217336898,2000.0,3000.0,"[array([[3.4397313e-01, 3.1308475e-01, 3.4294215e-01],
       [1.4824481e-17, 1.0000000e+00, 5.1036607e-17],
       [1.9304274e-01, 6.0673136e-01, 2.0022596e-01]], dtype=float32), array([[6.9308758e-02, 8.7128770e-01, 5.9403516e-02],
       [3.5056750e-15, 1.0000000e+00, 4.6145587e-16],
       [2.5697795e-01, 4.9613976e-01, 2.4688230e-01]], dtype=float32), array([[4.4635442e-01, 1.3411526e-01, 4.1953030e-01],
       [1.3808570e-15, 1.0000000e+00, 8.0554239e-15],
       [2.5657192e-01, 4.7848067e-01, 2.6494750e-01]], dtype=float32), array([[8.8976718e-02, 8.3320850e-01, 7.7814870e-02],
       [2.8466411e-13, 1.0000000e+00, 5.0414774e-14],
       [2.5915328e-01, 4.9144286e-01, 2.4940385e-01]], dtype=float32), array([[1.15488574e-01, 7.92517781e-01, 9.19937193e-02],
       [2.26378395e-11, 1.00000000e+00, 1.25233461e-12],
       [3.89401227e-01, 1.85581133e-01, 4.25017685e-01]], dtype=float32), array([[1.2068480e-01, 7.7114570e-01, 1.0816942e-01],
       [7.1225786e-12, 1.0000000e+00, 1.5653213e-12],
       [2.8243896e-01, 4.4250968e-01, 2.7505139e-01]], dtype=float32), array([[1.4081018e-01, 7.3136955e-01, 1.2782021e-01],
       [2.4421101e-11, 1.0000000e+00, 5.8118488e-12],
       [2.9906616e-01, 4.0724331e-01, 2.9369053e-01]], dtype=float32), array([[1.5379946e-01, 7.1907467e-01, 1.2712589e-01],
       [6.8427769e-10, 1.0000000e+00, 5.0513607e-11],
       [3.9503163e-01, 1.6494851e-01, 4.4001991e-01]], dtype=float32), array([[4.5837009e-01, 1.1905832e-01, 4.2257163e-01],
       [8.2561440e-12, 1.0000000e+00, 3.8489316e-11],
       [3.0029488e-01, 3.9443001e-01, 3.0527511e-01]], dtype=float32), array([[4.0458363e-01, 2.0493589e-01, 3.9048052e-01],
       [1.9750196e-11, 1.0000000e+00, 7.1443657e-11],
       [2.5429058e-01, 4.8277137e-01, 2.6293808e-01]], dtype=float32), array([[1.7909792e-01, 6.5465117e-01, 1.6625085e-01],
       [7.9599255e-10, 1.0000000e+00, 2.3898847e-10],
       [3.1518957e-01, 3.7263697e-01, 3.1217355e-01]], dtype=float32), array([[1.9400407e-01, 6.2448609e-01, 1.8150979e-01],
       [1.9494781e-09, 1.0000000e+00, 6.2220945e-10],
       [3.2333329e-01, 3.5505185e-01, 3.2161492e-01]], dtype=float32), array([[1.9999184e-01, 6.1222821e-01, 1.8777996e-01],
       [4.2845940e-09, 1.0000000e+00, 1.4476684e-09],
       [3.2298020e-01, 3.5579476e-01, 3.2122502e-01]], dtype=float32), array([[1.8090457e-01, 6.7416853e-01, 1.4492695e-01],
       [1.4376346e-07, 9.9999988e-01, 1.0099865e-08],
       [3.9459282e-01, 1.2895428e-01, 4.7645295e-01]], dtype=float32), array([[2.3677815e-01, 5.3689629e-01, 2.2632551e-01],
       [1.9411123e-08, 1.0000000e+00, 7.2903146e-09],
       [3.4514472e-01, 3.0750564e-01, 3.4734964e-01]], dtype=float32), array([[4.3857485e-01, 1.6535296e-01, 3.9607218e-01],
       [5.2900384e-10, 1.0000000e+00, 4.9300892e-09],
       [1.6547264e-01, 6.4381254e-01, 1.9071485e-01]], dtype=float32), array([[4.2468357e-01, 1.6852029e-01, 4.0679610e-01],
       [1.4604210e-08, 1.0000000e+00, 3.3828073e-08],
       [3.3810663e-01, 3.2443580e-01, 3.3745757e-01]], dtype=float32), array([[2.8739741e-01, 4.4218841e-01, 2.7041417e-01],
       [2.6669047e-06, 9.9999690e-01, 4.3453394e-07],
       [4.0452498e-01, 1.0778027e-01, 4.8769468e-01]], dtype=float32), array([[4.8051390e-01, 9.7728744e-02, 4.2175740e-01],
       [7.0963104e-08, 9.9999964e-01, 2.7319646e-07],
       [3.4688899e-01, 3.0945122e-01, 3.4365988e-01]], dtype=float32), array([[3.7970439e-01, 2.2560710e-01, 3.9468852e-01],
       [6.2873369e-06, 9.9999106e-01, 2.5808274e-06],
       [4.2581517e-01, 9.9910632e-02, 4.7427413e-01]], dtype=float32), array([[2.7903414e-01, 4.4859836e-01, 2.7236751e-01],
       [3.2708090e-06, 9.9999511e-01, 1.7190184e-06],
       [3.4806848e-01, 3.0129546e-01, 3.5063609e-01]], dtype=float32), array([[2.6604933e-01, 4.8424098e-01, 2.4970973e-01],
       [2.1031659e-05, 9.9997234e-01, 6.7280225e-06],
       [3.7422574e-01, 2.3215273e-01, 3.9362153e-01]], dtype=float32), array([[2.85760403e-01, 4.57576156e-01, 2.56663412e-01],
       [2.74107326e-04, 9.99683738e-01, 4.22117955e-05],
       [3.82047474e-01, 1.04888946e-01, 5.13063490e-01]], dtype=float32), array([[3.0242443e-01, 3.9917132e-01, 2.9840425e-01],
       [4.1648345e-05, 9.9993277e-01, 2.5609444e-05],
       [3.5310692e-01, 2.9044443e-01, 3.5644859e-01]], dtype=float32), array([[3.9231271e-01, 2.1440083e-01, 3.9328644e-01],
       [9.7233264e-05, 9.9980921e-01, 9.3616822e-05],
       [3.9564413e-01, 2.0766398e-01, 3.9669186e-01]], dtype=float32), array([[3.5938025e-01, 2.7691370e-01, 3.6370605e-01],
       [2.7265894e-04, 9.9954033e-01, 1.8707862e-04],
       [3.9175016e-01, 2.0464806e-01, 4.0360174e-01]], dtype=float32), array([[3.1981900e-01, 3.6214516e-01, 3.1803584e-01],
       [2.9393897e-04, 9.9950218e-01, 2.0388831e-04],
       [3.5707733e-01, 2.8203556e-01, 3.6088708e-01]], dtype=float32), array([[3.1535527e-01, 3.7630871e-01, 3.0833608e-01],
       [1.4024833e-03, 9.9798989e-01, 6.0754403e-04],
       [3.8266346e-01, 2.0230988e-01, 4.1502672e-01]], dtype=float32), array([[4.5115575e-01, 1.2849587e-01, 4.2034838e-01],
       [7.3265971e-04, 9.9816728e-01, 1.1000570e-03],
       [4.1389525e-01, 1.8996923e-01, 3.9613551e-01]], dtype=float32), array([[0.45087478, 0.12939048, 0.4197347 ],
       [0.00121906, 0.9969903 , 0.00179063],
       [0.41521424, 0.18800946, 0.39677635]], dtype=float32), array([[4.8259506e-01, 1.1516048e-01, 4.0224454e-01],
       [6.8275537e-04, 9.9759334e-01, 1.7238600e-03],
       [3.7279466e-01, 2.6947591e-01, 3.5772946e-01]], dtype=float32)]","[array([0.14014828, 0.14014828, 0.14014828], dtype=float32), array([0.12463453, 0.12463453, 0.12463453], dtype=float32), array([0.10717697, 0.10717697, 0.10717697], dtype=float32), array([0.08589836, 0.08589836, 0.08589836], dtype=float32), array([0.06693554, 0.06693554, 0.06693554], dtype=float32), array([0.04918052, 0.04918052, 0.04918052], dtype=float32), array([0.03025956, 0.03025956, 0.03025956], dtype=float32), array([0.01036193, 0.01036193, 0.01036193], dtype=float32), array([-0.01209208, -0.01209208, -0.01209208], dtype=float32), array([-0.0378873, -0.0378873, -0.0378873], dtype=float32), array([-0.06387001, -0.06387001, -0.06387001], dtype=float32), array([-0.09207261, -0.09207261, -0.09207261], dtype=float32), array([-0.12433851, -0.12433851, -0.12433851], dtype=float32), array([-0.1520685, -0.1520685, -0.1520685], dtype=float32), array([-0.17463358, -0.17463358, -0.17463358], dtype=float32), array([-0.19844039, -0.19844039, -0.19844039], dtype=float32), array([-0.22090796, -0.22090796, -0.22090796], dtype=float32), array([-0.24259742, -0.24259742, -0.24259742], dtype=float32), array([-0.26457477, -0.26457477, -0.26457477], dtype=float32), array([-0.2893986, -0.2893986, -0.2893986], dtype=float32), array([-0.3169276, -0.3169276, -0.3169276], dtype=float32), array([-0.34349835, -0.34349835, -0.34349835], dtype=float32), array([-0.37014616, -0.37014616, -0.37014616], dtype=float32), array([-0.39152616, -0.39152616, -0.39152616], dtype=float32), array([-0.41086334, -0.41086334, -0.41086334], dtype=float32), array([-0.43060583, -0.43060583, -0.43060583], dtype=float32), array([-0.44446468, -0.44446468, -0.44446468], dtype=float32), array([-0.46326396, -0.46326396, -0.46326396], dtype=float32), array([-0.48521563, -0.48521563, -0.48521563], dtype=float32), array([-0.50761896, -0.50761896, -0.50761896], dtype=float32), array([-0.5305944, -0.5305944, -0.5305944], dtype=float32)]","[array([0.14014828, 0.14014828, 0.14014828], dtype=float32), array([0.12463456, 0.12463456, 0.12463456], dtype=float32), array([0.10717695, 0.10717695, 0.10717695], dtype=float32), array([0.08589836, 0.08589836, 0.08589836], dtype=float32), array([0.06693555, 0.06693555, 0.06693555], dtype=float32), array([0.04918052, 0.04918052, 0.04918052], dtype=float32), array([0.03025956, 0.03025956, 0.03025956], dtype=float32), array([0.01036193, 0.01036193, 0.01036193], dtype=float32), array([-0.01209208, -0.01209208, -0.01209208], dtype=float32), array([-0.0378873, -0.0378873, -0.0378873], dtype=float32), array([-0.06387001, -0.06387001, -0.06387001], dtype=float32), array([-0.09207261, -0.09207261, -0.09207261], dtype=float32), array([-0.12433851, -0.12433851, -0.12433851], dtype=float32), array([-0.1520685, -0.1520685, -0.1520685], dtype=float32), array([-0.17463358, -0.17463358, -0.17463358], dtype=float32), array([-0.19844042, -0.19844042, -0.19844042], dtype=float32), array([-0.220908, -0.220908, -0.220908], dtype=float32), array([-0.24259746, -0.24259746, -0.24259746], dtype=float32), array([-0.26457477, -0.26457477, -0.26457477], dtype=float32), array([-0.28939858, -0.28939858, -0.28939858], dtype=float32), array([-0.31692764, -0.31692764, -0.31692764], dtype=float32), array([-0.34349838, -0.34349838, -0.34349838], dtype=float32), array([-0.37014613, -0.37014613, -0.37014613], dtype=float32), array([-0.39152616, -0.39152616, -0.39152616], dtype=float32), array([-0.41086328, -0.41086328, -0.41086328], dtype=float32), array([-0.43060574, -0.43060574, -0.43060574], dtype=float32), array([-0.44446468, -0.44446468, -0.44446468], dtype=float32), array([-0.46326396, -0.46326396, -0.46326396], dtype=float32), array([-0.48521554, -0.48521554, -0.48521554], dtype=float32), array([-0.507619, -0.507619, -0.507619], dtype=float32), array([-0.53059447, -0.53059447, -0.53059447], dtype=float32)]",1,0,0,0,0,0,56.25488721804511,64.48872180451127,0.00016432290010332646,10000,8.99,0.0003816401754505119,10000,8.99,2000,2000,0.33704829670394276,0.0,81158,999.0,0.0037033543922007084,0.30773085355758667,-0.02766714245080948,1.0,5.0,0.0013802934991,154845,0.32211655378341675,-0.002073049545288086,0.4722185432910919,0.13523373007774353,546.5950317382812,30969,349.8781236031615,0.0,0.0,23810,999.0,30969,0.0393447157605,154845,1.0,5.0,0.0013802934991,349.87681866278047,0,93000,465000,61938,104968,309690,1050.6922907948895,6193729.315414013,6319982.785430568,2.0,10100,2,1.006163949065147,9.3,10.5,0.0001572132879445683,6.542340817407587e-05,250,2,0.0022854752097919116,50,0.18714338398349378,5.0,0.0003293798225035962,-10.5,100,1.006163949065147,0.00023326304308910392,0.0005333245615787739,500,100,500,9.3,9.3,100,4.558748052184356e-05,7.522970405943806e-06,7.001167412386574e-06,2.0474750590517224e-05,3.3632270127636364e-05,5.010572933480019e-05,2.965278776611499e-05,0.0001634505713628188,2.9325380877923098e-05,1.712238797544547e-05,2.247060534461268e-05,0.052997738708749374,0.006292741467955586,0.05283357676214937,0.1783928864811536,0.028906223848007458,0.0167098952679481,0.0001757263234178432,155.0,0.0005711913108825684,0.4722185730934143,0.31763634,498.0,87.46338653564453,108066,0.3143225610256195,1.0,0.002944166073575616,540330,-0.03160853311419487,151.0,155.0,540330,0.0,108066,498.0,151.0,1080660,651000,3255000,216132,12158.291654881243,6.292267972380425e-05,2.7697969132002414e-05,4.8136710575863674e-05,1.0248194754825391e-05,9.180635996623681e-06,7.117119300600282e-05,2.426795805853905e-05,4.301891586863352e-05,3.190180600047052e-05,4.2329375078620175e-05,0.00021711935910994284
1,12000,False,6,d23ef_00000,2025-08-17_20-38-46,1755463126,98.17889761924744,568.621659040451,685888,intrinsic-attention2,10.156.0.3,568.621659040451,6,91.79069925429668,1.4991348005751631e-05,91.79046279680345,2.7105018121517377,88.73225678354704,0.002077187584243943,0.00027717900229617953,0.0016080250196682756,1000,2.0,10.5,2.678033833979868,2000,12000,2,-10.5,5.0,1.0067001111073661,0.00010928700353032807,4.8014122436211856e-05,1.0067001111073661,9.67,6000,2,724.5436139279698,2000.0,3000.0,"[array([[0.40782952, 0.20145628, 0.39071414],
       [0.003006  , 0.99271727, 0.00427668],
       [0.36833668, 0.27019918, 0.36146408]], dtype=float32), array([[0.47909132, 0.12669621, 0.3942125 ],
       [0.00449169, 0.98560774, 0.00990054],
       [0.37606418, 0.26640594, 0.35752988]], dtype=float32), array([[0.43438244, 0.19339855, 0.37221903],
       [0.00356602, 0.9860054 , 0.01042843],
       [0.27757847, 0.4217696 , 0.30065197]], dtype=float32), array([[0.39130667, 0.21092343, 0.39776993],
       [0.0568184 , 0.89036024, 0.05282132],
       [0.3981068 , 0.19625142, 0.4056418 ]], dtype=float32), array([[0.3776648 , 0.23252772, 0.38980746],
       [0.09078024, 0.8306493 , 0.07857034],
       [0.3905689 , 0.201646  , 0.4077851 ]], dtype=float32), array([[0.35689533, 0.28466573, 0.35843894],
       [0.07876698, 0.84595525, 0.07527778],
       [0.36175808, 0.27457488, 0.363667  ]], dtype=float32), array([[0.37262666, 0.24047014, 0.38690317],
       [0.15256   , 0.7138069 , 0.1336331 ],
       [0.3849115 , 0.20955266, 0.40553576]], dtype=float32), array([[0.39187118, 0.21400222, 0.39412665],
       [0.17397597, 0.6542204 , 0.1718035 ],
       [0.39337116, 0.21092485, 0.395704  ]], dtype=float32), array([[0.39127073, 0.21665427, 0.392075  ],
       [0.2055347 , 0.5896818 , 0.20478356],
       [0.39175135, 0.2156843 , 0.3925644 ]], dtype=float32), array([[0.4577699 , 0.17919302, 0.3630371 ],
       [0.13674292, 0.66135997, 0.20189711],
       [0.3768545 , 0.27464327, 0.3485022 ]], dtype=float32), array([[0.33755443, 0.26786762, 0.39457795],
       [0.32104793, 0.40407375, 0.27487832],
       [0.3307341 , 0.192237  , 0.47702888]], dtype=float32), array([[0.3589584 , 0.28301492, 0.35802662],
       [0.21971293, 0.5583221 , 0.22196491],
       [0.35763696, 0.28560457, 0.35675853]], dtype=float32), array([[0.3877061 , 0.22793253, 0.38436133],
       [0.27218184, 0.45336172, 0.27445647],
       [0.38615707, 0.23091115, 0.38293174]], dtype=float32), array([[0.4096744 , 0.21020685, 0.38011873],
       [0.27596056, 0.43371618, 0.29032323],
       [0.39638302, 0.23060961, 0.37300736]], dtype=float32), array([[0.4470622 , 0.20311485, 0.34982294],
       [0.21640737, 0.50240815, 0.28118455],
       [0.37445664, 0.28249735, 0.34304604]], dtype=float32), array([[0.35762683, 0.28729358, 0.3550796 ],
       [0.26807356, 0.45910347, 0.27282304],
       [0.35497376, 0.29229644, 0.3527298 ]], dtype=float32), array([[0.4426749 , 0.21231464, 0.3450105 ],
       [0.24118826, 0.45882493, 0.29998687],
       [0.37331444, 0.28573835, 0.34094718]], dtype=float32), array([[0.36813852, 0.27773347, 0.35412806],
       [0.2836376 , 0.4172432 , 0.2991191 ],
       [0.35697973, 0.29525128, 0.34776893]], dtype=float32), array([[0.37828684, 0.25273588, 0.36897734],
       [0.32516262, 0.34829143, 0.32654598],
       [0.37523076, 0.25811267, 0.3666565 ]], dtype=float32), array([[0.433105  , 0.23068728, 0.33620766],
       [0.2806547 , 0.39677316, 0.32257217],
       [0.3707039 , 0.29234636, 0.33694974]], dtype=float32), array([[0.33864877, 0.29879332, 0.36255786],
       [0.33401334, 0.3294738 , 0.33651295],
       [0.3404913 , 0.28270763, 0.37680107]], dtype=float32), array([[0.35963303, 0.2940317 , 0.34633526],
       [0.31740248, 0.35797176, 0.32462573],
       [0.35183665, 0.3055    , 0.34266332]], dtype=float32), array([[0.3354194 , 0.3047022 , 0.35987848],
       [0.33420414, 0.3236039 , 0.342192  ],
       [0.33588105, 0.29118115, 0.3729379 ]], dtype=float32), array([[0.41027626, 0.25801405, 0.33170965],
       [0.31335995, 0.35488784, 0.33175227],
       [0.36518696, 0.300726  , 0.33408704]], dtype=float32), array([[0.3693468 , 0.27506986, 0.3555833 ],
       [0.34271416, 0.31787792, 0.33940792],
       [0.3659838 , 0.28038415, 0.3536321 ]], dtype=float32), array([[0.3069709 , 0.32010245, 0.3729266 ],
       [0.29944757, 0.31600875, 0.3845437 ],
       [0.27215007, 0.29998463, 0.42786533]], dtype=float32), array([[0.32987678, 0.31315577, 0.3569674 ],
       [0.33152476, 0.32206607, 0.34640914],
       [0.32703173, 0.2997748 , 0.37319347]], dtype=float32), array([[0.3318756 , 0.31106338, 0.35706106],
       [0.33263537, 0.32063663, 0.346728  ],
       [0.33078268, 0.30037907, 0.36883822]], dtype=float32), array([[0.40692428, 0.26792857, 0.32514715],
       [0.32718074, 0.3392262 , 0.33359307],
       [0.3635148 , 0.3054151 , 0.33107013]], dtype=float32), array([[0.30151245, 0.33204794, 0.36643958],
       [0.27862188, 0.32973334, 0.39164478],
       [0.25610757, 0.32621053, 0.417682  ]], dtype=float32), array([[0.40436348, 0.27505624, 0.3205802 ],
       [0.33552048, 0.33142978, 0.33304968],
       [0.3623882 , 0.3086376 , 0.32897422]], dtype=float32)]","[array([-0.55742973, -0.55742973, -0.55742973], dtype=float32), array([-0.57822806, -0.57822806, -0.57822806], dtype=float32), array([-0.6018906, -0.6018906, -0.6018906], dtype=float32), array([-0.6221479, -0.6221479, -0.6221479], dtype=float32), array([-0.63512987, -0.63512987, -0.63512987], dtype=float32), array([-0.64955527, -0.64955527, -0.64955527], dtype=float32), array([-0.6602602, -0.6602602, -0.6602602], dtype=float32), array([-0.67614716, -0.67614716, -0.67614716], dtype=float32), array([-0.6917098, -0.6917098, -0.6917098], dtype=float32), array([-0.70368767, -0.70368767, -0.70368767], dtype=float32), array([-0.7208059, -0.7208059, -0.7208059], dtype=float32), array([-0.73528504, -0.73528504, -0.73528504], dtype=float32), array([-0.75299007, -0.75299007, -0.75299007], dtype=float32), array([-0.76947105, -0.76947105, -0.76947105], dtype=float32), array([-0.78530705, -0.78530705, -0.78530705], dtype=float32), array([-0.80167586, -0.80167586, -0.80167586], dtype=float32), array([-0.822894, -0.822894, -0.822894], dtype=float32), array([-0.84148675, -0.84148675, -0.84148675], dtype=float32), array([-0.8635055, -0.8635055, -0.8635055], dtype=float32), array([-0.8835439, -0.8835439, -0.8835439], dtype=float32), array([-0.903825, -0.903825, -0.903825], dtype=float32), array([-0.9180649, -0.9180649, -0.9180649], dtype=float32), array([-0.9363251, -0.9363251, -0.9363251], dtype=float32), array([-0.9518682, -0.9518682, -0.9518682], dtype=float32), array([-0.9679195, -0.9679195, -0.9679195], dtype=float32), array([-0.98519415, -0.98519415, -0.98519415], dtype=float32), array([-1.0009278, -1.0009278, -1.0009278], dtype=float32), array([-1.0187453, -1.0187453, -1.0187453], dtype=float32), array([-1.0371991, -1.0371991, -1.0371991], dtype=float32), array([-1.0546864, -1.0546864, -1.0546864], dtype=float32), array([-1.0708513, -1.0708513, -1.0708513], dtype=float32)]","[array([-0.55742973, -0.55742973, -0.55742973], dtype=float32), array([-0.57822806, -0.57822806, -0.57822806], dtype=float32), array([-0.6018906, -0.6018906, -0.6018906], dtype=float32), array([-0.622148, -0.622148, -0.622148], dtype=float32), array([-0.6351298, -0.6351298, -0.6351298], dtype=float32), array([-0.64955527, -0.64955527, -0.64955527], dtype=float32), array([-0.6602602, -0.6602602, -0.6602602], dtype=float32), array([-0.67614704, -0.67614704, -0.67614704], dtype=float32), array([-0.6917099, -0.6917099, -0.6917099], dtype=float32), array([-0.70368767, -0.70368767, -0.70368767], dtype=float32), array([-0.7208058, -0.7208058, -0.7208058], dtype=float32), array([-0.7352851, -0.7352851, -0.7352851], dtype=float32), array([-0.7529902, -0.7529902, -0.7529902], dtype=float32), array([-0.7694709, -0.7694709, -0.7694709], dtype=float32), array([-0.78530717, -0.78530717, -0.78530717], dtype=float32), array([-0.80167603, -0.80167603, -0.80167603], dtype=float32), array([-0.8228939, -0.8228939, -0.8228939], dtype=float32), array([-0.84148663, -0.84148663, -0.84148663], dtype=float32), array([-0.86350554, -0.86350554, -0.86350554], dtype=float32), array([-0.8835438, -0.8835438, -0.8835438], dtype=float32), array([-0.9038252, -0.9038252, -0.9038252], dtype=float32), array([-0.91806465, -0.91806465, -0.91806465], dtype=float32), array([-0.9363251, -0.9363251, -0.9363251], dtype=float32), array([-0.9518684, -0.9518684, -0.9518684], dtype=float32), array([-0.96791977, -0.96791977, -0.96791977], dtype=float32), array([-0.985194, -0.985194, -0.985194], dtype=float32), array([-1.0009278, -1.0009278, -1.0009278], dtype=float32), array([-1.0187452, -1.0187452, -1.0187452], dtype=float32), array([-1.0371991, -1.0371991, -1.0371991], dtype=float32), array([-1.0546864, -1.0546864, -1.0546864], dtype=float32), array([-1.070851, -1.070851, -1.070851], dtype=float32)]",1,0,0,0,0,0,56.332142857142856,64.51928571428572,0.00016585647437134907,12000,9.67,0.0003866425069128229,12000,9.67,2000,2000,0.3371396537969481,0.0,81158,999.0,0.007723393850028515,0.24556536972522736,-0.025327561423182487,1.0,6.0,0.0013802934991,185814,0.3245847821235657,-0.009745359420776367,0.4722185432910919,0.13523373007774353,38.5739631652832,30969,348.65553215551546,0.0,0.0,23810,999.0,30969,0.0393447157605,185814,1.0,6.0,0.0013802934991,348.6542874364263,0,93000,558000,61938,104968,371628,1047.0204827859409,6162364.93287018,6297903.22353415,2.0,12100,2,1.0065813770648688,9.7,10.5,0.0001554484967542204,6.472425541421712e-05,300,2,0.002306635649147211,50,0.18715768074355607,6.0,0.000328036654236279,-9.5,100,1.0065813770648688,0.00023609929210248934,0.0005383770220037444,600,100,600,9.7,9.7,100,4.636073352776452e-05,7.652354721979272e-06,7.0277358572825935e-06,2.057089432712606e-05,3.39889265156845e-05,5.0966192436446606e-05,2.9729338488405026e-05,0.00016673138326663047,2.9736400743587116e-05,1.70733992061388e-05,2.2877820404994778e-05,0.05301958918169758,0.006294593453257519,0.05279910021453298,0.17835318716629156,0.0289373703095228,0.016811484965226386,0.00017612489004495925,186.0,0.0009923577308654785,0.4722185730934143,0.32189804,498.0,84.10076141357422,108066,0.23286709189414978,1.0,0.008727793581783772,648396,-0.028386268764734268,181.0,186.0,648396,0.0,108066,498.0,181.0,1296792,651000,3906000,216132,11993.992878576573,6.419700633991847e-05,2.8025371186268588e-05,4.855319854428388e-05,1.0484335702709556e-05,9.298128839501452e-06,7.237245675549759e-05,2.4591059494240008e-05,4.29598494693625e-05,3.193749037666418e-05,4.256983101115053e-05,0.00021996358436675737
1,14000,False,7,d23ef_00000,2025-08-17_20-40-21,1755463221,94.82993149757385,663.4515905380249,685888,intrinsic-attention2,10.156.0.3,663.4515905380249,7,91.81900128438377,1.4963944480656994e-05,91.81876373151553,2.7149658368402263,88.75422606635158,0.002075788448463457,0.00027717900229617953,0.0022424078494077547,1000,2.0,10.5,2.682335849850008,2000,14000,2,9.5,6.0,1.0067001111073661,0.0001522698884343882,6.225752732565743e-05,1.0067001111073661,9.92,7000,2,716.1014625446429,2000.0,3000.0,"[array([[0.34613854, 0.31698883, 0.33687264],
       [0.33672848, 0.32895893, 0.33431268],
       [0.3432348 , 0.32065833, 0.3361068 ]], dtype=float32), array([[0.34658942, 0.31933022, 0.3340804 ],
       [0.3386531 , 0.3276682 , 0.3336788 ],
       [0.3430222 , 0.32306123, 0.3339166 ]], dtype=float32), array([[0.3445648 , 0.32082912, 0.33460608],
       [0.33812928, 0.32795838, 0.3339123 ],
       [0.34191722, 0.32375062, 0.3343321 ]], dtype=float32), array([[0.34514204, 0.31950775, 0.3353502 ],
       [0.33771858, 0.32815978, 0.33412167],
       [0.34237063, 0.32272235, 0.33490708]], dtype=float32), array([[0.32411164, 0.32598105, 0.34990725],
       [0.3237766 , 0.3257116 , 0.3505118 ],
       [0.31963623, 0.3223685 , 0.35799527]], dtype=float32), array([[0.3493008 , 0.31436107, 0.3363381 ],
       [0.33686072, 0.32908836, 0.33405092],
       [0.3448303 , 0.31961006, 0.33555967]], dtype=float32), array([[0.4021857 , 0.28063503, 0.31717923],
       [0.3409096 , 0.32725382, 0.33183655],
       [0.3613542 , 0.3112112 , 0.32743457]], dtype=float32), array([[0.36487132, 0.2957702 , 0.3393585 ],
       [0.35116902, 0.31178984, 0.3370412 ],
       [0.36013767, 0.30125275, 0.33860964]], dtype=float32), array([[0.35049236, 0.31231996, 0.33718762],
       [0.33595222, 0.33007842, 0.33396935],
       [0.34560645, 0.31822848, 0.33616513]], dtype=float32), array([[0.32588756, 0.32270172, 0.35141072],
       [0.32634196, 0.3233417 , 0.35031635],
       [0.32236376, 0.3177752 , 0.35986108]], dtype=float32), array([[0.35140762, 0.31066728, 0.3379251 ],
       [0.33497795, 0.33123648, 0.3337855 ],
       [0.34618664, 0.31712946, 0.33668384]], dtype=float32), array([[0.3270018 , 0.3204894 , 0.35250878],
       [0.32779044, 0.3220445 , 0.35016513],
       [0.3240021 , 0.31467932, 0.3613186 ]], dtype=float32), array([[0.3230248 , 0.30845767, 0.36851746],
       [0.32406327, 0.3107984 , 0.36513835],
       [0.3199859 , 0.30178386, 0.37823024]], dtype=float32), array([[0.4043104 , 0.2761264 , 0.31956324],
       [0.3366849 , 0.3304747 , 0.33284038],
       [0.3621121 , 0.30931893, 0.32856897]], dtype=float32), array([[0.3503551 , 0.31265053, 0.33699435],
       [0.335805  , 0.33028516, 0.33390978],
       [0.34537962, 0.31862164, 0.33599877]], dtype=float32), array([[0.32046223, 0.33029926, 0.34923846],
       [0.3181462 , 0.32970884, 0.3521449 ],
       [0.3138844 , 0.32858667, 0.35752892]], dtype=float32), array([[0.2938979 , 0.34605777, 0.36004433],
       [0.2596821 , 0.3560051 , 0.3843129 ],
       [0.2517752 , 0.35813648, 0.39008826]], dtype=float32), array([[0.31750497, 0.3352566 , 0.34723845],
       [0.31279504, 0.3357504 , 0.35145456],
       [0.30977204, 0.3360478 , 0.35418016]], dtype=float32), array([[0.34283638, 0.32484534, 0.33231837],
       [0.33854765, 0.32865748, 0.33279482],
       [0.34035477, 0.32704753, 0.3325977 ]], dtype=float32), array([[0.34306702, 0.3241979 , 0.33273512],
       [0.33837467, 0.32858047, 0.33304486],
       [0.34052786, 0.32656455, 0.33290762]], dtype=float32), array([[0.3179352 , 0.33412   , 0.34794477],
       [0.31415257, 0.3342456 , 0.35160187],
       [0.31107798, 0.33432743, 0.35459456]], dtype=float32), array([[0.40243196, 0.28918537, 0.3083827 ],
       [0.34872633, 0.32323277, 0.3280408 ],
       [0.35893354, 0.3166238 , 0.32444265]], dtype=float32), array([[0.40187305, 0.29018366, 0.30794328],
       [0.34917867, 0.32310748, 0.3277139 ],
       [0.35857132, 0.31712094, 0.3243078 ]], dtype=float32), array([[0.3170934 , 0.33344522, 0.34946132],
       [0.3129171 , 0.3333884 , 0.3536945 ],
       [0.30904055, 0.33330342, 0.35765606]], dtype=float32), array([[0.39868063, 0.29105538, 0.310264  ],
       [0.34741375, 0.3239789 , 0.32860738],
       [0.35759893, 0.3173005 , 0.3251005 ]], dtype=float32), array([[0.3159468 , 0.33228904, 0.35176423],
       [0.3144935 , 0.3321717 , 0.35333478],
       [0.31285512, 0.3320338 , 0.3551111 ]], dtype=float32), array([[0.3128239 , 0.34047216, 0.34670392],
       [0.30474356, 0.34320423, 0.3520522 ],
       [0.30302802, 0.34377813, 0.35319388]], dtype=float32), array([[0.34092203, 0.32885435, 0.33022362],
       [0.33843362, 0.3303205 , 0.33124587],
       [0.33872008, 0.3301516 , 0.33112836]], dtype=float32), array([[0.3384828 , 0.33335352, 0.32816362],
       [0.33776155, 0.3333539 , 0.3288845 ],
       [0.3370209 , 0.33335322, 0.32962587]], dtype=float32), array([[0.38918194, 0.31536534, 0.2954527 ],
       [0.3615576 , 0.32456353, 0.31387877],
       [0.35315233, 0.32724467, 0.31960297]], dtype=float32), array([[0.33601767, 0.35489294, 0.30908936],
       [0.33618793, 0.3566375 , 0.30717456],
       [0.3357443 , 0.352229  , 0.3120267 ]], dtype=float32)]","[array([-1.0901612, -1.0901612, -1.0901612], dtype=float32), array([-1.1040452, -1.1040452, -1.1040452], dtype=float32), array([-1.1180105, -1.1180105, -1.1180105], dtype=float32), array([-1.135132, -1.135132, -1.135132], dtype=float32), array([-1.1539681, -1.1539681, -1.1539681], dtype=float32), array([-1.1725179, -1.1725179, -1.1725179], dtype=float32), array([-1.188165, -1.188165, -1.188165], dtype=float32), array([-1.2040194, -1.2040194, -1.2040194], dtype=float32), array([-1.212579, -1.212579, -1.212579], dtype=float32), array([-1.2252219, -1.2252219, -1.2252219], dtype=float32), array([-1.2364509, -1.2364509, -1.2364509], dtype=float32), array([-1.2453986, -1.2453986, -1.2453986], dtype=float32), array([-1.256246, -1.256246, -1.256246], dtype=float32), array([-1.2671927, -1.2671927, -1.2671927], dtype=float32), array([-1.2790729, -1.2790729, -1.2790729], dtype=float32), array([-1.2921265, -1.2921265, -1.2921265], dtype=float32), array([-1.3029702, -1.3029702, -1.3029702], dtype=float32), array([-1.3085659, -1.3085659, -1.3085659], dtype=float32), array([-1.3154505, -1.3154505, -1.3154505], dtype=float32), array([-1.3253865, -1.3253865, -1.3253865], dtype=float32), array([-1.3349533, -1.3349533, -1.3349533], dtype=float32), array([-1.3454096, -1.3454096, -1.3454096], dtype=float32), array([-1.3456603, -1.3456603, -1.3456603], dtype=float32), array([-1.3488253, -1.3488253, -1.3488253], dtype=float32), array([-1.3530866, -1.3530866, -1.3530866], dtype=float32), array([-1.3641471, -1.3641471, -1.3641471], dtype=float32), array([-1.3740171, -1.3740171, -1.3740171], dtype=float32), array([-1.3842051, -1.3842051, -1.3842051], dtype=float32), array([-1.3953929, -1.3953929, -1.3953929], dtype=float32), array([-1.40459, -1.40459, -1.40459], dtype=float32), array([-1.4094008, -1.4094008, -1.4094008], dtype=float32)]","[array([-1.090161, -1.090161, -1.090161], dtype=float32), array([-1.1040453, -1.1040453, -1.1040453], dtype=float32), array([-1.1180105, -1.1180105, -1.1180105], dtype=float32), array([-1.135132, -1.135132, -1.135132], dtype=float32), array([-1.153968, -1.153968, -1.153968], dtype=float32), array([-1.1725179, -1.1725179, -1.1725179], dtype=float32), array([-1.1881648, -1.1881648, -1.1881648], dtype=float32), array([-1.2040195, -1.2040195, -1.2040195], dtype=float32), array([-1.2125789, -1.2125789, -1.2125789], dtype=float32), array([-1.225222, -1.225222, -1.225222], dtype=float32), array([-1.236451, -1.236451, -1.236451], dtype=float32), array([-1.2453985, -1.2453985, -1.2453985], dtype=float32), array([-1.256246, -1.256246, -1.256246], dtype=float32), array([-1.2671927, -1.2671927, -1.2671927], dtype=float32), array([-1.2790729, -1.2790729, -1.2790729], dtype=float32), array([-1.2921264, -1.2921264, -1.2921264], dtype=float32), array([-1.30297, -1.30297, -1.30297], dtype=float32), array([-1.3085659, -1.3085659, -1.3085659], dtype=float32), array([-1.3154504, -1.3154504, -1.3154504], dtype=float32), array([-1.3253866, -1.3253866, -1.3253866], dtype=float32), array([-1.3349533, -1.3349533, -1.3349533], dtype=float32), array([-1.3454099, -1.3454099, -1.3454099], dtype=float32), array([-1.3456602, -1.3456602, -1.3456602], dtype=float32), array([-1.3488252, -1.3488252, -1.3488252], dtype=float32), array([-1.3530866, -1.3530866, -1.3530866], dtype=float32), array([-1.364147, -1.364147, -1.364147], dtype=float32), array([-1.3740171, -1.3740171, -1.3740171], dtype=float32), array([-1.3842053, -1.3842053, -1.3842053], dtype=float32), array([-1.3953928, -1.3953928, -1.3953928], dtype=float32), array([-1.4045899, -1.4045899, -1.4045899], dtype=float32), array([-1.4094008, -1.4094008, -1.4094008], dtype=float32)]",1,0,0,0,0,0,56.34814814814815,64.54,0.00022674514917918565,14000,9.92,0.0005219838275392606,14000,9.92,2000,2000,0.3390037622789335,0.0,81158,999.0,0.002559026936069131,0.20618019998073578,-0.014942043460905552,1.0,7.0,0.0013802934991,216783,0.33432626724243164,-0.009895920753479004,0.4722185432910919,0.06761686503887177,51.93388748168945,30969,348.16697789678983,0.0,0.0,23810,999.0,30969,0.0393447157605,216783,1.0,7.0,0.0013802934991,348.1657887300929,0,93000,651000,61938,104968,433566,1045.5530222487878,6165954.415309333,6306506.4209901905,2.0,14100,2,1.0066738172414504,9.9,10.5,0.00015783640189246493,6.501090284840845e-05,350,2,0.0023351059496053493,50,0.18718695980616484,7.0,0.000326679467646344,9.5,100,1.0066738172414504,0.00024071540989262965,0.0005484801095705664,700,100,700,9.9,9.9,100,6.291056557532758e-05,9.815761992069159e-06,9.366766288531828e-06,2.7175585215139718e-05,4.682922031394781e-05,7.144449081541606e-05,4.093969212222608e-05,0.00021383772733071733,4.231539251199192e-05,2.428517945946599e-05,3.058717281211909e-05,0.05340476141981641,0.006338540578726255,0.053138224982475925,0.1791492370346208,0.02913553999647275,0.016905888965641984,0.0001764528610690378,217.0,0.00017595291137695312,0.4722185730934143,0.317516,498.0,81.94088745117188,108066,0.2096673846244812,1.0,0.0034380080178380013,756462,-0.03195250779390335,211.0,217.0,756462,0.0,108066,498.0,211.0,1512924,651000,4557000,216132,11854.042932957129,6.449360959590535e-05,2.850945295511533e-05,4.919269425692973e-05,1.0584987417684959e-05,9.566105125369977e-06,7.302287212849517e-05,2.5075207175999456e-05,4.362375869532155e-05,3.2503086932049406e-05,4.305804290985962e-05,0.00022418956247575777
1,16000,False,8,d23ef_00000,2025-08-17_20-42-00,1755463320,99.37177991867065,762.8233704566956,685888,intrinsic-attention2,10.156.0.3,762.8233704566956,8,91.8924592262999,1.4956475064844284e-05,91.89221965628036,2.7152478408718737,88.8274880495481,0.0020741697738865575,0.00027717900229617953,0.0015770486094697845,1000,2.0,10.5,2.682636320111594,2000,16000,2,-10.5,7.0,1.0067001111073661,0.00010495569095661121,4.713332895736172e-05,1.0067001111073661,9.58,8000,2,706.745082342894,2000.0,3000.0,"[array([[0.33113843, 0.36553147, 0.30333006],
       [0.33067453, 0.3701501 , 0.29917532],
       [0.33151856, 0.36144495, 0.30703655]], dtype=float32), array([[0.30731302, 0.40582097, 0.28686607],
       [0.29574403, 0.43554476, 0.26871118],
       [0.3100689 , 0.39855042, 0.2913806 ]], dtype=float32), array([[0.3143492 , 0.37920162, 0.30644917],
       [0.27958968, 0.45901096, 0.2613993 ],
       [0.3187439 , 0.36875415, 0.3125019 ]], dtype=float32), array([[0.30586335, 0.40652218, 0.2876145 ],
       [0.25271058, 0.53216493, 0.21512446],
       [0.31605613, 0.3802805 , 0.30366337]], dtype=float32), array([[0.29628342, 0.41390404, 0.28981248],
       [0.18340684, 0.6478544 , 0.16873872],
       [0.30339018, 0.39864224, 0.29796752]], dtype=float32), array([[0.21988985, 0.51785725, 0.26225284],
       [0.03864972, 0.88771147, 0.0736388 ],
       [0.16459388, 0.6192468 , 0.2161593 ]], dtype=float32), array([[0.2775485 , 0.55107224, 0.17137931],
       [0.19448167, 0.7286683 , 0.07685003],
       [0.32095784, 0.40781525, 0.2712269 ]], dtype=float32), array([[0.19326511, 0.57124317, 0.23549168],
       [0.01167519, 0.9622253 , 0.02609951],
       [0.12847301, 0.6966675 , 0.17485954]], dtype=float32), array([[0.24452984, 0.57893586, 0.17653431],
       [0.09677277, 0.8608712 , 0.04235609],
       [0.30232865, 0.4339536 , 0.26371777]], dtype=float32), array([[0.23596177, 0.5945371 , 0.16950105],
       [0.07931736, 0.88726586, 0.03341671],
       [0.2987494 , 0.44147795, 0.25977272]], dtype=float32), array([[0.17189193, 0.61499083, 0.21311723],
       [0.00370537, 0.98679173, 0.00950292],
       [0.10201716, 0.7550043 , 0.14297847]], dtype=float32), array([[0.2374951 , 0.5510138 , 0.21149108],
       [0.03658459, 0.940025  , 0.02339048],
       [0.27794296, 0.4629852 , 0.2590719 ]], dtype=float32), array([[0.25430867, 0.49541754, 0.25027373],
       [0.02131572, 0.9592285 , 0.01945584],
       [0.26366466, 0.476385  , 0.25995037]], dtype=float32), array([[0.11049671, 0.80497676, 0.08452653],
       [0.0092897 , 0.9857594 , 0.004951  ],
       [0.14537588, 0.7378595 , 0.11676469]], dtype=float32), array([[0.15390104, 0.65173423, 0.19436483],
       [0.00131578, 0.9948407 , 0.00384352],
       [0.081691  , 0.80015534, 0.11815367]], dtype=float32), array([[0.2448846 , 0.5139213 , 0.24119405],
       [0.01177356, 0.9774719 , 0.01075456],
       [0.2542734 , 0.4948984 , 0.2508282 ]], dtype=float32), array([[0.10186192, 0.8003424 , 0.09779568],
       [0.00281271, 0.9946825 , 0.00250473],
       [0.1081171 , 0.7879272 , 0.10395563]], dtype=float32), array([[0.0891967 , 0.8442928 , 0.0665105 ],
       [0.00431333, 0.9935667 , 0.00212006],
       [0.12458427, 0.77732235, 0.09809328]], dtype=float32), array([[1.3843237e-01, 6.8404657e-01, 1.7752099e-01],
       [4.8927480e-04, 9.9790847e-01, 1.6023309e-03],
       [6.6211224e-02, 8.3553922e-01, 9.8249622e-02]], dtype=float32), array([[1.1513116e-01, 7.1289557e-01, 1.7197327e-01],
       [7.5475276e-05, 9.9931502e-01, 6.0947996e-04],
       [2.7292229e-02, 9.1360569e-01, 5.9101984e-02]], dtype=float32), array([[7.6331034e-02, 8.5001338e-01, 7.3655568e-02],
       [6.8416406e-04, 9.9870157e-01, 6.1421015e-04],
       [8.1126787e-02, 8.4050626e-01, 7.8366920e-02]], dtype=float32), array([[0.22218347, 0.558391  , 0.21942562],
       [0.00218531, 0.9958034 , 0.00201132],
       [0.23090975, 0.54082876, 0.22826153]], dtype=float32), array([[0.13565975, 0.7992901 , 0.06505018],
       [0.01049932, 0.9879038 , 0.00159697],
       [0.27467835, 0.5133519 , 0.21196972]], dtype=float32), array([[5.1987309e-02, 9.1139430e-01, 3.6618371e-02],
       [6.0783105e-04, 9.9914658e-01, 2.4562725e-04],
       [8.4661916e-02, 8.5150909e-01, 6.3828900e-02]], dtype=float32), array([[0.17233731, 0.68196064, 0.14570214],
       [0.00250509, 0.9962883 , 0.00120652],
       [0.24039568, 0.5419133 , 0.21769112]], dtype=float32), array([[0.21635233, 0.5697682 , 0.21387951],
       [0.00129092, 0.99751616, 0.00119293],
       [0.22466294, 0.55306405, 0.22227305]], dtype=float32), array([[0.17048128, 0.68557054, 0.14394823],
       [0.00225414, 0.996671  , 0.00107492],
       [0.23945157, 0.543822  , 0.21672636]], dtype=float32), array([[1.0290707e-01, 7.6027924e-01, 1.3681370e-01],
       [3.0472529e-05, 9.9983549e-01, 1.3397419e-04],
       [3.7025791e-02, 9.0460837e-01, 5.8365874e-02]], dtype=float32), array([[6.6530012e-02, 8.5546362e-01, 7.8006372e-02],
       [4.9023685e-05, 9.9986005e-01, 9.0976573e-05],
       [4.4330224e-02, 9.0218413e-01, 5.3485684e-02]], dtype=float32), array([[4.7740199e-02, 9.0574336e-01, 4.6516493e-02],
       [6.6939989e-05, 9.9987149e-01, 6.1497100e-05],
       [5.0344601e-02, 9.0057570e-01, 4.9079604e-02]], dtype=float32), array([[4.2466205e-02, 9.1606975e-01, 4.1464154e-02],
       [3.7486207e-05, 9.9992788e-01, 3.4630575e-05],
       [4.4669051e-02, 9.1169721e-01, 4.3633796e-02]], dtype=float32)]","[array([-1.4136627, -1.4136627, -1.4136627], dtype=float32), array([-1.4231623, -1.4231623, -1.4231623], dtype=float32), array([-1.4253718, -1.4253718, -1.4253718], dtype=float32), array([-1.4258132, -1.4258132, -1.4258132], dtype=float32), array([-1.427881, -1.427881, -1.427881], dtype=float32), array([-1.4273183, -1.4273183, -1.4273183], dtype=float32), array([-1.4257215, -1.4257215, -1.4257215], dtype=float32), array([-1.4239122, -1.4239122, -1.4239122], dtype=float32), array([-1.4304357, -1.4304357, -1.4304357], dtype=float32), array([-1.4355128, -1.4355128, -1.4355128], dtype=float32), array([-1.4396852, -1.4396852, -1.4396852], dtype=float32), array([-1.4420637, -1.4420637, -1.4420637], dtype=float32), array([-1.442199, -1.442199, -1.442199], dtype=float32), array([-1.4412131, -1.4412131, -1.4412131], dtype=float32), array([-1.4416758, -1.4416758, -1.4416758], dtype=float32), array([-1.4405562, -1.4405562, -1.4405562], dtype=float32), array([-1.439345, -1.439345, -1.439345], dtype=float32), array([-1.441147, -1.441147, -1.441147], dtype=float32), array([-1.4414076, -1.4414076, -1.4414076], dtype=float32), array([-1.4408582, -1.4408582, -1.4408582], dtype=float32), array([-1.4413847, -1.4413847, -1.4413847], dtype=float32), array([-1.441539, -1.441539, -1.441539], dtype=float32), array([-1.4402887, -1.4402887, -1.4402887], dtype=float32), array([-1.4391836, -1.4391836, -1.4391836], dtype=float32), array([-1.4414529, -1.4414529, -1.4414529], dtype=float32), array([-1.4421756, -1.4421756, -1.4421756], dtype=float32), array([-1.4433321, -1.4433321, -1.4433321], dtype=float32), array([-1.4432305, -1.4432305, -1.4432305], dtype=float32), array([-1.4416338, -1.4416338, -1.4416338], dtype=float32), array([-1.4382299, -1.4382299, -1.4382299], dtype=float32), array([-1.442782, -1.442782, -1.442782], dtype=float32)]","[array([-1.4136629, -1.4136629, -1.4136629], dtype=float32), array([-1.4231621, -1.4231621, -1.4231621], dtype=float32), array([-1.4253718, -1.4253718, -1.4253718], dtype=float32), array([-1.425813, -1.425813, -1.425813], dtype=float32), array([-1.4278808, -1.4278808, -1.4278808], dtype=float32), array([-1.4273183, -1.4273183, -1.4273183], dtype=float32), array([-1.4257213, -1.4257213, -1.4257213], dtype=float32), array([-1.4239122, -1.4239122, -1.4239122], dtype=float32), array([-1.4304358, -1.4304358, -1.4304358], dtype=float32), array([-1.435513, -1.435513, -1.435513], dtype=float32), array([-1.4396852, -1.4396852, -1.4396852], dtype=float32), array([-1.4420637, -1.4420637, -1.4420637], dtype=float32), array([-1.4421988, -1.4421988, -1.4421988], dtype=float32), array([-1.441213, -1.441213, -1.441213], dtype=float32), array([-1.4416758, -1.4416758, -1.4416758], dtype=float32), array([-1.4405564, -1.4405564, -1.4405564], dtype=float32), array([-1.4393451, -1.4393451, -1.4393451], dtype=float32), array([-1.4411472, -1.4411472, -1.4411472], dtype=float32), array([-1.4414073, -1.4414073, -1.4414073], dtype=float32), array([-1.440858, -1.440858, -1.440858], dtype=float32), array([-1.4413846, -1.4413846, -1.4413846], dtype=float32), array([-1.4415388, -1.4415388, -1.4415388], dtype=float32), array([-1.4402887, -1.4402887, -1.4402887], dtype=float32), array([-1.4391835, -1.4391835, -1.4391835], dtype=float32), array([-1.441453, -1.441453, -1.441453], dtype=float32), array([-1.4421755, -1.4421755, -1.4421755], dtype=float32), array([-1.4433318, -1.4433318, -1.4433318], dtype=float32), array([-1.4432306, -1.4432306, -1.4432306], dtype=float32), array([-1.4416339, -1.4416339, -1.4416339], dtype=float32), array([-1.4382298, -1.4382298, -1.4382298], dtype=float32), array([-1.4427823, -1.4427823, -1.4427823], dtype=float32)]",1,0,0,0,0,0,56.092957746478874,64.58380281690143,0.00016427903319607718,16000,9.58,0.0003754727493090803,16000,9.58,2000,2000,0.3389321470761236,0.0,81158,999.0,0.010123752988874912,0.14929771423339844,-0.010152802802622318,1.0,8.0,0.0013802934991,247752,0.3395324945449829,0.0015323162078857422,0.4722185432910919,0.06761686503887177,110.0709457397461,30969,346.93466238073614,0.0,0.0,23810,999.0,30969,0.0393447157605,247752,1.0,8.0,0.0013802934991,346.9335296824425,0,93000,744000,61938,104968,495504,1041.8520453573733,6146040.762471722,6294992.968002595,2.0,16100,2,1.0066942882837675,9.9,10.5,0.00015507424963914524,6.421797802530683e-05,400,2,0.0023322639598336537,50,0.18719645464800835,8.0,0.00032539420290095267,9.5,100,1.0066942882837675,0.00023737987750666617,0.0005386403275179194,800,100,800,9.9,9.9,100,4.4714886189559085e-05,7.696571373383422e-06,6.974336328428872e-06,2.0519805945394452e-05,3.41652853684069e-05,4.963577235533089e-05,2.9220716062034094e-05,0.0001598299744682088,2.9377074521150898e-05,1.6565854699096855e-05,2.2015394666097317e-05,0.05344311548558321,0.006340554682997335,0.05308948874256504,0.17907844312425072,0.029155080316539135,0.016891217475947268,0.00017635654248329287,248.0,0.00457841157913208,0.4722185730934143,0.3289726,498.0,80.57715606689453,108066,0.1582884043455124,1.0,0.0053123668767511845,864528,-0.02086718939244747,241.0,248.0,864528,0.0,108066,498.0,241.0,1729056,651000,5208000,216132,11708.546942689543,6.420138358810468e-05,2.826024191167523e-05,4.858544754920551e-05,1.0411091037413972e-05,9.4280100765116e-06,7.195245151149377e-05,2.471721047047099e-05,4.331553665688138e-05,3.193757813623962e-05,4.245196185259023e-05,0.00022011859565363386
1,18000,False,9,d23ef_00000,2025-08-17_20-43-35,1755463415,94.22046875953674,857.0438392162323,685888,intrinsic-attention2,10.156.0.3,857.0438392162323,9,91.91374279635681,1.4959330275719105e-05,91.91350133932747,2.716690927713153,88.84752091975265,0.0020704212161636757,0.00027717900229617953,0.0017234036698937417,1000,2.0,10.5,2.6840998679304433,2000,18000,2,9.5,8.0,1.0067001111073661,0.00011392526185397094,5.000689790853947e-05,1.0067001111073661,9.94,9000,2,696.5843152176262,2000.0,3000.0,"[array([[1.0846009e-01, 8.5447872e-01, 3.7061177e-02],
       [4.5733089e-03, 9.9514860e-01, 2.7804184e-04],
       [3.0858430e-01, 4.3254906e-01, 2.5886664e-01]], dtype=float32), array([[3.9764896e-02, 9.2141080e-01, 3.8824316e-02],
       [2.8195322e-05, 9.9994576e-01, 2.6032976e-05],
       [4.1859437e-02, 9.1725391e-01, 4.0886700e-02]], dtype=float32), array([[5.3307522e-02, 8.8421249e-01, 6.2479947e-02],
       [1.6084257e-05, 9.9995387e-01, 3.0017673e-05],
       [3.4947038e-02, 9.2300135e-01, 4.2051625e-02]], dtype=float32), array([[1.1964197e-01, 8.0016690e-01, 8.0191188e-02],
       [1.0635451e-03, 9.9868482e-01, 2.5170608e-04],
       [2.3832078e-01, 5.6279939e-01, 1.9887979e-01]], dtype=float32), array([[4.1922044e-02, 9.0902388e-01, 4.9054004e-02],
       [5.0095114e-06, 9.9998569e-01, 9.3424223e-06],
       [2.7205242e-02, 9.4019437e-01, 3.2600340e-02]], dtype=float32), array([[1.1635095e-02, 9.7703981e-01, 1.1325070e-02],
       [1.4792552e-07, 9.9999976e-01, 1.3440324e-07],
       [1.2444051e-02, 9.7543836e-01, 1.2117554e-02]], dtype=float32), array([[5.8975909e-03, 9.8721564e-01, 6.8868194e-03],
       [8.5889551e-10, 1.0000000e+00, 1.6162143e-09],
       [3.6774371e-03, 9.9196589e-01, 4.3567708e-03]], dtype=float32), array([[8.9636996e-02, 8.2174385e-01, 8.8619187e-02],
       [1.8794886e-09, 1.0000000e+00, 1.6945890e-09],
       [9.6621759e-02, 8.0780834e-01, 9.5569991e-02]], dtype=float32), array([[4.5295680e-04, 9.9911052e-01, 4.3648671e-04],
       [1.3064755e-13, 1.0000000e+00, 1.1327088e-13],
       [5.0339830e-04, 9.9901128e-01, 4.8534121e-04]], dtype=float32), array([[3.9105859e-02, 9.2238367e-01, 3.8510442e-02],
       [1.2019025e-13, 1.0000000e+00, 1.0402809e-13],
       [4.4021629e-02, 9.1259986e-01, 4.3378532e-02]], dtype=float32), array([[6.1802108e-05, 9.9986947e-01, 6.8630616e-05],
       [3.1933126e-18, 1.0000000e+00, 4.9367194e-18],
       [4.4395365e-05, 9.9990618e-01, 4.9477323e-05]], dtype=float32), array([[1.6664986e-05, 9.9996424e-01, 1.9102858e-05],
       [1.4434226e-20, 1.0000000e+00, 2.5444913e-20],
       [1.0836702e-05, 9.9997663e-01, 1.2488488e-05]], dtype=float32), array([[1.0737311e-03, 9.9841046e-01, 5.1580567e-04],
       [4.9417150e-17, 1.0000000e+00, 8.8061907e-19],
       [2.7641689e-02, 9.5345145e-01, 1.8906815e-02]], dtype=float32), array([[4.9442460e-05, 9.9994612e-01, 4.3526397e-06],
       [1.2083620e-16, 1.0000000e+00, 1.5164552e-20],
       [3.3036605e-02, 9.5246923e-01, 1.4494149e-02]], dtype=float32), array([[3.4829782e-04, 9.9949777e-01, 1.5398553e-04],
       [1.6929933e-20, 1.0000000e+00, 1.5916383e-22],
       [1.5954372e-02, 9.7357810e-01, 1.0467534e-02]], dtype=float32), array([[2.1896102e-04, 9.9968708e-01, 9.3972012e-05],
       [5.2482086e-22, 1.0000000e+00, 3.8349830e-24],
       [1.2597447e-02, 9.7926509e-01, 8.1374412e-03]], dtype=float32), array([[6.8666595e-06, 9.9999261e-01, 4.7602055e-07],
       [5.7076900e-21, 1.0000000e+00, 1.6289268e-25],
       [1.6299296e-02, 9.7719848e-01, 6.5021925e-03]], dtype=float32), array([[1.3998138e-04, 9.9979633e-01, 6.3808591e-05],
       [1.0755430e-24, 1.0000000e+00, 8.1215896e-27],
       [8.3352746e-03, 9.8620230e-01, 5.4624514e-03]], dtype=float32), array([[1.9434870e-07, 9.9999952e-01, 2.7875004e-07],
       [1.0376381e-34, 1.0000000e+00, 6.4442460e-34],
       [4.4883510e-08, 9.9999988e-01, 6.6615385e-08]], dtype=float32), array([[4.3425458e-05, 9.9993742e-01, 1.9212806e-05],
       [1.6090319e-28, 1.0000000e+00, 8.9148363e-31],
       [3.4484125e-03, 9.9437439e-01, 2.1772387e-03]], dtype=float32), array([[1.3058889e-07, 9.9999976e-01, 1.3227863e-07],
       [3.1877701e-36, 1.0000000e+00, 3.4062550e-36],
       [1.2379398e-07, 9.9999976e-01, 1.2540119e-07]], dtype=float32), array([[2.3497671e-05, 9.9996769e-01, 8.8488314e-06],
       [1.7476206e-28, 1.0000000e+00, 5.0014952e-31],
       [3.0769370e-03, 9.9511105e-01, 1.8119949e-03]], dtype=float32), array([[2.8977564e-07, 9.9999928e-01, 5.3569448e-07],
       [1.0917987e-36, 1.0000000e+00, 3.2061255e-35],
       [1.8242403e-08, 1.0000000e+00, 3.7753491e-08]], dtype=float32), array([[5.4198988e-03, 9.8865885e-01, 5.9212842e-03],
       [2.2303825e-31, 1.0000000e+00, 7.4008156e-31],
       [1.7981097e-03, 9.9620003e-01, 2.0018907e-03]], dtype=float32), array([[5.7176813e-03, 9.8800218e-01, 6.2801358e-03],
       [6.1961746e-31, 1.0000000e+00, 2.1991494e-30],
       [1.7841491e-03, 9.9621385e-01, 2.0019673e-03]], dtype=float32), array([[2.0285779e-06, 9.9999785e-01, 1.5396188e-07],
       [2.3583064e-24, 1.0000000e+00, 5.3097901e-29],
       [6.7744371e-03, 9.9068463e-01, 2.5409965e-03]], dtype=float32), array([[3.52708662e-06, 9.99996305e-01, 1.02730205e-07],
       [3.59864007e-22, 1.00000000e+00, 3.28458565e-28],
       [9.59212780e-02, 8.52230966e-01, 5.18477634e-02]], dtype=float32), array([[3.0785627e-03, 9.9347091e-01, 3.4504582e-03],
       [5.4582214e-33, 1.0000000e+00, 2.3658658e-32],
       [7.9990388e-04, 9.9827921e-01, 9.2079607e-04]], dtype=float32), array([[5.3971462e-06, 9.9999273e-01, 1.9132347e-06],
       [8.3450201e-32, 1.0000000e+00, 1.8374965e-34],
       [8.6773233e-04, 9.9865723e-01, 4.7497390e-04]], dtype=float32), array([[1.1489280e-06, 9.9999845e-01, 3.5292999e-07],
       [3.0938340e-35, 1.0000000e+00, 3.2529967e-38],
       [3.3549289e-04, 9.9949622e-01, 1.6821480e-04]], dtype=float32), array([[1.4838963e-07, 9.9999964e-01, 1.9685167e-07],
       [1.4012985e-45, 1.0000000e+00, 9.8090893e-45],
       [3.0793643e-08, 1.0000000e+00, 4.2021416e-08]], dtype=float32)]","[array([-1.4477557, -1.4477557, -1.4477557], dtype=float32), array([-1.4496022, -1.4496022, -1.4496022], dtype=float32), array([-1.4482632, -1.4482632, -1.4482632], dtype=float32), array([-1.4471517, -1.4471517, -1.4471517], dtype=float32), array([-1.4692004, -1.4692004, -1.4692004], dtype=float32), array([-1.5304191, -1.5304191, -1.5304191], dtype=float32), array([-1.5878218, -1.5878218, -1.5878218], dtype=float32), array([-1.6401367, -1.6401367, -1.6401367], dtype=float32), array([-1.6910455, -1.6910455, -1.6910455], dtype=float32), array([-1.7346741, -1.7346741, -1.7346741], dtype=float32), array([-1.7764343, -1.7764343, -1.7764343], dtype=float32), array([-1.8155745, -1.8155745, -1.8155745], dtype=float32), array([-1.8508111, -1.8508111, -1.8508111], dtype=float32), array([-1.8808322, -1.8808322, -1.8808322], dtype=float32), array([-1.9009246, -1.9009246, -1.9009246], dtype=float32), array([-1.917688, -1.917688, -1.917688], dtype=float32), array([-1.9315087, -1.9315087, -1.9315087], dtype=float32), array([-1.9420944, -1.9420944, -1.9420944], dtype=float32), array([-1.9549428, -1.9549428, -1.9549428], dtype=float32), array([-1.9773499, -1.9773499, -1.9773499], dtype=float32), array([-1.9955983, -1.9955983, -1.9955983], dtype=float32), array([-2.0134282, -2.0134282, -2.0134282], dtype=float32), array([-2.0305285, -2.0305285, -2.0305285], dtype=float32), array([-2.038275, -2.038275, -2.038275], dtype=float32), array([-2.0500243, -2.0500243, -2.0500243], dtype=float32), array([-2.061621, -2.061621, -2.061621], dtype=float32), array([-2.069752, -2.069752, -2.069752], dtype=float32), array([-2.0783575, -2.0783575, -2.0783575], dtype=float32), array([-2.0857904, -2.0857904, -2.0857904], dtype=float32), array([-2.1053922, -2.1053922, -2.1053922], dtype=float32), array([-2.1368923, -2.1368923, -2.1368923], dtype=float32)]","[array([nan, nan, nan], dtype=float32), array([nan, nan, nan], dtype=float32), array([-1.4482632, -1.4482632, -1.4482632], dtype=float32), array([nan, nan, nan], dtype=float32), array([nan, nan, nan], dtype=float32), array([-1.5304193, -1.5304193, -1.5304193], dtype=float32), array([nan, nan, nan], dtype=float32), array([nan, nan, nan], dtype=float32), array([-1.6910456, -1.6910456, -1.6910456], dtype=float32), array([nan, nan, nan], dtype=float32), array([-1.7764348, -1.7764348, -1.7764348], dtype=float32), array([nan, nan, nan], dtype=float32), array([-1.8508111, -1.8508111, -1.8508111], dtype=float32), array([nan, nan, nan], dtype=float32), array([nan, nan, nan], dtype=float32), array([-1.9176875, -1.9176875, -1.9176875], dtype=float32), array([nan, nan, nan], dtype=float32), array([nan, nan, nan], dtype=float32), array([nan, nan, nan], dtype=float32), array([-1.9773496, -1.9773496, -1.9773496], dtype=float32), array([nan, nan, nan], dtype=float32), array([-2.0134287, -2.0134287, -2.0134287], dtype=float32), array([nan, nan, nan], dtype=float32), array([nan, nan, nan], dtype=float32), array([nan, nan, nan], dtype=float32), array([nan, nan, nan], dtype=float32), array([-2.069752, -2.069752, -2.069752], dtype=float32), array([-2.0783572, -2.0783572, -2.0783572], dtype=float32), array([nan, nan, nan], dtype=float32), array([nan, nan, nan], dtype=float32), array([nan, nan, nan], dtype=float32)]",1,0,0,0,0,0,56.501481481481484,64.59407407407409,0.0001729219654479587,18000,9.94,0.0004007162820912288,18000,9.94,2000,2000,0.3387582656652289,0.0,81158,999.0,0.05932711064815521,0.24711868166923523,-0.05652231350541115,1.0,9.0,0.0013802934991,278721,0.29635491967201233,-0.761820912361145,0.4722185432910919,0.10142529755830765,706.6361083984375,30969,346.4337691972701,0.0,0.0,23810,999.0,30969,0.0393447157605,278721,1.0,9.0,0.0013802934991,346.43268328082854,0,93000,837000,61938,104968,557442,1040.3475668631881,6140171.354248395,6299804.22652863,2.0,18100,2,1.0066988216326744,7.9,10.5,0.0001515785960156011,6.312641229932606e-05,450,2,0.0022836442894185894,50,0.18714709465148965,9.0,0.0003240573109756001,-10.5,100,1.0066988216326744,0.00023222696992901588,0.0005327156609495497,900,100,900,7.9,7.9,100,4.8397178746770394e-05,7.997933924890554e-06,7.234910480106686e-06,2.143366516240036e-05,3.554881553028166e-05,5.3029935934417455e-05,3.165801481626679e-05,0.00017142117955385846,3.077512191042965e-05,1.7507424772411266e-05,2.351958512037921e-05,0.053456185680665486,0.006344889776246498,0.0530457042951475,0.17892987170306277,0.029157353463424608,0.016885795671220172,0.0001763402671384075,279.0,-1.0,0.4722185730934143,0.2570853,498.0,79.93866729736328,108066,0.2601987421512604,1.0,0.07570032775402069,972594,-0.103895403444767,271.0,279.0,972594,0.0,108066,498.0,271.0,1945188,651000,5859000,216132,11586.322769943385,6.2333543948443e-05,2.7593398478620446e-05,4.766067457898628e-05,1.0230483162647851e-05,9.144521644394517e-06,7.070683123843088e-05,2.4988985345066864e-05,4.278242168341409e-05,3.165243033084531e-05,4.182721435369363e-05,0.00021750251572415555
1,20000,False,10,d23ef_00000,2025-08-17_20-45-07,1755463507,92.00982189178467,949.053661108017,685888,intrinsic-attention2,10.156.0.3,949.053661108017,10,91.91265822283313,1.4933517019085926e-05,91.91241556280418,2.7207802174759474,88.84241451743516,0.002068071904096021,0.00027717900229617953,0.0016252052692288998,1000,2.0,10.5,2.688213460061136,2000,20000,2,-10.5,9.0,1.0067001111073661,0.00010868304196956453,4.855686692606494e-05,1.0067001111073661,8.49,10000,2,685.7256487722532,2000.0,3000.0,"[array([[1.1047447e-09, 1.0000000e+00, 2.1565569e-11],
       [6.1185045e-37, 1.0000000e+00, 7.5670117e-44],
       [1.7596448e-04, 9.9979025e-01, 3.3793749e-05]], dtype=float32), array([[7.6964185e-05, 9.9983263e-01, 9.0399553e-05],
       [0.0000000e+00, 1.0000000e+00, 0.0000000e+00],
       [1.4832784e-05, 9.9996734e-01, 1.7916271e-05]], dtype=float32), array([[6.8640382e-08, 9.9999988e-01, 2.3511122e-08],
       [1.4012985e-45, 1.0000000e+00, 0.0000000e+00],
       [1.9227149e-05, 9.9997127e-01, 9.4968127e-06]], dtype=float32), array([[3.1666413e-08, 1.0000000e+00, 1.0406090e-08],
       [0.0000000e+00, 1.0000000e+00, 0.0000000e+00],
       [1.0962606e-05, 9.9998379e-01, 5.2511350e-06]], dtype=float32), array([[4.2294952e-01, 4.8982871e-09, 5.7705045e-01],
       [1.2195622e-34, 1.0000000e+00, 3.2331949e-35],
       [4.1616666e-01, 9.3653518e-10, 5.8383334e-01]], dtype=float32), array([[1.2975852e-09, 1.0000000e+00, 2.0670146e-10],
       [0.0000000e+00, 1.0000000e+00, 0.0000000e+00],
       [5.4808579e-06, 9.9999273e-01, 1.8473295e-06]], dtype=float32), array([[5.9574123e-10, 1.0000000e+00, 8.8044128e-11],
       [0.0000000e+00, 1.0000000e+00, 0.0000000e+00],
       [3.4369548e-06, 9.9999547e-01, 1.1075485e-06]], dtype=float32), array([[2.7908595e-06, 9.9998927e-01, 8.0355558e-06],
       [0.0000000e+00, 1.0000000e+00, 0.0000000e+00],
       [2.5546176e-11, 1.0000000e+00, 1.9196744e-10]], dtype=float32), array([[9.9632251e-01, 1.8334316e-17, 3.6775393e-03],
       [0.0000000e+00, 1.0000000e+00, 2.1019477e-44],
       [9.0897298e-01, 1.2132993e-07, 9.1026895e-02]], dtype=float32), array([[9.4981027e-07, 9.9999607e-01, 2.9286755e-06],
       [0.0000000e+00, 1.0000000e+00, 0.0000000e+00],
       [4.4920339e-12, 1.0000000e+00, 3.7488582e-11]], dtype=float32), array([[1.7506451e-11, 1.0000000e+00, 1.8308770e-12],
       [0.0000000e+00, 1.0000000e+00, 0.0000000e+00],
       [4.5202336e-07, 9.9999940e-01, 1.1934247e-07]], dtype=float32), array([[1.4637729e-12, 1.0000000e+00, 1.0554227e-12],
       [0.0000000e+00, 1.0000000e+00, 0.0000000e+00],
       [7.3099920e-12, 1.0000000e+00, 5.3734413e-12]], dtype=float32), array([[2.2743654e-15, 1.0000000e+00, 4.6537281e-18],
       [0.0000000e+00, 1.0000000e+00, 0.0000000e+00],
       [3.9963049e-07, 9.9999964e-01, 2.6709767e-08]], dtype=float32), array([[4.8411104e-16, 1.0000000e+00, 7.8425532e-19],
       [0.0000000e+00, 1.0000000e+00, 0.0000000e+00],
       [1.9262016e-07, 9.9999976e-01, 1.1511636e-08]], dtype=float32), array([[3.5077946e-08, 1.0000000e+00, 4.4034032e-08],
       [0.0000000e+00, 1.0000000e+00, 0.0000000e+00],
       [4.0544608e-09, 1.0000000e+00, 5.2372133e-09]], dtype=float32), array([[1.7091710e-12, 1.0000000e+00, 3.6321076e-13],
       [0.0000000e+00, 1.0000000e+00, 0.0000000e+00],
       [7.5683033e-09, 1.0000000e+00, 2.5989211e-09]], dtype=float32), array([[7.7760265e-13, 1.0000000e+00, 1.6206128e-13],
       [0.0000000e+00, 1.0000000e+00, 0.0000000e+00],
       [4.0070640e-09, 1.0000000e+00, 1.3506138e-09]], dtype=float32), array([[2.5135726e-19, 1.0000000e+00, 4.6296398e-21],
       [0.0000000e+00, 1.0000000e+00, 0.0000000e+00],
       [2.4075593e-13, 1.0000000e+00, 1.6021040e-14]], dtype=float32), array([[2.8160389e-16, 1.0000000e+00, 1.3453692e-16],
       [0.0000000e+00, 1.0000000e+00, 0.0000000e+00],
       [1.0531855e-14, 1.0000000e+00, 5.4219134e-15]], dtype=float32), array([[1.1292122e-09, 1.0000000e+00, 4.9573496e-09],
       [0.0000000e+00, 1.0000000e+00, 0.0000000e+00],
       [1.7064444e-16, 1.0000000e+00, 2.3138767e-15]], dtype=float32), array([[6.1089951e-20, 1.0000000e+00, 2.5156203e-23],
       [0.0000000e+00, 1.0000000e+00, 0.0000000e+00],
       [2.7163516e-09, 1.0000000e+00, 8.4088764e-11]], dtype=float32), array([[9.89914060e-01, 3.01635980e-25, 1.00859925e-02],
       [0.00000000e+00, 1.00000000e+00, 0.00000000e+00],
       [9.58588064e-01, 1.53898674e-17, 4.14118916e-02]], dtype=float32), array([[1.1571137e-20, 1.0000000e+00, 4.1926364e-24],
       [0.0000000e+00, 1.0000000e+00, 0.0000000e+00],
       [1.1419979e-09, 1.0000000e+00, 3.2680976e-11]], dtype=float32), array([[1.07163729e-14, 1.00000000e+00, 2.08948883e-15],
       [0.00000000e+00, 1.00000000e+00, 0.00000000e+00],
       [1.10291255e-10, 1.00000000e+00, 3.43924680e-11]], dtype=float32), array([[1.6952604e-14, 1.0000000e+00, 3.4567796e-15],
       [0.0000000e+00, 1.0000000e+00, 0.0000000e+00],
       [1.3835733e-10, 1.0000000e+00, 4.4320117e-11]], dtype=float32), array([[4.7182353e-20, 1.0000000e+00, 2.3783459e-23],
       [0.0000000e+00, 1.0000000e+00, 0.0000000e+00],
       [1.6522773e-09, 1.0000000e+00, 5.2442453e-11]], dtype=float32), array([[1.7434032e-16, 1.0000000e+00, 6.0919900e-18],
       [0.0000000e+00, 1.0000000e+00, 0.0000000e+00],
       [4.8520515e-10, 1.0000000e+00, 6.6831901e-11]], dtype=float32), array([[9.9662530e-01, 9.6166138e-22, 3.3747614e-03],
       [0.0000000e+00, 1.0000000e+00, 0.0000000e+00],
       [9.2748088e-01, 3.5560849e-10, 7.2519191e-02]], dtype=float32), array([[7.4387715e-16, 1.0000000e+00, 3.1457274e-16],
       [0.0000000e+00, 1.0000000e+00, 0.0000000e+00],
       [6.4145493e-14, 1.0000000e+00, 3.0283833e-14]], dtype=float32), array([[2.0177256e-19, 1.0000000e+00, 1.3411991e-22],
       [0.0000000e+00, 1.0000000e+00, 0.0000000e+00],
       [2.3240569e-09, 1.0000000e+00, 7.9228270e-11]], dtype=float32), array([[7.6671580e-10, 1.0000000e+00, 1.0093313e-09],
       [0.0000000e+00, 1.0000000e+00, 0.0000000e+00],
       [6.4488831e-11, 1.0000000e+00, 8.7693519e-11]], dtype=float32)]","[array([-2.1776237, -2.1776237, -2.1776237], dtype=float32), array([-2.2164266, -2.2164266, -2.2164266], dtype=float32), array([-2.25664, -2.25664, -2.25664], dtype=float32), array([-2.2973938, -2.2973938, -2.2973938], dtype=float32), array([-2.3359249, -2.3359249, -2.3359249], dtype=float32), array([-2.3731441, -2.3731441, -2.3731441], dtype=float32), array([-2.409925, -2.409925, -2.409925], dtype=float32), array([-2.443645, -2.443645, -2.443645], dtype=float32), array([-2.4725344, -2.4725344, -2.4725344], dtype=float32), array([-2.4940093, -2.4940093, -2.4940093], dtype=float32), array([-2.5094147, -2.5094147, -2.5094147], dtype=float32), array([-2.5187542, -2.5187542, -2.5187542], dtype=float32), array([-2.514687, -2.514687, -2.514687], dtype=float32), array([-2.5110831, -2.5110831, -2.5110831], dtype=float32), array([-2.5074344, -2.5074344, -2.5074344], dtype=float32), array([-2.502358, -2.502358, -2.502358], dtype=float32), array([-2.497296, -2.497296, -2.497296], dtype=float32), array([-2.4907508, -2.4907508, -2.4907508], dtype=float32), array([-2.4842772, -2.4842772, -2.4842772], dtype=float32), array([-2.4770014, -2.4770014, -2.4770014], dtype=float32), array([-2.4704347, -2.4704347, -2.4704347], dtype=float32), array([-2.461699, -2.461699, -2.461699], dtype=float32), array([-2.453567, -2.453567, -2.453567], dtype=float32), array([-2.4425411, -2.4425411, -2.4425411], dtype=float32), array([-2.4292188, -2.4292188, -2.4292188], dtype=float32), array([-2.412004, -2.412004, -2.412004], dtype=float32), array([-2.3929613, -2.3929613, -2.3929613], dtype=float32), array([-2.3719459, -2.3719459, -2.3719459], dtype=float32), array([-2.3508143, -2.3508143, -2.3508143], dtype=float32), array([-2.327726, -2.327726, -2.327726], dtype=float32), array([-2.3045602, -2.3045602, -2.3045602], dtype=float32)]","[array([-2.1776237, -2.1776237, -2.1776237], dtype=float32), array([-2.2164266, -2.2164266, -2.2164266], dtype=float32), array([-2.2566395, -2.2566395, -2.2566395], dtype=float32), array([-2.2973938, -2.2973938, -2.2973938], dtype=float32), array([-2.3359249, -2.3359249, -2.3359249], dtype=float32), array([-2.3731444, -2.3731444, -2.3731444], dtype=float32), array([-2.4099252, -2.4099252, -2.4099252], dtype=float32), array([-2.4436448, -2.4436448, -2.4436448], dtype=float32), array([-2.4725344, -2.4725344, -2.4725344], dtype=float32), array([-2.4940093, -2.4940093, -2.4940093], dtype=float32), array([-2.5094147, -2.5094147, -2.5094147], dtype=float32), array([-2.5187542, -2.5187542, -2.5187542], dtype=float32), array([-2.5146873, -2.5146873, -2.5146873], dtype=float32), array([-2.5110831, -2.5110831, -2.5110831], dtype=float32), array([-2.5074344, -2.5074344, -2.5074344], dtype=float32), array([-2.5023582, -2.5023582, -2.5023582], dtype=float32), array([-2.4972963, -2.4972963, -2.4972963], dtype=float32), array([-2.4907506, -2.4907506, -2.4907506], dtype=float32), array([-2.4842775, -2.4842775, -2.4842775], dtype=float32), array([-2.4770017, -2.4770017, -2.4770017], dtype=float32), array([-2.4704342, -2.4704342, -2.4704342], dtype=float32), array([-2.4616988, -2.4616988, -2.4616988], dtype=float32), array([-2.4535668, -2.4535668, -2.4535668], dtype=float32), array([-2.4425411, -2.4425411, -2.4425411], dtype=float32), array([-2.429219, -2.429219, -2.429219], dtype=float32), array([-2.4120042, -2.4120042, -2.4120042], dtype=float32), array([-2.3929615, -2.3929615, -2.3929615], dtype=float32), array([-2.3719463, -2.3719463, -2.3719463], dtype=float32), array([-2.350814, -2.350814, -2.350814], dtype=float32), array([-2.3277261, -2.3277261, -2.3277261], dtype=float32), array([-2.3045597, -2.3045597, -2.3045597], dtype=float32)]",1,0,0,0,0,0,56.439694656488555,64.6145038167939,0.00016769938514435206,20000,8.49,0.00038901569522054513,20000,8.49,2000,2000,0.3387059954785845,0.0,81158,999.0,0.014793568290770054,0.21987922489643097,-0.042288485914468765,1.0,10.0,0.0013802934991,309690,0.3081153333187103,-0.04262542724609375,0.4722185432910919,0.10142529755830765,6116.349609375,30969,346.3225819497695,0.0,0.0,23810,999.0,30969,0.0393447157605,309690,1.0,10.0,0.0013802934991,346.32154066032496,0,93000,930000,61938,104968,619380,1040.0133852999907,6145872.67016218,6315649.496450145,2.0,20100,2,1.0066998255508928,6.9,10.5,0.0001534214051715502,6.428492222835167e-05,500,2,0.0022717743999965023,50,0.1871411657450066,10.0,0.0003226327179333207,-10.5,100,1.0066998255508928,0.0002361268578493291,0.0005431289955416748,1000,100,1000,6.9,6.9,100,4.712591314529158e-05,7.7752651171639e-06,7.09908525878214e-06,2.0801997497988454e-05,3.4423565188931706e-05,5.137069288610537e-05,2.9774048927875494e-05,0.00016682698933914722,3.0159516411457498e-05,1.7024744830685415e-05,2.2790497811390827e-05,0.053476944263893676,0.006348412518528391,0.05301720903215134,0.1788811844361094,0.029151023948841684,0.01688860316454217,0.00017631330449345754,310.0,-0.0706554651260376,0.4722185730934143,0.26922435,498.0,82.97695922851562,108066,0.2152058631181717,1.0,0.01669086143374443,1080660,-0.0823606327176094,301.0,310.0,1080660,0.0,108066,498.0,301.0,2161320,651000,6510000,216132,11480.098739808032,6.330106971503459e-05,2.813489062490006e-05,4.827779454939225e-05,1.0503588342840878e-05,9.256905970966139e-06,7.17978318085595e-05,2.4932043076600095e-05,4.3398626732236347e-05,3.234709164980331e-05,4.2824143633685426e-05,0.0002226348430864842
1,22000,False,11,d23ef_00000,2025-08-17_20-46-44,1755463604,96.84131932258606,1045.894980430603,685888,intrinsic-attention2,10.156.0.3,1045.894980430603,11,91.9598426808548,1.4915301881060265e-05,91.95959876823618,2.724809946711194,88.88283682490079,0.002072735925043274,0.00027717900229617953,0.002233650760608725,1000,2.0,10.5,2.692073915240509,2000,22000,2,-10.5,10.0,1.0067001111073661,0.0001552134646468089,6.235818590526387e-05,1.0067001111073661,8.78,11000,2,674.2657082313149,2000.0,3000.0,"[array([[2.0202790e-15, 1.0000000e+00, 8.5769455e-16],
       [0.0000000e+00, 1.0000000e+00, 0.0000000e+00],
       [1.6480564e-13, 1.0000000e+00, 7.8215849e-14]], dtype=float32), array([[1.3524242e-08, 1.0000000e+00, 4.6497856e-08],
       [0.0000000e+00, 1.0000000e+00, 0.0000000e+00],
       [8.5578314e-15, 1.0000000e+00, 7.7834271e-14]], dtype=float32), array([[4.8235577e-10, 1.0000000e+00, 6.2391714e-10],
       [0.0000000e+00, 1.0000000e+00, 0.0000000e+00],
       [5.2189499e-11, 1.0000000e+00, 6.9331069e-11]], dtype=float32), array([[6.7211030e-19, 1.0000000e+00, 1.2871951e-20],
       [0.0000000e+00, 1.0000000e+00, 0.0000000e+00],
       [1.0099190e-12, 1.0000000e+00, 7.4193947e-14]], dtype=float32), array([[2.9655494e-16, 1.0000000e+00, 9.9613837e-18],
       [0.0000000e+00, 1.0000000e+00, 0.0000000e+00],
       [4.4804355e-10, 1.0000000e+00, 5.8078736e-11]], dtype=float32), array([[2.9405302e-16, 1.0000000e+00, 9.7423645e-18],
       [0.0000000e+00, 1.0000000e+00, 0.0000000e+00],
       [4.3295528e-10, 1.0000000e+00, 5.5505441e-11]], dtype=float32), array([[2.8533730e-19, 1.0000000e+00, 1.7182818e-22],
       [0.0000000e+00, 1.0000000e+00, 0.0000000e+00],
       [1.6894931e-09, 1.0000000e+00, 5.0636308e-11]], dtype=float32), array([[2.3676708e-10, 1.0000000e+00, 2.9927821e-10],
       [0.0000000e+00, 1.0000000e+00, 0.0000000e+00],
       [3.4577625e-11, 1.0000000e+00, 4.4604723e-11]], dtype=float32), array([[3.1784739e-14, 1.0000000e+00, 6.2778321e-15],
       [0.0000000e+00, 1.0000000e+00, 0.0000000e+00],
       [1.3728403e-10, 1.0000000e+00, 4.1969289e-11]], dtype=float32), array([[2.0333817e-10, 1.0000000e+00, 2.5591546e-10],
       [0.0000000e+00, 1.0000000e+00, 0.0000000e+00],
       [3.1638355e-11, 1.0000000e+00, 4.0589983e-11]], dtype=float32), array([[1.0858415e-08, 1.0000000e+00, 3.6018520e-08],
       [0.0000000e+00, 1.0000000e+00, 0.0000000e+00],
       [1.9247777e-14, 1.0000000e+00, 1.5177744e-13]], dtype=float32), array([[2.1893634e-16, 1.0000000e+00, 6.7781636e-18],
       [0.0000000e+00, 1.0000000e+00, 0.0000000e+00],
       [2.9969408e-10, 1.0000000e+00, 3.6213064e-11]], dtype=float32), array([[2.1974124e-16, 1.0000000e+00, 6.7693004e-18],
       [0.0000000e+00, 1.0000000e+00, 0.0000000e+00],
       [2.9342473e-10, 1.0000000e+00, 3.5268753e-11]], dtype=float32), array([[3.1746991e-14, 1.0000000e+00, 6.3247531e-15],
       [0.0000000e+00, 1.0000000e+00, 0.0000000e+00],
       [1.1648633e-10, 1.0000000e+00, 3.5533916e-11]], dtype=float32), array([[2.3071243e-16, 1.0000000e+00, 7.0483092e-18],
       [0.0000000e+00, 1.0000000e+00, 0.0000000e+00],
       [2.8952485e-10, 1.0000000e+00, 3.4479825e-11]], dtype=float32), array([[1.1550303e-12, 1.0000000e+00, 1.4963661e-12],
       [0.0000000e+00, 1.0000000e+00, 0.0000000e+00],
       [2.1616817e-13, 1.0000000e+00, 2.8450617e-13]], dtype=float32), array([[1.2424443e-12, 1.0000000e+00, 1.6010030e-12],
       [0.0000000e+00, 1.0000000e+00, 0.0000000e+00],
       [2.4050946e-13, 1.0000000e+00, 3.1466084e-13]], dtype=float32), array([[4.8785426e-15, 1.0000000e+00, 1.7494532e-15],
       [0.0000000e+00, 1.0000000e+00, 0.0000000e+00],
       [7.9503542e-13, 1.0000000e+00, 3.3407232e-13]], dtype=float32), array([[1.3372009e-08, 1.0000000e+00, 4.2112887e-08],
       [0.0000000e+00, 1.0000000e+00, 0.0000000e+00],
       [4.7083068e-14, 1.0000000e+00, 3.2820431e-13]], dtype=float32), array([[9.9867636e-01, 4.4444524e-22, 1.3236317e-03],
       [0.0000000e+00, 1.0000000e+00, 0.0000000e+00],
       [9.4023263e-01, 1.2400769e-09, 5.9767388e-02]], dtype=float32), array([[9.6573138e-11, 1.0000000e+00, 1.1801758e-10],
       [0.0000000e+00, 1.0000000e+00, 0.0000000e+00],
       [2.1023855e-11, 1.0000000e+00, 2.6035228e-11]], dtype=float32), array([[1.8171525e-08, 1.0000000e+00, 5.5412649e-08],
       [0.0000000e+00, 1.0000000e+00, 0.0000000e+00],
       [9.1327851e-14, 1.0000000e+00, 5.9743123e-13]], dtype=float32), array([[2.2126541e-16, 1.0000000e+00, 6.4375662e-18],
       [0.0000000e+00, 1.0000000e+00, 0.0000000e+00],
       [2.4345678e-10, 1.0000000e+00, 2.7737519e-11]], dtype=float32), array([[5.3006700e-19, 1.0000000e+00, 3.7351622e-22],
       [0.0000000e+00, 1.0000000e+00, 0.0000000e+00],
       [1.0289127e-09, 1.0000000e+00, 2.8991814e-11]], dtype=float32), array([[2.1460677e-08, 9.9999988e-01, 6.4251473e-08],
       [0.0000000e+00, 1.0000000e+00, 0.0000000e+00],
       [1.3438556e-13, 1.0000000e+00, 8.4672254e-13]], dtype=float32), array([[1.1649343e-14, 1.0000000e+00, 4.0451791e-15],
       [0.0000000e+00, 1.0000000e+00, 0.0000000e+00],
       [2.1771042e-12, 1.0000000e+00, 8.9826286e-13]], dtype=float32), array([[1.22981805e-17, 1.00000000e+00, 2.67759347e-19],
       [0.00000000e+00, 1.00000000e+00, 0.00000000e+00],
       [1.15925073e-11, 1.00000000e+00, 9.75659657e-13]], dtype=float32), array([[1.8718137e-14, 1.0000000e+00, 1.0228818e-17],
       [0.0000000e+00, 1.0000000e+00, 0.0000000e+00],
       [3.8083855e-03, 9.9517703e-01, 1.0146023e-03]], dtype=float32), array([[4.9183835e-14, 1.0000000e+00, 1.0143658e-14],
       [0.0000000e+00, 1.0000000e+00, 0.0000000e+00],
       [1.1845915e-10, 1.0000000e+00, 3.6489291e-11]], dtype=float32), array([[1.7522259e-14, 1.0000000e+00, 6.1048875e-15],
       [0.0000000e+00, 1.0000000e+00, 0.0000000e+00],
       [3.1704123e-12, 1.0000000e+00, 1.3132543e-12]], dtype=float32), array([[5.2715202e-12, 1.0000000e+00, 6.5433548e-12],
       [0.0000000e+00, 1.0000000e+00, 0.0000000e+00],
       [1.2993218e-12, 1.0000000e+00, 1.6317082e-12]], dtype=float32)]","[array([-2.2798963, -2.2798963, -2.2798963], dtype=float32), array([-2.2563403, -2.2563403, -2.2563403], dtype=float32), array([-2.2346857, -2.2346857, -2.2346857], dtype=float32), array([-2.2113414, -2.2113414, -2.2113414], dtype=float32), array([-2.1902199, -2.1902199, -2.1902199], dtype=float32), array([-2.170097, -2.170097, -2.170097], dtype=float32), array([-2.1520505, -2.1520505, -2.1520505], dtype=float32), array([-2.1327684, -2.1327684, -2.1327684], dtype=float32), array([-2.1149793, -2.1149793, -2.1149793], dtype=float32), array([-2.098314, -2.098314, -2.098314], dtype=float32), array([-2.0810838, -2.0810838, -2.0810838], dtype=float32), array([-2.0658681, -2.0658681, -2.0658681], dtype=float32), array([-2.051489, -2.051489, -2.051489], dtype=float32), array([-2.036835, -2.036835, -2.036835], dtype=float32), array([-2.0233157, -2.0233157, -2.0233157], dtype=float32), array([-2.0096185, -2.0096185, -2.0096185], dtype=float32), array([-1.9959087, -1.9959087, -1.9959087], dtype=float32), array([-1.9846513, -1.9846513, -1.9846513], dtype=float32), array([-1.9731445, -1.9731445, -1.9731445], dtype=float32), array([-1.9636102, -1.9636102, -1.9636102], dtype=float32), array([-1.9538133, -1.9538133, -1.9538133], dtype=float32), array([-1.9448167, -1.9448167, -1.9448167], dtype=float32), array([-1.9358561, -1.9358561, -1.9358561], dtype=float32), array([-1.9254686, -1.9254686, -1.9254686], dtype=float32), array([-1.9166625, -1.9166625, -1.9166625], dtype=float32), array([-1.9077817, -1.9077817, -1.9077817], dtype=float32), array([-1.897587, -1.897587, -1.897587], dtype=float32), array([-1.8881948, -1.8881948, -1.8881948], dtype=float32), array([-1.8788295, -1.8788295, -1.8788295], dtype=float32), array([-1.869833, -1.869833, -1.869833], dtype=float32), array([-1.8598732, -1.8598732, -1.8598732], dtype=float32)]","[array([-2.2798967, -2.2798967, -2.2798967], dtype=float32), array([-2.2563403, -2.2563403, -2.2563403], dtype=float32), array([-2.234686, -2.234686, -2.234686], dtype=float32), array([-2.211341, -2.211341, -2.211341], dtype=float32), array([-2.1902199, -2.1902199, -2.1902199], dtype=float32), array([-2.1700969, -2.1700969, -2.1700969], dtype=float32), array([-2.152051, -2.152051, -2.152051], dtype=float32), array([-2.1327686, -2.1327686, -2.1327686], dtype=float32), array([-2.1149795, -2.1149795, -2.1149795], dtype=float32), array([-2.0983143, -2.0983143, -2.0983143], dtype=float32), array([-2.081084, -2.081084, -2.081084], dtype=float32), array([-2.0658681, -2.0658681, -2.0658681], dtype=float32), array([-2.0514894, -2.0514894, -2.0514894], dtype=float32), array([-2.0368352, -2.0368352, -2.0368352], dtype=float32), array([-2.0233157, -2.0233157, -2.0233157], dtype=float32), array([-2.0096188, -2.0096188, -2.0096188], dtype=float32), array([-1.9959084, -1.9959084, -1.9959084], dtype=float32), array([-1.9846511, -1.9846511, -1.9846511], dtype=float32), array([-1.9731445, -1.9731445, -1.9731445], dtype=float32), array([-1.9636106, -1.9636106, -1.9636106], dtype=float32), array([-1.9538134, -1.9538134, -1.9538134], dtype=float32), array([-1.944817, -1.944817, -1.944817], dtype=float32), array([-1.9358565, -1.9358565, -1.9358565], dtype=float32), array([-1.9254689, -1.9254689, -1.9254689], dtype=float32), array([-1.9166627, -1.9166627, -1.9166627], dtype=float32), array([-1.907782, -1.907782, -1.907782], dtype=float32), array([-1.8975868, -1.8975868, -1.8975868], dtype=float32), array([-1.8881943, -1.8881943, -1.8881943], dtype=float32), array([-1.8788292, -1.8788292, -1.8788292], dtype=float32), array([-1.8698334, -1.8698334, -1.8698334], dtype=float32), array([-1.8598737, -1.8598737, -1.8598737], dtype=float32)]",1,0,0,0,0,0,56.40942028985507,64.60434782608696,0.00022701746650947595,22000,8.78,0.0005208863179101636,22000,8.78,2000,2000,0.3414313319837379,0.0,81158,999.0,0.017014725133776665,0.15654627978801727,-0.05556853488087654,1.0,11.0,0.0013802934991,340659,0.29514792561531067,-0.007176637649536133,0.4722185432910919,0.10142529755830765,4221.263671875,30969,345.6795179864829,0.0,0.0,23810,999.0,30969,0.0393447157605,340659,1.0,11.0,0.0013802934991,345.6785320595925,0,93000,1023000,61938,104968,681318,1038.0819617342102,6123301.528827101,6304939.485360928,2.0,22100,2,1.006700047870376,8.7,10.5,0.00015384008056142418,6.481636024895987e-05,550,2,0.00231307584035676,50,0.1871612154975342,11.0,0.00032147363073815893,-10.5,100,1.006700047870376,0.000236689230530139,0.0005418454889421257,1100,100,1100,8.7,8.7,100,6.182194975426687e-05,9.981152347881963e-06,9.31160317531751e-06,2.7657226117113612e-05,4.651640518051563e-05,6.998245214986491e-05,4.084385055271262e-05,0.00021589600061257543,4.182343618716516e-05,2.4039962433904333e-05,3.0140488879019165e-05,0.053808095651365295,0.006392439713436288,0.05547157255184207,0.1787589230317345,0.02917115000923768,0.016882104312922436,0.00017620500142397338,341.0,-0.02411961555480957,0.4722185730934143,0.3102214,498.0,78.72919464111328,108066,0.152648463845253,1.0,0.013657193630933762,1188726,-0.040963638573884964,331.0,341.0,1188726,0.0,108066,498.0,331.0,2377452,651000,7161000,216132,11366.282488131292,6.314008218194644e-05,2.805593605898193e-05,4.900492798983611e-05,1.0573917863227252e-05,9.317584666113259e-06,7.164622849737431e-05,2.4601512170883636e-05,4.340859988275613e-05,3.231869247684831e-05,4.2601261287190785e-05,0.00022146073436503356
1,24000,False,12,d23ef_00000,2025-08-17_20-48-17,1755463697,93.37885737419128,1139.2738378047943,685888,intrinsic-attention2,10.156.0.3,1139.2738378047943,12,91.97198268019622,1.4920598815947284e-05,91.97173726831379,2.735535152584065,88.88217189327187,0.0020699718256811887,0.00027717900229617953,0.002328571650577942,1000,2.0,10.5,2.702639463378043,2000,24000,2,-10.5,11.0,1.0067001111073661,0.000164110322871163,6.582185602984928e-05,1.0067001111073661,9.04,12000,2,662.2886907892247,2000.0,3000.0,"[array([[6.3195772e-12, 1.0000000e+00, 7.8317136e-12],
       [0.0000000e+00, 1.0000000e+00, 0.0000000e+00],
       [1.5737304e-12, 1.0000000e+00, 1.9729780e-12]], dtype=float32), array([[6.6408727e-12, 1.0000000e+00, 8.2348815e-12],
       [0.0000000e+00, 1.0000000e+00, 0.0000000e+00],
       [1.6478310e-12, 1.0000000e+00, 2.0673042e-12]], dtype=float32), array([[7.4952856e-12, 1.0000000e+00, 9.3076128e-12],
       [0.0000000e+00, 1.0000000e+00, 0.0000000e+00],
       [1.8381865e-12, 1.0000000e+00, 2.3099337e-12]], dtype=float32), array([[8.4535445e-16, 1.0000000e+00, 2.8064822e-17],
       [0.0000000e+00, 1.0000000e+00, 0.0000000e+00],
       [4.8404047e-10, 1.0000000e+00, 5.9011011e-11]], dtype=float32), array([[3.3696852e-18, 1.0000000e+00, 3.3950986e-21],
       [0.0000000e+00, 1.0000000e+00, 0.0000000e+00],
       [2.0725623e-09, 1.0000000e+00, 6.7170679e-11]], dtype=float32), array([[3.9875962e-18, 1.0000000e+00, 4.1666065e-21],
       [0.0000000e+00, 1.0000000e+00, 0.0000000e+00],
       [2.2140889e-09, 1.0000000e+00, 7.2847194e-11]], dtype=float32), array([[2.9565714e-11, 1.0000000e+00, 3.6696163e-11],
       [0.0000000e+00, 1.0000000e+00, 0.0000000e+00],
       [7.0762818e-12, 1.0000000e+00, 8.8955258e-12]], dtype=float32), array([[3.4429450e-13, 1.0000000e+00, 1.3254938e-13],
       [0.0000000e+00, 1.0000000e+00, 0.0000000e+00],
       [4.2093148e-11, 1.0000000e+00, 1.9014602e-11]], dtype=float32), array([[8.8337981e-15, 1.0000000e+00, 3.7885706e-16],
       [0.0000000e+00, 1.0000000e+00, 0.0000000e+00],
       [1.7836981e-09, 1.0000000e+00, 2.5114852e-10]], dtype=float32), array([[9.658077e-17, 1.000000e+00, 1.876005e-19],
       [0.000000e+00, 1.000000e+00, 0.000000e+00],
       [8.687187e-09, 1.000000e+00, 3.749568e-10]], dtype=float32), array([[9.7385763e-14, 1.0000000e+00, 8.6657553e-13],
       [0.0000000e+00, 1.0000000e+00, 0.0000000e+00],
       [3.6521518e-19, 1.0000000e+00, 8.0859833e-18]], dtype=float32), array([[1.8853022e-12, 1.0000000e+00, 5.0956662e-13],
       [0.0000000e+00, 1.0000000e+00, 0.0000000e+00],
       [1.2004546e-09, 1.0000000e+00, 4.4365728e-10]], dtype=float32), array([[1.6800392e-09, 1.0000000e+00, 2.0494559e-09],
       [0.0000000e+00, 1.0000000e+00, 0.0000000e+00],
       [3.8784034e-10, 1.0000000e+00, 4.7999255e-10]], dtype=float32), array([[1.8235962e-16, 1.0000000e+00, 4.2077724e-19],
       [0.0000000e+00, 1.0000000e+00, 0.0000000e+00],
       [1.1018265e-08, 1.0000000e+00, 5.1153248e-10]], dtype=float32), array([[2.2686065e-12, 1.0000000e+00, 6.3766267e-13],
       [0.0000000e+00, 1.0000000e+00, 0.0000000e+00],
       [1.2594341e-09, 1.0000000e+00, 4.7743137e-10]], dtype=float32), array([[1.5704737e-16, 1.0000000e+00, 3.6190752e-19],
       [0.0000000e+00, 1.0000000e+00, 0.0000000e+00],
       [1.0162474e-08, 1.0000000e+00, 4.7107779e-10]], dtype=float32), array([[1.8785389e-09, 1.0000000e+00, 2.3105322e-09],
       [0.0000000e+00, 1.0000000e+00, 0.0000000e+00],
       [4.0261919e-10, 1.0000000e+00, 5.0312665e-10]], dtype=float32), array([[1.3593298e-06, 9.9999559e-01, 3.1187856e-06],
       [0.0000000e+00, 1.0000000e+00, 0.0000000e+00],
       [4.8627036e-11, 1.0000000e+00, 2.0935750e-10]], dtype=float32), array([[7.9914458e-10, 1.0000000e+00, 9.9534658e-10],
       [0.0000000e+00, 1.0000000e+00, 0.0000000e+00],
       [1.6588414e-10, 1.0000000e+00, 2.1004426e-10]], dtype=float32), array([[1.2578705e-14, 1.0000000e+00, 5.8668011e-16],
       [0.0000000e+00, 1.0000000e+00, 0.0000000e+00],
       [1.5358149e-09, 1.0000000e+00, 2.1991592e-10]], dtype=float32), array([[3.8111514e-10, 1.0000000e+00, 4.7971793e-10],
       [0.0000000e+00, 1.0000000e+00, 0.0000000e+00],
       [7.3820838e-11, 1.0000000e+00, 9.4552373e-11]], dtype=float32), array([[1.3578111e-15, 1.0000000e+00, 5.1217601e-17],
       [0.0000000e+00, 1.0000000e+00, 0.0000000e+00],
       [3.4137537e-10, 1.0000000e+00, 4.2350609e-11]], dtype=float32), array([[4.2620230e-10, 1.0000000e+00, 5.3510996e-10],
       [0.0000000e+00, 1.0000000e+00, 0.0000000e+00],
       [7.5416513e-11, 1.0000000e+00, 9.6433250e-11]], dtype=float32), array([[9.9999928e-01, 1.1833411e-30, 7.1096702e-07],
       [0.0000000e+00, 1.0000000e+00, 0.0000000e+00],
       [9.8256689e-01, 2.9458029e-09, 1.7433040e-02]], dtype=float32), array([[1.186720e-13, 1.000000e+00, 2.989878e-14],
       [0.000000e+00, 1.000000e+00, 0.000000e+00],
       [1.349614e-10, 1.000000e+00, 4.710407e-11]], dtype=float32), array([[1.6555336e-07, 9.9999940e-01, 4.3217065e-07],
       [0.0000000e+00, 1.0000000e+00, 0.0000000e+00],
       [1.5704351e-12, 1.0000000e+00, 8.3447069e-12]], dtype=float32), array([[4.0127658e-11, 1.0000000e+00, 5.1769925e-11],
       [0.0000000e+00, 1.0000000e+00, 0.0000000e+00],
       [6.6329355e-12, 1.0000000e+00, 8.7228384e-12]], dtype=float32), array([[8.7608320e-17, 1.0000000e+00, 2.5465038e-18],
       [0.0000000e+00, 1.0000000e+00, 0.0000000e+00],
       [5.6159397e-11, 1.0000000e+00, 5.8681783e-12]], dtype=float32), array([[5.6494831e-14, 1.0000000e+00, 2.0172535e-14],
       [0.0000000e+00, 1.0000000e+00, 0.0000000e+00],
       [1.1673694e-11, 1.0000000e+00, 4.9902231e-12]], dtype=float32), array([[3.31071162e-14, 1.00000000e+00, 1.16505875e-14],
       [0.00000000e+00, 1.00000000e+00, 0.00000000e+00],
       [7.24341377e-12, 1.00000000e+00, 3.05565642e-12]], dtype=float32), array([[6.1087164e-08, 9.9999976e-01, 1.6990680e-07],
       [0.0000000e+00, 1.0000000e+00, 0.0000000e+00],
       [3.3615027e-13, 1.0000000e+00, 1.9709846e-12]], dtype=float32)]","[array([-1.8511739, -1.8511739, -1.8511739], dtype=float32), array([-1.8444272, -1.8444272, -1.8444272], dtype=float32), array([-1.8307382, -1.8307382, -1.8307382], dtype=float32), array([-1.8188779, -1.8188779, -1.8188779], dtype=float32), array([-1.8093587, -1.8093587, -1.8093587], dtype=float32), array([-1.8011228, -1.8011228, -1.8011228], dtype=float32), array([-1.788359, -1.788359, -1.788359], dtype=float32), array([-1.7748886, -1.7748886, -1.7748886], dtype=float32), array([-1.7615969, -1.7615969, -1.7615969], dtype=float32), array([-1.7503123, -1.7503123, -1.7503123], dtype=float32), array([-1.7368795, -1.7368795, -1.7368795], dtype=float32), array([-1.7242377, -1.7242377, -1.7242377], dtype=float32), array([-1.7045653, -1.7045653, -1.7045653], dtype=float32), array([-1.6845479, -1.6845479, -1.6845479], dtype=float32), array([-1.6648275, -1.6648275, -1.6648275], dtype=float32), array([-1.6473013, -1.6473013, -1.6473013], dtype=float32), array([-1.632189, -1.632189, -1.632189], dtype=float32), array([-1.6180587, -1.6180587, -1.6180587], dtype=float32), array([-1.6045496, -1.6045496, -1.6045496], dtype=float32), array([-1.5926157, -1.5926157, -1.5926157], dtype=float32), array([-1.5762691, -1.5762691, -1.5762691], dtype=float32), array([-1.5599899, -1.5599899, -1.5599899], dtype=float32), array([-1.5450501, -1.5450501, -1.5450501], dtype=float32), array([-1.5313225, -1.5313225, -1.5313225], dtype=float32), array([-1.519671, -1.519671, -1.519671], dtype=float32), array([-1.5071139, -1.5071139, -1.5071139], dtype=float32), array([-1.4954498, -1.4954498, -1.4954498], dtype=float32), array([-1.4828649, -1.4828649, -1.4828649], dtype=float32), array([-1.4697132, -1.4697132, -1.4697132], dtype=float32), array([-1.4527315, -1.4527315, -1.4527315], dtype=float32), array([-1.4379694, -1.4379694, -1.4379694], dtype=float32)]","[array([-1.8511735, -1.8511735, -1.8511735], dtype=float32), array([-1.8444273, -1.8444273, -1.8444273], dtype=float32), array([-1.8307383, -1.8307383, -1.8307383], dtype=float32), array([-1.8188779, -1.8188779, -1.8188779], dtype=float32), array([-1.8093588, -1.8093588, -1.8093588], dtype=float32), array([-1.8011227, -1.8011227, -1.8011227], dtype=float32), array([-1.7883595, -1.7883595, -1.7883595], dtype=float32), array([-1.7748882, -1.7748882, -1.7748882], dtype=float32), array([-1.761597, -1.761597, -1.761597], dtype=float32), array([-1.7503123, -1.7503123, -1.7503123], dtype=float32), array([-1.7368796, -1.7368796, -1.7368796], dtype=float32), array([-1.7242377, -1.7242377, -1.7242377], dtype=float32), array([-1.7045659, -1.7045659, -1.7045659], dtype=float32), array([-1.684548, -1.684548, -1.684548], dtype=float32), array([-1.6648275, -1.6648275, -1.6648275], dtype=float32), array([-1.6473014, -1.6473014, -1.6473014], dtype=float32), array([-1.6321893, -1.6321893, -1.6321893], dtype=float32), array([-1.6180583, -1.6180583, -1.6180583], dtype=float32), array([-1.6045498, -1.6045498, -1.6045498], dtype=float32), array([-1.592616, -1.592616, -1.592616], dtype=float32), array([-1.5762693, -1.5762693, -1.5762693], dtype=float32), array([-1.5599898, -1.5599898, -1.5599898], dtype=float32), array([-1.5450503, -1.5450503, -1.5450503], dtype=float32), array([-1.5313221, -1.5313221, -1.5313221], dtype=float32), array([-1.5196712, -1.5196712, -1.5196712], dtype=float32), array([-1.5071139, -1.5071139, -1.5071139], dtype=float32), array([-1.4954499, -1.4954499, -1.4954499], dtype=float32), array([-1.482865, -1.482865, -1.482865], dtype=float32), array([-1.4697132, -1.4697132, -1.4697132], dtype=float32), array([-1.4527316, -1.4527316, -1.4527316], dtype=float32), array([-1.4379697, -1.4379697, -1.4379697], dtype=float32)]",1,0,0,0,0,0,56.374626865671644,64.68582089552237,0.00024557778713497105,24000,9.04,0.0005546321784148172,24000,9.04,2000,2000,0.3435101135238945,0.0,81158,999.0,0.002218355191871524,0.14039075374603271,-0.02969488874077797,1.0,12.0,0.0013802934991,371628,0.3195432126522064,-0.049713134765625,0.4722185432910919,0.050712648779153824,2088.81982421875,30969,345.5976178405382,0.0,0.0,23810,999.0,30969,0.0393447157605,371628,1.0,12.0,0.0013802934991,345.5966769814507,0,93000,1116000,61938,104968,743256,1037.8357462782296,6130483.132965125,6321111.148411171,2.0,24100,2,1.0067000971034235,9.1,10.5,0.00015467012927245828,6.431537585297374e-05,600,2,0.0023179516699747185,50,0.18716385077265502,12.0,0.0003201201543831977,-10.5,100,1.0067000971034235,0.00023661534785369403,0.000540624538315339,1200,100,1200,9.1,9.1,100,6.69398344350857e-05,1.0465041080923862e-05,9.841630013021859e-06,3.1495909429874454e-05,5.058599088735858e-05,7.492243324655858e-05,4.376454368990155e-05,0.0002289740516851335,4.4206095208995496e-05,2.5516895789428008e-05,3.210624381296703e-05,0.054214450384886516,0.006441437336209199,0.05577407534628278,0.1797730593213837,0.029363380699184972,0.016987745279922566,0.00017664102140639982,372.0,-0.02102065086364746,0.4722185730934143,0.34481218,498.0,80.09188842773438,108066,0.12826314568519592,1.0,0.002547531621530652,1296792,-0.004625912290066481,361.0,372.0,1296792,0.0,108066,498.0,361.0,2593584,651000,7812000,216132,11267.52930055642,6.299897101136248e-05,2.812426744528593e-05,4.8514677817743e-05,1.0594243831050869e-05,9.4946727212496e-06,7.162075906083374e-05,2.477393780402763e-05,4.313818798528431e-05,3.262867263199218e-05,4.271712901586413e-05,0.00022062279638083223
1,26000,False,13,d23ef_00000,2025-08-17_20-49-49,1755463789,91.57851529121399,1230.8523530960083,685888,intrinsic-attention2,10.156.0.3,1230.8523530960083,13,91.96634757953424,1.489524286862407e-05,91.96610107090062,2.735120097978154,88.8770820706792,0.0020669823274057585,0.00027717900229617953,0.0016308062108873855,1000,2.0,10.5,2.702241496404297,2000,26000,2,9.5,12.0,1.0067001111073661,0.00010615185064902836,4.732066901317766e-05,1.0067001111073661,10.0,13000,2,649.8778528810079,2000.0,3000.0,"[array([[1.5570402e-16, 1.0000000e+00, 4.8376533e-18],
       [0.0000000e+00, 1.0000000e+00, 0.0000000e+00],
       [1.8834172e-10, 1.0000000e+00, 2.2254334e-11]], dtype=float32), array([[3.4840694e-12, 1.0000000e+00, 4.6521623e-12],
       [0.0000000e+00, 1.0000000e+00, 0.0000000e+00],
       [4.6960851e-13, 1.0000000e+00, 6.4097702e-13]], dtype=float32), array([[2.7304787e-18, 1.0000000e+00, 5.7958956e-20],
       [0.0000000e+00, 1.0000000e+00, 0.0000000e+00],
       [4.8443532e-12, 1.0000000e+00, 4.0494290e-13]], dtype=float32), array([[9.9508075e-14, 1.0000000e+00, 1.7726389e-12],
       [0.0000000e+00, 1.0000000e+00, 0.0000000e+00],
       [3.8249041e-23, 1.0000000e+00, 5.4839877e-21]], dtype=float32), array([[4.8348756e-11, 1.0000000e+00, 6.2881748e-11],
       [0.0000000e+00, 1.0000000e+00, 0.0000000e+00],
       [5.8484008e-12, 1.0000000e+00, 7.7862118e-12]], dtype=float32), array([[3.9259606e-11, 1.0000000e+00, 5.1190802e-11],
       [0.0000000e+00, 1.0000000e+00, 0.0000000e+00],
       [4.6200990e-12, 1.0000000e+00, 6.1686294e-12]], dtype=float32), array([[3.43083231e-16, 1.00000000e+00, 1.06057445e-16],
       [0.00000000e+00, 1.00000000e+00, 0.00000000e+00],
       [1.28863432e-13, 1.00000000e+00, 4.84348889e-14]], dtype=float32), array([[2.8145903e-15, 1.0000000e+00, 6.0345200e-16],
       [0.0000000e+00, 1.0000000e+00, 0.0000000e+00],
       [1.0013457e-11, 1.0000000e+00, 3.1263000e-12]], dtype=float32), array([[2.4704327e-09, 1.0000000e+00, 8.4611891e-09],
       [0.0000000e+00, 1.0000000e+00, 0.0000000e+00],
       [2.2507942e-15, 1.0000000e+00, 1.8289833e-14]], dtype=float32), array([[1.7311425e-09, 1.0000000e+00, 6.0639631e-09],
       [0.0000000e+00, 1.0000000e+00, 0.0000000e+00],
       [1.3052812e-15, 1.0000000e+00, 1.0979171e-14]], dtype=float32), array([[1.2271069e-21, 1.0000000e+00, 4.1664709e-25],
       [0.0000000e+00, 1.0000000e+00, 0.0000000e+00],
       [6.3070334e-11, 1.0000000e+00, 1.2812580e-12]], dtype=float32), array([[5.0434533e-16, 1.0000000e+00, 9.8577364e-17],
       [0.0000000e+00, 1.0000000e+00, 0.0000000e+00],
       [3.0001806e-12, 1.0000000e+00, 8.7724711e-13]], dtype=float32), array([[2.1624917e-19, 1.0000000e+00, 3.5650838e-21],
       [0.0000000e+00, 1.0000000e+00, 0.0000000e+00],
       [4.5948072e-12, 1.0000000e+00, 3.7956644e-13]], dtype=float32), array([[3.7039117e-18, 1.0000000e+00, 7.2676778e-22],
       [0.0000000e+00, 1.0000000e+00, 0.0000000e+00],
       [2.1808644e-04, 9.9974555e-01, 3.6304329e-05]], dtype=float32), array([[5.1247705e-13, 1.0000000e+00, 6.9124616e-13],
       [0.0000000e+00, 1.0000000e+00, 0.0000000e+00],
       [4.4661777e-14, 1.0000000e+00, 6.1815909e-14]], dtype=float32), array([[5.7388319e-18, 1.0000000e+00, 8.5734975e-19],
       [0.0000000e+00, 1.0000000e+00, 0.0000000e+00],
       [1.3483924e-13, 1.0000000e+00, 3.2619273e-14]], dtype=float32), array([[4.2933711e-17, 1.0000000e+00, 6.3525049e-17],
       [0.0000000e+00, 1.0000000e+00, 0.0000000e+00],
       [3.4411834e-18, 1.0000000e+00, 5.2269406e-18]], dtype=float32), array([[4.5594787e-22, 1.0000000e+00, 4.0534399e-24],
       [0.0000000e+00, 1.0000000e+00, 0.0000000e+00],
       [1.3930988e-13, 1.0000000e+00, 8.0982508e-15]], dtype=float32), array([[2.7151687e-18, 1.0000000e+00, 4.0982771e-18],
       [0.0000000e+00, 1.0000000e+00, 0.0000000e+00],
       [2.0252827e-19, 1.0000000e+00, 3.1388183e-19]], dtype=float32), array([[6.0611095e-27, 1.0000000e+00, 1.8075027e-29],
       [0.0000000e+00, 1.0000000e+00, 0.0000000e+00],
       [4.5150926e-18, 1.0000000e+00, 9.6344382e-20]], dtype=float32), array([[6.6728570e-23, 1.0000000e+00, 1.3452054e-23],
       [0.0000000e+00, 1.0000000e+00, 0.0000000e+00],
       [1.3848739e-19, 1.0000000e+00, 3.5475175e-20]], dtype=float32), array([[1.6293492e-14, 1.0000000e+00, 2.2394389e-14],
       [0.0000000e+00, 1.0000000e+00, 0.0000000e+00],
       [1.1372667e-15, 1.0000000e+00, 1.6053457e-15]], dtype=float32), array([[5.16676093e-23, 1.00000000e+00, 1.04997552e-23],
       [0.00000000e+00, 1.00000000e+00, 0.00000000e+00],
       [1.03574386e-19, 1.00000000e+00, 2.66530211e-20]], dtype=float32), array([[8.0985699e-20, 1.0000000e+00, 9.0818736e-21],
       [0.0000000e+00, 1.0000000e+00, 0.0000000e+00],
       [1.0048301e-14, 1.0000000e+00, 2.0201558e-15]], dtype=float32), array([[2.0840290e-14, 1.0000000e+00, 2.8916553e-14],
       [0.0000000e+00, 1.0000000e+00, 0.0000000e+00],
       [1.3075188e-15, 1.0000000e+00, 1.8672128e-15]], dtype=float32), array([[1.0123840e-19, 1.0000000e+00, 1.1633365e-20],
       [0.0000000e+00, 1.0000000e+00, 0.0000000e+00],
       [1.1641880e-14, 1.0000000e+00, 2.3808245e-15]], dtype=float32), array([[3.4447318e-13, 1.0000000e+00, 2.1770628e-12],
       [0.0000000e+00, 1.0000000e+00, 0.0000000e+00],
       [1.7466405e-21, 1.0000000e+00, 3.7657827e-20]], dtype=float32), array([[3.7010004e-19, 1.0000000e+00, 5.8619819e-19],
       [0.0000000e+00, 1.0000000e+00, 0.0000000e+00],
       [2.0526993e-20, 1.0000000e+00, 3.3547654e-20]], dtype=float32), array([[2.0445585e-14, 1.0000000e+00, 2.8815302e-14],
       [0.0000000e+00, 1.0000000e+00, 0.0000000e+00],
       [1.0638774e-15, 1.0000000e+00, 1.5484285e-15]], dtype=float32), array([[1.7263912e-20, 1.0000000e+00, 2.8172043e-20],
       [0.0000000e+00, 1.0000000e+00, 0.0000000e+00],
       [8.1871827e-22, 1.0000000e+00, 1.3805789e-21]], dtype=float32), array([[1.4288930e-21, 1.0000000e+00, 1.3022526e-22],
       [0.0000000e+00, 1.0000000e+00, 0.0000000e+00],
       [6.5617636e-16, 1.0000000e+00, 1.1462776e-16]], dtype=float32)]","[array([-1.4233094, -1.4233094, -1.4233094], dtype=float32), array([-1.4103432, -1.4103432, -1.4103432], dtype=float32), array([-1.3982705, -1.3982705, -1.3982705], dtype=float32), array([-1.3860835, -1.3860835, -1.3860835], dtype=float32), array([-1.3751619, -1.3751619, -1.3751619], dtype=float32), array([-1.3649879, -1.3649879, -1.3649879], dtype=float32), array([-1.3545951, -1.3545951, -1.3545951], dtype=float32), array([-1.3445944, -1.3445944, -1.3445944], dtype=float32), array([-1.3345046, -1.3345046, -1.3345046], dtype=float32), array([-1.3247789, -1.3247789, -1.3247789], dtype=float32), array([-1.3163835, -1.3163835, -1.3163835], dtype=float32), array([-1.3083365, -1.3083365, -1.3083365], dtype=float32), array([-1.2995394, -1.2995394, -1.2995394], dtype=float32), array([-1.2907455, -1.2907455, -1.2907455], dtype=float32), array([-1.2824191, -1.2824191, -1.2824191], dtype=float32), array([-1.2745425, -1.2745425, -1.2745425], dtype=float32), array([-1.2651185, -1.2651185, -1.2651185], dtype=float32), array([-1.2569435, -1.2569435, -1.2569435], dtype=float32), array([-1.2497118, -1.2497118, -1.2497118], dtype=float32), array([-1.2427342, -1.2427342, -1.2427342], dtype=float32), array([-1.2352946, -1.2352946, -1.2352946], dtype=float32), array([-1.2282399, -1.2282399, -1.2282399], dtype=float32), array([-1.220485, -1.220485, -1.220485], dtype=float32), array([-1.2139556, -1.2139556, -1.2139556], dtype=float32), array([-1.2067707, -1.2067707, -1.2067707], dtype=float32), array([-1.1996676, -1.1996676, -1.1996676], dtype=float32), array([-1.1925209, -1.1925209, -1.1925209], dtype=float32), array([-1.185896, -1.185896, -1.185896], dtype=float32), array([-1.1788651, -1.1788651, -1.1788651], dtype=float32), array([-1.170722, -1.170722, -1.170722], dtype=float32), array([-1.1638108, -1.1638108, -1.1638108], dtype=float32)]","[array([-1.4233096, -1.4233096, -1.4233096], dtype=float32), array([-1.4103433, -1.4103433, -1.4103433], dtype=float32), array([-1.3982706, -1.3982706, -1.3982706], dtype=float32), array([-1.3860831, -1.3860831, -1.3860831], dtype=float32), array([-1.3751616, -1.3751616, -1.3751616], dtype=float32), array([-1.3649875, -1.3649875, -1.3649875], dtype=float32), array([-1.3545948, -1.3545948, -1.3545948], dtype=float32), array([-1.3445941, -1.3445941, -1.3445941], dtype=float32), array([-1.3345042, -1.3345042, -1.3345042], dtype=float32), array([-1.3247789, -1.3247789, -1.3247789], dtype=float32), array([-1.3163837, -1.3163837, -1.3163837], dtype=float32), array([-1.3083364, -1.3083364, -1.3083364], dtype=float32), array([-1.2995394, -1.2995394, -1.2995394], dtype=float32), array([-1.2907456, -1.2907456, -1.2907456], dtype=float32), array([-1.2824192, -1.2824192, -1.2824192], dtype=float32), array([-1.2745425, -1.2745425, -1.2745425], dtype=float32), array([-1.2651184, -1.2651184, -1.2651184], dtype=float32), array([-1.2569436, -1.2569436, -1.2569436], dtype=float32), array([-1.2497116, -1.2497116, -1.2497116], dtype=float32), array([-1.2427341, -1.2427341, -1.2427341], dtype=float32), array([-1.2352947, -1.2352947, -1.2352947], dtype=float32), array([-1.2282399, -1.2282399, -1.2282399], dtype=float32), array([-1.2204849, -1.2204849, -1.2204849], dtype=float32), array([-1.2139556, -1.2139556, -1.2139556], dtype=float32), array([-1.2067707, -1.2067707, -1.2067707], dtype=float32), array([-1.1996676, -1.1996676, -1.1996676], dtype=float32), array([-1.192521, -1.192521, -1.192521], dtype=float32), array([-1.1858962, -1.1858962, -1.1858962], dtype=float32), array([-1.1788651, -1.1788651, -1.1788651], dtype=float32), array([-1.170722, -1.170722, -1.170722], dtype=float32), array([-1.1638108, -1.1638108, -1.1638108], dtype=float32)]",1,0,0,0,0,0,56.49312977099237,64.7,0.00016475005502619597,26000,10.0,0.0003801152935801385,26000,10.0,2000,2000,0.34339572289852555,0.0,81158,999.0,0.001013834378682077,0.14378048479557037,-0.023451773449778557,1.0,13.0,0.0013802934991,402597,0.3256080150604248,-0.004139900207519531,0.4722185432910919,0.025356324389576912,775.1474609375,30969,345.571738646282,0.0,0.0,23810,999.0,30969,0.0393447157605,402597,1.0,13.0,0.0013802934991,345.57084451566806,0,93000,1209000,61938,104968,805194,1037.7577596563667,6130974.9998418,6329664.129245163,2.0,26100,2,1.0067001080061695,9.3,10.5,0.00012443928589383655,5.448291960767185e-05,650,2,0.0020900733504095113,50,0.18682336280488707,13.0,0.00031894864277044364,-10.5,100,1.0067001080061695,0.0001947647331412843,0.0004454991591363851,1300,100,1300,9.3,9.3,100,4.573625971660599e-05,7.6108564693946816e-06,6.884835219289535e-06,2.0251575037588604e-05,3.4407384207839674e-05,5.075711173654632e-05,2.9392122460857795e-05,0.00016118680781514923,2.9166291002336277e-05,1.6858670320663926e-05,2.250674334163446e-05,0.054208597701063885,0.006448255822911008,0.0557466455428,0.17970499737824752,0.029348790312207326,0.016979342257183817,0.00017655068114325357,403.0,-0.013311505317687988,0.4722185730934143,0.33790356,498.0,82.83456420898438,108066,0.141990527510643,1.0,0.0012418923433870077,1404858,-0.011306325905025005,391.0,403.0,1404858,0.0,108066,498.0,391.0,2809716,651000,8463000,216132,11175.886270981984,5.2026284546696955e-05,2.3882250436723266e-05,3.99990810432972e-05,8.968760138089915e-06,7.91723530368823e-06,5.8308144611012596e-05,1.9729801611850338e-05,3.4875111625911436e-05,2.6937057759014375e-05,3.530066404383281e-05,0.00018566984230834415
1,28000,False,14,d23ef_00000,2025-08-17_20-51-25,1755463885,96.49106955528259,1327.343422651291,685888,intrinsic-attention2,10.156.0.3,1327.343422651291,14,92.0094224614389,1.487858044608739e-05,92.00917445095163,2.745337371058326,88.90821179132247,0.0020647813841389775,0.00027717900229617953,0.0023080730899528133,1000,2.0,10.5,2.712289291320294,2000,28000,2,-10.5,13.0,1.0067001111073661,0.00015978852485543164,6.476908339403808e-05,1.0067001111073661,9.4,14000,2,637.1063329385647,2000.0,3000.0,"[array([[4.2049707e-16, 1.0000000e+00, 6.0965990e-16],
       [0.0000000e+00, 1.0000000e+00, 0.0000000e+00],
       [1.6755905e-17, 1.0000000e+00, 2.5129137e-17]], dtype=float32), array([[1.1293851e-23, 1.0000000e+00, 1.9440022e-23],
       [0.0000000e+00, 1.0000000e+00, 0.0000000e+00],
       [4.1134082e-25, 1.0000000e+00, 7.3255901e-25]], dtype=float32), array([[1.3540751e-17, 1.0000000e+00, 2.0071336e-17],
       [0.0000000e+00, 1.0000000e+00, 0.0000000e+00],
       [4.4570099e-19, 1.0000000e+00, 6.8391443e-19]], dtype=float32), array([[3.9472651e-32, 1.0000000e+00, 4.3320960e-33],
       [0.0000000e+00, 1.0000000e+00, 0.0000000e+00],
       [1.1131211e-27, 1.0000000e+00, 1.6708196e-28]], dtype=float32), array([[1.13531816e-34, 1.00000000e+00, 1.02929956e-35],
       [0.00000000e+00, 1.00000000e+00, 0.00000000e+00],
       [6.67693280e-30, 1.00000000e+00, 8.48184061e-31]], dtype=float32), array([[1.1964286e-41, 1.0000000e+00, 0.0000000e+00],
       [0.0000000e+00, 1.0000000e+00, 0.0000000e+00],
       [2.3630402e-19, 1.0000000e+00, 1.3283224e-22]], dtype=float32), array([[2.3927252e-22, 1.0000000e+00, 3.6096389e-22],
       [0.0000000e+00, 1.0000000e+00, 0.0000000e+00],
       [6.5030033e-24, 1.0000000e+00, 1.0106919e-23]], dtype=float32), array([[1.6946457e-37, 1.0000000e+00, 3.2421585e-37],
       [0.0000000e+00, 1.0000000e+00, 0.0000000e+00],
       [4.6798478e-39, 1.0000000e+00, 9.2031216e-39]], dtype=float32), array([[2.0907979e-36, 1.0000000e+00, 2.1015106e-38],
       [0.0000000e+00, 1.0000000e+00, 0.0000000e+00],
       [1.1185834e-25, 1.0000000e+00, 4.4832348e-27]], dtype=float32), array([[3.2039867e-27, 1.0000000e+00, 4.8086164e-27],
       [0.0000000e+00, 1.0000000e+00, 0.0000000e+00],
       [9.6225671e-29, 1.0000000e+00, 1.4782665e-28]], dtype=float32), array([[6.3924714e-40, 1.0000000e+00, 3.5789163e-42],
       [0.0000000e+00, 1.0000000e+00, 0.0000000e+00],
       [6.3965069e-28, 1.0000000e+00, 1.7520788e-29]], dtype=float32), array([[4.5483183e-33, 1.0000000e+00, 4.9229022e-31],
       [0.0000000e+00, 1.0000000e+00, 0.0000000e+00],
       [0.0000000e+00, 1.0000000e+00, 0.0000000e+00]], dtype=float32), array([[0.0e+00, 1.0e+00, 0.0e+00],
       [0.0e+00, 1.0e+00, 0.0e+00],
       [4.3e-43, 1.0e+00, 0.0e+00]], dtype=float32), array([[0.0e+00, 1.0e+00, 0.0e+00],
       [0.0e+00, 1.0e+00, 0.0e+00],
       [3.1e-44, 1.0e+00, 0.0e+00]], dtype=float32), array([[3.5980907e-37, 1.0000000e+00, 1.8777960e-33],
       [0.0000000e+00, 1.0000000e+00, 0.0000000e+00],
       [0.0000000e+00, 1.0000000e+00, 0.0000000e+00]], dtype=float32), array([[0.0000000e+00, 1.0000000e+00, 0.0000000e+00],
       [0.0000000e+00, 1.0000000e+00, 0.0000000e+00],
       [1.4149223e-26, 1.0000000e+00, 3.5263049e-29]], dtype=float32), array([[0.0e+00, 1.0e+00, 0.0e+00],
       [0.0e+00, 1.0e+00, 0.0e+00],
       [1.4e-44, 1.0e+00, 0.0e+00]], dtype=float32), array([[1.1341751e-27, 1.0000000e+00, 1.6963423e-27],
       [0.0000000e+00, 1.0000000e+00, 0.0000000e+00],
       [3.5697780e-29, 1.0000000e+00, 5.4603563e-29]], dtype=float32), array([[1.5097626e-31, 1.0000000e+00, 1.2324029e-29],
       [0.0000000e+00, 1.0000000e+00, 0.0000000e+00],
       [0.0000000e+00, 1.0000000e+00, 1.2611686e-44]], dtype=float32), array([[3.8801602e-31, 1.0000000e+00, 6.6605567e-28],
       [0.0000000e+00, 1.0000000e+00, 0.0000000e+00],
       [0.0000000e+00, 1.0000000e+00, 0.0000000e+00]], dtype=float32), array([[5.3682382e-38, 1.0000000e+00, 1.1046468e-37],
       [0.0000000e+00, 1.0000000e+00, 0.0000000e+00],
       [9.2922624e-40, 1.0000000e+00, 1.9784457e-39]], dtype=float32), array([[0.0000000e+00, 1.0000000e+00, 0.0000000e+00],
       [0.0000000e+00, 1.0000000e+00, 0.0000000e+00],
       [3.3039373e-21, 1.0000000e+00, 1.0151542e-24]], dtype=float32), array([[4.2123025e-26, 1.0000000e+00, 1.6160354e-24],
       [0.0000000e+00, 1.0000000e+00, 0.0000000e+00],
       [4.3495183e-40, 1.0000000e+00, 1.2456033e-37]], dtype=float32), array([[2.1101173e-35, 1.0000000e+00, 4.5777306e-35],
       [0.0000000e+00, 1.0000000e+00, 0.0000000e+00],
       [2.5686357e-37, 1.0000000e+00, 5.8159554e-37]], dtype=float32), array([[3.6728033e-41, 1.0000000e+00, 1.8104776e-42],
       [0.0000000e+00, 1.0000000e+00, 0.0000000e+00],
       [2.3017396e-35, 1.0000000e+00, 1.7463407e-36]], dtype=float32), array([[3.0514255e-40, 1.0000000e+00, 1.6182195e-41],
       [0.0000000e+00, 1.0000000e+00, 0.0000000e+00],
       [1.4590347e-34, 1.0000000e+00, 1.1800887e-35]], dtype=float32), array([[0.0000000e+00, 1.0000000e+00, 0.0000000e+00],
       [0.0000000e+00, 1.0000000e+00, 0.0000000e+00],
       [5.1732454e-32, 1.0000000e+00, 5.2392725e-35]], dtype=float32), array([[1.0152968e-40, 1.0000000e+00, 0.0000000e+00],
       [0.0000000e+00, 1.0000000e+00, 0.0000000e+00],
       [2.5694835e-18, 1.0000000e+00, 2.9694360e-21]], dtype=float32), array([[1.1631120e-32, 1.0000000e+00, 2.5877318e-32],
       [0.0000000e+00, 1.0000000e+00, 0.0000000e+00],
       [1.1332932e-34, 1.0000000e+00, 2.6516230e-34]], dtype=float32), array([[1.0684281e-38, 1.0000000e+00, 6.1861582e-40],
       [0.0000000e+00, 1.0000000e+00, 0.0000000e+00],
       [3.5333538e-33, 1.0000000e+00, 3.0954293e-34]], dtype=float32), array([[1.224877e-27, 1.000000e+00, 6.787337e-29],
       [0.000000e+00, 1.000000e+00, 0.000000e+00],
       [6.051174e-20, 1.000000e+00, 7.667100e-21]], dtype=float32)]","[array([-1.1568283, -1.1568283, -1.1568283], dtype=float32), array([-1.1506376, -1.1506376, -1.1506376], dtype=float32), array([-1.1449821, -1.1449821, -1.1449821], dtype=float32), array([-1.1401026, -1.1401026, -1.1401026], dtype=float32), array([-1.1355085, -1.1355085, -1.1355085], dtype=float32), array([-1.13175, -1.13175, -1.13175], dtype=float32), array([-1.1284485, -1.1284485, -1.1284485], dtype=float32), array([-1.1259612, -1.1259612, -1.1259612], dtype=float32), array([-1.1236907, -1.1236907, -1.1236907], dtype=float32), array([-1.1215287, -1.1215287, -1.1215287], dtype=float32), array([-1.1195456, -1.1195456, -1.1195456], dtype=float32), array([-1.1180152, -1.1180152, -1.1180152], dtype=float32), array([-1.1165075, -1.1165075, -1.1165075], dtype=float32), array([-1.1153905, -1.1153905, -1.1153905], dtype=float32), array([-1.1143062, -1.1143062, -1.1143062], dtype=float32), array([-1.1137314, -1.1137314, -1.1137314], dtype=float32), array([-1.1136609, -1.1136609, -1.1136609], dtype=float32), array([-1.1136969, -1.1136969, -1.1136969], dtype=float32), array([-1.1137629, -1.1137629, -1.1137629], dtype=float32), array([-1.1139467, -1.1139467, -1.1139467], dtype=float32), array([-1.1144037, -1.1144037, -1.1144037], dtype=float32), array([-1.1150029, -1.1150029, -1.1150029], dtype=float32), array([-1.1153392, -1.1153392, -1.1153392], dtype=float32), array([-1.1157435, -1.1157435, -1.1157435], dtype=float32), array([-1.1159742, -1.1159742, -1.1159742], dtype=float32), array([-1.1160831, -1.1160831, -1.1160831], dtype=float32), array([-1.115801, -1.115801, -1.115801], dtype=float32), array([-1.1159648, -1.1159648, -1.1159648], dtype=float32), array([-1.1163472, -1.1163472, -1.1163472], dtype=float32), array([-1.1163712, -1.1163712, -1.1163712], dtype=float32), array([-1.1160632, -1.1160632, -1.1160632], dtype=float32)]","[array([-1.1568284, -1.1568284, -1.1568284], dtype=float32), array([-1.1506376, -1.1506376, -1.1506376], dtype=float32), array([-1.1449822, -1.1449822, -1.1449822], dtype=float32), array([-1.1401029, -1.1401029, -1.1401029], dtype=float32), array([-1.1355088, -1.1355088, -1.1355088], dtype=float32), array([-1.1317496, -1.1317496, -1.1317496], dtype=float32), array([-1.1284485, -1.1284485, -1.1284485], dtype=float32), array([-1.1259612, -1.1259612, -1.1259612], dtype=float32), array([-1.1236908, -1.1236908, -1.1236908], dtype=float32), array([-1.1215287, -1.1215287, -1.1215287], dtype=float32), array([-1.1195456, -1.1195456, -1.1195456], dtype=float32), array([-1.1180152, -1.1180152, -1.1180152], dtype=float32), array([-1.1165075, -1.1165075, -1.1165075], dtype=float32), array([-1.1153903, -1.1153903, -1.1153903], dtype=float32), array([-1.1143061, -1.1143061, -1.1143061], dtype=float32), array([-1.1137314, -1.1137314, -1.1137314], dtype=float32), array([-1.1136609, -1.1136609, -1.1136609], dtype=float32), array([-1.1136966, -1.1136966, -1.1136966], dtype=float32), array([-1.113763, -1.113763, -1.113763], dtype=float32), array([-1.1139464, -1.1139464, -1.1139464], dtype=float32), array([-1.1144037, -1.1144037, -1.1144037], dtype=float32), array([-1.115003, -1.115003, -1.115003], dtype=float32), array([-1.1153392, -1.1153392, -1.1153392], dtype=float32), array([-1.1157435, -1.1157435, -1.1157435], dtype=float32), array([-1.1159741, -1.1159741, -1.1159741], dtype=float32), array([-1.1160831, -1.1160831, -1.1160831], dtype=float32), array([-1.1158011, -1.1158011, -1.1158011], dtype=float32), array([-1.1159648, -1.1159648, -1.1159648], dtype=float32), array([-1.116347, -1.116347, -1.116347], dtype=float32), array([-1.1163712, -1.1163712, -1.1163712], dtype=float32), array([-1.1160635, -1.1160635, -1.1160635], dtype=float32)]",1,0,0,0,0,0,56.184671532846714,64.6992700729927,0.00023417625291369162,28000,9.4,0.000542814195946539,28000,9.4,2000,2000,0.34511806348946206,0.0,81158,999.0,0.0006676632328890264,0.12074635177850723,-0.001256307470612228,1.0,14.0,0.0013802934991,433566,0.3478007912635803,0.00023448467254638672,0.4722185432910919,0.012678162194788456,68.06887817382812,30969,345.15914973223846,0.0,0.0,23810,999.0,30969,0.0393447157605,433566,1.0,14.0,0.0013802934991,345.1582964963591,0,93000,1302000,61938,104968,867132,1036.5185109138627,6127411.827808828,6331841.990030475,2.0,28100,2,1.0067001104206028,9.9,10.5,0.00015929237296686378,6.328252130702056e-05,700,2,0.002164440350024961,50,0.1869432967469272,14.0,0.00031777425637809,9.5,100,1.0067001104206028,0.00023989259745508658,0.0005423216233143064,1400,100,1400,9.9,9.9,100,6.502379844004421e-05,1.0223849811108914e-05,9.592409269721306e-06,2.7972902855237078e-05,4.798066176520633e-05,7.373368392970055e-05,4.2441865569742884e-05,0.00022384220073078288,4.2886564376131904e-05,2.455284263360435e-05,3.1359560910081046e-05,0.05453642788406212,0.006495130904662168,0.05604855740739145,0.18046862557444035,0.029517292329089524,0.017085645644587547,0.00017689026428405893,434.0,-0.003441452980041504,0.4722185730934143,0.35201666,498.0,82.45581817626953,108066,0.12000780552625656,1.0,0.0010708527406677604,1512924,0.002803848357871175,421.0,434.0,1512924,0.0,108066,498.0,421.0,3025848,651000,9114000,216132,11079.025447489394,6.540602311607559e-05,2.774579446882262e-05,4.934035181502823e-05,1.0373711964250205e-05,9.38552560240177e-06,7.145549582938722e-05,2.3577466860140866e-05,4.504485709119116e-05,3.137793438501845e-05,4.268776269962678e-05,0.00022186694318367098
1,30000,False,15,d23ef_00000,2025-08-17_20-53-00,1755463980,94.40988302230835,1421.7533056735992,685888,intrinsic-attention2,10.156.0.3,1421.7533056735992,15,92.03137990921459,1.4876224598284327e-05,92.03113047121222,2.7530113765376867,88.92265033977928,0.0020628585803110283,0.00027717900229617953,0.0015447706295526587,1000,2.0,10.5,2.7199901729870906,2000,30000,2,-9.5,14.0,1.0067001111073661,0.00010173031643125185,4.644312820964736e-05,1.0067001111073661,9.61,15000,2,624.039179196053,2000.0,3000.0,"[array([[9.8734649e-40, 1.0000000e+00, 0.0000000e+00],
       [0.0000000e+00, 1.0000000e+00, 0.0000000e+00],
       [8.1700712e-18, 1.0000000e+00, 1.1824139e-20]], dtype=float32), array([[3.8002786e-32, 1.0000000e+00, 8.3547667e-32],
       [0.0000000e+00, 1.0000000e+00, 0.0000000e+00],
       [3.9344228e-34, 1.0000000e+00, 9.0911025e-34]], dtype=float32), array([[1.77507801e-39, 1.00000000e+00, 0.00000000e+00],
       [0.00000000e+00, 1.00000000e+00, 0.00000000e+00],
       [1.04364534e-17, 1.00000000e+00, 1.58141795e-20]], dtype=float32), array([[5.5777350e-33, 1.0000000e+00, 4.6279623e-36],
       [0.0000000e+00, 1.0000000e+00, 0.0000000e+00],
       [8.2719250e-19, 1.0000000e+00, 1.5497424e-20]], dtype=float32), array([[3.1878210e-27, 1.0000000e+00, 1.8771275e-28],
       [0.0000000e+00, 1.0000000e+00, 0.0000000e+00],
       [1.1167152e-19, 1.0000000e+00, 1.4728689e-20]], dtype=float32), array([[2.7021165e-27, 1.0000000e+00, 1.5701048e-28],
       [0.0000000e+00, 1.0000000e+00, 0.0000000e+00],
       [9.9473613e-20, 1.0000000e+00, 1.2997229e-20]], dtype=float32), array([[4.20389539e-45, 1.00000000e+00, 0.00000000e+00],
       [0.00000000e+00, 1.00000000e+00, 0.00000000e+00],
       [7.85298311e-31, 1.00000000e+00, 1.02462305e-33]], dtype=float32), array([[2.7617093e-38, 1.0000000e+00, 1.5222712e-39],
       [0.0000000e+00, 1.0000000e+00, 0.0000000e+00],
       [1.1019603e-32, 1.0000000e+00, 9.3580279e-34]], dtype=float32), array([[4.4611603e-19, 1.0000000e+00, 6.9183365e-19],
       [0.0000000e+00, 1.0000000e+00, 0.0000000e+00],
       [5.7011836e-21, 1.0000000e+00, 9.2508640e-21]], dtype=float32), array([[4.2038954e-45, 1.0000000e+00, 0.0000000e+00],
       [0.0000000e+00, 1.0000000e+00, 0.0000000e+00],
       [8.7304774e-31, 1.0000000e+00, 1.1339381e-33]], dtype=float32), array([[0.000000e+00, 1.000000e+00, 0.000000e+00],
       [0.000000e+00, 1.000000e+00, 0.000000e+00],
       [1.479438e-39, 1.000000e+00, 2.289582e-41]], dtype=float32), array([[2.2779769e-23, 1.0000000e+00, 5.4700701e-22],
       [0.0000000e+00, 1.0000000e+00, 0.0000000e+00],
       [1.0761977e-35, 1.0000000e+00, 1.4581285e-33]], dtype=float32), array([[2.9921007e-19, 1.0000000e+00, 4.5882747e-19],
       [0.0000000e+00, 1.0000000e+00, 0.0000000e+00],
       [4.5130021e-21, 1.0000000e+00, 7.2176743e-21]], dtype=float32), array([[2.4293336e-19, 1.0000000e+00, 3.7900103e-19],
       [0.0000000e+00, 1.0000000e+00, 0.0000000e+00],
       [2.7806345e-21, 1.0000000e+00, 4.5440452e-21]], dtype=float32), array([[4.4026964e-35, 1.0000000e+00, 9.5234288e-35],
       [0.0000000e+00, 1.0000000e+00, 0.0000000e+00],
       [5.1903701e-37, 1.0000000e+00, 1.1724198e-36]], dtype=float32), array([[7.6199481e-37, 1.0000000e+00, 2.3804137e-40],
       [0.0000000e+00, 1.0000000e+00, 0.0000000e+00],
       [1.3863321e-20, 1.0000000e+00, 1.6391270e-22]], dtype=float32), array([[9.545450e-39, 1.000000e+00, 2.125115e-38],
       [0.000000e+00, 1.000000e+00, 0.000000e+00],
       [1.072400e-40, 1.000000e+00, 2.487501e-40]], dtype=float32), array([[1.2495572e-31, 1.0000000e+00, 3.5602781e-33],
       [0.0000000e+00, 1.0000000e+00, 0.0000000e+00],
       [5.2110031e-22, 1.0000000e+00, 4.4946142e-23]], dtype=float32), array([[0.0000000e+00, 1.0000000e+00, 0.0000000e+00],
       [0.0000000e+00, 1.0000000e+00, 0.0000000e+00],
       [5.7270295e-38, 1.0000000e+00, 1.4186746e-41]], dtype=float32), array([[1.3889734e-20, 1.0000000e+00, 2.2092508e-20],
       [0.0000000e+00, 1.0000000e+00, 0.0000000e+00],
       [8.7108848e-23, 1.0000000e+00, 1.4587097e-22]], dtype=float32), array([[5.9377915e-31, 1.0000000e+00, 1.7605781e-32],
       [0.0000000e+00, 1.0000000e+00, 0.0000000e+00],
       [3.0760038e-21, 1.0000000e+00, 2.8254453e-22]], dtype=float32), array([[5.7735197e-20, 1.0000000e+00, 9.3674521e-20],
       [0.0000000e+00, 1.0000000e+00, 0.0000000e+00],
       [2.4718635e-22, 1.0000000e+00, 4.2567651e-22]], dtype=float32), array([[4.1004772e-28, 1.0000000e+00, 2.6896025e-26],
       [0.0000000e+00, 1.0000000e+00, 0.0000000e+00],
       [3.0828566e-44, 1.0000000e+00, 2.3939783e-41]], dtype=float32), array([[4.2038954e-45, 1.0000000e+00, 0.0000000e+00],
       [0.0000000e+00, 1.0000000e+00, 0.0000000e+00],
       [1.2235610e-18, 1.0000000e+00, 1.0365057e-21]], dtype=float32), array([[1.8487778e-30, 1.0000000e+00, 5.6531181e-32],
       [0.0000000e+00, 1.0000000e+00, 0.0000000e+00],
       [1.1663492e-20, 1.0000000e+00, 1.1257388e-21]], dtype=float32), array([[9.5095950e-28, 1.0000000e+00, 6.5988806e-26],
       [0.0000000e+00, 1.0000000e+00, 0.0000000e+00],
       [2.6624671e-44, 1.0000000e+00, 2.4406415e-41]], dtype=float32), array([[1.8072771e-27, 1.0000000e+00, 1.2539253e-25],
       [0.0000000e+00, 1.0000000e+00, 0.0000000e+00],
       [4.0637655e-44, 1.0000000e+00, 3.9264383e-41]], dtype=float32), array([[3.95091974e-35, 1.00000000e+00, 2.49581514e-38],
       [0.00000000e+00, 1.00000000e+00, 0.00000000e+00],
       [6.34627338e-19, 1.00000000e+00, 1.28873794e-20]], dtype=float32), array([[8.068538e-27, 1.000000e+00, 5.432983e-25],
       [0.000000e+00, 1.000000e+00, 0.000000e+00],
       [1.443337e-43, 1.000000e+00, 1.452838e-40]], dtype=float32), array([[1.6170944e-26, 1.0000000e+00, 1.0700429e-24],
       [0.0000000e+00, 1.0000000e+00, 0.0000000e+00],
       [2.7185190e-43, 1.0000000e+00, 2.7479183e-40]], dtype=float32), array([[2.1944334e-42, 1.0000000e+00, 0.0000000e+00],
       [0.0000000e+00, 1.0000000e+00, 0.0000000e+00],
       [6.6396147e-17, 1.0000000e+00, 1.1149359e-19]], dtype=float32)]","[array([-1.1162374, -1.1162374, -1.1162374], dtype=float32), array([-1.1165458, -1.1165458, -1.1165458], dtype=float32), array([-1.1168288, -1.1168288, -1.1168288], dtype=float32), array([-1.1170815, -1.1170815, -1.1170815], dtype=float32), array([-1.1173704, -1.1173704, -1.1173704], dtype=float32), array([-1.1178569, -1.1178569, -1.1178569], dtype=float32), array([-1.1184179, -1.1184179, -1.1184179], dtype=float32), array([-1.118962, -1.118962, -1.118962], dtype=float32), array([-1.119648, -1.119648, -1.119648], dtype=float32), array([-1.1205232, -1.1205232, -1.1205232], dtype=float32), array([-1.1216127, -1.1216127, -1.1216127], dtype=float32), array([-1.1229144, -1.1229144, -1.1229144], dtype=float32), array([-1.1239913, -1.1239913, -1.1239913], dtype=float32), array([-1.1257993, -1.1257993, -1.1257993], dtype=float32), array([-1.1265802, -1.1265802, -1.1265802], dtype=float32), array([-1.1272895, -1.1272895, -1.1272895], dtype=float32), array([-1.1278306, -1.1278306, -1.1278306], dtype=float32), array([-1.1282407, -1.1282407, -1.1282407], dtype=float32), array([-1.1287383, -1.1287383, -1.1287383], dtype=float32), array([-1.1291854, -1.1291854, -1.1291854], dtype=float32), array([-1.129632, -1.129632, -1.129632], dtype=float32), array([-1.1302015, -1.1302015, -1.1302015], dtype=float32), array([-1.1309663, -1.1309663, -1.1309663], dtype=float32), array([-1.1315929, -1.1315929, -1.1315929], dtype=float32), array([-1.1321516, -1.1321516, -1.1321516], dtype=float32), array([-1.1327553, -1.1327553, -1.1327553], dtype=float32), array([-1.1331708, -1.1331708, -1.1331708], dtype=float32), array([-1.1333884, -1.1333884, -1.1333884], dtype=float32), array([-1.1336076, -1.1336076, -1.1336076], dtype=float32), array([-1.1338807, -1.1338807, -1.1338807], dtype=float32), array([-1.1341809, -1.1341809, -1.1341809], dtype=float32)]","[array([-1.1162373, -1.1162373, -1.1162373], dtype=float32), array([-1.1165457, -1.1165457, -1.1165457], dtype=float32), array([-1.1168288, -1.1168288, -1.1168288], dtype=float32), array([nan, nan, nan], dtype=float32), array([-1.1173701, -1.1173701, -1.1173701], dtype=float32), array([-1.1178569, -1.1178569, -1.1178569], dtype=float32), array([-1.118418, -1.118418, -1.118418], dtype=float32), array([-1.1189619, -1.1189619, -1.1189619], dtype=float32), array([-1.1196479, -1.1196479, -1.1196479], dtype=float32), array([-1.1205233, -1.1205233, -1.1205233], dtype=float32), array([-1.1216128, -1.1216128, -1.1216128], dtype=float32), array([-1.1229146, -1.1229146, -1.1229146], dtype=float32), array([-1.1239915, -1.1239915, -1.1239915], dtype=float32), array([-1.1257993, -1.1257993, -1.1257993], dtype=float32), array([-1.12658, -1.12658, -1.12658], dtype=float32), array([-1.1272894, -1.1272894, -1.1272894], dtype=float32), array([-1.127831, -1.127831, -1.127831], dtype=float32), array([-1.1282406, -1.1282406, -1.1282406], dtype=float32), array([-1.1287382, -1.1287382, -1.1287382], dtype=float32), array([-1.1291853, -1.1291853, -1.1291853], dtype=float32), array([-1.1296321, -1.1296321, -1.1296321], dtype=float32), array([-1.1302015, -1.1302015, -1.1302015], dtype=float32), array([-1.1309665, -1.1309665, -1.1309665], dtype=float32), array([-1.1315931, -1.1315931, -1.1315931], dtype=float32), array([-1.1321518, -1.1321518, -1.1321518], dtype=float32), array([-1.1327553, -1.1327553, -1.1327553], dtype=float32), array([-1.1331707, -1.1331707, -1.1331707], dtype=float32), array([-1.1333883, -1.1333883, -1.1333883], dtype=float32), array([-1.1336074, -1.1336074, -1.1336074], dtype=float32), array([-1.1338811, -1.1338811, -1.1338811], dtype=float32), array([-1.1341809, -1.1341809, -1.1341809], dtype=float32)]",1,0,0,0,0,0,56.571111111111115,64.71111111111111,0.0001622745048080347,30000,9.61,0.0003730951561997001,30000,9.61,2000,2000,0.3449796495345957,0.0,81158,999.0,0.008133763447403908,0.08355962485074997,0.005840788595378399,1.0,15.0,0.0013802934991,464535,0.3550353944301605,-1.0,0.4722185432910919,0.012678162194788456,26803.005859375,30969,344.6616494070584,0.0,0.0,23810,999.0,30969,0.0393447157605,464535,1.0,15.0,0.0013802934991,344.6608264385742,0,93000,1395000,61938,104968,929070,1035.0243038176648,6118352.961441321,6328027.25636439,2.0,30100,2,1.0067001109552822,9.9,10.5,0.00015390002871569394,6.369622417737405e-05,750,2,0.002384567999979481,50,0.18694856897948325,15.0,0.0003165110138403414,9.5,100,1.0067001109552822,0.00023443424202928607,0.0005361395301932359,1500,100,1500,9.9,9.9,100,4.4781700350224094e-05,7.407963395766865e-06,6.814102888780508e-06,2.0199502572135917e-05,3.3574004290055115e-05,4.9183260488402244e-05,2.9168633273213155e-05,0.00015650012733215655,2.9311660370000688e-05,1.6828980302645095e-05,2.2277814426742867e-05,0.054555032135262665,0.006496812135580759,0.05596914823334608,0.18036919461873538,0.02954753466581159,0.017071991788090178,0.00017691179160145615,465.0,-0.09663498401641846,0.4722185730934143,0.34309664,498.0,82.53527069091797,108066,0.08048123866319656,1.0,0.005863308906555176,1620990,-0.006938853766769171,451.0,465.0,1620990,0.0,108066,498.0,451.0,3241980,651000,9765000,216132,10988.35944098905,6.325452396059103e-05,2.7691317720115076e-05,4.828133688377311e-05,1.0357246307372975e-05,9.22141245981744e-06,7.059465624585865e-05,2.4075979141560836e-05,4.3908866843693275e-05,3.189669151545893e-05,4.2450624408908674e-05,0.00021833912481826308
1,32000,False,16,d23ef_00000,2025-08-17_20-54-36,1755464076,95.75828719139099,1517.5115928649902,685888,intrinsic-attention2,10.156.0.3,1517.5115928649902,16,92.0666160864825,1.4862852352952143e-05,92.06636535599996,2.7525042463822413,88.9585041863315,0.0020608351844879254,0.00027717900229617953,0.0016126758506288751,1000,2.0,10.5,2.7195028694573216,2000,32000,2,9.5,15.0,1.0067001111073661,0.0001055754921670727,4.8110234459365536e-05,1.0067001111073661,9.98,16000,2,610.7393619461379,2000.0,3000.0,"[array([[2.2392749e-42, 1.0000000e+00, 2.8586489e-43],
       [0.0000000e+00, 1.0000000e+00, 0.0000000e+00],
       [2.8906935e-38, 1.0000000e+00, 4.5289826e-39]], dtype=float32), array([[2.4458318e-32, 1.0000000e+00, 3.3481939e-35],
       [0.0000000e+00, 1.0000000e+00, 0.0000000e+00],
       [2.9147419e-17, 1.0000000e+00, 9.2618545e-19]], dtype=float32), array([[0.0000000e+00, 1.0000000e+00, 0.0000000e+00],
       [0.0000000e+00, 1.0000000e+00, 0.0000000e+00],
       [6.6797438e-35, 1.0000000e+00, 5.5657546e-38]], dtype=float32), array([[0.0000000e+00, 1.0000000e+00, 0.0000000e+00],
       [0.0000000e+00, 1.0000000e+00, 0.0000000e+00],
       [2.9018805e-34, 1.0000000e+00, 2.8862105e-37]], dtype=float32), array([[3.8828159e-40, 1.0000000e+00, 6.3813731e-41],
       [0.0000000e+00, 1.0000000e+00, 0.0000000e+00],
       [1.8522454e-36, 1.0000000e+00, 3.6030081e-37]], dtype=float32), array([[1.7680503e-23, 1.0000000e+00, 8.2437186e-22],
       [0.0000000e+00, 1.0000000e+00, 0.0000000e+00],
       [7.6790876e-40, 1.0000000e+00, 5.6742983e-37]], dtype=float32), array([[9.2935768e-39, 1.0000000e+00, 4.2038954e-45],
       [0.0000000e+00, 1.0000000e+00, 0.0000000e+00],
       [3.2067943e-15, 1.0000000e+00, 1.1482728e-17]], dtype=float32), array([[2.2682911e-38, 1.0000000e+00, 9.8090893e-45],
       [0.0000000e+00, 1.0000000e+00, 0.0000000e+00],
       [4.4404385e-15, 1.0000000e+00, 1.7026720e-17]], dtype=float32), array([[0.0000000e+00, 1.0000000e+00, 0.0000000e+00],
       [0.0000000e+00, 1.0000000e+00, 0.0000000e+00],
       [1.1350719e-33, 1.0000000e+00, 1.3277050e-36]], dtype=float32), array([[2.5333641e-34, 1.0000000e+00, 8.7850864e-34],
       [0.0000000e+00, 1.0000000e+00, 0.0000000e+00],
       [1.5389834e-37, 1.0000000e+00, 6.0115713e-37]], dtype=float32), array([[1.4017048e-40, 1.0000000e+00, 1.8816636e-41],
       [0.0000000e+00, 1.0000000e+00, 0.0000000e+00],
       [1.7793039e-36, 1.0000000e+00, 2.9371243e-37]], dtype=float32), array([[8.8234499e-32, 1.0000000e+00, 1.4165746e-34],
       [0.0000000e+00, 1.0000000e+00, 0.0000000e+00],
       [8.6445079e-17, 1.0000000e+00, 3.0995899e-18]], dtype=float32), array([[0.000000e+00, 1.000000e+00, 0.000000e+00],
       [0.000000e+00, 1.000000e+00, 0.000000e+00],
       [6.031286e-35, 1.000000e+00, 4.880421e-38]], dtype=float32), array([[3.2860449e-42, 1.0000000e+00, 3.2369995e-43],
       [0.0000000e+00, 1.0000000e+00, 0.0000000e+00],
       [1.5822249e-37, 1.0000000e+00, 2.0275204e-38]], dtype=float32), array([[2.154637e-41, 1.000000e+00, 0.000000e+00],
       [0.000000e+00, 1.000000e+00, 0.000000e+00],
       [2.796854e-16, 1.000000e+00, 7.300199e-19]], dtype=float32), array([[1.5079308e-33, 1.0000000e+00, 1.4960624e-36],
       [0.0000000e+00, 1.0000000e+00, 0.0000000e+00],
       [1.5016688e-17, 1.0000000e+00, 4.3361113e-19]], dtype=float32), array([[5.0142677e-34, 1.0000000e+00, 4.3685298e-37],
       [0.0000000e+00, 1.0000000e+00, 0.0000000e+00],
       [9.2531012e-18, 1.0000000e+00, 2.5181505e-19]], dtype=float32), array([[7.00649e-45, 1.00000e+00, 0.00000e+00],
       [0.00000e+00, 1.00000e+00, 0.00000e+00],
       [2.55618e-39, 1.00000e+00, 2.20199e-40]], dtype=float32), array([[2.8467621e-27, 1.0000000e+00, 1.6199416e-25],
       [0.0000000e+00, 1.0000000e+00, 0.0000000e+00],
       [1.2751816e-43, 1.0000000e+00, 8.7016431e-41]], dtype=float32), array([[1.191029e-27, 1.000000e+00, 6.986018e-26],
       [0.000000e+00, 1.000000e+00, 0.000000e+00],
       [4.904545e-44, 1.000000e+00, 3.447334e-41]], dtype=float32), array([[2.1198629e-28, 1.0000000e+00, 1.3270737e-26],
       [0.0000000e+00, 1.0000000e+00, 0.0000000e+00],
       [7.0064923e-45, 1.0000000e+00, 5.5449380e-42]], dtype=float32), array([[9.9520019e-18, 1.0000000e+00, 1.6165283e-17],
       [0.0000000e+00, 1.0000000e+00, 0.0000000e+00],
       [1.3928201e-20, 1.0000000e+00, 2.4543239e-20]], dtype=float32), array([[5.2039695e-30, 1.0000000e+00, 2.3306719e-31],
       [0.0000000e+00, 1.0000000e+00, 0.0000000e+00],
       [3.0402965e-20, 1.0000000e+00, 3.8364374e-21]], dtype=float32), array([[5.7158740e-39, 1.0000000e+00, 1.3004050e-42],
       [0.0000000e+00, 1.0000000e+00, 0.0000000e+00],
       [5.0528215e-20, 1.0000000e+00, 7.3340734e-22]], dtype=float32), array([[3.6262802e-41, 1.0000000e+00, 4.2038954e-45],
       [0.0000000e+00, 1.0000000e+00, 0.0000000e+00],
       [3.1632643e-21, 1.0000000e+00, 3.3374136e-23]], dtype=float32), array([[2.0014279e-34, 1.0000000e+00, 5.1779733e-36],
       [0.0000000e+00, 1.0000000e+00, 0.0000000e+00],
       [2.3520724e-23, 1.0000000e+00, 2.0214569e-24]], dtype=float32), array([[1.8097021e-23, 1.0000000e+00, 2.8094407e-23],
       [0.0000000e+00, 1.0000000e+00, 0.0000000e+00],
       [9.6735190e-26, 1.0000000e+00, 1.5692090e-25]], dtype=float32), array([[0.0000000e+00, 1.0000000e+00, 0.0000000e+00],
       [0.0000000e+00, 1.0000000e+00, 0.0000000e+00],
       [3.8839058e-24, 1.0000000e+00, 1.8719523e-26]], dtype=float32), array([[1.3320562e-38, 1.0000000e+00, 2.0507723e-40],
       [0.0000000e+00, 1.0000000e+00, 0.0000000e+00],
       [2.2409121e-26, 1.0000000e+00, 1.3271338e-27]], dtype=float32), array([[0.0000000e+00, 1.0000000e+00, 0.0000000e+00],
       [0.0000000e+00, 1.0000000e+00, 0.0000000e+00],
       [1.4102458e-25, 1.0000000e+00, 9.0095755e-30]], dtype=float32), array([[0.000000e+00, 1.000000e+00, 0.000000e+00],
       [0.000000e+00, 1.000000e+00, 0.000000e+00],
       [6.641550e-29, 1.000000e+00, 8.706427e-32]], dtype=float32)]","[array([-1.1345156, -1.1345156, -1.1345156], dtype=float32), array([-1.1348761, -1.1348761, -1.1348761], dtype=float32), array([-1.1354617, -1.1354617, -1.1354617], dtype=float32), array([-1.1363561, -1.1363561, -1.1363561], dtype=float32), array([-1.1374491, -1.1374491, -1.1374491], dtype=float32), array([-1.138462, -1.138462, -1.138462], dtype=float32), array([-1.1391532, -1.1391532, -1.1391532], dtype=float32), array([-1.1399823, -1.1399823, -1.1399823], dtype=float32), array([-1.1411085, -1.1411085, -1.1411085], dtype=float32), array([-1.1423283, -1.1423283, -1.1423283], dtype=float32), array([-1.1434898, -1.1434898, -1.1434898], dtype=float32), array([-1.1448421, -1.1448421, -1.1448421], dtype=float32), array([-1.1461195, -1.1461195, -1.1461195], dtype=float32), array([-1.1473415, -1.1473415, -1.1473415], dtype=float32), array([-1.1485574, -1.1485574, -1.1485574], dtype=float32), array([-1.149261, -1.149261, -1.149261], dtype=float32), array([-1.150072, -1.150072, -1.150072], dtype=float32), array([-1.1506298, -1.1506298, -1.1506298], dtype=float32), array([-1.1511925, -1.1511925, -1.1511925], dtype=float32), array([-1.1519735, -1.1519735, -1.1519735], dtype=float32), array([-1.1523534, -1.1523534, -1.1523534], dtype=float32), array([-1.1527983, -1.1527983, -1.1527983], dtype=float32), array([-1.1531351, -1.1531351, -1.1531351], dtype=float32), array([-1.1537435, -1.1537435, -1.1537435], dtype=float32), array([-1.153988, -1.153988, -1.153988], dtype=float32), array([-1.1556749, -1.1556749, -1.1556749], dtype=float32), array([-1.1572553, -1.1572553, -1.1572553], dtype=float32), array([-1.1587412, -1.1587412, -1.1587412], dtype=float32), array([-1.160101, -1.160101, -1.160101], dtype=float32), array([-1.1611216, -1.1611216, -1.1611216], dtype=float32), array([-1.1618464, -1.1618464, -1.1618464], dtype=float32)]","[array([-1.1345153, -1.1345153, -1.1345153], dtype=float32), array([-1.1348761, -1.1348761, -1.1348761], dtype=float32), array([nan, nan, nan], dtype=float32), array([-1.1363559, -1.1363559, -1.1363559], dtype=float32), array([nan, nan, nan], dtype=float32), array([nan, nan, nan], dtype=float32), array([nan, nan, nan], dtype=float32), array([-1.1399822, -1.1399822, -1.1399822], dtype=float32), array([nan, nan, nan], dtype=float32), array([nan, nan, nan], dtype=float32), array([-1.1434898, -1.1434898, -1.1434898], dtype=float32), array([nan, nan, nan], dtype=float32), array([-1.1461195, -1.1461195, -1.1461195], dtype=float32), array([nan, nan, nan], dtype=float32), array([-1.1485573, -1.1485573, -1.1485573], dtype=float32), array([nan, nan, nan], dtype=float32), array([-1.150072, -1.150072, -1.150072], dtype=float32), array([nan, nan, nan], dtype=float32), array([nan, nan, nan], dtype=float32), array([-1.1519734, -1.1519734, -1.1519734], dtype=float32), array([nan, nan, nan], dtype=float32), array([nan, nan, nan], dtype=float32), array([-1.153135, -1.153135, -1.153135], dtype=float32), array([-1.1537433, -1.1537433, -1.1537433], dtype=float32), array([-1.153988, -1.153988, -1.153988], dtype=float32), array([nan, nan, nan], dtype=float32), array([nan, nan, nan], dtype=float32), array([-1.1587415, -1.1587415, -1.1587415], dtype=float32), array([-1.1601014, -1.1601014, -1.1601014], dtype=float32), array([nan, nan, nan], dtype=float32), array([nan, nan, nan], dtype=float32)]",1,0,0,0,0,0,56.49416058394161,64.73284671532848,0.000164643670224497,32000,9.98,0.00038278139293191385,32000,9.98,2000,2000,0.34487971365917797,0.0,81158,999.0,0.0048330072313547134,0.07524185627698898,0.0007664333679713309,1.0,16.0,0.0013802934991,495504,0.34993070363998413,-1.0,0.4722185432910919,0.006339081097394228,93870.9453125,30969,344.05111294592155,0.0,0.0,23810,999.0,30969,0.0393447157605,495504,1.0,16.0,0.0013802934991,344.0503287269552,0,93000,1488000,61938,104968,991008,1033.190641699814,6123304.528486616,6341882.019633462,2.0,32100,2,1.0067001110736886,9.7,10.5,0.00015249941924750155,6.283545954406187e-05,800,2,0.002297032980568474,50,0.1869325342197546,16.0,0.0003152272336558414,-10.5,100,1.0067001110736886,0.00023168951757971196,0.0005337876383865783,1600,100,1600,9.7,9.7,100,4.6260883416578674e-05,7.700392512749838e-06,6.778003941965659e-06,2.041921115705031e-05,3.38097045115225e-05,5.07830611374848e-05,2.972321811350995e-05,0.0001631751975889204,2.9462377154302306e-05,1.6963515639647663e-05,2.2566047159077974e-05,0.054549289363995286,0.006499565724299644,0.05590901803102476,0.1803441639824932,0.02954290447920589,0.017061063730269343,0.00017686345366830272,496.0,-0.03349649906158447,0.4722185730934143,0.33079547,498.0,84.30313110351562,108066,0.07630966603755951,1.0,0.0062905289232730865,1729056,-0.019314251840114594,481.0,496.0,1729056,0.0,108066,498.0,481.0,3458112,651000,10416000,216132,10894.763339848045,6.199140022281921e-05,2.772025544533414e-05,4.780090826532259e-05,1.0261355984788318e-05,9.158747741818354e-06,7.080337651320716e-05,2.463914910395075e-05,4.320795107829152e-05,3.15563079301902e-05,4.2194358686982815e-05,0.00021784023288484993
1,34000,False,17,d23ef_00000,2025-08-17_20-56-15,1755464175,99.32831335067749,1616.8399062156677,685888,intrinsic-attention2,10.156.0.3,1616.8399062156677,17,92.13724088488765,1.4830783797286925e-05,92.13698908295001,2.752343086658447,89.0295249431283,0.002058892652595776,0.00027717900229617953,0.001611864310252713,1000,2.0,10.5,2.7193749827127043,2000,34000,2,9.5,16.0,1.0067001111073661,0.00010560942652504687,4.810326775311599e-05,1.0067001111073661,10.04,17000,2,597.2615917021122,2000.0,3000.0,"[array([[0.0000000e+00, 1.0000000e+00, 0.0000000e+00],
       [0.0000000e+00, 1.0000000e+00, 0.0000000e+00],
       [4.3378695e-32, 1.0000000e+00, 1.1385672e-33]], dtype=float32), array([[0., 1., 0.],
       [0., 1., 0.],
       [0., 1., 0.]], dtype=float32), array([[0., 1., 0.],
       [0., 1., 0.],
       [0., 1., 0.]], dtype=float32), array([[0., 1., 0.],
       [0., 1., 0.],
       [0., 1., 0.]], dtype=float32), array([[0.0000000e+00, 1.0000000e+00, 0.0000000e+00],
       [0.0000000e+00, 1.0000000e+00, 0.0000000e+00],
       [5.2894943e-36, 1.0000000e+00, 9.4486753e-40]], dtype=float32), array([[0., 1., 0.],
       [0., 1., 0.],
       [0., 1., 0.]], dtype=float32), array([[0., 1., 0.],
       [0., 1., 0.],
       [0., 1., 0.]], dtype=float32), array([[0.0000e+00, 1.0000e+00, 0.0000e+00],
       [0.0000e+00, 1.0000e+00, 0.0000e+00],
       [1.9692e-41, 1.0000e+00, 1.3593e-43]], dtype=float32), array([[0., 1., 0.],
       [0., 1., 0.],
       [0., 1., 0.]], dtype=float32), array([[0.0000e+00, 1.0000e+00, 0.0000e+00],
       [0.0000e+00, 1.0000e+00, 0.0000e+00],
       [3.0509e-41, 1.0000e+00, 1.4013e-45]], dtype=float32), array([[0., 1., 0.],
       [0., 1., 0.],
       [0., 1., 0.]], dtype=float32), array([[0., 1., 0.],
       [0., 1., 0.],
       [0., 1., 0.]], dtype=float32), array([[0., 1., 0.],
       [0., 1., 0.],
       [0., 1., 0.]], dtype=float32), array([[0.0e+00, 1.0e+00, 0.0e+00],
       [0.0e+00, 1.0e+00, 0.0e+00],
       [5.9e-44, 1.0e+00, 0.0e+00]], dtype=float32), array([[0., 1., 0.],
       [0., 1., 0.],
       [0., 1., 0.]], dtype=float32), array([[0.e+00, 1.e+00, 0.e+00],
       [0.e+00, 1.e+00, 0.e+00],
       [6.e-45, 1.e+00, 0.e+00]], dtype=float32), array([[0., 1., 0.],
       [0., 1., 0.],
       [0., 1., 0.]], dtype=float32), array([[0., 1., 0.],
       [0., 1., 0.],
       [0., 1., 0.]], dtype=float32), array([[0., 1., 0.],
       [0., 1., 0.],
       [0., 1., 0.]], dtype=float32), array([[0., 1., 0.],
       [0., 1., 0.],
       [0., 1., 0.]], dtype=float32), array([[0., 1., 0.],
       [0., 1., 0.],
       [0., 1., 0.]], dtype=float32), array([[0., 1., 0.],
       [0., 1., 0.],
       [0., 1., 0.]], dtype=float32), array([[0., 1., 0.],
       [0., 1., 0.],
       [0., 1., 0.]], dtype=float32), array([[0.e+00, 1.e+00, 0.e+00],
       [0.e+00, 1.e+00, 0.e+00],
       [3.e-45, 1.e+00, 0.e+00]], dtype=float32), array([[0., 1., 0.],
       [0., 1., 0.],
       [0., 1., 0.]], dtype=float32), array([[0.0e+00, 1.0e+00, 0.0e+00],
       [0.0e+00, 1.0e+00, 0.0e+00],
       [1.3e-44, 1.0e+00, 0.0e+00]], dtype=float32), array([[0., 1., 0.],
       [0., 1., 0.],
       [0., 1., 0.]], dtype=float32), array([[0., 1., 0.],
       [0., 1., 0.],
       [0., 1., 0.]], dtype=float32), array([[0., 1., 0.],
       [0., 1., 0.],
       [0., 1., 0.]], dtype=float32), array([[0.00e+00, 1.00e+00, 0.00e+00],
       [0.00e+00, 1.00e+00, 0.00e+00],
       [4.22e-43, 1.00e+00, 0.00e+00]], dtype=float32), array([[0., 1., 0.],
       [0., 1., 0.],
       [0., 1., 0.]], dtype=float32)]","[array([-1.1615208, -1.1615208, -1.1615208], dtype=float32), array([-1.1613872, -1.1613872, -1.1613872], dtype=float32), array([-1.161524, -1.161524, -1.161524], dtype=float32), array([-1.1617583, -1.1617583, -1.1617583], dtype=float32), array([-1.1610184, -1.1610184, -1.1610184], dtype=float32), array([-1.1607511, -1.1607511, -1.1607511], dtype=float32), array([-1.1602696, -1.1602696, -1.1602696], dtype=float32), array([-1.1611139, -1.1611139, -1.1611139], dtype=float32), array([-1.1617926, -1.1617926, -1.1617926], dtype=float32), array([-1.1629742, -1.1629742, -1.1629742], dtype=float32), array([-1.1640661, -1.1640661, -1.1640661], dtype=float32), array([-1.164952, -1.164952, -1.164952], dtype=float32), array([-1.1656743, -1.1656743, -1.1656743], dtype=float32), array([-1.1662047, -1.1662047, -1.1662047], dtype=float32), array([-1.1664575, -1.1664575, -1.1664575], dtype=float32), array([-1.166752, -1.166752, -1.166752], dtype=float32), array([-1.167351, -1.167351, -1.167351], dtype=float32), array([-1.1677134, -1.1677134, -1.1677134], dtype=float32), array([-1.168089, -1.168089, -1.168089], dtype=float32), array([-1.168328, -1.168328, -1.168328], dtype=float32), array([-1.1688006, -1.1688006, -1.1688006], dtype=float32), array([-1.1693059, -1.1693059, -1.1693059], dtype=float32), array([-1.1697547, -1.1697547, -1.1697547], dtype=float32), array([-1.1700593, -1.1700593, -1.1700593], dtype=float32), array([-1.1703542, -1.1703542, -1.1703542], dtype=float32), array([-1.1706386, -1.1706386, -1.1706386], dtype=float32), array([-1.1711355, -1.1711355, -1.1711355], dtype=float32), array([-1.1716497, -1.1716497, -1.1716497], dtype=float32), array([-1.1722108, -1.1722108, -1.1722108], dtype=float32), array([-1.1727093, -1.1727093, -1.1727093], dtype=float32), array([-1.1727906, -1.1727906, -1.1727906], dtype=float32)]","[array([-1.1615208, -1.1615208, -1.1615208], dtype=float32), array([-1.1613872, -1.1613872, -1.1613872], dtype=float32), array([-1.1615243, -1.1615243, -1.1615243], dtype=float32), array([-1.161758, -1.161758, -1.161758], dtype=float32), array([-1.1610184, -1.1610184, -1.1610184], dtype=float32), array([-1.160751, -1.160751, -1.160751], dtype=float32), array([-1.1602695, -1.1602695, -1.1602695], dtype=float32), array([-1.161114, -1.161114, -1.161114], dtype=float32), array([-1.1617925, -1.1617925, -1.1617925], dtype=float32), array([-1.1629742, -1.1629742, -1.1629742], dtype=float32), array([-1.1640658, -1.1640658, -1.1640658], dtype=float32), array([-1.164952, -1.164952, -1.164952], dtype=float32), array([-1.1656743, -1.1656743, -1.1656743], dtype=float32), array([-1.1662048, -1.1662048, -1.1662048], dtype=float32), array([-1.1664575, -1.1664575, -1.1664575], dtype=float32), array([-1.1667521, -1.1667521, -1.1667521], dtype=float32), array([nan, nan, nan], dtype=float32), array([-1.1677135, -1.1677135, -1.1677135], dtype=float32), array([nan, nan, nan], dtype=float32), array([-1.168328, -1.168328, -1.168328], dtype=float32), array([-1.1688007, -1.1688007, -1.1688007], dtype=float32), array([-1.169306, -1.169306, -1.169306], dtype=float32), array([-1.1697549, -1.1697549, -1.1697549], dtype=float32), array([-1.1700593, -1.1700593, -1.1700593], dtype=float32), array([-1.1703542, -1.1703542, -1.1703542], dtype=float32), array([-1.1706384, -1.1706384, -1.1706384], dtype=float32), array([-1.1711355, -1.1711355, -1.1711355], dtype=float32), array([-1.1716495, -1.1716495, -1.1716495], dtype=float32), array([-1.1722108, -1.1722108, -1.1722108], dtype=float32), array([-1.1727093, -1.1727093, -1.1727093], dtype=float32), array([-1.1727906, -1.1727906, -1.1727906], dtype=float32)]",1,0,0,0,0,0,56.64822695035461,64.76170212765956,0.0001670302799784057,34000,10.04,0.0003846644294151385,34000,10.04,2000,2000,0.3446591261526194,0.0,81158,999.0,0.002787400735542178,0.05378140136599541,-0.0003901243908330798,1.0,17.0,0.0013802934991,526473,0.34876012802124023,-1.0,0.4722185432910919,0.003169540548697114,99566.546875,30969,343.1972857891767,0.0,0.0,23810,999.0,30969,0.0393447157605,526473,1.0,17.0,0.0013802934991,343.19653400630926,0,93000,1581000,61938,104968,1052946,1030.6263830837565,6119446.559966678,6344551.118341276,2.0,34100,2,1.0067001110999096,9.7,10.5,0.00015036912306566348,6.255980341886188e-05,850,2,0.002254862730187597,50,0.18688023300755288,17.0,0.0003139978612928617,-10.5,100,1.0067001110999096,0.00023143830348522593,0.0005293385269514966,1700,100,1700,9.7,9.7,100,4.724366470676565e-05,7.696783494380487e-06,6.889303606003838e-06,2.0710148091561312e-05,3.435250486948574e-05,5.0666003481010814e-05,2.9978050305425126e-05,0.0001640456551774126,2.982439033116591e-05,1.7088929761590173e-05,2.2720019701343688e-05,0.05455074776037162,0.006504337907088648,0.055829434310820276,0.18022089237268124,0.029532224154418984,0.017044743542830414,0.00017714319925157858,527.0,-0.010729193687438965,0.4722185730934143,0.32925612,498.0,84.65872955322266,108066,0.05977626144886017,1.0,0.0025122095830738544,1837122,-0.020270876586437225,511.0,527.0,1837122,0.0,108066,498.0,511.0,3674244,651000,11067000,216132,10798.493798980135,6.238361067299923e-05,2.770262669070785e-05,4.7388993039944147e-05,1.0231723862877905e-05,9.249170277380882e-06,7.046268942450661e-05,2.4215398610515832e-05,4.2505350434768484e-05,3.1337176928192984e-05,4.218070833154161e-05,0.00021629352512156472
1,36000,False,18,d23ef_00000,2025-08-17_20-57-50,1755464270,94.83301997184753,1711.6729261875153,685888,intrinsic-attention2,10.156.0.3,1711.6729261875153,18,92.16213994176871,1.4840156001634916e-05,92.16188643736052,2.7616519663017884,89.04335801877696,0.0020561575059336173,0.00027717900229617953,0.002207616850209888,1000,2.0,10.5,2.7285649594156163,2000,36000,2,-10.5,17.0,1.0067001111073661,0.0001488080123169359,6.165922042943478e-05,1.0067001111073661,9.76,18000,2,583.6545935893456,2000.0,3000.0,"[array([[0., 1., 0.],
       [0., 1., 0.],
       [0., 1., 0.]], dtype=float32), array([[0., 1., 0.],
       [0., 1., 0.],
       [0., 1., 0.]], dtype=float32), array([[0.0000e+00, 1.0000e+00, 0.0000e+00],
       [0.0000e+00, 1.0000e+00, 0.0000e+00],
       [4.7121e-41, 1.0000e+00, 0.0000e+00]], dtype=float32), array([[0., 1., 0.],
       [0., 1., 0.],
       [0., 1., 0.]], dtype=float32), array([[0., 1., 0.],
       [0., 1., 0.],
       [0., 1., 0.]], dtype=float32), array([[0., 1., 0.],
       [0., 1., 0.],
       [0., 1., 0.]], dtype=float32), array([[0., 1., 0.],
       [0., 1., 0.],
       [0., 1., 0.]], dtype=float32), array([[0., 1., 0.],
       [0., 1., 0.],
       [0., 1., 0.]], dtype=float32), array([[0., 1., 0.],
       [0., 1., 0.],
       [0., 1., 0.]], dtype=float32), array([[0., 1., 0.],
       [0., 1., 0.],
       [0., 1., 0.]], dtype=float32), array([[0., 1., 0.],
       [0., 1., 0.],
       [0., 1., 0.]], dtype=float32), array([[0.e+00, 1.e+00, 0.e+00],
       [0.e+00, 1.e+00, 0.e+00],
       [1.e-45, 1.e+00, 0.e+00]], dtype=float32), array([[0., 1., 0.],
       [0., 1., 0.],
       [0., 1., 0.]], dtype=float32), array([[0.e+00, 1.e+00, 0.e+00],
       [0.e+00, 1.e+00, 0.e+00],
       [3.e-45, 1.e+00, 0.e+00]], dtype=float32), array([[0., 1., 0.],
       [0., 1., 0.],
       [0., 1., 0.]], dtype=float32), array([[0., 1., 0.],
       [0., 1., 0.],
       [0., 1., 0.]], dtype=float32), array([[0.0000e+00, 1.0000e+00, 0.0000e+00],
       [0.0000e+00, 1.0000e+00, 0.0000e+00],
       [1.3794e-40, 1.0000e+00, 0.0000e+00]], dtype=float32), array([[0.0e+00, 1.0e+00, 0.0e+00],
       [0.0e+00, 1.0e+00, 0.0e+00],
       [2.2e-44, 1.0e+00, 0.0e+00]], dtype=float32), array([[0., 1., 0.],
       [0., 1., 0.],
       [0., 1., 0.]], dtype=float32), array([[6.306e-44, 1.000e+00, 4.075e-42],
       [0.000e+00, 1.000e+00, 0.000e+00],
       [0.000e+00, 1.000e+00, 0.000e+00]], dtype=float32), array([[0., 1., 0.],
       [0., 1., 0.],
       [0., 1., 0.]], dtype=float32), array([[1.22e-43, 1.00e+00, 1.49e-43],
       [0.00e+00, 1.00e+00, 0.00e+00],
       [2.24e-44, 1.00e+00, 2.80e-44]], dtype=float32), array([[0.000e+00, 1.000e+00, 0.000e+00],
       [0.000e+00, 1.000e+00, 0.000e+00],
       [2.513e-42, 1.000e+00, 5.745e-44]], dtype=float32), array([[6.94e-43, 1.00e+00, 8.94e-43],
       [0.00e+00, 1.00e+00, 0.00e+00],
       [8.69e-44, 1.00e+00, 1.12e-43]], dtype=float32), array([[1.7882296e-38, 1.0000000e+00, 6.0268174e-37],
       [0.0000000e+00, 1.0000000e+00, 0.0000000e+00],
       [0.0000000e+00, 1.0000000e+00, 0.0000000e+00]], dtype=float32), array([[0., 1., 0.],
       [0., 1., 0.],
       [0., 1., 0.]], dtype=float32), array([[5.6833536e-37, 1.0000000e+00, 1.6137041e-35],
       [0.0000000e+00, 1.0000000e+00, 0.0000000e+00],
       [0.0000000e+00, 1.0000000e+00, 0.0000000e+00]], dtype=float32), array([[0.0e+00, 1.0e+00, 0.0e+00],
       [0.0e+00, 1.0e+00, 0.0e+00],
       [2.8e-44, 1.0e+00, 0.0e+00]], dtype=float32), array([[0.0e+00, 1.0e+00, 0.0e+00],
       [0.0e+00, 1.0e+00, 0.0e+00],
       [1.5e-44, 1.0e+00, 0.0e+00]], dtype=float32), array([[8.2665812e-37, 1.0000000e+00, 2.2614086e-35],
       [0.0000000e+00, 1.0000000e+00, 0.0000000e+00],
       [0.0000000e+00, 1.0000000e+00, 0.0000000e+00]], dtype=float32), array([[0.e+00, 1.e+00, 0.e+00],
       [0.e+00, 1.e+00, 0.e+00],
       [6.e-45, 1.e+00, 0.e+00]], dtype=float32)]","[array([-1.1727974, -1.1727974, -1.1727974], dtype=float32), array([-1.1728133, -1.1728133, -1.1728133], dtype=float32), array([-1.1727957, -1.1727957, -1.1727957], dtype=float32), array([-1.1726618, -1.1726618, -1.1726618], dtype=float32), array([-1.1723893, -1.1723893, -1.1723893], dtype=float32), array([-1.1741227, -1.1741227, -1.1741227], dtype=float32), array([-1.175842, -1.175842, -1.175842], dtype=float32), array([-1.177499, -1.177499, -1.177499], dtype=float32), array([-1.1790332, -1.1790332, -1.1790332], dtype=float32), array([-1.181014, -1.181014, -1.181014], dtype=float32), array([-1.1830496, -1.1830496, -1.1830496], dtype=float32), array([-1.1848603, -1.1848603, -1.1848603], dtype=float32), array([-1.1865957, -1.1865957, -1.1865957], dtype=float32), array([-1.1888343, -1.1888343, -1.1888343], dtype=float32), array([-1.1908034, -1.1908034, -1.1908034], dtype=float32), array([-1.1924896, -1.1924896, -1.1924896], dtype=float32), array([-1.1944904, -1.1944904, -1.1944904], dtype=float32), array([-1.1964757, -1.1964757, -1.1964757], dtype=float32), array([-1.1972616, -1.1972616, -1.1972616], dtype=float32), array([-1.1967527, -1.1967527, -1.1967527], dtype=float32), array([-1.1969168, -1.1969168, -1.1969168], dtype=float32), array([-1.1970645, -1.1970645, -1.1970645], dtype=float32), array([-1.1968391, -1.1968391, -1.1968391], dtype=float32), array([-1.1966782, -1.1966782, -1.1966782], dtype=float32), array([-1.197096, -1.197096, -1.197096], dtype=float32), array([-1.1975682, -1.1975682, -1.1975682], dtype=float32), array([-1.1979476, -1.1979476, -1.1979476], dtype=float32), array([-1.1978271, -1.1978271, -1.1978271], dtype=float32), array([-1.1976987, -1.1976987, -1.1976987], dtype=float32), array([-1.1990535, -1.1990535, -1.1990535], dtype=float32), array([-1.2004241, -1.2004241, -1.2004241], dtype=float32)]","[array([nan, nan, nan], dtype=float32), array([-1.1728132, -1.1728132, -1.1728132], dtype=float32), array([-1.1727957, -1.1727957, -1.1727957], dtype=float32), array([nan, nan, nan], dtype=float32), array([-1.1723893, -1.1723893, -1.1723893], dtype=float32), array([nan, nan, nan], dtype=float32), array([-1.1758418, -1.1758418, -1.1758418], dtype=float32), array([nan, nan, nan], dtype=float32), array([-1.179033, -1.179033, -1.179033], dtype=float32), array([-1.1810138, -1.1810138, -1.1810138], dtype=float32), array([-1.1830496, -1.1830496, -1.1830496], dtype=float32), array([nan, nan, nan], dtype=float32), array([nan, nan, nan], dtype=float32), array([nan, nan, nan], dtype=float32), array([-1.1908035, -1.1908035, -1.1908035], dtype=float32), array([nan, nan, nan], dtype=float32), array([-1.1944904, -1.1944904, -1.1944904], dtype=float32), array([-1.1964756, -1.1964756, -1.1964756], dtype=float32), array([nan, nan, nan], dtype=float32), array([nan, nan, nan], dtype=float32), array([-1.1969169, -1.1969169, -1.1969169], dtype=float32), array([nan, nan, nan], dtype=float32), array([-1.1968391, -1.1968391, -1.1968391], dtype=float32), array([-1.1966782, -1.1966782, -1.1966782], dtype=float32), array([-1.197096, -1.197096, -1.197096], dtype=float32), array([-1.1975682, -1.1975682, -1.1975682], dtype=float32), array([nan, nan, nan], dtype=float32), array([nan, nan, nan], dtype=float32), array([-1.1976991, -1.1976991, -1.1976991], dtype=float32), array([-1.1990536, -1.1990536, -1.1990536], dtype=float32), array([-1.200424, -1.200424, -1.200424], dtype=float32)]",1,0,0,0,0,0,55.0625,62.905147058823516,0.00022408438959610453,36000,9.76,0.0005132586379967657,36000,9.76,2000,2000,0.34641332468105346,0.0,81158,999.0,0.000447920523583889,0.050746843218803406,0.0016190912574529648,1.0,18.0,0.0013802934991,557442,0.35075733065605164,-1.0,0.4722185432910919,0.001584770274348557,98802.7109375,30969,342.82993767447624,0.0,0.0,23810,999.0,30969,0.0393447157605,557442,1.0,18.0,0.0013802934991,342.8292151648874,0,93000,1674000,61938,104968,1114884,1029.5230490545828,6120917.500345382,6351126.566015352,2.0,36100,2,1.0067001111057168,9.9,10.5,0.0001518616883671875,6.282396828816238e-05,900,2,0.002269433539331658,50,0.18688142300750743,18.0,0.00031268706278971334,9.5,100,1.0067001111057168,0.000234916276014444,0.0005364243620537224,1800,100,1800,9.9,9.9,100,6.236843435315437e-05,9.958745378062714e-06,9.082798402280074e-06,2.673645179366376e-05,4.640966177428005e-05,7.042438023812461e-05,4.1240158914743776e-05,0.00021133189763503527,4.107929581937767e-05,2.3591041954537577e-05,2.981613036803397e-05,0.05490371565281762,0.006547246337931845,0.05610335472772407,0.18102670472898422,0.02971467464281178,0.017132774227342374,0.0001774955072368957,558.0,-0.0830467939376831,0.4722185730934143,0.35058373,498.0,84.31198120117188,108066,0.0481792576611042,1.0,0.00036844739224761724,1945188,0.001384309958666563,541.0,558.0,1945188,0.0,108066,498.0,541.0,3890376,651000,11718000,216132,10720.390045997545,6.364264534641048e-05,2.7713662898977376e-05,4.754518541577882e-05,1.0656642164451452e-05,9.134460705753763e-06,7.099719929296532e-05,2.4729613016878724e-05,4.274299035341357e-05,3.212617492645278e-05,4.238653548227946e-05,0.00021915299443668588
1,38000,False,19,d23ef_00000,2025-08-17_20-59-21,1755464361,90.96404266357422,1802.6369688510895,685888,intrinsic-attention2,10.156.0.3,1802.6369688510895,19,92.14864945341102,1.4840894401449357e-05,92.14839435673683,2.7625607348987593,89.0291867258092,0.0020550389009529524,0.00027717900229617953,0.0016134463498019614,1000,2.0,10.5,2.729504847081465,2000,38000,2,9.5,18.0,1.0067001111073661,0.00010382773433043676,4.7302126104325985e-05,1.0067001111073661,9.93,19000,2,569.9682910817783,2000.0,3000.0,"[array([[3.6842323e-37, 1.0000000e+00, 1.0364864e-35],
       [0.0000000e+00, 1.0000000e+00, 0.0000000e+00],
       [0.0000000e+00, 1.0000000e+00, 0.0000000e+00]], dtype=float32), array([[0.0000e+00, 1.0000e+00, 0.0000e+00],
       [0.0000e+00, 1.0000e+00, 0.0000e+00],
       [2.2686e-41, 1.0000e+00, 1.4013e-45]], dtype=float32), array([[0.0e+00, 1.0e+00, 0.0e+00],
       [0.0e+00, 1.0e+00, 0.0e+00],
       [2.5e-44, 1.0e+00, 0.0e+00]], dtype=float32), array([[2.4464054e-36, 1.0000000e+00, 6.4675648e-35],
       [0.0000000e+00, 1.0000000e+00, 0.0000000e+00],
       [0.0000000e+00, 1.0000000e+00, 0.0000000e+00]], dtype=float32), array([[0.00e+00, 1.00e+00, 0.00e+00],
       [0.00e+00, 1.00e+00, 0.00e+00],
       [1.44e-43, 1.00e+00, 4.20e-45]], dtype=float32), array([[0.000e+00, 1.000e+00, 0.000e+00],
       [0.000e+00, 1.000e+00, 0.000e+00],
       [6.385e-41, 1.000e+00, 2.857e-42]], dtype=float32), array([[3.29405e-40, 1.00000e+00, 5.56261e-40],
       [0.00000e+00, 1.00000e+00, 0.00000e+00],
       [5.50850e-42, 1.00000e+00, 9.52463e-42]], dtype=float32), array([[3.228523e-28, 1.000000e+00, 4.052367e-27],
       [0.000000e+00, 1.000000e+00, 0.000000e+00],
       [6.750335e-41, 1.000000e+00, 2.721351e-39]], dtype=float32), array([[3.6603530e-34, 1.0000000e+00, 6.6744748e-34],
       [0.0000000e+00, 1.0000000e+00, 0.0000000e+00],
       [2.1483142e-36, 1.0000000e+00, 4.0775929e-36]], dtype=float32), array([[0.0000000e+00, 1.0000000e+00, 0.0000000e+00],
       [0.0000000e+00, 1.0000000e+00, 0.0000000e+00],
       [2.0264925e-30, 1.0000000e+00, 1.5325005e-34]], dtype=float32), array([[2.0341979e-31, 1.0000000e+00, 3.9951827e-31],
       [0.0000000e+00, 1.0000000e+00, 0.0000000e+00],
       [5.5104581e-34, 1.0000000e+00, 1.1451183e-33]], dtype=float32), array([[3.3631163e-44, 1.0000000e+00, 0.0000000e+00],
       [0.0000000e+00, 1.0000000e+00, 0.0000000e+00],
       [1.7480656e-30, 1.0000000e+00, 2.8476022e-32]], dtype=float32), array([[0.0000000e+00, 1.0000000e+00, 0.0000000e+00],
       [0.0000000e+00, 1.0000000e+00, 0.0000000e+00],
       [2.7078007e-28, 1.0000000e+00, 6.4152886e-31]], dtype=float32), array([[0.0000000e+00, 1.0000000e+00, 0.0000000e+00],
       [0.0000000e+00, 1.0000000e+00, 0.0000000e+00],
       [1.8749242e-27, 1.0000000e+00, 5.5944714e-30]], dtype=float32), array([[1.7229451e-26, 1.0000000e+00, 3.5685035e-26],
       [0.0000000e+00, 1.0000000e+00, 0.0000000e+00],
       [1.6947561e-29, 1.0000000e+00, 3.8214651e-29]], dtype=float32), array([[3.1314871e-19, 1.0000000e+00, 1.6902718e-18],
       [0.0000000e+00, 1.0000000e+00, 0.0000000e+00],
       [2.7317448e-29, 1.0000000e+00, 3.6871312e-28]], dtype=float32), array([[6.3618950e-43, 1.0000000e+00, 0.0000000e+00],
       [0.0000000e+00, 1.0000000e+00, 0.0000000e+00],
       [4.4047345e-25, 1.0000000e+00, 2.4572472e-27]], dtype=float32), array([[6.0789669e-18, 1.0000000e+00, 2.9201173e-17],
       [0.0000000e+00, 1.0000000e+00, 0.0000000e+00],
       [1.1843780e-27, 1.0000000e+00, 1.3787386e-26]], dtype=float32), array([[1.4012985e-45, 1.0000000e+00, 0.0000000e+00],
       [0.0000000e+00, 1.0000000e+00, 0.0000000e+00],
       [1.1423362e-23, 1.0000000e+00, 1.6171006e-26]], dtype=float32), array([[2.1019477e-44, 1.0000000e+00, 0.0000000e+00],
       [0.0000000e+00, 1.0000000e+00, 0.0000000e+00],
       [4.1852081e-23, 1.0000000e+00, 7.3771295e-26]], dtype=float32), array([[9.3825795e-35, 1.0000000e+00, 8.5086475e-37],
       [0.0000000e+00, 1.0000000e+00, 0.0000000e+00],
       [2.7922817e-23, 1.0000000e+00, 1.2364746e-24]], dtype=float32), array([[7.5960270e-39, 1.0000000e+00, 2.8950826e-42],
       [0.0000000e+00, 1.0000000e+00, 0.0000000e+00],
       [7.5763224e-23, 1.0000000e+00, 7.8598102e-25]], dtype=float32), array([[3.4197866e-26, 1.0000000e+00, 1.9764140e-26],
       [0.0000000e+00, 1.0000000e+00, 0.0000000e+00],
       [2.8695427e-24, 1.0000000e+00, 1.7285360e-24]], dtype=float32), array([[9.0162980e-26, 1.0000000e+00, 5.4000031e-26],
       [0.0000000e+00, 1.0000000e+00, 0.0000000e+00],
       [5.8555528e-24, 1.0000000e+00, 3.6395281e-24]], dtype=float32), array([[1.6953936e-32, 1.0000000e+00, 2.1890010e-34],
       [0.0000000e+00, 1.0000000e+00, 0.0000000e+00],
       [1.1579742e-21, 1.0000000e+00, 6.5897597e-23]], dtype=float32), array([[5.5127922e-40, 1.0000000e+00, 1.2611686e-44],
       [0.0000000e+00, 1.0000000e+00, 0.0000000e+00],
       [6.4463785e-21, 1.0000000e+00, 2.6549780e-23]], dtype=float32), array([[4.7894199e-24, 1.0000000e+00, 3.3730572e-24],
       [0.0000000e+00, 1.0000000e+00, 0.0000000e+00],
       [9.1994756e-23, 1.0000000e+00, 6.6051873e-23]], dtype=float32), array([[1.1414237e-34, 1.0000000e+00, 1.2716347e-37],
       [0.0000000e+00, 1.0000000e+00, 0.0000000e+00],
       [4.3033338e-20, 1.0000000e+00, 8.8899510e-22]], dtype=float32), array([[1.73953722e-23, 1.00000000e+00, 1.27135766e-23],
       [0.00000000e+00, 1.00000000e+00, 0.00000000e+00],
       [2.53511016e-22, 1.00000000e+00, 1.88274845e-22]], dtype=float32), array([[1.2043360e-30, 1.0000000e+00, 2.1917772e-32],
       [0.0000000e+00, 1.0000000e+00, 0.0000000e+00],
       [1.7889556e-20, 1.0000000e+00, 1.2711359e-21]], dtype=float32), array([[3.9474012e-13, 1.0000000e+00, 1.3070918e-12],
       [0.0000000e+00, 1.0000000e+00, 0.0000000e+00],
       [5.6132419e-22, 1.0000000e+00, 4.3661832e-21]], dtype=float32)]","[array([-1.201583, -1.201583, -1.201583], dtype=float32), array([-1.1974944, -1.1974944, -1.1974944], dtype=float32), array([-1.1936595, -1.1936595, -1.1936595], dtype=float32), array([-1.1899903, -1.1899903, -1.1899903], dtype=float32), array([-1.1869985, -1.1869985, -1.1869985], dtype=float32), array([-1.1841451, -1.1841451, -1.1841451], dtype=float32), array([-1.1806277, -1.1806277, -1.1806277], dtype=float32), array([-1.1773775, -1.1773775, -1.1773775], dtype=float32), array([-1.1736773, -1.1736773, -1.1736773], dtype=float32), array([-1.1703235, -1.1703235, -1.1703235], dtype=float32), array([-1.1670312, -1.1670312, -1.1670312], dtype=float32), array([-1.1637287, -1.1637287, -1.1637287], dtype=float32), array([-1.1603547, -1.1603547, -1.1603547], dtype=float32), array([-1.1569779, -1.1569779, -1.1569779], dtype=float32), array([-1.1549097, -1.1549097, -1.1549097], dtype=float32), array([-1.1528989, -1.1528989, -1.1528989], dtype=float32), array([-1.15117, -1.15117, -1.15117], dtype=float32), array([-1.1508176, -1.1508176, -1.1508176], dtype=float32), array([-1.1512315, -1.1512315, -1.1512315], dtype=float32), array([-1.153668, -1.153668, -1.153668], dtype=float32), array([-1.1595252, -1.1595252, -1.1595252], dtype=float32), array([-1.1700299, -1.1700299, -1.1700299], dtype=float32), array([-1.1753216, -1.1753216, -1.1753216], dtype=float32), array([-1.171051, -1.171051, -1.171051], dtype=float32), array([-1.1616266, -1.1616266, -1.1616266], dtype=float32), array([-1.1545151, -1.1545151, -1.1545151], dtype=float32), array([-1.1436731, -1.1436731, -1.1436731], dtype=float32), array([-1.1396292, -1.1396292, -1.1396292], dtype=float32), array([-1.1378785, -1.1378785, -1.1378785], dtype=float32), array([-1.1380405, -1.1380405, -1.1380405], dtype=float32), array([-1.1400442, -1.1400442, -1.1400442], dtype=float32)]","[array([nan, nan, nan], dtype=float32), array([nan, nan, nan], dtype=float32), array([nan, nan, nan], dtype=float32), array([nan, nan, nan], dtype=float32), array([nan, nan, nan], dtype=float32), array([nan, nan, nan], dtype=float32), array([nan, nan, nan], dtype=float32), array([nan, nan, nan], dtype=float32), array([nan, nan, nan], dtype=float32), array([nan, nan, nan], dtype=float32), array([nan, nan, nan], dtype=float32), array([nan, nan, nan], dtype=float32), array([nan, nan, nan], dtype=float32), array([nan, nan, nan], dtype=float32), array([nan, nan, nan], dtype=float32), array([nan, nan, nan], dtype=float32), array([nan, nan, nan], dtype=float32), array([nan, nan, nan], dtype=float32), array([nan, nan, nan], dtype=float32), array([nan, nan, nan], dtype=float32), array([nan, nan, nan], dtype=float32), array([nan, nan, nan], dtype=float32), array([nan, nan, nan], dtype=float32), array([nan, nan, nan], dtype=float32), array([nan, nan, nan], dtype=float32), array([nan, nan, nan], dtype=float32), array([nan, nan, nan], dtype=float32), array([nan, nan, nan], dtype=float32), array([nan, nan, nan], dtype=float32), array([nan, nan, nan], dtype=float32), array([nan, nan, nan], dtype=float32)]",1,0,0,0,0,0,55.43307692307692,62.345384615384596,0.00016760893516398862,38000,9.93,0.0003789328806192047,38000,9.93,2000,2000,0.34620029076432496,0.0,81158,999.0,0.1690453588962555,0.15127921104431152,-0.012797192670404911,1.0,19.0,0.0013802934991,588411,0.33646872639656067,-1.0,0.4722185432910919,0.0023771554697304964,101651.390625,30969,342.9173059895601,0.0,0.0,23810,999.0,30969,0.0393447157605,588411,1.0,19.0,0.0013802934991,342.91660817226574,0,93000,1767000,61938,104968,1176822,1029.7852378180653,6131330.108011423,6369368.974886417,2.0,38100,2,1.0067001111070022,8.1,10.5,0.00011527823060480672,5.07267187093961e-05,950,2,0.001972283519426128,50,0.1863534326073922,19.0,0.0003112532821783042,-10.5,100,1.0067001111070022,0.00018344436419192637,0.00041924962566296855,1900,100,1900,8.1,8.1,100,4.7128711580549984e-05,7.584654933767604e-06,7.005136857323603e-06,2.101071145720205e-05,3.428721860789855e-05,5.035316822388466e-05,2.9668889305810142e-05,0.00016047674830811697,2.9494290687520935e-05,1.7024825885842582e-05,2.2400688195430424e-05,0.05489974567635395,0.006551936924666005,0.0560333088404609,0.18091138693178058,0.029705943456445935,0.017110832275060307,0.000177362192138495,589.0,-0.22025585174560547,0.4722185730934143,0.31678477,498.0,84.39151763916016,108066,0.11519593745470047,1.0,0.028492441400885582,2053254,-0.036829713732004166,571.0,589.0,2053254,0.0,108066,498.0,571.0,4106508,651000,12369000,216132,10655.113783155946,4.95013606779694e-05,2.2398911586963658e-05,3.775636267139331e-05,8.514439786326444e-06,7.312000245993009e-06,5.5180971180204816e-05,1.8346882744023898e-05,3.239740392338193e-05,2.5528424571913678e-05,3.276810081281943e-05,0.00017581199098247867
1,40000,False,20,d23ef_00000,2025-08-17_21-00-56,1755464456,94.69966340065002,1897.3366322517395,685888,intrinsic-attention2,10.156.0.3,1897.3366322517395,20,92.17213879596694,1.4853235371792303e-05,92.17188187399945,2.765268610439754,89.05008637713111,0.0020579769319178784,0.00027717900229617953,0.0015894641017075628,1000,2.0,10.5,2.7322232995606583,2000,40000,2,-10.5,19.0,1.0067001111073661,0.00010624034427394036,4.714807104997442e-05,1.0067001111073661,6.97,20000,2,556.2463140244244,2000.0,3000.0,"[array([[6.3731818e-18, 1.0000000e+00, 9.3382100e-17],
       [0.0000000e+00, 1.0000000e+00, 0.0000000e+00],
       [7.0422089e-33, 1.0000000e+00, 1.0658923e-30]], dtype=float32), array([[9.9536949e-01, 4.3876858e-32, 4.6304432e-03],
       [0.0000000e+00, 1.0000000e+00, 0.0000000e+00],
       [9.3747032e-01, 1.4581540e-16, 6.2529646e-02]], dtype=float32), array([[2.5686044e-16, 1.0000000e+00, 5.3301401e-16],
       [0.0000000e+00, 1.0000000e+00, 0.0000000e+00],
       [2.6354163e-20, 1.0000000e+00, 6.5918566e-20]], dtype=float32), array([[4.2828876e-16, 1.0000000e+00, 8.8606920e-16],
       [0.0000000e+00, 1.0000000e+00, 0.0000000e+00],
       [4.2628469e-20, 1.0000000e+00, 1.0657356e-19]], dtype=float32), array([[1.2202056e-32, 1.0000000e+00, 2.5595417e-35],
       [0.0000000e+00, 1.0000000e+00, 0.0000000e+00],
       [2.2559384e-19, 1.0000000e+00, 6.1439781e-21]], dtype=float32), array([[3.93561480e-31, 1.00000000e+00, 1.12011185e-33],
       [0.00000000e+00, 1.00000000e+00, 0.00000000e+00],
       [5.97475286e-18, 1.00000000e+00, 2.15880737e-19]], dtype=float32), array([[1.959626e-35, 1.000000e+00, 2.566145e-39],
       [0.000000e+00, 1.000000e+00, 0.000000e+00],
       [9.137205e-19, 1.000000e+00, 8.764023e-21]], dtype=float32), array([[1.9674563e-32, 1.0000000e+00, 3.4787334e-33],
       [0.0000000e+00, 1.0000000e+00, 0.0000000e+00],
       [2.7374314e-28, 1.0000000e+00, 6.0701273e-29]], dtype=float32), array([[1.9082650e-30, 1.0000000e+00, 6.4425040e-33],
       [0.0000000e+00, 1.0000000e+00, 0.0000000e+00],
       [1.4900112e-17, 1.0000000e+00, 5.9402290e-19]], dtype=float32), array([[3.7385973e-01, 7.8712897e-11, 6.2614030e-01],
       [0.0000000e+00, 1.0000000e+00, 0.0000000e+00],
       [3.2800737e-01, 1.1425362e-14, 6.7199266e-01]], dtype=float32), array([[1.6537280e-31, 1.0000000e+00, 4.6618099e-34],
       [0.0000000e+00, 1.0000000e+00, 0.0000000e+00],
       [8.3613262e-19, 1.0000000e+00, 2.6591175e-20]], dtype=float32), array([[7.5595226e-15, 1.0000000e+00, 1.5353599e-14],
       [0.0000000e+00, 1.0000000e+00, 0.0000000e+00],
       [6.3803057e-19, 1.0000000e+00, 1.5897363e-18]], dtype=float32), array([[1.0365233e-10, 1.0000000e+00, 2.8276245e-10],
       [0.0000000e+00, 1.0000000e+00, 0.0000000e+00],
       [3.3008040e-19, 1.0000000e+00, 2.1153016e-18]], dtype=float32), array([[1.9524837e-29, 1.0000000e+00, 8.3957891e-32],
       [0.0000000e+00, 1.0000000e+00, 0.0000000e+00],
       [5.7955946e-17, 1.0000000e+00, 2.6587955e-18]], dtype=float32), array([[1.5704486e-10, 1.0000000e+00, 4.2201614e-10],
       [0.0000000e+00, 1.0000000e+00, 0.0000000e+00],
       [5.5877844e-19, 1.0000000e+00, 3.5197126e-18]], dtype=float32), array([[2.1515123e-14, 1.0000000e+00, 4.3251200e-14],
       [0.0000000e+00, 1.0000000e+00, 0.0000000e+00],
       [1.8013177e-18, 1.0000000e+00, 4.4597331e-18]], dtype=float32), array([[9.9101263e-01, 5.8484919e-29, 8.9872833e-03],
       [0.0000000e+00, 1.0000000e+00, 0.0000000e+00],
       [9.1502780e-01, 4.9639464e-15, 8.4972240e-02]], dtype=float32), array([[8.5440502e-26, 1.0000000e+00, 3.4311270e-27],
       [0.0000000e+00, 1.0000000e+00, 0.0000000e+00],
       [4.7128817e-17, 1.0000000e+00, 5.8068340e-18]], dtype=float32), array([[1.5363083e-30, 1.0000000e+00, 5.4972544e-33],
       [0.0000000e+00, 1.0000000e+00, 0.0000000e+00],
       [2.6581567e-18, 1.0000000e+00, 9.6036884e-20]], dtype=float32), array([[3.7722906e-01, 3.3752728e-10, 6.2277091e-01],
       [0.0000000e+00, 1.0000000e+00, 0.0000000e+00],
       [3.2927519e-01, 4.7480889e-14, 6.7072481e-01]], dtype=float32), array([[9.9059427e-01, 9.7386200e-29, 9.4057582e-03],
       [0.0000000e+00, 1.0000000e+00, 0.0000000e+00],
       [9.1319931e-01, 6.4184015e-15, 8.6800680e-02]], dtype=float32), array([[1.3407418e-25, 1.0000000e+00, 5.5475776e-27],
       [0.0000000e+00, 1.0000000e+00, 0.0000000e+00],
       [6.4829142e-17, 1.0000000e+00, 8.1563383e-18]], dtype=float32), array([[3.7768432e-01, 3.9509104e-10, 6.2231565e-01],
       [0.0000000e+00, 1.0000000e+00, 0.0000000e+00],
       [3.2953769e-01, 5.5604010e-14, 6.7046231e-01]], dtype=float32), array([[2.3321761e-30, 1.0000000e+00, 8.7308682e-33],
       [0.0000000e+00, 1.0000000e+00, 0.0000000e+00],
       [3.2491479e-18, 1.0000000e+00, 1.2011218e-19]], dtype=float32), array([[5.5595145e-16, 1.0000000e+00, 1.2252863e-15],
       [0.0000000e+00, 1.0000000e+00, 0.0000000e+00],
       [4.5987339e-20, 1.0000000e+00, 1.2522275e-19]], dtype=float32), array([[5.9488781e-16, 1.0000000e+00, 1.3105048e-15],
       [0.0000000e+00, 1.0000000e+00, 0.0000000e+00],
       [4.9296388e-20, 1.0000000e+00, 1.3420610e-19]], dtype=float32), array([[6.6527514e-16, 1.0000000e+00, 1.4668506e-15],
       [0.0000000e+00, 1.0000000e+00, 0.0000000e+00],
       [5.3238094e-20, 1.0000000e+00, 1.4531025e-19]], dtype=float32), array([[3.5938650e-30, 1.0000000e+00, 1.4209164e-32],
       [0.0000000e+00, 1.0000000e+00, 0.0000000e+00],
       [4.1027823e-18, 1.0000000e+00, 1.5635551e-19]], dtype=float32), array([[3.1280699e-28, 1.0000000e+00, 1.7867777e-30],
       [0.0000000e+00, 1.0000000e+00, 0.0000000e+00],
       [3.4012775e-16, 1.0000000e+00, 1.8624590e-17]], dtype=float32), array([[3.7113041e-28, 1.0000000e+00, 2.1568773e-30],
       [0.0000000e+00, 1.0000000e+00, 0.0000000e+00],
       [3.8387017e-16, 1.0000000e+00, 2.1268082e-17]], dtype=float32), array([[1.2825117e-13, 1.0000000e+00, 2.5267220e-13],
       [0.0000000e+00, 1.0000000e+00, 0.0000000e+00],
       [9.6977588e-18, 1.0000000e+00, 2.3730877e-17]], dtype=float32)]","[array([-1.144778, -1.144778, -1.144778], dtype=float32), array([-1.147024, -1.147024, -1.147024], dtype=float32), array([-1.1341795, -1.1341795, -1.1341795], dtype=float32), array([-1.1211014, -1.1211014, -1.1211014], dtype=float32), array([-1.1067523, -1.1067523, -1.1067523], dtype=float32), array([-1.0910938, -1.0910938, -1.0910938], dtype=float32), array([-1.0715526, -1.0715526, -1.0715526], dtype=float32), array([-1.0264904, -1.0264904, -1.0264904], dtype=float32), array([-0.9848477, -0.9848477, -0.9848477], dtype=float32), array([-0.9445514, -0.9445514, -0.9445514], dtype=float32), array([-0.9066964, -0.9066964, -0.9066964], dtype=float32), array([-0.8701952, -0.8701952, -0.8701952], dtype=float32), array([-0.83156466, -0.83156466, -0.83156466], dtype=float32), array([-0.79741603, -0.79741603, -0.79741603], dtype=float32), array([-0.760064, -0.760064, -0.760064], dtype=float32), array([-0.72739387, -0.72739387, -0.72739387], dtype=float32), array([-0.69169074, -0.69169074, -0.69169074], dtype=float32), array([-0.6602341, -0.6602341, -0.6602341], dtype=float32), array([-0.63030237, -0.63030237, -0.63030237], dtype=float32), array([-0.59977615, -0.59977615, -0.59977615], dtype=float32), array([-0.57241356, -0.57241356, -0.57241356], dtype=float32), array([-0.54415375, -0.54415375, -0.54415375], dtype=float32), array([-0.5188256, -0.5188256, -0.5188256], dtype=float32), array([-0.4933461, -0.4933461, -0.4933461], dtype=float32), array([-0.46942648, -0.46942648, -0.46942648], dtype=float32), array([-0.44550884, -0.44550884, -0.44550884], dtype=float32), array([-0.42204416, -0.42204416, -0.42204416], dtype=float32), array([-0.3996304, -0.3996304, -0.3996304], dtype=float32), array([-0.37821418, -0.37821418, -0.37821418], dtype=float32), array([-0.35735545, -0.35735545, -0.35735545], dtype=float32), array([-0.33677945, -0.33677945, -0.33677945], dtype=float32)]","[array([-1.1447781, -1.1447781, -1.1447781], dtype=float32), array([-1.147024, -1.147024, -1.147024], dtype=float32), array([-1.1341794, -1.1341794, -1.1341794], dtype=float32), array([-1.1211014, -1.1211014, -1.1211014], dtype=float32), array([-1.1067523, -1.1067523, -1.1067523], dtype=float32), array([-1.0910938, -1.0910938, -1.0910938], dtype=float32), array([-1.0715526, -1.0715526, -1.0715526], dtype=float32), array([-1.0264904, -1.0264904, -1.0264904], dtype=float32), array([-0.9848477, -0.9848477, -0.9848477], dtype=float32), array([-0.9445514, -0.9445514, -0.9445514], dtype=float32), array([-0.9066964, -0.9066964, -0.9066964], dtype=float32), array([-0.87019515, -0.87019515, -0.87019515], dtype=float32), array([-0.83156466, -0.83156466, -0.83156466], dtype=float32), array([-0.7974161, -0.7974161, -0.7974161], dtype=float32), array([-0.76006395, -0.76006395, -0.76006395], dtype=float32), array([-0.7273938, -0.7273938, -0.7273938], dtype=float32), array([-0.6916908, -0.6916908, -0.6916908], dtype=float32), array([-0.66023403, -0.66023403, -0.66023403], dtype=float32), array([-0.63030237, -0.63030237, -0.63030237], dtype=float32), array([-0.59977615, -0.59977615, -0.59977615], dtype=float32), array([-0.5724135, -0.5724135, -0.5724135], dtype=float32), array([-0.54415375, -0.54415375, -0.54415375], dtype=float32), array([-0.5188256, -0.5188256, -0.5188256], dtype=float32), array([-0.4933461, -0.4933461, -0.4933461], dtype=float32), array([-0.46942648, -0.46942648, -0.46942648], dtype=float32), array([-0.4455088, -0.4455088, -0.4455088], dtype=float32), array([-0.4220442, -0.4220442, -0.4220442], dtype=float32), array([-0.39963034, -0.39963034, -0.39963034], dtype=float32), array([-0.37821418, -0.37821418, -0.37821418], dtype=float32), array([-0.35735548, -0.35735548, -0.35735548], dtype=float32), array([-0.33677945, -0.33677945, -0.33677945], dtype=float32)]",1,0,0,0,0,0,55.66518518518518,61.41333333333333,0.00016559357047630187,40000,6.97,0.0003807318034389219,40000,6.97,2000,2000,0.3460828552766719,0.0,81158,999.0,0.1460636854171753,0.1713055968284607,-0.011949696578085423,1.0,20.0,0.0013802934991,619380,0.3373678922653198,-1.0,0.4722185432910919,0.0035657333210110664,54392.6015625,30969,342.4983388867758,0.0,0.0,23810,999.0,30969,0.0393447157605,619380,1.0,20.0,0.0013802934991,342.4976749314982,0,93000,1860000,61938,104968,1238760,1028.5268920066064,6099270.409454026,6338930.023738993,2.0,40100,2,1.0067001111072869,7.5,10.5,0.00014080486250127376,5.918607969474746e-05,1000,2,0.0019246563503111248,50,0.1862880086412778,20.0,0.00030992278926451493,-10.5,100,1.0067001111072869,0.00021878245625422228,0.0004991294741234543,2000,100,2000,7.5,7.5,100,4.630778013742175e-05,7.709785824616665e-06,6.972176612893766e-06,2.0529890601947864e-05,3.411812156688993e-05,5.02981388965633e-05,2.9278705916017803e-05,0.0001623884719830399,2.965876281911643e-05,1.683805719168221e-05,2.2662063527289014e-05,0.054896122519572044,0.006554204095440533,0.05595862618211139,0.18086180715255074,0.0297035887119041,0.017117236162375902,0.00017732785019532017,620.0,-0.04421555995941162,0.4722185730934143,0.26411936,498.0,92.64349365234375,108066,0.14866392314434052,1.0,0.10441835224628448,2161320,-0.10161811113357544,601.0,620.0,2161320,0.0,108066,498.0,601.0,4322640,651000,13020000,216132,10581.995110831116,5.8725223877233833e-05,2.6199984641641206e-05,4.51646560914539e-05,9.771606913728074e-06,8.94803454485734e-06,6.67332013143524e-05,2.263032748855717e-05,3.9960935277403596e-05,2.9770216905221975e-05,3.950309602694599e-05,0.00020476168601022326
1,42000,False,21,d23ef_00000,2025-08-17_21-02-31,1755464551,95.31450343132019,1992.6511356830597,685888,intrinsic-attention2,10.156.0.3,1992.6511356830597,21,92.20202296248733,1.4857773013650896e-05,92.2017646957995,2.765499906855354,89.07768979132977,0.00205682712268308,0.00027717900229617953,0.0015274516709905582,1000,2.0,10.5,2.732492736625116,2000,42000,2,-10.5,20.0,1.0067001111073661,0.00010172234541532693,4.5001406896939304e-05,1.0067001111073661,9.2,21000,2,542.5245228071383,2000.0,3000.0,"[array([[1.41277167e-13, 1.00000000e+00, 2.77997758e-13],
       [0.00000000e+00, 1.00000000e+00, 0.00000000e+00],
       [1.05814516e-17, 1.00000000e+00, 2.58758375e-17]], dtype=float32), array([[2.4401166e-19, 1.0000000e+00, 2.5133904e-19],
       [0.0000000e+00, 1.0000000e+00, 0.0000000e+00],
       [1.8553871e-19, 1.0000000e+00, 1.9114594e-19]], dtype=float32), array([[8.2478877e-33, 1.0000000e+00, 2.7014857e-36],
       [0.0000000e+00, 1.0000000e+00, 0.0000000e+00],
       [1.3214522e-17, 1.0000000e+00, 1.9398060e-19]], dtype=float32), array([[6.4290275e-25, 1.0000000e+00, 2.9372191e-26],
       [0.0000000e+00, 1.0000000e+00, 0.0000000e+00],
       [2.3062354e-16, 1.0000000e+00, 3.1377680e-17]], dtype=float32), array([[6.3107572e-28, 1.0000000e+00, 3.8775432e-30],
       [0.0000000e+00, 1.0000000e+00, 0.0000000e+00],
       [5.7269846e-16, 1.0000000e+00, 3.3010214e-17]], dtype=float32), array([[9.4962304e-33, 1.0000000e+00, 3.1893754e-36],
       [0.0000000e+00, 1.0000000e+00, 0.0000000e+00],
       [1.4006012e-17, 1.0000000e+00, 2.0796954e-19]], dtype=float32), array([[1.0205705e-32, 1.0000000e+00, 3.4651789e-36],
       [0.0000000e+00, 1.0000000e+00, 0.0000000e+00],
       [1.4496216e-17, 1.0000000e+00, 2.1640182e-19]], dtype=float32), array([[2.3033244e-13, 1.0000000e+00, 4.5036734e-13],
       [0.0000000e+00, 1.0000000e+00, 0.0000000e+00],
       [1.6614351e-17, 1.0000000e+00, 4.0470268e-17]], dtype=float32), array([[2.4306249e-13, 1.0000000e+00, 4.7492842e-13],
       [0.0000000e+00, 1.0000000e+00, 0.0000000e+00],
       [1.7478771e-17, 1.0000000e+00, 4.2557043e-17]], dtype=float32), array([[1.2120777e-32, 1.0000000e+00, 4.2222069e-36],
       [0.0000000e+00, 1.0000000e+00, 0.0000000e+00],
       [1.5743839e-17, 1.0000000e+00, 2.3801295e-19]], dtype=float32), array([[2.6524708e-13, 1.0000000e+00, 5.1758023e-13],
       [0.0000000e+00, 1.0000000e+00, 0.0000000e+00],
       [1.9095519e-17, 1.0000000e+00, 4.6440120e-17]], dtype=float32), array([[1.3321722e-32, 1.0000000e+00, 4.7011652e-36],
       [0.0000000e+00, 1.0000000e+00, 0.0000000e+00],
       [1.6499906e-17, 1.0000000e+00, 2.5107648e-19]], dtype=float32), array([[2.8500477e-13, 1.0000000e+00, 5.5549548e-13],
       [0.0000000e+00, 1.0000000e+00, 0.0000000e+00],
       [2.0571706e-17, 1.0000000e+00, 4.9978306e-17]], dtype=float32), array([[1.3511199e-15, 1.0000000e+00, 2.9816017e-15],
       [0.0000000e+00, 1.0000000e+00, 0.0000000e+00],
       [9.7538456e-20, 1.0000000e+00, 2.6833605e-19]], dtype=float32), array([[1.5119232e-32, 1.0000000e+00, 5.4247723e-36],
       [0.0000000e+00, 1.0000000e+00, 0.0000000e+00],
       [1.7661075e-17, 1.0000000e+00, 2.7114308e-19]], dtype=float32), array([[3.895712e-19, 1.000000e+00, 4.067825e-19],
       [0.000000e+00, 1.000000e+00, 0.000000e+00],
       [2.605549e-19, 1.000000e+00, 2.721773e-19]], dtype=float32), array([[2.8035240e-13, 1.0000000e+00, 5.4668206e-13],
       [0.0000000e+00, 1.0000000e+00, 0.0000000e+00],
       [2.0293450e-17, 1.0000000e+00, 4.9323360e-17]], dtype=float32), array([[8.819017e-30, 1.000000e+00, 3.866048e-32],
       [0.000000e+00, 1.000000e+00, 0.000000e+00],
       [6.638244e-18, 1.000000e+00, 2.678186e-19]], dtype=float32), array([[1.5699823e-09, 1.0000000e+00, 3.8480032e-09],
       [0.0000000e+00, 1.0000000e+00, 0.0000000e+00],
       [8.1998580e-18, 1.0000000e+00, 4.6709288e-17]], dtype=float32), array([[1.4834154e-32, 1.0000000e+00, 5.3117364e-36],
       [0.0000000e+00, 1.0000000e+00, 0.0000000e+00],
       [1.7738384e-17, 1.0000000e+00, 2.7246505e-19]], dtype=float32), array([[1.3732349e-15, 1.0000000e+00, 3.0280005e-15],
       [0.0000000e+00, 1.0000000e+00, 0.0000000e+00],
       [9.9054814e-20, 1.0000000e+00, 2.7226453e-19]], dtype=float32), array([[1.3616753e-15, 1.0000000e+00, 3.0026378e-15],
       [0.0000000e+00, 1.0000000e+00, 0.0000000e+00],
       [9.8114271e-20, 1.0000000e+00, 2.6968652e-19]], dtype=float32), array([[1.3554615e-15, 1.0000000e+00, 2.9891636e-15],
       [0.0000000e+00, 1.0000000e+00, 0.0000000e+00],
       [9.7463325e-20, 1.0000000e+00, 2.6792693e-19]], dtype=float32), array([[1.3510838e-15, 1.0000000e+00, 2.9797255e-15],
       [0.0000000e+00, 1.0000000e+00, 0.0000000e+00],
       [9.6916474e-20, 1.0000000e+00, 2.6645716e-19]], dtype=float32), array([[1.4607406e-09, 1.0000000e+00, 3.5877257e-09],
       [0.0000000e+00, 1.0000000e+00, 0.0000000e+00],
       [7.6669361e-18, 1.0000000e+00, 4.3709911e-17]], dtype=float32), array([[8.6271559e-15, 1.0000000e+00, 2.9313479e-15],
       [0.0000000e+00, 1.0000000e+00, 0.0000000e+00],
       [1.9252195e-09, 1.0000000e+00, 9.8620034e-10]], dtype=float32), array([[1.3762016e-32, 1.0000000e+00, 4.9274551e-36],
       [0.0000000e+00, 1.0000000e+00, 0.0000000e+00],
       [1.6994990e-17, 1.0000000e+00, 2.6094281e-19]], dtype=float32), array([[1.4200472e-09, 1.0000000e+00, 3.4931975e-09],
       [0.0000000e+00, 1.0000000e+00, 0.0000000e+00],
       [7.3439990e-18, 1.0000000e+00, 4.1973083e-17]], dtype=float32), array([[8.4906826e-30, 1.0000000e+00, 3.7224268e-32],
       [0.0000000e+00, 1.0000000e+00, 0.0000000e+00],
       [6.5956863e-18, 1.0000000e+00, 2.6645920e-19]], dtype=float32), array([[9.1476399e-25, 1.0000000e+00, 4.2687245e-26],
       [0.0000000e+00, 1.0000000e+00, 0.0000000e+00],
       [3.0055927e-16, 1.0000000e+00, 4.1541407e-17]], dtype=float32), array([[1.3798186e-09, 1.0000000e+00, 3.3987670e-09],
       [0.0000000e+00, 1.0000000e+00, 0.0000000e+00],
       [7.0689623e-18, 1.0000000e+00, 4.0474437e-17]], dtype=float32)]","[array([-0.31704575, -0.31704575, -0.31704575], dtype=float32), array([-0.2993722, -0.2993722, -0.2993722], dtype=float32), array([-0.2832806, -0.2832806, -0.2832806], dtype=float32), array([-0.26870278, -0.26870278, -0.26870278], dtype=float32), array([-0.2567804, -0.2567804, -0.2567804], dtype=float32), array([-0.24318361, -0.24318361, -0.24318361], dtype=float32), array([-0.23114178, -0.23114178, -0.23114178], dtype=float32), array([-0.22061439, -0.22061439, -0.22061439], dtype=float32), array([-0.21129538, -0.21129538, -0.21129538], dtype=float32), array([-0.20069292, -0.20069292, -0.20069292], dtype=float32), array([-0.19104983, -0.19104983, -0.19104983], dtype=float32), array([-0.1829142, -0.1829142, -0.1829142], dtype=float32), array([-0.173913, -0.173913, -0.173913], dtype=float32), array([-0.16404484, -0.16404484, -0.16404484], dtype=float32), array([-0.15181354, -0.15181354, -0.15181354], dtype=float32), array([-0.1401838, -0.1401838, -0.1401838], dtype=float32), array([-0.12766588, -0.12766588, -0.12766588], dtype=float32), array([-0.11469911, -0.11469911, -0.11469911], dtype=float32), array([-0.10189544, -0.10189544, -0.10189544], dtype=float32), array([-0.08802732, -0.08802732, -0.08802732], dtype=float32), array([-0.07303466, -0.07303466, -0.07303466], dtype=float32), array([-0.05769891, -0.05769891, -0.05769891], dtype=float32), array([-0.04274916, -0.04274916, -0.04274916], dtype=float32), array([-0.0269683, -0.0269683, -0.0269683], dtype=float32), array([-0.01193224, -0.01193224, -0.01193224], dtype=float32), array([0.00278386, 0.00278386, 0.00278386], dtype=float32), array([0.01906677, 0.01906677, 0.01906677], dtype=float32), array([0.03560573, 0.03560573, 0.03560573], dtype=float32), array([0.05113871, 0.05113871, 0.05113871], dtype=float32), array([0.06678952, 0.06678952, 0.06678952], dtype=float32), array([0.08398637, 0.08398637, 0.08398637], dtype=float32)]","[array([-0.31704584, -0.31704584, -0.31704584], dtype=float32), array([-0.29937223, -0.29937223, -0.29937223], dtype=float32), array([-0.2832806, -0.2832806, -0.2832806], dtype=float32), array([-0.26870283, -0.26870283, -0.26870283], dtype=float32), array([-0.25678036, -0.25678036, -0.25678036], dtype=float32), array([-0.24318361, -0.24318361, -0.24318361], dtype=float32), array([-0.23114176, -0.23114176, -0.23114176], dtype=float32), array([-0.22061434, -0.22061434, -0.22061434], dtype=float32), array([-0.21129537, -0.21129537, -0.21129537], dtype=float32), array([-0.2006929, -0.2006929, -0.2006929], dtype=float32), array([-0.19104986, -0.19104986, -0.19104986], dtype=float32), array([-0.18291418, -0.18291418, -0.18291418], dtype=float32), array([-0.17391302, -0.17391302, -0.17391302], dtype=float32), array([-0.16404484, -0.16404484, -0.16404484], dtype=float32), array([-0.15181357, -0.15181357, -0.15181357], dtype=float32), array([-0.1401838, -0.1401838, -0.1401838], dtype=float32), array([-0.12766589, -0.12766589, -0.12766589], dtype=float32), array([-0.11469908, -0.11469908, -0.11469908], dtype=float32), array([-0.10189543, -0.10189543, -0.10189543], dtype=float32), array([-0.08802731, -0.08802731, -0.08802731], dtype=float32), array([-0.07303467, -0.07303467, -0.07303467], dtype=float32), array([-0.05769891, -0.05769891, -0.05769891], dtype=float32), array([-0.04274915, -0.04274915, -0.04274915], dtype=float32), array([-0.02696831, -0.02696831, -0.02696831], dtype=float32), array([-0.01193224, -0.01193224, -0.01193224], dtype=float32), array([0.00278386, 0.00278386, 0.00278386], dtype=float32), array([0.01906677, 0.01906677, 0.01906677], dtype=float32), array([0.03560574, 0.03560574, 0.03560574], dtype=float32), array([0.05113872, 0.05113872, 0.05113872], dtype=float32), array([0.06678952, 0.06678952, 0.06678952], dtype=float32), array([0.08398635, 0.08398635, 0.08398635], dtype=float32)]",1,0,0,0,0,0,55.525,60.42720588235294,0.00015814514724926183,42000,9.2,0.0003653990954225246,42000,9.2,2000,2000,0.3481485124538386,0.0,81158,999.0,0.0030883150175213814,0.12255574017763138,-0.02014867030084133,1.0,21.0,0.0013802934991,650349,0.328900009393692,-0.4696059226989746,0.4722185432910919,0.0017828666605055332,31567.5078125,30969,342.0118883935968,0.0,0.0,23810,999.0,30969,0.0393447157605,650349,1.0,21.0,0.0013802934991,342.0112572473874,0,93000,1953000,61938,104968,1300698,1027.0658993336826,6101112.687883736,6345790.668958737,2.0,42100,2,1.0067001111073501,9.1,10.5,0.00011696014932248677,5.1056056095910523e-05,1050,2,0.001950363419164205,50,0.18581457463485795,21.0,0.0003084874413289199,-10.5,100,1.0067001111073501,0.00018198219079886308,0.00041651791706102194,2100,100,2100,9.1,9.1,100,4.2472988507536835e-05,7.319283587402582e-06,6.9721561148733255e-06,1.9852518753837337e-05,3.282064224278717e-05,4.812847060576567e-05,2.8606434205324226e-05,0.00015385135692677336,2.8761133466211933e-05,1.648899755539746e-05,2.143470107754806e-05,0.054877131254419995,0.006557877044557614,0.058218363890324296,0.18071021648109487,0.029684397524816043,0.01710625998082918,0.0001772474416848967,651.0,-0.011015772819519043,0.4722185730934143,0.31328148,498.0,94.70138549804688,108066,0.14049306511878967,1.0,0.0025352993980050087,2269386,-0.03613775968551636,631.0,651.0,2269386,0.0,108066,498.0,631.0,4538772,651000,13671000,216132,10514.34307704917,4.886136900068558e-05,2.2108210489013283e-05,3.7937806545758355e-05,8.585845428255443e-06,7.439336215678107e-06,5.448807273497314e-05,1.864779412345288e-05,3.263010284224128e-05,2.4937080116129593e-05,3.2781405520482276e-05,0.00017435626925092713
1,44000,False,22,d23ef_00000,2025-08-17_21-04-05,1755464645,93.89552474021912,2086.546660423279,685888,intrinsic-attention2,10.156.0.3,2086.546660423279,22,92.21688693086236,1.4849545304470635e-05,92.21662737557152,2.775621565956842,89.07781561158644,0.002055728101420708,0.00027717900229617953,0.002279391929914709,1000,2.0,10.5,2.7424464572887617,2000,44000,2,-10.5,21.0,1.0067001111073661,0.00016363635460206358,6.402650399165027e-05,1.0067001111073661,9.44,22000,2,528.8361996230615,2000.0,3000.0,"[array([[7.934379e-30, 1.000000e+00, 3.454548e-32],
       [0.000000e+00, 1.000000e+00, 0.000000e+00],
       [6.355144e-18, 1.000000e+00, 2.557552e-19]], dtype=float32), array([[1.3050969e-15, 1.0000000e+00, 2.8813914e-15],
       [0.0000000e+00, 1.0000000e+00, 0.0000000e+00],
       [9.1686942e-20, 1.0000000e+00, 2.5249029e-19]], dtype=float32), array([[8.050241e-28, 1.000000e+00, 5.090561e-30],
       [0.000000e+00, 1.000000e+00, 0.000000e+00],
       [6.576975e-16, 1.000000e+00, 3.853121e-17]], dtype=float32), array([[7.1171628e-30, 1.0000000e+00, 3.0607234e-32],
       [0.0000000e+00, 1.0000000e+00, 0.0000000e+00],
       [5.9924884e-18, 1.0000000e+00, 2.3951488e-19]], dtype=float32), array([[1.1833252e-09, 1.0000000e+00, 2.9287470e-09],
       [0.0000000e+00, 1.0000000e+00, 0.0000000e+00],
       [6.0551283e-18, 1.0000000e+00, 3.4773022e-17]], dtype=float32), array([[1.0258320e-32, 1.0000000e+00, 3.5421876e-36],
       [0.0000000e+00, 1.0000000e+00, 0.0000000e+00],
       [1.4642328e-17, 1.0000000e+00, 2.2070448e-19]], dtype=float32), array([[1.086998e-15, 1.000000e+00, 2.401842e-15],
       [0.000000e+00, 1.000000e+00, 0.000000e+00],
       [7.710572e-20, 1.000000e+00, 2.122640e-19]], dtype=float32), array([[3.1435051e-18, 1.0000000e+00, 3.0833023e-19],
       [0.0000000e+00, 1.0000000e+00, 0.0000000e+00],
       [2.3388784e-09, 1.0000000e+00, 7.4428530e-10]], dtype=float32), array([[2.8663116e-19, 1.0000000e+00, 2.9940190e-19],
       [0.0000000e+00, 1.0000000e+00, 0.0000000e+00],
       [1.9100527e-19, 1.0000000e+00, 1.9959765e-19]], dtype=float32), array([[9.8846575e-10, 1.0000000e+00, 2.4594877e-09],
       [0.0000000e+00, 1.0000000e+00, 0.0000000e+00],
       [5.0551398e-18, 1.0000000e+00, 2.9115080e-17]], dtype=float32), array([[9.6899955e-10, 1.0000000e+00, 2.4122666e-09],
       [0.0000000e+00, 1.0000000e+00, 0.0000000e+00],
       [4.9658440e-18, 1.0000000e+00, 2.8602853e-17]], dtype=float32), array([[1.6009411e-13, 1.0000000e+00, 3.1466084e-13],
       [0.0000000e+00, 1.0000000e+00, 0.0000000e+00],
       [1.1489213e-17, 1.0000000e+00, 2.8106284e-17]], dtype=float32), array([[2.6376101e-19, 1.0000000e+00, 2.7519451e-19],
       [0.0000000e+00, 1.0000000e+00, 0.0000000e+00],
       [1.7771283e-19, 1.0000000e+00, 1.8548847e-19]], dtype=float32), array([[7.5317060e-33, 1.0000000e+00, 2.4998958e-36],
       [0.0000000e+00, 1.0000000e+00, 0.0000000e+00],
       [1.2400358e-17, 1.0000000e+00, 1.8299209e-19]], dtype=float32), array([[7.3916099e-33, 1.0000000e+00, 2.4476002e-36],
       [0.0000000e+00, 1.0000000e+00, 0.0000000e+00],
       [1.2271796e-17, 1.0000000e+00, 1.8085947e-19]], dtype=float32), array([[2.5681497e-19, 1.0000000e+00, 2.6779510e-19],
       [0.0000000e+00, 1.0000000e+00, 0.0000000e+00],
       [1.7397464e-19, 1.0000000e+00, 1.8148147e-19]], dtype=float32), array([[9.2312274e-10, 1.0000000e+00, 2.3009625e-09],
       [0.0000000e+00, 1.0000000e+00, 0.0000000e+00],
       [4.7564974e-18, 1.0000000e+00, 2.7403200e-17]], dtype=float32), array([[4.8713321e-28, 1.0000000e+00, 2.9186945e-30],
       [0.0000000e+00, 1.0000000e+00, 0.0000000e+00],
       [4.9286899e-16, 1.0000000e+00, 2.7999485e-17]], dtype=float32), array([[5.0895366e-28, 1.0000000e+00, 3.0610068e-30],
       [0.0000000e+00, 1.0000000e+00, 0.0000000e+00],
       [5.0645450e-16, 1.0000000e+00, 2.8838626e-17]], dtype=float32), array([[5.2455504e-28, 1.0000000e+00, 3.1627069e-30],
       [0.0000000e+00, 1.0000000e+00, 0.0000000e+00],
       [5.1627796e-16, 1.0000000e+00, 2.9444460e-17]], dtype=float32), array([[1.6685904e-13, 1.0000000e+00, 3.2749270e-13],
       [0.0000000e+00, 1.0000000e+00, 0.0000000e+00],
       [1.2183405e-17, 1.0000000e+00, 2.9745891e-17]], dtype=float32), array([[8.3935116e-33, 1.0000000e+00, 2.8136479e-36],
       [0.0000000e+00, 1.0000000e+00, 0.0000000e+00],
       [1.3021914e-17, 1.0000000e+00, 1.9299893e-19]], dtype=float32), array([[1.6959923e-13, 1.0000000e+00, 3.3272229e-13],
       [0.0000000e+00, 1.0000000e+00, 0.0000000e+00],
       [1.2466761e-17, 1.0000000e+00, 3.0418670e-17]], dtype=float32), array([[5.5620048e-28, 1.0000000e+00, 3.3673260e-30],
       [0.0000000e+00, 1.0000000e+00, 0.0000000e+00],
       [5.3385644e-16, 1.0000000e+00, 3.0518862e-17]], dtype=float32), array([[8.2762531e-33, 1.0000000e+00, 2.7616067e-36],
       [0.0000000e+00, 1.0000000e+00, 0.0000000e+00],
       [1.2955371e-17, 1.0000000e+00, 1.9159491e-19]], dtype=float32), array([[5.0492245e-25, 1.0000000e+00, 2.2323885e-26],
       [0.0000000e+00, 1.0000000e+00, 0.0000000e+00],
       [2.0938203e-16, 1.0000000e+00, 2.7982723e-17]], dtype=float32), array([[8.7417845e-10, 1.0000000e+00, 2.1825999e-09],
       [0.0000000e+00, 1.0000000e+00, 0.0000000e+00],
       [4.6878129e-18, 1.0000000e+00, 2.6987307e-17]], dtype=float32), array([[4.6701793e-25, 1.0000000e+00, 2.0511510e-26],
       [0.0000000e+00, 1.0000000e+00, 0.0000000e+00],
       [1.9783475e-16, 1.0000000e+00, 2.6317234e-17]], dtype=float32), array([[7.6085194e-33, 1.0000000e+00, 2.4991140e-36],
       [0.0000000e+00, 1.0000000e+00, 0.0000000e+00],
       [1.2521810e-17, 1.0000000e+00, 1.8385833e-19]], dtype=float32), array([[4.4104277e-28, 1.0000000e+00, 2.5964359e-30],
       [0.0000000e+00, 1.0000000e+00, 0.0000000e+00],
       [4.5590754e-16, 1.0000000e+00, 2.5598972e-17]], dtype=float32), array([[7.8707318e-10, 1.0000000e+00, 1.9704463e-09],
       [0.0000000e+00, 1.0000000e+00, 0.0000000e+00],
       [4.3888164e-18, 1.0000000e+00, 2.5247708e-17]], dtype=float32)]","[array([0.10073303, 0.10073303, 0.10073303], dtype=float32), array([0.11677692, 0.11677692, 0.11677692], dtype=float32), array([0.1310711, 0.1310711, 0.1310711], dtype=float32), array([0.1460912, 0.1460912, 0.1460912], dtype=float32), array([0.1611442, 0.1611442, 0.1611442], dtype=float32), array([0.17078343, 0.17078343, 0.17078343], dtype=float32), array([0.17882368, 0.17882368, 0.17882368], dtype=float32), array([0.18602608, 0.18602608, 0.18602608], dtype=float32), array([0.19166057, 0.19166057, 0.19166057], dtype=float32), array([0.19641662, 0.19641662, 0.19641662], dtype=float32), array([0.20053147, 0.20053147, 0.20053147], dtype=float32), array([0.20435423, 0.20435423, 0.20435423], dtype=float32), array([0.2094383, 0.2094383, 0.2094383], dtype=float32), array([0.21447615, 0.21447615, 0.21447615], dtype=float32), array([0.22013834, 0.22013834, 0.22013834], dtype=float32), array([0.22729343, 0.22729343, 0.22729343], dtype=float32), array([0.23541707, 0.23541707, 0.23541707], dtype=float32), array([0.24459198, 0.24459198, 0.24459198], dtype=float32), array([0.25274995, 0.25274995, 0.25274995], dtype=float32), array([0.25927278, 0.25927278, 0.25927278], dtype=float32), array([0.2667201, 0.2667201, 0.2667201], dtype=float32), array([0.27525133, 0.27525133, 0.27525133], dtype=float32), array([0.28372642, 0.28372642, 0.28372642], dtype=float32), array([0.29259422, 0.29259422, 0.29259422], dtype=float32), array([0.30120188, 0.30120188, 0.30120188], dtype=float32), array([0.30830505, 0.30830505, 0.30830505], dtype=float32), array([0.31507558, 0.31507558, 0.31507558], dtype=float32), array([0.32224795, 0.32224795, 0.32224795], dtype=float32), array([0.33010608, 0.33010608, 0.33010608], dtype=float32), array([0.33736494, 0.33736494, 0.33736494], dtype=float32), array([0.34325787, 0.34325787, 0.34325787], dtype=float32)]","[array([0.10073303, 0.10073303, 0.10073303], dtype=float32), array([0.11677694, 0.11677694, 0.11677694], dtype=float32), array([0.13107115, 0.13107115, 0.13107115], dtype=float32), array([0.14609116, 0.14609116, 0.14609116], dtype=float32), array([0.16114418, 0.16114418, 0.16114418], dtype=float32), array([0.17078345, 0.17078345, 0.17078345], dtype=float32), array([0.1788237, 0.1788237, 0.1788237], dtype=float32), array([0.18602608, 0.18602608, 0.18602608], dtype=float32), array([0.19166055, 0.19166055, 0.19166055], dtype=float32), array([0.19641659, 0.19641659, 0.19641659], dtype=float32), array([0.20053148, 0.20053148, 0.20053148], dtype=float32), array([0.20435421, 0.20435421, 0.20435421], dtype=float32), array([0.2094383, 0.2094383, 0.2094383], dtype=float32), array([0.21447621, 0.21447621, 0.21447621], dtype=float32), array([0.22013836, 0.22013836, 0.22013836], dtype=float32), array([0.22729337, 0.22729337, 0.22729337], dtype=float32), array([0.23541702, 0.23541702, 0.23541702], dtype=float32), array([0.24459195, 0.24459195, 0.24459195], dtype=float32), array([0.25274998, 0.25274998, 0.25274998], dtype=float32), array([0.25927275, 0.25927275, 0.25927275], dtype=float32), array([0.26672012, 0.26672012, 0.26672012], dtype=float32), array([0.2752513, 0.2752513, 0.2752513], dtype=float32), array([0.28372642, 0.28372642, 0.28372642], dtype=float32), array([0.2925942, 0.2925942, 0.2925942], dtype=float32), array([0.30120188, 0.30120188, 0.30120188], dtype=float32), array([0.30830508, 0.30830508, 0.30830508], dtype=float32), array([0.31507558, 0.31507558, 0.31507558], dtype=float32), array([0.32224786, 0.32224786, 0.32224786], dtype=float32), array([0.33010605, 0.33010605, 0.33010605], dtype=float32), array([0.3373649, 0.3373649, 0.3373649], dtype=float32), array([0.34325787, 0.34325787, 0.34325787], dtype=float32)]",1,0,0,0,0,0,55.008955223880605,59.99328358208955,0.0002319417288069507,44000,9.44,0.0005400552705754166,44000,9.44,2000,2000,0.35276015062935945,0.0,81158,999.0,0.007428207900375128,0.08809524029493332,-0.014275524765253067,1.0,22.0,0.0013802934991,681318,0.3348229229450226,-1.0,0.4722185432910919,0.0017828666605055332,32656.99609375,30969,342.18549683738,0.0,0.0,23810,999.0,30969,0.0393447157605,681318,1.0,22.0,0.0013802934991,342.18489764218145,0,93000,2046000,61938,104968,1362636,1027.5870841107085,6119538.282975171,6368864.751940194,2.0,44100,2,1.0067001111073648,9.7,10.5,0.00014578300448959462,6.217603400587473e-05,1100,2,0.0020064445881871505,50,0.18584727821844804,22.0,0.00030736902688329235,-10.5,100,1.0067001111073648,0.00022480855886153177,0.0005187280805788139,2200,100,2200,9.7,9.7,100,6.396125643056277e-05,1.0178594892404587e-05,9.471585883552906e-06,2.8335875334526934e-05,4.761655329320078e-05,7.422689663325078e-05,4.249371348385678e-05,0.00022328203552073454,4.2635872177171516e-05,2.4801867063710854e-05,3.095524925590092e-05,0.05520706815195107,0.00659335569407289,0.06133284208145679,0.18155330022616284,0.029872323269628166,0.01719819514102176,0.0001776095571538749,682.0,0.008619368076324463,0.4722185730934143,0.33762693,498.0,98.01404571533203,108066,0.09355004131793976,1.0,0.013703510165214539,2377452,-0.013647143729031086,661.0,682.0,2377452,0.0,108066,498.0,661.0,4754904,651000,14322000,216132,10459.824807713432,6.070557756431517e-05,2.7021741093030955e-05,4.57902890346623e-05,1.0088126334742623e-05,8.891460687692159e-06,6.869609937637344e-05,2.3606943261428293e-05,4.0894551062148385e-05,3.107714169663182e-05,4.0638100323725645e-05,0.00021397219577017185
1,46000,False,23,d23ef_00000,2025-08-17_21-05-38,1755464738,93.35804438591003,2179.904704809189,685888,intrinsic-attention2,10.156.0.3,2179.904704809189,23,92.22625689528375,1.482818993477617e-05,92.22599637870586,2.774251915047265,89.08885244907056,0.0020539459403765875,0.00027717900229617953,0.0015898547504912131,1000,2.0,10.5,2.741101270875906,2000,46000,2,-10.5,22.0,1.0067001111073661,0.00010644906514241908,4.746004273043851e-05,1.0067001111073661,9.79,23000,2,515.2142647830677,2000.0,3000.0,"[array([[4.2334328e-28, 1.0000000e+00, 2.4763459e-30],
       [0.0000000e+00, 1.0000000e+00, 0.0000000e+00],
       [4.4545182e-16, 1.0000000e+00, 2.4921789e-17]], dtype=float32), array([[4.1885580e-25, 1.0000000e+00, 1.8145522e-26],
       [0.0000000e+00, 1.0000000e+00, 0.0000000e+00],
       [1.8638031e-16, 1.0000000e+00, 2.4589383e-17]], dtype=float32), array([[4.3022123e-30, 1.0000000e+00, 1.7260119e-32],
       [0.0000000e+00, 1.0000000e+00, 0.0000000e+00],
       [4.6089950e-18, 1.0000000e+00, 1.7731397e-19]], dtype=float32), array([[8.0861460e-16, 1.0000000e+00, 1.7794722e-15],
       [0.0000000e+00, 1.0000000e+00, 0.0000000e+00],
       [6.4472182e-20, 1.0000000e+00, 1.7576908e-19]], dtype=float32), array([[7.9837429e-16, 1.0000000e+00, 1.7565818e-15],
       [0.0000000e+00, 1.0000000e+00, 0.0000000e+00],
       [6.3981193e-20, 1.0000000e+00, 1.7435269e-19]], dtype=float32), array([[2.2104742e-19, 1.0000000e+00, 2.2800680e-19],
       [0.0000000e+00, 1.0000000e+00, 0.0000000e+00],
       [1.6587800e-19, 1.0000000e+00, 1.7113635e-19]], dtype=float32), array([[3.8360541e-30, 1.0000000e+00, 1.5152836e-32],
       [0.0000000e+00, 1.0000000e+00, 0.0000000e+00],
       [4.3575039e-18, 1.0000000e+00, 1.6626762e-19]], dtype=float32), array([[2.0102733e-19, 1.0000000e+00, 2.0685315e-19],
       [0.0000000e+00, 1.0000000e+00, 0.0000000e+00],
       [1.5432420e-19, 1.0000000e+00, 1.5882443e-19]], dtype=float32), array([[2.9759844e-25, 1.0000000e+00, 1.2495175e-26],
       [0.0000000e+00, 1.0000000e+00, 0.0000000e+00],
       [1.5070295e-16, 1.0000000e+00, 1.9493846e-17]], dtype=float32), array([[5.4375132e-10, 1.0000000e+00, 1.3756142e-09],
       [0.0000000e+00, 1.0000000e+00, 0.0000000e+00],
       [3.1831087e-18, 1.0000000e+00, 1.8371339e-17]], dtype=float32), array([[6.1886631e-16, 1.0000000e+00, 1.3608134e-15],
       [0.0000000e+00, 1.0000000e+00, 0.0000000e+00],
       [5.1623557e-20, 1.0000000e+00, 1.4022517e-19]], dtype=float32), array([[2.7530112e-30, 1.0000000e+00, 1.0453627e-32],
       [0.0000000e+00, 1.0000000e+00, 0.0000000e+00],
       [3.6583725e-18, 1.0000000e+00, 1.3660950e-19]], dtype=float32), array([[2.3037716e-25, 1.0000000e+00, 9.4642185e-27],
       [0.0000000e+00, 1.0000000e+00, 0.0000000e+00],
       [1.2783652e-16, 1.0000000e+00, 1.6305622e-17]], dtype=float32), array([[4.1059918e-33, 1.0000000e+00, 1.2253995e-36],
       [0.0000000e+00, 1.0000000e+00, 0.0000000e+00],
       [9.3031118e-18, 1.0000000e+00, 1.3026770e-19]], dtype=float32), array([[2.0403015e-28, 1.0000000e+00, 1.0974559e-30],
       [0.0000000e+00, 1.0000000e+00, 0.0000000e+00],
       [2.8720185e-16, 1.0000000e+00, 1.5292784e-17]], dtype=float32), array([[1.9583477e-28, 1.0000000e+00, 1.0485829e-30],
       [0.0000000e+00, 1.0000000e+00, 0.0000000e+00],
       [2.8010183e-16, 1.0000000e+00, 1.4874158e-17]], dtype=float32), array([[2.2978240e-30, 1.0000000e+00, 8.5372760e-33],
       [0.0000000e+00, 1.0000000e+00, 0.0000000e+00],
       [3.3293221e-18, 1.0000000e+00, 1.2285977e-19]], dtype=float32), array([[5.1881297e-16, 1.0000000e+00, 1.1403511e-15],
       [0.0000000e+00, 1.0000000e+00, 0.0000000e+00],
       [4.4473101e-20, 1.0000000e+00, 1.2053952e-19]], dtype=float32), array([[1.3744322e-19, 1.0000000e+00, 1.4017276e-19],
       [0.0000000e+00, 1.0000000e+00, 0.0000000e+00],
       [1.1464289e-19, 1.0000000e+00, 1.1692945e-19]], dtype=float32), array([[6.3839620e-14, 1.0000000e+00, 1.2584806e-13],
       [0.0000000e+00, 1.0000000e+00, 0.0000000e+00],
       [5.5113229e-18, 1.0000000e+00, 1.3390401e-17]], dtype=float32), array([[1.5916699e-28, 1.0000000e+00, 8.3284555e-31],
       [0.0000000e+00, 1.0000000e+00, 0.0000000e+00],
       [2.4798234e-16, 1.0000000e+00, 1.2993630e-17]], dtype=float32), array([[1.3055773e-19, 1.0000000e+00, 1.3305964e-19],
       [0.0000000e+00, 1.0000000e+00, 0.0000000e+00],
       [1.0959100e-19, 1.0000000e+00, 1.1170007e-19]], dtype=float32), array([[5.9580589e-14, 1.0000000e+00, 1.1751223e-13],
       [0.0000000e+00, 1.0000000e+00, 0.0000000e+00],
       [5.1783765e-18, 1.0000000e+00, 1.2581997e-17]], dtype=float32), array([[4.6641117e-16, 1.0000000e+00, 1.0247028e-15],
       [0.0000000e+00, 1.0000000e+00, 0.0000000e+00],
       [4.0607686e-20, 1.0000000e+00, 1.0989158e-19]], dtype=float32), array([[1.4492209e-28, 1.0000000e+00, 7.5059570e-31],
       [0.0000000e+00, 1.0000000e+00, 0.0000000e+00],
       [2.3416599e-16, 1.0000000e+00, 1.2194750e-17]], dtype=float32), array([[1.42564292e-28, 1.00000000e+00, 7.37134405e-31],
       [0.00000000e+00, 1.00000000e+00, 0.00000000e+00],
       [2.31801922e-16, 1.00000000e+00, 1.20592536e-17]], dtype=float32), array([[1.38863930e-28, 1.00000000e+00, 7.16092257e-31],
       [0.00000000e+00, 1.00000000e+00, 0.00000000e+00],
       [2.27781983e-16, 1.00000000e+00, 1.18297515e-17]], dtype=float32), array([[1.4089478e-28, 1.0000000e+00, 7.2771324e-31],
       [0.0000000e+00, 1.0000000e+00, 0.0000000e+00],
       [2.2973233e-16, 1.0000000e+00, 1.1941969e-17]], dtype=float32), array([[1.3574050e-18, 1.0000000e+00, 1.3077656e-19],
       [0.0000000e+00, 1.0000000e+00, 0.0000000e+00],
       [9.9692554e-10, 1.0000000e+00, 3.0670633e-10]], dtype=float32), array([[3.4728009e-10, 1.0000000e+00, 8.8981139e-10],
       [0.0000000e+00, 1.0000000e+00, 0.0000000e+00],
       [2.1185479e-18, 1.0000000e+00, 1.2288754e-17]], dtype=float32), array([[1.9166986e-30, 1.0000000e+00, 6.9670713e-33],
       [0.0000000e+00, 1.0000000e+00, 0.0000000e+00],
       [3.0528858e-18, 1.0000000e+00, 1.1139879e-19]], dtype=float32)]","[array([0.34865034, 0.34865034, 0.34865034], dtype=float32), array([0.3536331, 0.3536331, 0.3536331], dtype=float32), array([0.35805845, 0.35805845, 0.35805845], dtype=float32), array([0.36194608, 0.36194608, 0.36194608], dtype=float32), array([0.36533466, 0.36533466, 0.36533466], dtype=float32), array([0.36851642, 0.36851642, 0.36851642], dtype=float32), array([0.37165454, 0.37165454, 0.37165454], dtype=float32), array([0.37479302, 0.37479302, 0.37479302], dtype=float32), array([0.37660658, 0.37660658, 0.37660658], dtype=float32), array([0.37828347, 0.37828347, 0.37828347], dtype=float32), array([0.3795983, 0.3795983, 0.3795983], dtype=float32), array([0.38077277, 0.38077277, 0.38077277], dtype=float32), array([0.38163906, 0.38163906, 0.38163906], dtype=float32), array([0.38243234, 0.38243234, 0.38243234], dtype=float32), array([0.38312623, 0.38312623, 0.38312623], dtype=float32), array([0.3838741, 0.3838741, 0.3838741], dtype=float32), array([0.3849569, 0.3849569, 0.3849569], dtype=float32), array([0.38591203, 0.38591203, 0.38591203], dtype=float32), array([0.38670585, 0.38670585, 0.38670585], dtype=float32), array([0.3872614, 0.3872614, 0.3872614], dtype=float32), array([0.38771343, 0.38771343, 0.38771343], dtype=float32), array([0.38812637, 0.38812637, 0.38812637], dtype=float32), array([0.3885714, 0.3885714, 0.3885714], dtype=float32), array([0.38893828, 0.38893828, 0.38893828], dtype=float32), array([0.38972995, 0.38972995, 0.38972995], dtype=float32), array([0.3902575, 0.3902575, 0.3902575], dtype=float32), array([0.3907843, 0.3907843, 0.3907843], dtype=float32), array([0.39142144, 0.39142144, 0.39142144], dtype=float32), array([0.39219, 0.39219, 0.39219], dtype=float32), array([0.39319566, 0.39319566, 0.39319566], dtype=float32), array([0.39405873, 0.39405873, 0.39405873], dtype=float32)]","[array([0.34865028, 0.34865028, 0.34865028], dtype=float32), array([nan, nan, nan], dtype=float32), array([0.35805845, 0.35805845, 0.35805845], dtype=float32), array([0.36194608, 0.36194608, 0.36194608], dtype=float32), array([nan, nan, nan], dtype=float32), array([0.36851636, 0.36851636, 0.36851636], dtype=float32), array([0.37165457, 0.37165457, 0.37165457], dtype=float32), array([0.37479302, 0.37479302, 0.37479302], dtype=float32), array([nan, nan, nan], dtype=float32), array([nan, nan, nan], dtype=float32), array([0.37959835, 0.37959835, 0.37959835], dtype=float32), array([0.38077283, 0.38077283, 0.38077283], dtype=float32), array([0.38163912, 0.38163912, 0.38163912], dtype=float32), array([nan, nan, nan], dtype=float32), array([nan, nan, nan], dtype=float32), array([0.38387412, 0.38387412, 0.38387412], dtype=float32), array([nan, nan, nan], dtype=float32), array([0.38591206, 0.38591206, 0.38591206], dtype=float32), array([0.38670582, 0.38670582, 0.38670582], dtype=float32), array([0.38726148, 0.38726148, 0.38726148], dtype=float32), array([0.38771334, 0.38771334, 0.38771334], dtype=float32), array([0.38812637, 0.38812637, 0.38812637], dtype=float32), array([0.38857144, 0.38857144, 0.38857144], dtype=float32), array([nan, nan, nan], dtype=float32), array([0.38972992, 0.38972992, 0.38972992], dtype=float32), array([nan, nan, nan], dtype=float32), array([0.39078438, 0.39078438, 0.39078438], dtype=float32), array([0.3914215, 0.3914215, 0.3914215], dtype=float32), array([nan, nan, nan], dtype=float32), array([0.39319572, 0.39319572, 0.39319572], dtype=float32), array([0.39405876, 0.39405876, 0.39405876], dtype=float32)]",1,0,0,0,0,0,55.719548872180454,60.05187969924812,0.00016354423117193577,46000,9.79,0.00037999958757692424,46000,9.79,2000,2000,0.3524777046229647,0.0,81158,999.0,0.0012131918920204043,0.08198704570531845,-0.012836304493248463,1.0,23.0,0.0013802934991,712287,0.33625954389572144,-0.15912914276123047,0.4722185432910919,0.0008914333302527666,29312.708984375,30969,342.1455245412669,0.0,0.0,23810,999.0,30969,0.0393447157605,712287,1.0,23.0,0.0013802934991,342.14495119878103,0,93000,2139000,61938,104968,1424574,1027.4668928593062,6128340.861984899,6383491.083186822,2.0,46100,2,1.0067001111073661,9.9,10.5,0.00015066369115442204,6.213556847531259e-05,1150,2,0.0022966504687792623,50,0.18583706088614044,23.0,0.00030627721666461196,9.5,100,1.0067001111073661,0.00022958163545296273,0.0005252369028123711,2300,100,2300,9.9,9.9,100,4.475274878591486e-05,7.503479135056182e-06,7.057388892755344e-06,2.0326565567598842e-05,3.4067261025070046e-05,4.992382573688816e-05,2.955026635600636e-05,0.00016184820806834337,2.9605040764579577e-05,1.6699139795305452e-05,2.2512454641205675e-05,0.0552301024703114,0.006596187607046231,0.06122178619063543,0.18137265772389163,0.02985912264685189,0.017192248349684622,0.0001775250415465809,713.0,-0.026687026023864746,0.4722185730934143,0.3283994,498.0,100.41952514648438,108066,0.08436673879623413,1.0,0.0013874087017029524,2485518,-0.020913364365696907,691.0,713.0,2485518,0.0,108066,498.0,691.0,4971036,651000,14973000,216132,10405.80482799779,6.171498430420204e-05,2.7201572489229067e-05,4.739340677794241e-05,1.0219251297331016e-05,9.068961421088722e-06,6.979325757460895e-05,2.4087208797591374e-05,4.244210423004097e-05,3.101359633323313e-05,4.18174552843243e-05,0.00021416790879287832
1,48000,False,24,d23ef_00000,2025-08-17_21-07-10,1755464830,91.75233173370361,2271.6570365428925,685888,intrinsic-attention2,10.156.0.3,2271.6570365428925,24,92.21952573111098,1.4842498039466474e-05,92.21926293272872,2.7779801937867163,89.0787140676998,0.0020521482510091073,0.00027717900229617953,0.0016045650898013264,1000,2.0,10.5,2.744864487317057,2000,48000,2,9.5,23.0,1.0067001111073661,0.00010453733633837851,4.7643906855860416e-05,1.0067001111073661,9.98,24000,2,501.68566610910483,2000.0,3000.0,"[array([[3.6245629e-10, 1.0000000e+00, 9.2699565e-10],
       [0.0000000e+00, 1.0000000e+00, 0.0000000e+00],
       [2.2314014e-18, 1.0000000e+00, 1.2914712e-17]], dtype=float32), array([[1.9358033e-30, 1.0000000e+00, 7.0557608e-33],
       [0.0000000e+00, 1.0000000e+00, 0.0000000e+00],
       [3.0656529e-18, 1.0000000e+00, 1.1202949e-19]], dtype=float32), array([[3.5023223e-10, 1.0000000e+00, 8.9783259e-10],
       [0.0000000e+00, 1.0000000e+00, 0.0000000e+00],
       [2.0898840e-18, 1.0000000e+00, 1.2149525e-17]], dtype=float32), array([[3.1053064e-33, 1.0000000e+00, 9.0016077e-37],
       [0.0000000e+00, 1.0000000e+00, 0.0000000e+00],
       [8.0644816e-18, 1.0000000e+00, 1.1125652e-19]], dtype=float32), array([[1.4638749e-25, 1.0000000e+00, 5.7960962e-27],
       [0.0000000e+00, 1.0000000e+00, 0.0000000e+00],
       [9.4989888e-17, 1.0000000e+00, 1.1828217e-17]], dtype=float32), array([[3.4644121e-10, 1.0000000e+00, 8.8947882e-10],
       [0.0000000e+00, 1.0000000e+00, 0.0000000e+00],
       [2.0019787e-18, 1.0000000e+00, 1.1683281e-17]], dtype=float32), array([[3.4504052e-10, 1.0000000e+00, 8.8630514e-10],
       [0.0000000e+00, 1.0000000e+00, 0.0000000e+00],
       [1.9745833e-18, 1.0000000e+00, 1.1536820e-17]], dtype=float32), array([[3.0619714e-33, 1.0000000e+00, 8.9024397e-37],
       [0.0000000e+00, 1.0000000e+00, 0.0000000e+00],
       [8.0016936e-18, 1.0000000e+00, 1.1055803e-19]], dtype=float32), array([[5.79345938e-14, 1.00000000e+00, 1.14758761e-13],
       [0.00000000e+00, 1.00000000e+00, 0.00000000e+00],
       [4.72157092e-18, 1.00000000e+00, 1.15512646e-17]], dtype=float32), array([[1.4693181e-18, 1.0000000e+00, 1.4430985e-19],
       [0.0000000e+00, 1.0000000e+00, 0.0000000e+00],
       [9.7284225e-10, 1.0000000e+00, 3.0111622e-10]], dtype=float32), array([[1.37392903e-19, 1.00000000e+00, 1.41131566e-19],
       [0.00000000e+00, 1.00000000e+00, 0.00000000e+00],
       [1.07173675e-19, 1.00000000e+00, 1.10107252e-19]], dtype=float32), array([[1.3642348e-28, 1.0000000e+00, 7.1121381e-31],
       [0.0000000e+00, 1.0000000e+00, 0.0000000e+00],
       [2.1687320e-16, 1.0000000e+00, 1.1296040e-17]], dtype=float32), array([[1.3727199e-25, 1.0000000e+00, 5.4435994e-27],
       [0.0000000e+00, 1.0000000e+00, 0.0000000e+00],
       [8.8720521e-17, 1.0000000e+00, 1.1041905e-17]], dtype=float32), array([[5.2102291e-14, 1.0000000e+00, 1.0342487e-13],
       [0.0000000e+00, 1.0000000e+00, 0.0000000e+00],
       [4.1902509e-18, 1.0000000e+00, 1.0275357e-17]], dtype=float32), array([[4.3720776e-16, 1.0000000e+00, 9.6535509e-16],
       [0.0000000e+00, 1.0000000e+00, 0.0000000e+00],
       [3.5217505e-20, 1.0000000e+00, 9.6039088e-20]], dtype=float32), array([[4.6240349e-14, 1.0000000e+00, 9.1924840e-14],
       [0.0000000e+00, 1.0000000e+00, 0.0000000e+00],
       [3.7309117e-18, 1.0000000e+00, 9.1585313e-18]], dtype=float32), array([[2.0710433e-33, 1.0000000e+00, 5.6752507e-37],
       [0.0000000e+00, 1.0000000e+00, 0.0000000e+00],
       [6.5919384e-18, 1.0000000e+00, 8.8401464e-20]], dtype=float32), array([[9.7482292e-20, 1.0000000e+00, 9.9046503e-20],
       [0.0000000e+00, 1.0000000e+00, 0.0000000e+00],
       [8.4185467e-20, 1.0000000e+00, 8.5540886e-20]], dtype=float32), array([[1.2426320e-30, 1.0000000e+00, 4.3700387e-33],
       [0.0000000e+00, 1.0000000e+00, 0.0000000e+00],
       [2.3242059e-18, 1.0000000e+00, 8.3055628e-20]], dtype=float32), array([[2.6287877e-10, 1.0000000e+00, 6.8461969e-10],
       [0.0000000e+00, 1.0000000e+00, 0.0000000e+00],
       [1.2929790e-18, 1.0000000e+00, 7.7229437e-18]], dtype=float32), array([[8.591834e-26, 1.000000e+00, 3.331009e-27],
       [0.000000e+00, 1.000000e+00, 0.000000e+00],
       [6.055547e-17, 1.000000e+00, 7.394261e-18]], dtype=float32), array([[3.6422759e-14, 1.0000000e+00, 7.2605584e-14],
       [0.0000000e+00, 1.0000000e+00, 0.0000000e+00],
       [2.9607425e-18, 1.0000000e+00, 7.2807900e-18]], dtype=float32), array([[3.5896809e-14, 1.0000000e+00, 7.1563700e-14],
       [0.0000000e+00, 1.0000000e+00, 0.0000000e+00],
       [2.9208508e-18, 1.0000000e+00, 7.1826930e-18]], dtype=float32), array([[2.4861677e-10, 1.0000000e+00, 6.4922423e-10],
       [0.0000000e+00, 1.0000000e+00, 0.0000000e+00],
       [1.1839858e-18, 1.0000000e+00, 7.1026418e-18]], dtype=float32), array([[3.4545534e-14, 1.0000000e+00, 6.8890165e-14],
       [0.0000000e+00, 1.0000000e+00, 0.0000000e+00],
       [2.8166807e-18, 1.0000000e+00, 6.9270814e-18]], dtype=float32), array([[3.1057241e-16, 1.0000000e+00, 6.8761971e-16],
       [0.0000000e+00, 1.0000000e+00, 0.0000000e+00],
       [2.5349580e-20, 1.0000000e+00, 6.9207875e-20]], dtype=float32), array([[7.0513683e-20, 1.0000000e+00, 7.0860182e-20],
       [0.0000000e+00, 1.0000000e+00, 0.0000000e+00],
       [6.7413598e-20, 1.0000000e+00, 6.7745375e-20]], dtype=float32), array([[2.3474717e-10, 1.0000000e+00, 6.1496985e-10],
       [0.0000000e+00, 1.0000000e+00, 0.0000000e+00],
       [1.0735541e-18, 1.0000000e+00, 6.4761385e-18]], dtype=float32), array([[6.1788088e-29, 1.0000000e+00, 2.9736831e-31],
       [0.0000000e+00, 1.0000000e+00, 0.0000000e+00],
       [1.3159144e-16, 1.0000000e+00, 6.5236703e-18]], dtype=float32), array([[1.2116472e-33, 1.0000000e+00, 3.0464000e-37],
       [0.0000000e+00, 1.0000000e+00, 0.0000000e+00],
       [5.0192459e-18, 1.0000000e+00, 6.4397949e-20]], dtype=float32), array([[7.3773545e-26, 1.0000000e+00, 2.8435387e-27],
       [0.0000000e+00, 1.0000000e+00, 0.0000000e+00],
       [5.4198813e-17, 1.0000000e+00, 6.5885949e-18]], dtype=float32)]","[array([0.39508358, 0.39508358, 0.39508358], dtype=float32), array([0.39502808, 0.39502808, 0.39502808], dtype=float32), array([0.39468715, 0.39468715, 0.39468715], dtype=float32), array([0.39432523, 0.39432523, 0.39432523], dtype=float32), array([0.39409453, 0.39409453, 0.39409453], dtype=float32), array([0.39266163, 0.39266163, 0.39266163], dtype=float32), array([0.39048994, 0.39048994, 0.39048994], dtype=float32), array([0.38783392, 0.38783392, 0.38783392], dtype=float32), array([0.38617772, 0.38617772, 0.38617772], dtype=float32), array([0.38543636, 0.38543636, 0.38543636], dtype=float32), array([0.38376814, 0.38376814, 0.38376814], dtype=float32), array([0.38323453, 0.38323453, 0.38323453], dtype=float32), array([0.38307303, 0.38307303, 0.38307303], dtype=float32), array([0.38365334, 0.38365334, 0.38365334], dtype=float32), array([0.38271222, 0.38271222, 0.38271222], dtype=float32), array([0.38159224, 0.38159224, 0.38159224], dtype=float32), array([0.38098416, 0.38098416, 0.38098416], dtype=float32), array([0.3799148, 0.3799148, 0.3799148], dtype=float32), array([0.37738377, 0.37738377, 0.37738377], dtype=float32), array([0.37470147, 0.37470147, 0.37470147], dtype=float32), array([0.37232777, 0.37232777, 0.37232777], dtype=float32), array([0.36960223, 0.36960223, 0.36960223], dtype=float32), array([0.36701968, 0.36701968, 0.36701968], dtype=float32), array([0.36390936, 0.36390936, 0.36390936], dtype=float32), array([0.36099562, 0.36099562, 0.36099562], dtype=float32), array([0.35798517, 0.35798517, 0.35798517], dtype=float32), array([0.35459712, 0.35459712, 0.35459712], dtype=float32), array([0.35195443, 0.35195443, 0.35195443], dtype=float32), array([0.35127738, 0.35127738, 0.35127738], dtype=float32), array([0.35088238, 0.35088238, 0.35088238], dtype=float32), array([0.35132483, 0.35132483, 0.35132483], dtype=float32)]","[array([0.3950836, 0.3950836, 0.3950836], dtype=float32), array([0.39502808, 0.39502808, 0.39502808], dtype=float32), array([0.3946871, 0.3946871, 0.3946871], dtype=float32), array([0.3943252, 0.3943252, 0.3943252], dtype=float32), array([0.39409456, 0.39409456, 0.39409456], dtype=float32), array([0.3926617, 0.3926617, 0.3926617], dtype=float32), array([0.39048985, 0.39048985, 0.39048985], dtype=float32), array([0.38783392, 0.38783392, 0.38783392], dtype=float32), array([0.38617775, 0.38617775, 0.38617775], dtype=float32), array([0.38543633, 0.38543633, 0.38543633], dtype=float32), array([0.38376817, 0.38376817, 0.38376817], dtype=float32), array([0.3832346, 0.3832346, 0.3832346], dtype=float32), array([0.3830731, 0.3830731, 0.3830731], dtype=float32), array([0.38365337, 0.38365337, 0.38365337], dtype=float32), array([0.3827122, 0.3827122, 0.3827122], dtype=float32), array([0.38159224, 0.38159224, 0.38159224], dtype=float32), array([0.38098413, 0.38098413, 0.38098413], dtype=float32), array([0.37991488, 0.37991488, 0.37991488], dtype=float32), array([0.37738383, 0.37738383, 0.37738383], dtype=float32), array([0.37470144, 0.37470144, 0.37470144], dtype=float32), array([0.37232772, 0.37232772, 0.37232772], dtype=float32), array([nan, nan, nan], dtype=float32), array([0.36701968, 0.36701968, 0.36701968], dtype=float32), array([0.36390942, 0.36390942, 0.36390942], dtype=float32), array([0.36099556, 0.36099556, 0.36099556], dtype=float32), array([0.35798517, 0.35798517, 0.35798517], dtype=float32), array([0.3545971, 0.3545971, 0.3545971], dtype=float32), array([nan, nan, nan], dtype=float32), array([0.35127744, 0.35127744, 0.35127744], dtype=float32), array([0.35088232, 0.35088232, 0.35088232], dtype=float32), array([0.3513248, 0.3513248, 0.3513248], dtype=float32)]",1,0,0,0,0,0,55.08854961832061,60.06717557251909,0.00016456733654511332,48000,9.98,0.00038415190315200723,48000,9.98,2000,2000,0.35217155566669733,0.0,81158,999.0,0.0023565280716866255,0.06311491876840591,-0.014406782574951649,1.0,24.0,0.0013802934991,743256,0.33471500873565674,-0.7231624126434326,0.4722185432910919,0.0004457166651263833,29289.46484375,30969,342.43500380879357,0.0,0.0,23810,999.0,30969,0.0393447157605,743256,1.0,24.0,0.0013802934991,342.4344548192625,0,93000,2232000,61938,104968,1486512,1028.3360572457266,6131570.807490876,6393971.7510926165,2.0,48100,2,1.0067001111073661,9.9,10.5,0.000147276892047392,6.136608272970367e-05,1200,2,0.0022484681398782414,50,0.18578645156724416,24.0,0.0003052811545013847,9.5,100,1.0067001111073661,0.00022719809644122508,0.000518972686608765,2400,100,2400,9.9,9.9,100,4.5349657274932244e-05,7.809059436758701e-06,6.860363238009395e-06,2.0526953401458282e-05,3.4046095162741e-05,5.064383656710713e-05,2.988563537802537e-05,0.00016331444418366613,2.9863823105586008e-05,1.7123320905139486e-05,2.2714795770553995e-05,0.05523036180554636,0.006599187820984195,0.06109512423871056,0.1812200286167125,0.029836966320389652,0.017181018026321982,0.00017742483109747293,744.0,-0.08559179306030273,0.4722185730934143,0.32842883,498.0,99.77651977539062,108066,0.06091984361410141,1.0,0.0025479011237621307,2593584,-0.021102285012602806,721.0,744.0,2593584,0.0,108066,498.0,721.0,5187168,651000,15624000,216132,10361.405188182802,6.0826150056302504e-05,2.7678054565248453e-05,4.64987321556877e-05,1.033701195268199e-05,9.009299046641032e-06,6.998551562976144e-05,2.3795856526602613e-05,4.234580377568109e-05,3.068982078420869e-05,4.104882743670199e-05,0.0002112479212766398
1,50000,False,25,d23ef_00000,2025-08-17_21-08-42,1755464922,91.5860743522644,2363.243110895157,685888,intrinsic-attention2,10.156.0.3,2363.243110895157,25,92.21150793378989,1.4828193114080488e-05,92.21124382542143,2.777293215798783,89.0693529604428,0.0020505488284703896,0.00027717900229617953,0.0015668589400593192,1000,2.0,10.5,2.744216862893816,2000,50000,2,9.5,24.0,1.0067001111073661,0.00010190390138158819,4.712251474903973e-05,1.0067001111073661,9.97,25000,2,488.2766125961019,2000.0,3000.0,"[array([[2.5502861e-10, 1.0000000e+00, 6.6553096e-10],
       [0.0000000e+00, 1.0000000e+00, 0.0000000e+00],
       [1.1647319e-18, 1.0000000e+00, 6.9979960e-18]], dtype=float32), array([[7.1161077e-29, 1.0000000e+00, 3.4727968e-31],
       [0.0000000e+00, 1.0000000e+00, 0.0000000e+00],
       [1.4844634e-16, 1.0000000e+00, 7.4421986e-18]], dtype=float32), array([[3.0339767e-16, 1.0000000e+00, 6.7279626e-16],
       [0.0000000e+00, 1.0000000e+00, 0.0000000e+00],
       [2.4487315e-20, 1.0000000e+00, 6.6994443e-20]], dtype=float32), array([[7.5534793e-20, 1.0000000e+00, 7.6354651e-20],
       [0.0000000e+00, 1.0000000e+00, 0.0000000e+00],
       [6.8409413e-20, 1.0000000e+00, 6.9153514e-20]], dtype=float32), array([[1.44204265e-33, 1.00000000e+00, 3.75011011e-37],
       [0.00000000e+00, 1.00000000e+00, 0.00000000e+00],
       [5.31557553e-18, 1.00000000e+00, 6.91619540e-20]], dtype=float32), array([[9.7565824e-31, 1.0000000e+00, 3.3487083e-33],
       [0.0000000e+00, 1.0000000e+00, 0.0000000e+00],
       [1.9642682e-18, 1.0000000e+00, 6.9048604e-20]], dtype=float32), array([[4.301410e-14, 1.000000e+00, 8.534379e-14],
       [0.000000e+00, 1.000000e+00, 0.000000e+00],
       [3.561990e-18, 1.000000e+00, 8.712171e-18]], dtype=float32), array([[9.1276477e-29, 1.0000000e+00, 4.5369549e-31],
       [0.0000000e+00, 1.0000000e+00, 0.0000000e+00],
       [1.7671867e-16, 1.0000000e+00, 8.9767311e-18]], dtype=float32), array([[1.1765452e-30, 1.0000000e+00, 4.0862413e-33],
       [0.0000000e+00, 1.0000000e+00, 0.0000000e+00],
       [2.2377775e-18, 1.0000000e+00, 7.9342983e-20]], dtype=float32), array([[2.2012309e-30, 1.0000000e+00, 4.9702271e-31],
       [0.0000000e+00, 1.0000000e+00, 0.0000000e+00],
       [9.8360501e-27, 1.0000000e+00, 2.6673269e-27]], dtype=float32), array([[2.0045540e-33, 1.0000000e+00, 5.4083430e-37],
       [0.0000000e+00, 1.0000000e+00, 0.0000000e+00],
       [6.4291976e-18, 1.0000000e+00, 8.5444352e-20]], dtype=float32), array([[3.6867882e-16, 1.0000000e+00, 8.1147292e-16],
       [0.0000000e+00, 1.0000000e+00, 0.0000000e+00],
       [3.2387624e-20, 1.0000000e+00, 8.7711182e-20]], dtype=float32), array([[4.1263183e-14, 1.0000000e+00, 8.1734234e-14],
       [0.0000000e+00, 1.0000000e+00, 0.0000000e+00],
       [3.6024795e-18, 1.0000000e+00, 8.7793286e-18]], dtype=float32), array([[3.7421228e-14, 1.0000000e+00, 7.4238535e-14],
       [0.0000000e+00, 1.0000000e+00, 0.0000000e+00],
       [3.2489371e-18, 1.0000000e+00, 7.9294658e-18]], dtype=float32), array([[9.3685790e-31, 1.0000000e+00, 3.1689212e-33],
       [0.0000000e+00, 1.0000000e+00, 0.0000000e+00],
       [1.9977599e-18, 1.0000000e+00, 6.9857464e-20]], dtype=float32), array([[8.4568985e-31, 1.0000000e+00, 2.8322712e-33],
       [0.0000000e+00, 1.0000000e+00, 0.0000000e+00],
       [1.8845056e-18, 1.0000000e+00, 6.5523451e-20]], dtype=float32), array([[1.13373905e-33, 1.00000000e+00, 2.84031517e-37],
       [0.00000000e+00, 1.00000000e+00, 0.00000000e+00],
       [4.83007469e-18, 1.00000000e+00, 6.18303420e-20]], dtype=float32), array([[2.5283478e-16, 1.0000000e+00, 5.5892639e-16],
       [0.0000000e+00, 1.0000000e+00, 0.0000000e+00],
       [2.1598936e-20, 1.0000000e+00, 5.8723865e-20]], dtype=float32), array([[1.6203824e-15, 1.0000000e+00, 5.3547379e-16],
       [0.0000000e+00, 1.0000000e+00, 0.0000000e+00],
       [3.8586656e-10, 1.0000000e+00, 1.9071092e-10]], dtype=float32), array([[8.9032337e-34, 1.0000000e+00, 2.1623316e-37],
       [0.0000000e+00, 1.0000000e+00, 0.0000000e+00],
       [4.2680092e-18, 1.0000000e+00, 5.3771002e-20]], dtype=float32), array([[3.7909451e-29, 1.0000000e+00, 1.7274949e-31],
       [0.0000000e+00, 1.0000000e+00, 0.0000000e+00],
       [9.9032293e-17, 1.0000000e+00, 4.7572596e-18]], dtype=float32), array([[2.1825986e-14, 1.0000000e+00, 4.3663651e-14],
       [0.0000000e+00, 1.0000000e+00, 0.0000000e+00],
       [1.8447877e-18, 1.0000000e+00, 4.5381622e-18]], dtype=float32), array([[5.2233186e-31, 1.0000000e+00, 1.6695857e-33],
       [0.0000000e+00, 1.0000000e+00, 0.0000000e+00],
       [1.4290641e-18, 1.0000000e+00, 4.8369470e-20]], dtype=float32), array([[2.0103321e-14, 1.0000000e+00, 4.0264911e-14],
       [0.0000000e+00, 1.0000000e+00, 0.0000000e+00],
       [1.6938413e-18, 1.0000000e+00, 4.1712725e-18]], dtype=float32), array([[6.7089871e-34, 1.0000000e+00, 1.5713140e-37],
       [0.0000000e+00, 1.0000000e+00, 0.0000000e+00],
       [3.6908509e-18, 1.0000000e+00, 4.5637642e-20]], dtype=float32), array([[3.3964628e-26, 1.0000000e+00, 1.2213170e-27],
       [0.0000000e+00, 1.0000000e+00, 0.0000000e+00],
       [3.3535421e-17, 1.0000000e+00, 3.9023925e-18]], dtype=float32), array([[6.1033379e-34, 1.0000000e+00, 1.4113243e-37],
       [0.0000000e+00, 1.0000000e+00, 0.0000000e+00],
       [3.5218348e-18, 1.0000000e+00, 4.3269882e-20]], dtype=float32), array([[1.8441000e-16, 1.0000000e+00, 4.0899102e-16],
       [0.0000000e+00, 1.0000000e+00, 0.0000000e+00],
       [1.5489623e-20, 1.0000000e+00, 4.2225958e-20]], dtype=float32), array([[1.8040841e-16, 1.0000000e+00, 4.0017569e-16],
       [0.0000000e+00, 1.0000000e+00, 0.0000000e+00],
       [1.5149230e-20, 1.0000000e+00, 4.1300695e-20]], dtype=float32), array([[1.1893209e-10, 1.0000000e+00, 3.1804454e-10],
       [0.0000000e+00, 1.0000000e+00, 0.0000000e+00],
       [5.4146473e-19, 1.0000000e+00, 3.3098714e-18]], dtype=float32), array([[1.4990842e-14, 1.0000000e+00, 3.0149890e-14],
       [0.0000000e+00, 1.0000000e+00, 0.0000000e+00],
       [1.2599425e-18, 1.0000000e+00, 3.1136807e-18]], dtype=float32)]","[array([0.35194513, 0.35194513, 0.35194513], dtype=float32), array([0.35290474, 0.35290474, 0.35290474], dtype=float32), array([0.35376257, 0.35376257, 0.35376257], dtype=float32), array([0.3545128, 0.3545128, 0.3545128], dtype=float32), array([0.3549918, 0.3549918, 0.3549918], dtype=float32), array([0.35538867, 0.35538867, 0.35538867], dtype=float32), array([0.35564187, 0.35564187, 0.35564187], dtype=float32), array([0.35587293, 0.35587293, 0.35587293], dtype=float32), array([0.35601762, 0.35601762, 0.35601762], dtype=float32), array([0.3561106, 0.3561106, 0.3561106], dtype=float32), array([0.35620445, 0.35620445, 0.35620445], dtype=float32), array([0.35622582, 0.35622582, 0.35622582], dtype=float32), array([0.35613078, 0.35613078, 0.35613078], dtype=float32), array([0.3560449, 0.3560449, 0.3560449], dtype=float32), array([0.3559861, 0.3559861, 0.3559861], dtype=float32), array([0.35598132, 0.35598132, 0.35598132], dtype=float32), array([0.35597846, 0.35597846, 0.35597846], dtype=float32), array([0.35600516, 0.35600516, 0.35600516], dtype=float32), array([0.35608295, 0.35608295, 0.35608295], dtype=float32), array([0.35613364, 0.35613364, 0.35613364], dtype=float32), array([0.35614622, 0.35614622, 0.35614622], dtype=float32), array([0.35615012, 0.35615012, 0.35615012], dtype=float32), array([0.35617927, 0.35617927, 0.35617927], dtype=float32), array([0.3562183, 0.3562183, 0.3562183], dtype=float32), array([0.3562427, 0.3562427, 0.3562427], dtype=float32), array([0.35628134, 0.35628134, 0.35628134], dtype=float32), array([0.3563228, 0.3563228, 0.3563228], dtype=float32), array([0.35639462, 0.35639462, 0.35639462], dtype=float32), array([0.35650074, 0.35650074, 0.35650074], dtype=float32), array([0.35661075, 0.35661075, 0.35661075], dtype=float32), array([0.35664314, 0.35664314, 0.35664314], dtype=float32)]","[array([0.35194516, 0.35194516, 0.35194516], dtype=float32), array([0.35290468, 0.35290468, 0.35290468], dtype=float32), array([0.3537625, 0.3537625, 0.3537625], dtype=float32), array([0.35451287, 0.35451287, 0.35451287], dtype=float32), array([0.35499176, 0.35499176, 0.35499176], dtype=float32), array([0.35538873, 0.35538873, 0.35538873], dtype=float32), array([0.35564196, 0.35564196, 0.35564196], dtype=float32), array([nan, nan, nan], dtype=float32), array([0.35601768, 0.35601768, 0.35601768], dtype=float32), array([0.3561106, 0.3561106, 0.3561106], dtype=float32), array([0.3562044, 0.3562044, 0.3562044], dtype=float32), array([0.35622576, 0.35622576, 0.35622576], dtype=float32), array([0.35613084, 0.35613084, 0.35613084], dtype=float32), array([0.35604498, 0.35604498, 0.35604498], dtype=float32), array([0.35598606, 0.35598606, 0.35598606], dtype=float32), array([0.35598126, 0.35598126, 0.35598126], dtype=float32), array([0.35597843, 0.35597843, 0.35597843], dtype=float32), array([0.35600513, 0.35600513, 0.35600513], dtype=float32), array([0.35608295, 0.35608295, 0.35608295], dtype=float32), array([0.3561337, 0.3561337, 0.3561337], dtype=float32), array([0.3561462, 0.3561462, 0.3561462], dtype=float32), array([0.35615003, 0.35615003, 0.35615003], dtype=float32), array([0.3561793, 0.3561793, 0.3561793], dtype=float32), array([0.35621828, 0.35621828, 0.35621828], dtype=float32), array([0.35624272, 0.35624272, 0.35624272], dtype=float32), array([0.3562814, 0.3562814, 0.3562814], dtype=float32), array([0.35632277, 0.35632277, 0.35632277], dtype=float32), array([0.35639462, 0.35639462, 0.35639462], dtype=float32), array([nan, nan, nan], dtype=float32), array([0.35661075, 0.35661075, 0.35661075], dtype=float32), array([0.35664308, 0.35664308, 0.35664308], dtype=float32)]",1,0,0,0,0,0,55.20534351145038,60.06412213740459,0.00016316911611672508,50000,9.97,0.0003755324000548465,50000,9.97,2000,2000,0.3542196051299303,0.0,81158,999.0,0.00029364117654040456,0.054977916181087494,-0.011793478392064571,1.0,25.0,0.0013802934991,774225,0.3373376131057739,0.0013484358787536621,0.4722185432910919,0.00022285833256319165,25068.50390625,30969,342.7157017478268,0.0,0.0,23810,999.0,30969,0.0393447157605,774225,1.0,25.0,0.0013802934991,342.71517576378557,0,93000,2325000,61938,104968,1548450,1029.178857301416,6147078.014332922,6415365.240423416,2.0,50100,2,1.0067001111073661,9.9,10.5,0.0001228814845712733,5.299183156136079e-05,1250,2,0.002045900570519734,50,0.18545188653160344,25.0,0.00030423534295914804,9.5,100,1.0067001111073661,0.00019401777434774868,0.0004346555315435679,2500,100,2500,9.9,9.9,100,4.688337245041594e-05,7.483347415488313e-06,6.734777744262421e-06,2.0175527974522774e-05,3.3296516147187945e-05,4.9351595183580354e-05,2.8901307392693724e-05,0.00016108552821961474,2.923013131836112e-05,1.662237919598966e-05,2.1908258694255326e-05,0.05523481867748974,0.006602385542809668,0.06097618772629428,0.18107186274045953,0.02982423154720984,0.01949801206596056,0.000177430532893946,775.0,-0.49793505668640137,0.4722185730934143,0.34915408,498.0,98.10477447509766,108066,0.05417376756668091,1.0,0.00014934653881937265,2701650,-1.8843685438696411e-06,751.0,775.0,2701650,0.0,108066,498.0,751.0,5403300,651000,16275000,216132,10322.742703605016,5.156835078226055e-05,2.3647628551686484e-05,3.967712746074079e-05,8.95843323833045e-06,8.913686217121694e-06,5.720578204529798e-05,1.9576748590264226e-05,3.5019909172209616e-05,2.6252131364592658e-05,3.469132813624731e-05,0.000178636343577093
1,52000,False,26,d23ef_00000,2025-08-17_21-10-14,1755465014,92.35145211219788,2455.5945630073547,685888,intrinsic-attention2,10.156.0.3,2455.5945630073547,26,92.21076623724203,1.4821981094756772e-05,92.2105008382172,2.7804999958407097,89.06555096170842,0.0020471701302298166,0.00027717900229617953,0.0016852924705017358,1000,2.0,10.5,2.747446693964867,2000,52000,2,9.5,25.0,1.0067001111073661,0.00011345462341169185,4.985173717965259e-05,1.0067001111073661,10.0,26000,2,475.00857997680697,2000.0,3000.0,"[array([[1.9637778e-29, 1.0000000e+00, 8.4005305e-32],
       [0.0000000e+00, 1.0000000e+00, 0.0000000e+00],
       [6.4001796e-17, 1.0000000e+00, 2.9507977e-18]], dtype=float32), array([[2.2789381e-26, 1.0000000e+00, 7.9955502e-28],
       [0.0000000e+00, 1.0000000e+00, 0.0000000e+00],
       [2.4625805e-17, 1.0000000e+00, 2.8122571e-18]], dtype=float32), array([[1.8561634e-29, 1.0000000e+00, 7.8993990e-32],
       [0.0000000e+00, 1.0000000e+00, 0.0000000e+00],
       [6.2079065e-17, 1.0000000e+00, 2.8541584e-18]], dtype=float32), array([[1.8644806e-29, 1.0000000e+00, 7.9408511e-32],
       [0.0000000e+00, 1.0000000e+00, 0.0000000e+00],
       [6.2766763e-17, 1.0000000e+00, 2.8890474e-18]], dtype=float32), array([[1.8800359e-29, 1.0000000e+00, 8.0160257e-32],
       [0.0000000e+00, 1.0000000e+00, 0.0000000e+00],
       [6.3591965e-17, 1.0000000e+00, 2.9308738e-18]], dtype=float32), array([[3.4109898e-20, 1.0000000e+00, 3.4020620e-20],
       [0.0000000e+00, 1.0000000e+00, 0.0000000e+00],
       [3.4936642e-20, 1.0000000e+00, 3.4845339e-20]], dtype=float32), array([[3.3874933e-20, 1.0000000e+00, 3.3808578e-20],
       [0.0000000e+00, 1.0000000e+00, 0.0000000e+00],
       [3.4487231e-20, 1.0000000e+00, 3.4419677e-20]], dtype=float32), array([[1.4972353e-14, 1.0000000e+00, 3.0116328e-14],
       [0.0000000e+00, 1.0000000e+00, 0.0000000e+00],
       [1.2276707e-18, 1.0000000e+00, 3.0360113e-18]], dtype=float32), array([[2.9882385e-31, 1.0000000e+00, 9.0651994e-34],
       [0.0000000e+00, 1.0000000e+00, 0.0000000e+00],
       [1.0264186e-18, 1.0000000e+00, 3.3682168e-20]], dtype=float32), array([[1.9689084e-29, 1.0000000e+00, 8.4413272e-32],
       [0.0000000e+00, 1.0000000e+00, 0.0000000e+00],
       [6.7604267e-17, 1.0000000e+00, 3.1345840e-18]], dtype=float32), array([[1.9616663e-29, 1.0000000e+00, 8.4054670e-32],
       [0.0000000e+00, 1.0000000e+00, 0.0000000e+00],
       [6.8056563e-17, 1.0000000e+00, 3.1568078e-18]], dtype=float32), array([[2.8003880e-31, 1.0000000e+00, 8.4495664e-34],
       [0.0000000e+00, 1.0000000e+00, 0.0000000e+00],
       [9.8354153e-19, 1.0000000e+00, 3.2160966e-20]], dtype=float32), array([[2.7237090e-31, 1.0000000e+00, 8.1979775e-34],
       [0.0000000e+00, 1.0000000e+00, 0.0000000e+00],
       [9.6683889e-19, 1.0000000e+00, 3.1566841e-20]], dtype=float32), array([[1.9031554e-29, 1.0000000e+00, 8.1300316e-32],
       [0.0000000e+00, 1.0000000e+00, 0.0000000e+00],
       [6.8220841e-17, 1.0000000e+00, 3.1641017e-18]], dtype=float32), array([[3.1425428e-20, 1.0000000e+00, 3.1533262e-20],
       [0.0000000e+00, 1.0000000e+00, 0.0000000e+00],
       [3.0455546e-20, 1.0000000e+00, 3.0560172e-20]], dtype=float32), array([[1.5780241e-14, 1.0000000e+00, 3.1695685e-14],
       [0.0000000e+00, 1.0000000e+00, 0.0000000e+00],
       [1.2718944e-18, 1.0000000e+00, 3.1417668e-18]], dtype=float32), array([[1.15373676e-10, 1.00000000e+00, 3.07626757e-10],
       [0.00000000e+00, 1.00000000e+00, 0.00000000e+00],
       [5.14963255e-19, 1.00000000e+00, 3.13018668e-18]], dtype=float32), array([[2.3997252e-31, 1.0000000e+00, 7.1382478e-34],
       [0.0000000e+00, 1.0000000e+00, 0.0000000e+00],
       [8.9582192e-19, 1.0000000e+00, 2.9041823e-20]], dtype=float32), array([[1.2995173e-16, 1.0000000e+00, 2.8989750e-16],
       [0.0000000e+00, 1.0000000e+00, 0.0000000e+00],
       [1.0440460e-20, 1.0000000e+00, 2.8642117e-20]], dtype=float32), array([[2.0863151e-26, 1.0000000e+00, 7.1751252e-28],
       [0.0000000e+00, 1.0000000e+00, 0.0000000e+00],
       [2.7032643e-17, 1.0000000e+00, 3.0737213e-18]], dtype=float32), array([[3.1577094e-34, 1.0000000e+00, 6.8740483e-38],
       [0.0000000e+00, 1.0000000e+00, 0.0000000e+00],
       [2.3569016e-18, 1.0000000e+00, 2.7884006e-20]], dtype=float32), array([[3.0972954e-34, 1.0000000e+00, 6.7295302e-38],
       [0.0000000e+00, 1.0000000e+00, 0.0000000e+00],
       [2.3306695e-18, 1.0000000e+00, 2.7542439e-20]], dtype=float32), array([[1.2380560e-16, 1.0000000e+00, 2.7631840e-16],
       [0.0000000e+00, 1.0000000e+00, 0.0000000e+00],
       [9.9273790e-21, 1.0000000e+00, 2.7244725e-20]], dtype=float32), array([[2.9960068e-34, 1.0000000e+00, 6.4876935e-38],
       [0.0000000e+00, 1.0000000e+00, 0.0000000e+00],
       [2.2863663e-18, 1.0000000e+00, 2.6966479e-20]], dtype=float32), array([[1.0915050e-10, 1.0000000e+00, 2.9119071e-10],
       [0.0000000e+00, 1.0000000e+00, 0.0000000e+00],
       [4.8871940e-19, 1.0000000e+00, 2.9673117e-18]], dtype=float32), array([[1.9267237e-26, 1.0000000e+00, 6.5729216e-28],
       [0.0000000e+00, 1.0000000e+00, 0.0000000e+00],
       [2.6114125e-17, 1.0000000e+00, 2.9566680e-18]], dtype=float32), array([[1.4896582e-14, 1.0000000e+00, 2.9923424e-14],
       [0.0000000e+00, 1.0000000e+00, 0.0000000e+00],
       [1.1929306e-18, 1.0000000e+00, 2.9463658e-18]], dtype=float32), array([[1.0812998e-10, 1.0000000e+00, 2.8846653e-10],
       [0.0000000e+00, 1.0000000e+00, 0.0000000e+00],
       [4.8477742e-19, 1.0000000e+00, 2.9421878e-18]], dtype=float32), array([[1.0948975e-10, 1.0000000e+00, 2.9193925e-10],
       [0.0000000e+00, 1.0000000e+00, 0.0000000e+00],
       [4.9246229e-19, 1.0000000e+00, 2.9868338e-18]], dtype=float32), array([[1.6705957e-29, 1.0000000e+00, 7.0446036e-32],
       [0.0000000e+00, 1.0000000e+00, 0.0000000e+00],
       [6.5731345e-17, 1.0000000e+00, 3.0355018e-18]], dtype=float32), array([[1.1227237e-10, 1.0000000e+00, 2.9903344e-10],
       [0.0000000e+00, 1.0000000e+00, 0.0000000e+00],
       [5.0822654e-19, 1.0000000e+00, 3.0782269e-18]], dtype=float32)]","[array([0.35665414, 0.35665414, 0.35665414], dtype=float32), array([0.35635057, 0.35635057, 0.35635057], dtype=float32), array([0.35732415, 0.35732415, 0.35732415], dtype=float32), array([0.35811806, 0.35811806, 0.35811806], dtype=float32), array([0.35831702, 0.35831702, 0.35831702], dtype=float32), array([0.35846037, 0.35846037, 0.35846037], dtype=float32), array([0.35819134, 0.35819134, 0.35819134], dtype=float32), array([0.3578982, 0.3578982, 0.3578982], dtype=float32), array([0.35775903, 0.35775903, 0.35775903], dtype=float32), array([0.35843068, 0.35843068, 0.35843068], dtype=float32), array([0.35952488, 0.35952488, 0.35952488], dtype=float32), array([0.3586249, 0.3586249, 0.3586249], dtype=float32), array([0.35801253, 0.35801253, 0.35801253], dtype=float32), array([0.3578362, 0.3578362, 0.3578362], dtype=float32), array([0.35778043, 0.35778043, 0.35778043], dtype=float32), array([0.35846233, 0.35846233, 0.35846233], dtype=float32), array([0.35915372, 0.35915372, 0.35915372], dtype=float32), array([0.3595192, 0.3595192, 0.3595192], dtype=float32), array([0.35969716, 0.35969716, 0.35969716], dtype=float32), array([0.35978204, 0.35978204, 0.35978204], dtype=float32), array([0.3598677, 0.3598677, 0.3598677], dtype=float32), array([0.36012748, 0.36012748, 0.36012748], dtype=float32), array([0.36032158, 0.36032158, 0.36032158], dtype=float32), array([0.36052606, 0.36052606, 0.36052606], dtype=float32), array([0.36122757, 0.36122757, 0.36122757], dtype=float32), array([0.36190322, 0.36190322, 0.36190322], dtype=float32), array([0.3624392, 0.3624392, 0.3624392], dtype=float32), array([0.3629699, 0.3629699, 0.3629699], dtype=float32), array([0.36108688, 0.36108688, 0.36108688], dtype=float32), array([0.35946843, 0.35946843, 0.35946843], dtype=float32), array([0.3579645, 0.3579645, 0.3579645], dtype=float32)]","[array([0.35665414, 0.35665414, 0.35665414], dtype=float32), array([0.3563506, 0.3563506, 0.3563506], dtype=float32), array([nan, nan, nan], dtype=float32), array([nan, nan, nan], dtype=float32), array([0.3583171, 0.3583171, 0.3583171], dtype=float32), array([0.3584603, 0.3584603, 0.3584603], dtype=float32), array([nan, nan, nan], dtype=float32), array([0.3578982, 0.3578982, 0.3578982], dtype=float32), array([0.3577591, 0.3577591, 0.3577591], dtype=float32), array([0.35843062, 0.35843062, 0.35843062], dtype=float32), array([0.35952488, 0.35952488, 0.35952488], dtype=float32), array([0.3586249, 0.3586249, 0.3586249], dtype=float32), array([0.35801247, 0.35801247, 0.35801247], dtype=float32), array([0.35783622, 0.35783622, 0.35783622], dtype=float32), array([nan, nan, nan], dtype=float32), array([0.35846233, 0.35846233, 0.35846233], dtype=float32), array([0.3591537, 0.3591537, 0.3591537], dtype=float32), array([nan, nan, nan], dtype=float32), array([0.3596971, 0.3596971, 0.3596971], dtype=float32), array([0.35978204, 0.35978204, 0.35978204], dtype=float32), array([nan, nan, nan], dtype=float32), array([0.36012754, 0.36012754, 0.36012754], dtype=float32), array([0.36032164, 0.36032164, 0.36032164], dtype=float32), array([0.36052606, 0.36052606, 0.36052606], dtype=float32), array([0.36122763, 0.36122763, 0.36122763], dtype=float32), array([0.3619032, 0.3619032, 0.3619032], dtype=float32), array([nan, nan, nan], dtype=float32), array([0.36296996, 0.36296996, 0.36296996], dtype=float32), array([0.3610869, 0.3610869, 0.3610869], dtype=float32), array([0.35946843, 0.35946843, 0.35946843], dtype=float32), array([0.3579645, 0.3579645, 0.3579645], dtype=float32)]",1,0,0,0,0,0,55.38257575757576,60.05833333333333,0.00017378727838944277,52000,10.0,0.0004018115276857701,52000,10.0,2000,2000,0.35408919567853064,0.0,81158,999.0,0.0006173810688778758,0.048081595450639725,-0.011757560074329376,1.0,26.0,0.0013802934991,805194,0.3373830318450928,-0.08896207809448242,0.4722185432910919,0.00011142916628159583,23406.580078125,30969,342.8288314067787,0.0,0.0,23810,999.0,30969,0.0393447157605,805194,1.0,26.0,0.0013802934991,342.8283299350931,0,93000,2418000,61938,104968,1610388,1029.5184475878127,6150101.643021761,6426753.047381938,2.0,52100,2,1.0067001111073661,9.9,10.5,0.00015571967805011388,6.212512160106546e-05,1300,2,0.0021399100498820187,50,0.1855578887461783,26.0,0.0003031100895462827,9.5,100,1.0067001111073661,0.00023696079464234615,0.0005343894562780558,2600,100,2600,9.9,9.9,100,4.9559235990029883e-05,7.993097025778428e-06,7.153077227328989e-06,2.1670839616504097e-05,3.5835394171696346e-05,5.3670399819436123e-05,3.153013569520584e-05,0.0001715688742016756,3.119414955012551e-05,1.777459889932016e-05,2.3532946842031935e-05,0.05527734832072289,0.006604600307387585,0.06085880350900666,0.181003276252971,0.029843691561659044,0.01948538281531908,0.00017740153756584895,806.0,-0.017514824867248535,0.4722185730934143,0.3285538,498.0,98.21324157714844,108066,0.049038197845220566,1.0,0.0008185270708054304,2809716,-0.020716557279229164,781.0,806.0,2809716,0.0,108066,498.0,781.0,5619432,651000,16926000,216132,10280.729969099211,6.431864097355538e-05,2.792348206730721e-05,4.8596272154914714e-05,1.0451711310335493e-05,9.58763989638568e-06,7.033627091920848e-05,2.3461845849321135e-05,4.3110716071073814e-05,3.1358875635274555e-05,4.20459759405816e-05,0.00021789281463996453
1,54000,False,27,d23ef_00000,2025-08-17_21-11-47,1755465107,93.24295592308044,2548.837518930435,685888,intrinsic-attention2,10.156.0.3,2548.837518930435,27,92.2190048248696,1.4788651273881902e-05,92.21873872043503,2.779980411652323,89.07463889940136,0.002043913328926608,0.00027717900229617953,0.001563762141013285,1000,2.0,10.5,2.746959160745255,2000,54000,2,9.5,26.0,1.0067001111073661,0.00010228471304657485,4.659888816620128e-05,1.0067001111073661,10.03,27000,2,461.9009825704238,2000.0,3000.0,"[array([[3.1065251e-34, 1.0000000e+00, 6.7997705e-38],
       [0.0000000e+00, 1.0000000e+00, 0.0000000e+00],
       [2.3103277e-18, 1.0000000e+00, 2.7377872e-20]], dtype=float32), array([[1.7517847e-29, 1.0000000e+00, 7.4264060e-32],
       [0.0000000e+00, 1.0000000e+00, 0.0000000e+00],
       [6.7767189e-17, 1.0000000e+00, 3.1398978e-18]], dtype=float32), array([[2.0696686e-26, 1.0000000e+00, 7.0824490e-28],
       [0.0000000e+00, 1.0000000e+00, 0.0000000e+00],
       [2.7876179e-17, 1.0000000e+00, 3.1659128e-18]], dtype=float32), array([[3.0289981e-20, 1.0000000e+00, 3.0588280e-20],
       [0.0000000e+00, 1.0000000e+00, 0.0000000e+00],
       [2.7689606e-20, 1.0000000e+00, 2.7962831e-20]], dtype=float32), array([[3.0571132e-20, 1.0000000e+00, 3.0883980e-20],
       [0.0000000e+00, 1.0000000e+00, 0.0000000e+00],
       [2.7848182e-20, 1.0000000e+00, 2.8133702e-20]], dtype=float32), array([[2.3058220e-31, 1.0000000e+00, 6.8488824e-34],
       [0.0000000e+00, 1.0000000e+00, 0.0000000e+00],
       [8.7614919e-19, 1.0000000e+00, 2.8382602e-20]], dtype=float32), array([[2.1542668e-26, 1.0000000e+00, 7.3889790e-28],
       [0.0000000e+00, 1.0000000e+00, 0.0000000e+00],
       [2.8775771e-17, 1.0000000e+00, 3.2740692e-18]], dtype=float32), array([[1.1926260e-10, 1.0000000e+00, 3.1686803e-10],
       [0.0000000e+00, 1.0000000e+00, 0.0000000e+00],
       [5.4769272e-19, 1.0000000e+00, 3.3073597e-18]], dtype=float32), array([[3.4711361e-34, 1.0000000e+00, 7.7431011e-38],
       [0.0000000e+00, 1.0000000e+00, 0.0000000e+00],
       [2.4387313e-18, 1.0000000e+00, 2.9175074e-20]], dtype=float32), array([[1.3636344e-16, 1.0000000e+00, 3.0440045e-16],
       [0.0000000e+00, 1.0000000e+00, 0.0000000e+00],
       [1.0722065e-20, 1.0000000e+00, 2.9460933e-20]], dtype=float32), array([[1.2192305e-10, 1.0000000e+00, 3.2371297e-10],
       [0.0000000e+00, 1.0000000e+00, 0.0000000e+00],
       [5.6163134e-19, 1.0000000e+00, 3.3894615e-18]], dtype=float32), array([[1.7602485e-14, 1.0000000e+00, 3.5323097e-14],
       [0.0000000e+00, 1.0000000e+00, 0.0000000e+00],
       [1.3813606e-18, 1.0000000e+00, 3.4125158e-18]], dtype=float32), array([[1.4039719e-16, 1.0000000e+00, 3.1337146e-16],
       [0.0000000e+00, 1.0000000e+00, 0.0000000e+00],
       [1.1007948e-20, 1.0000000e+00, 3.0249449e-20]], dtype=float32), array([[2.6395065e-31, 1.0000000e+00, 7.9611034e-34],
       [0.0000000e+00, 1.0000000e+00, 0.0000000e+00],
       [9.4581930e-19, 1.0000000e+00, 3.0909672e-20]], dtype=float32), array([[2.2464206e-29, 1.0000000e+00, 9.7859117e-32],
       [0.0000000e+00, 1.0000000e+00, 0.0000000e+00],
       [7.8803776e-17, 1.0000000e+00, 3.7109126e-18]], dtype=float32), array([[1.5132049e-16, 1.0000000e+00, 3.3778353e-16],
       [0.0000000e+00, 1.0000000e+00, 0.0000000e+00],
       [1.1774268e-20, 1.0000000e+00, 3.2378111e-20]], dtype=float32), array([[1.4274273e-10, 1.0000000e+00, 3.7710202e-10],
       [0.0000000e+00, 1.0000000e+00, 0.0000000e+00],
       [6.5924630e-19, 1.0000000e+00, 3.9641638e-18]], dtype=float32), array([[3.0349028e-31, 1.0000000e+00, 9.3019366e-34],
       [0.0000000e+00, 1.0000000e+00, 0.0000000e+00],
       [1.0154013e-18, 1.0000000e+00, 3.3468277e-20]], dtype=float32), array([[1.5926575e-16, 1.0000000e+00, 3.5553959e-16],
       [0.0000000e+00, 1.0000000e+00, 0.0000000e+00],
       [1.2328223e-20, 1.0000000e+00, 3.3917992e-20]], dtype=float32), array([[4.6472150e-34, 1.0000000e+00, 1.0797165e-37],
       [0.0000000e+00, 1.0000000e+00, 0.0000000e+00],
       [2.8115493e-18, 1.0000000e+00, 3.4321081e-20]], dtype=float32), array([[2.2688120e-14, 1.0000000e+00, 4.5418605e-14],
       [0.0000000e+00, 1.0000000e+00, 0.0000000e+00],
       [1.7518345e-18, 1.0000000e+00, 4.3229505e-18]], dtype=float32), array([[3.2502629e-26, 1.0000000e+00, 1.1523434e-27],
       [0.0000000e+00, 1.0000000e+00, 0.0000000e+00],
       [3.7815799e-17, 1.0000000e+00, 4.3974472e-18]], dtype=float32), array([[1.5814441e-10, 1.0000000e+00, 4.1650008e-10],
       [0.0000000e+00, 1.0000000e+00, 0.0000000e+00],
       [7.2652219e-19, 1.0000000e+00, 4.3609963e-18]], dtype=float32), array([[3.8743841e-20, 1.0000000e+00, 3.9332803e-20],
       [0.0000000e+00, 1.0000000e+00, 0.0000000e+00],
       [3.3733343e-20, 1.0000000e+00, 3.4247840e-20]], dtype=float32), array([[1.5909269e-16, 1.0000000e+00, 3.5529014e-16],
       [0.0000000e+00, 1.0000000e+00, 0.0000000e+00],
       [1.2287704e-20, 1.0000000e+00, 3.3824317e-20]], dtype=float32), array([[4.4290611e-34, 1.0000000e+00, 1.0177182e-37],
       [0.0000000e+00, 1.0000000e+00, 0.0000000e+00],
       [2.7542046e-18, 1.0000000e+00, 3.3443261e-20]], dtype=float32), array([[3.0226558e-31, 1.0000000e+00, 9.2677922e-34],
       [0.0000000e+00, 1.0000000e+00, 0.0000000e+00],
       [1.0039315e-18, 1.0000000e+00, 3.3072807e-20]], dtype=float32), array([[2.9265717e-26, 1.0000000e+00, 1.0348037e-27],
       [0.0000000e+00, 1.0000000e+00, 0.0000000e+00],
       [3.4175983e-17, 1.0000000e+00, 3.9597504e-18]], dtype=float32), array([[1.5128413e-16, 1.0000000e+00, 3.3793946e-16],
       [0.0000000e+00, 1.0000000e+00, 0.0000000e+00],
       [1.1719778e-20, 1.0000000e+00, 3.2260002e-20]], dtype=float32), array([[1.9976420e-14, 1.0000000e+00, 4.0059000e-14],
       [0.0000000e+00, 1.0000000e+00, 0.0000000e+00],
       [1.5486802e-18, 1.0000000e+00, 3.8266066e-18]], dtype=float32), array([[4.0642153e-32, 1.0000000e+00, 8.9982727e-38],
       [0.0000000e+00, 1.0000000e+00, 0.0000000e+00],
       [4.6102380e-09, 1.0000000e+00, 1.4521671e-10]], dtype=float32)]","[array([0.3565453, 0.3565453, 0.3565453], dtype=float32), array([0.3553289, 0.3553289, 0.3553289], dtype=float32), array([0.35429364, 0.35429364, 0.35429364], dtype=float32), array([0.3534578, 0.3534578, 0.3534578], dtype=float32), array([0.35265347, 0.35265347, 0.35265347], dtype=float32), array([0.3519756, 0.3519756, 0.3519756], dtype=float32), array([0.35136893, 0.35136893, 0.35136893], dtype=float32), array([0.35107613, 0.35107613, 0.35107613], dtype=float32), array([0.3508447, 0.3508447, 0.3508447], dtype=float32), array([0.35084757, 0.35084757, 0.35084757], dtype=float32), array([0.3510018, 0.3510018, 0.3510018], dtype=float32), array([0.35113528, 0.35113528, 0.35113528], dtype=float32), array([0.3513365, 0.3513365, 0.3513365], dtype=float32), array([0.35175276, 0.35175276, 0.35175276], dtype=float32), array([0.352286, 0.352286, 0.352286], dtype=float32), array([0.3527741, 0.3527741, 0.3527741], dtype=float32), array([0.35312045, 0.35312045, 0.35312045], dtype=float32), array([0.35347316, 0.35347316, 0.35347316], dtype=float32), array([0.35389438, 0.35389438, 0.35389438], dtype=float32), array([0.3542666, 0.3542666, 0.3542666], dtype=float32), array([0.35468242, 0.35468242, 0.35468242], dtype=float32), array([0.3551251, 0.3551251, 0.3551251], dtype=float32), array([0.35573146, 0.35573146, 0.35573146], dtype=float32), array([0.35661158, 0.35661158, 0.35661158], dtype=float32), array([0.35772273, 0.35772273, 0.35772273], dtype=float32), array([0.35886556, 0.35886556, 0.35886556], dtype=float32), array([0.36012703, 0.36012703, 0.36012703], dtype=float32), array([0.3615451, 0.3615451, 0.3615451], dtype=float32), array([0.3632383, 0.3632383, 0.3632383], dtype=float32), array([0.36503968, 0.36503968, 0.36503968], dtype=float32), array([0.36680695, 0.36680695, 0.36680695], dtype=float32)]","[array([nan, nan, nan], dtype=float32), array([nan, nan, nan], dtype=float32), array([0.35429358, 0.35429358, 0.35429358], dtype=float32), array([nan, nan, nan], dtype=float32), array([0.35265347, 0.35265347, 0.35265347], dtype=float32), array([nan, nan, nan], dtype=float32), array([nan, nan, nan], dtype=float32), array([0.35107613, 0.35107613, 0.35107613], dtype=float32), array([nan, nan, nan], dtype=float32), array([nan, nan, nan], dtype=float32), array([0.35100186, 0.35100186, 0.35100186], dtype=float32), array([nan, nan, nan], dtype=float32), array([0.3513365, 0.3513365, 0.3513365], dtype=float32), array([nan, nan, nan], dtype=float32), array([nan, nan, nan], dtype=float32), array([nan, nan, nan], dtype=float32), array([nan, nan, nan], dtype=float32), array([0.35347313, 0.35347313, 0.35347313], dtype=float32), array([nan, nan, nan], dtype=float32), array([nan, nan, nan], dtype=float32), array([0.3546824, 0.3546824, 0.3546824], dtype=float32), array([0.35512516, 0.35512516, 0.35512516], dtype=float32), array([nan, nan, nan], dtype=float32), array([nan, nan, nan], dtype=float32), array([nan, nan, nan], dtype=float32), array([nan, nan, nan], dtype=float32), array([0.3601271, 0.3601271, 0.3601271], dtype=float32), array([nan, nan, nan], dtype=float32), array([0.3632383, 0.3632383, 0.3632383], dtype=float32), array([nan, nan, nan], dtype=float32), array([nan, nan, nan], dtype=float32)]",1,0,0,0,0,0,55.23533834586466,60.078947368421055,0.0001607354604517461,54000,10.03,0.00037151396834444767,54000,10.03,2000,2000,0.35377855687170434,0.0,81158,999.0,0.0011358517222106457,0.031116554513573647,-0.001506104483269155,1.0,27.0,0.0013802934991,836163,0.3476578891277313,-1.0,0.4722185432910919,5.571458314079791e-05,21052.54296875,30969,342.797973444734,0.0,0.0,23810,999.0,30969,0.0393447157605,836163,1.0,27.0,0.0013802934991,342.7974966304005,0,93000,2511000,61938,104968,1672326,1029.425676329328,6133108.204894305,6412867.691490646,2.0,54100,2,1.0067001111073661,9.9,10.5,0.000154186040296721,6.426541335630716e-05,1350,2,0.002380769060109742,50,0.18560607751868566,27.0,0.0003019772586347597,9.5,100,1.0067001111073661,0.0002354382067465804,0.0005438713146747657,2700,100,2700,9.9,9.9,100,4.464594319391073e-05,7.428576066754135e-06,6.7648955688246715e-06,2.0096736831087513e-05,3.323744546561843e-05,4.9096231681316756e-05,2.9106306487003276e-05,0.00015795188548386587,2.876282346753537e-05,1.6404508121116876e-05,2.189351380007144e-05,0.055272983257515416,0.006604340914234616,0.06073864695381487,0.18086565645047467,0.02983647406607503,0.01944309892713034,0.00017723020217599866,837.0,-0.22412848472595215,0.4722185730934143,0.3476402,498.0,99.07325744628906,108066,0.03155636787414551,1.0,0.0010953058954328299,2917782,-0.0016986376140266657,811.0,837.0,2917782,0.0,108066,498.0,811.0,5835564,651000,17577000,216132,10239.525484353073,6.361883875585263e-05,2.791242758767432e-05,4.8235257605051685e-05,1.0357402039140109e-05,9.382932777966877e-06,7.144390610167218e-05,2.4590315479983117e-05,4.3379496274564005e-05,3.187286909910114e-05,4.252614583493251e-05,0.00022559688037142837
1,56000,False,28,d23ef_00000,2025-08-17_21-13-20,1755465200,92.10698294639587,2640.944501876831,685888,intrinsic-attention2,10.156.0.3,2640.944501876831,28,92.21573366819096,1.4786004807692671e-05,92.2154659863507,2.7891933065358425,89.0606402485073,0.002045794155608697,0.00027717900229617953,0.0022633195589878597,1000,2.0,10.5,2.756010548617776,2000,56000,2,9.5,27.0,1.0067001111073661,0.00015490600369485829,6.399466420814741e-05,1.0067001111073661,9.96,28000,2,448.96966876146826,2000.0,3000.0,"[array([[1.4743109e-16, 1.0000000e+00, 3.2937151e-16],
       [0.0000000e+00, 1.0000000e+00, 0.0000000e+00],
       [1.1441391e-20, 1.0000000e+00, 3.1492630e-20]], dtype=float32), array([[1.4676839e-16, 1.0000000e+00, 3.2790347e-16],
       [0.0000000e+00, 1.0000000e+00, 0.0000000e+00],
       [1.1386225e-20, 1.0000000e+00, 3.1341505e-20]], dtype=float32), array([[2.2641431e-29, 1.0000000e+00, 9.8873757e-32],
       [0.0000000e+00, 1.0000000e+00, 0.0000000e+00],
       [7.7652209e-17, 1.0000000e+00, 3.6559733e-18]], dtype=float32), array([[1.8788387e-14, 1.0000000e+00, 3.7710842e-14],
       [0.0000000e+00, 1.0000000e+00, 0.0000000e+00],
       [1.4610851e-18, 1.0000000e+00, 3.6127184e-18]], dtype=float32), array([[2.7858332e-31, 1.0000000e+00, 8.4614361e-34],
       [0.0000000e+00, 1.0000000e+00, 0.0000000e+00],
       [9.5855395e-19, 1.0000000e+00, 3.1407450e-20]], dtype=float32), array([[1.4013732e-10, 1.0000000e+00, 3.7161194e-10],
       [0.0000000e+00, 1.0000000e+00, 0.0000000e+00],
       [6.0479693e-19, 1.0000000e+00, 3.6702963e-18]], dtype=float32), array([[3.9422954e-34, 1.0000000e+00, 8.8302918e-38],
       [0.0000000e+00, 1.0000000e+00, 0.0000000e+00],
       [2.6349969e-18, 1.0000000e+00, 3.1627228e-20]], dtype=float32), array([[1.4225703e-10, 1.0000000e+00, 3.7705525e-10],
       [0.0000000e+00, 1.0000000e+00, 0.0000000e+00],
       [6.1446404e-19, 1.0000000e+00, 3.7276113e-18]], dtype=float32), array([[4.0511158e-34, 1.0000000e+00, 9.0992727e-38],
       [0.0000000e+00, 1.0000000e+00, 0.0000000e+00],
       [2.6726048e-18, 1.0000000e+00, 3.2124793e-20]], dtype=float32), array([[2.4331887e-29, 1.0000000e+00, 1.0690720e-31],
       [0.0000000e+00, 1.0000000e+00, 0.0000000e+00],
       [8.1228706e-17, 1.0000000e+00, 3.8389614e-18]], dtype=float32), array([[2.4846267e-29, 1.0000000e+00, 1.0939819e-31],
       [0.0000000e+00, 1.0000000e+00, 0.0000000e+00],
       [8.2223520e-17, 1.0000000e+00, 3.8907242e-18]], dtype=float32), array([[1.5421028e-16, 1.0000000e+00, 3.4431302e-16],
       [0.0000000e+00, 1.0000000e+00, 0.0000000e+00],
       [1.2053303e-20, 1.0000000e+00, 3.3155422e-20]], dtype=float32), array([[4.0469148e-34, 1.0000000e+00, 9.0627605e-38],
       [0.0000000e+00, 1.0000000e+00, 0.0000000e+00],
       [2.6847545e-18, 1.0000000e+00, 3.2238227e-20]], dtype=float32), array([[3.8602674e-34, 1.0000000e+00, 8.5795984e-38],
       [0.0000000e+00, 1.0000000e+00, 0.0000000e+00],
       [2.6270479e-18, 1.0000000e+00, 3.1430702e-20]], dtype=float32), array([[2.1182694e-29, 1.0000000e+00, 9.1741662e-32],
       [0.0000000e+00, 1.0000000e+00, 0.0000000e+00],
       [7.3821462e-17, 1.0000000e+00, 3.4557327e-18]], dtype=float32), array([[2.4951640e-26, 1.0000000e+00, 8.7832363e-28],
       [0.0000000e+00, 1.0000000e+00, 0.0000000e+00],
       [2.9065145e-17, 1.0000000e+00, 3.3466522e-18]], dtype=float32), array([[1.3609580e-16, 1.0000000e+00, 3.0393980e-16],
       [0.0000000e+00, 1.0000000e+00, 0.0000000e+00],
       [1.0753852e-20, 1.0000000e+00, 2.9561461e-20]], dtype=float32), array([[1.3371981e-16, 1.0000000e+00, 2.9864153e-16],
       [0.0000000e+00, 1.0000000e+00, 0.0000000e+00],
       [1.0582647e-20, 1.0000000e+00, 2.9088058e-20]], dtype=float32), array([[1.8146739e-29, 1.0000000e+00, 7.7343273e-32],
       [0.0000000e+00, 1.0000000e+00, 0.0000000e+00],
       [6.6644321e-17, 1.0000000e+00, 3.0878592e-18]], dtype=float32), array([[2.3502242e-31, 1.0000000e+00, 6.9943627e-34],
       [0.0000000e+00, 1.0000000e+00, 0.0000000e+00],
       [8.7209104e-19, 1.0000000e+00, 2.8246615e-20]], dtype=float32), array([[2.3086032e-31, 1.0000000e+00, 6.8567247e-34],
       [0.0000000e+00, 1.0000000e+00, 0.0000000e+00],
       [8.6351716e-19, 1.0000000e+00, 2.7937350e-20]], dtype=float32), array([[1.4918278e-14, 1.0000000e+00, 3.0009215e-14],
       [0.0000000e+00, 1.0000000e+00, 0.0000000e+00],
       [1.1862145e-18, 1.0000000e+00, 2.9356069e-18]], dtype=float32), array([[1.2543282e-16, 1.0000000e+00, 2.8017023e-16],
       [0.0000000e+00, 1.0000000e+00, 0.0000000e+00],
       [9.9822896e-21, 1.0000000e+00, 2.7428989e-20]], dtype=float32), array([[2.0518083e-26, 1.0000000e+00, 7.1315741e-28],
       [0.0000000e+00, 1.0000000e+00, 0.0000000e+00],
       [2.5074270e-17, 1.0000000e+00, 2.8600984e-18]], dtype=float32), array([[1.12071685e-10, 1.00000000e+00, 3.00029224e-10],
       [0.00000000e+00, 1.00000000e+00, 0.00000000e+00],
       [4.60365095e-19, 1.00000000e+00, 2.82627039e-18]], dtype=float32), array([[1.1115946e-10, 1.0000000e+00, 2.9767794e-10],
       [0.0000000e+00, 1.0000000e+00, 0.0000000e+00],
       [4.5606862e-19, 1.0000000e+00, 2.8007804e-18]], dtype=float32), array([[2.6131524e-20, 1.0000000e+00, 2.6062136e-20],
       [0.0000000e+00, 1.0000000e+00, 0.0000000e+00],
       [2.6772961e-20, 1.0000000e+00, 2.6701972e-20]], dtype=float32), array([[2.1249522e-31, 1.0000000e+00, 6.2527001e-34],
       [0.0000000e+00, 1.0000000e+00, 0.0000000e+00],
       [8.2515655e-19, 1.0000000e+00, 2.6557417e-20]], dtype=float32), array([[1.0886462e-10, 1.0000000e+00, 2.9177225e-10],
       [0.0000000e+00, 1.0000000e+00, 0.0000000e+00],
       [4.4501464e-19, 1.0000000e+00, 2.7353994e-18]], dtype=float32), array([[2.5648197e-20, 1.0000000e+00, 2.5564191e-20],
       [0.0000000e+00, 1.0000000e+00, 0.0000000e+00],
       [2.6427655e-20, 1.0000000e+00, 2.6341198e-20]], dtype=float32), array([[2.5536804e-20, 1.0000000e+00, 2.5449572e-20],
       [0.0000000e+00, 1.0000000e+00, 0.0000000e+00],
       [2.6346927e-20, 1.0000000e+00, 2.6256928e-20]], dtype=float32)]","[array([0.36850163, 0.36850163, 0.36850163], dtype=float32), array([0.3676275, 0.3676275, 0.3676275], dtype=float32), array([0.36416385, 0.36416385, 0.36416385], dtype=float32), array([0.35750782, 0.35750782, 0.35750782], dtype=float32), array([0.35126585, 0.35126585, 0.35126585], dtype=float32), array([0.3460687, 0.3460687, 0.3460687], dtype=float32), array([0.3413224, 0.3413224, 0.3413224], dtype=float32), array([0.33711642, 0.33711642, 0.33711642], dtype=float32), array([0.3326907, 0.3326907, 0.3326907], dtype=float32), array([0.32840487, 0.32840487, 0.32840487], dtype=float32), array([0.32422405, 0.32422405, 0.32422405], dtype=float32), array([0.32074675, 0.32074675, 0.32074675], dtype=float32), array([0.31594798, 0.31594798, 0.31594798], dtype=float32), array([0.31166884, 0.31166884, 0.31166884], dtype=float32), array([0.3079987, 0.3079987, 0.3079987], dtype=float32), array([0.3046789, 0.3046789, 0.3046789], dtype=float32), array([0.30187178, 0.30187178, 0.30187178], dtype=float32), array([0.29937845, 0.29937845, 0.29937845], dtype=float32), array([0.29716772, 0.29716772, 0.29716772], dtype=float32), array([0.29508212, 0.29508212, 0.29508212], dtype=float32), array([0.29297233, 0.29297233, 0.29297233], dtype=float32), array([0.2907032, 0.2907032, 0.2907032], dtype=float32), array([0.2885115, 0.2885115, 0.2885115], dtype=float32), array([0.28676623, 0.28676623, 0.28676623], dtype=float32), array([0.285317, 0.285317, 0.285317], dtype=float32), array([0.28441164, 0.28441164, 0.28441164], dtype=float32), array([0.28374955, 0.28374955, 0.28374955], dtype=float32), array([0.28330377, 0.28330377, 0.28330377], dtype=float32), array([0.2829776, 0.2829776, 0.2829776], dtype=float32), array([0.28289506, 0.28289506, 0.28289506], dtype=float32), array([0.2829001, 0.2829001, 0.2829001], dtype=float32)]","[array([0.36850157, 0.36850157, 0.36850157], dtype=float32), array([0.36762747, 0.36762747, 0.36762747], dtype=float32), array([nan, nan, nan], dtype=float32), array([nan, nan, nan], dtype=float32), array([nan, nan, nan], dtype=float32), array([0.34606865, 0.34606865, 0.34606865], dtype=float32), array([0.3413223, 0.3413223, 0.3413223], dtype=float32), array([0.33711648, 0.33711648, 0.33711648], dtype=float32), array([nan, nan, nan], dtype=float32), array([0.32840484, 0.32840484, 0.32840484], dtype=float32), array([nan, nan, nan], dtype=float32), array([0.32074675, 0.32074675, 0.32074675], dtype=float32), array([0.31594798, 0.31594798, 0.31594798], dtype=float32), array([nan, nan, nan], dtype=float32), array([0.3079987, 0.3079987, 0.3079987], dtype=float32), array([nan, nan, nan], dtype=float32), array([nan, nan, nan], dtype=float32), array([0.29937848, 0.29937848, 0.29937848], dtype=float32), array([nan, nan, nan], dtype=float32), array([0.29508212, 0.29508212, 0.29508212], dtype=float32), array([0.29297233, 0.29297233, 0.29297233], dtype=float32), array([0.2907032, 0.2907032, 0.2907032], dtype=float32), array([nan, nan, nan], dtype=float32), array([nan, nan, nan], dtype=float32), array([0.285317, 0.285317, 0.285317], dtype=float32), array([nan, nan, nan], dtype=float32), array([nan, nan, nan], dtype=float32), array([nan, nan, nan], dtype=float32), array([0.28297767, 0.28297767, 0.28297767], dtype=float32), array([0.28289503, 0.28289503, 0.28289503], dtype=float32), array([0.28290015, 0.28290015, 0.28290015], dtype=float32)]",1,0,0,0,0,0,55.32727272727273,60.0909090909091,0.00023336003896645666,56000,9.96,0.0005351440507866345,56000,9.96,2000,2000,0.3552787918330335,0.0,81158,999.0,0.0005312399007380009,0.021251371130347252,0.0007660009432584047,1.0,28.0,0.0013802934991,867132,0.34994351863861084,-1.0,0.4722185432910919,2.7857291570398957e-05,21821.22265625,30969,343.0183303216689,0.0,0.0,23810,999.0,30969,0.0393447157605,867132,1.0,28.0,0.0013802934991,343.01787952768393,0,93000,2604000,61938,104968,1734264,1030.0872703389773,6135219.536019709,6415548.325532594,2.0,56100,2,1.0067001111073661,9.9,10.5,0.00016215387448943085,6.429842490379883e-05,1400,2,0.002372951230936451,50,0.18569089347343073,28.0,0.0003009106861653985,9.5,100,1.0067001111073661,0.00024347804238234673,0.0005557638109454738,2800,100,2800,9.9,9.9,100,6.384948812535709e-05,1.0354688768073891e-05,9.748571377375102e-06,2.8071581235021365e-05,4.793966567272676e-05,7.202733951160757e-05,4.198391502064591e-05,0.000221438786670316,4.26822138405038e-05,2.4281755221577465e-05,3.1040451196987346e-05,0.05559873807496051,0.006638359465057657,0.06095163904429661,0.18155415543590592,0.029998271775304328,0.019511407617897103,0.0001775399900768624,868.0,-0.014448165893554688,0.4722185730934143,0.32893535,498.0,98.00450897216797,108066,0.022944435477256775,1.0,0.0007918383926153183,3025848,-0.02036675252020359,841.0,868.0,3025848,0.0,108066,498.0,841.0,6051696,651000,18228000,216132,10206.301984265494,6.654209121199831e-05,2.8057413757629625e-05,4.9917943741610233e-05,1.0756866051044068e-05,9.70585245701217e-06,7.353617159232201e-05,2.458441326554605e-05,4.494670959090431e-05,3.2457886608802344e-05,4.4219648470574294e-05,0.00022609007295831224
1,58000,False,29,d23ef_00000,2025-08-17_21-14-51,1755465291,91.10504913330078,2732.049551010132,685888,intrinsic-attention2,10.156.0.3,2732.049551010132,29,92.20262425325909,1.4780444737212593e-05,92.20235522992722,2.7918593212305827,89.04522142834229,0.002042479814032655,0.00027717900229617953,0.001563919629988959,1000,2.0,10.5,2.7587199022116073,2000,58000,2,9.5,28.0,1.0067001111073661,0.0001037751051384721,4.6488316128486235e-05,1.0067001111073661,9.99,29000,2,436.23135227696673,2000.0,3000.0,"[array([[1.5018373e-29, 1.0000000e+00, 6.2759820e-32],
       [0.0000000e+00, 1.0000000e+00, 0.0000000e+00],
       [5.8925468e-17, 1.0000000e+00, 2.6963832e-18]], dtype=float32), array([[1.4861193e-29, 1.0000000e+00, 6.2034798e-32],
       [0.0000000e+00, 1.0000000e+00, 0.0000000e+00],
       [5.8509516e-17, 1.0000000e+00, 2.6754609e-18]], dtype=float32), array([[2.4872554e-20, 1.0000000e+00, 2.4767931e-20],
       [0.0000000e+00, 1.0000000e+00, 0.0000000e+00],
       [2.5847287e-20, 1.0000000e+00, 2.5738662e-20]], dtype=float32), array([[1.7838529e-26, 1.0000000e+00, 6.1412614e-28],
       [0.0000000e+00, 1.0000000e+00, 0.0000000e+00],
       [2.2613776e-17, 1.0000000e+00, 2.5617031e-18]], dtype=float32), array([[1.3161065e-29, 1.0000000e+00, 5.4225078e-32],
       [0.0000000e+00, 1.0000000e+00, 0.0000000e+00],
       [5.4181448e-17, 1.0000000e+00, 2.4576615e-18]], dtype=float32), array([[1.1817185e-14, 1.0000000e+00, 2.3822022e-14],
       [0.0000000e+00, 1.0000000e+00, 0.0000000e+00],
       [9.5531968e-19, 1.0000000e+00, 2.3663338e-18]], dtype=float32), array([[1.1393908e-14, 1.0000000e+00, 2.2975359e-14],
       [0.0000000e+00, 1.0000000e+00, 0.0000000e+00],
       [9.2387772e-19, 1.0000000e+00, 2.2886090e-18]], dtype=float32), array([[1.4914716e-26, 1.0000000e+00, 5.0679349e-28],
       [0.0000000e+00, 1.0000000e+00, 0.0000000e+00],
       [1.9943116e-17, 1.0000000e+00, 2.2388619e-18]], dtype=float32), array([[1.11561094e-29, 1.00000000e+00, 4.51545642e-32],
       [0.00000000e+00, 1.00000000e+00, 0.00000000e+00],
       [4.89042512e-17, 1.00000000e+00, 2.19449507e-18]], dtype=float32), array([[1.07401914e-14, 1.00000000e+00, 2.16671248e-14],
       [0.00000000e+00, 1.00000000e+00, 0.00000000e+00],
       [8.74693143e-19, 1.00000000e+00, 2.16703453e-18]], dtype=float32), array([[1.3942194e-26, 1.0000000e+00, 4.7143120e-28],
       [0.0000000e+00, 1.0000000e+00, 0.0000000e+00],
       [1.9020419e-17, 1.0000000e+00, 2.1280650e-18]], dtype=float32), array([[1.0551841e-29, 1.0000000e+00, 4.2456023e-32],
       [0.0000000e+00, 1.0000000e+00, 0.0000000e+00],
       [4.7200246e-17, 1.0000000e+00, 2.1102401e-18]], dtype=float32), array([[9.8059039e-17, 1.0000000e+00, 2.1908421e-16],
       [0.0000000e+00, 1.0000000e+00, 0.0000000e+00],
       [8.0037568e-21, 1.0000000e+00, 2.1957070e-20]], dtype=float32), array([[1.0676712e-29, 1.0000000e+00, 4.3002061e-32],
       [0.0000000e+00, 1.0000000e+00, 0.0000000e+00],
       [4.7633090e-17, 1.0000000e+00, 2.1312577e-18]], dtype=float32), array([[1.0575980e-14, 1.0000000e+00, 2.1335723e-14],
       [0.0000000e+00, 1.0000000e+00, 0.0000000e+00],
       [8.6378403e-19, 1.0000000e+00, 2.1396482e-18]], dtype=float32), array([[1.5676905e-31, 1.0000000e+00, 4.4544091e-34],
       [0.0000000e+00, 1.0000000e+00, 0.0000000e+00],
       [6.9798363e-19, 1.0000000e+00, 2.2027542e-20]], dtype=float32), array([[8.6671691e-11, 1.0000000e+00, 2.3409572e-10],
       [0.0000000e+00, 1.0000000e+00, 0.0000000e+00],
       [3.4688062e-19, 1.0000000e+00, 2.1470068e-18]], dtype=float32), array([[1.9623574e-34, 1.0000000e+00, 3.9287457e-38],
       [0.0000000e+00, 1.0000000e+00, 0.0000000e+00],
       [1.8961296e-18, 1.0000000e+00, 2.1543063e-20]], dtype=float32), array([[9.4597540e-17, 1.0000000e+00, 2.1138517e-16],
       [0.0000000e+00, 1.0000000e+00, 0.0000000e+00],
       [7.7516202e-21, 1.0000000e+00, 2.1263831e-20]], dtype=float32), array([[1.8930931e-34, 1.0000000e+00, 3.7734846e-38],
       [0.0000000e+00, 1.0000000e+00, 0.0000000e+00],
       [1.8548218e-18, 1.0000000e+00, 2.1017945e-20]], dtype=float32), array([[1.0254854e-29, 1.0000000e+00, 4.1062604e-32],
       [0.0000000e+00, 1.0000000e+00, 0.0000000e+00],
       [4.7382815e-17, 1.0000000e+00, 2.1161410e-18]], dtype=float32), array([[1.3830282e-31, 1.0000000e+00, 3.8748440e-34],
       [0.0000000e+00, 1.0000000e+00, 0.0000000e+00],
       [6.4819925e-19, 1.0000000e+00, 2.0287535e-20]], dtype=float32), array([[8.1012641e-11, 1.0000000e+00, 2.1915759e-10],
       [0.0000000e+00, 1.0000000e+00, 0.0000000e+00],
       [3.2458510e-19, 1.0000000e+00, 2.0098985e-18]], dtype=float32), array([[1.3126155e-31, 1.0000000e+00, 3.6556086e-34],
       [0.0000000e+00, 1.0000000e+00, 0.0000000e+00],
       [6.2976072e-19, 1.0000000e+00, 1.9644086e-20]], dtype=float32), array([[1.6508955e-34, 1.0000000e+00, 3.2249001e-38],
       [0.0000000e+00, 1.0000000e+00, 0.0000000e+00],
       [1.7306394e-18, 1.0000000e+00, 1.9409302e-20]], dtype=float32), array([[8.5061378e-17, 1.0000000e+00, 1.9011072e-16],
       [0.0000000e+00, 1.0000000e+00, 0.0000000e+00],
       [7.0480029e-21, 1.0000000e+00, 1.9321983e-20]], dtype=float32), array([[7.8074817e-11, 1.0000000e+00, 2.1149350e-10],
       [0.0000000e+00, 1.0000000e+00, 0.0000000e+00],
       [3.1156037e-19, 1.0000000e+00, 1.9317802e-18]], dtype=float32), array([[1.1794461e-26, 1.0000000e+00, 3.9283761e-28],
       [0.0000000e+00, 1.0000000e+00, 0.0000000e+00],
       [1.7311684e-17, 1.0000000e+00, 1.9196225e-18]], dtype=float32), array([[9.3370441e-15, 1.0000000e+00, 1.8841355e-14],
       [0.0000000e+00, 1.0000000e+00, 0.0000000e+00],
       [7.7417876e-19, 1.0000000e+00, 1.9162206e-18]], dtype=float32), array([[9.3150229e-15, 1.0000000e+00, 1.8797348e-14],
       [0.0000000e+00, 1.0000000e+00, 0.0000000e+00],
       [7.7258860e-19, 1.0000000e+00, 1.9122919e-18]], dtype=float32), array([[7.7311213e-11, 1.0000000e+00, 2.0951769e-10],
       [0.0000000e+00, 1.0000000e+00, 0.0000000e+00],
       [3.0806571e-19, 1.0000000e+00, 1.9111177e-18]], dtype=float32)]","[array([0.28312165, 0.28312165, 0.28312165], dtype=float32), array([0.28350496, 0.28350496, 0.28350496], dtype=float32), array([0.28357005, 0.28357005, 0.28357005], dtype=float32), array([0.28343078, 0.28343078, 0.28343078], dtype=float32), array([0.28379315, 0.28379315, 0.28379315], dtype=float32), array([0.28363517, 0.28363517, 0.28363517], dtype=float32), array([0.28357834, 0.28357834, 0.28357834], dtype=float32), array([0.28411365, 0.28411365, 0.28411365], dtype=float32), array([0.2845175, 0.2845175, 0.2845175], dtype=float32), array([0.28554875, 0.28554875, 0.28554875], dtype=float32), array([0.2864385, 0.2864385, 0.2864385], dtype=float32), array([0.2873544, 0.2873544, 0.2873544], dtype=float32), array([0.2884958, 0.2884958, 0.2884958], dtype=float32), array([0.28945848, 0.28945848, 0.28945848], dtype=float32), array([0.2905185, 0.2905185, 0.2905185], dtype=float32), array([0.29177526, 0.29177526, 0.29177526], dtype=float32), array([0.29303005, 0.29303005, 0.29303005], dtype=float32), array([0.2941203, 0.2941203, 0.2941203], dtype=float32), array([0.2954406, 0.2954406, 0.2954406], dtype=float32), array([0.29658732, 0.29658732, 0.29658732], dtype=float32), array([0.2977862, 0.2977862, 0.2977862], dtype=float32), array([0.29922548, 0.29922548, 0.29922548], dtype=float32), array([0.3004646, 0.3004646, 0.3004646], dtype=float32), array([0.3014469, 0.3014469, 0.3014469], dtype=float32), array([0.30232283, 0.30232283, 0.30232283], dtype=float32), array([0.30302116, 0.30302116, 0.30302116], dtype=float32), array([0.30378947, 0.30378947, 0.30378947], dtype=float32), array([0.3048765, 0.3048765, 0.3048765], dtype=float32), array([0.30628535, 0.30628535, 0.30628535], dtype=float32), array([0.30760166, 0.30760166, 0.30760166], dtype=float32), array([0.30871657, 0.30871657, 0.30871657], dtype=float32)]","[array([nan, nan, nan], dtype=float32), array([nan, nan, nan], dtype=float32), array([nan, nan, nan], dtype=float32), array([nan, nan, nan], dtype=float32), array([nan, nan, nan], dtype=float32), array([nan, nan, nan], dtype=float32), array([nan, nan, nan], dtype=float32), array([nan, nan, nan], dtype=float32), array([nan, nan, nan], dtype=float32), array([nan, nan, nan], dtype=float32), array([nan, nan, nan], dtype=float32), array([nan, nan, nan], dtype=float32), array([nan, nan, nan], dtype=float32), array([nan, nan, nan], dtype=float32), array([nan, nan, nan], dtype=float32), array([nan, nan, nan], dtype=float32), array([nan, nan, nan], dtype=float32), array([nan, nan, nan], dtype=float32), array([nan, nan, nan], dtype=float32), array([nan, nan, nan], dtype=float32), array([nan, nan, nan], dtype=float32), array([nan, nan, nan], dtype=float32), array([nan, nan, nan], dtype=float32), array([nan, nan, nan], dtype=float32), array([nan, nan, nan], dtype=float32), array([nan, nan, nan], dtype=float32), array([nan, nan, nan], dtype=float32), array([nan, nan, nan], dtype=float32), array([nan, nan, nan], dtype=float32), array([nan, nan, nan], dtype=float32), array([nan, nan, nan], dtype=float32)]",1,0,0,0,0,0,55.48076923076923,60.10000000000001,0.00015912501081875134,58000,9.99,0.00037029800628000004,58000,9.99,2000,2000,0.35493973124470635,0.0,81158,999.0,7.664514851057902e-05,0.024687059223651886,2.5501480195089243e-05,1.0,29.0,0.0013802934991,898101,0.34919822216033936,-1.0,0.4722185432910919,1.3928645785199478e-05,22309.5546875,30969,343.3321868212871,0.0,0.0,23810,999.0,30969,0.0393447157605,898101,1.0,29.0,0.0013802934991,343.3317535570125,0,93000,2697000,61938,104968,1796202,1031.0296754415915,6134317.267432324,6418944.160425592,2.0,58100,2,1.0067001111073661,9.9,10.5,0.00015196751726814867,6.30250914586026e-05,1450,2,0.002317694519879296,50,0.18565579412873387,29.0,0.00029973711918255625,9.5,100,1.0067001111073661,0.00023359769400604528,0.0005320478643919199,2900,100,2900,9.9,9.9,100,4.3624548848370514e-05,7.363373267765222e-06,6.707920041128973e-06,2.012346416607281e-05,3.317356016482426e-05,4.827964526577764e-05,2.910262280243653e-05,0.00015646467400009425,2.90556896841951e-05,1.689102782748671e-05,2.2308908622353075e-05,0.05557603762421458,0.00663748096043117,0.060818933573934975,0.18142404580159704,0.02998833808756024,0.01946745410177167,0.00017741763012045194,899.0,-0.13294649124145508,0.4722185730934143,0.34937686,498.0,98.31045532226562,108066,0.024528833106160164,1.0,8.019147207960486e-05,3133914,0.00019102786609437317,871.0,899.0,3133914,0.0,108066,498.0,871.0,6267828,651000,18879000,216132,10172.796134160648,6.229511184778609e-05,2.761953293751079e-05,4.764686782748422e-05,1.0356906152420569e-05,9.337413521818962e-06,7.053085248908024e-05,2.413360858911266e-05,4.2908284022393966e-05,3.16113909023505e-05,4.244038233137344e-05,0.0002166362372096761
1,60000,False,30,d23ef_00000,2025-08-17_21-16-21,1755465381,90.53457593917847,2822.5841269493103,685888,intrinsic-attention2,10.156.0.3,2822.5841269493103,30,92.18388653766651,1.4779120305086665e-05,92.18361642348795,2.790967927138188,89.02591736568876,0.002039292705936895,0.00027717900229617953,0.0015938222203112672,1000,2.0,10.5,2.757839389249552,2000,60000,2,9.5,29.0,1.0067001111073661,0.00010617954130493161,4.784555799046675e-05,1.0067001111073661,10.09,30000,2,423.6995063218019,2000.0,3000.0,"[array([[8.5073389e-17, 1.0000000e+00, 1.9010782e-16],
       [0.0000000e+00, 1.0000000e+00, 0.0000000e+00],
       [7.0597345e-21, 1.0000000e+00, 1.9349790e-20]], dtype=float32), array([[9.1489426e-15, 1.0000000e+00, 1.8466045e-14],
       [0.0000000e+00, 1.0000000e+00, 0.0000000e+00],
       [7.5993786e-19, 1.0000000e+00, 1.8812017e-18]], dtype=float32), array([[1.2539407e-31, 1.0000000e+00, 3.4724868e-34],
       [0.0000000e+00, 1.0000000e+00, 0.0000000e+00],
       [6.1556910e-19, 1.0000000e+00, 1.9144066e-20]], dtype=float32), array([[9.4293345e-27, 1.0000000e+00, 3.0869366e-28],
       [0.0000000e+00, 1.0000000e+00, 0.0000000e+00],
       [1.4764433e-17, 1.0000000e+00, 1.6176810e-18]], dtype=float32), array([[5.9360956e-30, 1.0000000e+00, 2.2444385e-32],
       [0.0000000e+00, 1.0000000e+00, 0.0000000e+00],
       [3.3081438e-17, 1.0000000e+00, 1.4243945e-18]], dtype=float32), array([[6.8600716e-27, 1.0000000e+00, 2.1895252e-28],
       [0.0000000e+00, 1.0000000e+00, 0.0000000e+00],
       [1.1839503e-17, 1.0000000e+00, 1.2749840e-18]], dtype=float32), array([[6.0057113e-27, 1.0000000e+00, 1.8967782e-28],
       [0.0000000e+00, 1.0000000e+00, 0.0000000e+00],
       [1.0783280e-17, 1.0000000e+00, 1.1528807e-18]], dtype=float32), array([[7.5927220e-32, 1.0000000e+00, 1.9827189e-34],
       [0.0000000e+00, 1.0000000e+00, 0.0000000e+00],
       [4.8391829e-19, 1.0000000e+00, 1.4604484e-20]], dtype=float32), array([[4.7791559e-27, 1.0000000e+00, 1.4821288e-28],
       [0.0000000e+00, 1.0000000e+00, 0.0000000e+00],
       [9.1964816e-18, 1.0000000e+00, 9.7106734e-19]], dtype=float32), array([[4.3704354e-27, 1.0000000e+00, 1.3455252e-28],
       [0.0000000e+00, 1.0000000e+00, 0.0000000e+00],
       [8.6512000e-18, 1.0000000e+00, 9.0901318e-19]], dtype=float32), array([[3.4212088e-11, 1.0000000e+00, 9.5228186e-11],
       [0.0000000e+00, 1.0000000e+00, 0.0000000e+00],
       [1.3528088e-19, 1.0000000e+00, 8.5659790e-19]], dtype=float32), array([[2.7331088e-30, 1.0000000e+00, 9.5356528e-33],
       [0.0000000e+00, 1.0000000e+00, 0.0000000e+00],
       [1.9731310e-17, 1.0000000e+00, 8.0658009e-19]], dtype=float32), array([[9.8408837e-21, 1.0000000e+00, 9.5758814e-21],
       [0.0000000e+00, 1.0000000e+00, 0.0000000e+00],
       [1.2605278e-20, 1.0000000e+00, 1.2267612e-20]], dtype=float32), array([[3.2013187e-15, 1.0000000e+00, 6.5307269e-15],
       [0.0000000e+00, 1.0000000e+00, 0.0000000e+00],
       [2.8205176e-19, 1.0000000e+00, 7.0240145e-19]], dtype=float32), array([[2.64453737e-11, 1.00000000e+00, 7.42324258e-11],
       [0.00000000e+00, 1.00000000e+00, 0.00000000e+00],
       [1.03634066e-19, 1.00000000e+00, 6.60691386e-19]], dtype=float32), array([[2.8063351e-15, 1.0000000e+00, 5.7322332e-15],
       [0.0000000e+00, 1.0000000e+00, 0.0000000e+00],
       [2.4928706e-19, 1.0000000e+00, 6.2121879e-19]], dtype=float32), array([[8.2745042e-21, 1.0000000e+00, 8.0130440e-21],
       [0.0000000e+00, 1.0000000e+00, 0.0000000e+00],
       [1.1067654e-20, 1.0000000e+00, 1.0720061e-20]], dtype=float32), array([[1.6468732e-30, 1.0000000e+00, 5.4476541e-33],
       [0.0000000e+00, 1.0000000e+00, 0.0000000e+00],
       [1.4163599e-17, 1.0000000e+00, 5.5969362e-19]], dtype=float32), array([[4.0229381e-32, 1.0000000e+00, 9.7554460e-35],
       [0.0000000e+00, 1.0000000e+00, 0.0000000e+00],
       [3.5289200e-19, 1.0000000e+00, 1.0245399e-20]], dtype=float32), array([[3.92441375e-32, 1.00000000e+00, 9.48832695e-35],
       [0.00000000e+00, 1.00000000e+00, 0.00000000e+00],
       [3.48791355e-19, 1.00000000e+00, 1.01111375e-20]], dtype=float32), array([[3.885031e-32, 1.000000e+00, 9.380575e-35],
       [0.000000e+00, 1.000000e+00, 0.000000e+00],
       [3.476768e-19, 1.000000e+00, 1.007314e-20]], dtype=float32), array([[3.6112321e-32, 1.0000000e+00, 8.6439667e-35],
       [0.0000000e+00, 1.0000000e+00, 0.0000000e+00],
       [3.3617874e-19, 1.0000000e+00, 9.6979293e-21]], dtype=float32), array([[1.6444462e-27, 1.0000000e+00, 4.6984388e-29],
       [0.0000000e+00, 1.0000000e+00, 0.0000000e+00],
       [4.2932870e-18, 1.0000000e+00, 4.2814274e-19]], dtype=float32), array([[3.7622848e-17, 1.0000000e+00, 8.3808457e-17],
       [0.0000000e+00, 1.0000000e+00, 0.0000000e+00],
       [3.4204346e-21, 1.0000000e+00, 9.2791029e-21]], dtype=float32), array([[3.693495e-35, 1.000000e+00, 5.823054e-39],
       [0.000000e+00, 1.000000e+00, 0.000000e+00],
       [8.936955e-19, 1.000000e+00, 9.080592e-21]], dtype=float32), array([[6.484385e-21, 1.000000e+00, 6.231573e-21],
       [0.000000e+00, 1.000000e+00, 0.000000e+00],
       [9.293627e-21, 1.000000e+00, 8.934014e-21]], dtype=float32), array([[2.9763258e-32, 1.0000000e+00, 6.9628663e-35],
       [0.0000000e+00, 1.0000000e+00, 0.0000000e+00],
       [3.0892360e-19, 1.0000000e+00, 8.8138776e-21]], dtype=float32), array([[3.344441e-35, 1.000000e+00, 5.183835e-39],
       [0.000000e+00, 1.000000e+00, 0.000000e+00],
       [8.629014e-19, 1.000000e+00, 8.706210e-21]], dtype=float32), array([[3.2964107e-35, 1.0000000e+00, 5.0971251e-39],
       [0.0000000e+00, 1.0000000e+00, 0.0000000e+00],
       [8.5867862e-19, 1.0000000e+00, 8.6551809e-21]], dtype=float32), array([[2.0713342e-27, 1.0000000e+00, 5.9543555e-29],
       [0.0000000e+00, 1.0000000e+00, 0.0000000e+00],
       [5.2087282e-18, 1.0000000e+00, 5.2281144e-19]], dtype=float32), array([[3.7905241e-15, 1.0000000e+00, 7.7352794e-15],
       [0.0000000e+00, 1.0000000e+00, 0.0000000e+00],
       [3.2852649e-19, 1.0000000e+00, 8.1960384e-19]], dtype=float32)]","[array([0.30971187, 0.30971187, 0.30971187], dtype=float32), array([0.30924636, 0.30924636, 0.30924636], dtype=float32), array([0.30899313, 0.30899313, 0.30899313], dtype=float32), array([0.3095114, 0.3095114, 0.3095114], dtype=float32), array([0.30986887, 0.30986887, 0.30986887], dtype=float32), array([0.31060553, 0.31060553, 0.31060553], dtype=float32), array([0.31120035, 0.31120035, 0.31120035], dtype=float32), array([0.31168887, 0.31168887, 0.31168887], dtype=float32), array([0.3124159, 0.3124159, 0.3124159], dtype=float32), array([0.31315997, 0.31315997, 0.31315997], dtype=float32), array([0.3137341, 0.3137341, 0.3137341], dtype=float32), array([0.31434348, 0.31434348, 0.31434348], dtype=float32), array([0.31511828, 0.31511828, 0.31511828], dtype=float32), array([0.31573442, 0.31573442, 0.31573442], dtype=float32), array([0.31669065, 0.31669065, 0.31669065], dtype=float32), array([0.31769207, 0.31769207, 0.31769207], dtype=float32), array([0.31869036, 0.31869036, 0.31869036], dtype=float32), array([0.31965587, 0.31965587, 0.31965587], dtype=float32), array([0.3205685, 0.3205685, 0.3205685], dtype=float32), array([0.3213083, 0.3213083, 0.3213083], dtype=float32), array([0.32263783, 0.32263783, 0.32263783], dtype=float32), array([0.32389352, 0.32389352, 0.32389352], dtype=float32), array([0.3248244, 0.3248244, 0.3248244], dtype=float32), array([0.32562634, 0.32562634, 0.32562634], dtype=float32), array([0.3268507, 0.3268507, 0.3268507], dtype=float32), array([0.32809454, 0.32809454, 0.32809454], dtype=float32), array([0.32927567, 0.32927567, 0.32927567], dtype=float32), array([0.3302936, 0.3302936, 0.3302936], dtype=float32), array([0.33135313, 0.33135313, 0.33135313], dtype=float32), array([0.33236456, 0.33236456, 0.33236456], dtype=float32), array([0.33327577, 0.33327577, 0.33327577], dtype=float32)]","[array([nan, nan, nan], dtype=float32), array([nan, nan, nan], dtype=float32), array([nan, nan, nan], dtype=float32), array([nan, nan, nan], dtype=float32), array([nan, nan, nan], dtype=float32), array([nan, nan, nan], dtype=float32), array([nan, nan, nan], dtype=float32), array([nan, nan, nan], dtype=float32), array([nan, nan, nan], dtype=float32), array([nan, nan, nan], dtype=float32), array([nan, nan, nan], dtype=float32), array([nan, nan, nan], dtype=float32), array([nan, nan, nan], dtype=float32), array([nan, nan, nan], dtype=float32), array([nan, nan, nan], dtype=float32), array([nan, nan, nan], dtype=float32), array([nan, nan, nan], dtype=float32), array([nan, nan, nan], dtype=float32), array([nan, nan, nan], dtype=float32), array([nan, nan, nan], dtype=float32), array([nan, nan, nan], dtype=float32), array([nan, nan, nan], dtype=float32), array([nan, nan, nan], dtype=float32), array([nan, nan, nan], dtype=float32), array([nan, nan, nan], dtype=float32), array([nan, nan, nan], dtype=float32), array([nan, nan, nan], dtype=float32), array([nan, nan, nan], dtype=float32), array([nan, nan, nan], dtype=float32), array([nan, nan, nan], dtype=float32), array([nan, nan, nan], dtype=float32)]",1,0,0,0,0,0,55.505426356589155,60.1015503875969,0.0001653546416880051,60000,10.09,0.0003821945280829833,60000,10.09,2000,2000,0.35639816400221264,0.0,81158,999.0,0.00025381569867022336,0.031473539769649506,-0.001036992995068431,1.0,30.0,0.0013802934991,929070,0.3481263816356659,-1.0,0.4722185432910919,6.964322892599739e-06,23908.3671875,30969,343.6987148934931,0.0,0.0,23810,999.0,30969,0.0393447157605,929070,1.0,30.0,0.0013802934991,343.6982982043591,0,93000,2790000,61938,104968,1858140,1032.1302580713311,6148000.603293168,6436006.685475675,2.0,60100,2,1.0067001111073661,9.9,10.5,0.00015353849315493474,6.3414618556976e-05,1500,2,0.0022731201695569327,50,0.18568429464747607,30.0,0.0002986678379048756,9.5,100,1.0067001111073661,0.00023633252844356824,0.0005386202829446968,3000,100,3000,9.9,9.9,100,4.5939179467879104e-05,7.679459390842758e-06,7.100220080719969e-06,2.0476476376308624e-05,3.4243490266348275e-05,5.056974407698255e-05,2.9210020572392666e-05,0.000163396740378278,2.996810548949762e-05,1.6834516478374877e-05,2.252035506780909e-05,0.055615940268039586,0.006635439240803429,0.06078188982827022,0.18257292972347505,0.030210244406681228,0.019547719360755403,0.000177697033920594,930.0,-0.13354945182800293,0.4722185730934143,0.34864753,498.0,97.91973876953125,108066,0.03140757605433464,1.0,0.00023695068375673145,3241980,-0.0005538894329220057,901.0,930.0,3241980,0.0,108066,498.0,901.0,6483960,651000,19530000,216132,10142.649654558856,6.375614830589277e-05,2.8230443207968274e-05,4.803850792659869e-05,1.0387514586479409e-05,9.391760791127896e-06,7.151104737893679e-05,2.4645979481358995e-05,4.2729311503889066e-05,3.1630017632430374e-05,4.2512129015513695e-05,0.00022023919907515388
1,62000,False,31,d23ef_00000,2025-08-17_21-17-54,1755465474,92.36756634712219,2914.9516932964325,685888,intrinsic-attention2,10.156.0.3,2914.9516932964325,31,92.18421211259985,1.4767249083439075e-05,92.18394127881308,2.7897640548367915,89.0277965256818,0.002035523088807381,0.00027717900229617953,0.0016063619501073844,1000,2.0,10.5,2.7566800345170113,2000,62000,2,9.5,30.0,1.0067001111073661,0.00010421644942704532,4.734395438428509e-05,1.0067001111073661,10.0,31000,2,411.38548273391314,2000.0,3000.0,"[array([[2.8197631e-20, 1.0000000e+00, 2.8566825e-20],
       [0.0000000e+00, 1.0000000e+00, 0.0000000e+00],
       [2.5010799e-20, 1.0000000e+00, 2.5339138e-20]], dtype=float32), array([[1.4963631e-16, 1.0000000e+00, 3.3085745e-16],
       [0.0000000e+00, 1.0000000e+00, 0.0000000e+00],
       [1.2388614e-20, 1.0000000e+00, 3.3613496e-20]], dtype=float32), array([[1.1728981e-14, 1.0000000e+00, 2.3675486e-14],
       [0.0000000e+00, 1.0000000e+00, 0.0000000e+00],
       [9.5379756e-19, 1.0000000e+00, 2.3661894e-18]], dtype=float32), array([[4.7941004e-31, 1.0000000e+00, 1.5191200e-33],
       [0.0000000e+00, 1.0000000e+00, 0.0000000e+00],
       [1.6020153e-18, 1.0000000e+00, 5.4683650e-20]], dtype=float32), array([[8.8874302e-32, 1.0000000e+00, 3.7386831e-37],
       [0.0000000e+00, 1.0000000e+00, 0.0000000e+00],
       [1.8637529e-09, 1.0000000e+00, 5.7409764e-11]], dtype=float32), array([[3.8605237e-16, 1.0000000e+00, 8.4916826e-16],
       [0.0000000e+00, 1.0000000e+00, 0.0000000e+00],
       [2.9987268e-20, 1.0000000e+00, 8.1388937e-20]], dtype=float32), array([[1.1408428e-30, 1.0000000e+00, 3.9720197e-33],
       [0.0000000e+00, 1.0000000e+00, 0.0000000e+00],
       [2.6718097e-18, 1.0000000e+00, 9.6404676e-20]], dtype=float32), array([[1.5333379e-10, 1.0000000e+00, 3.9547399e-10],
       [0.0000000e+00, 1.0000000e+00, 0.0000000e+00],
       [1.4019796e-18, 1.0000000e+00, 7.8571405e-18]], dtype=float32), array([[1.7522160e-10, 1.0000000e+00, 4.4923557e-10],
       [0.0000000e+00, 1.0000000e+00, 0.0000000e+00],
       [1.6810188e-18, 1.0000000e+00, 9.3430869e-18]], dtype=float32), array([[7.1768392e-16, 1.0000000e+00, 1.5731608e-15],
       [0.0000000e+00, 1.0000000e+00, 0.0000000e+00],
       [5.3371076e-20, 1.0000000e+00, 1.4489953e-19]], dtype=float32), array([[3.9196969e-19, 1.0000000e+00, 4.3485681e-19],
       [0.0000000e+00, 1.0000000e+00, 0.0000000e+00],
       [1.4538012e-19, 1.0000000e+00, 1.6167917e-19]], dtype=float32), array([[7.8841332e-14, 1.0000000e+00, 1.5597801e-13],
       [0.0000000e+00, 1.0000000e+00, 0.0000000e+00],
       [5.7716320e-18, 1.0000000e+00, 1.4161977e-17]], dtype=float32), array([[1.9399304e-28, 1.0000000e+00, 1.0576862e-30],
       [0.0000000e+00, 1.0000000e+00, 0.0000000e+00],
       [2.9281948e-16, 1.0000000e+00, 1.5772091e-17]], dtype=float32), array([[5.6575778e-19, 1.0000000e+00, 6.3550679e-19],
       [0.0000000e+00, 1.0000000e+00, 0.0000000e+00],
       [1.8526713e-19, 1.0000000e+00, 2.0875166e-19]], dtype=float32), array([[1.1230774e-32, 1.0000000e+00, 4.6101308e-36],
       [0.0000000e+00, 1.0000000e+00, 0.0000000e+00],
       [1.3659140e-17, 1.0000000e+00, 2.2271822e-19]], dtype=float32), array([[1.2141336e-15, 1.0000000e+00, 2.6530753e-15],
       [0.0000000e+00, 1.0000000e+00, 0.0000000e+00],
       [8.6943991e-20, 1.0000000e+00, 2.3608236e-19]], dtype=float32), array([[2.9522802e-28, 1.0000000e+00, 1.6817269e-30],
       [0.0000000e+00, 1.0000000e+00, 0.0000000e+00],
       [3.8255015e-16, 1.0000000e+00, 2.1172563e-17]], dtype=float32), array([[7.9342420e-19, 1.0000000e+00, 9.0083546e-19],
       [0.0000000e+00, 1.0000000e+00, 0.0000000e+00],
       [2.3303839e-19, 1.0000000e+00, 2.6557634e-19]], dtype=float32), array([[8.6128341e-19, 1.0000000e+00, 9.8019300e-19],
       [0.0000000e+00, 1.0000000e+00, 0.0000000e+00],
       [2.4692755e-19, 1.0000000e+00, 2.8211310e-19]], dtype=float32), array([[1.8753987e-32, 1.0000000e+00, 8.3605522e-36],
       [0.0000000e+00, 1.0000000e+00, 0.0000000e+00],
       [1.7537678e-17, 1.0000000e+00, 2.9803902e-19]], dtype=float32), array([[2.2248658e-25, 1.0000000e+00, 8.1544028e-27],
       [0.0000000e+00, 1.0000000e+00, 0.0000000e+00],
       [2.2470527e-16, 1.0000000e+00, 2.7552567e-17]], dtype=float32), array([[1.7268698e-15, 1.0000000e+00, 3.7653037e-15],
       [0.0000000e+00, 1.0000000e+00, 0.0000000e+00],
       [1.2060161e-19, 1.0000000e+00, 3.2748921e-19]], dtype=float32), array([[2.4525020e-25, 1.0000000e+00, 9.0437479e-27],
       [0.0000000e+00, 1.0000000e+00, 0.0000000e+00],
       [2.4078865e-16, 1.0000000e+00, 2.9651861e-17]], dtype=float32), array([[1.1771226e-18, 1.0000000e+00, 1.3509994e-18],
       [0.0000000e+00, 1.0000000e+00, 0.0000000e+00],
       [3.0932336e-19, 1.0000000e+00, 3.5660260e-19]], dtype=float32), array([[2.8521128e-25, 1.0000000e+00, 1.0628776e-26],
       [0.0000000e+00, 1.0000000e+00, 0.0000000e+00],
       [2.6800911e-16, 1.0000000e+00, 3.3247420e-17]], dtype=float32), array([[2.0718309e-13, 1.0000000e+00, 4.0589477e-13],
       [0.0000000e+00, 1.0000000e+00, 0.0000000e+00],
       [1.4280296e-17, 1.0000000e+00, 3.4883828e-17]], dtype=float32), array([[6.7031751e-28, 1.0000000e+00, 4.1622186e-30],
       [0.0000000e+00, 1.0000000e+00, 0.0000000e+00],
       [6.3306152e-16, 1.0000000e+00, 3.6903882e-17]], dtype=float32), array([[5.3813853e-10, 1.0000000e+00, 1.3161475e-09],
       [0.0000000e+00, 1.0000000e+00, 0.0000000e+00],
       [7.3609115e-18, 1.0000000e+00, 3.8447669e-17]], dtype=float32), array([[3.4887420e-32, 1.0000000e+00, 1.7093988e-35],
       [0.0000000e+00, 1.0000000e+00, 0.0000000e+00],
       [2.3816125e-17, 1.0000000e+00, 4.2447073e-19]], dtype=float32), array([[5.5824939e-10, 1.0000000e+00, 1.3634416e-09],
       [0.0000000e+00, 1.0000000e+00, 0.0000000e+00],
       [7.7161997e-18, 1.0000000e+00, 4.0235369e-17]], dtype=float32), array([[7.9274291e-28, 1.0000000e+00, 5.0095747e-30],
       [0.0000000e+00, 1.0000000e+00, 0.0000000e+00],
       [7.0052145e-16, 1.0000000e+00, 4.1264067e-17]], dtype=float32)]","[array([0.33421695, 0.33421695, 0.33421695], dtype=float32), array([0.3336119, 0.3336119, 0.3336119], dtype=float32), array([0.33294296, 0.33294296, 0.33294296], dtype=float32), array([0.33246738, 0.33246738, 0.33246738], dtype=float32), array([0.33149582, 0.33149582, 0.33149582], dtype=float32), array([0.33051938, 0.33051938, 0.33051938], dtype=float32), array([0.32971328, 0.32971328, 0.32971328], dtype=float32), array([0.329277, 0.329277, 0.329277], dtype=float32), array([0.32880467, 0.32880467, 0.32880467], dtype=float32), array([0.3282706, 0.3282706, 0.3282706], dtype=float32), array([0.32767695, 0.32767695, 0.32767695], dtype=float32), array([0.32717022, 0.32717022, 0.32717022], dtype=float32), array([0.32684535, 0.32684535, 0.32684535], dtype=float32), array([0.32653543, 0.32653543, 0.32653543], dtype=float32), array([0.32658246, 0.32658246, 0.32658246], dtype=float32), array([0.32655832, 0.32655832, 0.32655832], dtype=float32), array([0.32647294, 0.32647294, 0.32647294], dtype=float32), array([0.3255399, 0.3255399, 0.3255399], dtype=float32), array([0.32471293, 0.32471293, 0.32471293], dtype=float32), array([0.32381326, 0.32381326, 0.32381326], dtype=float32), array([0.32294676, 0.32294676, 0.32294676], dtype=float32), array([0.3218371, 0.3218371, 0.3218371], dtype=float32), array([0.32101947, 0.32101947, 0.32101947], dtype=float32), array([0.32008356, 0.32008356, 0.32008356], dtype=float32), array([0.319016, 0.319016, 0.319016], dtype=float32), array([0.31788927, 0.31788927, 0.31788927], dtype=float32), array([0.3167525, 0.3167525, 0.3167525], dtype=float32), array([0.31570223, 0.31570223, 0.31570223], dtype=float32), array([0.3139277, 0.3139277, 0.3139277], dtype=float32), array([0.31232926, 0.31232926, 0.31232926], dtype=float32), array([0.3108926, 0.3108926, 0.3108926], dtype=float32)]","[array([0.33421686, 0.33421686, 0.33421686], dtype=float32), array([0.33361185, 0.33361185, 0.33361185], dtype=float32), array([nan, nan, nan], dtype=float32), array([0.33246738, 0.33246738, 0.33246738], dtype=float32), array([0.33149585, 0.33149585, 0.33149585], dtype=float32), array([0.3305194, 0.3305194, 0.3305194], dtype=float32), array([0.32971326, 0.32971326, 0.32971326], dtype=float32), array([0.32927695, 0.32927695, 0.32927695], dtype=float32), array([nan, nan, nan], dtype=float32), array([nan, nan, nan], dtype=float32), array([0.327677, 0.327677, 0.327677], dtype=float32), array([0.32717022, 0.32717022, 0.32717022], dtype=float32), array([0.32684538, 0.32684538, 0.32684538], dtype=float32), array([nan, nan, nan], dtype=float32), array([0.32658246, 0.32658246, 0.32658246], dtype=float32), array([nan, nan, nan], dtype=float32), array([0.32647294, 0.32647294, 0.32647294], dtype=float32), array([0.3255399, 0.3255399, 0.3255399], dtype=float32), array([nan, nan, nan], dtype=float32), array([0.32381323, 0.32381323, 0.32381323], dtype=float32), array([nan, nan, nan], dtype=float32), array([0.3218371, 0.3218371, 0.3218371], dtype=float32), array([0.32101947, 0.32101947, 0.32101947], dtype=float32), array([nan, nan, nan], dtype=float32), array([0.319016, 0.319016, 0.319016], dtype=float32), array([nan, nan, nan], dtype=float32), array([0.31675255, 0.31675255, 0.31675255], dtype=float32), array([nan, nan, nan], dtype=float32), array([0.31392777, 0.31392777, 0.31392777], dtype=float32), array([0.31232917, 0.31232917, 0.31232917], dtype=float32), array([0.31089267, 0.31089267, 0.31089267], dtype=float32)]",1,0,0,0,0,0,55.551515151515154,60.158333333333324,0.00016695771424946805,62000,10.0,0.0003830656666492435,62000,10.0,2000,2000,0.356067291112182,0.0,81158,999.0,0.00045904115540906787,0.03202655538916588,0.004492534790188074,1.0,31.0,0.0013802934991,960039,0.3536551594734192,-0.41664206981658936,0.4722185432910919,3.4821614462998696e-06,21430.236328125,30969,343.6976507488209,0.0,0.0,23810,999.0,30969,0.0393447157605,960039,1.0,31.0,0.0013802934991,343.69724941172325,0,93000,2883000,61938,104968,1920078,1032.126970369542,6142478.005963597,6434654.315574949,2.0,62100,2,1.0067001111073661,9.9,10.5,0.00011765617652051007,5.223580622443926e-05,1550,2,0.0019898401301179547,50,0.18519094906099962,31.0,0.00029743553958991195,9.5,100,1.0067001111073661,0.00018554274193348038,0.0004285911423808753,3100,100,3100,9.9,9.9,100,4.806266902965714e-05,7.6209557571274165e-06,6.801260698540049e-06,2.0684379630668776e-05,3.394488841459737e-05,5.065619904042585e-05,2.9585429725048245e-05,0.00016247077508472297,3.013389683002878e-05,1.7243681833557738e-05,2.2601942318862567e-05,0.05559243601537759,0.006632937838383331,0.060647918020021334,0.1824088653461971,0.030232785792713792,0.019515852897089715,0.00017759870354605426,961.0,-0.036726951599121094,0.4722185730934143,0.33246514,498.0,97.97344207763672,108066,0.03352665901184082,1.0,0.0003529120294842869,3350046,-0.016751985996961594,931.0,961.0,3350046,0.0,108066,498.0,931.0,6700092,651000,20181000,216132,10106.55095073353,5.0568194217750485e-05,2.263301438655844e-05,3.784092404075822e-05,8.63343931123943e-06,7.422693216546371e-06,5.592189170818507e-05,1.882157307172663e-05,3.3440833372423965e-05,2.5598865446164194e-05,3.370835617412784e-05,0.00018016125015803995
1,64000,False,32,d23ef_00000,2025-08-17_21-19-29,1755465569,95.28703308105469,3010.238726377487,685888,intrinsic-attention2,10.156.0.3,3010.238726377487,32,92.21316630811374,1.4761816470791641e-05,92.21289435690493,2.796525747348395,89.048097602995,0.0020364850778630465,0.00027717900229617953,0.002404047799645923,1000,2.0,10.5,2.7632388720718377,2000,64000,2,9.5,31.0,1.0067001111073661,0.00016675869493714118,6.440427860188337e-05,1.0067001111073661,10.01,32000,2,399.2972637029721,2000.0,3000.0,"[array([[2.4851184e-15, 1.0000000e+00, 5.4086925e-15],
       [0.0000000e+00, 1.0000000e+00, 0.0000000e+00],
       [1.6895490e-19, 1.0000000e+00, 4.5908834e-19]], dtype=float32), array([[8.6602030e-28, 1.0000000e+00, 5.5260888e-30],
       [0.0000000e+00, 1.0000000e+00, 0.0000000e+00],
       [7.3639244e-16, 1.0000000e+00, 4.3615308e-17]], dtype=float32), array([[2.5411053e-13, 1.0000000e+00, 4.9709363e-13],
       [0.0000000e+00, 1.0000000e+00, 0.0000000e+00],
       [1.7232422e-17, 1.0000000e+00, 4.2093342e-17]], dtype=float32), array([[1.3113657e-29, 1.0000000e+00, 5.9535515e-32],
       [0.0000000e+00, 1.0000000e+00, 0.0000000e+00],
       [1.1269785e-17, 1.0000000e+00, 4.7541911e-19]], dtype=float32), array([[4.2528642e-32, 1.0000000e+00, 2.1442791e-35],
       [0.0000000e+00, 1.0000000e+00, 0.0000000e+00],
       [2.6704967e-17, 1.0000000e+00, 4.8370601e-19]], dtype=float32), array([[7.8467966e-28, 1.0000000e+00, 4.9675571e-30],
       [0.0000000e+00, 1.0000000e+00, 0.0000000e+00],
       [6.6962645e-16, 1.0000000e+00, 3.9358081e-17]], dtype=float32), array([[1.3885063e-29, 1.0000000e+00, 6.3399888e-32],
       [0.0000000e+00, 1.0000000e+00, 0.0000000e+00],
       [1.1782283e-17, 1.0000000e+00, 4.9915382e-19]], dtype=float32), array([[1.8412232e-18, 1.0000000e+00, 2.1346508e-18],
       [0.0000000e+00, 1.0000000e+00, 0.0000000e+00],
       [4.3466273e-19, 1.0000000e+00, 5.0657549e-19]], dtype=float32), array([[4.6158063e-32, 1.0000000e+00, 2.3558205e-35],
       [0.0000000e+00, 1.0000000e+00, 0.0000000e+00],
       [2.8158869e-17, 1.0000000e+00, 5.1386243e-19]], dtype=float32), array([[8.1375875e-28, 1.0000000e+00, 5.1790558e-30],
       [0.0000000e+00, 1.0000000e+00, 0.0000000e+00],
       [6.7258069e-16, 1.0000000e+00, 3.9597980e-17]], dtype=float32), array([[1.9911027e-18, 1.0000000e+00, 2.3122498e-18],
       [0.0000000e+00, 1.0000000e+00, 0.0000000e+00],
       [4.6173160e-19, 1.0000000e+00, 5.3908839e-19]], dtype=float32), array([[6.0400793e-28, 1.0000000e+00, 3.7319282e-30],
       [0.0000000e+00, 1.0000000e+00, 0.0000000e+00],
       [5.4746588e-16, 1.0000000e+00, 3.1601830e-17]], dtype=float32), array([[1.0743716e-29, 1.0000000e+00, 4.7578246e-32],
       [0.0000000e+00, 1.0000000e+00, 0.0000000e+00],
       [1.0701813e-17, 1.0000000e+00, 4.4728670e-19]], dtype=float32), array([[1.6379931e-25, 1.0000000e+00, 5.8215343e-27],
       [0.0000000e+00, 1.0000000e+00, 0.0000000e+00],
       [1.7537687e-16, 1.0000000e+00, 2.1022387e-17]], dtype=float32), array([[1.3018184e-25, 1.0000000e+00, 4.5405308e-27],
       [0.0000000e+00, 1.0000000e+00, 0.0000000e+00],
       [1.4952675e-16, 1.0000000e+00, 1.7696750e-17]], dtype=float32), array([[2.2603385e-28, 1.0000000e+00, 1.2650446e-30],
       [0.0000000e+00, 1.0000000e+00, 0.0000000e+00],
       [2.8089042e-16, 1.0000000e+00, 1.5194744e-17]], dtype=float32), array([[7.5641275e-14, 1.0000000e+00, 1.5060461e-13],
       [0.0000000e+00, 1.0000000e+00, 0.0000000e+00],
       [5.3405551e-18, 1.0000000e+00, 1.3221682e-17]], dtype=float32), array([[1.1214885e-18, 1.0000000e+00, 1.2897032e-18],
       [0.0000000e+00, 1.0000000e+00, 0.0000000e+00],
       [2.8638197e-19, 1.0000000e+00, 3.3086072e-19]], dtype=float32), array([[5.3813409e-30, 1.0000000e+00, 2.1987278e-32],
       [0.0000000e+00, 1.0000000e+00, 0.0000000e+00],
       [7.8601382e-18, 1.0000000e+00, 3.1585406e-19]], dtype=float32), array([[1.1963972e-28, 1.0000000e+00, 6.2791222e-31],
       [0.0000000e+00, 1.0000000e+00, 0.0000000e+00],
       [1.8292746e-16, 1.0000000e+00, 9.4889519e-18]], dtype=float32), array([[4.5855549e-30, 1.0000000e+00, 1.8391673e-32],
       [0.0000000e+00, 1.0000000e+00, 0.0000000e+00],
       [7.3068892e-18, 1.0000000e+00, 2.9094620e-19]], dtype=float32), array([[9.2149482e-19, 1.0000000e+00, 1.0563781e-18],
       [0.0000000e+00, 1.0000000e+00, 0.0000000e+00],
       [2.4276290e-19, 1.0000000e+00, 2.7952180e-19]], dtype=float32), array([[1.2161720e-32, 1.0000000e+00, 5.2328978e-36],
       [0.0000000e+00, 1.0000000e+00, 0.0000000e+00],
       [1.5870650e-17, 1.0000000e+00, 2.6832992e-19]], dtype=float32), array([[6.1606394e-29, 1.0000000e+00, 3.0201201e-31],
       [0.0000000e+00, 1.0000000e+00, 0.0000000e+00],
       [1.1797221e-16, 1.0000000e+00, 5.8576708e-18]], dtype=float32), array([[2.6097534e-14, 1.0000000e+00, 5.2614397e-14],
       [0.0000000e+00, 1.0000000e+00, 0.0000000e+00],
       [1.9423913e-18, 1.0000000e+00, 4.8460384e-18]], dtype=float32), array([[3.6970870e-29, 1.0000000e+00, 1.7196838e-31],
       [0.0000000e+00, 1.0000000e+00, 0.0000000e+00],
       [8.4127167e-17, 1.0000000e+00, 4.0385890e-18]], dtype=float32), array([[9.4407243e-16, 1.0000000e+00, 2.0418256e-15],
       [0.0000000e+00, 1.0000000e+00, 0.0000000e+00],
       [7.1487624e-20, 1.0000000e+00, 1.9104024e-19]], dtype=float32), array([[1.7107740e-14, 1.0000000e+00, 3.4659846e-14],
       [0.0000000e+00, 1.0000000e+00, 0.0000000e+00],
       [1.2996747e-18, 1.0000000e+00, 3.2525333e-18]], dtype=float32), array([[5.4656803e-33, 1.0000000e+00, 2.1268688e-36],
       [0.0000000e+00, 1.0000000e+00, 0.0000000e+00],
       [1.0960448e-17, 1.0000000e+00, 1.7670829e-19]], dtype=float32), array([[5.2994970e-19, 1.0000000e+00, 6.0423652e-19],
       [0.0000000e+00, 1.0000000e+00, 0.0000000e+00],
       [1.4742355e-19, 1.0000000e+00, 1.6876037e-19]], dtype=float32), array([[1.1179814e-26, 1.0000000e+00, 3.1477729e-28],
       [0.0000000e+00, 1.0000000e+00, 0.0000000e+00],
       [3.0304242e-17, 1.0000000e+00, 3.1234476e-18]], dtype=float32)]","[array([0.3102474, 0.3102474, 0.3102474], dtype=float32), array([0.30967328, 0.30967328, 0.30967328], dtype=float32), array([0.3083735, 0.3083735, 0.3083735], dtype=float32), array([0.30717164, 0.30717164, 0.30717164], dtype=float32), array([0.30662867, 0.30662867, 0.30662867], dtype=float32), array([0.30613485, 0.30613485, 0.30613485], dtype=float32), array([0.30476758, 0.30476758, 0.30476758], dtype=float32), array([0.30391526, 0.30391526, 0.30391526], dtype=float32), array([0.3035156, 0.3035156, 0.3035156], dtype=float32), array([0.30275404, 0.30275404, 0.30275404], dtype=float32), array([0.30185208, 0.30185208, 0.30185208], dtype=float32), array([0.30155036, 0.30155036, 0.30155036], dtype=float32), array([0.30117723, 0.30117723, 0.30117723], dtype=float32), array([0.30008265, 0.30008265, 0.30008265], dtype=float32), array([0.29881737, 0.29881737, 0.29881737], dtype=float32), array([0.2973504, 0.2973504, 0.2973504], dtype=float32), array([0.295956, 0.295956, 0.295956], dtype=float32), array([0.29409167, 0.29409167, 0.29409167], dtype=float32), array([0.29207408, 0.29207408, 0.29207408], dtype=float32), array([0.28967947, 0.28967947, 0.28967947], dtype=float32), array([0.2875225, 0.2875225, 0.2875225], dtype=float32), array([0.28482294, 0.28482294, 0.28482294], dtype=float32), array([0.28282717, 0.28282717, 0.28282717], dtype=float32), array([0.28135732, 0.28135732, 0.28135732], dtype=float32), array([0.2795058, 0.2795058, 0.2795058], dtype=float32), array([0.27768523, 0.27768523, 0.27768523], dtype=float32), array([0.27385923, 0.27385923, 0.27385923], dtype=float32), array([0.2662876, 0.2662876, 0.2662876], dtype=float32), array([0.23629144, 0.23629144, 0.23629144], dtype=float32), array([0.20230313, 0.20230313, 0.20230313], dtype=float32), array([0.16360797, 0.16360797, 0.16360797], dtype=float32)]","[array([nan, nan, nan], dtype=float32), array([nan, nan, nan], dtype=float32), array([nan, nan, nan], dtype=float32), array([nan, nan, nan], dtype=float32), array([nan, nan, nan], dtype=float32), array([nan, nan, nan], dtype=float32), array([nan, nan, nan], dtype=float32), array([nan, nan, nan], dtype=float32), array([nan, nan, nan], dtype=float32), array([nan, nan, nan], dtype=float32), array([nan, nan, nan], dtype=float32), array([nan, nan, nan], dtype=float32), array([nan, nan, nan], dtype=float32), array([nan, nan, nan], dtype=float32), array([nan, nan, nan], dtype=float32), array([nan, nan, nan], dtype=float32), array([nan, nan, nan], dtype=float32), array([nan, nan, nan], dtype=float32), array([nan, nan, nan], dtype=float32), array([nan, nan, nan], dtype=float32), array([nan, nan, nan], dtype=float32), array([nan, nan, nan], dtype=float32), array([nan, nan, nan], dtype=float32), array([nan, nan, nan], dtype=float32), array([nan, nan, nan], dtype=float32), array([nan, nan, nan], dtype=float32), array([nan, nan, nan], dtype=float32), array([nan, nan, nan], dtype=float32), array([nan, nan, nan], dtype=float32), array([nan, nan, nan], dtype=float32), array([nan, nan, nan], dtype=float32)]",1,0,0,0,0,0,55.82573529411764,60.19558823529411,0.0002489687776679633,64000,10.01,0.0005652933400790637,64000,10.01,2000,2000,0.3579531570010846,0.0,81158,999.0,0.10570299625396729,0.23398908972740173,-0.03548920527100563,1.0,32.0,0.0013802934991,991008,0.3133949935436249,-0.9425942897796631,0.4722185432910919,5.223242169449804e-06,27536.755859375,30969,343.3281435313117,0.0,0.0,23810,999.0,30969,0.0393447157605,991008,1.0,32.0,0.0013802934991,343.32775209427564,0,93000,2976000,61938,104968,1982016,1031.017257342694,6142020.863706635,6437930.562855801,2.0,64100,2,1.0067001111073661,8.5,10.5,0.00014623081825565216,6.104382651750898e-05,1600,2,0.002001796390541131,50,0.18523541086030268,32.0,0.0002962817743082338,-10.5,100,1.0067001111073661,0.00022551687922145602,0.0005150191610067454,3200,100,3200,8.5,8.5,100,6.938638279935956e-05,1.0340137305636132e-05,1.018796638273259e-05,2.8815261771942384e-05,5.134794673692636e-05,7.626985744037396e-05,4.439800584157927e-05,0.00023065634305442984,4.59823904595336e-05,2.466274549038975e-05,3.162820334514291e-05,0.055994230665262816,0.00667000765986968,0.06089366515980588,0.18334028141285186,0.03041386668479242,0.01959613379823433,0.0001780110164968947,992.0,-1.0,0.4722185730934143,0.27384326,498.0,99.5506362915039,108066,0.2628646194934845,1.0,0.13381774723529816,3458112,-0.09644864499568939,961.0,992.0,3458112,0.0,108066,498.0,961.0,6916224,651000,20832000,216132,10064.920609787536,6.049161110699078e-05,2.679096781644294e-05,4.6604278817459995e-05,9.979494279085315e-06,9.031921066391587e-06,6.807108522166323e-05,2.3763241964700334e-05,4.08107048661843e-05,3.0516265887049154e-05,4.0729409050573235e-05,0.00021148609915399734
1,66000,False,33,d23ef_00000,2025-08-17_21-21-02,1755465662,93.13624215126038,3103.3749685287476,685888,intrinsic-attention2,10.156.0.3,3103.3749685287476,33,92.22037735232266,1.4734988370185764e-05,92.22010453827589,2.7968421480449286,89.05531842260507,0.0020366613970270054,0.00027717900229617953,0.0015941266913432628,1000,2.0,10.5,2.7635839373811617,2000,66000,2,-10.5,32.0,1.0067001111073661,0.00010228904305943458,4.77552472329857e-05,1.0067001111073661,5.74,33000,2,387.44219099826097,2000.0,3000.0,"[array([[2.8209800e-01, 2.7468879e-18, 7.1790206e-01],
       [0.0000000e+00, 1.0000000e+00, 0.0000000e+00],
       [2.4154268e-01, 3.4990540e-22, 7.5845736e-01]], dtype=float32), array([[8.8182901e-27, 1.0000000e+00, 2.4219017e-28],
       [0.0000000e+00, 1.0000000e+00, 0.0000000e+00],
       [2.6982058e-17, 1.0000000e+00, 2.7431110e-18]], dtype=float32), array([[3.8946274e-19, 1.0000000e+00, 4.4362813e-19],
       [0.0000000e+00, 1.0000000e+00, 0.0000000e+00],
       [1.0963783e-19, 1.0000000e+00, 1.2537379e-19]], dtype=float32), array([[2.7726304e-11, 1.0000000e+00, 7.3867600e-11],
       [0.0000000e+00, 1.0000000e+00, 0.0000000e+00],
       [4.3491487e-19, 1.0000000e+00, 2.3909418e-18]], dtype=float32), array([[5.4264213e-16, 1.0000000e+00, 1.1767159e-15],
       [0.0000000e+00, 1.0000000e+00, 0.0000000e+00],
       [4.2242069e-20, 1.0000000e+00, 1.1281861e-19]], dtype=float32), array([[2.6095490e-33, 1.0000000e+00, 9.4173517e-37],
       [0.0000000e+00, 1.0000000e+00, 0.0000000e+00],
       [7.0769487e-18, 1.0000000e+00, 1.0910088e-19]], dtype=float32), array([[7.9907811e-31, 1.0000000e+00, 2.6395843e-33],
       [0.0000000e+00, 1.0000000e+00, 0.0000000e+00],
       [2.9635900e-18, 1.0000000e+00, 1.0638874e-19]], dtype=float32), array([[5.04967162e-16, 1.00000000e+00, 1.09613380e-15],
       [0.00000000e+00, 1.00000000e+00, 0.00000000e+00],
       [3.90121254e-20, 1.00000000e+00, 1.04300354e-19]], dtype=float32), array([[7.1039176e-01, 8.0907875e-19, 2.8960821e-01],
       [0.0000000e+00, 1.0000000e+00, 0.0000000e+00],
       [6.6932809e-01, 5.3021408e-15, 3.3067188e-01]], dtype=float32), array([[3.22288980e-19, 1.00000000e+00, 3.68399878e-19],
       [0.00000000e+00, 1.00000000e+00, 0.00000000e+00],
       [8.77034853e-20, 1.00000000e+00, 1.00662304e-19]], dtype=float32), array([[4.7562303e-16, 1.0000000e+00, 1.0324324e-15],
       [0.0000000e+00, 1.0000000e+00, 0.0000000e+00],
       [3.7047416e-20, 1.0000000e+00, 9.8993997e-20]], dtype=float32), array([[1.1054227e-14, 1.0000000e+00, 2.2383157e-14],
       [0.0000000e+00, 1.0000000e+00, 0.0000000e+00],
       [8.6372142e-19, 1.0000000e+00, 2.1524520e-18]], dtype=float32), array([[2.3349048e-11, 1.0000000e+00, 6.2261273e-11],
       [0.0000000e+00, 1.0000000e+00, 0.0000000e+00],
       [3.8488132e-19, 1.0000000e+00, 2.1042193e-18]], dtype=float32), array([[4.4751609e-16, 1.0000000e+00, 9.7144303e-16],
       [0.0000000e+00, 1.0000000e+00, 0.0000000e+00],
       [3.5157774e-20, 1.0000000e+00, 9.3895973e-20]], dtype=float32), array([[1.0204709e-14, 1.0000000e+00, 2.0675901e-14],
       [0.0000000e+00, 1.0000000e+00, 0.0000000e+00],
       [8.0396284e-19, 1.0000000e+00, 2.0037511e-18]], dtype=float32), array([[6.3118310e-31, 1.0000000e+00, 2.0293439e-33],
       [0.0000000e+00, 1.0000000e+00, 0.0000000e+00],
       [2.6050434e-18, 1.0000000e+00, 9.2120261e-20]], dtype=float32), array([[9.9286966e-15, 1.0000000e+00, 2.0118971e-14],
       [0.0000000e+00, 1.0000000e+00, 0.0000000e+00],
       [7.8699452e-19, 1.0000000e+00, 1.9611462e-18]], dtype=float32), array([[4.6759680e-27, 1.0000000e+00, 1.1988642e-28],
       [0.0000000e+00, 1.0000000e+00, 0.0000000e+00],
       [1.9765813e-17, 1.0000000e+00, 1.9342134e-18]], dtype=float32), array([[9.3867920e-15, 1.0000000e+00, 1.9031990e-14],
       [0.0000000e+00, 1.0000000e+00, 0.0000000e+00],
       [7.4881569e-19, 1.0000000e+00, 1.8664836e-18]], dtype=float32), array([[4.6193299e-01, 5.4794349e-22, 5.3806692e-01],
       [0.0000000e+00, 1.0000000e+00, 0.0000000e+00],
       [4.6096578e-01, 1.5995889e-22, 5.3903413e-01]], dtype=float32), array([[9.3313111e-30, 1.0000000e+00, 3.7325222e-32],
       [0.0000000e+00, 1.0000000e+00, 0.0000000e+00],
       [3.9957754e-17, 1.0000000e+00, 1.7662885e-18]], dtype=float32), array([[4.1065056e-27, 1.0000000e+00, 1.0427919e-28],
       [0.0000000e+00, 1.0000000e+00, 0.0000000e+00],
       [1.7802445e-17, 1.0000000e+00, 1.7291810e-18]], dtype=float32), array([[2.7044683e-19, 1.0000000e+00, 3.0782019e-19],
       [0.0000000e+00, 1.0000000e+00, 0.0000000e+00],
       [7.6912417e-20, 1.0000000e+00, 8.7874951e-20]], dtype=float32), array([[8.6490354e-30, 1.0000000e+00, 3.4323489e-32],
       [0.0000000e+00, 1.0000000e+00, 0.0000000e+00],
       [3.7786672e-17, 1.0000000e+00, 1.6610858e-18]], dtype=float32), array([[5.7500134e-31, 1.0000000e+00, 1.8245825e-33],
       [0.0000000e+00, 1.0000000e+00, 0.0000000e+00],
       [2.4986413e-18, 1.0000000e+00, 8.7775444e-20]], dtype=float32), array([[9.9814665e-01, 2.7481285e-38, 1.8533858e-03],
       [0.0000000e+00, 1.0000000e+00, 0.0000000e+00],
       [9.7989583e-01, 6.0129211e-24, 2.0104181e-02]], dtype=float32), array([[2.8264904e-01, 1.9139878e-18, 7.1735102e-01],
       [0.0000000e+00, 1.0000000e+00, 0.0000000e+00],
       [2.4268855e-01, 2.5495220e-22, 7.5731146e-01]], dtype=float32), array([[5.6187978e-27, 1.0000000e+00, 1.4525638e-28],
       [0.0000000e+00, 1.0000000e+00, 0.0000000e+00],
       [2.2712505e-17, 1.0000000e+00, 2.2372996e-18]], dtype=float32), array([[8.7894291e-01, 1.9266259e-22, 1.2105709e-01],
       [0.0000000e+00, 1.0000000e+00, 0.0000000e+00],
       [7.8850096e-01, 3.3106079e-15, 2.1149898e-01]], dtype=float32), array([[9.9980015e-01, 3.0800540e-42, 1.9992006e-04],
       [0.0000000e+00, 1.0000000e+00, 0.0000000e+00],
       [9.9185002e-01, 3.9348299e-24, 8.1499591e-03]], dtype=float32), array([[7.0284481e-16, 1.0000000e+00, 1.5196904e-15],
       [0.0000000e+00, 1.0000000e+00, 0.0000000e+00],
       [5.4835935e-20, 1.0000000e+00, 1.4613240e-19]], dtype=float32)]","[array([0.13240652, 0.13240652, 0.13240652], dtype=float32), array([0.10452475, 0.10452475, 0.10452475], dtype=float32), array([0.07681446, 0.07681446, 0.07681446], dtype=float32), array([0.04917265, 0.04917265, 0.04917265], dtype=float32), array([0.02039385, 0.02039385, 0.02039385], dtype=float32), array([-0.00777845, -0.00777845, -0.00777845], dtype=float32), array([-0.03638783, -0.03638783, -0.03638783], dtype=float32), array([-0.06504202, -0.06504202, -0.06504202], dtype=float32), array([-0.09288836, -0.09288836, -0.09288836], dtype=float32), array([-0.11971816, -0.11971816, -0.11971816], dtype=float32), array([-0.14669015, -0.14669015, -0.14669015], dtype=float32), array([-0.17320737, -0.17320737, -0.17320737], dtype=float32), array([-0.19676971, -0.19676971, -0.19676971], dtype=float32), array([-0.21892215, -0.21892215, -0.21892215], dtype=float32), array([-0.23817152, -0.23817152, -0.23817152], dtype=float32), array([-0.25470704, -0.25470704, -0.25470704], dtype=float32), array([-0.26663348, -0.26663348, -0.26663348], dtype=float32), array([-0.27736005, -0.27736005, -0.27736005], dtype=float32), array([-0.28196615, -0.28196615, -0.28196615], dtype=float32), array([-0.28630152, -0.28630152, -0.28630152], dtype=float32), array([-0.28998563, -0.28998563, -0.28998563], dtype=float32), array([-0.29369456, -0.29369456, -0.29369456], dtype=float32), array([-0.2973985, -0.2973985, -0.2973985], dtype=float32), array([-0.30059698, -0.30059698, -0.30059698], dtype=float32), array([-0.29810172, -0.29810172, -0.29810172], dtype=float32), array([-0.29177454, -0.29177454, -0.29177454], dtype=float32), array([-0.2823543, -0.2823543, -0.2823543], dtype=float32), array([-0.27388933, -0.27388933, -0.27388933], dtype=float32), array([-0.2611913, -0.2611913, -0.2611913], dtype=float32), array([-0.24585368, -0.24585368, -0.24585368], dtype=float32), array([-0.23195392, -0.23195392, -0.23195392], dtype=float32)]","[array([0.1324065, 0.1324065, 0.1324065], dtype=float32), array([0.10452477, 0.10452477, 0.10452477], dtype=float32), array([0.07681445, 0.07681445, 0.07681445], dtype=float32), array([0.04917265, 0.04917265, 0.04917265], dtype=float32), array([0.02039385, 0.02039385, 0.02039385], dtype=float32), array([-0.00777845, -0.00777845, -0.00777845], dtype=float32), array([-0.03638783, -0.03638783, -0.03638783], dtype=float32), array([-0.06504202, -0.06504202, -0.06504202], dtype=float32), array([-0.09288836, -0.09288836, -0.09288836], dtype=float32), array([-0.11971816, -0.11971816, -0.11971816], dtype=float32), array([-0.14669015, -0.14669015, -0.14669015], dtype=float32), array([-0.17320737, -0.17320737, -0.17320737], dtype=float32), array([-0.19676971, -0.19676971, -0.19676971], dtype=float32), array([-0.21892217, -0.21892217, -0.21892217], dtype=float32), array([-0.23817152, -0.23817152, -0.23817152], dtype=float32), array([-0.25470704, -0.25470704, -0.25470704], dtype=float32), array([-0.26663348, -0.26663348, -0.26663348], dtype=float32), array([-0.27736002, -0.27736002, -0.27736002], dtype=float32), array([-0.28196612, -0.28196612, -0.28196612], dtype=float32), array([-0.28630155, -0.28630155, -0.28630155], dtype=float32), array([-0.28998563, -0.28998563, -0.28998563], dtype=float32), array([-0.29369453, -0.29369453, -0.29369453], dtype=float32), array([-0.2973985, -0.2973985, -0.2973985], dtype=float32), array([-0.30059695, -0.30059695, -0.30059695], dtype=float32), array([-0.29810172, -0.29810172, -0.29810172], dtype=float32), array([-0.2917745, -0.2917745, -0.2917745], dtype=float32), array([-0.2823543, -0.2823543, -0.2823543], dtype=float32), array([-0.27388933, -0.27388933, -0.27388933], dtype=float32), array([-0.26119134, -0.26119134, -0.26119134], dtype=float32), array([-0.24585368, -0.24585368, -0.24585368], dtype=float32), array([-0.23195393, -0.23195393, -0.23195393], dtype=float32)]",1,0,0,0,0,0,56.494736842105254,60.237593984962395,0.0001689257791744742,66000,5.74,0.0003802475781792448,66000,5.74,2000,2000,0.35764358451113587,0.0,81158,999.0,0.036614615470170975,0.2357834130525589,-0.08210444450378418,1.0,33.0,0.0013802934991,1021977,0.2667771279811859,-0.04920029640197754,0.4722185432910919,7.834863026801031e-06,14632.1787109375,30969,343.1614800994068,0.0,0.0,23810,999.0,30969,0.0393447157605,1021977,1.0,33.0,0.0013802934991,343.16110426834865,0,93000,3069000,61938,104968,2043954,1030.5166648231182,6132617.401175166,6436215.7450963305,2.0,66100,2,1.0067001111073661,8.3,10.5,0.00014933413094913634,6.297987185843088e-05,1650,2,0.0023040753504028543,50,0.18523020763175727,33.0,0.00029527051653577247,-10.5,100,1.0067001111073661,0.00023132186327357731,0.0005289211920162688,3300,100,3300,8.3,8.3,100,4.8622229652820635e-05,7.656010835667239e-06,6.913067062485501e-06,2.0572790805550877e-05,3.430347233846993e-05,4.974225072595755e-05,3.007952378289216e-05,0.00016085922769333162,3.0024006840815958e-05,1.7065147845145584e-05,2.2601046083081838e-05,0.055999292678552276,0.00667105990315384,0.060783474298162964,0.18318554354873695,0.030401551987982008,0.019554798560372354,0.0001780107764038398,1023.0,-0.026597976684570312,0.4722185730934143,0.27633148,498.0,92.22955322265625,108066,0.23610475659370422,1.0,0.02730977162718773,3566178,-0.0769265741109848,991.0,1023.0,3566178,0.0,108066,498.0,991.0,7132356,651000,21483000,216132,10029.86342008045,6.150785300571139e-05,2.7412581906047153e-05,4.729962042054199e-05,1.060296748634844e-05,9.208056167592926e-06,7.021063830162802e-05,2.412905633890749e-05,4.242169745237016e-05,3.16642444070508e-05,4.184937540244907e-05,0.00021513314345938088
1,68000,False,34,d23ef_00000,2025-08-17_21-22-36,1755465756,94.09131836891174,3197.4662868976593,685888,intrinsic-attention2,10.156.0.3,3197.4662868976593,34,92.23705920136952,1.4718918444197466e-05,92.23678577363306,2.7992869235145825,89.06923207488899,0.002036778153083076,0.00027717900229617953,0.0019551625302119645,1000,2.0,10.5,2.7660600138973614,2000,68000,2,-10.5,33.0,1.0067001111073661,0.00011664727507075592,5.1086570481259656e-05,1.0067001111073661,8.43,34000,2,375.82791124969464,2000.0,3000.0,"[array([[5.2192497e-33, 1.0000000e+00, 2.1243391e-36],
       [0.0000000e+00, 1.0000000e+00, 0.0000000e+00],
       [9.6961317e-18, 1.0000000e+00, 1.5841902e-19]], dtype=float32), array([[6.4230120e-28, 1.0000000e+00, 2.6838907e-28],
       [0.0000000e+00, 1.0000000e+00, 0.0000000e+00],
       [1.6301701e-25, 1.0000000e+00, 7.3581864e-26]], dtype=float32), array([[1.7446682e-30, 1.0000000e+00, 6.2372898e-33],
       [0.0000000e+00, 1.0000000e+00, 0.0000000e+00],
       [4.8004641e-18, 1.0000000e+00, 1.8086086e-19]], dtype=float32), array([[1.8007443e-14, 1.0000000e+00, 3.6345313e-14],
       [0.0000000e+00, 1.0000000e+00, 0.0000000e+00],
       [1.3934540e-18, 1.0000000e+00, 3.4699329e-18]], dtype=float32), array([[1.7309928e-14, 1.0000000e+00, 3.4965747e-14],
       [0.0000000e+00, 1.0000000e+00, 0.0000000e+00],
       [1.3436343e-18, 1.0000000e+00, 3.3482867e-18]], dtype=float32), array([[2.9869926e-11, 1.0000000e+00, 7.8770955e-11],
       [0.0000000e+00, 1.0000000e+00, 0.0000000e+00],
       [6.1360444e-19, 1.0000000e+00, 3.2856300e-18]], dtype=float32), array([[7.7451847e-19, 1.0000000e+00, 9.0362668e-19],
       [0.0000000e+00, 1.0000000e+00, 0.0000000e+00],
       [1.6974109e-19, 1.0000000e+00, 1.9915044e-19]], dtype=float32), array([[1.6397059e-14, 1.0000000e+00, 3.3168740e-14],
       [0.0000000e+00, 1.0000000e+00, 0.0000000e+00],
       [1.2791492e-18, 1.0000000e+00, 3.1919607e-18]], dtype=float32), array([[2.8229887e-11, 1.0000000e+00, 7.4620102e-11],
       [0.0000000e+00, 1.0000000e+00, 0.0000000e+00],
       [5.8665903e-19, 1.0000000e+00, 3.1474047e-18]], dtype=float32), array([[7.8810651e-33, 1.0000000e+00, 3.3778911e-36],
       [0.0000000e+00, 1.0000000e+00, 0.0000000e+00],
       [1.2504387e-17, 1.0000000e+00, 2.1076164e-19]], dtype=float32), array([[9.9784732e-01, 1.4886273e-37, 2.1526990e-03],
       [0.0000000e+00, 1.0000000e+00, 0.0000000e+00],
       [9.7787631e-01, 1.8289002e-23, 2.2123674e-02]], dtype=float32), array([[2.1872192e-30, 1.0000000e+00, 7.9684301e-33],
       [0.0000000e+00, 1.0000000e+00, 0.0000000e+00],
       [5.6599337e-18, 1.0000000e+00, 2.1618566e-19]], dtype=float32), array([[1.0432643e-15, 1.0000000e+00, 2.2431057e-15],
       [0.0000000e+00, 1.0000000e+00, 0.0000000e+00],
       [8.2156923e-20, 1.0000000e+00, 2.1785378e-19]], dtype=float32), array([[2.2214255e-30, 1.0000000e+00, 8.0986095e-33],
       [0.0000000e+00, 1.0000000e+00, 0.0000000e+00],
       [5.7387227e-18, 1.0000000e+00, 2.1936905e-19]], dtype=float32), array([[2.5431249e-11, 1.0000000e+00, 6.7502427e-11],
       [0.0000000e+00, 1.0000000e+00, 0.0000000e+00],
       [5.3704205e-19, 1.0000000e+00, 2.8913075e-18]], dtype=float32), array([[9.1900215e-27, 1.0000000e+00, 2.4550910e-28],
       [0.0000000e+00, 1.0000000e+00, 0.0000000e+00],
       [2.8870989e-17, 1.0000000e+00, 2.8911420e-18]], dtype=float32), array([[8.7256071e-33, 1.0000000e+00, 3.7777514e-36],
       [0.0000000e+00, 1.0000000e+00, 0.0000000e+00],
       [1.3407473e-17, 1.0000000e+00, 2.2757145e-19]], dtype=float32), array([[1.3497084e-30, 1.0000000e+00, 1.2137394e-31],
       [0.0000000e+00, 1.0000000e+00, 0.0000000e+00],
       [7.9697089e-25, 1.0000000e+00, 1.1414247e-25]], dtype=float32), array([[2.76690870e-30, 1.00000000e+00, 1.03149835e-32],
       [0.00000000e+00, 1.00000000e+00, 0.00000000e+00],
       [6.55610243e-18, 1.00000000e+00, 2.54002170e-19]], dtype=float32), array([[3.06851252e-30, 1.00000000e+00, 1.15652856e-32],
       [0.00000000e+00, 1.00000000e+00, 0.00000000e+00],
       [6.94523259e-18, 1.00000000e+00, 2.70742056e-19]], dtype=float32), array([[1.2864598e-26, 1.0000000e+00, 3.4987315e-28],
       [0.0000000e+00, 1.0000000e+00, 0.0000000e+00],
       [3.7387214e-17, 1.0000000e+00, 3.7970018e-18]], dtype=float32), array([[1.3738518e-32, 1.0000000e+00, 6.3783038e-36],
       [0.0000000e+00, 1.0000000e+00, 0.0000000e+00],
       [1.6605355e-17, 1.0000000e+00, 2.9163628e-19]], dtype=float32), array([[1.4180859e-15, 1.0000000e+00, 3.0399331e-15],
       [0.0000000e+00, 1.0000000e+00, 0.0000000e+00],
       [1.1184503e-19, 1.0000000e+00, 2.9599730e-19]], dtype=float32), array([[1.4386932e-15, 1.0000000e+00, 3.0834968e-15],
       [0.0000000e+00, 1.0000000e+00, 0.0000000e+00],
       [1.1364491e-19, 1.0000000e+00, 3.0070101e-19]], dtype=float32), array([[1.4959741e-32, 1.0000000e+00, 7.0247848e-36],
       [0.0000000e+00, 1.0000000e+00, 0.0000000e+00],
       [1.7301187e-17, 1.0000000e+00, 3.0556341e-19]], dtype=float32), array([[1.5252934e-32, 1.0000000e+00, 7.1781078e-36],
       [0.0000000e+00, 1.0000000e+00, 0.0000000e+00],
       [1.7475238e-17, 1.0000000e+00, 3.0898370e-19]], dtype=float32), array([[9.9770433e-01, 3.1951766e-37, 2.2957178e-03],
       [0.0000000e+00, 1.0000000e+00, 0.0000000e+00],
       [9.7696084e-01, 2.9973240e-23, 2.3039164e-02]], dtype=float32), array([[3.9577631e-30, 1.0000000e+00, 1.5288236e-32],
       [0.0000000e+00, 1.0000000e+00, 0.0000000e+00],
       [8.0267009e-18, 1.0000000e+00, 3.1732018e-19]], dtype=float32), array([[1.5320770e-15, 1.0000000e+00, 3.2811384e-15],
       [0.0000000e+00, 1.0000000e+00, 0.0000000e+00],
       [1.2172476e-19, 1.0000000e+00, 3.2185037e-19]], dtype=float32), array([[3.4681456e-11, 1.0000000e+00, 9.0905852e-11],
       [0.0000000e+00, 1.0000000e+00, 0.0000000e+00],
       [8.3759792e-19, 1.0000000e+00, 4.4287763e-18]], dtype=float32), array([[4.3319209e-30, 1.0000000e+00, 1.6891190e-32],
       [0.0000000e+00, 1.0000000e+00, 0.0000000e+00],
       [8.4302211e-18, 1.0000000e+00, 3.3499843e-19]], dtype=float32)]","[array([-0.21618627, -0.21618627, -0.21618627], dtype=float32), array([-0.20108412, -0.20108412, -0.20108412], dtype=float32), array([-0.18558788, -0.18558788, -0.18558788], dtype=float32), array([-0.16911776, -0.16911776, -0.16911776], dtype=float32), array([-0.15347098, -0.15347098, -0.15347098], dtype=float32), array([-0.13826025, -0.13826025, -0.13826025], dtype=float32), array([-0.12408603, -0.12408603, -0.12408603], dtype=float32), array([-0.11083888, -0.11083888, -0.11083888], dtype=float32), array([-0.09867452, -0.09867452, -0.09867452], dtype=float32), array([-0.08779527, -0.08779527, -0.08779527], dtype=float32), array([-0.07763387, -0.07763387, -0.07763387], dtype=float32), array([-0.06871379, -0.06871379, -0.06871379], dtype=float32), array([-0.05942656, -0.05942656, -0.05942656], dtype=float32), array([-0.05017477, -0.05017477, -0.05017477], dtype=float32), array([-0.04027621, -0.04027621, -0.04027621], dtype=float32), array([-0.03009435, -0.03009435, -0.03009435], dtype=float32), array([-0.01988646, -0.01988646, -0.01988646], dtype=float32), array([-0.00887973, -0.00887973, -0.00887973], dtype=float32), array([0.00306159, 0.00306159, 0.00306159], dtype=float32), array([0.01527354, 0.01527354, 0.01527354], dtype=float32), array([0.02849605, 0.02849605, 0.02849605], dtype=float32), array([0.04274421, 0.04274421, 0.04274421], dtype=float32), array([0.0569936, 0.0569936, 0.0569936], dtype=float32), array([0.07201429, 0.07201429, 0.07201429], dtype=float32), array([0.08765137, 0.08765137, 0.08765137], dtype=float32), array([0.10288521, 0.10288521, 0.10288521], dtype=float32), array([0.118103, 0.118103, 0.118103], dtype=float32), array([0.13365148, 0.13365148, 0.13365148], dtype=float32), array([0.14949547, 0.14949547, 0.14949547], dtype=float32), array([0.16485214, 0.16485214, 0.16485214], dtype=float32), array([0.18016359, 0.18016359, 0.18016359], dtype=float32)]","[array([-0.21618626, -0.21618626, -0.21618626], dtype=float32), array([-0.2010841, -0.2010841, -0.2010841], dtype=float32), array([-0.18558787, -0.18558787, -0.18558787], dtype=float32), array([-0.1691178, -0.1691178, -0.1691178], dtype=float32), array([-0.15347093, -0.15347093, -0.15347093], dtype=float32), array([-0.13826023, -0.13826023, -0.13826023], dtype=float32), array([-0.12408604, -0.12408604, -0.12408604], dtype=float32), array([-0.11083888, -0.11083888, -0.11083888], dtype=float32), array([-0.09867451, -0.09867451, -0.09867451], dtype=float32), array([-0.08779528, -0.08779528, -0.08779528], dtype=float32), array([-0.07763387, -0.07763387, -0.07763387], dtype=float32), array([-0.06871379, -0.06871379, -0.06871379], dtype=float32), array([-0.05942656, -0.05942656, -0.05942656], dtype=float32), array([-0.05017477, -0.05017477, -0.05017477], dtype=float32), array([-0.0402762, -0.0402762, -0.0402762], dtype=float32), array([-0.03009434, -0.03009434, -0.03009434], dtype=float32), array([-0.01988646, -0.01988646, -0.01988646], dtype=float32), array([-0.00887973, -0.00887973, -0.00887973], dtype=float32), array([0.00306159, 0.00306159, 0.00306159], dtype=float32), array([0.01527354, 0.01527354, 0.01527354], dtype=float32), array([0.02849605, 0.02849605, 0.02849605], dtype=float32), array([0.04274422, 0.04274422, 0.04274422], dtype=float32), array([0.05699359, 0.05699359, 0.05699359], dtype=float32), array([0.07201428, 0.07201428, 0.07201428], dtype=float32), array([0.08765136, 0.08765136, 0.08765136], dtype=float32), array([0.1028852, 0.1028852, 0.1028852], dtype=float32), array([0.11810298, 0.11810298, 0.11810298], dtype=float32), array([0.13365148, 0.13365148, 0.13365148], dtype=float32), array([0.14949547, 0.14949547, 0.14949547], dtype=float32), array([0.16485214, 0.16485214, 0.16485214], dtype=float32), array([0.18016355, 0.18016355, 0.18016355], dtype=float32)]",1,0,0,0,0,0,55.88059701492537,60.23955223880598,0.00018025361877912417,68000,8.43,0.0004122864323549222,68000,8.43,2000,2000,0.35798061218602706,0.0,81158,999.0,0.012410912662744522,0.1650112420320511,-0.04843659698963165,1.0,34.0,0.0013802934991,1052946,0.30054256319999695,-0.037479400634765625,0.4722185432910919,7.834863026801031e-06,14437.056640625,30969,342.9623969283168,0.0,0.0,23810,999.0,30969,0.0393447157605,1052946,1.0,34.0,0.0013802934991,342.96203071454016,0,93000,3162000,61938,104968,2105892,1029.9187428116916,6134909.026713703,6441888.554771313,2.0,68100,2,1.0067001111073661,9.3,10.5,0.00015019727115508913,6.241825998352558e-05,1700,2,0.002274132010206813,50,0.18523009660542367,34.0,0.00029448144134930994,-10.5,100,1.0067001111073661,0.00023128894553195683,0.0005241240801309104,3400,100,3400,9.3,9.3,100,5.149297830168982e-05,8.01423638613344e-06,7.3127937709245955e-06,2.2067396174761163e-05,3.668916663242989e-05,5.4888685027517974e-05,3.2256295666228375e-05,0.00017503067339335877,3.227544796095912e-05,1.80994353506215e-05,2.3776780381288843e-05,0.056344905101747514,0.00671045162410956,0.06085701286525298,0.18309217722324328,0.03039121625814965,0.0195337065447414,0.0001779292386165261,1054.0,0.004837751388549805,0.4722185730934143,0.33112505,498.0,93.80009460449219,108066,0.16437530517578125,1.0,0.016441624611616135,3674244,-0.0204901322722435,1021.0,1054.0,3674244,0.0,108066,498.0,1021.0,7348488,651000,22134000,216132,9992.359258109353,6.192134165407383e-05,2.7572480480483565e-05,4.8368543763158085e-05,1.016870521860497e-05,9.195674357926789e-06,7.042342521443559e-05,2.4092413439516986e-05,4.224540264995611e-05,3.098062382967757e-05,4.157923484955458e-05,0.00021369224181992522
1,70000,False,35,d23ef_00000,2025-08-17_21-24-08,1755465848,91.01986193656921,3288.4861488342285,685888,intrinsic-attention2,10.156.0.3,3288.4861488342285,35,92.22270597135578,1.4723609345223784e-05,92.22243166488678,2.798063113019465,89.05402898323011,0.0020342581515158764,0.00027717900229617953,0.0015645542903803288,1000,2.0,10.5,2.764869713198358,2000,70000,2,-9.5,34.0,1.0067001111073661,0.00010671748239433158,4.67694532795818e-05,1.0067001111073661,9.28,35000,2,364.4597691281038,2000.0,3000.0,"[array([[1.7046335e-26, 1.0000000e+00, 4.7251685e-28],
       [0.0000000e+00, 1.0000000e+00, 0.0000000e+00],
       [4.5017492e-17, 1.0000000e+00, 4.6295057e-18]], dtype=float32), array([[5.1134710e-29, 1.0000000e+00, 2.4431009e-31],
       [0.0000000e+00, 1.0000000e+00, 0.0000000e+00],
       [9.7353487e-17, 1.0000000e+00, 4.7303324e-18]], dtype=float32), array([[1.7097161e-15, 1.0000000e+00, 3.6588249e-15],
       [0.0000000e+00, 1.0000000e+00, 0.0000000e+00],
       [1.3592645e-19, 1.0000000e+00, 3.5929528e-19]], dtype=float32), array([[5.2804384e-30, 1.0000000e+00, 2.1023991e-32],
       [0.0000000e+00, 1.0000000e+00, 0.0000000e+00],
       [9.3884602e-18, 1.0000000e+00, 3.7740250e-19]], dtype=float32), array([[1.8883511e-15, 1.0000000e+00, 4.0393193e-15],
       [0.0000000e+00, 1.0000000e+00, 0.0000000e+00],
       [1.4932188e-19, 1.0000000e+00, 3.9477128e-19]], dtype=float32), array([[1.8787203e-18, 1.0000000e+00, 2.2299888e-18],
       [0.0000000e+00, 1.0000000e+00, 0.0000000e+00],
       [3.4210774e-19, 1.0000000e+00, 4.0898886e-19]], dtype=float32), array([[9.2606722e-15, 1.0000000e+00, 6.6960157e-14],
       [0.0000000e+00, 1.0000000e+00, 0.0000000e+00],
       [6.9330504e-27, 1.0000000e+00, 2.7700101e-25]], dtype=float32), array([[2.8697391e-32, 1.0000000e+00, 1.4784473e-35],
       [0.0000000e+00, 1.0000000e+00, 0.0000000e+00],
       [2.3520616e-17, 1.0000000e+00, 4.3455499e-19]], dtype=float32), array([[2.1482553e-15, 1.0000000e+00, 4.5927147e-15],
       [0.0000000e+00, 1.0000000e+00, 0.0000000e+00],
       [1.6861559e-19, 1.0000000e+00, 4.4589993e-19]], dtype=float32), array([[8.9638828e-29, 1.0000000e+00, 4.5355015e-31],
       [0.0000000e+00, 1.0000000e+00, 0.0000000e+00],
       [1.3972986e-16, 1.0000000e+00, 7.0384757e-18]], dtype=float32), array([[2.1965923e-15, 1.0000000e+00, 4.6948889e-15],
       [0.0000000e+00, 1.0000000e+00, 0.0000000e+00],
       [1.7205211e-19, 1.0000000e+00, 4.5492530e-19]], dtype=float32), array([[7.1744607e-30, 1.0000000e+00, 2.9530061e-32],
       [0.0000000e+00, 1.0000000e+00, 0.0000000e+00],
       [1.1170316e-17, 1.0000000e+00, 4.5762485e-19]], dtype=float32), array([[2.0892384e-18, 1.0000000e+00, 2.4833329e-18],
       [0.0000000e+00, 1.0000000e+00, 0.0000000e+00],
       [3.7438838e-19, 1.0000000e+00, 4.4826887e-19]], dtype=float32), array([[2.0446987e-18, 1.0000000e+00, 2.4281860e-18],
       [0.0000000e+00, 1.0000000e+00, 0.0000000e+00],
       [3.6993065e-19, 1.0000000e+00, 4.4249236e-19]], dtype=float32), array([[6.4174213e-30, 1.0000000e+00, 2.6107950e-32],
       [0.0000000e+00, 1.0000000e+00, 0.0000000e+00],
       [1.0502031e-17, 1.0000000e+00, 4.2744755e-19]], dtype=float32), array([[6.9872600e-29, 1.0000000e+00, 3.4544050e-31],
       [0.0000000e+00, 1.0000000e+00, 0.0000000e+00],
       [1.1604047e-16, 1.0000000e+00, 5.7479242e-18]], dtype=float32), array([[2.5044254e-32, 1.0000000e+00, 1.2567251e-35],
       [0.0000000e+00, 1.0000000e+00, 0.0000000e+00],
       [2.2491181e-17, 1.0000000e+00, 4.1096879e-19]], dtype=float32), array([[2.4831163e-32, 1.0000000e+00, 1.2441704e-35],
       [0.0000000e+00, 1.0000000e+00, 0.0000000e+00],
       [2.2392133e-17, 1.0000000e+00, 4.0883911e-19]], dtype=float32), array([[1.8722912e-15, 1.0000000e+00, 4.0064023e-15],
       [0.0000000e+00, 1.0000000e+00, 0.0000000e+00],
       [1.4702201e-19, 1.0000000e+00, 3.8891194e-19]], dtype=float32), array([[1.7873981e-15, 1.0000000e+00, 3.8253719e-15],
       [0.0000000e+00, 1.0000000e+00, 0.0000000e+00],
       [1.4077882e-19, 1.0000000e+00, 3.7234170e-19]], dtype=float32), array([[1.4901866e-18, 1.0000000e+00, 1.7509393e-18],
       [0.0000000e+00, 1.0000000e+00, 0.0000000e+00],
       [3.0175357e-19, 1.0000000e+00, 3.5678629e-19]], dtype=float32), array([[1.6919951e-32, 1.0000000e+00, 7.9573915e-36],
       [0.0000000e+00, 1.0000000e+00, 0.0000000e+00],
       [1.8984032e-17, 1.0000000e+00, 3.3653802e-19]], dtype=float32), array([[1.3675083e-26, 1.0000000e+00, 3.7792083e-28],
       [0.0000000e+00, 1.0000000e+00, 0.0000000e+00],
       [3.5128332e-17, 1.0000000e+00, 3.5821569e-18]], dtype=float32), array([[1.6071693e-14, 1.0000000e+00, 3.2608326e-14],
       [0.0000000e+00, 1.0000000e+00, 0.0000000e+00],
       [1.2910273e-18, 1.0000000e+00, 3.2316445e-18]], dtype=float32), array([[1.0827420e-18, 1.0000000e+00, 1.2592170e-18],
       [0.0000000e+00, 1.0000000e+00, 0.0000000e+00],
       [2.4419884e-19, 1.0000000e+00, 2.8554965e-19]], dtype=float32), array([[2.3813881e-11, 1.0000000e+00, 6.3586580e-11],
       [0.0000000e+00, 1.0000000e+00, 0.0000000e+00],
       [5.0599031e-19, 1.0000000e+00, 2.7462940e-18]], dtype=float32), array([[2.5462079e-29, 1.0000000e+00, 1.1355494e-31],
       [0.0000000e+00, 1.0000000e+00, 0.0000000e+00],
       [5.8232073e-17, 1.0000000e+00, 2.6947379e-18]], dtype=float32), array([[1.2332111e-15, 1.0000000e+00, 2.6416433e-15],
       [0.0000000e+00, 1.0000000e+00, 0.0000000e+00],
       [1.0096111e-19, 1.0000000e+00, 2.6648968e-19]], dtype=float32), array([[9.4843129e-27, 1.0000000e+00, 2.5670017e-28],
       [0.0000000e+00, 1.0000000e+00, 0.0000000e+00],
       [2.5928403e-17, 1.0000000e+00, 2.5980668e-18]], dtype=float32), array([[9.7989437e-33, 1.0000000e+00, 4.1927388e-36],
       [0.0000000e+00, 1.0000000e+00, 0.0000000e+00],
       [1.4948219e-17, 1.0000000e+00, 2.5342340e-19]], dtype=float32), array([[1.1204938e-15, 1.0000000e+00, 2.3999554e-15],
       [0.0000000e+00, 1.0000000e+00, 0.0000000e+00],
       [9.3170955e-20, 1.0000000e+00, 2.4566856e-19]], dtype=float32)]","[array([0.19535422, 0.19535422, 0.19535422], dtype=float32), array([0.21001725, 0.21001725, 0.21001725], dtype=float32), array([0.22508673, 0.22508673, 0.22508673], dtype=float32), array([0.24066328, 0.24066328, 0.24066328], dtype=float32), array([0.25500768, 0.25500768, 0.25500768], dtype=float32), array([0.26982877, 0.26982877, 0.26982877], dtype=float32), array([0.28354526, 0.28354526, 0.28354526], dtype=float32), array([0.29677346, 0.29677346, 0.29677346], dtype=float32), array([0.30842873, 0.30842873, 0.30842873], dtype=float32), array([0.32163194, 0.32163194, 0.32163194], dtype=float32), array([0.3344607, 0.3344607, 0.3344607], dtype=float32), array([0.3460733, 0.3460733, 0.3460733], dtype=float32), array([0.35551628, 0.35551628, 0.35551628], dtype=float32), array([0.36542493, 0.36542493, 0.36542493], dtype=float32), array([0.3766993, 0.3766993, 0.3766993], dtype=float32), array([0.3847753, 0.3847753, 0.3847753], dtype=float32), array([0.39246115, 0.39246115, 0.39246115], dtype=float32), array([0.3977279, 0.3977279, 0.3977279], dtype=float32), array([0.40587467, 0.40587467, 0.40587467], dtype=float32), array([0.41329563, 0.41329563, 0.41329563], dtype=float32), array([0.41954863, 0.41954863, 0.41954863], dtype=float32), array([0.4269162, 0.4269162, 0.4269162], dtype=float32), array([0.43381363, 0.43381363, 0.43381363], dtype=float32), array([0.4387411, 0.4387411, 0.4387411], dtype=float32), array([0.44449607, 0.44449607, 0.44449607], dtype=float32), array([0.45151943, 0.45151943, 0.45151943], dtype=float32), array([0.45847934, 0.45847934, 0.45847934], dtype=float32), array([0.46440274, 0.46440274, 0.46440274], dtype=float32), array([0.46992105, 0.46992105, 0.46992105], dtype=float32), array([0.47640568, 0.47640568, 0.47640568], dtype=float32), array([0.4816929, 0.4816929, 0.4816929], dtype=float32)]","[array([0.19535422, 0.19535422, 0.19535422], dtype=float32), array([0.21001728, 0.21001728, 0.21001728], dtype=float32), array([0.2250868, 0.2250868, 0.2250868], dtype=float32), array([0.24066325, 0.24066325, 0.24066325], dtype=float32), array([0.25500765, 0.25500765, 0.25500765], dtype=float32), array([0.26982877, 0.26982877, 0.26982877], dtype=float32), array([0.2835453, 0.2835453, 0.2835453], dtype=float32), array([0.29677346, 0.29677346, 0.29677346], dtype=float32), array([0.30842873, 0.30842873, 0.30842873], dtype=float32), array([0.32163194, 0.32163194, 0.32163194], dtype=float32), array([0.3344606, 0.3344606, 0.3344606], dtype=float32), array([0.34607327, 0.34607327, 0.34607327], dtype=float32), array([0.35551625, 0.35551625, 0.35551625], dtype=float32), array([0.36542487, 0.36542487, 0.36542487], dtype=float32), array([0.37669924, 0.37669924, 0.37669924], dtype=float32), array([0.38477537, 0.38477537, 0.38477537], dtype=float32), array([0.39246115, 0.39246115, 0.39246115], dtype=float32), array([0.3977279, 0.3977279, 0.3977279], dtype=float32), array([0.40587452, 0.40587452, 0.40587452], dtype=float32), array([0.41329557, 0.41329557, 0.41329557], dtype=float32), array([0.41954872, 0.41954872, 0.41954872], dtype=float32), array([0.42691633, 0.42691633, 0.42691633], dtype=float32), array([0.43381363, 0.43381363, 0.43381363], dtype=float32), array([0.43874103, 0.43874103, 0.43874103], dtype=float32), array([0.44449595, 0.44449595, 0.44449595], dtype=float32), array([0.45151937, 0.45151937, 0.45151937], dtype=float32), array([0.45847934, 0.45847934, 0.45847934], dtype=float32), array([0.46440288, 0.46440288, 0.46440288], dtype=float32), array([0.46992093, 0.46992093, 0.46992093], dtype=float32), array([0.47640568, 0.47640568, 0.47640568], dtype=float32), array([0.48169297, 0.48169297, 0.48169297], dtype=float32)]",1,0,0,0,0,0,56.261538461538464,59.89692307692308,0.00016111436827326734,70000,9.28,0.00037322196366647515,70000,9.28,2000,2000,0.36007311040413564,0.0,81158,999.0,0.002807194134220481,0.15812504291534424,-0.01142836268991232,1.0,35.0,0.0013802934991,1083915,0.3375602662563324,-0.014059662818908691,0.4722185432910919,3.9174315134005155e-06,13788.8076171875,30969,343.12774449298564,0.0,0.0,23810,999.0,30969,0.0393447157605,1083915,1.0,35.0,0.0013802934991,343.1273892709047,0,93000,3255000,61938,104968,2167830,1030.415206488338,6143062.7047024015,6453407.969586768,2.0,70100,2,1.0067001111073661,9.3,10.5,0.00016448593996462295,6.419664095237609e-05,1750,2,0.0023619450800470075,50,0.18535551347942397,35.0,0.0002937507268857411,-10.5,100,1.0067001111073661,0.00024704634586487033,0.0005582109139910403,3500,100,3500,9.3,9.3,100,4.398697347559028e-05,7.42578599196811e-06,6.75979703146886e-06,2.044942547686859e-05,3.3334411341767624e-05,4.9573438893638786e-05,2.877448249889777e-05,0.00015892290954529304,2.9217943127947503e-05,1.684176114625644e-05,2.1961825893186657e-05,0.05630523034077995,0.006710138337778914,0.06308688431655236,0.18303901168101427,0.03037353662547471,0.01950440358930086,0.00017784024620814208,1085.0,0.010943353176116943,0.4722185730934143,0.32006994,498.0,96.36542510986328,108066,0.14749911427497864,1.0,0.0025097252801060677,3782310,-0.029335567727684975,1051.0,1085.0,3782310,0.0,108066,498.0,1051.0,7564620,651000,22785000,216132,9966.423181475828,6.744410782078572e-05,2.8640212034332333e-05,5.0766462154659406e-05,1.0428595397272638e-05,9.745916282179148e-06,7.426697630886375e-05,2.49258533597546e-05,4.492829677872532e-05,3.244700986335509e-05,4.4043169534692435e-05,0.00022765157725589783
1,72000,False,36,d23ef_00000,2025-08-17_21-25-38,1755465938,90.7084755897522,3379.1946244239807,685888,intrinsic-attention2,10.156.0.3,3379.1946244239807,36,92.20547143463214,1.4722753295360125e-05,92.20519586111786,2.799539082759305,89.03341631656774,0.002033994039970748,0.00027717900229617953,0.001566340900026262,1000,2.0,10.5,2.7663888618562997,2000,72000,2,-10.5,35.0,1.0067001111073661,0.00010597712873177369,4.7189838592627046e-05,1.0067001111073661,9.38,36000,2,353.3436058505263,2000.0,3000.0,"[array([[2.4904422e-30, 1.0000000e+00, 9.1038438e-33],
       [0.0000000e+00, 1.0000000e+00, 0.0000000e+00],
       [6.2337460e-18, 1.0000000e+00, 2.3898463e-19]], dtype=float32), array([[9.1033714e-15, 1.0000000e+00, 1.8587923e-14],
       [0.0000000e+00, 1.0000000e+00, 0.0000000e+00],
       [7.6503091e-19, 1.0000000e+00, 1.9217548e-18]], dtype=float32), array([[2.3028081e-30, 1.0000000e+00, 8.3376654e-33],
       [0.0000000e+00, 1.0000000e+00, 0.0000000e+00],
       [5.9866849e-18, 1.0000000e+00, 2.2833406e-19]], dtype=float32), array([[1.6056368e-11, 1.0000000e+00, 4.3608204e-11],
       [0.0000000e+00, 1.0000000e+00, 0.0000000e+00],
       [3.1479196e-19, 1.0000000e+00, 1.7449449e-18]], dtype=float32), array([[2.2321795e-30, 1.0000000e+00, 8.0481014e-33],
       [0.0000000e+00, 1.0000000e+00, 0.0000000e+00],
       [5.8891281e-18, 1.0000000e+00, 2.2409628e-19]], dtype=float32), array([[1.5490024e-29, 1.0000000e+00, 6.5538800e-32],
       [0.0000000e+00, 1.0000000e+00, 0.0000000e+00],
       [4.0385449e-17, 1.0000000e+00, 1.8013452e-18]], dtype=float32), array([[1.0253441e-15, 1.0000000e+00, 2.1948333e-15],
       [0.0000000e+00, 1.0000000e+00, 0.0000000e+00],
       [8.7365227e-20, 1.0000000e+00, 2.2993713e-19]], dtype=float32), array([[7.6139452e-19, 1.0000000e+00, 8.7123987e-19],
       [0.0000000e+00, 1.0000000e+00, 0.0000000e+00],
       [2.0323100e-19, 1.0000000e+00, 2.3354563e-19]], dtype=float32), array([[1.7845845e-11, 1.0000000e+00, 4.8244200e-11],
       [0.0000000e+00, 1.0000000e+00, 0.0000000e+00],
       [3.6232054e-19, 1.0000000e+00, 1.9957567e-18]], dtype=float32), array([[1.8581464e-11, 1.0000000e+00, 5.0146422e-11],
       [0.0000000e+00, 1.0000000e+00, 0.0000000e+00],
       [3.8205808e-19, 1.0000000e+00, 2.0996408e-18]], dtype=float32), array([[9.9048491e-33, 1.0000000e+00, 4.2061310e-36],
       [0.0000000e+00, 1.0000000e+00, 0.0000000e+00],
       [1.5202339e-17, 1.0000000e+00, 2.5701099e-19]], dtype=float32), array([[1.2134761e-15, 1.0000000e+00, 2.5946241e-15],
       [0.0000000e+00, 1.0000000e+00, 0.0000000e+00],
       [1.0300935e-19, 1.0000000e+00, 2.7102001e-19]], dtype=float32), array([[9.9779236e-01, 2.2177905e-37, 2.2075903e-03],
       [0.0000000e+00, 1.0000000e+00, 0.0000000e+00],
       [9.7757566e-01, 2.2821402e-23, 2.2424387e-02]], dtype=float32), array([[2.2257645e-11, 1.0000000e+00, 5.9616034e-11],
       [0.0000000e+00, 1.0000000e+00, 0.0000000e+00],
       [4.8460361e-19, 1.0000000e+00, 2.6365451e-18]], dtype=float32), array([[1.3107698e-15, 1.0000000e+00, 2.8008809e-15],
       [0.0000000e+00, 1.0000000e+00, 0.0000000e+00],
       [1.1109197e-19, 1.0000000e+00, 2.9219638e-19]], dtype=float32), array([[3.5277161e-30, 1.0000000e+00, 1.3338401e-32],
       [0.0000000e+00, 1.0000000e+00, 0.0000000e+00],
       [7.6120907e-18, 1.0000000e+00, 2.9754488e-19]], dtype=float32), array([[2.3454298e-11, 1.0000000e+00, 6.2645437e-11],
       [0.0000000e+00, 1.0000000e+00, 0.0000000e+00],
       [5.2404544e-19, 1.0000000e+00, 2.8387937e-18]], dtype=float32), array([[1.16030146e-26, 1.00000000e+00, 3.16913482e-28],
       [0.00000000e+00, 1.00000000e+00, 0.00000000e+00],
       [2.98853341e-17, 1.00000000e+00, 3.01441945e-18]], dtype=float32), array([[1.5631692e-32, 1.0000000e+00, 7.1434162e-36],
       [0.0000000e+00, 1.0000000e+00, 0.0000000e+00],
       [1.8813174e-17, 1.0000000e+00, 3.2963494e-19]], dtype=float32), array([[1.2912683e-26, 1.0000000e+00, 3.5426887e-28],
       [0.0000000e+00, 1.0000000e+00, 0.0000000e+00],
       [3.2549306e-17, 1.0000000e+00, 3.2959363e-18]], dtype=float32), array([[1.7916218e-32, 1.0000000e+00, 8.3622110e-36],
       [0.0000000e+00, 1.0000000e+00, 0.0000000e+00],
       [2.0080220e-17, 1.0000000e+00, 3.5552006e-19]], dtype=float32), array([[4.8414636e-30, 1.0000000e+00, 1.8906125e-32],
       [0.0000000e+00, 1.0000000e+00, 0.0000000e+00],
       [9.2019906e-18, 1.0000000e+00, 3.6667257e-19]], dtype=float32), array([[1.7319505e-14, 1.0000000e+00, 3.5057972e-14],
       [0.0000000e+00, 1.0000000e+00, 0.0000000e+00],
       [1.4635060e-18, 1.0000000e+00, 3.6499812e-18]], dtype=float32), array([[4.3734499e-29, 1.0000000e+00, 2.0502775e-31],
       [0.0000000e+00, 1.0000000e+00, 0.0000000e+00],
       [8.0217461e-17, 1.0000000e+00, 3.8229447e-18]], dtype=float32), array([[2.9077653e-11, 1.0000000e+00, 7.6816303e-11],
       [0.0000000e+00, 1.0000000e+00, 0.0000000e+00],
       [7.4262849e-19, 1.0000000e+00, 3.9508785e-18]], dtype=float32), array([[2.0266316e-15, 1.0000000e+00, 4.3132383e-15],
       [0.0000000e+00, 1.0000000e+00, 0.0000000e+00],
       [1.7072881e-19, 1.0000000e+00, 4.4802098e-19]], dtype=float32), array([[2.1299979e-18, 1.0000000e+00, 2.5127015e-18],
       [0.0000000e+00, 1.0000000e+00, 0.0000000e+00],
       [4.1233814e-19, 1.0000000e+00, 4.8967857e-19]], dtype=float32), array([[2.5777701e-14, 1.0000000e+00, 5.1952644e-14],
       [0.0000000e+00, 1.0000000e+00, 0.0000000e+00],
       [2.1598629e-18, 1.0000000e+00, 5.3715910e-18]], dtype=float32), array([[4.3894381e-32, 1.0000000e+00, 2.3627325e-35],
       [0.0000000e+00, 1.0000000e+00, 0.0000000e+00],
       [3.0889445e-17, 1.0000000e+00, 5.8700376e-19]], dtype=float32), array([[3.0836921e-18, 1.0000000e+00, 3.6750175e-18],
       [0.0000000e+00, 1.0000000e+00, 0.0000000e+00],
       [5.3450566e-19, 1.0000000e+00, 6.4187551e-19]], dtype=float32), array([[3.2142160e-15, 1.0000000e+00, 6.8148862e-15],
       [0.0000000e+00, 1.0000000e+00, 0.0000000e+00],
       [2.6633215e-19, 1.0000000e+00, 6.9779457e-19]], dtype=float32)]","[array([0.48759833, 0.48759833, 0.48759833], dtype=float32), array([0.49242157, 0.49242157, 0.49242157], dtype=float32), array([0.49655432, 0.49655432, 0.49655432], dtype=float32), array([0.5004363, 0.5004363, 0.5004363], dtype=float32), array([0.50499827, 0.50499827, 0.50499827], dtype=float32), array([0.5094976, 0.5094976, 0.5094976], dtype=float32), array([0.5132489, 0.5132489, 0.5132489], dtype=float32), array([0.5170984, 0.5170984, 0.5170984], dtype=float32), array([0.5208951, 0.5208951, 0.5208951], dtype=float32), array([0.52450854, 0.52450854, 0.52450854], dtype=float32), array([0.5286942, 0.5286942, 0.5286942], dtype=float32), array([0.53225887, 0.53225887, 0.53225887], dtype=float32), array([0.534834, 0.534834, 0.534834], dtype=float32), array([0.53640497, 0.53640497, 0.53640497], dtype=float32), array([0.53742844, 0.53742844, 0.53742844], dtype=float32), array([0.53881496, 0.53881496, 0.53881496], dtype=float32), array([0.540388, 0.540388, 0.540388], dtype=float32), array([0.5421644, 0.5421644, 0.5421644], dtype=float32), array([0.5437609, 0.5437609, 0.5437609], dtype=float32), array([0.5450927, 0.5450927, 0.5450927], dtype=float32), array([0.546297, 0.546297, 0.546297], dtype=float32), array([0.5474929, 0.5474929, 0.5474929], dtype=float32), array([0.5488323, 0.5488323, 0.5488323], dtype=float32), array([0.55039304, 0.55039304, 0.55039304], dtype=float32), array([0.551407, 0.551407, 0.551407], dtype=float32), array([0.55316585, 0.55316585, 0.55316585], dtype=float32), array([0.5551167, 0.5551167, 0.5551167], dtype=float32), array([0.5566401, 0.5566401, 0.5566401], dtype=float32), array([0.55876154, 0.55876154, 0.55876154], dtype=float32), array([0.5597582, 0.5597582, 0.5597582], dtype=float32), array([0.5605179, 0.5605179, 0.5605179], dtype=float32)]","[array([0.48759818, 0.48759818, 0.48759818], dtype=float32), array([0.49242142, 0.49242142, 0.49242142], dtype=float32), array([0.4965542, 0.4965542, 0.4965542], dtype=float32), array([0.50043637, 0.50043637, 0.50043637], dtype=float32), array([0.50499827, 0.50499827, 0.50499827], dtype=float32), array([0.50949746, 0.50949746, 0.50949746], dtype=float32), array([0.513249, 0.513249, 0.513249], dtype=float32), array([0.5170984, 0.5170984, 0.5170984], dtype=float32), array([0.52089524, 0.52089524, 0.52089524], dtype=float32), array([0.52450854, 0.52450854, 0.52450854], dtype=float32), array([0.5286942, 0.5286942, 0.5286942], dtype=float32), array([0.53225875, 0.53225875, 0.53225875], dtype=float32), array([0.53483415, 0.53483415, 0.53483415], dtype=float32), array([0.5364049, 0.5364049, 0.5364049], dtype=float32), array([0.5374284, 0.5374284, 0.5374284], dtype=float32), array([0.53881496, 0.53881496, 0.53881496], dtype=float32), array([0.54038805, 0.54038805, 0.54038805], dtype=float32), array([0.5421644, 0.5421644, 0.5421644], dtype=float32), array([0.54376096, 0.54376096, 0.54376096], dtype=float32), array([0.5450927, 0.5450927, 0.5450927], dtype=float32), array([0.546297, 0.546297, 0.546297], dtype=float32), array([0.5474929, 0.5474929, 0.5474929], dtype=float32), array([0.54883224, 0.54883224, 0.54883224], dtype=float32), array([0.550393, 0.550393, 0.550393], dtype=float32), array([0.5514071, 0.5514071, 0.5514071], dtype=float32), array([0.5531658, 0.5531658, 0.5531658], dtype=float32), array([0.5551167, 0.5551167, 0.5551167], dtype=float32), array([0.5566401, 0.5566401, 0.5566401], dtype=float32), array([0.55876154, 0.55876154, 0.55876154], dtype=float32), array([0.5597582, 0.5597582, 0.5597582], dtype=float32), array([0.56051797, 0.56051797, 0.56051797], dtype=float32)]",1,0,0,0,0,0,55.79846153846153,59.71230769230768,0.00016470411336450176,72000,9.38,0.0003794061215794343,72000,9.38,2000,2000,0.3619868861601484,0.0,81158,999.0,0.0041338661685585976,0.10126403719186783,-0.01994519680738449,1.0,36.0,0.0013802934991,1114884,0.329121857881546,-0.2657444477081299,0.4722185432910919,1.9587157567002578e-06,12952.7177734375,30969,343.4572442246011,0.0,0.0,23810,999.0,30969,0.0393447157605,1114884,1.0,36.0,0.0013802934991,343.45690155876616,0,93000,3348000,61938,104968,2229768,1031.4046197012556,6162145.454776626,6477268.693016201,2.0,72100,2,1.0067001111073661,9.7,10.5,0.0001572341147505642,6.373845529712061e-05,1800,2,0.0023924356495263056,50,0.1854039081546103,36.0,0.00029279141963319417,-10.5,100,1.0067001111073661,0.00024091060335748642,0.0005464064176004752,3600,100,3600,9.7,9.7,100,4.487127106082705e-05,7.780497423263415e-06,6.93877305942186e-06,2.0749775740864686e-05,3.4418571299337476e-05,4.984655892471164e-05,2.9696387737262238e-05,0.00015982677249625382,2.9999726378847308e-05,1.701974944732297e-05,2.2781279769843473e-05,0.0562969425974467,0.006712119234498188,0.06518554526347235,0.1828904985840775,0.03037379764921366,0.019471264593411912,0.00017774856380717657,1116.0,0.023416578769683838,0.4722185730934143,0.3254068,498.0,97.04971313476562,108066,0.10050054639577866,1.0,0.003812529146671295,3890376,-0.024272430688142776,1081.0,1116.0,3890376,0.0,108066,498.0,1081.0,7780752,651000,23436000,216132,9947.82984300661,6.436523576986305e-05,2.877299730055306e-05,4.954316612749909e-05,1.0502068448133802e-05,9.615977039183598e-06,7.266938892870504e-05,2.49444380541518e-05,4.387433727293052e-05,3.2545001002683153e-05,4.322421431193874e-05,0.00022215566278436814
1,74000,False,37,d23ef_00000,2025-08-17_21-27-11,1755466031,92.79061222076416,3471.985236644745,685888,intrinsic-attention2,10.156.0.3,3471.985236644745,37,92.20983931005591,1.4715315680145633e-05,92.20956245806661,2.798747088451765,89.038977618262,0.002032692969657701,0.00027717900229617953,0.0016053102786827366,1000,2.0,10.5,2.765612331317721,2000,74000,2,9.5,36.0,1.0067001111073661,0.00010739766764286469,4.7592726990136535e-05,1.0067001111073661,9.97,37000,2,342.4831343989566,2000.0,3000.0,"[array([[1.3774591e-29, 1.0000000e+00, 5.9959898e-32],
       [0.0000000e+00, 1.0000000e+00, 0.0000000e+00],
       [1.7201226e-17, 1.0000000e+00, 7.3114019e-19]], dtype=float32), array([[4.6963673e-11, 1.0000000e+00, 1.2143753e-10],
       [0.0000000e+00, 1.0000000e+00, 0.0000000e+00],
       [1.4941313e-18, 1.0000000e+00, 7.6998802e-18]], dtype=float32), array([[4.0077873e-18, 1.0000000e+00, 4.8152466e-18],
       [0.0000000e+00, 1.0000000e+00, 0.0000000e+00],
       [6.3646022e-19, 1.0000000e+00, 7.7116348e-19]], dtype=float32), array([[4.2427508e-18, 1.0000000e+00, 5.1102040e-18],
       [0.0000000e+00, 1.0000000e+00, 0.0000000e+00],
       [6.5651836e-19, 1.0000000e+00, 7.9763941e-19]], dtype=float32), array([[5.37589417e-26, 1.00000000e+00, 1.58603403e-27],
       [0.00000000e+00, 1.00000000e+00, 0.00000000e+00],
       [1.03883185e-16, 1.00000000e+00, 1.11868187e-17]], dtype=float32), array([[6.1745795e-14, 1.0000000e+00, 1.2302616e-13],
       [0.0000000e+00, 1.0000000e+00, 0.0000000e+00],
       [5.0224637e-18, 1.0000000e+00, 1.2387924e-17]], dtype=float32), array([[9.9116955e-32, 1.0000000e+00, 6.1068051e-35],
       [0.0000000e+00, 1.0000000e+00, 0.0000000e+00],
       [4.3267965e-17, 1.0000000e+00, 8.7448624e-19]], dtype=float32), array([[5.6714965e-18, 1.0000000e+00, 6.9105588e-18],
       [0.0000000e+00, 1.0000000e+00, 0.0000000e+00],
       [7.7617774e-19, 1.0000000e+00, 9.5515569e-19]], dtype=float32), array([[4.1194163e-28, 1.0000000e+00, 2.4156618e-30],
       [0.0000000e+00, 1.0000000e+00, 0.0000000e+00],
       [3.7035907e-16, 1.0000000e+00, 2.0465335e-17]], dtype=float32), array([[7.1170430e-18, 1.0000000e+00, 8.7425662e-18],
       [0.0000000e+00, 1.0000000e+00, 0.0000000e+00],
       [8.9203002e-19, 1.0000000e+00, 1.1076915e-18]], dtype=float32), array([[8.1069242e-18, 1.0000000e+00, 1.0006859e-17],
       [0.0000000e+00, 1.0000000e+00, 0.0000000e+00],
       [9.6414290e-19, 1.0000000e+00, 1.2037370e-18]], dtype=float32), array([[2.2565187e-31, 1.0000000e+00, 1.5980044e-34],
       [0.0000000e+00, 1.0000000e+00, 0.0000000e+00],
       [6.0266718e-17, 1.0000000e+00, 1.2971486e-18]], dtype=float32), array([[2.2875847e-13, 1.0000000e+00, 4.4722919e-13],
       [0.0000000e+00, 1.0000000e+00, 0.0000000e+00],
       [1.7673812e-17, 1.0000000e+00, 4.2973197e-17]], dtype=float32), array([[1.1443023e-17, 1.0000000e+00, 1.4311161e-17],
       [0.0000000e+00, 1.0000000e+00, 0.0000000e+00],
       [1.1797658e-18, 1.0000000e+00, 1.4948210e-18]], dtype=float32), array([[3.3022497e-13, 1.0000000e+00, 6.4205748e-13],
       [0.0000000e+00, 1.0000000e+00, 0.0000000e+00],
       [2.5137382e-17, 1.0000000e+00, 6.0865114e-17]], dtype=float32), array([[3.3111730e-10, 1.0000000e+00, 7.8974538e-10],
       [0.0000000e+00, 1.0000000e+00, 0.0000000e+00],
       [1.5718935e-17, 1.0000000e+00, 7.3377022e-17]], dtype=float32), array([[9.5668187e-15, 1.0000000e+00, 2.0265631e-14],
       [0.0000000e+00, 1.0000000e+00, 0.0000000e+00],
       [7.1658579e-19, 1.0000000e+00, 1.8931736e-18]], dtype=float32), array([[4.3444096e-10, 1.0000000e+00, 1.0245906e-09],
       [0.0000000e+00, 1.0000000e+00, 0.0000000e+00],
       [2.1989458e-17, 1.0000000e+00, 1.0120690e-16]], dtype=float32), array([[6.8243517e-31, 1.0000000e+00, 5.8258901e-34],
       [0.0000000e+00, 1.0000000e+00, 0.0000000e+00],
       [9.4393874e-17, 1.0000000e+00, 2.2118669e-18]], dtype=float32), array([[2.3188847e-17, 1.0000000e+00, 2.9703030e-17],
       [0.0000000e+00, 1.0000000e+00, 0.0000000e+00],
       [1.8282123e-18, 1.0000000e+00, 2.3805667e-18]], dtype=float32), array([[3.2177768e-28, 1.0000000e+00, 4.1505355e-29],
       [0.0000000e+00, 1.0000000e+00, 0.0000000e+00],
       [4.1183897e-23, 1.0000000e+00, 7.7715050e-24]], dtype=float32), array([[3.8853203e-28, 1.0000000e+00, 5.0800687e-29],
       [0.0000000e+00, 1.0000000e+00, 0.0000000e+00],
       [4.6893032e-23, 1.0000000e+00, 8.9403768e-24]], dtype=float32), array([[3.1616540e-17, 1.0000000e+00, 4.0866332e-17],
       [0.0000000e+00, 1.0000000e+00, 0.0000000e+00],
       [2.2452081e-18, 1.0000000e+00, 2.9543905e-18]], dtype=float32), array([[9.0439205e-27, 1.0000000e+00, 7.2043310e-29],
       [0.0000000e+00, 1.0000000e+00, 0.0000000e+00],
       [3.2795117e-15, 1.0000000e+00, 2.2314122e-16]], dtype=float32), array([[1.8415289e-14, 1.0000000e+00, 3.8896485e-14],
       [0.0000000e+00, 1.0000000e+00, 0.0000000e+00],
       [1.3105428e-18, 1.0000000e+00, 3.4693506e-18]], dtype=float32), array([[1.8469311e-30, 1.0000000e+00, 1.8481616e-33],
       [0.0000000e+00, 1.0000000e+00, 0.0000000e+00],
       [1.4727202e-16, 1.0000000e+00, 3.7230498e-18]], dtype=float32), array([[2.3890745e-24, 1.0000000e+00, 8.7459992e-26],
       [0.0000000e+00, 1.0000000e+00, 0.0000000e+00],
       [2.4576936e-15, 1.0000000e+00, 3.1778707e-16]], dtype=float32), array([[6.6903895e-01, 1.2049921e-16, 3.3096102e-01],
       [0.0000000e+00, 1.0000000e+00, 0.0000000e+00],
       [6.3665658e-01, 1.8086518e-13, 3.6334345e-01]], dtype=float32), array([[2.1717168e-12, 1.0000000e+00, 4.1140004e-12],
       [0.0000000e+00, 1.0000000e+00, 0.0000000e+00],
       [1.5166665e-16, 1.0000000e+00, 3.6075988e-16]], dtype=float32), array([[2.6984453e-30, 1.0000000e+00, 2.8645861e-33],
       [0.0000000e+00, 1.0000000e+00, 0.0000000e+00],
       [1.7585252e-16, 1.0000000e+00, 4.5763556e-18]], dtype=float32), array([[6.1566835e-17, 1.0000000e+00, 8.1009616e-17],
       [0.0000000e+00, 1.0000000e+00, 0.0000000e+00],
       [3.5383445e-18, 1.0000000e+00, 4.7545564e-18]], dtype=float32)]","[array([0.56084496, 0.56084496, 0.56084496], dtype=float32), array([0.56186, 0.56186, 0.56186], dtype=float32), array([0.5644855, 0.5644855, 0.5644855], dtype=float32), array([0.56779295, 0.56779295, 0.56779295], dtype=float32), array([0.5709348, 0.5709348, 0.5709348], dtype=float32), array([0.57365525, 0.57365525, 0.57365525], dtype=float32), array([0.57660866, 0.57660866, 0.57660866], dtype=float32), array([0.5797205, 0.5797205, 0.5797205], dtype=float32), array([0.5829568, 0.5829568, 0.5829568], dtype=float32), array([0.5856019, 0.5856019, 0.5856019], dtype=float32), array([0.5886973, 0.5886973, 0.5886973], dtype=float32), array([0.59150505, 0.59150505, 0.59150505], dtype=float32), array([0.5946588, 0.5946588, 0.5946588], dtype=float32), array([0.5973987, 0.5973987, 0.5973987], dtype=float32), array([0.600401, 0.600401, 0.600401], dtype=float32), array([0.60281664, 0.60281664, 0.60281664], dtype=float32), array([0.6044207, 0.6044207, 0.6044207], dtype=float32), array([0.6056682, 0.6056682, 0.6056682], dtype=float32), array([0.6073619, 0.6073619, 0.6073619], dtype=float32), array([0.6088244, 0.6088244, 0.6088244], dtype=float32), array([0.61000097, 0.61000097, 0.61000097], dtype=float32), array([0.6116442, 0.6116442, 0.6116442], dtype=float32), array([0.6128225, 0.6128225, 0.6128225], dtype=float32), array([0.6141841, 0.6141841, 0.6141841], dtype=float32), array([0.6159192, 0.6159192, 0.6159192], dtype=float32), array([0.6174975, 0.6174975, 0.6174975], dtype=float32), array([0.61926323, 0.61926323, 0.61926323], dtype=float32), array([0.6202351, 0.6202351, 0.6202351], dtype=float32), array([0.6206936, 0.6206936, 0.6206936], dtype=float32), array([0.6212157, 0.6212157, 0.6212157], dtype=float32), array([0.6215696, 0.6215696, 0.6215696], dtype=float32)]","[array([0.5608451, 0.5608451, 0.5608451], dtype=float32), array([0.56185997, 0.56185997, 0.56185997], dtype=float32), array([0.56448543, 0.56448543, 0.56448543], dtype=float32), array([0.567793, 0.567793, 0.567793], dtype=float32), array([0.5709348, 0.5709348, 0.5709348], dtype=float32), array([0.57365537, 0.57365537, 0.57365537], dtype=float32), array([0.57660866, 0.57660866, 0.57660866], dtype=float32), array([0.5797205, 0.5797205, 0.5797205], dtype=float32), array([0.5829568, 0.5829568, 0.5829568], dtype=float32), array([0.58560205, 0.58560205, 0.58560205], dtype=float32), array([nan, nan, nan], dtype=float32), array([0.59150505, 0.59150505, 0.59150505], dtype=float32), array([0.59465873, 0.59465873, 0.59465873], dtype=float32), array([0.59739864, 0.59739864, 0.59739864], dtype=float32), array([0.60040104, 0.60040104, 0.60040104], dtype=float32), array([0.6028168, 0.6028168, 0.6028168], dtype=float32), array([0.6044207, 0.6044207, 0.6044207], dtype=float32), array([0.6056683, 0.6056683, 0.6056683], dtype=float32), array([0.607362, 0.607362, 0.607362], dtype=float32), array([0.6088243, 0.6088243, 0.6088243], dtype=float32), array([0.61000097, 0.61000097, 0.61000097], dtype=float32), array([0.6116442, 0.6116442, 0.6116442], dtype=float32), array([0.6128225, 0.6128225, 0.6128225], dtype=float32), array([0.6141841, 0.6141841, 0.6141841], dtype=float32), array([0.6159192, 0.6159192, 0.6159192], dtype=float32), array([0.6174977, 0.6174977, 0.6174977], dtype=float32), array([0.61926323, 0.61926323, 0.61926323], dtype=float32), array([0.62023497, 0.62023497, 0.62023497], dtype=float32), array([0.6206936, 0.6206936, 0.6206936], dtype=float32), array([0.6212156, 0.6212156, 0.6212156], dtype=float32), array([0.6215694, 0.6215694, 0.6215694], dtype=float32)]",1,0,0,0,0,0,56.734848484848484,59.7219696969697,0.00016380786708044106,74000,9.97,0.0003823762950826732,74000,9.97,2000,2000,0.3615974205985142,0.0,81158,999.0,0.002589267212897539,0.08351492881774902,-0.016889145597815514,1.0,37.0,0.0013802934991,1145853,0.33220240473747253,0.005864381790161133,0.4722185432910919,9.793578783501289e-07,12244.3369140625,30969,343.4720483367304,0.0,0.0,23810,999.0,30969,0.0393447157605,1145853,1.0,37.0,0.0013802934991,343.4717137205844,0,93000,3441000,61938,104968,2291706,1031.449012608988,6153647.262884062,6472667.132103579,2.0,74100,2,1.0067001111073661,9.7,10.5,0.00011412473134512952,5.047348843933759e-05,1850,2,0.0019684989300731105,50,0.1848558342231595,37.0,0.00029139457544783163,-9.5,100,1.0067001111073661,0.00018278032010056341,0.0004177877167456552,3700,100,3700,9.7,9.7,100,4.4743648690414266e-05,7.630004227857486e-06,6.92748860370937e-06,2.0842391311829516e-05,3.423764290605058e-05,5.043564340952094e-05,2.96361960992181e-05,0.00016402971167302674,2.96398979235768e-05,1.6732533966374055e-05,2.2673524776713784e-05,0.05629502309154245,0.006713880962175795,0.06504147726087971,0.18270090947825685,0.03035476292279372,0.01943251242752006,0.0001776685381257359,1147.0,-0.0070383548736572266,0.4722185730934143,0.32879913,498.0,98.08960723876953,108066,0.07952350378036499,1.0,0.0029028942808508873,3998442,-0.020763223990797997,1111.0,1147.0,3998442,0.0,108066,498.0,1111.0,7996884,651000,24087000,216132,9924.854170061646,4.859225867469492e-05,2.2239768896399494e-05,3.785551233313817e-05,8.488512078400363e-06,7.436830331566675e-06,5.486874828323958e-05,1.852945500605095e-05,3.2846490268374865e-05,2.5155280020245634e-05,3.2533636743055684e-05,0.00017380155989848872
1,76000,False,38,d23ef_00000,2025-08-17_21-28-43,1755466123,92.17401337623596,3564.159250020981,685888,intrinsic-attention2,10.156.0.3,3564.159250020981,38,92.20744343674536,1.4677502558467928e-05,92.20716615519588,2.798384513037173,89.0372107047993,0.0020334731301034467,0.00027717900229617953,0.0015787420902051963,1000,2.0,10.5,2.765272865314546,2000,76000,2,9.5,37.0,1.0067001111073661,0.00010303837422836582,4.6934385951756016e-05,1.0067001111073661,9.93,38000,2,331.8791865427327,2000.0,3000.0,"[array([[3.0834146e-30, 1.0000000e+00, 3.3412053e-33],
       [0.0000000e+00, 1.0000000e+00, 0.0000000e+00],
       [1.8769385e-16, 1.0000000e+00, 4.9353450e-18]], dtype=float32), array([[3.4561107e-28, 1.0000000e+00, 2.1546242e-30],
       [0.0000000e+00, 1.0000000e+00, 0.0000000e+00],
       [9.4785012e-17, 1.0000000e+00, 4.8981707e-18]], dtype=float32), array([[2.8479744e-30, 1.0000000e+00, 3.0394414e-33],
       [0.0000000e+00, 1.0000000e+00, 0.0000000e+00],
       [1.8433756e-16, 1.0000000e+00, 4.8196754e-18]], dtype=float32), array([[2.2911162e-14, 1.0000000e+00, 4.8220298e-14],
       [0.0000000e+00, 1.0000000e+00, 0.0000000e+00],
       [1.6412890e-18, 1.0000000e+00, 4.3308898e-18]], dtype=float32), array([[1.1288935e-24, 1.0000000e+00, 3.9686261e-26],
       [0.0000000e+00, 1.0000000e+00, 0.0000000e+00],
       [1.2356362e-15, 1.0000000e+00, 1.5371399e-16]], dtype=float32), array([[1.8636131e-14, 1.0000000e+00, 3.9180702e-14],
       [0.0000000e+00, 1.0000000e+00, 0.0000000e+00],
       [1.3939432e-18, 1.0000000e+00, 3.6639171e-18]], dtype=float32), array([[4.4079029e-10, 1.0000000e+00, 1.0418219e-09],
       [0.0000000e+00, 1.0000000e+00, 0.0000000e+00],
       [2.4508845e-17, 1.0000000e+00, 1.1286570e-16]], dtype=float32), array([[4.699884e-13, 1.000000e+00, 9.123684e-13],
       [0.000000e+00, 1.000000e+00, 0.000000e+00],
       [3.658193e-17, 1.000000e+00, 8.858626e-17]], dtype=float32), array([[5.1196688e-25, 1.0000000e+00, 1.7199769e-26],
       [0.0000000e+00, 1.0000000e+00, 0.0000000e+00],
       [5.8540358e-16, 1.0000000e+00, 6.9710355e-17]], dtype=float32), array([[1.4011225e-28, 1.0000000e+00, 7.7305262e-31],
       [0.0000000e+00, 1.0000000e+00, 0.0000000e+00],
       [6.5180767e-17, 1.0000000e+00, 3.1755892e-18]], dtype=float32), array([[2.2992246e-17, 1.0000000e+00, 2.8689181e-17],
       [0.0000000e+00, 1.0000000e+00, 0.0000000e+00],
       [2.3835472e-18, 1.0000000e+00, 3.0133387e-18]], dtype=float32), array([[1.9772601e-17, 1.0000000e+00, 2.4522127e-17],
       [0.0000000e+00, 1.0000000e+00, 0.0000000e+00],
       [2.1927545e-18, 1.0000000e+00, 2.7531540e-18]], dtype=float32), array([[1.4086869e-17, 1.0000000e+00, 1.7267627e-17],
       [0.0000000e+00, 1.0000000e+00, 0.0000000e+00],
       [1.7788248e-18, 1.0000000e+00, 2.2042694e-18]], dtype=float32), array([[7.1598374e-14, 1.0000000e+00, 1.4224814e-13],
       [0.0000000e+00, 1.0000000e+00, 0.0000000e+00],
       [6.5181233e-18, 1.0000000e+00, 1.5992440e-17]], dtype=float32), array([[2.2427315e-28, 1.0000000e+00, 1.2250854e-30],
       [0.0000000e+00, 1.0000000e+00, 0.0000000e+00],
       [2.0076018e-16, 1.0000000e+00, 1.0426108e-17]], dtype=float32), array([[2.5248325e-29, 1.0000000e+00, 1.1410728e-31],
       [0.0000000e+00, 1.0000000e+00, 0.0000000e+00],
       [2.6467649e-17, 1.0000000e+00, 1.1572738e-18]], dtype=float32), array([[3.7749827e-15, 1.0000000e+00, 7.9036568e-15],
       [0.0000000e+00, 1.0000000e+00, 0.0000000e+00],
       [3.6934690e-19, 1.0000000e+00, 9.4964067e-19]], dtype=float32), array([[3.0187578e-18, 1.0000000e+00, 3.5096438e-18],
       [0.0000000e+00, 1.0000000e+00, 0.0000000e+00],
       [6.7500606e-19, 1.0000000e+00, 7.8917109e-19]], dtype=float32), array([[1.0357465e-14, 1.0000000e+00, 2.1044242e-14],
       [0.0000000e+00, 1.0000000e+00, 0.0000000e+00],
       [1.0553832e-18, 1.0000000e+00, 2.6252545e-18]], dtype=float32), array([[1.1632708e-11, 1.0000000e+00, 3.1741471e-11],
       [0.0000000e+00, 1.0000000e+00, 0.0000000e+00],
       [3.4759194e-19, 1.0000000e+00, 1.8924226e-18]], dtype=float32), array([[5.3293496e-15, 1.0000000e+00, 1.0911697e-14],
       [0.0000000e+00, 1.0000000e+00, 0.0000000e+00],
       [5.6325122e-19, 1.0000000e+00, 1.4080361e-18]], dtype=float32), array([[6.5884264e-12, 1.0000000e+00, 1.8400292e-11],
       [0.0000000e+00, 1.0000000e+00, 0.0000000e+00],
       [1.7460361e-19, 1.0000000e+00, 9.7802299e-19]], dtype=float32), array([[9.3672063e-19, 1.0000000e+00, 1.0427615e-18],
       [0.0000000e+00, 1.0000000e+00, 0.0000000e+00],
       [3.2793048e-19, 1.0000000e+00, 3.6604368e-19]], dtype=float32), array([[7.7576038e-19, 1.0000000e+00, 8.5734649e-19],
       [0.0000000e+00, 1.0000000e+00, 0.0000000e+00],
       [2.9221535e-19, 1.0000000e+00, 3.2370348e-19]], dtype=float32), array([[2.4634754e-30, 1.0000000e+00, 8.5329781e-33],
       [0.0000000e+00, 1.0000000e+00, 0.0000000e+00],
       [7.6758912e-18, 1.0000000e+00, 2.9032980e-19]], dtype=float32), array([[3.1713325e-30, 1.0000000e+00, 1.1186306e-32],
       [0.0000000e+00, 1.0000000e+00, 0.0000000e+00],
       [1.0285397e-17, 1.0000000e+00, 3.9796163e-19]], dtype=float32), array([[1.2535157e-15, 1.0000000e+00, 2.6096026e-15],
       [0.0000000e+00, 1.0000000e+00, 0.0000000e+00],
       [1.4310655e-19, 1.0000000e+00, 3.6170326e-19]], dtype=float32), array([[1.0376656e-27, 1.0000000e+00, 2.4301832e-29],
       [0.0000000e+00, 1.0000000e+00, 0.0000000e+00],
       [3.3798168e-18, 1.0000000e+00, 2.9734289e-19]], dtype=float32), array([[1.5296534e-30, 1.0000000e+00, 5.0023294e-33],
       [0.0000000e+00, 1.0000000e+00, 0.0000000e+00],
       [6.2251433e-18, 1.0000000e+00, 2.2901534e-19]], dtype=float32), array([[5.9049234e-13, 1.0000000e+00, 4.7756751e-12],
       [0.0000000e+00, 1.0000000e+00, 0.0000000e+00],
       [2.2601231e-28, 1.0000000e+00, 2.5495260e-26]], dtype=float32), array([[4.8907264e-16, 1.0000000e+00, 1.0274270e-15],
       [0.0000000e+00, 1.0000000e+00, 0.0000000e+00],
       [5.8860001e-20, 1.0000000e+00, 1.4952936e-19]], dtype=float32)]","[array([0.6214352, 0.6214352, 0.6214352], dtype=float32), array([0.61883384, 0.61883384, 0.61883384], dtype=float32), array([0.61825836, 0.61825836, 0.61825836], dtype=float32), array([0.62662184, 0.62662184, 0.62662184], dtype=float32), array([0.63801855, 0.63801855, 0.63801855], dtype=float32), array([0.652645, 0.652645, 0.652645], dtype=float32), array([0.66650957, 0.66650957, 0.66650957], dtype=float32), array([0.6864102, 0.6864102, 0.6864102], dtype=float32), array([0.71051556, 0.71051556, 0.71051556], dtype=float32), array([0.73233, 0.73233, 0.73233], dtype=float32), array([0.75133634, 0.75133634, 0.75133634], dtype=float32), array([0.7660195, 0.7660195, 0.7660195], dtype=float32), array([0.7778902, 0.7778902, 0.7778902], dtype=float32), array([0.78863555, 0.78863555, 0.78863555], dtype=float32), array([0.80042064, 0.80042064, 0.80042064], dtype=float32), array([0.8109764, 0.8109764, 0.8109764], dtype=float32), array([0.8212241, 0.8212241, 0.8212241], dtype=float32), array([0.8310775, 0.8310775, 0.8310775], dtype=float32), array([0.8404475, 0.8404475, 0.8404475], dtype=float32), array([0.8483266, 0.8483266, 0.8483266], dtype=float32), array([0.8549815, 0.8549815, 0.8549815], dtype=float32), array([0.86174893, 0.86174893, 0.86174893], dtype=float32), array([0.86766624, 0.86766624, 0.86766624], dtype=float32), array([0.8717147, 0.8717147, 0.8717147], dtype=float32), array([0.875225, 0.875225, 0.875225], dtype=float32), array([0.87970614, 0.87970614, 0.87970614], dtype=float32), array([0.88322645, 0.88322645, 0.88322645], dtype=float32), array([0.885974, 0.885974, 0.885974], dtype=float32), array([0.887206, 0.887206, 0.887206], dtype=float32), array([0.8894689, 0.8894689, 0.8894689], dtype=float32), array([0.8914454, 0.8914454, 0.8914454], dtype=float32)]","[array([0.6214353, 0.6214353, 0.6214353], dtype=float32), array([nan, nan, nan], dtype=float32), array([nan, nan, nan], dtype=float32), array([nan, nan, nan], dtype=float32), array([nan, nan, nan], dtype=float32), array([0.65264493, 0.65264493, 0.65264493], dtype=float32), array([nan, nan, nan], dtype=float32), array([nan, nan, nan], dtype=float32), array([0.7105155, 0.7105155, 0.7105155], dtype=float32), array([0.7323299, 0.7323299, 0.7323299], dtype=float32), array([nan, nan, nan], dtype=float32), array([nan, nan, nan], dtype=float32), array([0.7778903, 0.7778903, 0.7778903], dtype=float32), array([nan, nan, nan], dtype=float32), array([nan, nan, nan], dtype=float32), array([nan, nan, nan], dtype=float32), array([0.821224, 0.821224, 0.821224], dtype=float32), array([nan, nan, nan], dtype=float32), array([nan, nan, nan], dtype=float32), array([nan, nan, nan], dtype=float32), array([0.8549816, 0.8549816, 0.8549816], dtype=float32), array([0.8617491, 0.8617491, 0.8617491], dtype=float32), array([nan, nan, nan], dtype=float32), array([nan, nan, nan], dtype=float32), array([nan, nan, nan], dtype=float32), array([0.8797061, 0.8797061, 0.8797061], dtype=float32), array([nan, nan, nan], dtype=float32), array([0.8859741, 0.8859741, 0.8859741], dtype=float32), array([nan, nan, nan], dtype=float32), array([nan, nan, nan], dtype=float32), array([0.8914455, 0.8914455, 0.8914455], dtype=float32)]",1,0,0,0,0,0,55.33106060606061,57.81136363636363,0.0001622784586305344,76000,9.93,0.0003744144997404341,76000,9.93,2000,2000,0.36134634357252843,0.0,81158,999.0,0.0005022019613534212,0.08626022934913635,-0.0003294185735285282,1.0,38.0,0.0013802934991,1176822,0.348758339881897,-1.0,0.4722185432910919,4.896789391750644e-07,11684.4609375,30969,343.5510045102881,0.0,0.0,23810,999.0,30969,0.0393447157605,1176822,1.0,38.0,0.0013802934991,343.55067448999813,0,93000,3534000,61938,104968,2353644,1031.6860649788787,6149392.062262776,6473701.5583635615,2.0,76100,2,1.0067001111073661,9.7,10.5,0.00014441922566393322,6.042533503557749e-05,1900,2,0.001935388760321075,50,0.1848534731910063,38.0,0.0002903771096462009,-9.5,100,1.0067001111073661,0.00022330741533685243,0.0005075592767616117,3800,100,3800,9.7,9.7,100,4.43844238668529e-05,7.632417174275945e-06,6.955983067400102e-06,2.0607923674596456e-05,3.329995891149946e-05,4.9052373589470094e-05,2.9045339758781568e-05,0.00015909373943099575,2.945145555362284e-05,1.657823096028189e-05,2.2151532192098135e-05,0.05629552289064909,0.006711408672455985,0.06490680166824393,0.18262996959342478,0.030335765303676033,0.019405593883248303,0.00017762254287264847,1178.0,-0.3488556146621704,0.4722185730934143,0.35000685,498.0,100.64010620117188,108066,0.07249032706022263,1.0,0.0004969934816472232,4106508,0.000820447166915983,1141.0,1178.0,4106508,0.0,108066,498.0,1141.0,8213016,651000,24738000,216132,9904.753033135341,5.9898775093793234e-05,2.6949084788155042e-05,4.601866542408367e-05,1.0005750762924092e-05,9.081459789206784e-06,6.802050325481822e-05,2.3428004623820654e-05,4.051707432336511e-05,3.0476313376435042e-05,4.0158012698867095e-05,0.0002074511317461083
1,78000,False,39,d23ef_00000,2025-08-17_21-30-16,1755466216,92.86040902137756,3657.0196590423584,685888,intrinsic-attention2,10.156.0.3,3657.0196590423584,39,92.21199324068793,1.4694897583876811e-05,92.21171434088384,2.800498423236863,89.03999517422137,0.002033925798792198,0.00027717900229617953,0.0017026755098777358,1000,2.0,10.5,2.7674043360013205,2000,78000,2,9.5,38.0,1.0067001111073661,0.00011142937503270616,4.95879814995337e-05,1.0067001111073661,10.05,39000,2,321.5334915083271,2000.0,3000.0,"[array([[7.0622845e-31, 1.0000000e+00, 2.1266693e-33],
       [0.0000000e+00, 1.0000000e+00, 0.0000000e+00],
       [3.7931653e-18, 1.0000000e+00, 1.3251004e-19]], dtype=float32), array([[3.0399013e-28, 1.0000000e+00, 6.6759653e-30],
       [0.0000000e+00, 1.0000000e+00, 0.0000000e+00],
       [1.2132614e-18, 1.0000000e+00, 1.0097767e-19]], dtype=float32), array([[1.1713710e-33, 1.0000000e+00, 3.1733424e-37],
       [0.0000000e+00, 1.0000000e+00, 0.0000000e+00],
       [7.7065216e-18, 1.0000000e+00, 1.0792776e-19]], dtype=float32), array([[3.4772773e-31, 1.0000000e+00, 9.7402417e-34],
       [0.0000000e+00, 1.0000000e+00, 0.0000000e+00],
       [2.2835074e-18, 1.0000000e+00, 7.5879035e-20]], dtype=float32), array([[1.9267805e-28, 1.0000000e+00, 4.1308993e-30],
       [0.0000000e+00, 1.0000000e+00, 0.0000000e+00],
       [8.3164103e-19, 1.0000000e+00, 6.7810793e-20]], dtype=float32), array([[1.0783598e-19, 1.0000000e+00, 1.1065591e-19],
       [0.0000000e+00, 1.0000000e+00, 0.0000000e+00],
       [8.4381593e-20, 1.0000000e+00, 8.6600731e-20]], dtype=float32), array([[2.5407137e-16, 1.0000000e+00, 5.3491036e-16],
       [0.0000000e+00, 1.0000000e+00, 0.0000000e+00],
       [3.2373665e-20, 1.0000000e+00, 8.2085501e-20]], dtype=float32), array([[9.2483284e-20, 1.0000000e+00, 9.4388332e-20],
       [0.0000000e+00, 1.0000000e+00, 0.0000000e+00],
       [7.6227181e-20, 1.0000000e+00, 7.7804492e-20]], dtype=float32), array([[8.995850e-20, 1.000000e+00, 9.176322e-20],
       [0.000000e+00, 1.000000e+00, 0.000000e+00],
       [7.452645e-20, 1.000000e+00, 7.602825e-20]], dtype=float32), array([[6.8071894e-13, 1.0000000e+00, 2.0958222e-12],
       [0.0000000e+00, 1.0000000e+00, 0.0000000e+00],
       [9.5104994e-21, 1.0000000e+00, 6.0517509e-20]], dtype=float32), array([[6.0296551e-34, 1.0000000e+00, 1.4603744e-37],
       [0.0000000e+00, 1.0000000e+00, 0.0000000e+00],
       [5.5152557e-18, 1.0000000e+00, 7.2955178e-20]], dtype=float32), array([[2.8720294e-31, 1.0000000e+00, 7.8454559e-34],
       [0.0000000e+00, 1.0000000e+00, 0.0000000e+00],
       [2.1146963e-18, 1.0000000e+00, 6.9453315e-20]], dtype=float32), array([[8.4313519e-13, 1.0000000e+00, 2.5737737e-12],
       [0.0000000e+00, 1.0000000e+00, 0.0000000e+00],
       [1.2183061e-20, 1.0000000e+00, 7.6761766e-20]], dtype=float32), array([[1.0343856e-19, 1.0000000e+00, 1.0618277e-19],
       [0.0000000e+00, 1.0000000e+00, 0.0000000e+00],
       [8.0697362e-20, 1.0000000e+00, 8.2850578e-20]], dtype=float32), array([[2.8309130e-16, 1.0000000e+00, 5.9596899e-16],
       [0.0000000e+00, 1.0000000e+00, 0.0000000e+00],
       [3.5960911e-20, 1.0000000e+00, 9.1230945e-20]], dtype=float32), array([[4.4299638e-31, 1.0000000e+00, 1.2644107e-33],
       [0.0000000e+00, 1.0000000e+00, 0.0000000e+00],
       [2.8797168e-18, 1.0000000e+00, 9.7484521e-20]], dtype=float32), array([[2.8167694e-16, 1.0000000e+00, 5.9372706e-16],
       [0.0000000e+00, 1.0000000e+00, 0.0000000e+00],
       [3.5656842e-20, 1.0000000e+00, 9.0603548e-20]], dtype=float32), array([[2.9210768e-16, 1.0000000e+00, 6.1572265e-16],
       [0.0000000e+00, 1.0000000e+00, 0.0000000e+00],
       [3.6867524e-20, 1.0000000e+00, 9.3705611e-20]], dtype=float32), array([[5.8537681e-31, 1.0000000e+00, 1.7187639e-33],
       [0.0000000e+00, 1.0000000e+00, 0.0000000e+00],
       [3.5076627e-18, 1.0000000e+00, 1.2106624e-19]], dtype=float32), array([[1.1599698e-33, 1.0000000e+00, 3.1337168e-37],
       [0.0000000e+00, 1.0000000e+00, 0.0000000e+00],
       [7.1602052e-18, 1.0000000e+00, 9.9392064e-20]], dtype=float32), array([[1.4523680e-12, 1.0000000e+00, 4.3370450e-12],
       [0.0000000e+00, 1.0000000e+00, 0.0000000e+00],
       [2.3126443e-20, 1.0000000e+00, 1.4197015e-19]], dtype=float32), array([[4.3076028e-28, 1.0000000e+00, 9.6767101e-30],
       [0.0000000e+00, 1.0000000e+00, 0.0000000e+00],
       [1.6935635e-18, 1.0000000e+00, 1.4396839e-19]], dtype=float32), array([[8.79233699e-17, 1.00000000e+00, 1.86511890e-16],
       [0.00000000e+00, 1.00000000e+00, 0.00000000e+00],
       [1.21019084e-20, 1.00000000e+00, 3.07609923e-20]], dtype=float32), array([[1.7870757e-17, 1.0000000e+00, 3.8143085e-17],
       [0.0000000e+00, 1.0000000e+00, 0.0000000e+00],
       [2.7750924e-21, 1.0000000e+00, 7.0377666e-21]], dtype=float32), array([[1.2784956e-33, 1.0000000e+00, 1.9183606e-36],
       [0.0000000e+00, 1.0000000e+00, 0.0000000e+00],
       [8.2637204e-20, 1.0000000e+00, 1.9010153e-21]], dtype=float32), array([[4.1767698e-31, 1.0000000e+00, 6.4207661e-33],
       [0.0000000e+00, 1.0000000e+00, 0.0000000e+00],
       [7.4369087e-21, 1.0000000e+00, 4.6770147e-22]], dtype=float32), array([[2.6941609e-19, 1.0000000e+00, 5.8025795e-19],
       [0.0000000e+00, 1.0000000e+00, 0.0000000e+00],
       [5.9639437e-23, 1.0000000e+00, 1.4938660e-22]], dtype=float32), array([[1.8828342e-15, 1.0000000e+00, 7.3717972e-15],
       [0.0000000e+00, 1.0000000e+00, 0.0000000e+00],
       [3.5207627e-24, 1.0000000e+00, 3.0956353e-23]], dtype=float32), array([[6.9589449e-25, 1.0000000e+00, 4.5887861e-25],
       [0.0000000e+00, 1.0000000e+00, 0.0000000e+00],
       [2.1709924e-23, 1.0000000e+00, 1.4689221e-23]], dtype=float32), array([[8.3881615e-34, 1.0000000e+00, 8.6838540e-36],
       [0.0000000e+00, 1.0000000e+00, 0.0000000e+00],
       [7.6265747e-23, 1.0000000e+00, 3.5893818e-24]], dtype=float32), array([[2.9183316e-27, 1.0000000e+00, 1.5109584e-27],
       [0.0000000e+00, 1.0000000e+00, 0.0000000e+00],
       [5.1752776e-25, 1.0000000e+00, 2.8332230e-25]], dtype=float32)]","[array([0.89292234, 0.89292234, 0.89292234], dtype=float32), array([0.90046966, 0.90046966, 0.90046966], dtype=float32), array([0.9110487, 0.9110487, 0.9110487], dtype=float32), array([0.92322356, 0.92322356, 0.92322356], dtype=float32), array([0.94381505, 0.94381505, 0.94381505], dtype=float32), array([0.9654475, 0.9654475, 0.9654475], dtype=float32), array([0.98627067, 0.98627067, 0.98627067], dtype=float32), array([1.0059414, 1.0059414, 1.0059414], dtype=float32), array([1.0334074, 1.0334074, 1.0334074], dtype=float32), array([1.0585992, 1.0585992, 1.0585992], dtype=float32), array([1.0813979, 1.0813979, 1.0813979], dtype=float32), array([1.1056311, 1.1056311, 1.1056311], dtype=float32), array([1.1326972, 1.1326972, 1.1326972], dtype=float32), array([1.1584952, 1.1584952, 1.1584952], dtype=float32), array([1.1817439, 1.1817439, 1.1817439], dtype=float32), array([1.2028933, 1.2028933, 1.2028933], dtype=float32), array([1.221997, 1.221997, 1.221997], dtype=float32), array([1.2389051, 1.2389051, 1.2389051], dtype=float32), array([1.2533065, 1.2533065, 1.2533065], dtype=float32), array([1.2660912, 1.2660912, 1.2660912], dtype=float32), array([1.2772038, 1.2772038, 1.2772038], dtype=float32), array([1.2859328, 1.2859328, 1.2859328], dtype=float32), array([1.3000238, 1.3000238, 1.3000238], dtype=float32), array([1.3036892, 1.3036892, 1.3036892], dtype=float32), array([1.3073676, 1.3073676, 1.3073676], dtype=float32), array([1.3119715, 1.3119715, 1.3119715], dtype=float32), array([1.3255652, 1.3255652, 1.3255652], dtype=float32), array([1.3383077, 1.3383077, 1.3383077], dtype=float32), array([1.3505974, 1.3505974, 1.3505974], dtype=float32), array([1.3650188, 1.3650188, 1.3650188], dtype=float32), array([1.3864306, 1.3864306, 1.3864306], dtype=float32)]","[array([0.8929224, 0.8929224, 0.8929224], dtype=float32), array([0.9004697, 0.9004697, 0.9004697], dtype=float32), array([0.9110485, 0.9110485, 0.9110485], dtype=float32), array([0.9232237, 0.9232237, 0.9232237], dtype=float32), array([0.94381475, 0.94381475, 0.94381475], dtype=float32), array([0.9654476, 0.9654476, 0.9654476], dtype=float32), array([0.9862706, 0.9862706, 0.9862706], dtype=float32), array([1.0059414, 1.0059414, 1.0059414], dtype=float32), array([nan, nan, nan], dtype=float32), array([1.058599, 1.058599, 1.058599], dtype=float32), array([1.0813979, 1.0813979, 1.0813979], dtype=float32), array([1.1056312, 1.1056312, 1.1056312], dtype=float32), array([1.1326973, 1.1326973, 1.1326973], dtype=float32), array([1.1584954, 1.1584954, 1.1584954], dtype=float32), array([nan, nan, nan], dtype=float32), array([1.2028933, 1.2028933, 1.2028933], dtype=float32), array([nan, nan, nan], dtype=float32), array([1.2389054, 1.2389054, 1.2389054], dtype=float32), array([nan, nan, nan], dtype=float32), array([nan, nan, nan], dtype=float32), array([1.2772037, 1.2772037, 1.2772037], dtype=float32), array([1.2859329, 1.2859329, 1.2859329], dtype=float32), array([1.3000236, 1.3000236, 1.3000236], dtype=float32), array([nan, nan, nan], dtype=float32), array([1.3073677, 1.3073677, 1.3073677], dtype=float32), array([1.3119715, 1.3119715, 1.3119715], dtype=float32), array([nan, nan, nan], dtype=float32), array([nan, nan, nan], dtype=float32), array([1.3505974, 1.3505974, 1.3505974], dtype=float32), array([nan, nan, nan], dtype=float32), array([nan, nan, nan], dtype=float32)]",1,0,0,0,0,0,54.91893939393939,56.54772727272727,0.00017361204007316721,78000,10.05,0.00039963546334020097,78000,10.05,2000,2000,0.36101037905687294,0.0,81158,999.0,0.0023933618795126677,0.0983969196677208,-0.012811093591153622,1.0,39.0,0.0013802934991,1207791,0.3362599015235901,-0.0736699104309082,0.4722185432910919,2.448394695875322e-07,10594.97265625,30969,343.607406847725,0.0,0.0,23810,999.0,30969,0.0393447157605,1207791,1.0,39.0,0.0013802934991,343.6070868951925,0,93000,3627000,61938,104968,2415582,1031.8553535696183,6157329.145030096,6485169.639883844,2.0,78100,2,1.0067001111073661,9.9,10.5,0.0001418331132066039,5.9736814664005945e-05,1950,2,0.0022452629802864974,50,0.18481378335902957,39.0,0.0002897422785563545,9.5,100,1.0067001111073661,0.00021881186678561612,0.0005038886407593562,3900,100,3900,9.9,9.9,100,4.843157723696405e-05,8.018877936542176e-06,7.2159993636465304e-06,2.1599495488920002e-05,3.560531326066332e-05,5.288398813167235e-05,3.122721284345326e-05,0.00016925327130350705,3.0998038978833694e-05,1.8169570408272927e-05,2.3400199426082425e-05,0.056300181451787154,0.0067123899457699945,0.06474892768159865,0.1825011542674332,0.03031800806062782,0.01936740182433371,0.0001774986674819792,1209.0,-0.7500990629196167,0.4722185730934143,0.34371433,498.0,105.70206451416016,108066,0.10951347649097443,1.0,0.002509639598429203,4214574,-0.0057435669004917145,1171.0,1209.0,4214574,0.0,108066,498.0,1171.0,8429148,651000,25389000,216132,9884.148707304037,5.8378383504661874e-05,2.667935701517373e-05,4.484480335600022e-05,9.77446159139143e-06,9.021083760774479e-06,6.64245989845e-05,2.2877135597564967e-05,4.00723079519007e-05,3.0214392170790185e-05,3.98236232547579e-05,0.00020718570392594992
1,80000,False,40,d23ef_00000,2025-08-17_21-31-47,1755466307,90.9230432510376,3747.942702293396,685888,intrinsic-attention2,10.156.0.3,3747.942702293396,40,92.19739229613096,1.468669864591493e-05,92.19711209046501,2.8031610372444553,89.02317141410914,0.0020337543107848926,0.00027717900229617953,0.0015754841695888898,1000,2.0,10.5,2.770102339611313,2000,80000,2,9.5,39.0,1.0067001111073661,0.00010353224544177275,4.716246875018991e-05,1.0067001111073661,9.9,40000,2,311.4464455477517,2000.0,3000.0,"[array([[2.2056528e-37, 1.0000000e+00, 1.4069681e-39],
       [0.0000000e+00, 1.0000000e+00, 0.0000000e+00],
       [1.2970747e-25, 1.0000000e+00, 4.1932537e-27]], dtype=float32), array([[1.0649868e-43, 1.0000000e+00, 0.0000000e+00],
       [0.0000000e+00, 1.0000000e+00, 0.0000000e+00],
       [4.6482621e-26, 1.0000000e+00, 2.1071243e-28]], dtype=float32), array([[1.4012985e-45, 1.0000000e+00, 0.0000000e+00],
       [0.0000000e+00, 1.0000000e+00, 0.0000000e+00],
       [3.6590119e-27, 1.0000000e+00, 1.2373868e-29]], dtype=float32), array([[3.4186656e-33, 1.0000000e+00, 8.7952802e-34],
       [0.0000000e+00, 1.0000000e+00, 0.0000000e+00],
       [5.3426242e-29, 1.0000000e+00, 1.6379960e-29]], dtype=float32), array([[7.5518347e-28, 1.0000000e+00, 1.5290666e-27],
       [0.0000000e+00, 1.0000000e+00, 0.0000000e+00],
       [1.1348616e-30, 1.0000000e+00, 2.4729098e-30]], dtype=float32), array([[1.0832571e-28, 1.0000000e+00, 2.1661391e-28],
       [0.0000000e+00, 1.0000000e+00, 0.0000000e+00],
       [1.9869696e-31, 1.0000000e+00, 4.2520066e-31]], dtype=float32), array([[0.0000000e+00, 1.0000000e+00, 0.0000000e+00],
       [0.0000000e+00, 1.0000000e+00, 0.0000000e+00],
       [4.4548454e-29, 1.0000000e+00, 8.3950210e-32]], dtype=float32), array([[0.0000000e+00, 1.0000000e+00, 0.0000000e+00],
       [0.0000000e+00, 1.0000000e+00, 0.0000000e+00],
       [6.6716884e-30, 1.0000000e+00, 9.7389465e-33]], dtype=float32), array([[2.0601359e-35, 1.0000000e+00, 3.5767034e-36],
       [0.0000000e+00, 1.0000000e+00, 0.0000000e+00],
       [2.2079419e-30, 1.0000000e+00, 4.9413781e-31]], dtype=float32), array([[8.4728525e-38, 1.0000000e+00, 8.9239451e-40],
       [0.0000000e+00, 1.0000000e+00, 0.0000000e+00],
       [4.9717731e-27, 1.0000000e+00, 1.9653825e-28]], dtype=float32), array([[4.8931495e-32, 1.0000000e+00, 1.0716561e-32],
       [0.0000000e+00, 1.0000000e+00, 0.0000000e+00],
       [8.7661321e-28, 1.0000000e+00, 2.3597594e-28]], dtype=float32), array([[1.4876341e-21, 1.0000000e+00, 3.2710807e-21],
       [0.0000000e+00, 1.0000000e+00, 0.0000000e+00],
       [6.2748072e-25, 1.0000000e+00, 1.5676303e-24]], dtype=float32), array([[7.2646208e-13, 1.0000000e+00, 3.3174154e-12],
       [0.0000000e+00, 1.0000000e+00, 0.0000000e+00],
       [3.3435795e-24, 1.0000000e+00, 6.3069467e-23]], dtype=float32), array([[3.0333486e-18, 1.0000000e+00, 6.8628777e-18],
       [0.0000000e+00, 1.0000000e+00, 0.0000000e+00],
       [5.9171964e-22, 1.0000000e+00, 1.5914327e-21]], dtype=float32), array([[1.5360660e-25, 1.0000000e+00, 1.9085673e-26],
       [0.0000000e+00, 1.0000000e+00, 0.0000000e+00],
       [8.6979819e-20, 1.0000000e+00, 1.7526818e-20]], dtype=float32), array([[7.5328551e-33, 1.0000000e+00, 1.7912295e-35],
       [0.0000000e+00, 1.0000000e+00, 0.0000000e+00],
       [1.8138716e-21, 1.0000000e+00, 3.6681732e-23]], dtype=float32), array([[4.4562347e-31, 1.0000000e+00, 1.7460036e-33],
       [0.0000000e+00, 1.0000000e+00, 0.0000000e+00],
       [1.2310975e-20, 1.0000000e+00, 3.2463537e-22]], dtype=float32), array([[6.4133917e-20, 1.0000000e+00, 1.8998999e-20],
       [0.0000000e+00, 1.0000000e+00, 0.0000000e+00],
       [3.8990930e-16, 1.0000000e+00, 1.4681598e-16]], dtype=float32), array([[2.1677124e-18, 1.0000000e+00, 7.7232928e-19],
       [0.0000000e+00, 1.0000000e+00, 0.0000000e+00],
       [4.9004583e-15, 1.0000000e+00, 2.1239565e-15]], dtype=float32), array([[1.7740199e-04, 9.9949598e-01, 3.2658796e-04],
       [0.0000000e+00, 1.0000000e+00, 0.0000000e+00],
       [2.0111364e-15, 1.0000000e+00, 2.1975321e-14]], dtype=float32), array([[1.5434595e-27, 1.0000000e+00, 1.7106826e-29],
       [0.0000000e+00, 1.0000000e+00, 0.0000000e+00],
       [2.7507907e-19, 1.0000000e+00, 1.2186035e-20]], dtype=float32), array([[9.9651614e-15, 1.0000000e+00, 5.0956901e-15],
       [0.0000000e+00, 1.0000000e+00, 0.0000000e+00],
       [2.9973608e-12, 1.0000000e+00, 1.7258945e-12]], dtype=float32), array([[3.6769004e-16, 1.0000000e+00, 1.1763793e-15],
       [0.0000000e+00, 1.0000000e+00, 0.0000000e+00],
       [2.2729978e-20, 1.0000000e+00, 9.9859893e-20]], dtype=float32), array([[2.2950032e-30, 1.0000000e+00, 4.6151681e-34],
       [0.0000000e+00, 1.0000000e+00, 0.0000000e+00],
       [2.1396319e-18, 1.0000000e+00, 1.3383946e-20]], dtype=float32), array([[8.8481223e-32, 1.0000000e+00, 1.2839780e-35],
       [0.0000000e+00, 1.0000000e+00, 0.0000000e+00],
       [1.3016835e-19, 1.0000000e+00, 6.0281514e-22]], dtype=float32), array([[8.8697774e-03, 9.7837490e-01, 1.2755292e-02],
       [0.0000000e+00, 1.0000000e+00, 0.0000000e+00],
       [1.5012444e-14, 1.0000000e+00, 1.7548322e-13]], dtype=float32), array([[1.2490922e-09, 1.0000000e+00, 2.6408049e-09],
       [0.0000000e+00, 1.0000000e+00, 0.0000000e+00],
       [6.3608286e-15, 1.0000000e+00, 2.0987083e-14]], dtype=float32), array([[1.7838428e-22, 1.0000000e+00, 6.9322675e-24],
       [0.0000000e+00, 1.0000000e+00, 0.0000000e+00],
       [1.5494870e-14, 1.0000000e+00, 1.9704703e-15]], dtype=float32), array([[4.50841378e-11, 1.00000000e+00, 1.10696945e-10],
       [0.00000000e+00, 1.00000000e+00, 0.00000000e+00],
       [7.30770131e-17, 1.00000000e+00, 2.96635279e-16]], dtype=float32), array([[1.1609758e-41, 1.0000000e+00, 0.0000000e+00],
       [0.0000000e+00, 1.0000000e+00, 0.0000000e+00],
       [7.5058825e-28, 1.0000000e+00, 4.5043279e-31]], dtype=float32), array([[2.5741761e-12, 1.0000000e+00, 7.1889781e-12],
       [0.0000000e+00, 1.0000000e+00, 0.0000000e+00],
       [1.7163266e-18, 1.0000000e+00, 8.2855406e-18]], dtype=float32)]","[array([1.4044857, 1.4044857, 1.4044857], dtype=float32), array([1.4227391, 1.4227391, 1.4227391], dtype=float32), array([1.4374448, 1.4374448, 1.4374448], dtype=float32), array([1.4505309, 1.4505309, 1.4505309], dtype=float32), array([1.462934, 1.462934, 1.462934], dtype=float32), array([1.4738482, 1.4738482, 1.4738482], dtype=float32), array([1.4868205, 1.4868205, 1.4868205], dtype=float32), array([1.5704747, 1.5704747, 1.5704747], dtype=float32), array([1.6402202, 1.6402202, 1.6402202], dtype=float32), array([1.695986, 1.695986, 1.695986], dtype=float32), array([1.7473681, 1.7473681, 1.7473681], dtype=float32), array([1.784756, 1.784756, 1.784756], dtype=float32), array([1.8236201, 1.8236201, 1.8236201], dtype=float32), array([1.8511909, 1.8511909, 1.8511909], dtype=float32), array([1.8630872, 1.8630872, 1.8630872], dtype=float32), array([1.8617321, 1.8617321, 1.8617321], dtype=float32), array([1.859194, 1.859194, 1.859194], dtype=float32), array([1.8500878, 1.8500878, 1.8500878], dtype=float32), array([1.8110907, 1.8110907, 1.8110907], dtype=float32), array([1.8067478, 1.8067478, 1.8067478], dtype=float32), array([1.8125117, 1.8125117, 1.8125117], dtype=float32), array([1.8311863, 1.8311863, 1.8311863], dtype=float32), array([1.8712331, 1.8712331, 1.8712331], dtype=float32), array([1.9245067, 1.9245067, 1.9245067], dtype=float32), array([1.966743, 1.966743, 1.966743], dtype=float32), array([2.0469651, 2.0469651, 2.0469651], dtype=float32), array([2.1180186, 2.1180186, 2.1180186], dtype=float32), array([2.2057078, 2.2057078, 2.2057078], dtype=float32), array([2.2663555, 2.2663555, 2.2663555], dtype=float32), array([2.3384511, 2.3384511, 2.3384511], dtype=float32), array([2.422059, 2.422059, 2.422059], dtype=float32)]","[array([nan, nan, nan], dtype=float32), array([nan, nan, nan], dtype=float32), array([nan, nan, nan], dtype=float32), array([nan, nan, nan], dtype=float32), array([nan, nan, nan], dtype=float32), array([nan, nan, nan], dtype=float32), array([nan, nan, nan], dtype=float32), array([nan, nan, nan], dtype=float32), array([nan, nan, nan], dtype=float32), array([nan, nan, nan], dtype=float32), array([nan, nan, nan], dtype=float32), array([nan, nan, nan], dtype=float32), array([nan, nan, nan], dtype=float32), array([nan, nan, nan], dtype=float32), array([nan, nan, nan], dtype=float32), array([nan, nan, nan], dtype=float32), array([nan, nan, nan], dtype=float32), array([nan, nan, nan], dtype=float32), array([nan, nan, nan], dtype=float32), array([nan, nan, nan], dtype=float32), array([nan, nan, nan], dtype=float32), array([nan, nan, nan], dtype=float32), array([nan, nan, nan], dtype=float32), array([nan, nan, nan], dtype=float32), array([nan, nan, nan], dtype=float32), array([nan, nan, nan], dtype=float32), array([nan, nan, nan], dtype=float32), array([nan, nan, nan], dtype=float32), array([nan, nan, nan], dtype=float32), array([nan, nan, nan], dtype=float32), array([nan, nan, nan], dtype=float32)]",1,0,0,0,0,0,54.752307692307696,55.57384615384616,0.00016341769626896724,80000,9.9,0.00037854880714260236,80000,9.9,2000,2000,0.36058539138630713,0.0,81158,999.0,0.1570497304201126,0.34711143374443054,-0.02945663407444954,1.0,40.0,0.0013802934991,1238760,0.3192710280418396,-1.0,0.4722185432910919,3.672591901704436e-07,25402.90625,30969,343.7764028238202,0.0,0.0,23810,999.0,30969,0.0393447157605,1238760,1.0,40.0,0.0013802934991,343.77609323543555,0,93000,3720000,61938,104968,2477520,1032.3627794005586,6167744.198470658,6496599.539575964,2.0,80100,2,1.0067001111073661,8.1,10.5,0.00011936137183737657,5.300982672725405e-05,2000,2,0.0020514749198628124,50,0.1844977808255156,40.0,0.0002888549257911239,-10.5,100,1.0067001111073661,0.00018964037192245966,0.000434692626422539,4000,100,4000,8.1,8.1,100,4.5896698528170835e-05,7.653586018589215e-06,6.914781812755441e-06,2.042979372862049e-05,3.3568386419796065e-05,4.984752052641275e-05,2.9799554624143328e-05,0.00015974522266445164,2.965683854070366e-05,1.752949565805456e-05,2.2469347399227096e-05,0.05627762224734149,0.0067088996562828605,0.06458558972490717,0.18231583334482687,0.03030072211008711,0.019333055106006556,0.0001773928707580763,1240.0,-1.0,0.4722185730934143,0.26197293,498.0,116.9806900024414,108066,0.3035302758216858,1.0,0.09658167511224747,4322640,-0.10229478031396866,1201.0,1240.0,4322640,0.0,108066,498.0,1201.0,8645280,651000,26040000,216132,9867.43243094361,5.062614566818967e-05,2.339006873895124e-05,3.923594583924476e-05,8.678185716587151e-06,7.841781461480063e-06,5.6828170215362766e-05,1.950819317586827e-05,3.451960750639169e-05,2.6082770834587474e-05,3.438451928918686e-05,0.00018117749930215876
1,82000,False,41,d23ef_00000,2025-08-17_21-33-19,1755466399,91.24310731887817,3839.185809612274,685888,intrinsic-attention2,10.156.0.3,3839.185809612274,41,92.18580253437959,1.4665041722289283e-05,92.1855215810704,2.801597136221974,89.01322141068806,0.002032264067766008,0.00027717900229617953,0.0015749187199980952,1000,2.0,10.5,2.7685627318951624,2000,82000,2,-10.5,40.0,1.0067001111073661,0.00010381391035982449,4.683301586168317e-05,1.0067001111073661,6.74,41000,2,301.6194824062028,2000.0,3000.0,"[array([[2.7467348e-25, 1.0000000e+00, 8.1519769e-27],
       [0.0000000e+00, 1.0000000e+00, 0.0000000e+00],
       [4.3712082e-17, 1.0000000e+00, 4.1990194e-18]], dtype=float32), array([[1.6248432e-25, 1.0000000e+00, 4.9326687e-27],
       [0.0000000e+00, 1.0000000e+00, 0.0000000e+00],
       [2.2279408e-17, 1.0000000e+00, 2.1299655e-18]], dtype=float32), array([[1.6788958e-35, 1.0000000e+00, 1.3492263e-35],
       [0.0000000e+00, 1.0000000e+00, 0.0000000e+00],
       [4.2910394e-35, 1.0000000e+00, 3.4573246e-35]], dtype=float32), array([[8.5943259e-26, 1.0000000e+00, 2.7669023e-27],
       [0.0000000e+00, 1.0000000e+00, 0.0000000e+00],
       [8.0899943e-18, 1.0000000e+00, 7.7700130e-19]], dtype=float32), array([[5.1924708e-06, 9.9998069e-01, 1.4090217e-05],
       [0.0000000e+00, 1.0000000e+00, 0.0000000e+00],
       [1.2408620e-20, 1.0000000e+00, 5.3310064e-19]], dtype=float32), array([[0.0000000e+00, 1.0000000e+00, 0.0000000e+00],
       [0.0000000e+00, 1.0000000e+00, 0.0000000e+00],
       [2.7009025e-33, 1.0000000e+00, 6.4516893e-37]], dtype=float32), array([[4.1134658e-20, 1.0000000e+00, 2.6893130e-20],
       [0.0000000e+00, 1.0000000e+00, 0.0000000e+00],
       [8.7208773e-19, 1.0000000e+00, 5.8697693e-19]], dtype=float32), array([[3.7768177e-07, 9.9999833e-01, 1.2918755e-06],
       [0.0000000e+00, 1.0000000e+00, 0.0000000e+00],
       [1.9608000e-20, 1.0000000e+00, 8.5352854e-19]], dtype=float32), array([[1.3972561e-07, 9.9999940e-01, 5.2145049e-07],
       [0.0000000e+00, 1.0000000e+00, 0.0000000e+00],
       [2.5335078e-20, 1.0000000e+00, 1.0933883e-18]], dtype=float32), array([[8.2305132e-24, 1.0000000e+00, 1.4824793e-28],
       [0.0000000e+00, 1.0000000e+00, 0.0000000e+00],
       [1.6982060e-06, 9.9999821e-01, 1.1069143e-07]], dtype=float32), array([[1.8810461e-23, 1.0000000e+00, 1.0055267e-24],
       [0.0000000e+00, 1.0000000e+00, 0.0000000e+00],
       [1.4327220e-17, 1.0000000e+00, 1.6344475e-18]], dtype=float32), array([[5.6264126e-01, 1.0539574e-14, 4.3735871e-01],
       [0.0000000e+00, 1.0000000e+00, 0.0000000e+00],
       [5.5854446e-01, 8.4341727e-14, 4.4145557e-01]], dtype=float32), array([[1.1791327e-16, 1.0000000e+00, 2.8104895e-13],
       [0.0000000e+00, 1.0000000e+00, 0.0000000e+00],
       [0.0000000e+00, 1.0000000e+00, 1.9309893e-42]], dtype=float32), array([[6.0673510e-36, 1.0000000e+00, 6.9666545e-38],
       [0.0000000e+00, 1.0000000e+00, 0.0000000e+00],
       [9.1198425e-31, 1.0000000e+00, 2.0192676e-32]], dtype=float32), array([[9.2637348e-10, 1.0000000e+00, 5.3887939e-09],
       [0.0000000e+00, 1.0000000e+00, 0.0000000e+00],
       [5.2412112e-20, 1.0000000e+00, 2.2471102e-18]], dtype=float32), array([[2.5385959e-28, 1.0000000e+00, 4.6880594e-27],
       [0.0000000e+00, 1.0000000e+00, 0.0000000e+00],
       [2.7575792e-33, 1.0000000e+00, 8.6047315e-32]], dtype=float32), array([[6.3929259e-19, 1.0000000e+00, 4.7551527e-19],
       [0.0000000e+00, 1.0000000e+00, 0.0000000e+00],
       [2.9720697e-18, 1.0000000e+00, 2.2348005e-18]], dtype=float32), array([[3.0823976e-26, 1.0000000e+00, 4.4605602e-36],
       [0.0000000e+00, 1.0000000e+00, 0.0000000e+00],
       [1.7901105e-07, 9.9999976e-01, 4.4725110e-10]], dtype=float32), array([[1.3511902e-14, 1.0000000e+00, 5.9349098e-14],
       [0.0000000e+00, 1.0000000e+00, 0.0000000e+00],
       [3.0235736e-19, 1.0000000e+00, 2.1812583e-18]], dtype=float32), array([[9.5790623e-28, 1.0000000e+00, 1.7241221e-26],
       [0.0000000e+00, 1.0000000e+00, 0.0000000e+00],
       [2.6108147e-32, 1.0000000e+00, 7.6574448e-31]], dtype=float32), array([[8.8596148e-15, 1.0000000e+00, 3.9974659e-14],
       [0.0000000e+00, 1.0000000e+00, 0.0000000e+00],
       [2.8868316e-19, 1.0000000e+00, 2.1073280e-18]], dtype=float32), array([[2.2219482e-01, 1.2254462e-06, 7.7780396e-01],
       [0.0000000e+00, 1.0000000e+00, 0.0000000e+00],
       [4.7814418e-02, 1.3325181e-14, 9.5218557e-01]], dtype=float32), array([[2.1487203e-01, 7.9606241e-07, 7.8512716e-01],
       [0.0000000e+00, 1.0000000e+00, 0.0000000e+00],
       [4.6957389e-02, 1.1319437e-14, 9.5304263e-01]], dtype=float32), array([[5.5035293e-01, 1.4421041e-15, 4.4964701e-01],
       [0.0000000e+00, 1.0000000e+00, 0.0000000e+00],
       [5.4861301e-01, 4.6210560e-15, 4.5138693e-01]], dtype=float32), array([[1.20575199e-11, 1.00000000e+00, 1.04584105e-10],
       [0.00000000e+00, 1.00000000e+00, 0.00000000e+00],
       [4.17591728e-20, 1.00000000e+00, 1.93169917e-18]], dtype=float32), array([[9.4228982e-12, 1.0000000e+00, 8.3636410e-11],
       [0.0000000e+00, 1.0000000e+00, 0.0000000e+00],
       [4.0489819e-20, 1.0000000e+00, 1.8840742e-18]], dtype=float32), array([[2.7026869e-32, 1.0000000e+00, 5.5961677e-34],
       [0.0000000e+00, 1.0000000e+00, 0.0000000e+00],
       [1.9796565e-28, 1.0000000e+00, 6.5892834e-30]], dtype=float32), array([[2.1321408e-21, 1.0000000e+00, 1.6872278e-22],
       [0.0000000e+00, 1.0000000e+00, 0.0000000e+00],
       [1.4193779e-17, 1.0000000e+00, 1.7956098e-18]], dtype=float32), array([[5.4795212e-01, 9.3100345e-16, 4.5204791e-01],
       [0.0000000e+00, 1.0000000e+00, 0.0000000e+00],
       [5.4649687e-01, 2.6222418e-15, 4.5350316e-01]], dtype=float32), array([[5.5773340e-32, 1.0000000e+00, 1.2128033e-33],
       [0.0000000e+00, 1.0000000e+00, 0.0000000e+00],
       [3.1561536e-28, 1.0000000e+00, 1.0868203e-29]], dtype=float32), array([[5.00818746e-27, 1.00000000e+00, 8.71306484e-26],
       [0.00000000e+00, 1.00000000e+00, 0.00000000e+00],
       [4.61871479e-31, 1.00000000e+00, 1.24547535e-29]], dtype=float32)]","[array([2.4951065, 2.4951065, 2.4951065], dtype=float32), array([2.5595853, 2.5595853, 2.5595853], dtype=float32), array([2.614904, 2.614904, 2.614904], dtype=float32), array([2.6648676, 2.6648676, 2.6648676], dtype=float32), array([2.707321, 2.707321, 2.707321], dtype=float32), array([2.7441623, 2.7441623, 2.7441623], dtype=float32), array([2.7776568, 2.7776568, 2.7776568], dtype=float32), array([2.805261, 2.805261, 2.805261], dtype=float32), array([2.8273246, 2.8273246, 2.8273246], dtype=float32), array([2.8444302, 2.8444302, 2.8444302], dtype=float32), array([2.860138, 2.860138, 2.860138], dtype=float32), array([2.8725245, 2.8725245, 2.8725245], dtype=float32), array([2.8818257, 2.8818257, 2.8818257], dtype=float32), array([2.8888423, 2.8888423, 2.8888423], dtype=float32), array([2.895462, 2.895462, 2.895462], dtype=float32), array([2.900291, 2.900291, 2.900291], dtype=float32), array([2.902222, 2.902222, 2.902222], dtype=float32), array([2.903539, 2.903539, 2.903539], dtype=float32), array([2.9042325, 2.9042325, 2.9042325], dtype=float32), array([2.9044306, 2.9044306, 2.9044306], dtype=float32), array([2.9044254, 2.9044254, 2.9044254], dtype=float32), array([2.9047701, 2.9047701, 2.9047701], dtype=float32), array([2.905216, 2.905216, 2.905216], dtype=float32), array([2.905524, 2.905524, 2.905524], dtype=float32), array([2.906445, 2.906445, 2.906445], dtype=float32), array([2.906769, 2.906769, 2.906769], dtype=float32), array([2.9076917, 2.9076917, 2.9076917], dtype=float32), array([2.9099934, 2.9099934, 2.9099934], dtype=float32), array([2.9136393, 2.9136393, 2.9136393], dtype=float32), array([2.9176404, 2.9176404, 2.9176404], dtype=float32), array([2.9212584, 2.9212584, 2.9212584], dtype=float32)]","[array([2.4951072, 2.4951072, 2.4951072], dtype=float32), array([2.5595853, 2.5595853, 2.5595853], dtype=float32), array([2.614904, 2.614904, 2.614904], dtype=float32), array([2.6648679, 2.6648679, 2.6648679], dtype=float32), array([2.707321, 2.707321, 2.707321], dtype=float32), array([2.744162, 2.744162, 2.744162], dtype=float32), array([2.7776566, 2.7776566, 2.7776566], dtype=float32), array([2.805261, 2.805261, 2.805261], dtype=float32), array([2.8273244, 2.8273244, 2.8273244], dtype=float32), array([2.8444304, 2.8444304, 2.8444304], dtype=float32), array([2.8601382, 2.8601382, 2.8601382], dtype=float32), array([2.8725245, 2.8725245, 2.8725245], dtype=float32), array([2.881826, 2.881826, 2.881826], dtype=float32), array([2.8888426, 2.8888426, 2.8888426], dtype=float32), array([2.895462, 2.895462, 2.895462], dtype=float32), array([2.900291, 2.900291, 2.900291], dtype=float32), array([2.902222, 2.902222, 2.902222], dtype=float32), array([2.9035392, 2.9035392, 2.9035392], dtype=float32), array([2.9042325, 2.9042325, 2.9042325], dtype=float32), array([2.9044309, 2.9044309, 2.9044309], dtype=float32), array([2.9044256, 2.9044256, 2.9044256], dtype=float32), array([2.9047701, 2.9047701, 2.9047701], dtype=float32), array([2.9052162, 2.9052162, 2.9052162], dtype=float32), array([2.9055238, 2.9055238, 2.9055238], dtype=float32), array([2.9064448, 2.9064448, 2.9064448], dtype=float32), array([2.906769, 2.906769, 2.906769], dtype=float32), array([2.9076917, 2.9076917, 2.9076917], dtype=float32), array([2.9099934, 2.9099934, 2.9099934], dtype=float32), array([2.9136393, 2.9136393, 2.9136393], dtype=float32), array([2.9176404, 2.9176404, 2.9176404], dtype=float32), array([2.9212587, 2.9212587, 2.9212587], dtype=float32)]",1,0,0,0,0,0,54.386259541984735,55.6,0.00016100801681704892,82000,6.74,0.000372424916857125,82000,6.74,2000,2000,0.36051054816250194,0.0,81158,999.0,0.02558923326432705,0.3279663324356079,-0.0714416652917862,1.0,41.0,0.0013802934991,1269729,0.2773124873638153,-0.1154853105545044,0.4722185432910919,3.672591901704436e-07,5850.2568359375,30969,343.99751105533744,0.0,0.0,23810,999.0,30969,0.0393447157605,1269729,1.0,41.0,0.0013802934991,343.9972106963245,0,93000,3813000,61938,104968,2539458,1033.0267115377214,6183113.104799137,6510169.081533465,2.0,82100,2,1.0067001111073661,7.9,10.5,0.0001455593089888664,6.117189267033856e-05,2050,2,0.002082314389554085,50,0.18451150803724622,41.0,0.000287896536602818,-10.5,100,1.0067001111073661,0.00022415150474773465,0.0005143151666466613,4100,100,4100,7.9,7.9,100,4.397897952126063e-05,7.463488746499661e-06,6.757976299312052e-06,2.024053789434668e-05,3.3343864405717336e-05,4.878479972622849e-05,2.8907172954429583e-05,0.0001582997052035976,2.9050589558533477e-05,1.6618287305870127e-05,2.188533685506663e-05,0.05625768239487288,0.006719288579851091,0.06441123829770053,0.18230692150133604,0.030362887488981517,0.01938415571504583,0.00017766639201203304,1271.0,-0.057715415954589844,0.4722185730934143,0.27419043,498.0,108.5101547241211,108066,0.3063690662384033,1.0,0.02770206704735756,4430706,-0.07903359085321426,1231.0,1271.0,4430706,0.0,108066,498.0,1231.0,8861412,651000,26691000,216132,9853.064242356486,5.979772071787206e-05,2.6688832937727626e-05,4.636165132815994e-05,9.916615361082973e-06,9.31076742290788e-06,6.860653132215918e-05,2.3510356244242263e-05,4.116210609305646e-05,3.064278953104712e-05,4.0721576164617696e-05,0.0002114096023608967
1,84000,False,42,d23ef_00000,2025-08-17_21-34-51,1755466491,92.52467918395996,3931.710488796234,685888,intrinsic-attention2,10.156.0.3,3931.710488796234,42,92.18716447353582,1.464365142648828e-05,92.18688284560979,2.800211710679689,89.01617912585124,0.0020324845571739187,0.00027717900229617953,0.0015777969096961897,1000,2.0,10.5,2.767199217446322,2000,84000,2,-10.5,41.0,1.0067001111073661,0.00010303948976571803,4.67929103534715e-05,1.0067001111073661,8.42,42000,2,292.0513532417967,2000.0,3000.0,"[array([[2.2283171e-15, 1.0000000e+00, 1.0952441e-14],
       [0.0000000e+00, 1.0000000e+00, 0.0000000e+00],
       [2.1723058e-19, 1.0000000e+00, 1.6510727e-18]], dtype=float32), array([[2.6415237e-29, 1.0000000e+00, 3.5913863e-29],
       [0.0000000e+00, 1.0000000e+00, 0.0000000e+00],
       [1.1494797e-29, 1.0000000e+00, 1.5689125e-29]], dtype=float32), array([[2.8930567e-29, 1.0000000e+00, 3.9326773e-29],
       [0.0000000e+00, 1.0000000e+00, 0.0000000e+00],
       [1.2638056e-29, 1.0000000e+00, 1.7246126e-29]], dtype=float32), array([[1.8170974e-15, 1.0000000e+00, 9.0369742e-15],
       [0.0000000e+00, 1.0000000e+00, 0.0000000e+00],
       [2.0349864e-19, 1.0000000e+00, 1.5556908e-18]], dtype=float32), array([[1.3985422e-22, 1.0000000e+00, 4.5917011e-29],
       [0.0000000e+00, 1.0000000e+00, 0.0000000e+00],
       [2.9817586e-09, 1.0000000e+00, 8.8131950e-12]], dtype=float32), array([[3.5984075e-29, 1.0000000e+00, 4.8725375e-29],
       [0.0000000e+00, 1.0000000e+00, 0.0000000e+00],
       [1.6019941e-29, 1.0000000e+00, 2.1773553e-29]], dtype=float32), array([[1.7414692e-12, 1.0000000e+00, 1.8093542e-11],
       [0.0000000e+00, 1.0000000e+00, 0.0000000e+00],
       [2.9947143e-20, 1.0000000e+00, 1.4595921e-18]], dtype=float32), array([[4.8438505e-21, 1.0000000e+00, 1.2619102e-25],
       [0.0000000e+00, 1.0000000e+00, 0.0000000e+00],
       [8.0786478e-10, 1.0000000e+00, 7.1700809e-12]], dtype=float32), array([[3.1034540e-21, 1.0000000e+00, 2.5420148e-22],
       [0.0000000e+00, 1.0000000e+00, 0.0000000e+00],
       [1.1256895e-17, 1.0000000e+00, 1.4235199e-18]], dtype=float32), array([[5.6521016e-33, 1.0000000e+00, 2.2588641e-36],
       [0.0000000e+00, 1.0000000e+00, 0.0000000e+00],
       [1.4400579e-26, 1.0000000e+00, 2.7236495e-29]], dtype=float32), array([[3.19672026e-21, 1.00000000e+00, 2.62657158e-22],
       [0.00000000e+00, 1.00000000e+00, 0.00000000e+00],
       [1.10549694e-17, 1.00000000e+00, 1.39842761e-18]], dtype=float32), array([[3.2239318e-21, 1.0000000e+00, 2.6517808e-22],
       [0.0000000e+00, 1.0000000e+00, 0.0000000e+00],
       [1.0926134e-17, 1.0000000e+00, 1.3819878e-18]], dtype=float32), array([[3.27026966e-21, 1.00000000e+00, 2.69433158e-22],
       [0.00000000e+00, 1.00000000e+00, 0.00000000e+00],
       [1.08611825e-17, 1.00000000e+00, 1.37435428e-18]], dtype=float32), array([[3.30703921e-21, 1.00000000e+00, 2.72817207e-22],
       [0.00000000e+00, 1.00000000e+00, 0.00000000e+00],
       [1.07911816e-17, 1.00000000e+00, 1.36582987e-18]], dtype=float32), array([[3.3439544e-21, 1.0000000e+00, 2.7624904e-22],
       [0.0000000e+00, 1.0000000e+00, 0.0000000e+00],
       [1.0730510e-17, 1.0000000e+00, 1.3586638e-18]], dtype=float32), array([[1.5897357e-01, 2.0162666e-08, 8.4102637e-01],
       [0.0000000e+00, 1.0000000e+00, 0.0000000e+00],
       [3.9611883e-02, 2.5039092e-15, 9.6038812e-01]], dtype=float32), array([[9.3185905e-27, 1.0000000e+00, 1.5983715e-25],
       [0.0000000e+00, 1.0000000e+00, 0.0000000e+00],
       [1.3815367e-30, 1.0000000e+00, 3.5996154e-29]], dtype=float32), array([[1.0924536e-12, 1.0000000e+00, 1.1910478e-11],
       [0.0000000e+00, 1.0000000e+00, 0.0000000e+00],
       [2.6810570e-20, 1.0000000e+00, 1.3363400e-18]], dtype=float32), array([[3.4325120e-21, 1.0000000e+00, 2.8455425e-22],
       [0.0000000e+00, 1.0000000e+00, 0.0000000e+00],
       [1.0479180e-17, 1.0000000e+00, 1.3274892e-18]], dtype=float32), array([[1.1079172e-15, 1.0000000e+00, 5.6746650e-15],
       [0.0000000e+00, 1.0000000e+00, 0.0000000e+00],
       [1.6860208e-19, 1.0000000e+00, 1.3103579e-18]], dtype=float32), array([[3.4027355e-21, 1.0000000e+00, 2.8201689e-22],
       [0.0000000e+00, 1.0000000e+00, 0.0000000e+00],
       [1.0239437e-17, 1.0000000e+00, 1.2957637e-18]], dtype=float32), array([[9.7657621e-27, 1.0000000e+00, 1.6735269e-25],
       [0.0000000e+00, 1.0000000e+00, 0.0000000e+00],
       [1.5039176e-30, 1.0000000e+00, 3.9085385e-29]], dtype=float32), array([[3.5246338e-31, 1.0000000e+00, 8.6701304e-33],
       [0.0000000e+00, 1.0000000e+00, 0.0000000e+00],
       [1.0494207e-27, 1.0000000e+00, 3.9392237e-29]], dtype=float32), array([[6.3675571e-29, 1.0000000e+00, 8.5372280e-29],
       [0.0000000e+00, 1.0000000e+00, 0.0000000e+00],
       [2.9653035e-29, 1.0000000e+00, 3.9894303e-29]], dtype=float32), array([[2.4316015e-22, 1.0000000e+00, 8.6581842e-29],
       [0.0000000e+00, 1.0000000e+00, 0.0000000e+00],
       [1.8481243e-09, 1.0000000e+00, 4.5835506e-12]], dtype=float32), array([[3.3751604e-21, 1.0000000e+00, 2.7988628e-22],
       [0.0000000e+00, 1.0000000e+00, 0.0000000e+00],
       [9.8782471e-18, 1.0000000e+00, 1.2487077e-18]], dtype=float32), array([[6.5012750e-29, 1.0000000e+00, 8.6916069e-29],
       [0.0000000e+00, 1.0000000e+00, 0.0000000e+00],
       [3.0530901e-29, 1.0000000e+00, 4.0955195e-29]], dtype=float32), array([[1.5533438e-01, 1.5871406e-08, 8.4466559e-01],
       [0.0000000e+00, 1.0000000e+00, 0.0000000e+00],
       [3.8807660e-02, 2.1827192e-15, 9.6119231e-01]], dtype=float32), array([[9.0128848e-13, 1.0000000e+00, 1.0039945e-11],
       [0.0000000e+00, 1.0000000e+00, 0.0000000e+00],
       [2.3862558e-20, 1.0000000e+00, 1.2109587e-18]], dtype=float32), array([[9.9135734e-27, 1.0000000e+00, 1.6991031e-25],
       [0.0000000e+00, 1.0000000e+00, 0.0000000e+00],
       [1.5677810e-30, 1.0000000e+00, 4.0704743e-29]], dtype=float32), array([[6.5151366e-19, 1.0000000e+00, 5.3242385e-19],
       [0.0000000e+00, 1.0000000e+00, 0.0000000e+00],
       [1.4484379e-18, 1.0000000e+00, 1.1882435e-18]], dtype=float32)]","[array([2.9253764, 2.9253764, 2.9253764], dtype=float32), array([2.9298053, 2.9298053, 2.9298053], dtype=float32), array([2.9351504, 2.9351504, 2.9351504], dtype=float32), array([2.9406507, 2.9406507, 2.9406507], dtype=float32), array([2.947957, 2.947957, 2.947957], dtype=float32), array([2.9570086, 2.9570086, 2.9570086], dtype=float32), array([2.9673553, 2.9673553, 2.9673553], dtype=float32), array([2.9784112, 2.9784112, 2.9784112], dtype=float32), array([2.9914477, 2.9914477, 2.9914477], dtype=float32), array([3.0052829, 3.0052829, 3.0052829], dtype=float32), array([3.0197566, 3.0197566, 3.0197566], dtype=float32), array([3.0346913, 3.0346913, 3.0346913], dtype=float32), array([3.0501597, 3.0501597, 3.0501597], dtype=float32), array([3.0665247, 3.0665247, 3.0665247], dtype=float32), array([3.0832813, 3.0832813, 3.0832813], dtype=float32), array([3.0994678, 3.0994678, 3.0994678], dtype=float32), array([3.1162496, 3.1162496, 3.1162496], dtype=float32), array([3.132198, 3.132198, 3.132198], dtype=float32), array([3.1481402, 3.1481402, 3.1481402], dtype=float32), array([3.1631045, 3.1631045, 3.1631045], dtype=float32), array([3.1789317, 3.1789317, 3.1789317], dtype=float32), array([3.1941352, 3.1941352, 3.1941352], dtype=float32), array([3.2087603, 3.2087603, 3.2087603], dtype=float32), array([3.223915, 3.223915, 3.223915], dtype=float32), array([3.238719, 3.238719, 3.238719], dtype=float32), array([3.2538748, 3.2538748, 3.2538748], dtype=float32), array([3.2693708, 3.2693708, 3.2693708], dtype=float32), array([3.2836072, 3.2836072, 3.2836072], dtype=float32), array([3.2969677, 3.2969677, 3.2969677], dtype=float32), array([3.310337, 3.310337, 3.310337], dtype=float32), array([3.3244543, 3.3244543, 3.3244543], dtype=float32)]","[array([2.9253762, 2.9253762, 2.9253762], dtype=float32), array([2.9298048, 2.9298048, 2.9298048], dtype=float32), array([2.9351504, 2.9351504, 2.9351504], dtype=float32), array([2.9406507, 2.9406507, 2.9406507], dtype=float32), array([2.9479575, 2.9479575, 2.9479575], dtype=float32), array([2.957009, 2.957009, 2.957009], dtype=float32), array([2.9673553, 2.9673553, 2.9673553], dtype=float32), array([2.978411, 2.978411, 2.978411], dtype=float32), array([2.991448, 2.991448, 2.991448], dtype=float32), array([3.005283, 3.005283, 3.005283], dtype=float32), array([3.0197563, 3.0197563, 3.0197563], dtype=float32), array([3.034691, 3.034691, 3.034691], dtype=float32), array([3.05016, 3.05016, 3.05016], dtype=float32), array([3.066525, 3.066525, 3.066525], dtype=float32), array([3.083281, 3.083281, 3.083281], dtype=float32), array([3.0994673, 3.0994673, 3.0994673], dtype=float32), array([3.1162503, 3.1162503, 3.1162503], dtype=float32), array([3.132198, 3.132198, 3.132198], dtype=float32), array([3.1481402, 3.1481402, 3.1481402], dtype=float32), array([3.1631045, 3.1631045, 3.1631045], dtype=float32), array([3.1789317, 3.1789317, 3.1789317], dtype=float32), array([3.1941354, 3.1941354, 3.1941354], dtype=float32), array([3.208761, 3.208761, 3.208761], dtype=float32), array([3.2239153, 3.2239153, 3.2239153], dtype=float32), array([3.2387183, 3.2387183, 3.2387183], dtype=float32), array([3.253874, 3.253874, 3.253874], dtype=float32), array([3.2693703, 3.2693703, 3.2693703], dtype=float32), array([3.2836072, 3.2836072, 3.2836072], dtype=float32), array([3.2969682, 3.2969682, 3.2969682], dtype=float32), array([3.3103366, 3.3103366, 3.3103366], dtype=float32), array([3.3244536, 3.3244536, 3.3244536], dtype=float32)]",1,0,0,0,0,0,54.47196969696971,55.60000000000001,0.0001644750991257767,84000,8.42,0.00037772010894371127,84000,8.42,2000,2000,0.3603105762708627,0.0,81158,999.0,0.03045267052948475,0.23911169171333313,-0.052936434745788574,1.0,42.0,0.0013802934991,1300698,0.2959403693675995,-0.004565596580505371,0.4722185432910919,5.508887852556654e-07,4914.2109375,30969,344.06448601505895,0.0,0.0,23810,999.0,30969,0.0393447157605,1300698,1.0,42.0,0.0013802934991,344.0641965408695,0,93000,3906000,61938,104968,2601396,1033.2277812132072,6191037.985115883,6519525.181534615,2.0,84100,2,1.0067001111073661,9.5,10.5,0.000151050689757177,6.291878275547297e-05,2100,2,0.0022815876505046617,50,0.18452050967693387,42.0,0.00028685975130003936,-10.5,100,1.0067001111073661,0.00023241394331450664,0.0005302692744234678,4200,100,4200,9.5,9.5,100,4.708420859579152e-05,7.5574344055650794e-06,6.792180769781027e-06,2.0338500371309122e-05,3.371766532306007e-05,5.094065091226813e-05,2.9597701496538238e-05,0.000159482374208875,2.9404161930040355e-05,1.682560392290821e-05,2.275283940322713e-05,0.05624831479086695,0.00672117817394744,0.06425198868467744,0.18225041181625584,0.030422819163977433,0.01934602569788727,0.00017752319803859514,1302.0,0.029806315898895264,0.4722185730934143,0.2975754,498.0,113.67679595947266,108066,0.23915012180805206,1.0,0.03505823388695717,4538772,-0.056920360773801804,1261.0,1302.0,4538772,0.0,108066,498.0,1261.0,9077544,651000,27342000,216132,9831.394624626264,6.22629865334998e-05,2.779546150999539e-05,4.770697343414046e-05,1.0320847884970882e-05,9.326124612556088e-06,7.090278012403474e-05,2.410712825136492e-05,4.2482839665482236e-05,3.122937741907423e-05,4.209416635893189e-05,0.00021728100573741726
1,86000,False,43,d23ef_00000,2025-08-17_21-36-22,1755466582,90.8544385433197,4022.564927339554,685888,intrinsic-attention2,10.156.0.3,4022.564927339554,43,92.17182894944054,1.4632764983941569e-05,92.17154675165361,2.798610632822796,89.00287407078268,0.002031901331655717,0.00027717900229617953,0.0015687843291379976,1000,2.0,10.5,2.7656303014518655,2000,86000,2,-10.5,42.0,1.0067001111073661,0.00010201898486589016,4.653468447560819e-05,1.0067001111073661,9.38,43000,2,282.74000972203527,2000.0,3000.0,"[array([[8.7402205e-13, 1.0000000e+00, 9.7649241e-12],
       [0.0000000e+00, 1.0000000e+00, 0.0000000e+00],
       [2.3175723e-20, 1.0000000e+00, 1.1796263e-18]], dtype=float32), array([[3.1927839e-21, 1.0000000e+00, 2.6382503e-22],
       [0.0000000e+00, 1.0000000e+00, 0.0000000e+00],
       [9.2930036e-18, 1.0000000e+00, 1.1703437e-18]], dtype=float32), array([[6.3896833e-19, 1.0000000e+00, 5.2244660e-19],
       [0.0000000e+00, 1.0000000e+00, 0.0000000e+00],
       [1.4170563e-18, 1.0000000e+00, 1.1630891e-18]], dtype=float32), array([[9.5419406e-27, 1.0000000e+00, 1.6370186e-25],
       [0.0000000e+00, 1.0000000e+00, 0.0000000e+00],
       [1.5140255e-30, 1.0000000e+00, 3.9336674e-29]], dtype=float32), array([[2.0545673e-24, 1.0000000e+00, 4.4083578e-36],
       [0.0000000e+00, 1.0000000e+00, 0.0000000e+00],
       [2.4084336e-08, 1.0000000e+00, 4.2554796e-12]], dtype=float32), array([[1.1656313e-23, 1.0000000e+00, 8.7665107e-33],
       [0.0000000e+00, 1.0000000e+00, 0.0000000e+00],
       [7.2983006e-09, 1.0000000e+00, 4.2278915e-12]], dtype=float32), array([[6.1781572e-19, 1.0000000e+00, 5.0564682e-19],
       [0.0000000e+00, 1.0000000e+00, 0.0000000e+00],
       [1.3640231e-18, 1.0000000e+00, 1.1206075e-18]], dtype=float32), array([[8.2039150e-13, 1.0000000e+00, 9.2265180e-12],
       [0.0000000e+00, 1.0000000e+00, 0.0000000e+00],
       [2.1545363e-20, 1.0000000e+00, 1.1056019e-18]], dtype=float32), array([[5.9766114e-29, 1.0000000e+00, 7.8902858e-29],
       [0.0000000e+00, 1.0000000e+00, 0.0000000e+00],
       [2.9051552e-29, 1.0000000e+00, 3.8471790e-29]], dtype=float32), array([[8.0897528e-13, 1.0000000e+00, 9.1118623e-12],
       [0.0000000e+00, 1.0000000e+00, 0.0000000e+00],
       [2.1236838e-20, 1.0000000e+00, 1.0916504e-18]], dtype=float32), array([[8.0256955e-13, 1.0000000e+00, 9.0477157e-12],
       [0.0000000e+00, 1.0000000e+00, 0.0000000e+00],
       [2.1030295e-20, 1.0000000e+00, 1.0822960e-18]], dtype=float32), array([[9.1844841e-27, 1.0000000e+00, 1.5742694e-25],
       [0.0000000e+00, 1.0000000e+00, 0.0000000e+00],
       [1.4713452e-30, 1.0000000e+00, 3.8160752e-29]], dtype=float32), array([[5.9073274e-19, 1.0000000e+00, 4.8417678e-19],
       [0.0000000e+00, 1.0000000e+00, 0.0000000e+00],
       [1.2957588e-18, 1.0000000e+00, 1.0659883e-18]], dtype=float32), array([[8.4365027e-16, 1.0000000e+00, 4.3696452e-15],
       [0.0000000e+00, 1.0000000e+00, 0.0000000e+00],
       [1.3547092e-19, 1.0000000e+00, 1.0615124e-18]], dtype=float32), array([[5.8718295e-19, 1.0000000e+00, 4.8125632e-19],
       [0.0000000e+00, 1.0000000e+00, 0.0000000e+00],
       [1.2878497e-18, 1.0000000e+00, 1.0594613e-18]], dtype=float32), array([[1.1412516e-23, 1.0000000e+00, 8.5829264e-33],
       [0.0000000e+00, 1.0000000e+00, 0.0000000e+00],
       [7.0111472e-09, 1.0000000e+00, 4.0091147e-12]], dtype=float32), array([[2.2922478e-22, 1.0000000e+00, 7.8535306e-29],
       [0.0000000e+00, 1.0000000e+00, 0.0000000e+00],
       [1.6775992e-09, 1.0000000e+00, 4.0080439e-12]], dtype=float32), array([[2.9742654e-21, 1.0000000e+00, 2.4412953e-22],
       [0.0000000e+00, 1.0000000e+00, 0.0000000e+00],
       [8.6713873e-18, 1.0000000e+00, 1.0854177e-18]], dtype=float32), array([[6.003712e-29, 1.000000e+00, 7.894501e-29],
       [0.000000e+00, 1.000000e+00, 0.000000e+00],
       [2.950252e-29, 1.000000e+00, 3.891014e-29]], dtype=float32), array([[8.3222623e-16, 1.0000000e+00, 4.3117742e-15],
       [0.0000000e+00, 1.0000000e+00, 0.0000000e+00],
       [1.3453518e-19, 1.0000000e+00, 1.0540716e-18]], dtype=float32), array([[3.5341473e-19, 1.0000000e+00, 4.2545559e-15],
       [0.0000000e+00, 1.0000000e+00, 0.0000000e+00],
       [1.4012985e-45, 1.0000000e+00, 1.0206663e-35]], dtype=float32), array([[9.1769545e-27, 1.0000000e+00, 1.5702989e-25],
       [0.0000000e+00, 1.0000000e+00, 0.0000000e+00],
       [1.4876443e-30, 1.0000000e+00, 3.8486469e-29]], dtype=float32), array([[2.7877505e-21, 1.0000000e+00, 2.2766488e-22],
       [0.0000000e+00, 1.0000000e+00, 0.0000000e+00],
       [8.1662695e-18, 1.0000000e+00, 1.0175650e-18]], dtype=float32), array([[7.4732408e-13, 1.0000000e+00, 8.4946321e-12],
       [0.0000000e+00, 1.0000000e+00, 0.0000000e+00],
       [1.9534536e-20, 1.0000000e+00, 1.0151457e-18]], dtype=float32), array([[1.1566618e-23, 1.0000000e+00, 8.7845207e-33],
       [0.0000000e+00, 1.0000000e+00, 0.0000000e+00],
       [6.8947257e-09, 1.0000000e+00, 3.9226205e-12]], dtype=float32), array([[9.3504245e-27, 1.0000000e+00, 1.5991887e-25],
       [0.0000000e+00, 1.0000000e+00, 0.0000000e+00],
       [1.5207284e-30, 1.0000000e+00, 3.9319271e-29]], dtype=float32), array([[7.9592335e-16, 1.0000000e+00, 4.1325230e-15],
       [0.0000000e+00, 1.0000000e+00, 0.0000000e+00],
       [1.2941232e-19, 1.0000000e+00, 1.0158353e-18]], dtype=float32), array([[6.0050405e-29, 1.0000000e+00, 7.8155748e-29],
       [0.0000000e+00, 1.0000000e+00, 0.0000000e+00],
       [3.0325681e-29, 1.0000000e+00, 3.9578104e-29]], dtype=float32), array([[1.1691048e-23, 1.0000000e+00, 8.9396874e-33],
       [0.0000000e+00, 1.0000000e+00, 0.0000000e+00],
       [6.9099846e-09, 1.0000000e+00, 3.9383262e-12]], dtype=float32), array([[7.4817984e-13, 1.0000000e+00, 8.5142102e-12],
       [0.0000000e+00, 1.0000000e+00, 0.0000000e+00],
       [1.9492033e-20, 1.0000000e+00, 1.0152000e-18]], dtype=float32), array([[5.6831889e-19, 1.0000000e+00, 4.6852539e-19],
       [0.0000000e+00, 1.0000000e+00, 0.0000000e+00],
       [1.2165193e-18, 1.0000000e+00, 1.0064239e-18]], dtype=float32)]","[array([3.3387496, 3.3387496, 3.3387496], dtype=float32), array([3.3516498, 3.3516498, 3.3516498], dtype=float32), array([3.3630946, 3.3630946, 3.3630946], dtype=float32), array([3.3735192, 3.3735192, 3.3735192], dtype=float32), array([3.3837883, 3.3837883, 3.3837883], dtype=float32), array([3.3935175, 3.3935175, 3.3935175], dtype=float32), array([3.4022331, 3.4022331, 3.4022331], dtype=float32), array([3.4104505, 3.4104505, 3.4104505], dtype=float32), array([3.418172, 3.418172, 3.418172], dtype=float32), array([3.4255376, 3.4255376, 3.4255376], dtype=float32), array([3.432464, 3.432464, 3.432464], dtype=float32), array([3.4390473, 3.4390473, 3.4390473], dtype=float32), array([3.4449282, 3.4449282, 3.4449282], dtype=float32), array([3.4503365, 3.4503365, 3.4503365], dtype=float32), array([3.4554093, 3.4554093, 3.4554093], dtype=float32), array([3.4596117, 3.4596117, 3.4596117], dtype=float32), array([3.4630442, 3.4630442, 3.4630442], dtype=float32), array([3.4662354, 3.4662354, 3.4662354], dtype=float32), array([3.4685252, 3.4685252, 3.4685252], dtype=float32), array([3.4705265, 3.4705265, 3.4705265], dtype=float32), array([3.4719405, 3.4719405, 3.4719405], dtype=float32), array([3.4732218, 3.4732218, 3.4732218], dtype=float32), array([3.4738069, 3.4738069, 3.4738069], dtype=float32), array([3.474473, 3.474473, 3.474473], dtype=float32), array([3.475032, 3.475032, 3.475032], dtype=float32), array([3.4754257, 3.4754257, 3.4754257], dtype=float32), array([3.4758275, 3.4758275, 3.4758275], dtype=float32), array([3.4762256, 3.4762256, 3.4762256], dtype=float32), array([3.4768975, 3.4768975, 3.4768975], dtype=float32), array([3.477283, 3.477283, 3.477283], dtype=float32), array([3.4776368, 3.4776368, 3.4776368], dtype=float32)]","[array([3.3387501, 3.3387501, 3.3387501], dtype=float32), array([3.3516493, 3.3516493, 3.3516493], dtype=float32), array([3.3630931, 3.3630931, 3.3630931], dtype=float32), array([3.373519, 3.373519, 3.373519], dtype=float32), array([3.3837876, 3.3837876, 3.3837876], dtype=float32), array([3.3935182, 3.3935182, 3.3935182], dtype=float32), array([3.4022334, 3.4022334, 3.4022334], dtype=float32), array([3.4104505, 3.4104505, 3.4104505], dtype=float32), array([3.4181721, 3.4181721, 3.4181721], dtype=float32), array([3.4255383, 3.4255383, 3.4255383], dtype=float32), array([3.4324634, 3.4324634, 3.4324634], dtype=float32), array([3.4390469, 3.4390469, 3.4390469], dtype=float32), array([3.4449282, 3.4449282, 3.4449282], dtype=float32), array([3.4503365, 3.4503365, 3.4503365], dtype=float32), array([3.4554086, 3.4554086, 3.4554086], dtype=float32), array([3.459612, 3.459612, 3.459612], dtype=float32), array([3.4630446, 3.4630446, 3.4630446], dtype=float32), array([3.4662344, 3.4662344, 3.4662344], dtype=float32), array([3.468525, 3.468525, 3.468525], dtype=float32), array([3.4705265, 3.4705265, 3.4705265], dtype=float32), array([3.4719408, 3.4719408, 3.4719408], dtype=float32), array([3.4732223, 3.4732223, 3.4732223], dtype=float32), array([3.4738066, 3.4738066, 3.4738066], dtype=float32), array([3.4744735, 3.4744735, 3.4744735], dtype=float32), array([3.4750311, 3.4750311, 3.4750311], dtype=float32), array([3.4754257, 3.4754257, 3.4754257], dtype=float32), array([3.4758275, 3.4758275, 3.4758275], dtype=float32), array([3.4762254, 3.4762254, 3.4762254], dtype=float32), array([3.4768968, 3.4768968, 3.4768968], dtype=float32), array([3.4772818, 3.4772818, 3.4772818], dtype=float32), array([3.4776366, 3.4776366, 3.4776366], dtype=float32)]",1,0,0,0,0,0,54.495384615384616,55.60000000000001,0.00016200338504650168,86000,9.38,0.00037318809342171415,86000,9.38,2000,2000,0.3598905158082562,0.0,81158,999.0,0.007969804108142853,0.2060418576002121,-0.026803458109498024,1.0,43.0,0.0013802934991,1331667,0.32211899757385254,-0.0015038251876831055,0.4722185432910919,5.508887852556654e-07,4976.41943359375,30969,344.2108907264907,0.0,0.0,23810,999.0,30969,0.0393447157605,1331667,1.0,43.0,0.0013802934991,344.21061057941347,0,93000,3999000,61938,104968,2663334,1033.6673807969435,6208981.74201603,6539453.849269018,2.0,86100,2,1.0067001111073661,9.7,10.5,0.00015113698321722515,6.223992018634483e-05,2150,2,0.0022599849606922363,50,0.18449410284022932,43.0,0.00028578083388708505,-9.5,100,1.0067001111073661,0.00022869296873875847,0.0005234561605329661,4300,100,4300,9.7,9.7,100,4.480539544579799e-05,7.481159798172803e-06,6.796932634537419e-06,2.0341964828255593e-05,3.349429230818175e-05,4.946404969145134e-05,2.868525828099243e-05,0.00015867967542148253,2.920527051733665e-05,1.6590136148743455e-05,2.2209463454465116e-05,0.05623467651287624,0.006719399982269695,0.06408916611780066,0.18206414053819428,0.030397926142245086,0.01931512783079557,0.00017783199618769032,1333.0,0.030565083026885986,0.4722185730934143,0.3278072,498.0,120.37228393554688,108066,0.22357046604156494,1.0,0.00845426693558693,4646838,-0.022446108981966972,1291.0,1333.0,4646838,0.0,108066,498.0,1291.0,9293676,651000,27993000,216132,9814.644201123343,6.144261189538207e-05,2.772180118376552e-05,4.735080953019613e-05,1.0118039846999368e-05,9.027661727334452e-06,7.027856259605926e-05,2.4137529471851985e-05,4.171894014521663e-05,3.091203711135013e-05,4.160933965530346e-05,0.0002151178994517089
1,88000,False,44,d23ef_00000,2025-08-17_21-37-53,1755466673,90.82584238052368,4113.3907697200775,685888,intrinsic-attention2,10.156.0.3,4113.3907697200775,44,92.15629364784608,1.4628737311699003e-05,92.15600990748706,2.7975339058045137,88.98887201983489,0.0020370920184018446,0.00027717900229617953,0.0015749402507208288,1000,2.0,10.5,2.7645840335573033,2000,88000,2,-10.5,43.0,1.0067001111073661,0.00010268660785190992,4.759264800151807e-05,1.0067001111073661,9.79,44000,2,273.6846417700793,2000.0,3000.0,"[array([[7.8223080e-16, 1.0000000e+00, 4.0657700e-15],
       [0.0000000e+00, 1.0000000e+00, 0.0000000e+00],
       [1.2687827e-19, 1.0000000e+00, 9.9718339e-19]], dtype=float32), array([[9.2527067e-27, 1.0000000e+00, 1.5837865e-25],
       [0.0000000e+00, 1.0000000e+00, 0.0000000e+00],
       [1.5002390e-30, 1.0000000e+00, 3.8829179e-29]], dtype=float32), array([[5.4093414e-19, 1.0000000e+00, 4.4633389e-19],
       [0.0000000e+00, 1.0000000e+00, 0.0000000e+00],
       [1.1534481e-18, 1.0000000e+00, 9.5502820e-19]], dtype=float32), array([[5.4921582e-19, 1.0000000e+00, 4.5287865e-19],
       [0.0000000e+00, 1.0000000e+00, 0.0000000e+00],
       [1.1740149e-18, 1.0000000e+00, 9.7145642e-19]], dtype=float32), array([[7.8715185e-16, 1.0000000e+00, 4.0927840e-15],
       [0.0000000e+00, 1.0000000e+00, 0.0000000e+00],
       [1.2794023e-19, 1.0000000e+00, 1.0059556e-18]], dtype=float32), array([[2.5026184e-26, 1.0000000e+00, 2.3781112e-22],
       [0.0000000e+00, 1.0000000e+00, 0.0000000e+00],
       [4.0721733e-42, 1.0000000e+00, 1.0984122e-35]], dtype=float32), array([[5.9705804e-19, 1.0000000e+00, 4.9071828e-19],
       [0.0000000e+00, 1.0000000e+00, 0.0000000e+00],
       [1.2928605e-18, 1.0000000e+00, 1.0664397e-18]], dtype=float32), array([[7.6822235e-13, 1.0000000e+00, 8.7041910e-12],
       [0.0000000e+00, 1.0000000e+00, 0.0000000e+00],
       [2.1078887e-20, 1.0000000e+00, 1.0867393e-18]], dtype=float32), array([[1.2446803e-32, 1.0000000e+00, 5.2639303e-36],
       [0.0000000e+00, 1.0000000e+00, 0.0000000e+00],
       [2.2754460e-26, 1.0000000e+00, 4.4206496e-29]], dtype=float32), array([[1.0572446e-26, 1.0000000e+00, 1.8079270e-25],
       [0.0000000e+00, 1.0000000e+00, 0.0000000e+00],
       [1.7246710e-30, 1.0000000e+00, 4.4616141e-29]], dtype=float32), array([[8.7390740e-16, 1.0000000e+00, 4.5323907e-15],
       [0.0000000e+00, 1.0000000e+00, 0.0000000e+00],
       [1.4259378e-19, 1.0000000e+00, 1.1188136e-18]], dtype=float32), array([[6.3527895e-19, 1.0000000e+00, 5.1952118e-19],
       [0.0000000e+00, 1.0000000e+00, 0.0000000e+00],
       [1.4028731e-18, 1.0000000e+00, 1.1516193e-18]], dtype=float32), array([[1.1250018e-26, 1.0000000e+00, 1.9225324e-25],
       [0.0000000e+00, 1.0000000e+00, 0.0000000e+00],
       [1.8369815e-30, 1.0000000e+00, 4.7504145e-29]], dtype=float32), array([[4.58570973e-31, 1.00000000e+00, 1.15068444e-32],
       [0.00000000e+00, 1.00000000e+00, 0.00000000e+00],
       [1.26770833e-27, 1.00000000e+00, 4.83192712e-29]], dtype=float32), array([[8.2026318e-13, 1.0000000e+00, 9.1962288e-12],
       [0.0000000e+00, 1.0000000e+00, 0.0000000e+00],
       [2.4258504e-20, 1.0000000e+00, 1.2257754e-18]], dtype=float32), array([[4.71275857e-31, 1.00000000e+00, 1.18528335e-32],
       [0.00000000e+00, 1.00000000e+00, 0.00000000e+00],
       [1.29687548e-27, 1.00000000e+00, 4.95281955e-29]], dtype=float32), array([[9.9312675e-16, 1.0000000e+00, 5.1312892e-15],
       [0.0000000e+00, 1.0000000e+00, 0.0000000e+00],
       [1.6232189e-19, 1.0000000e+00, 1.2694272e-18]], dtype=float32), array([[3.7235697e-21, 1.0000000e+00, 3.1194403e-22],
       [0.0000000e+00, 1.0000000e+00, 0.0000000e+00],
       [1.0175150e-17, 1.0000000e+00, 1.2936401e-18]], dtype=float32), array([[3.7796689e-21, 1.0000000e+00, 3.1701965e-22],
       [0.0000000e+00, 1.0000000e+00, 0.0000000e+00],
       [1.0309633e-17, 1.0000000e+00, 1.3120735e-18]], dtype=float32), array([[8.6057171e-13, 1.0000000e+00, 9.5680928e-12],
       [0.0000000e+00, 1.0000000e+00, 0.0000000e+00],
       [2.6700138e-20, 1.0000000e+00, 1.3289535e-18]], dtype=float32), array([[7.1620865e-19, 1.0000000e+00, 5.7820080e-19],
       [0.0000000e+00, 1.0000000e+00, 0.0000000e+00],
       [1.6646190e-18, 1.0000000e+00, 1.3496806e-18]], dtype=float32), array([[1.3008547e-26, 1.0000000e+00, 2.2174434e-25],
       [0.0000000e+00, 1.0000000e+00, 0.0000000e+00],
       [2.1187612e-30, 1.0000000e+00, 5.4694460e-29]], dtype=float32), array([[1.4578746e-23, 1.0000000e+00, 1.3417194e-32],
       [0.0000000e+00, 1.0000000e+00, 0.0000000e+00],
       [6.8361010e-09, 1.0000000e+00, 4.0172895e-12]], dtype=float32), array([[8.8495243e-13, 1.0000000e+00, 9.7884010e-12],
       [0.0000000e+00, 1.0000000e+00, 0.0000000e+00],
       [2.8068849e-20, 1.0000000e+00, 1.3848428e-18]], dtype=float32), array([[7.4474698e-21, 1.0000000e+00, 2.2466566e-25],
       [0.0000000e+00, 1.0000000e+00, 0.0000000e+00],
       [4.9213872e-10, 1.0000000e+00, 3.9963037e-12]], dtype=float32), array([[3.9870429e-21, 1.0000000e+00, 3.3573097e-22],
       [0.0000000e+00, 1.0000000e+00, 0.0000000e+00],
       [1.0869679e-17, 1.0000000e+00, 1.3884981e-18]], dtype=float32), array([[1.6150305e-32, 1.0000000e+00, 7.5232808e-36],
       [0.0000000e+00, 1.0000000e+00, 0.0000000e+00],
       [2.6013089e-26, 1.0000000e+00, 5.4189385e-29]], dtype=float32), array([[1.0874169e-15, 1.0000000e+00, 5.5984850e-15],
       [0.0000000e+00, 1.0000000e+00, 0.0000000e+00],
       [1.7580328e-19, 1.0000000e+00, 1.3709455e-18]], dtype=float32), array([[3.8855121e-21, 1.0000000e+00, 3.2632520e-22],
       [0.0000000e+00, 1.0000000e+00, 0.0000000e+00],
       [1.0711943e-17, 1.0000000e+00, 1.3658664e-18]], dtype=float32), array([[1.3661495e-23, 1.0000000e+00, 1.2551029e-32],
       [0.0000000e+00, 1.0000000e+00, 0.0000000e+00],
       [6.6794374e-09, 1.0000000e+00, 3.9228599e-12]], dtype=float32), array([[8.7731401e-13, 1.0000000e+00, 9.6733663e-12],
       [0.0000000e+00, 1.0000000e+00, 0.0000000e+00],
       [2.8007560e-20, 1.0000000e+00, 1.3733585e-18]], dtype=float32)]","[array([3.4779744, 3.4779744, 3.4779744], dtype=float32), array([3.4778218, 3.4778218, 3.4778218], dtype=float32), array([3.47818, 3.47818, 3.47818], dtype=float32), array([3.478745, 3.478745, 3.478745], dtype=float32), array([3.4798927, 3.4798927, 3.4798927], dtype=float32), array([3.4810681, 3.4810681, 3.4810681], dtype=float32), array([3.4820244, 3.4820244, 3.4820244], dtype=float32), array([3.4829288, 3.4829288, 3.4829288], dtype=float32), array([3.4837642, 3.4837642, 3.4837642], dtype=float32), array([3.4849155, 3.4849155, 3.4849155], dtype=float32), array([3.485572, 3.485572, 3.485572], dtype=float32), array([3.4862711, 3.4862711, 3.4862711], dtype=float32), array([3.4870267, 3.4870267, 3.4870267], dtype=float32), array([3.4879572, 3.4879572, 3.4879572], dtype=float32), array([3.488746, 3.488746, 3.488746], dtype=float32), array([3.4892647, 3.4892647, 3.4892647], dtype=float32), array([3.4901612, 3.4901612, 3.4901612], dtype=float32), array([3.4910383, 3.4910383, 3.4910383], dtype=float32), array([3.4913526, 3.4913526, 3.4913526], dtype=float32), array([3.49165, 3.49165, 3.49165], dtype=float32), array([3.492024, 3.492024, 3.492024], dtype=float32), array([3.4924164, 3.4924164, 3.4924164], dtype=float32), array([3.493015, 3.493015, 3.493015], dtype=float32), array([3.4933023, 3.4933023, 3.4933023], dtype=float32), array([3.4937704, 3.4937704, 3.4937704], dtype=float32), array([3.4944124, 3.4944124, 3.4944124], dtype=float32), array([3.4956899, 3.4956899, 3.4956899], dtype=float32), array([3.4969575, 3.4969575, 3.4969575], dtype=float32), array([3.4983256, 3.4983256, 3.4983256], dtype=float32), array([3.4994504, 3.4994504, 3.4994504], dtype=float32), array([3.5008736, 3.5008736, 3.5008736], dtype=float32)]","[array([3.4779744, 3.4779744, 3.4779744], dtype=float32), array([3.4778228, 3.4778228, 3.4778228], dtype=float32), array([3.47818, 3.47818, 3.47818], dtype=float32), array([3.478745, 3.478745, 3.478745], dtype=float32), array([3.4798934, 3.4798934, 3.4798934], dtype=float32), array([3.4810681, 3.4810681, 3.4810681], dtype=float32), array([3.482025, 3.482025, 3.482025], dtype=float32), array([3.4829285, 3.4829285, 3.4829285], dtype=float32), array([nan, nan, nan], dtype=float32), array([3.4849155, 3.4849155, 3.4849155], dtype=float32), array([3.4855726, 3.4855726, 3.4855726], dtype=float32), array([3.4862719, 3.4862719, 3.4862719], dtype=float32), array([3.4870267, 3.4870267, 3.4870267], dtype=float32), array([3.4879577, 3.4879577, 3.4879577], dtype=float32), array([3.4887452, 3.4887452, 3.4887452], dtype=float32), array([3.4892647, 3.4892647, 3.4892647], dtype=float32), array([3.4901607, 3.4901607, 3.4901607], dtype=float32), array([3.491038, 3.491038, 3.491038], dtype=float32), array([3.4913526, 3.4913526, 3.4913526], dtype=float32), array([3.4916506, 3.4916506, 3.4916506], dtype=float32), array([3.4920247, 3.4920247, 3.4920247], dtype=float32), array([3.4924164, 3.4924164, 3.4924164], dtype=float32), array([3.4930153, 3.4930153, 3.4930153], dtype=float32), array([3.493303, 3.493303, 3.493303], dtype=float32), array([3.4937704, 3.4937704, 3.4937704], dtype=float32), array([3.4944131, 3.4944131, 3.4944131], dtype=float32), array([3.4956899, 3.4956899, 3.4956899], dtype=float32), array([3.4969578, 3.4969578, 3.4969578], dtype=float32), array([3.498326, 3.498326, 3.498326], dtype=float32), array([3.4994504, 3.4994504, 3.4994504], dtype=float32), array([3.5008736, 3.5008736, 3.5008736], dtype=float32)]",1,0,0,0,0,0,54.51007751937984,55.60310077519381,0.0001650229125178585,88000,9.79,0.00037961289024018955,88000,9.79,2000,2000,0.3594299548402571,0.0,81158,999.0,0.0020721436012536287,0.19480451941490173,-0.019458793103694916,1.0,44.0,0.0013802934991,1362636,0.3294791281223297,-0.011886119842529297,0.4722185432910919,2.754443926278327e-07,4840.60986328125,30969,344.34489077727505,0.0,0.0,23810,999.0,30969,0.0393447157605,1362636,1.0,44.0,0.0013802934991,344.34462887279744,0,93000,4092000,61938,104968,2725272,1034.0697115114642,6211897.026368312,6544537.738890385,2.0,88100,2,1.0067001111073661,9.9,10.5,0.000151380068429713,6.299920914032164e-05,2200,2,0.0022640305595996325,50,0.18451277021184428,44.0,0.00028487181556177145,9.5,100,1.0067001111073661,0.00023331464619491204,0.0005291026937205605,4400,100,4400,9.9,9.9,100,4.6926483523123996e-05,7.581426755056877e-06,6.90688681069396e-06,2.0382915942323377e-05,3.345701359911348e-05,5.076680900196091e-05,2.9405217089753384e-05,0.00016093206655792394,2.9493935249650406e-05,1.659651272818546e-05,2.252625683979635e-05,0.056200165477774185,0.006718925562364843,0.06392642407665296,0.18186479616273624,0.030371929240807522,0.019276337622359425,0.00017776306627910617,1364.0,0.03419715166091919,0.4722185730934143,0.32376063,498.0,120.45477294921875,108066,0.19072075188159943,1.0,0.002287699142470956,4754904,-0.0255496297031641,1321.0,1364.0,4754904,0.0,108066,498.0,1321.0,9509808,651000,28644000,216132,9801.254252466686,6.176621999471907e-05,2.787441357559594e-05,4.8077827036238925e-05,1.0238995064656838e-05,9.28083882149857e-06,7.04491189701623e-05,2.4242897108139192e-05,4.2688046514632805e-05,3.157220302409606e-05,4.218226196174588e-05,0.0002169974490610466
1,90000,False,45,d23ef_00000,2025-08-17_21-39-26,1755466766,92.59116768836975,4205.981937408447,685888,intrinsic-attention2,10.156.0.3,4205.981937408447,45,92.15915854350753,1.4599499869432056e-05,92.15887399121219,2.7963527589264188,88.99315333948668,0.0020370161581665202,0.00027717900229617953,0.0015804735907295254,1000,2.0,10.5,2.7634310157118387,2000,90000,2,-9.5,44.0,1.0067001111073661,0.00010437900715782762,4.760839658892645e-05,1.0067001111073661,9.75,45000,2,264.8829839080341,2000.0,3000.0,"[array([[6.9935619e-19, 1.0000000e+00, 5.5792216e-19],
       [0.0000000e+00, 1.0000000e+00, 0.0000000e+00],
       [1.7047315e-18, 1.0000000e+00, 1.3665387e-18]], dtype=float32), array([[3.8221657e-21, 1.0000000e+00, 3.2021255e-22],
       [0.0000000e+00, 1.0000000e+00, 0.0000000e+00],
       [1.0659603e-17, 1.0000000e+00, 1.3570270e-18]], dtype=float32), array([[6.9635796e-21, 1.0000000e+00, 2.0986725e-25],
       [0.0000000e+00, 1.0000000e+00, 0.0000000e+00],
       [4.7466836e-10, 1.0000000e+00, 3.8483353e-12]], dtype=float32), array([[2.3999078e-24, 1.0000000e+00, 7.3101952e-36],
       [0.0000000e+00, 1.0000000e+00, 0.0000000e+00],
       [2.1279583e-08, 1.0000000e+00, 3.8665299e-12]], dtype=float32), array([[1.1218796e-15, 1.0000000e+00, 5.7662052e-15],
       [0.0000000e+00, 1.0000000e+00, 0.0000000e+00],
       [1.8094367e-19, 1.0000000e+00, 1.4087506e-18]], dtype=float32), array([[1.0085595e-28, 1.0000000e+00, 1.4195758e-28],
       [0.0000000e+00, 1.0000000e+00, 0.0000000e+00],
       [4.1347327e-29, 1.0000000e+00, 5.8473460e-29]], dtype=float32), array([[1.1765812e-15, 1.0000000e+00, 6.0535442e-15],
       [0.0000000e+00, 1.0000000e+00, 0.0000000e+00],
       [1.8986764e-19, 1.0000000e+00, 1.4809382e-18]], dtype=float32), array([[1.6469545e-23, 1.0000000e+00, 1.6989414e-32],
       [0.0000000e+00, 1.0000000e+00, 0.0000000e+00],
       [6.9297030e-09, 1.0000000e+00, 4.1919823e-12]], dtype=float32), array([[3.6760338e-22, 1.0000000e+00, 1.7750740e-28],
       [0.0000000e+00, 1.0000000e+00, 0.0000000e+00],
       [1.6676138e-09, 1.0000000e+00, 4.3201692e-12]], dtype=float32), array([[2.4423821e-32, 1.0000000e+00, 1.2115719e-35],
       [0.0000000e+00, 1.0000000e+00, 0.0000000e+00],
       [3.5568703e-26, 1.0000000e+00, 7.7778025e-29]], dtype=float32), array([[4.9019765e-21, 1.0000000e+00, 4.2287329e-22],
       [0.0000000e+00, 1.0000000e+00, 0.0000000e+00],
       [1.2346126e-17, 1.0000000e+00, 1.6053860e-18]], dtype=float32), array([[8.4076199e-31, 1.0000000e+00, 2.2365925e-32],
       [0.0000000e+00, 1.0000000e+00, 0.0000000e+00],
       [2.1020998e-27, 1.0000000e+00, 8.4241301e-29]], dtype=float32), array([[2.7976851e-32, 1.0000000e+00, 1.4064457e-35],
       [0.0000000e+00, 1.0000000e+00, 0.0000000e+00],
       [3.9881430e-26, 1.0000000e+00, 8.8196602e-29]], dtype=float32), array([[9.0521714e-19, 1.0000000e+00, 7.4159239e-19],
       [0.0000000e+00, 1.0000000e+00, 0.0000000e+00],
       [1.9857021e-18, 1.0000000e+00, 1.6329206e-18]], dtype=float32), array([[1.0154742e-12, 1.0000000e+00, 1.1222629e-11],
       [0.0000000e+00, 1.0000000e+00, 0.0000000e+00],
       [3.2991782e-20, 1.0000000e+00, 1.6342354e-18]], dtype=float32), array([[1.0014353e-30, 1.0000000e+00, 2.7074130e-32],
       [0.0000000e+00, 1.0000000e+00, 0.0000000e+00],
       [2.4335069e-27, 1.0000000e+00, 9.8884845e-29]], dtype=float32), array([[5.1448760e-21, 1.0000000e+00, 4.4792290e-22],
       [0.0000000e+00, 1.0000000e+00, 0.0000000e+00],
       [1.2448702e-17, 1.0000000e+00, 1.6284293e-18]], dtype=float32), array([[1.0407220e-12, 1.0000000e+00, 1.1519331e-11],
       [0.0000000e+00, 1.0000000e+00, 0.0000000e+00],
       [3.3664054e-20, 1.0000000e+00, 1.6745737e-18]], dtype=float32), array([[1.1287910e-30, 1.0000000e+00, 3.0901939e-32],
       [0.0000000e+00, 1.0000000e+00, 0.0000000e+00],
       [2.6739794e-27, 1.0000000e+00, 1.0980266e-28]], dtype=float32), array([[2.7364423e-26, 1.0000000e+00, 4.6215840e-25],
       [0.0000000e+00, 1.0000000e+00, 0.0000000e+00],
       [4.4074967e-30, 1.0000000e+00, 1.1322682e-28]], dtype=float32), array([[3.1679899e-26, 1.0000000e+00, 5.3452441e-25],
       [0.0000000e+00, 1.0000000e+00, 0.0000000e+00],
       [5.0985678e-30, 1.0000000e+00, 1.3097615e-28]], dtype=float32), array([[2.5329275e-28, 1.0000000e+00, 3.5803765e-28],
       [0.0000000e+00, 1.0000000e+00, 0.0000000e+00],
       [1.0254976e-28, 1.0000000e+00, 1.4567256e-28]], dtype=float32), array([[5.5078592e-24, 1.0000000e+00, 2.9602087e-35],
       [0.0000000e+00, 1.0000000e+00, 0.0000000e+00],
       [2.5095581e-08, 1.0000000e+00, 5.2117551e-12]], dtype=float32), array([[3.0630072e-28, 1.0000000e+00, 4.3530129e-28],
       [0.0000000e+00, 1.0000000e+00, 0.0000000e+00],
       [1.2221366e-28, 1.0000000e+00, 1.7457350e-28]], dtype=float32), array([[1.7830011e-20, 1.0000000e+00, 7.7515750e-25],
       [0.0000000e+00, 1.0000000e+00, 0.0000000e+00],
       [5.9795424e-10, 1.0000000e+00, 5.4901882e-12]], dtype=float32), array([[1.3564525e-18, 1.0000000e+00, 1.1519531e-18],
       [0.0000000e+00, 1.0000000e+00, 0.0000000e+00],
       [2.5822281e-18, 1.0000000e+00, 2.1985505e-18]], dtype=float32), array([[1.7775454e-15, 1.0000000e+00, 9.2192218e-15],
       [0.0000000e+00, 1.0000000e+00, 0.0000000e+00],
       [2.8543092e-19, 1.0000000e+00, 2.2608331e-18]], dtype=float32), array([[8.5567278e-21, 1.0000000e+00, 7.8904347e-22],
       [0.0000000e+00, 1.0000000e+00, 0.0000000e+00],
       [1.7180110e-17, 1.0000000e+00, 2.3452692e-18]], dtype=float32), array([[1.3969204e-12, 1.0000000e+00, 1.5384990e-11],
       [0.0000000e+00, 1.0000000e+00, 0.0000000e+00],
       [4.7008086e-20, 1.0000000e+00, 2.3491104e-18]], dtype=float32), array([[2.9708160e-30, 1.0000000e+00, 8.9608264e-32],
       [0.0000000e+00, 1.0000000e+00, 0.0000000e+00],
       [5.8218008e-27, 1.0000000e+00, 2.5945673e-28]], dtype=float32), array([[9.9672047e-32, 1.0000000e+00, 5.8371210e-35],
       [0.0000000e+00, 1.0000000e+00, 0.0000000e+00],
       [1.0905685e-25, 1.0000000e+00, 2.7223629e-28]], dtype=float32)]","[array([3.5020356, 3.5020356, 3.5020356], dtype=float32), array([3.5038383, 3.5038383, 3.5038383], dtype=float32), array([3.5089638, 3.5089638, 3.5089638], dtype=float32), array([3.5143657, 3.5143657, 3.5143657], dtype=float32), array([3.5208821, 3.5208821, 3.5208821], dtype=float32), array([3.524219, 3.524219, 3.524219], dtype=float32), array([3.5282829, 3.5282829, 3.5282829], dtype=float32), array([3.5299911, 3.5299911, 3.5299911], dtype=float32), array([3.5332024, 3.5332024, 3.5332024], dtype=float32), array([3.5378413, 3.5378413, 3.5378413], dtype=float32), array([3.5445783, 3.5445783, 3.5445783], dtype=float32), array([3.5505602, 3.5505602, 3.5505602], dtype=float32), array([3.5574524, 3.5574524, 3.5574524], dtype=float32), array([3.5640876, 3.5640876, 3.5640876], dtype=float32), array([3.5698316, 3.5698316, 3.5698316], dtype=float32), array([3.5751195, 3.5751195, 3.5751195], dtype=float32), array([3.5799098, 3.5799098, 3.5799098], dtype=float32), array([3.5852578, 3.5852578, 3.5852578], dtype=float32), array([3.5909917, 3.5909917, 3.5909917], dtype=float32), array([3.5977283, 3.5977283, 3.5977283], dtype=float32), array([3.6042602, 3.6042602, 3.6042602], dtype=float32), array([3.6111827, 3.6111827, 3.6111827], dtype=float32), array([3.617901, 3.617901, 3.617901], dtype=float32), array([3.6243355, 3.6243355, 3.6243355], dtype=float32), array([3.6299202, 3.6299202, 3.6299202], dtype=float32), array([3.6351428, 3.6351428, 3.6351428], dtype=float32), array([3.6400154, 3.6400154, 3.6400154], dtype=float32), array([3.6460884, 3.6460884, 3.6460884], dtype=float32), array([3.6524434, 3.6524434, 3.6524434], dtype=float32), array([3.657765, 3.657765, 3.657765], dtype=float32), array([3.6625705, 3.6625705, 3.6625705], dtype=float32)]","[array([nan, nan, nan], dtype=float32), array([3.503839, 3.503839, 3.503839], dtype=float32), array([3.5089633, 3.5089633, 3.5089633], dtype=float32), array([3.5143654, 3.5143654, 3.5143654], dtype=float32), array([3.5208826, 3.5208826, 3.5208826], dtype=float32), array([nan, nan, nan], dtype=float32), array([3.5282836, 3.5282836, 3.5282836], dtype=float32), array([nan, nan, nan], dtype=float32), array([3.533202, 3.533202, 3.533202], dtype=float32), array([3.5378408, 3.5378408, 3.5378408], dtype=float32), array([nan, nan, nan], dtype=float32), array([3.5505602, 3.5505602, 3.5505602], dtype=float32), array([3.5574515, 3.5574515, 3.5574515], dtype=float32), array([3.5640888, 3.5640888, 3.5640888], dtype=float32), array([nan, nan, nan], dtype=float32), array([3.5751195, 3.5751195, 3.5751195], dtype=float32), array([3.5799098, 3.5799098, 3.5799098], dtype=float32), array([3.585257, 3.585257, 3.585257], dtype=float32), array([3.590991, 3.590991, 3.590991], dtype=float32), array([3.5977278, 3.5977278, 3.5977278], dtype=float32), array([3.604261, 3.604261, 3.604261], dtype=float32), array([nan, nan, nan], dtype=float32), array([3.6179018, 3.6179018, 3.6179018], dtype=float32), array([3.6243348, 3.6243348, 3.6243348], dtype=float32), array([3.6299195, 3.6299195, 3.6299195], dtype=float32), array([3.6351423, 3.6351423, 3.6351423], dtype=float32), array([3.6400166, 3.6400166, 3.6400166], dtype=float32), array([3.6460884, 3.6460884, 3.6460884], dtype=float32), array([nan, nan, nan], dtype=float32), array([3.657765, 3.657765, 3.657765], dtype=float32), array([3.6625705, 3.6625705, 3.6625705], dtype=float32)]",1,0,0,0,0,0,54.65833333333333,55.60909090909092,0.00016149744104852163,90000,9.75,0.00037715437629766874,90000,9.75,2000,2000,0.3592034959117578,0.0,81158,999.0,0.005886899307370186,0.15501026809215546,-0.00010990451846737415,1.0,45.0,0.0013802934991,1393605,0.3488830029964447,-0.27289700508117676,0.4722185432910919,1.3772219631391636e-07,4424.9775390625,30969,344.1419894927791,0.0,0.0,23810,999.0,30969,0.0393447157605,1393605,1.0,45.0,0.0013802934991,344.1417374072276,0,93000,4185000,61938,104968,2787210,1033.460339466875,6200055.470997698,6533593.691261804,2.0,90100,2,1.0067001111073661,9.9,10.5,0.00011510272396327318,5.11082962196329e-05,2250,2,0.0019577939994633196,50,0.18399373271978503,45.0,0.0002835379375205498,9.5,100,1.0067001111073661,0.0001831488139410082,0.0004171208005283861,4500,100,4500,9.9,9.9,100,4.4323736180214e-05,7.668873890564945e-06,6.778327128213284e-06,2.0490705662730376e-05,3.333872253378968e-05,4.97507213036881e-05,2.891507647399605e-05,0.00016052082902993768,2.9138696966757654e-05,1.682310933126657e-05,2.2493879589647703e-05,0.05619981264299947,0.006723135846770427,0.06379697629584859,0.1817686069412231,0.03039519250847224,0.019245273306108136,0.00017794318568063597,1395.0,-0.30535733699798584,0.4722185730934143,0.34202412,498.0,127.69583892822266,108066,0.16890983283519745,1.0,0.004195503890514374,4862970,-0.007622006349265575,1351.0,1395.0,4862970,0.0,108066,498.0,1351.0,9725940,651000,29295000,216132,9778.084673254209,4.893765060160485e-05,2.2514716576281444e-05,3.779935768581188e-05,8.43149284774238e-06,7.382386259191198e-06,5.408459609070799e-05,1.8776966992560977e-05,3.304837153537966e-05,2.564979884629304e-05,3.2640557674609494e-05,0.00017483164097434892
1,92000,False,46,d23ef_00000,2025-08-17_21-40-59,1755466859,93.1384015083313,4299.120338916779,685888,intrinsic-attention2,10.156.0.3,4299.120338916779,46,92.16695071905258,1.4596504940976222e-05,92.16666490986013,2.7985616063471612,88.9965710121618,0.00204036221660587,0.00027717900229617953,0.0016416091291466728,1000,2.0,10.5,2.7656728497846492,2000,92000,2,-9.5,45.0,1.0067001111073661,0.00010771069728685643,4.861946061973254e-05,1.0067001111073661,9.85,46000,2,256.3310507300911,2000.0,3000.0,"[array([[1.0212214e-31, 1.0000000e+00, 5.9519303e-35],
       [0.0000000e+00, 1.0000000e+00, 0.0000000e+00],
       [1.1232142e-25, 1.0000000e+00, 2.7959091e-28]], dtype=float32), array([[3.2274237e-30, 1.0000000e+00, 9.8273614e-32],
       [0.0000000e+00, 1.0000000e+00, 0.0000000e+00],
       [6.2084906e-27, 1.0000000e+00, 2.7889319e-28]], dtype=float32), array([[1.0088311e-31, 1.0000000e+00, 5.8484437e-35],
       [0.0000000e+00, 1.0000000e+00, 0.0000000e+00],
       [1.1197831e-25, 1.0000000e+00, 2.7774019e-28]], dtype=float32), array([[8.5137169e-21, 1.0000000e+00, 7.9136148e-22],
       [0.0000000e+00, 1.0000000e+00, 0.0000000e+00],
       [1.6356645e-17, 1.0000000e+00, 2.2425973e-18]], dtype=float32), array([[1.7538232e-15, 1.0000000e+00, 9.1678433e-15],
       [0.0000000e+00, 1.0000000e+00, 0.0000000e+00],
       [2.7935657e-19, 1.0000000e+00, 2.2351500e-18]], dtype=float32), array([[1.0125324e-31, 1.0000000e+00, 5.8584469e-35],
       [0.0000000e+00, 1.0000000e+00, 0.0000000e+00],
       [1.1273479e-25, 1.0000000e+00, 2.7928709e-28]], dtype=float32), array([[1.7552087e-15, 1.0000000e+00, 9.1808622e-15],
       [0.0000000e+00, 1.0000000e+00, 0.0000000e+00],
       [2.7911798e-19, 1.0000000e+00, 2.2352095e-18]], dtype=float32), array([[3.3501570e-30, 1.0000000e+00, 1.0257270e-31],
       [0.0000000e+00, 1.0000000e+00, 0.0000000e+00],
       [6.3815215e-27, 1.0000000e+00, 2.8798339e-28]], dtype=float32), array([[3.4351029e-30, 1.0000000e+00, 1.0545795e-31],
       [0.0000000e+00, 1.0000000e+00, 0.0000000e+00],
       [6.5082542e-27, 1.0000000e+00, 2.9436883e-28]], dtype=float32), array([[7.8252228e-26, 1.0000000e+00, 1.3128856e-24],
       [0.0000000e+00, 1.0000000e+00, 0.0000000e+00],
       [1.2422014e-29, 1.0000000e+00, 3.1934302e-28]], dtype=float32), array([[6.6594392e-28, 1.0000000e+00, 9.4283583e-28],
       [0.0000000e+00, 1.0000000e+00, 0.0000000e+00],
       [2.6837884e-28, 1.0000000e+00, 3.8189022e-28]], dtype=float32), array([[2.0224657e-18, 1.0000000e+00, 1.8190365e-18],
       [0.0000000e+00, 1.0000000e+00, 0.0000000e+00],
       [3.0705569e-18, 1.0000000e+00, 2.7647100e-18]], dtype=float32), array([[1.3551445e-25, 1.0000000e+00, 2.2692073e-24],
       [0.0000000e+00, 1.0000000e+00, 0.0000000e+00],
       [2.1521855e-29, 1.0000000e+00, 5.5429843e-28]], dtype=float32), array([[8.7315811e-30, 1.0000000e+00, 2.9551375e-31],
       [0.0000000e+00, 1.0000000e+00, 0.0000000e+00],
       [1.3478795e-26, 1.0000000e+00, 6.6143989e-28]], dtype=float32), array([[2.1517345e-21, 1.0000000e+00, 1.9869584e-27],
       [0.0000000e+00, 1.0000000e+00, 0.0000000e+00],
       [2.8985154e-09, 1.0000000e+00, 9.3158892e-12]], dtype=float32), array([[1.52450615e-27, 1.00000000e+00, 2.19571594e-27],
       [0.00000000e+00, 1.00000000e+00, 0.00000000e+00],
       [5.87942308e-28, 1.00000000e+00, 8.51583051e-28]], dtype=float32), array([[3.4675910e-18, 1.0000000e+00, 3.2574877e-18],
       [0.0000000e+00, 1.0000000e+00, 0.0000000e+00],
       [4.4370287e-18, 1.0000000e+00, 4.1697927e-18]], dtype=float32), array([[1.4570972e-29, 1.0000000e+00, 5.2122115e-31],
       [0.0000000e+00, 1.0000000e+00, 0.0000000e+00],
       [1.9947134e-26, 1.0000000e+00, 1.0250328e-27]], dtype=float32), array([[1.4997534e-29, 1.0000000e+00, 5.3820568e-31],
       [0.0000000e+00, 1.0000000e+00, 0.0000000e+00],
       [2.0387010e-26, 1.0000000e+00, 1.0504421e-27]], dtype=float32), array([[2.2072458e-20, 1.0000000e+00, 2.2844275e-21],
       [0.0000000e+00, 1.0000000e+00, 0.0000000e+00],
       [2.9854682e-17, 1.0000000e+00, 4.4346426e-18]], dtype=float32), array([[3.3762009e-15, 1.0000000e+00, 1.7737532e-14],
       [0.0000000e+00, 1.0000000e+00, 0.0000000e+00],
       [5.3635823e-19, 1.0000000e+00, 4.3556262e-18]], dtype=float32), array([[2.0704331e-20, 1.0000000e+00, 2.1314334e-21],
       [0.0000000e+00, 1.0000000e+00, 0.0000000e+00],
       [2.8360784e-17, 1.0000000e+00, 4.1944091e-18]], dtype=float32), array([[3.0601196e-15, 1.0000000e+00, 1.6103636e-14],
       [0.0000000e+00, 1.0000000e+00, 0.0000000e+00],
       [4.8609775e-19, 1.0000000e+00, 3.9506977e-18]], dtype=float32), array([[2.2665348e-12, 1.0000000e+00, 2.5248989e-11],
       [0.0000000e+00, 1.0000000e+00, 0.0000000e+00],
       [7.1143491e-20, 1.0000000e+00, 3.7460574e-18]], dtype=float32), array([[1.6689409e-20, 1.0000000e+00, 1.6838209e-21],
       [0.0000000e+00, 1.0000000e+00, 0.0000000e+00],
       [2.4174661e-17, 1.0000000e+00, 3.5190282e-18]], dtype=float32), array([[2.51760808e-15, 1.00000000e+00, 1.32850765e-14],
       [0.00000000e+00, 1.00000000e+00, 0.00000000e+00],
       [3.99659447e-19, 1.00000000e+00, 3.25131777e-18]], dtype=float32), array([[4.9670328e-20, 1.0000000e+00, 2.9478971e-24],
       [0.0000000e+00, 1.0000000e+00, 0.0000000e+00],
       [8.5665736e-10, 1.0000000e+00, 8.8623327e-12]], dtype=float32), array([[1.3373127e-20, 1.0000000e+00, 1.3191478e-21],
       [0.0000000e+00, 1.0000000e+00, 0.0000000e+00],
       [2.0727912e-17, 1.0000000e+00, 2.9655012e-18]], dtype=float32), array([[1.4043620e-25, 1.0000000e+00, 2.3486105e-24],
       [0.0000000e+00, 1.0000000e+00, 0.0000000e+00],
       [2.2280038e-29, 1.0000000e+00, 5.7316267e-28]], dtype=float32), array([[2.0653335e-31, 1.0000000e+00, 1.2748861e-34],
       [0.0000000e+00, 1.0000000e+00, 0.0000000e+00],
       [2.0135136e-25, 1.0000000e+00, 5.2584527e-28]], dtype=float32), array([[2.012438e-18, 1.000000e+00, 1.847485e-18],
       [0.000000e+00, 1.000000e+00, 0.000000e+00],
       [2.817852e-18, 1.000000e+00, 2.588708e-18]], dtype=float32)]","[array([3.6630435, 3.6630435, 3.6630435], dtype=float32), array([3.6696782, 3.6696782, 3.6696782], dtype=float32), array([3.6758432, 3.6758432, 3.6758432], dtype=float32), array([3.681655, 3.681655, 3.681655], dtype=float32), array([3.6872911, 3.6872911, 3.6872911], dtype=float32), array([3.6925538, 3.6925538, 3.6925538], dtype=float32), array([3.6975317, 3.6975317, 3.6975317], dtype=float32), array([3.702332, 3.702332, 3.702332], dtype=float32), array([3.7062535, 3.7062535, 3.7062535], dtype=float32), array([3.7076342, 3.7076342, 3.7076342], dtype=float32), array([3.706856, 3.706856, 3.706856], dtype=float32), array([3.7056003, 3.7056003, 3.7056003], dtype=float32), array([3.702656, 3.702656, 3.702656], dtype=float32), array([3.6990502, 3.6990502, 3.6990502], dtype=float32), array([3.6960876, 3.6960876, 3.6960876], dtype=float32), array([3.6923685, 3.6923685, 3.6923685], dtype=float32), array([3.6893663, 3.6893663, 3.6893663], dtype=float32), array([3.6870146, 3.6870146, 3.6870146], dtype=float32), array([3.6855204, 3.6855204, 3.6855204], dtype=float32), array([3.6844058, 3.6844058, 3.6844058], dtype=float32), array([3.6837242, 3.6837242, 3.6837242], dtype=float32), array([3.6840508, 3.6840508, 3.6840508], dtype=float32), array([3.684013, 3.684013, 3.684013], dtype=float32), array([3.6847231, 3.6847231, 3.6847231], dtype=float32), array([3.6862447, 3.6862447, 3.6862447], dtype=float32), array([3.6864474, 3.6864474, 3.6864474], dtype=float32), array([3.6862218, 3.6862218, 3.6862218], dtype=float32), array([3.6870341, 3.6870341, 3.6870341], dtype=float32), array([3.686447, 3.686447, 3.686447], dtype=float32), array([3.6876755, 3.6876755, 3.6876755], dtype=float32), array([3.689334, 3.689334, 3.689334], dtype=float32)]","[array([nan, nan, nan], dtype=float32), array([nan, nan, nan], dtype=float32), array([3.6758442, 3.6758442, 3.6758442], dtype=float32), array([3.6816545, 3.6816545, 3.6816545], dtype=float32), array([nan, nan, nan], dtype=float32), array([3.6925533, 3.6925533, 3.6925533], dtype=float32), array([nan, nan, nan], dtype=float32), array([3.702332, 3.702332, 3.702332], dtype=float32), array([3.706254, 3.706254, 3.706254], dtype=float32), array([3.7076344, 3.7076344, 3.7076344], dtype=float32), array([nan, nan, nan], dtype=float32), array([3.7055998, 3.7055998, 3.7055998], dtype=float32), array([nan, nan, nan], dtype=float32), array([nan, nan, nan], dtype=float32), array([3.696088, 3.696088, 3.696088], dtype=float32), array([3.692369, 3.692369, 3.692369], dtype=float32), array([3.6893666, 3.6893666, 3.6893666], dtype=float32), array([nan, nan, nan], dtype=float32), array([3.685521, 3.685521, 3.685521], dtype=float32), array([nan, nan, nan], dtype=float32), array([3.6837246, 3.6837246, 3.6837246], dtype=float32), array([3.6840496, 3.6840496, 3.6840496], dtype=float32), array([3.6840124, 3.6840124, 3.6840124], dtype=float32), array([nan, nan, nan], dtype=float32), array([nan, nan, nan], dtype=float32), array([3.6864479, 3.6864479, 3.6864479], dtype=float32), array([nan, nan, nan], dtype=float32), array([nan, nan, nan], dtype=float32), array([nan, nan, nan], dtype=float32), array([3.6876755, 3.6876755, 3.6876755], dtype=float32), array([nan, nan, nan], dtype=float32)]",1,0,0,0,0,0,54.53007518796993,55.639849624060155,0.00016588295897993274,92000,9.85,0.00038624724072938813,92000,9.85,2000,2000,0.3613790008725472,0.0,81158,999.0,0.003991932608187199,0.19152316451072693,-0.005539026577025652,1.0,46.0,0.0013802934991,1424574,0.3434034585952759,-0.7304971218109131,0.4722185432910919,6.886109815695818e-08,4100.5986328125,30969,343.94208968881816,0.0,0.0,23810,999.0,30969,0.0393447157605,1424574,1.0,46.0,0.0013802934991,343.94184518348357,0,93000,4278000,61938,104968,2849148,1032.8599940657239,6204267.850242147,6541257.669130912,2.0,92100,2,1.0067001111073661,9.9,10.5,0.00014005910460605228,5.935257489274786e-05,2300,2,0.0019383045101130847,50,0.18397764883258788,46.0,0.00028263004822954354,9.5,100,1.0067001111073661,0.00021659150159983892,0.0004953940395000148,4600,100,4600,9.9,9.9,100,4.521346386952116e-05,7.878172163295652e-06,6.983810937732946e-06,2.0833363200077176e-05,3.452706534945731e-05,5.07621624762427e-05,2.9870901907694376e-05,0.00016468627490079398,3.0164507057143036e-05,1.716784425162244e-05,2.254668414413843e-05,0.05619812669659265,0.009118448928361715,0.06364023647294108,0.18169701071182764,0.03042470540338367,0.019222923803095027,0.00017792316375741344,1426.0,-0.30345356464385986,0.4722185730934143,0.3479198,498.0,127.80412292480469,108066,0.19362221658229828,1.0,0.0039339675568044186,4971036,-0.0016503334045410156,1381.0,1426.0,4971036,0.0,108066,498.0,1381.0,9942072,651000,29946000,216132,9751.503344262139,5.781764892310797e-05,2.6094154995544195e-05,4.438757362168483e-05,9.831360960617754e-06,8.660728179482676e-06,6.578842272397131e-05,2.2368941767655356e-05,3.92765200532333e-05,3.0253651730732936e-05,3.890219892514575e-05,0.00020403480003721236
1,94000,False,47,d23ef_00000,2025-08-17_21-42-30,1755466950,90.95478391647339,4390.075122833252,685888,intrinsic-attention2,10.156.0.3,4390.075122833252,47,92.15272904082204,1.4558529945514475e-05,92.15244271603154,2.799723177883573,88.9815906384502,0.0020391112545372725,0.00027717900229617953,0.001597480250056833,1000,2.0,10.5,2.766852004376872,2000,94000,2,9.5,46.0,1.0067001111073661,0.00010872561569870869,4.7626698385611414e-05,1.0067001111073661,9.93,47000,2,248.02581165518632,2000.0,3000.0,"[array([[5.6100293e-30, 1.0000000e+00, 1.8190662e-31],
       [0.0000000e+00, 1.0000000e+00, 0.0000000e+00],
       [9.4375390e-27, 1.0000000e+00, 4.4664867e-28]], dtype=float32), array([[1.6556090e-31, 1.0000000e+00, 9.9559791e-35],
       [0.0000000e+00, 1.0000000e+00, 0.0000000e+00],
       [1.6603450e-25, 1.0000000e+00, 4.2392183e-28]], dtype=float32), array([[5.1698576e-30, 1.0000000e+00, 1.6714609e-31],
       [0.0000000e+00, 1.0000000e+00, 0.0000000e+00],
       [8.6638097e-27, 1.0000000e+00, 4.0869846e-28]], dtype=float32), array([[1.5093595e-31, 1.0000000e+00, 8.9738456e-35],
       [0.0000000e+00, 1.0000000e+00, 0.0000000e+00],
       [1.5207033e-25, 1.0000000e+00, 3.8418865e-28]], dtype=float32), array([[1.9982278e-15, 1.0000000e+00, 1.0484874e-14],
       [0.0000000e+00, 1.0000000e+00, 0.0000000e+00],
       [3.1518725e-19, 1.0000000e+00, 2.5391996e-18]], dtype=float32), array([[8.8221866e-21, 1.0000000e+00, 8.2874834e-22],
       [0.0000000e+00, 1.0000000e+00, 0.0000000e+00],
       [1.6252403e-17, 1.0000000e+00, 2.2439237e-18]], dtype=float32), array([[3.4617315e-28, 1.0000000e+00, 4.7491304e-28],
       [0.0000000e+00, 1.0000000e+00, 0.0000000e+00],
       [1.5230057e-28, 1.0000000e+00, 2.0979810e-28]], dtype=float32), array([[3.4631844e-28, 1.0000000e+00, 4.7585059e-28],
       [0.0000000e+00, 1.0000000e+00, 0.0000000e+00],
       [1.5177048e-28, 1.0000000e+00, 2.0940391e-28]], dtype=float32), array([[2.3004756e-20, 1.0000000e+00, 9.2039242e-25],
       [0.0000000e+00, 1.0000000e+00, 0.0000000e+00],
       [7.9857621e-10, 1.0000000e+00, 7.3273852e-12]], dtype=float32), array([[4.2336269e-28, 1.0000000e+00, 5.9593121e-28],
       [0.0000000e+00, 1.0000000e+00, 0.0000000e+00],
       [1.7409734e-28, 1.0000000e+00, 2.4624632e-28]], dtype=float32), array([[1.9849220e-18, 1.0000000e+00, 1.7791642e-18],
       [0.0000000e+00, 1.0000000e+00, 0.0000000e+00],
       [3.0588078e-18, 1.0000000e+00, 2.7449219e-18]], dtype=float32), array([[2.6857112e-30, 1.0000000e+00, 8.2089384e-32],
       [0.0000000e+00, 1.0000000e+00, 0.0000000e+00],
       [4.9832035e-27, 1.0000000e+00, 2.2395597e-28]], dtype=float32), array([[4.5788939e-23, 1.0000000e+00, 6.9857302e-32],
       [0.0000000e+00, 1.0000000e+00, 0.0000000e+00],
       [1.0000265e-08, 1.0000000e+00, 6.9612081e-12]], dtype=float32), array([[4.3717249e-32, 1.0000000e+00, 2.0462102e-35],
       [0.0000000e+00, 1.0000000e+00, 0.0000000e+00],
       [6.5140202e-26, 1.0000000e+00, 1.3791370e-28]], dtype=float32), array([[1.7585010e-28, 1.0000000e+00, 2.2301732e-28],
       [0.0000000e+00, 1.0000000e+00, 0.0000000e+00],
       [9.5066159e-29, 1.0000000e+00, 1.2084052e-28]], dtype=float32), array([[2.9020164e-32, 1.0000000e+00, 1.2124135e-35],
       [0.0000000e+00, 1.0000000e+00, 0.0000000e+00],
       [5.1836716e-26, 1.0000000e+00, 1.0126228e-28]], dtype=float32), array([[2.0456421e-26, 1.0000000e+00, 3.5118411e-25],
       [0.0000000e+00, 1.0000000e+00, 0.0000000e+00],
       [3.1951087e-30, 1.0000000e+00, 8.3586365e-29]], dtype=float32), array([[2.0031903e-21, 1.0000000e+00, 1.6598282e-22],
       [0.0000000e+00, 1.0000000e+00, 0.0000000e+00],
       [4.9868775e-18, 1.0000000e+00, 6.2179017e-19]], dtype=float32), array([[4.8013481e-31, 1.0000000e+00, 1.2219757e-32],
       [0.0000000e+00, 1.0000000e+00, 0.0000000e+00],
       [1.3130990e-27, 1.0000000e+00, 5.0667148e-29]], dtype=float32), array([[3.9929318e-29, 1.0000000e+00, 4.2076065e-29],
       [0.0000000e+00, 1.0000000e+00, 0.0000000e+00],
       [3.4909972e-29, 1.0000000e+00, 3.6790787e-29]], dtype=float32), array([[5.1234862e-22, 1.0000000e+00, 3.7963111e-23],
       [0.0000000e+00, 1.0000000e+00, 0.0000000e+00],
       [1.6162253e-18, 1.0000000e+00, 1.8367116e-19]], dtype=float32), array([[9.2497890e-17, 1.0000000e+00, 5.2472632e-16],
       [0.0000000e+00, 1.0000000e+00, 0.0000000e+00],
       [1.4597466e-20, 1.0000000e+00, 1.2497222e-19]], dtype=float32), array([[6.3012422e-17, 1.0000000e+00, 3.6120052e-16],
       [0.0000000e+00, 1.0000000e+00, 0.0000000e+00],
       [9.9714054e-21, 1.0000000e+00, 8.6095776e-20]], dtype=float32), array([[1.1239454e-13, 1.0000000e+00, 1.6968635e-12],
       [0.0000000e+00, 1.0000000e+00, 0.0000000e+00],
       [7.7095051e-22, 1.0000000e+00, 6.4439722e-20]], dtype=float32), array([[1.1599233e-22, 1.0000000e+00, 7.5819567e-24],
       [0.0000000e+00, 1.0000000e+00, 0.0000000e+00],
       [4.7890485e-19, 1.0000000e+00, 4.9076858e-20]], dtype=float32), array([[6.1064651e-32, 1.0000000e+00, 1.2570813e-33],
       [0.0000000e+00, 1.0000000e+00, 0.0000000e+00],
       [2.5266451e-28, 1.0000000e+00, 8.1568174e-30]], dtype=float32), array([[5.0112631e-20, 1.0000000e+00, 5.0597846e-20],
       [0.0000000e+00, 1.0000000e+00, 0.0000000e+00],
       [4.8282458e-20, 1.0000000e+00, 4.8750326e-20]], dtype=float32), array([[4.7305803e-20, 1.0000000e+00, 4.7791727e-20],
       [0.0000000e+00, 1.0000000e+00, 0.0000000e+00],
       [4.5475676e-20, 1.0000000e+00, 4.5943327e-20]], dtype=float32), array([[1.1142724e-27, 1.0000000e+00, 1.9442368e-26],
       [0.0000000e+00, 1.0000000e+00, 0.0000000e+00],
       [1.7951870e-31, 1.0000000e+00, 4.6839233e-30]], dtype=float32), array([[7.7573805e-23, 1.0000000e+00, 4.8257501e-24],
       [0.0000000e+00, 1.0000000e+00, 0.0000000e+00],
       [3.7366786e-19, 1.0000000e+00, 3.6917769e-20]], dtype=float32), array([[2.1192118e-32, 1.0000000e+00, 3.9322623e-34],
       [0.0000000e+00, 1.0000000e+00, 0.0000000e+00],
       [1.0548908e-28, 1.0000000e+00, 3.1173339e-30]], dtype=float32)]","[array([3.6928365, 3.6928365, 3.6928365], dtype=float32), array([3.6996121, 3.6996121, 3.6996121], dtype=float32), array([3.7054374, 3.7054374, 3.7054374], dtype=float32), array([3.716556, 3.716556, 3.716556], dtype=float32), array([3.7290413, 3.7290413, 3.7290413], dtype=float32), array([3.7454867, 3.7454867, 3.7454867], dtype=float32), array([3.7616684, 3.7616684, 3.7616684], dtype=float32), array([3.7809443, 3.7809443, 3.7809443], dtype=float32), array([3.8021042, 3.8021042, 3.8021042], dtype=float32), array([3.8296013, 3.8296013, 3.8296013], dtype=float32), array([3.857194, 3.857194, 3.857194], dtype=float32), array([3.894523, 3.894523, 3.894523], dtype=float32), array([3.9307358, 3.9307358, 3.9307358], dtype=float32), array([3.980816, 3.980816, 3.980816], dtype=float32), array([4.036503, 4.036503, 4.036503], dtype=float32), array([4.08928, 4.08928, 4.08928], dtype=float32), array([4.1346555, 4.1346555, 4.1346555], dtype=float32), array([4.17466, 4.17466, 4.17466], dtype=float32), array([4.2182207, 4.2182207, 4.2182207], dtype=float32), array([4.26088, 4.26088, 4.26088], dtype=float32), array([4.285523, 4.285523, 4.285523], dtype=float32), array([4.307534, 4.307534, 4.307534], dtype=float32), array([4.32711, 4.32711, 4.32711], dtype=float32), array([4.3458643, 4.3458643, 4.3458643], dtype=float32), array([4.3624263, 4.3624263, 4.3624263], dtype=float32), array([4.3802075, 4.3802075, 4.3802075], dtype=float32), array([4.3976665, 4.3976665, 4.3976665], dtype=float32), array([4.4140663, 4.4140663, 4.4140663], dtype=float32), array([4.424187, 4.424187, 4.424187], dtype=float32), array([4.43488, 4.43488, 4.43488], dtype=float32), array([4.4456944, 4.4456944, 4.4456944], dtype=float32)]","[array([nan, nan, nan], dtype=float32), array([nan, nan, nan], dtype=float32), array([nan, nan, nan], dtype=float32), array([nan, nan, nan], dtype=float32), array([nan, nan, nan], dtype=float32), array([nan, nan, nan], dtype=float32), array([nan, nan, nan], dtype=float32), array([nan, nan, nan], dtype=float32), array([nan, nan, nan], dtype=float32), array([nan, nan, nan], dtype=float32), array([nan, nan, nan], dtype=float32), array([nan, nan, nan], dtype=float32), array([nan, nan, nan], dtype=float32), array([nan, nan, nan], dtype=float32), array([nan, nan, nan], dtype=float32), array([nan, nan, nan], dtype=float32), array([nan, nan, nan], dtype=float32), array([nan, nan, nan], dtype=float32), array([nan, nan, nan], dtype=float32), array([nan, nan, nan], dtype=float32), array([nan, nan, nan], dtype=float32), array([nan, nan, nan], dtype=float32), array([nan, nan, nan], dtype=float32), array([nan, nan, nan], dtype=float32), array([nan, nan, nan], dtype=float32), array([nan, nan, nan], dtype=float32), array([nan, nan, nan], dtype=float32), array([nan, nan, nan], dtype=float32), array([nan, nan, nan], dtype=float32), array([nan, nan, nan], dtype=float32), array([nan, nan, nan], dtype=float32)]",1,0,0,0,0,0,54.490769230769224,55.65615384615384,0.00016513202093989046,94000,9.93,0.0003839443499093358,94000,9.93,2000,2000,0.3609892157237705,0.0,81158,999.0,0.04879111796617508,0.30446183681488037,-0.031200362369418144,1.0,47.0,0.0013802934991,1455543,0.3175862431526184,-1.0,0.4722185432910919,1.0329164723543727e-07,2385.642333984375,30969,344.12877211662425,0.0,0.0,23810,999.0,30969,0.0393447157605,1455543,1.0,47.0,0.0013802934991,344.1285311370394,0,93000,4371000,61938,104968,2911086,1033.4205657551674,6201171.208984305,6538529.662002072,2.0,94100,2,1.0067001111073661,9.9,10.5,0.00015288048214029412,6.369987766654503e-05,2350,2,0.0022981786700256635,50,0.18404601517433258,47.0,0.0002819770978234392,9.5,100,1.0067001111073661,0.00023491037101090913,0.0005345670531424318,4700,100,4700,9.9,9.9,100,4.5488853299795374e-05,7.578423300960335e-06,6.893696988064242e-06,2.0597271013776338e-05,3.4550542990991864e-05,5.063568423410474e-05,2.9649632685528165e-05,0.00016302768209939647,3.0090566812820338e-05,1.7167730668866262e-05,2.2497817466471323e-05,0.056199935319628955,0.009094878619084885,0.0634907447482409,0.18152626190474344,0.030398534009375765,0.01919970147506454,0.00017785659213400302,1457.0,-1.0,0.4722185730934143,0.33479568,498.0,134.5774383544922,108066,0.2985021471977234,1.0,0.04611701890826225,5079102,-0.021390629932284355,1411.0,1457.0,5079102,0.0,108066,498.0,1411.0,10158204,651000,30597000,216132,9736.39949689799,6.225525183080476e-05,2.797690578732649e-05,4.835754887411023e-05,1.0483179806389417e-05,9.365184340128248e-06,7.115358884843671e-05,2.4389386796395277e-05,4.272124041816886e-05,3.200420803099952e-05,4.2564613837654454e-05,0.000218170378836261
1,96000,False,48,d23ef_00000,2025-08-17_21-44-00,1755467040,90.03318285942078,4480.108305692673,685888,intrinsic-attention2,10.156.0.3,4480.108305692673,48,92.12964479670372,1.4552934652632828e-05,92.12935702930122,2.8018751964047564,88.95432947835567,0.00204265697195816,0.00027717900229617953,0.0015583314905234147,1000,2.0,10.5,2.769018966153149,2000,96000,2,-10.5,47.0,1.0067001111073661,0.00010315473666129183,4.612676912164477e-05,1.0067001111073661,9.7,48000,2,239.96514279134308,2000.0,3000.0,"[array([[4.0368908e-20, 1.0000000e+00, 3.9270135e-20],
       [0.0000000e+00, 1.0000000e+00, 0.0000000e+00],
       [4.4916902e-20, 1.0000000e+00, 4.3697176e-20]], dtype=float32), array([[3.0523508e-25, 1.0000000e+00, 7.4921706e-38],
       [0.0000000e+00, 1.0000000e+00, 0.0000000e+00],
       [1.9801600e-08, 1.0000000e+00, 2.1594081e-12]], dtype=float32), array([[9.2688104e-28, 1.0000000e+00, 1.6328267e-26],
       [0.0000000e+00, 1.0000000e+00, 0.0000000e+00],
       [1.5089795e-31, 1.0000000e+00, 3.9737385e-30]], dtype=float32), array([[2.1949076e-16, 1.0000000e+00, 1.9062198e-12],
       [0.0000000e+00, 1.0000000e+00, 0.0000000e+00],
       [0.0000000e+00, 1.0000000e+00, 1.5614548e-37]], dtype=float32), array([[4.2286673e-30, 1.0000000e+00, 3.9017584e-30],
       [0.0000000e+00, 1.0000000e+00, 0.0000000e+00],
       [5.1833647e-30, 1.0000000e+00, 4.7838178e-30]], dtype=float32), array([[2.7803785e-22, 1.0000000e+00, 1.8920425e-23],
       [0.0000000e+00, 1.0000000e+00, 0.0000000e+00],
       [1.1702991e-18, 1.0000000e+00, 1.2513012e-19]], dtype=float32), array([[1.0800906e-16, 1.0000000e+00, 5.9403289e-16],
       [0.0000000e+00, 1.0000000e+00, 0.0000000e+00],
       [1.7621545e-20, 1.0000000e+00, 1.4521550e-19]], dtype=float32), array([[2.1662797e-13, 1.0000000e+00, 2.8920113e-12],
       [0.0000000e+00, 1.0000000e+00, 0.0000000e+00],
       [2.4767448e-21, 1.0000000e+00, 1.6794347e-19]], dtype=float32), array([[1.4161149e-27, 1.0000000e+00, 2.5029335e-26],
       [0.0000000e+00, 1.0000000e+00, 0.0000000e+00],
       [2.3126227e-31, 1.0000000e+00, 6.1290151e-30]], dtype=float32), array([[3.7508072e-24, 1.0000000e+00, 1.0413701e-33],
       [0.0000000e+00, 1.0000000e+00, 0.0000000e+00],
       [6.5059806e-09, 1.0000000e+00, 2.9756124e-12]], dtype=float32), array([[5.4441457e-32, 1.0000000e+00, 1.1247446e-33],
       [0.0000000e+00, 1.0000000e+00, 0.0000000e+00],
       [2.1148227e-28, 1.0000000e+00, 6.8207900e-30]], dtype=float32), array([[7.8472076e-30, 1.0000000e+00, 8.2932372e-30],
       [0.0000000e+00, 1.0000000e+00, 0.0000000e+00],
       [6.8178763e-30, 1.0000000e+00, 7.2062235e-30]], dtype=float32), array([[4.3353397e-24, 1.0000000e+00, 1.2913376e-33],
       [0.0000000e+00, 1.0000000e+00, 0.0000000e+00],
       [6.7718111e-09, 1.0000000e+00, 3.1606009e-12]], dtype=float32), array([[1.9523923e-16, 1.0000000e+00, 1.0510497e-15],
       [0.0000000e+00, 1.0000000e+00, 0.0000000e+00],
       [3.1914825e-20, 1.0000000e+00, 2.5778766e-19]], dtype=float32), array([[1.7883793e-16, 1.0000000e+00, 9.6407077e-16],
       [0.0000000e+00, 1.0000000e+00, 0.0000000e+00],
       [2.9235455e-20, 1.0000000e+00, 2.3631214e-19]], dtype=float32), array([[4.3085800e-32, 1.0000000e+00, 8.6657949e-34],
       [0.0000000e+00, 1.0000000e+00, 0.0000000e+00],
       [1.7776557e-28, 1.0000000e+00, 5.6089166e-30]], dtype=float32), array([[1.5307403e-21, 1.0000000e+00, 2.0797594e-26],
       [0.0000000e+00, 1.0000000e+00, 0.0000000e+00],
       [4.0962309e-10, 1.0000000e+00, 2.6146637e-12]], dtype=float32), array([[1.2578836e-16, 1.0000000e+00, 6.8284143e-16],
       [0.0000000e+00, 1.0000000e+00, 0.0000000e+00],
       [2.0578425e-20, 1.0000000e+00, 1.6712225e-19]], dtype=float32), array([[6.9472956e-34, 1.0000000e+00, 1.4563578e-37],
       [0.0000000e+00, 1.0000000e+00, 0.0000000e+00],
       [3.6066293e-27, 1.0000000e+00, 4.2028399e-30]], dtype=float32), array([[2.1254382e-24, 1.0000000e+00, 5.1416440e-34],
       [0.0000000e+00, 1.0000000e+00, 0.0000000e+00],
       [5.0994586e-09, 1.0000000e+00, 2.1823552e-12]], dtype=float32), array([[7.7543155e-20, 1.0000000e+00, 6.6623627e-20],
       [0.0000000e+00, 1.0000000e+00, 0.0000000e+00],
       [1.4013640e-19, 1.0000000e+00, 1.2064854e-19]], dtype=float32), array([[7.0498348e-20, 1.0000000e+00, 6.0315387e-20],
       [0.0000000e+00, 1.0000000e+00, 0.0000000e+00],
       [1.2947256e-19, 1.0000000e+00, 1.1100978e-19]], dtype=float32), array([[2.8444782e-30, 1.0000000e+00, 2.7713453e-30],
       [0.0000000e+00, 1.0000000e+00, 0.0000000e+00],
       [3.0395967e-30, 1.0000000e+00, 2.9615151e-30]], dtype=float32), array([[6.6100352e-28, 1.0000000e+00, 1.1075915e-23],
       [0.0000000e+00, 1.0000000e+00, 0.0000000e+00],
       [2.3822074e-44, 1.0000000e+00, 1.4449471e-37]], dtype=float32), array([[3.6671454e-34, 1.0000000e+00, 6.7997705e-38],
       [0.0000000e+00, 1.0000000e+00, 0.0000000e+00],
       [2.4283138e-27, 1.0000000e+00, 2.5988141e-30]], dtype=float32), array([[1.1396326e-13, 1.0000000e+00, 1.5562328e-12],
       [0.0000000e+00, 1.0000000e+00, 0.0000000e+00],
       [1.2334002e-21, 1.0000000e+00, 8.4162344e-20]], dtype=float32), array([[2.0265981e-25, 1.0000000e+00, 6.3680865e-38],
       [0.0000000e+00, 1.0000000e+00, 0.0000000e+00],
       [1.4908311e-08, 1.0000000e+00, 1.6242435e-12]], dtype=float32), array([[1.4644916e-22, 1.0000000e+00, 9.2235763e-24],
       [0.0000000e+00, 1.0000000e+00, 0.0000000e+00],
       [7.9575209e-19, 1.0000000e+00, 8.0427223e-20]], dtype=float32), array([[2.5557335e-30, 1.0000000e+00, 2.4525051e-30],
       [0.0000000e+00, 1.0000000e+00, 0.0000000e+00],
       [2.8389930e-30, 1.0000000e+00, 2.7244897e-30]], dtype=float32), array([[5.3660761e-20, 1.0000000e+00, 4.5507781e-20],
       [0.0000000e+00, 1.0000000e+00, 0.0000000e+00],
       [1.0184616e-19, 1.0000000e+00, 8.6577944e-20]], dtype=float32), array([[3.0319304e-30, 1.0000000e+00, 2.9582406e-30],
       [0.0000000e+00, 1.0000000e+00, 0.0000000e+00],
       [3.2284089e-30, 1.0000000e+00, 3.1500160e-30]], dtype=float32)]","[array([4.458302, 4.458302, 4.458302], dtype=float32), array([4.47403, 4.47403, 4.47403], dtype=float32), array([4.4875484, 4.4875484, 4.4875484], dtype=float32), array([4.5006785, 4.5006785, 4.5006785], dtype=float32), array([4.514011, 4.514011, 4.514011], dtype=float32), array([4.5270762, 4.5270762, 4.5270762], dtype=float32), array([4.5394406, 4.5394406, 4.5394406], dtype=float32), array([4.552273, 4.552273, 4.552273], dtype=float32), array([4.5651484, 4.5651484, 4.5651484], dtype=float32), array([4.577073, 4.577073, 4.577073], dtype=float32), array([4.5897055, 4.5897055, 4.5897055], dtype=float32), array([4.601314, 4.601314, 4.601314], dtype=float32), array([4.6135635, 4.6135635, 4.6135635], dtype=float32), array([4.62711, 4.62711, 4.62711], dtype=float32), array([4.639729, 4.639729, 4.639729], dtype=float32), array([4.6507063, 4.6507063, 4.6507063], dtype=float32), array([4.660987, 4.660987, 4.660987], dtype=float32), array([4.6722074, 4.6722074, 4.6722074], dtype=float32), array([4.6831503, 4.6831503, 4.6831503], dtype=float32), array([4.6933217, 4.6933217, 4.6933217], dtype=float32), array([4.7033625, 4.7033625, 4.7033625], dtype=float32), array([4.713738, 4.713738, 4.713738], dtype=float32), array([4.7224693, 4.7224693, 4.7224693], dtype=float32), array([4.732593, 4.732593, 4.732593], dtype=float32), array([4.7432213, 4.7432213, 4.7432213], dtype=float32), array([4.7539525, 4.7539525, 4.7539525], dtype=float32), array([4.7651753, 4.7651753, 4.7651753], dtype=float32), array([4.7756186, 4.7756186, 4.7756186], dtype=float32), array([4.786553, 4.786553, 4.786553], dtype=float32), array([4.7964587, 4.7964587, 4.7964587], dtype=float32), array([4.8059464, 4.8059464, 4.8059464], dtype=float32)]","[array([4.4583025, 4.4583025, 4.4583025], dtype=float32), array([4.47403, 4.47403, 4.47403], dtype=float32), array([4.487548, 4.487548, 4.487548], dtype=float32), array([4.500677, 4.500677, 4.500677], dtype=float32), array([4.51401, 4.51401, 4.51401], dtype=float32), array([4.5270767, 4.5270767, 4.5270767], dtype=float32), array([nan, nan, nan], dtype=float32), array([4.552273, 4.552273, 4.552273], dtype=float32), array([4.565149, 4.565149, 4.565149], dtype=float32), array([nan, nan, nan], dtype=float32), array([4.5897045, 4.5897045, 4.5897045], dtype=float32), array([4.601314, 4.601314, 4.601314], dtype=float32), array([4.6135635, 4.6135635, 4.6135635], dtype=float32), array([4.6271105, 4.6271105, 4.6271105], dtype=float32), array([4.6397295, 4.6397295, 4.6397295], dtype=float32), array([4.6507063, 4.6507063, 4.6507063], dtype=float32), array([4.660987, 4.660987, 4.660987], dtype=float32), array([nan, nan, nan], dtype=float32), array([4.6831503, 4.6831503, 4.6831503], dtype=float32), array([4.693322, 4.693322, 4.693322], dtype=float32), array([4.703363, 4.703363, 4.703363], dtype=float32), array([nan, nan, nan], dtype=float32), array([4.7224693, 4.7224693, 4.7224693], dtype=float32), array([4.732593, 4.732593, 4.732593], dtype=float32), array([4.7432213, 4.7432213, 4.7432213], dtype=float32), array([4.753953, 4.753953, 4.753953], dtype=float32), array([4.7651753, 4.7651753, 4.7651753], dtype=float32), array([4.7756176, 4.7756176, 4.7756176], dtype=float32), array([4.786554, 4.786554, 4.786554], dtype=float32), array([nan, nan, nan], dtype=float32), array([nan, nan, nan], dtype=float32)]",1,0,0,0,0,0,54.512403100775195,55.63953488372093,0.00015978050974573354,96000,9.7,0.000371763444124748,96000,9.7,2000,2000,0.3630278592265352,0.0,81158,999.0,0.0030136669520288706,0.30223730206489563,-0.008747192099690437,1.0,48.0,0.0013802934991,1486512,0.34004250168800354,-0.00506746768951416,0.4722185432910919,5.1645823617718634e-08,1846.08056640625,30969,344.5064177237102,0.0,0.0,23810,999.0,30969,0.0393447157605,1486512,1.0,48.0,0.0013802934991,344.50618316527346,0,93000,4464000,61938,104968,2973024,1034.554593316025,6205151.638081621,6545347.669272018,2.0,96100,2,1.0067001111073661,9.9,10.5,0.00013394781632963175,5.779662005364693e-05,2400,2,0.002209443420433672,50,0.18389683834269513,48.0,0.0002810590369019046,9.5,100,1.0067001111073661,0.00020897468319423573,0.00047801128888441246,4800,100,4800,9.9,9.9,100,4.3352721230378874e-05,7.475424620162727e-06,6.811844033763534e-06,2.0146112607623553e-05,3.331887158346867e-05,4.910301115056983e-05,2.899855347154206e-05,0.00015709614934512618,2.9320496531046233e-05,1.655873639751775e-05,2.2035465627959345e-05,0.05620518662652942,0.009072627372867108,0.06332767687070408,0.18138363556567783,0.03277493311935024,0.01918216809026932,0.00017785327619701118,1488.0,-0.0162050724029541,0.4722185730934143,0.32813808,498.0,137.7679901123047,108066,0.29874444007873535,1.0,0.0026770965196192265,5187168,-0.021085452288389206,1441.0,1488.0,5187168,0.0,108066,498.0,1441.0,10374336,651000,31248000,216132,9729.516977072053,5.621985150580926e-05,2.506375414569981e-05,4.276399315761047e-05,9.622005644568465e-06,8.573926076893214e-06,6.302676849121899e-05,2.161427404171181e-05,3.7745117101154076e-05,2.8665659526483324e-05,3.788167821577531e-05,0.00019808099014717747
1,98000,False,49,d23ef_00000,2025-08-17_21-45-30,1755467130,90.3466944694519,4570.455000162125,685888,intrinsic-attention2,10.156.0.3,4570.455000162125,49,92.11035192546673,1.454976523759409e-05,92.11006301705821,2.8027920666406416,88.93230293577214,0.0020416760222210133,0.00027717900229617953,0.0020356018410529943,1000,2.0,10.5,2.769966221641561,2000,98000,2,9.5,48.0,1.0067001111073661,0.0001245485243434662,5.3724853012939996e-05,1.0067001111073661,10.02,49000,2,232.14605101443624,2000.0,3000.0,"[array([[2.1868998e-32, 1.0000000e+00, 4.0153294e-34],
       [0.0000000e+00, 1.0000000e+00, 0.0000000e+00],
       [1.1293090e-28, 1.0000000e+00, 3.3136791e-30]], dtype=float32), array([[5.1002265e-28, 1.0000000e+00, 8.4360178e-24],
       [0.0000000e+00, 1.0000000e+00, 0.0000000e+00],
       [2.3822074e-44, 1.0000000e+00, 1.2855058e-37]], dtype=float32), array([[1.4885299e-30, 1.0000000e+00, 1.2748303e-30],
       [0.0000000e+00, 1.0000000e+00, 0.0000000e+00],
       [2.2068137e-30, 1.0000000e+00, 1.8916676e-30]], dtype=float32), array([[1.4948219e-17, 1.0000000e+00, 8.5665432e-17],
       [0.0000000e+00, 1.0000000e+00, 0.0000000e+00],
       [2.4609132e-21, 1.0000000e+00, 2.0883916e-20]], dtype=float32), array([[5.8715638e-33, 1.0000000e+00, 9.3257718e-35],
       [0.0000000e+00, 1.0000000e+00, 0.0000000e+00],
       [4.1690696e-29, 1.0000000e+00, 1.0862768e-30]], dtype=float32), array([[7.3037285e-21, 1.0000000e+00, 7.0468203e-21],
       [0.0000000e+00, 1.0000000e+00, 0.0000000e+00],
       [8.3767377e-21, 1.0000000e+00, 8.0829488e-21]], dtype=float32), array([[4.9953832e-35, 1.0000000e+00, 4.1391302e-39],
       [0.0000000e+00, 1.0000000e+00, 0.0000000e+00],
       [1.1630306e-27, 1.0000000e+00, 7.2537405e-31]], dtype=float32), array([[4.8286965e-24, 1.0000000e+00, 2.3468807e-25],
       [0.0000000e+00, 1.0000000e+00, 0.0000000e+00],
       [4.0400490e-20, 1.0000000e+00, 3.2658314e-21]], dtype=float32), array([[4.5145369e-35, 1.0000000e+00, 3.3310140e-39],
       [0.0000000e+00, 1.0000000e+00, 0.0000000e+00],
       [1.2522797e-27, 1.0000000e+00, 7.2632103e-31]], dtype=float32), array([[2.3417691e-22, 1.0000000e+00, 1.1967827e-17],
       [0.0000000e+00, 1.0000000e+00, 0.0000000e+00],
       [0.0000000e+00, 1.0000000e+00, 3.1254281e-39]], dtype=float32), array([[4.3210312e-21, 1.0000000e+00, 4.5217562e-21],
       [0.0000000e+00, 1.0000000e+00, 0.0000000e+00],
       [3.6366055e-21, 1.0000000e+00, 3.8061755e-21]], dtype=float32), array([[5.7185653e-21, 1.0000000e+00, 5.9537892e-21],
       [0.0000000e+00, 1.0000000e+00, 0.0000000e+00],
       [4.9059985e-21, 1.0000000e+00, 5.1084615e-21]], dtype=float32), array([[1.2640274e-14, 1.0000000e+00, 2.3881266e-13],
       [0.0000000e+00, 1.0000000e+00, 0.0000000e+00],
       [3.4572400e-23, 1.0000000e+00, 3.9938166e-21]], dtype=float32), array([[2.8141846e-21, 1.0000000e+00, 3.1096876e-21],
       [0.0000000e+00, 1.0000000e+00, 0.0000000e+00],
       [1.9298843e-21, 1.0000000e+00, 2.1342241e-21]], dtype=float32), array([[5.23586894e-15, 1.00000000e+00, 1.12234515e-13],
       [0.00000000e+00, 1.00000000e+00, 0.00000000e+00],
       [8.21793245e-24, 1.00000000e+00, 1.16559250e-21]], dtype=float32), array([[2.1610160e-26, 1.0000000e+00, 1.2456590e-39],
       [0.0000000e+00, 1.0000000e+00, 0.0000000e+00],
       [7.8732585e-09, 1.0000000e+00, 5.1981911e-13]], dtype=float32), array([[2.8930529e-24, 1.0000000e+00, 1.0667093e-31],
       [0.0000000e+00, 1.0000000e+00, 0.0000000e+00],
       [4.8026816e-10, 1.0000000e+00, 5.4799118e-13]], dtype=float32), array([[5.0593652e-33, 1.0000000e+00, 7.5484955e-35],
       [0.0000000e+00, 1.0000000e+00, 0.0000000e+00],
       [4.4100720e-29, 1.0000000e+00, 1.0990731e-30]], dtype=float32), array([[1.2916904e-21, 1.0000000e+00, 1.6254230e-21],
       [0.0000000e+00, 1.0000000e+00, 0.0000000e+00],
       [5.4703205e-22, 1.0000000e+00, 6.9119947e-22]], dtype=float32), array([[1.6357627e-34, 1.0000000e+00, 1.0766518e-38],
       [0.0000000e+00, 1.0000000e+00, 0.0000000e+00],
       [5.2158821e-27, 1.0000000e+00, 2.9133108e-30]], dtype=float32), array([[2.7693133e-32, 1.0000000e+00, 4.9571354e-34],
       [0.0000000e+00, 1.0000000e+00, 0.0000000e+00],
       [1.6437242e-28, 1.0000000e+00, 4.7598990e-30]], dtype=float32), array([[2.9883654e-30, 1.0000000e+00, 1.7124773e-30],
       [0.0000000e+00, 1.0000000e+00, 0.0000000e+00],
       [1.2109658e-29, 1.0000000e+00, 7.0193413e-30]], dtype=float32), array([[1.9867253e-14, 1.0000000e+00, 3.8064235e-13],
       [0.0000000e+00, 1.0000000e+00, 0.0000000e+00],
       [5.5866435e-23, 1.0000000e+00, 6.7581957e-21]], dtype=float32), array([[2.8149376e-20, 1.0000000e+00, 3.1618905e-20],
       [0.0000000e+00, 1.0000000e+00, 0.0000000e+00],
       [1.8088629e-20, 1.0000000e+00, 2.0341316e-20]], dtype=float32), array([[2.8442054e-31, 1.0000000e+00, 6.5622575e-33],
       [0.0000000e+00, 1.0000000e+00, 0.0000000e+00],
       [9.7189676e-28, 1.0000000e+00, 3.4679817e-29]], dtype=float32), array([[6.50109169e-17, 1.00000000e+00, 3.78472823e-16],
       [0.00000000e+00, 1.00000000e+00, 0.00000000e+00],
       [1.10517905e-20, 1.00000000e+00, 9.69712039e-20]], dtype=float32), array([[6.6534669e-22, 1.0000000e+00, 5.1421040e-23],
       [0.0000000e+00, 1.0000000e+00, 0.0000000e+00],
       [1.6529633e-18, 1.0000000e+00, 1.9258488e-19]], dtype=float32), array([[2.2209582e-16, 1.0000000e+00, 1.2568626e-15],
       [0.0000000e+00, 1.0000000e+00, 0.0000000e+00],
       [3.7662425e-20, 1.0000000e+00, 3.2357755e-19]], dtype=float32), array([[1.9924604e-28, 1.0000000e+00, 1.9767136e-28],
       [0.0000000e+00, 1.0000000e+00, 0.0000000e+00],
       [2.0332001e-28, 1.0000000e+00, 2.0171391e-28]], dtype=float32), array([[2.8374145e-21, 1.0000000e+00, 2.4910604e-22],
       [0.0000000e+00, 1.0000000e+00, 0.0000000e+00],
       [5.1857301e-18, 1.0000000e+00, 6.6988343e-19]], dtype=float32), array([[1.0702339e-18, 1.0000000e+00, 1.1337434e-18],
       [0.0000000e+00, 1.0000000e+00, 0.0000000e+00],
       [8.5512215e-19, 1.0000000e+00, 9.0614999e-19]], dtype=float32)]","[array([4.8164625, 4.8164625, 4.8164625], dtype=float32), array([4.8225555, 4.8225555, 4.8225555], dtype=float32), array([4.8263083, 4.8263083, 4.8263083], dtype=float32), array([4.830811, 4.830811, 4.830811], dtype=float32), array([4.8354654, 4.8354654, 4.8354654], dtype=float32), array([4.8407903, 4.8407903, 4.8407903], dtype=float32), array([4.8424177, 4.8424177, 4.8424177], dtype=float32), array([4.8436193, 4.8436193, 4.8436193], dtype=float32), array([4.8419576, 4.8419576, 4.8419576], dtype=float32), array([4.837646, 4.837646, 4.837646], dtype=float32), array([4.8302913, 4.8302913, 4.8302913], dtype=float32), array([4.8256574, 4.8256574, 4.8256574], dtype=float32), array([4.8182297, 4.8182297, 4.8182297], dtype=float32), array([4.8083353, 4.8083353, 4.8083353], dtype=float32), array([4.7984705, 4.7984705, 4.7984705], dtype=float32), array([4.786987, 4.786987, 4.786987], dtype=float32), array([4.772208, 4.772208, 4.772208], dtype=float32), array([4.7572355, 4.7572355, 4.7572355], dtype=float32), array([4.743516, 4.743516, 4.743516], dtype=float32), array([4.7284627, 4.7284627, 4.7284627], dtype=float32), array([4.7116117, 4.7116117, 4.7116117], dtype=float32), array([4.6970444, 4.6970444, 4.6970444], dtype=float32), array([4.6815434, 4.6815434, 4.6815434], dtype=float32), array([4.669067, 4.669067, 4.669067], dtype=float32), array([4.6539083, 4.6539083, 4.6539083], dtype=float32), array([4.6385202, 4.6385202, 4.6385202], dtype=float32), array([4.619703, 4.619703, 4.619703], dtype=float32), array([4.6028204, 4.6028204, 4.6028204], dtype=float32), array([4.5831113, 4.5831113, 4.5831113], dtype=float32), array([4.564099, 4.564099, 4.564099], dtype=float32), array([4.545345, 4.545345, 4.545345], dtype=float32)]","[array([4.816462, 4.816462, 4.816462], dtype=float32), array([nan, nan, nan], dtype=float32), array([nan, nan, nan], dtype=float32), array([4.8308115, 4.8308115, 4.8308115], dtype=float32), array([4.8354664, 4.8354664, 4.8354664], dtype=float32), array([nan, nan, nan], dtype=float32), array([4.8424177, 4.8424177, 4.8424177], dtype=float32), array([nan, nan, nan], dtype=float32), array([4.841958, 4.841958, 4.841958], dtype=float32), array([4.8376455, 4.8376455, 4.8376455], dtype=float32), array([nan, nan, nan], dtype=float32), array([4.8256574, 4.8256574, 4.8256574], dtype=float32), array([nan, nan, nan], dtype=float32), array([nan, nan, nan], dtype=float32), array([4.7984705, 4.7984705, 4.7984705], dtype=float32), array([nan, nan, nan], dtype=float32), array([4.7722073, 4.7722073, 4.7722073], dtype=float32), array([4.7572355, 4.7572355, 4.7572355], dtype=float32), array([nan, nan, nan], dtype=float32), array([4.728463, 4.728463, 4.728463], dtype=float32), array([4.7116117, 4.7116117, 4.7116117], dtype=float32), array([nan, nan, nan], dtype=float32), array([nan, nan, nan], dtype=float32), array([4.669067, 4.669067, 4.669067], dtype=float32), array([4.6539083, 4.6539083, 4.6539083], dtype=float32), array([nan, nan, nan], dtype=float32), array([4.619703, 4.619703, 4.619703], dtype=float32), array([4.6028204, 4.6028204, 4.6028204], dtype=float32), array([nan, nan, nan], dtype=float32), array([nan, nan, nan], dtype=float32), array([4.545345, 4.545345, 4.545345], dtype=float32)]",1,0,0,0,0,0,54.537984496124025,55.686821705426354,0.00019004369066873285,98000,10.02,0.00043826275619595934,98000,10.02,2000,2000,0.36485749868416156,0.0,81158,999.0,0.016652144491672516,0.29642394185066223,-0.010581168346107006,1.0,49.0,0.0013802934991,1517481,0.33821651339530945,-0.22204220294952393,0.4722185432910919,5.1645823617718634e-08,1750.62646484375,30969,344.8751633235061,0.0,0.0,23810,999.0,30969,0.0393447157605,1517481,1.0,49.0,0.0013802934991,344.8749335068467,0,93000,4557000,61938,104968,3034962,1035.6619007257896,6213274.076490263,6554502.439314809,2.0,98100,2,1.0067001111073661,9.9,10.5,0.0001100173619247979,4.937974213939248e-05,2450,2,0.0018420395799330436,50,0.18337243688935476,49.0,0.0002798514964283789,9.5,100,1.0067001111073661,0.00017490419880577542,0.0004013347474240479,4900,100,4900,9.9,9.9,100,5.2777230415787185e-05,8.376396606717493e-06,7.817222808594693e-06,2.3440479603255892e-05,3.9116256635009545e-05,5.892007587199514e-05,3.400730342456289e-05,0.00018426955610724563,3.439229622390394e-05,1.9822790823618323e-05,2.5581543810954148e-05,0.05618319063034263,0.009047655289138444,0.06316784497200076,0.1812128663801011,0.03273419088813466,0.02142864188931782,0.00017777946334217957,1519.0,-0.1761542558670044,0.4722185730934143,0.33887318,498.0,136.11181640625,108066,0.308066189289093,1.0,0.01344315242022276,5295234,-0.012063072063028812,1471.0,1519.0,5295234,0.0,108066,498.0,1471.0,10590468,651000,31899000,216132,9727.80242890149,4.672104310464075e-05,2.141340623519163e-05,3.6012801253504355e-05,8.226332720068699e-06,7.2589662983613195e-06,5.263873056558138e-05,1.7743956064058176e-05,3.139548274409247e-05,2.4332769059093495e-05,3.198749418262136e-05,0.00016776350168095017
1,100000,True,50,d23ef_00000,2025-08-17_21-47-02,1755467222,92.10049438476562,4662.55549454689,685888,intrinsic-attention2,10.156.0.3,4662.55549454689,50,92.10822680400211,1.4529527561120887e-05,92.10793720916762,2.801535320534216,88.93186041431444,0.0020428265219721835,0.00027717900229617953,0.0015973380590730813,1000,2.0,10.5,2.768737120885155,2000,100000,2,9.5,49.0,1.0067001111073661,0.00010717343794626318,4.7832563153555166e-05,1.0067001111073661,9.97,50000,2,224.56439443102641,2000.0,3000.0,"[array([[5.9921363e-21, 1.0000000e+00, 5.6115506e-22],
       [0.0000000e+00, 1.0000000e+00, 0.0000000e+00],
       [9.3818734e-18, 1.0000000e+00, 1.2772330e-18]], dtype=float32), array([[1.7520556e-25, 1.0000000e+00, 2.9243650e-24],
       [0.0000000e+00, 1.0000000e+00, 0.0000000e+00],
       [2.9733686e-29, 1.0000000e+00, 7.6192567e-28]], dtype=float32), array([[1.9418267e-12, 1.0000000e+00, 2.3190200e-11],
       [0.0000000e+00, 1.0000000e+00, 0.0000000e+00],
       [4.5719016e-20, 1.0000000e+00, 2.7461474e-18]], dtype=float32), array([[4.4893833e-25, 1.0000000e+00, 7.4807435e-24],
       [0.0000000e+00, 1.0000000e+00, 0.0000000e+00],
       [7.6355756e-29, 1.0000000e+00, 1.9667335e-27]], dtype=float32), array([[3.8490105e-12, 1.0000000e+00, 4.3295013e-11],
       [0.0000000e+00, 1.0000000e+00, 0.0000000e+00],
       [1.1966994e-19, 1.0000000e+00, 6.6125654e-18]], dtype=float32), array([[2.7813219e-30, 1.0000000e+00, 2.3132379e-33],
       [0.0000000e+00, 1.0000000e+00, 0.0000000e+00],
       [1.3932691e-24, 1.0000000e+00, 4.5497202e-27]], dtype=float32), array([[5.0021272e-30, 1.0000000e+00, 4.7363996e-33],
       [0.0000000e+00, 1.0000000e+00, 0.0000000e+00],
       [2.0099462e-24, 1.0000000e+00, 7.2075540e-27]], dtype=float32), array([[2.7227105e-17, 1.0000000e+00, 2.8640192e-17],
       [0.0000000e+00, 1.0000000e+00, 0.0000000e+00],
       [2.2276434e-17, 1.0000000e+00, 2.3438930e-17]], dtype=float32), array([[3.8444961e-28, 1.0000000e+00, 1.9205568e-29],
       [0.0000000e+00, 1.0000000e+00, 0.0000000e+00],
       [2.4886441e-25, 1.0000000e+00, 1.6904262e-26]], dtype=float32), array([[5.6797483e-17, 1.0000000e+00, 6.0392377e-17],
       [0.0000000e+00, 1.0000000e+00, 0.0000000e+00],
       [4.4482160e-17, 1.0000000e+00, 4.7316524e-17]], dtype=float32), array([[1.9355075e-23, 1.0000000e+00, 9.0091743e-20],
       [0.0000000e+00, 1.0000000e+00, 0.0000000e+00],
       [3.8371509e-38, 1.0000000e+00, 4.2286952e-32]], dtype=float32), array([[3.5125226e-11, 1.0000000e+00, 3.2505806e-10],
       [0.0000000e+00, 1.0000000e+00, 0.0000000e+00],
       [2.7332403e-18, 1.0000000e+00, 1.1484967e-16]], dtype=float32), array([[2.1360926e-18, 1.0000000e+00, 3.3323191e-19],
       [0.0000000e+00, 1.0000000e+00, 0.0000000e+00],
       [8.9305616e-16, 1.0000000e+00, 1.8352646e-16]], dtype=float32), array([[1.5967605e-20, 1.0000000e+00, 2.8942061e-28],
       [0.0000000e+00, 1.0000000e+00, 0.0000000e+00],
       [6.1373534e-08, 9.9999988e-01, 9.2822292e-11]], dtype=float32), array([[6.7037222e-25, 1.0000000e+00, 1.4001635e-24],
       [0.0000000e+00, 1.0000000e+00, 0.0000000e+00],
       [9.6911371e-26, 1.0000000e+00, 2.0765896e-25]], dtype=float32), array([[6.5112460e-16, 1.0000000e+00, 6.7295799e-16],
       [0.0000000e+00, 1.0000000e+00, 0.0000000e+00],
       [5.6972415e-16, 1.0000000e+00, 5.8890214e-16]], dtype=float32), array([[5.79976442e-13, 1.00000000e+00, 2.72223433e-12],
       [0.00000000e+00, 1.00000000e+00, 0.00000000e+00],
       [1.02863046e-16, 1.00000000e+00, 7.75584024e-16]], dtype=float32), array([[1.0262208e-22, 1.0000000e+00, 1.6705005e-21],
       [0.0000000e+00, 1.0000000e+00, 0.0000000e+00],
       [1.8248048e-26, 1.0000000e+00, 4.7802728e-25]], dtype=float32), array([[8.5347251e-13, 1.0000000e+00, 3.9617116e-12],
       [0.0000000e+00, 1.0000000e+00, 0.0000000e+00],
       [1.5203101e-16, 1.0000000e+00, 1.1369457e-15]], dtype=float32), array([[1.9667435e-17, 1.0000000e+00, 3.6651612e-18],
       [0.0000000e+00, 1.0000000e+00, 0.0000000e+00],
       [5.2258519e-15, 1.0000000e+00, 1.2427648e-15]], dtype=float32), array([[1.9953259e-15, 1.0000000e+00, 4.6444315e-12],
       [0.0000000e+00, 1.0000000e+00, 0.0000000e+00],
       [1.1249778e-38, 1.0000000e+00, 5.5340205e-30]], dtype=float32), array([[1.0265921e-12, 1.0000000e+00, 4.7453751e-12],
       [0.0000000e+00, 1.0000000e+00, 0.0000000e+00],
       [1.8338650e-16, 1.0000000e+00, 1.3680429e-15]], dtype=float32), array([[2.1912588e-17, 1.0000000e+00, 4.1262945e-18],
       [0.0000000e+00, 1.0000000e+00, 0.0000000e+00],
       [5.6337699e-15, 1.0000000e+00, 1.3507335e-15]], dtype=float32), array([[1.2891775e-17, 1.0000000e+00, 2.6502350e-21],
       [0.0000000e+00, 1.0000000e+00, 0.0000000e+00],
       [9.5071115e-09, 1.0000000e+00, 1.6859802e-10]], dtype=float32), array([[1.5744949e-21, 1.0000000e+00, 4.0452346e-18],
       [0.0000000e+00, 1.0000000e+00, 0.0000000e+00],
       [1.1488275e-35, 1.0000000e+00, 6.1268643e-30]], dtype=float32), array([[1.9228972e-27, 1.0000000e+00, 6.7311492e-30],
       [0.0000000e+00, 1.0000000e+00, 0.0000000e+00],
       [8.5268392e-23, 1.0000000e+00, 7.9814225e-25]], dtype=float32), array([[3.1029404e-24, 1.0000000e+00, 7.3620405e-24],
       [0.0000000e+00, 1.0000000e+00, 0.0000000e+00],
       [3.1422110e-25, 1.0000000e+00, 7.7327617e-25]], dtype=float32), array([[1.3486740e-15, 1.0000000e+00, 1.3788515e-15],
       [0.0000000e+00, 1.0000000e+00, 0.0000000e+00],
       [1.2326138e-15, 1.0000000e+00, 1.2602665e-15]], dtype=float32), array([[2.9656165e-24, 1.0000000e+00, 7.0479650e-24],
       [0.0000000e+00, 1.0000000e+00, 0.0000000e+00],
       [2.9860256e-25, 1.0000000e+00, 7.3616155e-25]], dtype=float32), array([[1.11515825e-17, 1.00000000e+00, 2.28365200e-21],
       [0.00000000e+00, 1.00000000e+00, 0.00000000e+00],
       [8.61264837e-09, 1.00000000e+00, 1.51465326e-10]], dtype=float32), array([[1.7405277e-10, 1.0000000e+00, 1.3702930e-09],
       [0.0000000e+00, 1.0000000e+00, 0.0000000e+00],
       [3.0564648e-17, 1.0000000e+00, 1.0038335e-15]], dtype=float32)]","[array([4.5278664, 4.5278664, 4.5278664], dtype=float32), array([4.5114512, 4.5114512, 4.5114512], dtype=float32), array([4.498894, 4.498894, 4.498894], dtype=float32), array([4.487862, 4.487862, 4.487862], dtype=float32), array([4.4788394, 4.4788394, 4.4788394], dtype=float32), array([4.4710083, 4.4710083, 4.4710083], dtype=float32), array([4.4655423, 4.4655423, 4.4655423], dtype=float32), array([4.46135, 4.46135, 4.46135], dtype=float32), array([4.456437, 4.456437, 4.456437], dtype=float32), array([4.45353, 4.45353, 4.45353], dtype=float32), array([4.4512706, 4.4512706, 4.4512706], dtype=float32), array([4.4503336, 4.4503336, 4.4503336], dtype=float32), array([4.4491687, 4.4491687, 4.4491687], dtype=float32), array([4.4490275, 4.4490275, 4.4490275], dtype=float32), array([4.4493937, 4.4493937, 4.4493937], dtype=float32), array([4.4500656, 4.4500656, 4.4500656], dtype=float32), array([4.451745, 4.451745, 4.451745], dtype=float32), array([4.453613, 4.453613, 4.453613], dtype=float32), array([4.4553294, 4.4553294, 4.4553294], dtype=float32), array([4.457298, 4.457298, 4.457298], dtype=float32), array([4.460374, 4.460374, 4.460374], dtype=float32), array([4.463784, 4.463784, 4.463784], dtype=float32), array([4.4666715, 4.4666715, 4.4666715], dtype=float32), array([4.4693484, 4.4693484, 4.4693484], dtype=float32), array([4.4717555, 4.4717555, 4.4717555], dtype=float32), array([4.473885, 4.473885, 4.473885], dtype=float32), array([4.4750223, 4.4750223, 4.4750223], dtype=float32), array([4.476653, 4.476653, 4.476653], dtype=float32), array([4.477943, 4.477943, 4.477943], dtype=float32), array([4.479679, 4.479679, 4.479679], dtype=float32), array([4.4814143, 4.4814143, 4.4814143], dtype=float32)]","[array([nan, nan, nan], dtype=float32), array([4.51145, 4.51145, 4.51145], dtype=float32), array([4.498894, 4.498894, 4.498894], dtype=float32), array([nan, nan, nan], dtype=float32), array([4.478839, 4.478839, 4.478839], dtype=float32), array([4.4710083, 4.4710083, 4.4710083], dtype=float32), array([nan, nan, nan], dtype=float32), array([4.46135, 4.46135, 4.46135], dtype=float32), array([4.456438, 4.456438, 4.456438], dtype=float32), array([4.4535303, 4.4535303, 4.4535303], dtype=float32), array([nan, nan, nan], dtype=float32), array([4.450334, 4.450334, 4.450334], dtype=float32), array([nan, nan, nan], dtype=float32), array([4.4490275, 4.4490275, 4.4490275], dtype=float32), array([4.4493933, 4.4493933, 4.4493933], dtype=float32), array([4.4500656, 4.4500656, 4.4500656], dtype=float32), array([nan, nan, nan], dtype=float32), array([4.4536123, 4.4536123, 4.4536123], dtype=float32), array([4.455329, 4.455329, 4.455329], dtype=float32), array([4.457298, 4.457298, 4.457298], dtype=float32), array([nan, nan, nan], dtype=float32), array([nan, nan, nan], dtype=float32), array([4.4666715, 4.4666715, 4.4666715], dtype=float32), array([nan, nan, nan], dtype=float32), array([4.471755, 4.471755, 4.471755], dtype=float32), array([4.4738855, 4.4738855, 4.4738855], dtype=float32), array([nan, nan, nan], dtype=float32), array([4.476652, 4.476652, 4.476652], dtype=float32), array([4.477942, 4.477942, 4.477942], dtype=float32), array([nan, nan, nan], dtype=float32), array([nan, nan, nan], dtype=float32)]",1,0,0,0,0,0,54.484732824427475,55.53969465648856,0.00016399387420689906,100000,9.97,0.00038316782078077306,100000,9.97,2000,2000,0.36444492677741186,0.0,81158,999.0,0.007218643091619015,0.3091992437839508,-0.0024103960022330284,1.0,50.0,0.0013802934991,1548450,0.3463696241378784,-1.0,0.4722185432910919,5.1645823617718634e-08,2222.02734375,30969,345.0021102130987,0.0,0.0,23810,999.0,30969,0.0393447157605,1548450,1.0,50.0,0.0013802934991,345.00188514736953,0,93000,4650000,61938,104968,3096900,1036.0430920863128,6210975.529618773,6555856.351794105,2.0,100100,2,1.0067001111073661,9.9,10.5,0.0001442611753338776,6.046154868920129e-05,2500,2,0.0019423825794365258,50,0.18338880127053164,50.0,0.00027938833146416177,9.5,100,1.0067001111073661,0.00021959175995431835,0.0005029831305371314,5000,100,5000,9.9,9.9,100,4.59899620783266e-05,7.5948842353913195e-06,6.836960407169562e-06,2.0470834946946054e-05,3.366213073173336e-05,5.057742741371545e-05,2.9450015772906772e-05,0.00016367006138717725,2.9900762616329774e-05,1.6942736012421397e-05,2.2288877407587805e-05,0.05619831038393492,0.009020713796136606,0.06302479498228777,0.1810558389762667,0.03268707435937341,0.02137426942032588,0.00017784119872272508,1550.0,-0.026205062866210938,0.4722185730934143,0.3501674,498.0,136.66336059570312,108066,0.31442031264305115,1.0,0.008430018089711666,5403300,4.344388798926957e-05,1501.0,1550.0,5403300,0.0,108066,498.0,1501.0,10806600,651000,32550000,216132,9718.98226049913,5.880214029316827e-05,2.6342295451455327e-05,4.4843118872376085e-05,9.8248817807871e-06,8.761598518734116e-06,6.687067275558301e-05,2.2569828444616117e-05,3.998573946761969e-05,2.9705051777522758e-05,3.9883163230662776e-05,0.0002075431422720319
