num_training_step_calls_per_iteration,num_env_steps_sampled_lifetime,done,training_iteration,trial_id,date,timestamp,time_this_iter_s,time_total_s,pid,hostname,node_ip,time_since_restore,iterations_since_restore,timers/training_iteration,timers/restore_env_runners,timers/training_step,timers/env_runner_sampling_timer,timers/learner_update_timer,timers/synch_weights,env_runners/weights_seq_no,env_runners/episode_return_min,env_runners/env_to_module_sum_episodes_length_in,env_runners/sample,env_runners/episode_return_mean,env_runners/episode_duration_sec_mean,env_runners/env_reset_timer,env_runners/episode_len_min,env_runners/episode_len_mean,env_runners/episode_return_max,env_runners/num_episodes,env_runners/num_env_steps_sampled_lifetime,env_runners/num_episodes_lifetime,env_runners/env_step_timer,env_runners/rlmodule_inference_timer,env_runners/num_env_steps_sampled,env_runners/episode_len_max,env_runners/env_to_module_sum_episodes_length_out,env_runners/num_env_steps_sampled_lifetime_throughput,__all_modules__/learner_connector_sum_episodes_length_in,__all_modules__/learner_connector_sum_episodes_length_out,learners/IntrinsicRewardsPositive,learners/IntrinsicRewardsNegative,learners/IntrinsicAttentionMask,evaluation/num_healthy_workers,evaluation/actor_manager_num_outstanding_async_reqs,evaluation/num_remote_worker_restarts,fault_tolerance/num_healthy_workers,fault_tolerance/num_remote_worker_restarts,env_runner_group/actor_manager_num_outstanding_async_reqs,perf/cpu_util_percent,perf/ram_util_percent,env_runners/num_module_steps_sampled/default_policy,env_runners/env_to_module_connector/connector_pipeline_timer,env_runners/module_to_env_connector/connector_pipeline_timer,env_runners/agent_episode_return_mean/default_agent,env_runners/module_episode_return_mean/default_policy,env_runners/num_agent_steps_sampled/default_agent,env_runners/num_agent_steps_sampled_lifetime/default_agent,env_runners/num_module_steps_sampled_lifetime/default_policy,__all_modules__/learner_connector/connector_pipeline_timer,learners/__all_modules__/num_trainable_parameters,learners/__all_modules__/num_env_steps_trained,learners/__all_modules__/num_module_steps_trained,learners/__all_modules__/num_env_steps_trained_lifetime,learners/__all_modules__/num_module_steps_trained_lifetime,learners/__all_modules__/num_non_trainable_parameters,learners/__all_modules__/num_env_steps_trained_lifetime_throughput,learners/__all_modules__/num_module_steps_trained_throughput,learners/__all_modules__/num_module_steps_trained_lifetime_throughput,learners/default_policy/curr_kl_coeff,learners/default_policy/entropy,learners/default_policy/policy_loss,learners/default_policy/use_intrinsic_rewards,learners/default_policy/curr_entropy_coeff,learners/default_policy/num_trainable_parameters,learners/default_policy/vf_loss,learners/default_policy/vf_explained_var,learners/default_policy/num_module_steps_trained,learners/default_policy/vf_loss_unclipped,learners/default_policy/total_loss,learners/default_policy/num_module_steps_trained_lifetime,learners/default_policy/module_train_batch_size_mean,learners/default_policy/mean_kl_loss,learners/default_policy/weights_seq_no,learners/default_policy/diff_num_grad_updates_vs_sampler_policy,learners/default_policy/num_module_steps_trained_lifetime_throughput,learners/intrinsic_reward_module/gradients_default_optimizer_global_norm,learners/intrinsic_reward_module/total_loss,learners/intrinsic_reward_module/num_module_steps_trained_lifetime,learners/intrinsic_reward_module/module_train_batch_size_mean,learners/intrinsic_reward_module/diff_num_grad_updates_vs_sampler_policy,learners/intrinsic_reward_module/weights_seq_no,learners/intrinsic_reward_module/curr_entropy_coeff,learners/intrinsic_reward_module/default_optimizer_learning_rate,learners/intrinsic_reward_module/num_module_steps_trained,learners/intrinsic_reward_module/num_trainable_parameters,learners/intrinsic_reward_module/num_module_steps_trained_lifetime_throughput,evaluation/env_runners/env_to_module_sum_episodes_length_in,evaluation/env_runners/sample,evaluation/env_runners/num_episodes,evaluation/env_runners/num_env_steps_sampled_lifetime,evaluation/env_runners/num_env_steps_sampled,evaluation/env_runners/episode_len_min,evaluation/env_runners/episode_len_mean,evaluation/env_runners/episode_return_max,evaluation/env_runners/env_step_timer,evaluation/env_runners/rlmodule_inference_timer,evaluation/env_runners/weights_seq_no,evaluation/env_runners/episode_return_min,evaluation/env_runners/episode_return_mean,evaluation/env_runners/episode_duration_sec_mean,evaluation/env_runners/num_episodes_lifetime,evaluation/env_runners/env_to_module_sum_episodes_length_out,evaluation/env_runners/env_reset_timer,evaluation/env_runners/episode_len_max,evaluation/env_runners/agent_episode_return_mean/default_agent,evaluation/env_runners/env_to_module_connector/connector_pipeline_timer,evaluation/env_runners/num_agent_steps_sampled/default_agent,evaluation/env_runners/module_to_env_connector/connector_pipeline_timer,evaluation/env_runners/module_episode_return_mean/default_policy,evaluation/env_runners/num_module_steps_sampled_lifetime/default_policy,evaluation/env_runners/num_agent_steps_sampled_lifetime/default_agent,evaluation/env_runners/num_module_steps_sampled/default_policy,env_runners/env_to_module_connector/timers/connectors/add_time_dim_to_batch_and_zero_pad,env_runners/env_to_module_connector/timers/connectors/add_states_from_episodes_to_batch,env_runners/env_to_module_connector/timers/connectors/numpy_to_tensor,env_runners/env_to_module_connector/timers/connectors/add_observations_from_episodes_to_batch,env_runners/env_to_module_connector/timers/connectors/batch_individual_items,env_runners/module_to_env_connector/timers/connectors/get_actions,env_runners/module_to_env_connector/timers/connectors/listify_data_for_vector_env,env_runners/module_to_env_connector/timers/connectors/remove_single_ts_time_rank_from_batch,env_runners/module_to_env_connector/timers/connectors/un_batch_to_individual_items,env_runners/module_to_env_connector/timers/connectors/normalize_and_clip_actions,env_runners/module_to_env_connector/timers/connectors/tensor_to_numpy,__all_modules__/learner_connector/timers/connectors/add_one_ts_to_episodes_and_truncate,__all_modules__/learner_connector/timers/connectors/add_observations_from_episodes_to_batch,__all_modules__/learner_connector/timers/connectors/add_columns_from_episodes_to_train_batch,__all_modules__/learner_connector/timers/connectors/add_time_dim_to_batch_and_zero_pad,__all_modules__/learner_connector/timers/connectors/add_states_from_episodes_to_batch,__all_modules__/learner_connector/timers/connectors/batch_individual_items,__all_modules__/learner_connector/timers/connectors/numpy_to_tensor,learners/differentiable_learners/intrinsic_attention_ppo_learner/default_policy/entropy,learners/differentiable_learners/intrinsic_attention_ppo_learner/default_policy/policy_loss,learners/differentiable_learners/intrinsic_attention_ppo_learner/default_policy/use_intrinsic_rewards,learners/differentiable_learners/intrinsic_attention_ppo_learner/default_policy/vf_loss,learners/differentiable_learners/intrinsic_attention_ppo_learner/default_policy/vf_explained_var,learners/differentiable_learners/intrinsic_attention_ppo_learner/default_policy/num_module_steps_trained,learners/differentiable_learners/intrinsic_attention_ppo_learner/default_policy/vf_loss_unclipped,learners/differentiable_learners/intrinsic_attention_ppo_learner/default_policy/mean_kl_loss,learners/differentiable_learners/intrinsic_attention_ppo_learner/default_policy/total_loss,learners/differentiable_learners/intrinsic_attention_ppo_learner/default_policy/num_module_steps_trained_lifetime,learners/differentiable_learners/intrinsic_attention_ppo_learner/default_policy/module_train_batch_size_mean,learners/differentiable_learners/intrinsic_attention_ppo_learner/default_policy/diff_num_grad_updates_vs_sampler_policy,learners/differentiable_learners/intrinsic_attention_ppo_learner/default_policy/weights_seq_no,learners/differentiable_learners/intrinsic_attention_ppo_learner/intrinsic_reward_module/num_module_steps_trained,learners/differentiable_learners/intrinsic_attention_ppo_learner/intrinsic_reward_module/total_loss,learners/differentiable_learners/intrinsic_attention_ppo_learner/intrinsic_reward_module/num_module_steps_trained_lifetime,learners/differentiable_learners/intrinsic_attention_ppo_learner/intrinsic_reward_module/module_train_batch_size_mean,learners/differentiable_learners/intrinsic_attention_ppo_learner/intrinsic_reward_module/weights_seq_no,learners/differentiable_learners/intrinsic_attention_ppo_learner/intrinsic_reward_module/diff_num_grad_updates_vs_sampler_policy,learners/differentiable_learners/intrinsic_attention_ppo_learner/__all_modules__/num_env_steps_trained,learners/differentiable_learners/intrinsic_attention_ppo_learner/__all_modules__/num_module_steps_trained,learners/differentiable_learners/intrinsic_attention_ppo_learner/__all_modules__/num_env_steps_trained_lifetime,learners/differentiable_learners/intrinsic_attention_ppo_learner/__all_modules__/num_module_steps_trained_lifetime,learners/differentiable_learners/intrinsic_attention_ppo_learner/__all_modules__/num_env_steps_trained_lifetime_throughput,evaluation/env_runners/env_to_module_connector/timers/connectors/batch_individual_items,evaluation/env_runners/env_to_module_connector/timers/connectors/numpy_to_tensor,evaluation/env_runners/env_to_module_connector/timers/connectors/add_states_from_episodes_to_batch,evaluation/env_runners/env_to_module_connector/timers/connectors/add_observations_from_episodes_to_batch,evaluation/env_runners/env_to_module_connector/timers/connectors/add_time_dim_to_batch_and_zero_pad,evaluation/env_runners/module_to_env_connector/timers/connectors/get_actions,evaluation/env_runners/module_to_env_connector/timers/connectors/listify_data_for_vector_env,evaluation/env_runners/module_to_env_connector/timers/connectors/normalize_and_clip_actions,evaluation/env_runners/module_to_env_connector/timers/connectors/tensor_to_numpy,evaluation/env_runners/module_to_env_connector/timers/connectors/remove_single_ts_time_rank_from_batch,evaluation/env_runners/module_to_env_connector/timers/connectors/un_batch_to_individual_items
1,2000,False,1,d2a96_00000,2025-08-17_20-30-53,1755462653,93.39518857002258,93.39518857002258,686047,intrinsic-attention2,10.156.0.3,93.39518857002258,1,93.16962252999656,1.4649995137006044e-05,93.1693529059994,2.731595113000367,90.09087536099833,0.0023190929932752624,0.0,-10.5,1.0067001111072869,2.69775331299752,1.65,0.001633910030068364,0.0002549519995227456,2,2.0,10.5,1000,2000,1000,4.937400623130367e-05,0.00010693906610226398,2000,2,1.0067001111072869,739.6061293309191,2000,3000,"[array([0., 0., 0.], dtype=float32), array([0.03925776, 0.03925776, 0.03925776], dtype=float32), array([0.07299496, 0.07299496, 0.07299496], dtype=float32), array([0.1039308, 0.1039308, 0.1039308], dtype=float32), array([0.09554674, 0.09554674, 0.09554674], dtype=float32), array([0.10271477, 0.10271477, 0.10271477], dtype=float32), array([0.11053918, 0.11053918, 0.11053918], dtype=float32), array([0.09755273, 0.09755273, 0.09755273], dtype=float32), array([0.08788959, 0.08788959, 0.08788959], dtype=float32), array([0.07691786, 0.07691786, 0.07691786], dtype=float32), array([0.06920843, 0.06920843, 0.06920843], dtype=float32), array([0.05963689, 0.05963689, 0.05963689], dtype=float32), array([0.04671342, 0.04671342, 0.04671342], dtype=float32), array([0.03233354, 0.03233354, 0.03233354], dtype=float32), array([0.01765049, 0.01765049, 0.01765049], dtype=float32), array([-0.00167772, -0.00167772, -0.00167772], dtype=float32), array([-0.02038983, -0.02038983, -0.02038983], dtype=float32), array([-0.04024267, -0.04024267, -0.04024267], dtype=float32), array([-0.06062434, -0.06062434, -0.06062434], dtype=float32), array([-0.0837382, -0.0837382, -0.0837382], dtype=float32), array([-0.10495256, -0.10495256, -0.10495256], dtype=float32), array([-0.12353683, -0.12353683, -0.12353683], dtype=float32), array([-0.14299652, -0.14299652, -0.14299652], dtype=float32), array([-0.16066846, -0.16066846, -0.16066846], dtype=float32), array([-0.18035445, -0.18035445, -0.18035445], dtype=float32), array([-0.19806905, -0.19806905, -0.19806905], dtype=float32), array([-0.21427272, -0.21427272, -0.21427272], dtype=float32), array([-0.23010038, -0.23010038, -0.23010038], dtype=float32), array([-0.24413562, -0.24413562, -0.24413562], dtype=float32), array([-0.25724414, -0.25724414, -0.25724414], dtype=float32), array([-0.26952583, -0.26952583, -0.26952583], dtype=float32)]","[array([0., 0., 0.], dtype=float32), array([0.03925776, 0.03925776, 0.03925776], dtype=float32), array([0.07299497, 0.07299497, 0.07299497], dtype=float32), array([0.10393079, 0.10393079, 0.10393079], dtype=float32), array([0.09554674, 0.09554674, 0.09554674], dtype=float32), array([0.10271476, 0.10271476, 0.10271476], dtype=float32), array([0.11053918, 0.11053918, 0.11053918], dtype=float32), array([0.09755273, 0.09755273, 0.09755273], dtype=float32), array([0.08788959, 0.08788959, 0.08788959], dtype=float32), array([0.07691787, 0.07691787, 0.07691787], dtype=float32), array([0.06920843, 0.06920843, 0.06920843], dtype=float32), array([0.05963689, 0.05963689, 0.05963689], dtype=float32), array([0.04671342, 0.04671342, 0.04671342], dtype=float32), array([0.03233354, 0.03233354, 0.03233354], dtype=float32), array([0.01765049, 0.01765049, 0.01765049], dtype=float32), array([-0.00167772, -0.00167772, -0.00167772], dtype=float32), array([-0.02038983, -0.02038983, -0.02038983], dtype=float32), array([-0.04024267, -0.04024267, -0.04024267], dtype=float32), array([-0.06062434, -0.06062434, -0.06062434], dtype=float32), array([-0.0837382, -0.0837382, -0.0837382], dtype=float32), array([-0.10495257, -0.10495257, -0.10495257], dtype=float32), array([-0.12353684, -0.12353684, -0.12353684], dtype=float32), array([-0.14299652, -0.14299652, -0.14299652], dtype=float32), array([-0.16066846, -0.16066846, -0.16066846], dtype=float32), array([-0.18035443, -0.18035443, -0.18035443], dtype=float32), array([-0.19806907, -0.19806907, -0.19806907], dtype=float32), array([-0.21427271, -0.21427271, -0.21427271], dtype=float32), array([-0.2301004, -0.2301004, -0.2301004], dtype=float32), array([-0.24413562, -0.24413562, -0.24413562], dtype=float32), array([-0.25724414, -0.25724414, -0.25724414], dtype=float32), array([-0.2695258, -0.2695258, -0.2695258], dtype=float32)]","[array([[0.32176146, 0.35058385, 0.3276547 ],
       [0.46371242, 0.16407527, 0.37221223],
       [0.35371044, 0.30378428, 0.3425053 ]], dtype=float32), array([[0.30398113, 0.37549835, 0.32052046],
       [0.47012344, 0.16713937, 0.36273715],
       [0.34735304, 0.31398112, 0.3386658 ]], dtype=float32), array([[0.33679822, 0.3246588 , 0.338543  ],
       [0.39283887, 0.16225635, 0.4449048 ],
       [0.3252526 , 0.35325375, 0.32149363]], dtype=float32), array([[0.34428844, 0.30317113, 0.35254043],
       [0.38749367, 0.1502321 , 0.46227425],
       [0.33099794, 0.33957782, 0.32942423]], dtype=float32), array([[0.33725485, 0.32448736, 0.3382578 ],
       [0.40537515, 0.15897524, 0.43564954],
       [0.33018655, 0.34039995, 0.3294135 ]], dtype=float32), array([[0.33653265, 0.32543027, 0.33803707],
       [0.3968767 , 0.15237835, 0.4507449 ],
       [0.32450938, 0.35481018, 0.32068053]], dtype=float32), array([[0.32020435, 0.3547736 , 0.32502204],
       [0.4673259 , 0.1404279 , 0.39224622],
       [0.3444118 , 0.31554073, 0.34004742]], dtype=float32), array([[0.34396103, 0.3008209 , 0.35521808],
       [0.37943095, 0.12687783, 0.49369124],
       [0.32479778, 0.35788926, 0.31731296]], dtype=float32), array([[0.29755226, 0.39047685, 0.31197095],
       [0.5021274 , 0.11148991, 0.3863826 ],
       [0.3382252 , 0.32575476, 0.3360201 ]], dtype=float32), array([[0.29156727, 0.39715543, 0.31127733],
       [0.5449991 , 0.08615927, 0.36884168],
       [0.35299492, 0.30480748, 0.3421976 ]], dtype=float32), array([[0.3347748 , 0.33031115, 0.334914  ],
       [0.44976437, 0.07476887, 0.4754668 ],
       [0.32880396, 0.3428168 , 0.3283792 ]], dtype=float32), array([[0.34860685, 0.2949224 , 0.3564708 ],
       [0.41032085, 0.07443455, 0.5152446 ],
       [0.3296172 , 0.34243926, 0.32794353]], dtype=float32), array([[0.3406265 , 0.32036632, 0.33900714],
       [0.50045913, 0.07001518, 0.42952567],
       [0.35779083, 0.29019353, 0.35201567]], dtype=float32), array([[0.3210279 , 0.355594  , 0.32337806],
       [0.49149957, 0.07762435, 0.43087608],
       [0.33768052, 0.3255211 , 0.33679837]], dtype=float32), array([[0.3498392 , 0.29197985, 0.35818088],
       [0.41139963, 0.06104268, 0.5275577 ],
       [0.32899338, 0.3439091 , 0.3270975 ]], dtype=float32), array([[0.3229503 , 0.3523365 , 0.3247132 ],
       [0.49637973, 0.06604239, 0.43757784],
       [0.33855194, 0.32383537, 0.33761272]], dtype=float32), array([[0.35014358, 0.29148132, 0.35837513],
       [0.41166613, 0.0484593 , 0.5398746 ],
       [0.32695726, 0.34874788, 0.32429487]], dtype=float32), array([[0.28866544, 0.40487444, 0.3064601 ],
       [0.59514254, 0.03835851, 0.3664989 ],
       [0.36000323, 0.29288995, 0.34710678]], dtype=float32), array([[0.3336253 , 0.33269614, 0.33367857],
       [0.44691178, 0.03977494, 0.51331323],
       [0.31872883, 0.3650072 , 0.31626397]], dtype=float32), array([[0.3479662 , 0.2981134 , 0.35392043],
       [0.41759855, 0.03608217, 0.5463193 ],
       [0.32348242, 0.35646275, 0.3200548 ]], dtype=float32), array([[0.32618386, 0.34583306, 0.32798305],
       [0.5493842 , 0.03116297, 0.41945285],
       [0.35908413, 0.28908017, 0.35183573]], dtype=float32), array([[0.32386267, 0.35266358, 0.32347384],
       [0.47659925, 0.02715023, 0.49625054],
       [0.31914163, 0.36228687, 0.3185715 ]], dtype=float32), array([[0.3292068 , 0.34287128, 0.3279219 ],
       [0.42442113, 0.03300136, 0.5425775 ],
       [0.30219185, 0.40393195, 0.29387617]], dtype=float32), array([[0.3235288 , 0.35524288, 0.32122833],
       [0.43574435, 0.03057778, 0.5336779 ],
       [0.30016038, 0.4065485 , 0.29329112]], dtype=float32), array([[0.34645742, 0.30219895, 0.35134366],
       [0.417085  , 0.02394577, 0.5589692 ],
       [0.3186476 , 0.36731172, 0.31404063]], dtype=float32), array([[0.318829  , 0.35721603, 0.323955  ],
       [0.61959183, 0.01450969, 0.36589846],
       [0.38568753, 0.251152  , 0.36316052]], dtype=float32), array([[0.3611813 , 0.27715135, 0.36166728],
       [0.48602518, 0.02001327, 0.49396154],
       [0.3596994 , 0.28014433, 0.36015624]], dtype=float32), array([[0.3168701 , 0.36916825, 0.31396165],
       [0.4444849 , 0.02081087, 0.53470427],
       [0.29465586, 0.4167921 , 0.28855202]], dtype=float32), array([[0.3216189 , 0.35792983, 0.32045126],
       [0.4638807 , 0.01630744, 0.5198119 ],
       [0.30825886, 0.38582593, 0.30591527]], dtype=float32), array([[0.30720615, 0.38513267, 0.30766115],
       [0.49899125, 0.01363866, 0.48737004],
       [0.3101765 , 0.37923858, 0.31058493]], dtype=float32), array([[0.297096  , 0.39661145, 0.30629247],
       [0.5906918 , 0.01334175, 0.39596647],
       [0.35048518, 0.30422577, 0.34528914]], dtype=float32)]",1,0,0,0,0,0,55.4768656716418,63.726119402985056,2000,0.00016933076801021834,0.00039456413060984545,1.65,1.65,2000,2000,2000,0.33574290700198617,104968,93000,61938,93000,61938,0,1029.5822011491882,6157782.715276161,6353984.331405896,0.2404155135154724,0.6509858965873718,-0.12461233139038086,0.0,0.0013802934991,81158,0.4722185432910919,-0.0064427852630615234,30969,98.17581939697266,0.2302912026643753,30969,999.0,0.04114890843629837,1.0,1.0,342.8501000790676,0.0,0.0,30969,999.0,1.0,1.0,0.0013802934991,0.0393447157605,30969,23810,342.8494478182382,0.7837645722890833,0.20077110300189815,50,2100,100,2,2.0,10.5,8.930659862036937e-05,0.00026766568904375195,1.0,-10.5,4.08,0.0024693899985868484,50,0.7837645722890833,0.0003559389879228547,2,4.08,0.0003815753289880951,100,0.0008093595769250178,4.08,100,100,100,2.062802486213049e-05,7.0751991950973285e-06,4.821142542554064e-05,7.76189200890809e-06,3.414424073949563e-05,0.00016819949742570987,3.0378158999150945e-05,3.059155589277429e-05,1.7160899228674407e-05,2.3082426616772427e-05,5.259850030123209e-05,0.05710356400231831,0.0069636170082958415,0.05293373600579798,0.17153171899553854,0.02989450001041405,0.016279944000416435,0.00018666799587663263,0.6481536626815796,-0.12288255244493484,1.0,0.4722185730934143,0.00027495622634887695,108066,92.40497589111328,0.042610932141542435,0.23225918,108066,498.0,31.0,31.0,108066,0.0,108066,498.0,31.0,31.0,651000,216132,651000,216132,12829.050945973535,6.152220600619637e-05,0.0001150876201595147,1.101996792138216e-05,1.4086429401150798e-05,3.610137378647629e-05,0.0003612501924520586,4.885286273284161e-05,6.023107728519992e-05,0.0001257631954923448,5.2003603645543385e-05,2.9165103534386427e-05
1,4000,False,2,d2a96_00000,2025-08-17_20-32-29,1755462749,96.45174384117126,189.84693241119385,686047,intrinsic-attention2,10.156.0.3,189.84693241119385,2,93.20036799518667,1.4692645199829713e-05,93.20009703819944,2.7411682627603295,90.11024987309837,0.0023147810333466624,1.0,-10.5,1.0067001111073661,2.7071809050375304,5.22,0.0022531716703088024,0.0002549519995227456,2,2.0,10.5,1000,4000,2000,6.553087427796954e-05,0.0001524392143477195,2000,2,1.0067001111073661,737.8100820323485,2000.0,3000.0,"[array([-0.27814907, -0.27814907, -0.27814907], dtype=float32), array([-0.26647756, -0.26647756, -0.26647756], dtype=float32), array([-0.25624081, -0.25624081, -0.25624081], dtype=float32), array([-0.24801628, -0.24801628, -0.24801628], dtype=float32), array([-0.24883792, -0.24883792, -0.24883792], dtype=float32), array([-0.24974178, -0.24974178, -0.24974178], dtype=float32), array([-0.24815346, -0.24815346, -0.24815346], dtype=float32), array([-0.25893596, -0.25893596, -0.25893596], dtype=float32), array([-0.2753262, -0.2753262, -0.2753262], dtype=float32), array([-0.29982597, -0.29982597, -0.29982597], dtype=float32), array([-0.32003465, -0.32003465, -0.32003465], dtype=float32), array([-0.33999172, -0.33999172, -0.33999172], dtype=float32), array([-0.36604062, -0.36604062, -0.36604062], dtype=float32), array([-0.39119866, -0.39119866, -0.39119866], dtype=float32), array([-0.41057694, -0.41057694, -0.41057694], dtype=float32), array([-0.42788082, -0.42788082, -0.42788082], dtype=float32), array([-0.44876802, -0.44876802, -0.44876802], dtype=float32), array([-0.47381672, -0.47381672, -0.47381672], dtype=float32), array([-0.503446, -0.503446, -0.503446], dtype=float32), array([-0.53454113, -0.53454113, -0.53454113], dtype=float32), array([-0.56778145, -0.56778145, -0.56778145], dtype=float32), array([-0.6030734, -0.6030734, -0.6030734], dtype=float32), array([-0.6408958, -0.6408958, -0.6408958], dtype=float32), array([-0.680138, -0.680138, -0.680138], dtype=float32), array([-0.720108, -0.720108, -0.720108], dtype=float32), array([-0.7616962, -0.7616962, -0.7616962], dtype=float32), array([-0.80432916, -0.80432916, -0.80432916], dtype=float32), array([-0.8472442, -0.8472442, -0.8472442], dtype=float32), array([-0.88910496, -0.88910496, -0.88910496], dtype=float32), array([-0.9318677, -0.9318677, -0.9318677], dtype=float32), array([-0.96963304, -0.96963304, -0.96963304], dtype=float32)]","[array([-0.2781491, -0.2781491, -0.2781491], dtype=float32), array([-0.26647756, -0.26647756, -0.26647756], dtype=float32), array([-0.25624081, -0.25624081, -0.25624081], dtype=float32), array([-0.24801628, -0.24801628, -0.24801628], dtype=float32), array([-0.24883795, -0.24883795, -0.24883795], dtype=float32), array([-0.2497418, -0.2497418, -0.2497418], dtype=float32), array([-0.24815346, -0.24815346, -0.24815346], dtype=float32), array([-0.25893596, -0.25893596, -0.25893596], dtype=float32), array([-0.27532622, -0.27532622, -0.27532622], dtype=float32), array([-0.29982597, -0.29982597, -0.29982597], dtype=float32), array([-0.3200347, -0.3200347, -0.3200347], dtype=float32), array([-0.33999175, -0.33999175, -0.33999175], dtype=float32), array([-0.36604065, -0.36604065, -0.36604065], dtype=float32), array([-0.3911987, -0.3911987, -0.3911987], dtype=float32), array([-0.4105769, -0.4105769, -0.4105769], dtype=float32), array([-0.4278808, -0.4278808, -0.4278808], dtype=float32), array([-0.448768, -0.448768, -0.448768], dtype=float32), array([-0.47381672, -0.47381672, -0.47381672], dtype=float32), array([-0.503446, -0.503446, -0.503446], dtype=float32), array([-0.53454113, -0.53454113, -0.53454113], dtype=float32), array([-0.56778145, -0.56778145, -0.56778145], dtype=float32), array([-0.6030735, -0.6030735, -0.6030735], dtype=float32), array([-0.6408957, -0.6408957, -0.6408957], dtype=float32), array([-0.68013793, -0.68013793, -0.68013793], dtype=float32), array([-0.720108, -0.720108, -0.720108], dtype=float32), array([-0.7616962, -0.7616962, -0.7616962], dtype=float32), array([-0.8043293, -0.8043293, -0.8043293], dtype=float32), array([-0.8472442, -0.8472442, -0.8472442], dtype=float32), array([-0.8891049, -0.8891049, -0.8891049], dtype=float32), array([-0.9318677, -0.9318677, -0.9318677], dtype=float32), array([-0.96963304, -0.96963304, -0.96963304], dtype=float32)]","[array([[0.30510828, 0.38924253, 0.30564916],
       [0.5007356 , 0.01194909, 0.48731536],
       [0.30855384, 0.3824104 , 0.30903578]], dtype=float32), array([[0.3441617 , 0.3120629 , 0.3437755 ],
       [0.50358623, 0.01335779, 0.4830559 ],
       [0.34853426, 0.30348426, 0.3479815 ]], dtype=float32), array([[0.3476639 , 0.29826868, 0.3540674 ],
       [0.39356545, 0.01241313, 0.59402144],
       [0.30833054, 0.39203373, 0.29963577]], dtype=float32), array([[0.34618244, 0.30928007, 0.3445375 ],
       [0.53755486, 0.00939132, 0.45305377],
       [0.36432007, 0.2756294 , 0.36005053]], dtype=float32), array([[0.315441  , 0.37214696, 0.312412  ],
       [0.44166666, 0.0113004 , 0.54703295],
       [0.2896081 , 0.42728373, 0.28310814]], dtype=float32), array([[0.3668105 , 0.27112848, 0.36206096],
       [0.5437922 , 0.0066031 , 0.44960472],
       [0.38481018, 0.23825271, 0.37693706]], dtype=float32), array([[0.31892312, 0.35742244, 0.3236544 ],
       [0.6507491 , 0.00474006, 0.34451082],
       [0.39719802, 0.2322184 , 0.37058347]], dtype=float32), array([[0.34586447, 0.30170608, 0.35242948],
       [0.37829897, 0.01177374, 0.6099273 ],
       [0.29968405, 0.41363603, 0.28668   ]], dtype=float32), array([[0.2993821 , 0.3929178 , 0.3077001 ],
       [0.5977054 , 0.00932457, 0.39297006],
       [0.35434914, 0.29749367, 0.34815723]], dtype=float32), array([[0.33214414, 0.3353416 , 0.3325142 ],
       [0.6243471 , 0.00675063, 0.3689023 ],
       [0.39409065, 0.23483272, 0.37107664]], dtype=float32), array([[0.30258927, 0.39461148, 0.30279925],
       [0.49711508, 0.0107273 , 0.49215764],
       [0.30387   , 0.3920577 , 0.30407235]], dtype=float32), array([[0.3498626 , 0.30204245, 0.34809497],
       [0.5271373 , 0.01122106, 0.4616416 ],
       [0.36357382, 0.27627656, 0.36014956]], dtype=float32), array([[0.3463607 , 0.29812244, 0.35551685],
       [0.35925972, 0.01476701, 0.6259733 ],
       [0.29435438, 0.43008295, 0.27556258]], dtype=float32), array([[0.3045883 , 0.3825178 , 0.31289396],
       [0.62461716, 0.0071218 , 0.368261  ],
       [0.37273943, 0.26865917, 0.35860145]], dtype=float32), array([[0.32992968, 0.33896428, 0.33110607],
       [0.6545827 , 0.0046179 , 0.34079948],
       [0.4075923 , 0.21724373, 0.375164  ]], dtype=float32), array([[0.34799993, 0.2969893 , 0.35501072],
       [0.38308555, 0.00987525, 0.6070392 ],
       [0.30387983, 0.40283033, 0.29328987]], dtype=float32), array([[0.33485353, 0.3295586 , 0.33558786],
       [0.38103423, 0.01303347, 0.6059323 ],
       [0.28553164, 0.44590333, 0.26856506]], dtype=float32), array([[0.33743575, 0.32321575, 0.33934847],
       [0.38482147, 0.01264855, 0.60253   ],
       [0.2906817 , 0.43349457, 0.27582374]], dtype=float32), array([[0.3449042 , 0.3109776 , 0.34411815],
       [0.51525956, 0.01118403, 0.47355637],
       [0.35379824, 0.29384804, 0.35235372]], dtype=float32), array([[0.3078754 , 0.3852708 , 0.3068539 ],
       [0.47983438, 0.01508677, 0.50507885],
       [0.30143338, 0.39837644, 0.3001902 ]], dtype=float32), array([[0.30903777, 0.3829205 , 0.30804172],
       [0.4786101 , 0.01891752, 0.50247234],
       [0.30293345, 0.39534533, 0.30172125]], dtype=float32), array([[0.31330475, 0.36849555, 0.3181997 ],
       [0.5650467 , 0.02149498, 0.41345826],
       [0.35314664, 0.2992505 , 0.34760284]], dtype=float32), array([[0.3747829 , 0.2554342 , 0.3697829 ],
       [0.5151653 , 0.02290111, 0.46193358],
       [0.384209  , 0.2379757 , 0.3778153 ]], dtype=float32), array([[0.3370597 , 0.32630488, 0.33663538],
       [0.5048971 , 0.03832399, 0.45677882],
       [0.34820816, 0.30535552, 0.34643635]], dtype=float32), array([[0.311236  , 0.36962083, 0.31914324],
       [0.5826893 , 0.0333963 , 0.38391447],
       [0.36705503, 0.28009117, 0.35285378]], dtype=float32), array([[0.31152248, 0.36898392, 0.3194936 ],
       [0.57748246, 0.03791431, 0.38460317],
       [0.36619967, 0.28166786, 0.35213247]], dtype=float32), array([[0.31864676, 0.36466056, 0.31669268],
       [0.4506033 , 0.05228573, 0.49711093],
       [0.30679947, 0.38973045, 0.30347008]], dtype=float32), array([[0.33523366, 0.32978618, 0.33498022],
       [0.4988378 , 0.05182936, 0.4493329 ],
       [0.3470701 , 0.30777922, 0.3451507 ]], dtype=float32), array([[0.33579078, 0.3291838 , 0.33502543],
       [0.5543223 , 0.0380875 , 0.40759024],
       [0.37232363, 0.26899403, 0.35868227]], dtype=float32), array([[0.3356967 , 0.3289155 , 0.33538777],
       [0.5004676 , 0.04891036, 0.45062202],
       [0.3475324 , 0.30688018, 0.34558746]], dtype=float32), array([[0.36236188, 0.2814556 , 0.3561825 ],
       [0.52670276, 0.03519643, 0.43810087],
       [0.3803569 , 0.24999838, 0.36964476]], dtype=float32)]",1,0,0,0,0,0,56.51751824817518,64.15620437956204,2000,0.00023156296995074664,0.0005373162118183594,5.22,5.22,2000,4000,4000,0.33754568538191965,104968,93000,61938,186000,123876,0,1029.061471725051,6149065.240892172,6351355.934249122,0.3606232702732086,0.5202583074569702,-0.12654423713684082,0.0,0.0013802934991,81158,0.4722185432910919,-0.11150646209716797,30969,2974.639892578125,0.2359156757593155,61938,999.0,0.05811275914311409,2.0,1.0,342.67672819926423,0.0,0.0,61938,999.0,1.0,2.0,0.0013802934991,0.0393447157605,30969,23810,342.6761005485613,0.9573306375970015,0.2006510297319619,50,4100,100,2,2.0,10.5,6.952875426002322e-05,0.00018000644167953498,2.0,-10.5,5.88,0.0023961936094565317,100,0.9573306375970015,0.0003543813781288918,2,5.88,0.0002670623437499817,100,0.0006012799959021278,5.88,200,200,100,2.768860009947839e-05,9.471853394243448e-06,6.310818517005772e-05,1.0164835425672705e-05,4.75999247211292e-05,0.00022034814569852127,4.234787096205746e-05,4.2846486880861545e-05,2.443138880552253e-05,3.150958767028676e-05,7.39417253048243e-05,0.0573787442423054,0.006999788918183185,0.053232241675723345,0.17245589835554712,0.030058631660358513,0.016379042260377903,0.0001869143258954864,0.5057216286659241,-0.11884905397891998,1.0,0.4722185730934143,4.297494888305664e-05,108066,90.51239776611328,0.06503359973430634,0.24008313,216132,498.0,61.0,62.0,108066,0.0,216132,498.0,62.0,61.0,651000,216132,1302000,432264,12682.17297010128,5.168607267417414e-05,7.378785951562697e-05,9.86529796711081e-06,1.1312289124772758e-05,3.0032801527293257e-05,0.0002528306735457897,4.421320027608583e-05,3.799684463376257e-05,8.481090370127909e-05,4.56689372199855e-05,2.5820523132392016e-05
1,6000,False,3,d2a96_00000,2025-08-17_20-34-03,1755462843,93.78405785560608,283.6309902667999,686047,intrinsic-attention2,10.156.0.3,283.6309902667999,3,93.20417750272479,1.475834871380357e-05,93.20390469217737,2.748433560802773,90.1054424725174,0.002310685473003832,2.0,-10.5,1.0067001111073661,2.7142625254970523,6.01,0.0023383512100554073,0.0002549519995227456,2,2.0,10.5,1000,6000,3000,6.337086362080855e-05,0.00016051741538965656,2000,2,1.0067001111073661,734.3965530905899,2000.0,3000.0,"[array([-1.0012676, -1.0012676, -1.0012676], dtype=float32), array([-1.0328543, -1.0328543, -1.0328543], dtype=float32), array([-1.0642631, -1.0642631, -1.0642631], dtype=float32), array([-1.0967419, -1.0967419, -1.0967419], dtype=float32), array([-1.1278085, -1.1278085, -1.1278085], dtype=float32), array([-1.158789, -1.158789, -1.158789], dtype=float32), array([-1.1807086, -1.1807086, -1.1807086], dtype=float32), array([-1.201587, -1.201587, -1.201587], dtype=float32), array([-1.2222769, -1.2222769, -1.2222769], dtype=float32), array([-1.2423499, -1.2423499, -1.2423499], dtype=float32), array([-1.2616922, -1.2616922, -1.2616922], dtype=float32), array([-1.2813646, -1.2813646, -1.2813646], dtype=float32), array([-1.2966506, -1.2966506, -1.2966506], dtype=float32), array([-1.3119767, -1.3119767, -1.3119767], dtype=float32), array([-1.3275433, -1.3275433, -1.3275433], dtype=float32), array([-1.3445417, -1.3445417, -1.3445417], dtype=float32), array([-1.356004, -1.356004, -1.356004], dtype=float32), array([-1.3677942, -1.3677942, -1.3677942], dtype=float32), array([-1.3803767, -1.3803767, -1.3803767], dtype=float32), array([-1.3925335, -1.3925335, -1.3925335], dtype=float32), array([-1.4106325, -1.4106325, -1.4106325], dtype=float32), array([-1.430425, -1.430425, -1.430425], dtype=float32), array([-1.4529909, -1.4529909, -1.4529909], dtype=float32), array([-1.470278, -1.470278, -1.470278], dtype=float32), array([-1.488095, -1.488095, -1.488095], dtype=float32), array([-1.5039363, -1.5039363, -1.5039363], dtype=float32), array([-1.5160606, -1.5160606, -1.5160606], dtype=float32), array([-1.5304509, -1.5304509, -1.5304509], dtype=float32), array([-1.5471705, -1.5471705, -1.5471705], dtype=float32), array([-1.5595149, -1.5595149, -1.5595149], dtype=float32), array([-1.5741081, -1.5741081, -1.5741081], dtype=float32)]","[array([-1.0012676, -1.0012676, -1.0012676], dtype=float32), array([-1.0328543, -1.0328543, -1.0328543], dtype=float32), array([-1.0642632, -1.0642632, -1.0642632], dtype=float32), array([-1.0967418, -1.0967418, -1.0967418], dtype=float32), array([-1.1278085, -1.1278085, -1.1278085], dtype=float32), array([-1.158789, -1.158789, -1.158789], dtype=float32), array([-1.1807088, -1.1807088, -1.1807088], dtype=float32), array([-1.201587, -1.201587, -1.201587], dtype=float32), array([-1.2222768, -1.2222768, -1.2222768], dtype=float32), array([-1.24235, -1.24235, -1.24235], dtype=float32), array([-1.2616922, -1.2616922, -1.2616922], dtype=float32), array([-1.2813646, -1.2813646, -1.2813646], dtype=float32), array([-1.2966508, -1.2966508, -1.2966508], dtype=float32), array([-1.3119767, -1.3119767, -1.3119767], dtype=float32), array([-1.3275434, -1.3275434, -1.3275434], dtype=float32), array([-1.3445418, -1.3445418, -1.3445418], dtype=float32), array([-1.3560041, -1.3560041, -1.3560041], dtype=float32), array([-1.3677943, -1.3677943, -1.3677943], dtype=float32), array([-1.3803767, -1.3803767, -1.3803767], dtype=float32), array([-1.3925335, -1.3925335, -1.3925335], dtype=float32), array([-1.4106325, -1.4106325, -1.4106325], dtype=float32), array([-1.4304248, -1.4304248, -1.4304248], dtype=float32), array([-1.4529908, -1.4529908, -1.4529908], dtype=float32), array([-1.470278, -1.470278, -1.470278], dtype=float32), array([-1.4880949, -1.4880949, -1.4880949], dtype=float32), array([-1.503936, -1.503936, -1.503936], dtype=float32), array([-1.5160606, -1.5160606, -1.5160606], dtype=float32), array([-1.5304509, -1.5304509, -1.5304509], dtype=float32), array([-1.5471706, -1.5471706, -1.5471706], dtype=float32), array([-1.5595149, -1.5595149, -1.5595149], dtype=float32), array([-1.5741082, -1.5741082, -1.5741082], dtype=float32)]","[array([[0.3344983 , 0.33136728, 0.33413443],
       [0.5593381 , 0.03491478, 0.4057472 ],
       [0.37285602, 0.26823208, 0.35891193]], dtype=float32), array([[0.3125471 , 0.36928797, 0.3181649 ],
       [0.5558504 , 0.03300524, 0.41114447],
       [0.35182038, 0.30204412, 0.3461355 ]], dtype=float32), array([[0.3031952 , 0.3973715 , 0.29943323],
       [0.45416802, 0.03380453, 0.51202744],
       [0.28754476, 0.43020833, 0.2822469 ]], dtype=float32), array([[0.30231956, 0.38627446, 0.31140602],
       [0.58498985, 0.0218332 , 0.39317697],
       [0.35562393, 0.29648298, 0.34789312]], dtype=float32), array([[0.3029002 , 0.38537765, 0.31172213],
       [0.58810276, 0.0196701 , 0.39222723],
       [0.35691535, 0.29428536, 0.34879932]], dtype=float32), array([[0.3063568 , 0.39165634, 0.30198693],
       [0.4467143 , 0.02785072, 0.525435  ],
       [0.28562605, 0.43571642, 0.27865756]], dtype=float32), array([[0.37151393, 0.26016536, 0.36832073],
       [0.5135357 , 0.01503577, 0.47142863],
       [0.37907547, 0.24580704, 0.3751175 ]], dtype=float32), array([[0.33894992, 0.32413232, 0.33691773],
       [0.6308615 , 0.00964702, 0.35949147],
       [0.4047703 , 0.22190225, 0.37332743]], dtype=float32), array([[0.33706236, 0.32407203, 0.33886564],
       [0.39474508, 0.02235952, 0.5828954 ],
       [0.2970533 , 0.41949072, 0.2834559 ]], dtype=float32), array([[0.35132152, 0.30315045, 0.34552798],
       [0.61173576, 0.00884619, 0.379418  ],
       [0.4035753 , 0.21961074, 0.37681392]], dtype=float32), array([[0.38406566, 0.2358732 , 0.3800611 ],
       [0.51575595, 0.01020351, 0.4740405 ],
       [0.39086542, 0.2229583 , 0.38617626]], dtype=float32), array([[0.3517055 , 0.30172604, 0.34656852],
       [0.5925415 , 0.00939631, 0.39806217],
       [0.3945273 , 0.23074526, 0.37472752]], dtype=float32), array([[0.37981108, 0.24754256, 0.3726464 ],
       [0.53970045, 0.00945941, 0.45084015],
       [0.39540526, 0.21941447, 0.3851802 ]], dtype=float32), array([[0.34543583, 0.3134341 , 0.34113002],
       [0.63896173, 0.00663023, 0.35440806],
       [0.4121442 , 0.21004106, 0.3778147 ]], dtype=float32), array([[0.31928998, 0.3662688 , 0.3144411 ],
       [0.4071121 , 0.01859576, 0.5742922 ],
       [0.27860588, 0.45779368, 0.26360035]], dtype=float32), array([[0.38613078, 0.23528415, 0.378585  ],
       [0.5394594 , 0.0069499 , 0.45359072],
       [0.40047523, 0.20927158, 0.39025322]], dtype=float32), array([[0.32697418, 0.34894583, 0.32408005],
       [0.3899363 , 0.01848524, 0.5915784 ],
       [0.2802192 , 0.4577436 , 0.26203725]], dtype=float32), array([[0.3150883 , 0.36490157, 0.32001007],
       [0.6050564 , 0.00863952, 0.38630405],
       [0.37104937, 0.27013272, 0.35881788]], dtype=float32), array([[0.39008734, 0.22283319, 0.38707954],
       [0.51086766, 0.00735333, 0.48177898],
       [0.39455658, 0.21420443, 0.39123902]], dtype=float32), array([[0.34671792, 0.31113452, 0.34214756],
       [0.6413622 , 0.00498208, 0.35365584],
       [0.413168  , 0.20717576, 0.37965629]], dtype=float32), array([[0.3474881 , 0.30984104, 0.34267086],
       [0.6373494 , 0.00547658, 0.35717407],
       [0.4119824 , 0.20875783, 0.3792598 ]], dtype=float32), array([[0.38808385, 0.22565067, 0.38626537],
       [0.50402856, 0.00914637, 0.48682508],
       [0.3907316 , 0.22046883, 0.38879958]], dtype=float32), array([[0.3441347 , 0.31548604, 0.34037924],
       [0.6110803 , 0.013017  , 0.37590274],
       [0.3997304 , 0.227909  , 0.37236056]], dtype=float32), array([[0.3685398 , 0.26785687, 0.36360335],
       [0.51655793, 0.02726685, 0.45617527],
       [0.379859  , 0.24712124, 0.37301978]], dtype=float32), array([[0.3053962 , 0.39218614, 0.30241764],
       [0.44995123, 0.06451759, 0.4855312 ],
       [0.2953073 , 0.4132483 , 0.29144442]], dtype=float32), array([[0.3226294 , 0.35138628, 0.3259843 ],
       [0.5243907 , 0.06695672, 0.4086525 ],
       [0.3547213 , 0.2979714 , 0.34730726]], dtype=float32), array([[0.3188551 , 0.35711864, 0.32402635],
       [0.5118797 , 0.08888256, 0.3992378 ],
       [0.35231715, 0.30285156, 0.34483135]], dtype=float32), array([[0.31918287, 0.35625923, 0.32455793],
       [0.49224657, 0.11375064, 0.3940028 ],
       [0.34975767, 0.3072966 , 0.34294578]], dtype=float32), array([[0.31962585, 0.35522756, 0.32514656],
       [0.47418427, 0.13775766, 0.3880581 ],
       [0.3476942 , 0.31086692, 0.34143886]], dtype=float32), array([[0.34489056, 0.31332293, 0.3417864 ],
       [0.4491356 , 0.14666271, 0.40420163],
       [0.3562455 , 0.29390523, 0.34984925]], dtype=float32), array([[0.344784  , 0.3133026 , 0.34191352],
       [0.43829653, 0.16026624, 0.4014373 ],
       [0.35409793, 0.29718083, 0.3487213 ]], dtype=float32)]",1,0,0,0,0,0,56.549253731343285,64.39552238805969,2000,0.00024067277625265917,0.0005391269659108391,6.01,6.01,2000,6000,6000,0.33891354956810543,104968,93000,61938,279000,185814,0,1028.4617932311014,6139994.489541467,6352404.431153422,0.5409349203109741,0.40688779950141907,-0.09498383104801178,0.0,0.0013802934991,81158,0.4722185432910919,-0.006520628929138184,30969,1106.8818359375,0.266030877828598,92907,999.0,0.03430035710334778,3.0,1.0,342.4770700655633,0.0,0.0,92907,999.0,1.0,3.0,0.0013802934991,0.0393447157605,30969,23810,342.4764657339584,0.9957671529634575,0.2005008894147293,50,6100,100,2,2.0,10.5,6.51809268301453e-05,0.00016039918174912634,3.0,-10.5,7.68,0.002302203669969458,150,0.9957671529634575,0.00035287198437872577,2,7.68,0.0002398089001953766,100,0.0005509409051543839,7.68,300,300,100,2.7741972708637294e-05,9.891488107928666e-06,6.644287772433133e-05,1.0238378844691072e-05,4.9648050478921136e-05,0.0002166533313781229,4.3088289312311885e-05,4.437716381436427e-05,2.374078089887308e-05,3.1175872645072406e-05,7.442873507491894e-05,0.05768040042994835,0.007037553869053954,0.053550631808984325,0.1731959041320035,0.0300436413037678,0.016362498757724827,0.00018666777255275517,0.3994101881980896,-0.058377161622047424,1.0,0.4722185730934143,-0.0002053976058959961,108066,83.22854614257812,0.03315248712897301,0.29559195,324198,498.0,91.0,93.0,108066,0.0,324198,498.0,93.0,91.0,651000,216132,1953000,648396,12520.281334458517,4.957485399175545e-05,6.46201074526953e-05,9.298679342945972e-06,1.0548630802920255e-05,2.8463452595102196e-05,0.0002270142298066541,4.2993995385502775e-05,3.3322365589673434e-05,7.601352914147194e-05,4.334027371684939e-05,2.5026615986491714e-05
1,8000,False,4,d2a96_00000,2025-08-17_20-35-36,1755462936,92.65126299858093,376.28225326538086,686047,intrinsic-attention2,10.156.0.3,376.28225326538086,4,93.19658926579761,1.4786865228801617e-05,93.19631552704551,2.7469477444546286,90.09960034068214,0.002306909528273347,3.0,-10.5,1.0067001111073661,2.7128023416221314,8.32,0.001526457050786121,0.0002549519995227456,2,2.0,10.5,1000,8000,4000,4.6253719167773895e-05,9.695189336156165e-05,2000,2,1.0067001111073661,729.5336215729878,2000.0,3000.0,"[array([-1.5851512, -1.5851512, -1.5851512], dtype=float32), array([-1.6014208, -1.6014208, -1.6014208], dtype=float32), array([-1.6246257, -1.6246257, -1.6246257], dtype=float32), array([-1.6474742, -1.6474742, -1.6474742], dtype=float32), array([-1.6683162, -1.6683162, -1.6683162], dtype=float32), array([-1.6957594, -1.6957594, -1.6957594], dtype=float32), array([-1.7253665, -1.7253665, -1.7253665], dtype=float32), array([-1.7574916, -1.7574916, -1.7574916], dtype=float32), array([-1.7872404, -1.7872404, -1.7872404], dtype=float32), array([-1.8177761, -1.8177761, -1.8177761], dtype=float32), array([-1.8512709, -1.8512709, -1.8512709], dtype=float32), array([-1.8845081, -1.8845081, -1.8845081], dtype=float32), array([-1.9158322, -1.9158322, -1.9158322], dtype=float32), array([-1.9550663, -1.9550663, -1.9550663], dtype=float32), array([-1.9922178, -1.9922178, -1.9922178], dtype=float32), array([-2.0303211, -2.0303211, -2.0303211], dtype=float32), array([-2.067877, -2.067877, -2.067877], dtype=float32), array([-2.1020358, -2.1020358, -2.1020358], dtype=float32), array([-2.1383967, -2.1383967, -2.1383967], dtype=float32), array([-2.1768608, -2.1768608, -2.1768608], dtype=float32), array([-2.2143836, -2.2143836, -2.2143836], dtype=float32), array([-2.252295, -2.252295, -2.252295], dtype=float32), array([-2.2865162, -2.2865162, -2.2865162], dtype=float32), array([-2.318559, -2.318559, -2.318559], dtype=float32), array([-2.3517394, -2.3517394, -2.3517394], dtype=float32), array([-2.3926263, -2.3926263, -2.3926263], dtype=float32), array([-2.42382, -2.42382, -2.42382], dtype=float32), array([-2.453365, -2.453365, -2.453365], dtype=float32), array([-2.4820492, -2.4820492, -2.4820492], dtype=float32), array([-2.507851, -2.507851, -2.507851], dtype=float32), array([-2.532967, -2.532967, -2.532967], dtype=float32)]","[array([-1.5851511, -1.5851511, -1.5851511], dtype=float32), array([-1.6014206, -1.6014206, -1.6014206], dtype=float32), array([-1.6246253, -1.6246253, -1.6246253], dtype=float32), array([-1.6474742, -1.6474742, -1.6474742], dtype=float32), array([-1.6683165, -1.6683165, -1.6683165], dtype=float32), array([-1.6957594, -1.6957594, -1.6957594], dtype=float32), array([-1.7253664, -1.7253664, -1.7253664], dtype=float32), array([-1.7574912, -1.7574912, -1.7574912], dtype=float32), array([-1.78724, -1.78724, -1.78724], dtype=float32), array([-1.8177767, -1.8177767, -1.8177767], dtype=float32), array([-1.8512713, -1.8512713, -1.8512713], dtype=float32), array([-1.8845083, -1.8845083, -1.8845083], dtype=float32), array([-1.9158319, -1.9158319, -1.9158319], dtype=float32), array([-1.9550658, -1.9550658, -1.9550658], dtype=float32), array([-1.9922177, -1.9922177, -1.9922177], dtype=float32), array([-2.0303206, -2.0303206, -2.0303206], dtype=float32), array([-2.067877, -2.067877, -2.067877], dtype=float32), array([-2.1020365, -2.1020365, -2.1020365], dtype=float32), array([-2.1383965, -2.1383965, -2.1383965], dtype=float32), array([-2.1768603, -2.1768603, -2.1768603], dtype=float32), array([-2.2143834, -2.2143834, -2.2143834], dtype=float32), array([-2.2522953, -2.2522953, -2.2522953], dtype=float32), array([-2.2865162, -2.2865162, -2.2865162], dtype=float32), array([-2.3185594, -2.3185594, -2.3185594], dtype=float32), array([-2.3517394, -2.3517394, -2.3517394], dtype=float32), array([-2.392626, -2.392626, -2.392626], dtype=float32), array([-2.4238195, -2.4238195, -2.4238195], dtype=float32), array([-2.453365, -2.453365, -2.453365], dtype=float32), array([-2.4820492, -2.4820492, -2.4820492], dtype=float32), array([-2.507851, -2.507851, -2.507851], dtype=float32), array([-2.5329676, -2.5329676, -2.5329676], dtype=float32)]","[array([[0.3341816 , 0.3318448 , 0.33397353],
       [0.42478672, 0.18133844, 0.39387482],
       [0.34316242, 0.31616223, 0.3406754 ]], dtype=float32), array([[0.33528724, 0.33031845, 0.33439425],
       [0.45629185, 0.1637447 , 0.37996355],
       [0.35864362, 0.29500973, 0.34634674]], dtype=float32), array([[0.333603  , 0.33292335, 0.33347365],
       [0.44473496, 0.18058139, 0.3746836 ],
       [0.35603347, 0.29945874, 0.3445078 ]], dtype=float32), array([[0.3209009 , 0.35229883, 0.32680023],
       [0.42458108, 0.20653802, 0.36888096],
       [0.34200895, 0.3203258 , 0.3376652 ]], dtype=float32), array([[0.33845273, 0.32499677, 0.33655053],
       [0.40981773, 0.21539752, 0.37478474],
       [0.34891826, 0.30813682, 0.342945  ]], dtype=float32), array([[0.33127597, 0.33684435, 0.3318797 ],
       [0.4133299 , 0.20401743, 0.38265267],
       [0.34096518, 0.32038087, 0.33865398]], dtype=float32), array([[0.3332836 , 0.33340985, 0.3333065 ],
       [0.46024108, 0.15979724, 0.37996164],
       [0.35819888, 0.29581025, 0.34599087]], dtype=float32), array([[0.34734967, 0.3087679 , 0.34388238],
       [0.45140937, 0.14003001, 0.40856057],
       [0.35776404, 0.29074   , 0.35149598]], dtype=float32), array([[0.3237989 , 0.34904087, 0.32716027],
       [0.4785732 , 0.12400195, 0.39742485],
       [0.34849778, 0.3087609 , 0.34274125]], dtype=float32), array([[0.3546612 , 0.29590327, 0.3494356 ],
       [0.48142344, 0.09654666, 0.42202988],
       [0.36788908, 0.27309608, 0.35901487]], dtype=float32), array([[0.34071115, 0.32140112, 0.33788773],
       [0.5217807 , 0.07934992, 0.3988694 ],
       [0.37275717, 0.2710464 , 0.35619637]], dtype=float32), array([[0.34347063, 0.3172348 , 0.3392946 ],
       [0.54805404, 0.06103801, 0.39090794],
       [0.38366702, 0.2558641 , 0.3604688 ]], dtype=float32), array([[0.3650322 , 0.2766126 , 0.35835516],
       [0.50609285, 0.05652056, 0.43738657],
       [0.3787132 , 0.2526411 , 0.36864564]], dtype=float32), array([[0.3498562 , 0.3059578 , 0.34418598],
       [0.5600535 , 0.03733192, 0.4026145 ],
       [0.3867081 , 0.24712203, 0.3661698 ]], dtype=float32), array([[0.31999016, 0.36435637, 0.31565344],
       [0.4220939 , 0.05426583, 0.52364033],
       [0.29455444, 0.42179888, 0.28364664]], dtype=float32), array([[0.35407683, 0.29330853, 0.3526146 ],
       [0.4986569 , 0.03191921, 0.46942386],
       [0.36001188, 0.28190616, 0.35808197]], dtype=float32), array([[0.3365993 , 0.3275397 , 0.33586103],
       [0.5479188 , 0.02487458, 0.42720664],
       [0.36515453, 0.2776533 , 0.3571922 ]], dtype=float32), array([[0.3853832 , 0.237904  , 0.37671286],
       [0.53184325, 0.01657994, 0.45157674],
       [0.3988443 , 0.21386641, 0.38728932]], dtype=float32), array([[0.37462336, 0.25785187, 0.3675248 ],
       [0.53453386, 0.01719785, 0.44826832],
       [0.39038622, 0.2296894 , 0.37992436]], dtype=float32), array([[0.32301912, 0.35098213, 0.3259987 ],
       [0.57751536, 0.02138458, 0.40110007],
       [0.36817268, 0.27530232, 0.35652503]], dtype=float32), array([[0.3236424 , 0.3507951 , 0.3255625 ],
       [0.54030925, 0.02658075, 0.43311   ],
       [0.3505052 , 0.3027397 , 0.3467551 ]], dtype=float32), array([[0.36093864, 0.2709561 , 0.36810526],
       [0.4404546 , 0.02998683, 0.52955854],
       [0.34561357, 0.30586556, 0.3485209 ]], dtype=float32), array([[0.34806806, 0.30847585, 0.34345615],
       [0.59078497, 0.01512264, 0.39409235],
       [0.39306468, 0.2354954 , 0.3714399 ]], dtype=float32), array([[0.3765369 , 0.24993533, 0.37352777],
       [0.5078658 , 0.0169662 , 0.47516796],
       [0.38212955, 0.23922887, 0.3786416 ]], dtype=float32), array([[0.3692229 , 0.25878057, 0.37199646],
       [0.47406915, 0.01814654, 0.50778437],
       [0.36345908, 0.27082327, 0.3657176 ]], dtype=float32), array([[0.37151656, 0.25358066, 0.37490276],
       [0.47216353, 0.0165399 , 0.5112965 ],
       [0.36498022, 0.26732972, 0.36769006]], dtype=float32), array([[0.34937462, 0.306105  , 0.3445204 ],
       [0.59977055, 0.01026286, 0.38996664],
       [0.39662367, 0.2291271 , 0.3742493 ]], dtype=float32), array([[0.3704618 , 0.26544094, 0.36409724],
       [0.54411274, 0.01121197, 0.4446753 ],
       [0.38921937, 0.23189913, 0.3788815 ]], dtype=float32), array([[0.37598255, 0.24330585, 0.38071164],
       [0.46818098, 0.01430364, 0.51751536],
       [0.36812672, 0.26005378, 0.37181947]], dtype=float32), array([[0.34916693, 0.30491644, 0.3459166 ],
       [0.5604607 , 0.0113421 , 0.4281972 ],
       [0.377852  , 0.25446606, 0.367682  ]], dtype=float32), array([[0.36960214, 0.26231843, 0.36807942],
       [0.5050497 , 0.01209312, 0.48285717],
       [0.37358832, 0.25454527, 0.37186643]], dtype=float32)]",1,0,0,0,0,0,56.2045112781955,64.43082706766917,2000,0.00015734495102261872,0.00036075884898341485,8.32,8.32,2000,8000,8000,0.3386758600824396,104968,93000,61938,372000,247752,0,1028.3527856450378,6145601.129815275,6364465.49216628,0.5409349203109741,0.3398354649543762,-0.03815138712525368,0.0,0.0013802934991,81158,0.4722185432910919,-0.004448533058166504,30969,702.1871337890625,0.3202047049999237,123876,999.0,0.0177809689193964,4.0,1.0,342.4408059613318,0.0,0.0,123876,999.0,1.0,4.0,0.0013802934991,0.0393447157605,30969,23810,342.4402276201127,1.0042789879865917,0.2003811421706046,50,8100,100,2,2.0,10.5,6.42977904001459e-05,0.00015775877992841374,4.0,-10.5,8.68,0.002301889370428398,200,1.0042789879865917,0.00035143162444127666,2,8.68,0.00023591974309804744,100,0.0005433299982838307,8.68,400,400,100,1.9517285607880946e-05,6.869204316766772e-06,4.321377367560131e-05,7.228869734954304e-06,3.2966699254795555e-05,0.00015207964379463913,2.817831374405781e-05,2.8686120371530854e-05,1.6070301545018675e-05,2.1639539221892134e-05,4.826026438127411e-05,0.057638299665622034,0.0070296588704364255,0.05348779299089283,0.1731054987806711,0.030016321060722256,0.01635336140020892,0.00018648237480035456,0.33833280205726624,-0.04709026962518692,1.0,0.4722185730934143,0.000625312328338623,108066,76.9372329711914,0.013452826999127865,0.30380574,432264,498.0,121.0,124.0,108066,0.0,432264,498.0,124.0,121.0,651000,216132,2604000,864528,12366.871090390023,4.9263258724590227e-05,6.471962002639337e-05,9.043842755433394e-06,1.0294178714965393e-05,2.8377092427560674e-05,0.0002245301978245206,4.297279407596874e-05,3.169424269452594e-05,7.48085592905309e-05,4.3517386627541706e-05,2.483979924281322e-05
1,10000,False,5,d2a96_00000,2025-08-17_20-37-07,1755463027,91.25641822814941,467.5386714935303,686047,intrinsic-attention2,10.156.0.3,467.5386714935303,5,93.17566429637971,1.4761156557915239e-05,93.17538985318508,2.7472187701901847,90.07850819759537,0.002303856753040376,4.0,-10.5,1.0067001111073661,2.7131004728358485,9.34,0.0015916544894571416,0.0002549519995227456,2,2.0,10.5,1000,10000,5000,4.798104872488323e-05,0.00010271763339796789,2000,2,1.0067001111073661,723.374823123766,2000.0,3000.0,"[array([-2.5605493, -2.5605493, -2.5605493], dtype=float32), array([-2.586636, -2.586636, -2.586636], dtype=float32), array([-2.6109242, -2.6109242, -2.6109242], dtype=float32), array([-2.633034, -2.633034, -2.633034], dtype=float32), array([-2.6478057, -2.6478057, -2.6478057], dtype=float32), array([-2.664074, -2.664074, -2.664074], dtype=float32), array([-2.6830304, -2.6830304, -2.6830304], dtype=float32), array([-2.700919, -2.700919, -2.700919], dtype=float32), array([-2.7177315, -2.7177315, -2.7177315], dtype=float32), array([-2.7342517, -2.7342517, -2.7342517], dtype=float32), array([-2.7498398, -2.7498398, -2.7498398], dtype=float32), array([-2.7632833, -2.7632833, -2.7632833], dtype=float32), array([-2.7750995, -2.7750995, -2.7750995], dtype=float32), array([-2.7864492, -2.7864492, -2.7864492], dtype=float32), array([-2.7937381, -2.7937381, -2.7937381], dtype=float32), array([-2.801885, -2.801885, -2.801885], dtype=float32), array([-2.8071697, -2.8071697, -2.8071697], dtype=float32), array([-2.816292, -2.816292, -2.816292], dtype=float32), array([-2.8226964, -2.8226964, -2.8226964], dtype=float32), array([-2.825722, -2.825722, -2.825722], dtype=float32), array([-2.8265824, -2.8265824, -2.8265824], dtype=float32), array([-2.8312275, -2.8312275, -2.8312275], dtype=float32), array([-2.8324544, -2.8324544, -2.8324544], dtype=float32), array([-2.8319468, -2.8319468, -2.8319468], dtype=float32), array([-2.8350034, -2.8350034, -2.8350034], dtype=float32), array([-2.837134, -2.837134, -2.837134], dtype=float32), array([-2.8386767, -2.8386767, -2.8386767], dtype=float32), array([-2.8408773, -2.8408773, -2.8408773], dtype=float32), array([-2.8391187, -2.8391187, -2.8391187], dtype=float32), array([-2.8404415, -2.8404415, -2.8404415], dtype=float32), array([-2.8423295, -2.8423295, -2.8423295], dtype=float32)]","[array([-2.560549, -2.560549, -2.560549], dtype=float32), array([-2.5866363, -2.5866363, -2.5866363], dtype=float32), array([-2.6109245, -2.6109245, -2.6109245], dtype=float32), array([-2.6330342, -2.6330342, -2.6330342], dtype=float32), array([-2.6478062, -2.6478062, -2.6478062], dtype=float32), array([-2.6640737, -2.6640737, -2.6640737], dtype=float32), array([-2.6830304, -2.6830304, -2.6830304], dtype=float32), array([-2.7009184, -2.7009184, -2.7009184], dtype=float32), array([-2.7177315, -2.7177315, -2.7177315], dtype=float32), array([-2.7342517, -2.7342517, -2.7342517], dtype=float32), array([-2.7498398, -2.7498398, -2.7498398], dtype=float32), array([-2.7632837, -2.7632837, -2.7632837], dtype=float32), array([-2.7750988, -2.7750988, -2.7750988], dtype=float32), array([-2.7864492, -2.7864492, -2.7864492], dtype=float32), array([-2.793738, -2.793738, -2.793738], dtype=float32), array([-2.8018847, -2.8018847, -2.8018847], dtype=float32), array([-2.8071694, -2.8071694, -2.8071694], dtype=float32), array([-2.8162925, -2.8162925, -2.8162925], dtype=float32), array([-2.8226962, -2.8226962, -2.8226962], dtype=float32), array([-2.825722, -2.825722, -2.825722], dtype=float32), array([-2.826582, -2.826582, -2.826582], dtype=float32), array([-2.8312278, -2.8312278, -2.8312278], dtype=float32), array([-2.832454, -2.832454, -2.832454], dtype=float32), array([-2.8319461, -2.8319461, -2.8319461], dtype=float32), array([-2.8350039, -2.8350039, -2.8350039], dtype=float32), array([-2.8371336, -2.8371336, -2.8371336], dtype=float32), array([-2.8386772, -2.8386772, -2.8386772], dtype=float32), array([-2.8408763, -2.8408763, -2.8408763], dtype=float32), array([-2.8391185, -2.8391185, -2.8391185], dtype=float32), array([-2.8404412, -2.8404412, -2.8404412], dtype=float32), array([-2.842329, -2.842329, -2.842329], dtype=float32)]","[array([[0.36627898, 0.2731667 , 0.36055437],
       [0.5449385 , 0.01169995, 0.44336152],
       [0.38598767, 0.23792544, 0.37608686]], dtype=float32), array([[0.32250652, 0.35112882, 0.3263647 ],
       [0.6299515 , 0.01125553, 0.35879302],
       [0.39268497, 0.24062708, 0.3666879 ]], dtype=float32), array([[0.36406973, 0.27395806, 0.36197215],
       [0.50762725, 0.0180307 , 0.47434202],
       [0.37034187, 0.26191384, 0.36774427]], dtype=float32), array([[0.3291457 , 0.34045228, 0.330402  ],
       [0.58938426, 0.0165947 , 0.39402097],
       [0.37768665, 0.2601753 , 0.36213806]], dtype=float32), array([[0.33048648, 0.3381689 , 0.33134463],
       [0.5909646 , 0.01594212, 0.3930932 ],
       [0.3793478 , 0.25752854, 0.36312366]], dtype=float32), array([[0.3441878 , 0.31418428, 0.34162804],
       [0.5627394 , 0.01624456, 0.42101613],
       [0.37623453, 0.2588696 , 0.3648958 ]], dtype=float32), array([[0.34172505, 0.315759  , 0.34251598],
       [0.4664782 , 0.02584564, 0.5076761 ],
       [0.3329779 , 0.33407632, 0.3329458 ]], dtype=float32), array([[0.30768532, 0.37598786, 0.31632686],
       [0.6254049 , 0.01207777, 0.36251742],
       [0.37895888, 0.26109433, 0.35994682]], dtype=float32), array([[0.36242822, 0.2769984 , 0.36057338],
       [0.510693  , 0.01310107, 0.47620595],
       [0.36900485, 0.2643325 , 0.36666265]], dtype=float32), array([[0.36865693, 0.2648693 , 0.3664737 ],
       [0.5116069 , 0.01093662, 0.47745657],
       [0.3748888 , 0.25286505, 0.37224618]], dtype=float32), array([[0.31813604, 0.3594853 , 0.32237867],
       [0.6069895 , 0.00891336, 0.3840971 ],
       [0.37473807, 0.264425  , 0.36083695]], dtype=float32), array([[0.3685438 , 0.26516932, 0.3662869 ],
       [0.5127877 , 0.01039961, 0.4768127 ],
       [0.375123  , 0.25251418, 0.3723628 ]], dtype=float32), array([[0.33511916, 0.32873207, 0.33614874],
       [0.37811172, 0.02059907, 0.6012893 ],
       [0.2867644 , 0.44596338, 0.2672722 ]], dtype=float32), array([[0.3440394 , 0.31631902, 0.3396416 ],
       [0.66132915, 0.00726401, 0.33140683],
       [0.42434782, 0.19804788, 0.37760434]], dtype=float32), array([[0.3665806 , 0.26722363, 0.3661958 ],
       [0.49348086, 0.01840139, 0.48811784],
       [0.36755034, 0.2652972 , 0.36715245]], dtype=float32), array([[0.29247966, 0.4017384 , 0.305782  ],
       [0.60461545, 0.02010698, 0.3752776 ],
       [0.35877228, 0.29256594, 0.34866172]], dtype=float32), array([[0.30293718, 0.385048  , 0.31201485],
       [0.5839991 , 0.02326404, 0.39273688],
       [0.3562248 , 0.29563326, 0.348142  ]], dtype=float32), array([[0.32982153, 0.34053978, 0.32963872],
       [0.46980464, 0.03985927, 0.49033615],
       [0.32500112, 0.35042182, 0.32457703]], dtype=float32), array([[0.33075956, 0.33805606, 0.33118442],
       [0.523066  , 0.03263616, 0.44429788],
       [0.34981224, 0.30329943, 0.34688833]], dtype=float32), array([[0.32309896, 0.35189682, 0.32500422],
       [0.50841373, 0.05523739, 0.43634894],
       [0.3419699 , 0.31778318, 0.34024686]], dtype=float32), array([[0.29040873, 0.40383315, 0.30575806],
       [0.52723664, 0.08002511, 0.3927382 ],
       [0.3354252 , 0.33000252, 0.3345723 ]], dtype=float32), array([[0.3101127 , 0.3700194 , 0.3198679 ],
       [0.5115442 , 0.10254521, 0.38591057],
       [0.3509897 , 0.3063033 , 0.34270704]], dtype=float32), array([[0.30906767, 0.3706107 , 0.32032165],
       [0.4836004 , 0.1384114 , 0.37798816],
       [0.34665537, 0.31348816, 0.33985648]], dtype=float32), array([[0.28967136, 0.4006158 , 0.3097129 ],
       [0.4388082 , 0.19141483, 0.3697769 ],
       [0.3217544 , 0.3507182 , 0.32752737]], dtype=float32), array([[0.2915612 , 0.3961306 , 0.31230822],
       [0.4149689 , 0.22374612, 0.36128503],
       [0.31981498, 0.35317355, 0.32701144]], dtype=float32), array([[0.28831512, 0.39741972, 0.3142652 ],
       [0.39821136, 0.25026965, 0.351519  ],
       [0.31783283, 0.35480276, 0.32736444]], dtype=float32), array([[0.318088  , 0.35963848, 0.32227352],
       [0.3602826 , 0.28793252, 0.35178494],
       [0.32270536, 0.35162655, 0.32566813]], dtype=float32), array([[0.2923304 , 0.38475314, 0.32291648],
       [0.3582454 , 0.30413842, 0.33761612],
       [0.3158801 , 0.3546964 , 0.32942352]], dtype=float32), array([[0.28825018, 0.3789563 , 0.3327936 ],
       [0.3708025 , 0.29838556, 0.33081192],
       [0.33066314, 0.33592203, 0.33341482]], dtype=float32), array([[0.33143297, 0.31516773, 0.35339937],
       [0.32934463, 0.30054557, 0.37010983],
       [0.33339998, 0.3341347 , 0.33246535]], dtype=float32), array([[0.30761346, 0.35528612, 0.33710045],
       [0.34695894, 0.32209325, 0.33094776],
       [0.33237153, 0.3341366 , 0.33349183]], dtype=float32)]",1,0,0,0,0,0,56.27923076923077,64.4853846153846,2000,0.00016383333246181679,0.00037647078993201184,9.34,9.34,2000,10000,10000,0.33859525470165247,104968,93000,61938,465000,309690,0,1028.6926338027401,6140960.985167909,6367403.0024973415,0.27046746015548706,0.2955584228038788,-0.02989731729030609,0.0,0.0013802934991,81158,0.4722185432910919,0.0033273696899414062,30969,550.8290405273438,0.3211683928966522,154845,999.0,0.004190624225884676,5.0,1.0,342.5540088589801,0.0,0.0,154845,999.0,1.0,5.0,0.0013802934991,0.0393447157605,30969,23810,342.5534549834059,1.006163949065147,0.19974465084886048,50,10100,100,2,2.0,10.5,5.214225112033055e-05,0.00011942185346961212,5.0,-10.5,9.88,0.001994902411242947,250,1.006163949065147,0.00034972311822182575,2,9.88,0.00018539598711704813,100,0.00042858456136432815,9.88,500,500,100,2.020360757332866e-05,7.075545025920611e-06,4.5889593936984834e-05,7.557644188987851e-06,3.3965795080572395e-05,0.00015896486996119717,2.933358224193596e-05,2.9671081596553977e-05,1.6566762859679235e-05,2.2567260477665156e-05,5.048367897302681e-05,0.05761301880898197,0.0070305732317047995,0.05345672711099421,0.173064529262755,0.030026163660139483,0.016356630146242775,0.00018647900105278424,0.29522109031677246,-0.029834367334842682,1.0,0.4722185730934143,-0.00018310546875,108066,73.30316925048828,0.003984813112765551,0.31960365,540330,498.0,151.0,155.0,108066,0.0,540330,498.0,155.0,151.0,651000,216132,3255000,1080660,12222.890279586949,3.8542542875126523e-05,5.151954044146371e-05,7.280608419322003e-06,8.689074898423444e-06,2.2725912664463393e-05,0.00018152686851377682,3.386788171864894e-05,2.5407873846021092e-05,5.682902032450935e-05,3.384294152217796e-05,1.900900928588087e-05
1,12000,False,6,d2a96_00000,2025-08-17_20-38-39,1755463119,91.9089994430542,559.4476709365845,686047,intrinsic-attention2,10.156.0.3,559.4476709365845,6,93.16093262463585,1.473536504099799e-05,93.16065745426336,2.749623432128269,90.06109370025933,0.0022996839154540544,5.0,-9.5,1.0067001111073661,2.7155372048575224,9.78,0.0023316828791575973,0.0002549519995227456,2,2.0,10.5,1000,12000,6000,5.7435077628543426e-05,0.00013900918391364408,2000,2,1.0067001111073661,716.062707519948,2000.0,3000.0,"[array([-2.843033, -2.843033, -2.843033], dtype=float32), array([-2.840183, -2.840183, -2.840183], dtype=float32), array([-2.840506, -2.840506, -2.840506], dtype=float32), array([-2.838933, -2.838933, -2.838933], dtype=float32), array([-2.8472927, -2.8472927, -2.8472927], dtype=float32), array([-2.8734043, -2.8734043, -2.8734043], dtype=float32), array([-2.8880613, -2.8880613, -2.8880613], dtype=float32), array([-2.9057376, -2.9057376, -2.9057376], dtype=float32), array([-2.917862, -2.917862, -2.917862], dtype=float32), array([-2.9289854, -2.9289854, -2.9289854], dtype=float32), array([-2.9408793, -2.9408793, -2.9408793], dtype=float32), array([-2.9494815, -2.9494815, -2.9494815], dtype=float32), array([-2.9576848, -2.9576848, -2.9576848], dtype=float32), array([-2.9748914, -2.9748914, -2.9748914], dtype=float32), array([-3.0006626, -3.0006626, -3.0006626], dtype=float32), array([-3.0287743, -3.0287743, -3.0287743], dtype=float32), array([-3.0543592, -3.0543592, -3.0543592], dtype=float32), array([-3.074996, -3.074996, -3.074996], dtype=float32), array([-3.090388, -3.090388, -3.090388], dtype=float32), array([-3.105531, -3.105531, -3.105531], dtype=float32), array([-3.1194148, -3.1194148, -3.1194148], dtype=float32), array([-3.1335828, -3.1335828, -3.1335828], dtype=float32), array([-3.151657, -3.151657, -3.151657], dtype=float32), array([-3.1666143, -3.1666143, -3.1666143], dtype=float32), array([-3.1806345, -3.1806345, -3.1806345], dtype=float32), array([-3.1956367, -3.1956367, -3.1956367], dtype=float32), array([-3.2112615, -3.2112615, -3.2112615], dtype=float32), array([-3.225358, -3.225358, -3.225358], dtype=float32), array([-3.2401228, -3.2401228, -3.2401228], dtype=float32), array([-3.2499354, -3.2499354, -3.2499354], dtype=float32), array([-3.2553856, -3.2553856, -3.2553856], dtype=float32)]","[array([-2.843033, -2.843033, -2.843033], dtype=float32), array([-2.8401825, -2.8401825, -2.8401825], dtype=float32), array([-2.8405056, -2.8405056, -2.8405056], dtype=float32), array([-2.8389337, -2.8389337, -2.8389337], dtype=float32), array([-2.8472922, -2.8472922, -2.8472922], dtype=float32), array([-2.8734043, -2.8734043, -2.8734043], dtype=float32), array([-2.888061, -2.888061, -2.888061], dtype=float32), array([-2.9057374, -2.9057374, -2.9057374], dtype=float32), array([-2.917862, -2.917862, -2.917862], dtype=float32), array([-2.9289849, -2.9289849, -2.9289849], dtype=float32), array([-2.9408786, -2.9408786, -2.9408786], dtype=float32), array([-2.9494812, -2.9494812, -2.9494812], dtype=float32), array([-2.9576848, -2.9576848, -2.9576848], dtype=float32), array([-2.9748914, -2.9748914, -2.9748914], dtype=float32), array([-3.000662, -3.000662, -3.000662], dtype=float32), array([-3.028774, -3.028774, -3.028774], dtype=float32), array([-3.054359, -3.054359, -3.054359], dtype=float32), array([-3.074996, -3.074996, -3.074996], dtype=float32), array([-3.0903878, -3.0903878, -3.0903878], dtype=float32), array([-3.1055315, -3.1055315, -3.1055315], dtype=float32), array([-3.119414, -3.119414, -3.119414], dtype=float32), array([-3.1335828, -3.1335828, -3.1335828], dtype=float32), array([-3.151657, -3.151657, -3.151657], dtype=float32), array([-3.1666143, -3.1666143, -3.1666143], dtype=float32), array([-3.1806347, -3.1806347, -3.1806347], dtype=float32), array([-3.1956365, -3.1956365, -3.1956365], dtype=float32), array([-3.2112615, -3.2112615, -3.2112615], dtype=float32), array([-3.2253585, -3.2253585, -3.2253585], dtype=float32), array([-3.240122, -3.240122, -3.240122], dtype=float32), array([-3.2499352, -3.2499352, -3.2499352], dtype=float32), array([-3.255386, -3.255386, -3.255386], dtype=float32)]","[array([[0.3162215 , 0.34687373, 0.33690473],
       [0.3395072 , 0.32853702, 0.33195588],
       [0.33208624, 0.3343078 , 0.33360597]], dtype=float32), array([[0.3072663 , 0.35132194, 0.34141177],
       [0.32311645, 0.34031594, 0.33656764],
       [0.31969702, 0.34267205, 0.33763084]], dtype=float32), array([[0.30838308, 0.34719297, 0.34442392],
       [0.32110095, 0.34010887, 0.33879012],
       [0.32023317, 0.34059095, 0.33917588]], dtype=float32), array([[0.30330825, 0.34622905, 0.3504627 ],
       [0.32460177, 0.33711272, 0.33828548],
       [0.32659563, 0.33625177, 0.33715266]], dtype=float32), array([[0.29335493, 0.34918913, 0.3574559 ],
       [0.3214491 , 0.33812332, 0.34042752],
       [0.32532746, 0.3365669 , 0.3381056 ]], dtype=float32), array([[0.31324413, 0.33849174, 0.34826413],
       [0.32605395, 0.33525205, 0.338694  ],
       [0.33081996, 0.33400202, 0.33517805]], dtype=float32), array([[0.3118528 , 0.3346776 , 0.3534696 ],
       [0.3176107 , 0.3343994 , 0.3479899 ],
       [0.32209432, 0.3341405 , 0.34376508]], dtype=float32), array([[0.3132604 , 0.3315441 , 0.35519543],
       [0.31756508, 0.33200443, 0.35043046],
       [0.32282004, 0.3325091 , 0.3446708 ]], dtype=float32), array([[0.32241973, 0.32773435, 0.34984592],
       [0.32330933, 0.3282018 , 0.34848887],
       [0.32685918, 0.33004755, 0.34309328]], dtype=float32), array([[0.32249552, 0.32679757, 0.35070693],
       [0.3232024 , 0.327232  , 0.3495656 ],
       [0.32696313, 0.32952422, 0.3435127 ]], dtype=float32), array([[0.30752274, 0.33378068, 0.35869655],
       [0.3178625 , 0.33375803, 0.34837946],
       [0.32706022, 0.33356076, 0.33937904]], dtype=float32), array([[0.32317075, 0.32612678, 0.35070243],
       [0.32364458, 0.32646713, 0.3498883 ],
       [0.32741562, 0.32916084, 0.34342355]], dtype=float32), array([[0.3229401 , 0.3255975 , 0.3514624 ],
       [0.32337198, 0.3259227 , 0.35070533],
       [0.32738844, 0.32893154, 0.34368   ]], dtype=float32), array([[0.32329875, 0.3246809 , 0.35202026],
       [0.32351774, 0.32487085, 0.3516114 ],
       [0.3276499 , 0.328446  , 0.34390408]], dtype=float32), array([[0.31677505, 0.33047986, 0.35274515],
       [0.32227996, 0.3315023 , 0.34621778],
       [0.33079994, 0.33293957, 0.33626044]], dtype=float32), array([[0.32405013, 0.32266384, 0.353286  ],
       [0.3238447 , 0.32242924, 0.353726  ],
       [0.32815754, 0.32736817, 0.34447432]], dtype=float32), array([[0.31662747, 0.327913  , 0.35545954],
       [0.32089204, 0.32936552, 0.3497424 ],
       [0.3307383 , 0.33253875, 0.3367229 ]], dtype=float32), array([[0.30061325, 0.32907408, 0.37031266],
       [0.31177387, 0.33081037, 0.35741577],
       [0.32653755, 0.33265364, 0.34080887]], dtype=float32), array([[0.32648128, 0.31918934, 0.35432932],
       [0.32565996, 0.3175607 , 0.3567793 ],
       [0.32939997, 0.3250874 , 0.34551266]], dtype=float32), array([[0.32551044, 0.31851953, 0.35597   ],
       [0.3246592 , 0.3169664 , 0.35837445],
       [0.32895157, 0.32491067, 0.3461377 ]], dtype=float32), array([[0.3256584 , 0.31815848, 0.35618314],
       [0.32476088, 0.31645453, 0.35878462],
       [0.32903963, 0.32470462, 0.34625572]], dtype=float32), array([[0.3244865 , 0.32439253, 0.351121  ],
       [0.32445922, 0.32436496, 0.35117584],
       [0.3318394 , 0.33182302, 0.3363376 ]], dtype=float32), array([[0.3183818 , 0.32392138, 0.35769683],
       [0.3202891 , 0.32514933, 0.35456163],
       [0.33120146, 0.3320216 , 0.33677688]], dtype=float32), array([[0.32675254, 0.31555957, 0.3576879 ],
       [0.32558727, 0.31262603, 0.36178678],
       [0.3296763 , 0.32318422, 0.3471395 ]], dtype=float32), array([[0.310899  , 0.32263377, 0.36646724],
       [0.31483236, 0.32460192, 0.36056578],
       [0.3283491 , 0.33106682, 0.3405841 ]], dtype=float32), array([[0.33498263, 0.3205536 , 0.3444638 ],
       [0.3356822 , 0.31441593, 0.34990188],
       [0.3345043 , 0.3244716 , 0.3410241 ]], dtype=float32), array([[0.30083767, 0.33322677, 0.36593556],
       [0.31476948, 0.333534  , 0.3516965 ],
       [0.32774746, 0.3334648 , 0.3387877 ]], dtype=float32), array([[0.30753538, 0.33500373, 0.35746095],
       [0.31961396, 0.33437073, 0.3460153 ],
       [0.32890546, 0.3337042 , 0.33739033]], dtype=float32), array([[0.3200438 , 0.3336958 , 0.3462604 ],
       [0.32330245, 0.33363837, 0.34305918],
       [0.3261964 , 0.33357012, 0.34023353]], dtype=float32), array([[0.33007163, 0.33392993, 0.33599848],
       [0.33064905, 0.33382532, 0.33552557],
       [0.3309561 , 0.33376956, 0.33527434]], dtype=float32), array([[0.3141568 , 0.3438794 , 0.3419638 ],
       [0.33331987, 0.3333407 , 0.33333942],
       [0.33211878, 0.33399883, 0.33388236]], dtype=float32)]",1,0,0,0,0,0,56.25114503816794,64.51832061068703,2000,0.00020759068099542643,0.00047312596253217595,9.78,9.78,2000,12000,12000,0.33888594630459995,104968,93000,61938,558000,371628,0,1029.2443018284036,6136340.495530828,6365423.250814832,0.13523373007774353,0.25736719369888306,-0.01727721467614174,0.0,0.0013802934991,81158,0.4722185432910919,-0.012151956558227539,30969,318.17730712890625,0.3326624929904938,185814,999.0,0.004023122135549784,6.0,1.0,342.73774380957315,0.0,0.0,185814,999.0,1.0,6.0,0.0013802934991,0.0393447157605,30969,23810,342.73721018621734,1.0065813770648688,0.19961034618037554,50,12100,100,2,2.0,10.5,6.209527149077269e-05,0.00014827793009687597,6.0,9.5,10.08,0.0019774919902556575,300,1.0065813770648688,0.0003481677670762186,2,10.08,0.0002219076774270497,100,0.0005074672824550068,10.08,600,600,100,2.4907861793687824e-05,8.822586696735542e-06,5.6954411278815004e-05,9.077388510457427e-06,4.281665511843359e-05,0.00019266112848613227,3.758369967424517e-05,3.8718237013685985e-05,2.135833363519035e-05,2.7658163893590782e-05,6.499034252798945e-05,0.057575283400906785,0.007026708639321638,0.053443716149861584,0.17321109490023368,0.030125404353502975,0.016452226464839563,0.00018655731111144025,0.2566908001899719,-0.025696536526083946,1.0,0.4722185730934143,9.97781753540039e-05,108066,70.2849349975586,0.0035636702086776495,0.32372716,648396,498.0,181.0,186.0,108066,0.0,648396,498.0,186.0,181.0,651000,216132,3906000,1296792,12085.672056831289,4.648671346060247e-05,6.061768219865358e-05,8.63987655669594e-06,1.01072750158091e-05,2.6702558154314633e-05,0.00020772432477536112,4.036870888247421e-05,2.9606610630303382e-05,6.958401529471092e-05,4.114421461287654e-05,2.314279630544853e-05
1,14000,False,7,d2a96_00000,2025-08-17_20-40-15,1755463215,95.75223159790039,655.1999025344849,686047,intrinsic-attention2,10.156.0.3,655.1999025344849,7,93.18474435994953,1.4749551473942347e-05,93.18446778341077,2.749455473857089,90.08527432951684,0.002296154786234784,6.0,-9.5,1.0067001111073661,2.7154083608889703,9.86,0.001590897279966157,0.0002549519995227456,2,2.0,10.5,1000,14000,7000,4.8183052826711046e-05,0.00010293471248047536,2000,2,1.0067001111073661,707.7278830339188,2000.0,3000.0,"[array([-3.2626197, -3.2626197, -3.2626197], dtype=float32), array([-3.256854, -3.256854, -3.256854], dtype=float32), array([-3.24745, -3.24745, -3.24745], dtype=float32), array([-3.2402644, -3.2402644, -3.2402644], dtype=float32), array([-3.233024, -3.233024, -3.233024], dtype=float32), array([-3.2270598, -3.2270598, -3.2270598], dtype=float32), array([-3.226821, -3.226821, -3.226821], dtype=float32), array([-3.2250066, -3.2250066, -3.2250066], dtype=float32), array([-3.2274613, -3.2274613, -3.2274613], dtype=float32), array([-3.228787, -3.228787, -3.228787], dtype=float32), array([-3.2241752, -3.2241752, -3.2241752], dtype=float32), array([-3.220001, -3.220001, -3.220001], dtype=float32), array([-3.2146723, -3.2146723, -3.2146723], dtype=float32), array([-3.2077093, -3.2077093, -3.2077093], dtype=float32), array([-3.200978, -3.200978, -3.200978], dtype=float32), array([-3.1975782, -3.1975782, -3.1975782], dtype=float32), array([-3.1891232, -3.1891232, -3.1891232], dtype=float32), array([-3.1851234, -3.1851234, -3.1851234], dtype=float32), array([-3.1791527, -3.1791527, -3.1791527], dtype=float32), array([-3.1752152, -3.1752152, -3.1752152], dtype=float32), array([-3.1710932, -3.1710932, -3.1710932], dtype=float32), array([-3.1644487, -3.1644487, -3.1644487], dtype=float32), array([-3.1580822, -3.1580822, -3.1580822], dtype=float32), array([-3.150237, -3.150237, -3.150237], dtype=float32), array([-3.1385841, -3.1385841, -3.1385841], dtype=float32), array([-3.129482, -3.129482, -3.129482], dtype=float32), array([-3.1218302, -3.1218302, -3.1218302], dtype=float32), array([-3.1146812, -3.1146812, -3.1146812], dtype=float32), array([-3.105383, -3.105383, -3.105383], dtype=float32), array([-3.0922308, -3.0922308, -3.0922308], dtype=float32), array([-3.0795515, -3.0795515, -3.0795515], dtype=float32)]","[array([-3.26262, -3.26262, -3.26262], dtype=float32), array([-3.2568538, -3.2568538, -3.2568538], dtype=float32), array([-3.2474499, -3.2474499, -3.2474499], dtype=float32), array([-3.2402642, -3.2402642, -3.2402642], dtype=float32), array([-3.2330232, -3.2330232, -3.2330232], dtype=float32), array([-3.2270603, -3.2270603, -3.2270603], dtype=float32), array([-3.2268205, -3.2268205, -3.2268205], dtype=float32), array([-3.2250068, -3.2250068, -3.2250068], dtype=float32), array([-3.2274609, -3.2274609, -3.2274609], dtype=float32), array([-3.2287877, -3.2287877, -3.2287877], dtype=float32), array([-3.2241752, -3.2241752, -3.2241752], dtype=float32), array([-3.220001, -3.220001, -3.220001], dtype=float32), array([-3.214673, -3.214673, -3.214673], dtype=float32), array([-3.2077088, -3.2077088, -3.2077088], dtype=float32), array([-3.2009785, -3.2009785, -3.2009785], dtype=float32), array([-3.1975777, -3.1975777, -3.1975777], dtype=float32), array([-3.1891232, -3.1891232, -3.1891232], dtype=float32), array([-3.185123, -3.185123, -3.185123], dtype=float32), array([-3.1791525, -3.1791525, -3.1791525], dtype=float32), array([-3.1752155, -3.1752155, -3.1752155], dtype=float32), array([-3.1710932, -3.1710932, -3.1710932], dtype=float32), array([-3.1644492, -3.1644492, -3.1644492], dtype=float32), array([-3.1580822, -3.1580822, -3.1580822], dtype=float32), array([-3.1502364, -3.1502364, -3.1502364], dtype=float32), array([-3.138585, -3.138585, -3.138585], dtype=float32), array([-3.1294816, -3.1294816, -3.1294816], dtype=float32), array([-3.1218302, -3.1218302, -3.1218302], dtype=float32), array([-3.1146815, -3.1146815, -3.1146815], dtype=float32), array([-3.105383, -3.105383, -3.105383], dtype=float32), array([-3.09223, -3.09223, -3.09223], dtype=float32), array([-3.0795515, -3.0795515, -3.0795515], dtype=float32)]","[array([[0.31570247, 0.34472042, 0.33957708],
       [0.33586892, 0.33171204, 0.33241904],
       [0.3323772 , 0.33394572, 0.33367705]], dtype=float32), array([[0.31588995, 0.34612712, 0.33798295],
       [0.32773772, 0.33740354, 0.33485872],
       [0.3246311 , 0.33967698, 0.33569202]], dtype=float32), array([[0.31064048, 0.3523319 , 0.3370277 ],
       [0.33027875, 0.33584785, 0.33387342],
       [0.3232907 , 0.3416495 , 0.3350597 ]], dtype=float32), array([[0.3142516 , 0.352088  , 0.33366042],
       [0.33358297, 0.33309266, 0.3333244 ],
       [0.3243874 , 0.34203756, 0.33357504]], dtype=float32), array([[0.31458277, 0.35123193, 0.3341853 ],
       [0.35227662, 0.31589404, 0.33182937],
       [0.33506328, 0.33171454, 0.3332222 ]], dtype=float32), array([[0.31093904, 0.357423  , 0.3316379 ],
       [0.3400024 , 0.32637036, 0.33362722],
       [0.32427943, 0.3429393 , 0.33278126]], dtype=float32), array([[0.29678398, 0.36498123, 0.3382348 ],
       [0.3662758 , 0.30647498, 0.32724917],
       [0.33999053, 0.32778522, 0.33222425]], dtype=float32), array([[0.30931082, 0.35965347, 0.3310357 ],
       [0.34427387, 0.32177052, 0.33395562],
       [0.32490796, 0.34241632, 0.33267567]], dtype=float32), array([[0.30395108, 0.36090794, 0.33514094],
       [0.37104982, 0.30009267, 0.32885745],
       [0.3415005 , 0.32593858, 0.33256093]], dtype=float32), array([[0.32337922, 0.3447505 , 0.33187026],
       [0.35551247, 0.30872363, 0.33576396],
       [0.33631417, 0.32995978, 0.333726  ]], dtype=float32), array([[0.3106635 , 0.3593733 , 0.3299632 ],
       [0.35027394, 0.31465563, 0.33507043],
       [0.3269073 , 0.34059104, 0.33250168]], dtype=float32), array([[0.3015656 , 0.36456794, 0.33386654],
       [0.3815865 , 0.2894141 , 0.3289994 ],
       [0.34368458, 0.32356963, 0.3327458 ]], dtype=float32), array([[0.31009042, 0.36085624, 0.32905325],
       [0.35707182, 0.30655542, 0.33637276],
       [0.32831016, 0.33917013, 0.33251968]], dtype=float32), array([[0.31827655, 0.35070094, 0.33102256],
       [0.36508605, 0.29843313, 0.33648083],
       [0.3370598 , 0.32911777, 0.33382246]], dtype=float32), array([[0.31717488, 0.35318944, 0.32963565],
       [0.35225934, 0.31089798, 0.33684272],
       [0.32967463, 0.33777207, 0.3325533 ]], dtype=float32), array([[0.31299722, 0.3574605 , 0.32954225],
       [0.35769948, 0.30572855, 0.33657196],
       [0.33018482, 0.33700293, 0.33281228]], dtype=float32), array([[0.31816053, 0.35195133, 0.32988816],
       [0.371516  , 0.28897786, 0.33950624],
       [0.33716524, 0.32872212, 0.33411273]], dtype=float32), array([[0.32407844, 0.3458766 , 0.33004498],
       [0.36988154, 0.28596944, 0.344149  ],
       [0.33692625, 0.3285237 , 0.33455   ]], dtype=float32), array([[0.31945258, 0.35295346, 0.32759404],
       [0.37759805, 0.27412027, 0.34828168],
       [0.33420402, 0.33211926, 0.3336767 ]], dtype=float32), array([[0.32031468, 0.35235998, 0.32732534],
       [0.3890561 , 0.2568834 , 0.35406047],
       [0.3361349 , 0.3292955 , 0.33456954]], dtype=float32), array([[0.32170197, 0.35304043, 0.3252576 ],
       [0.38023126, 0.2567835 , 0.36298525],
       [0.32890415, 0.34080625, 0.3302896 ]], dtype=float32), array([[0.31520692, 0.35962036, 0.32517272],
       [0.42417446, 0.2146653 , 0.3611603 ],
       [0.34158334, 0.3216491 , 0.33676752]], dtype=float32), array([[0.31480953, 0.36080462, 0.3243858 ],
       [0.43756178, 0.19576265, 0.36667553],
       [0.3428483 , 0.31956175, 0.33758998]], dtype=float32), array([[0.33995217, 0.31038067, 0.34966716],
       [0.3640604 , 0.1924175 , 0.44352207],
       [0.3270696 , 0.35368916, 0.3192412 ]], dtype=float32), array([[0.31909126, 0.3550729 , 0.32583594],
       [0.4660036 , 0.15726307, 0.3767334 ],
       [0.3500823 , 0.3084136 , 0.34150404]], dtype=float32), array([[0.33488914, 0.33013234, 0.3349785 ],
       [0.41364235, 0.16559272, 0.42076495],
       [0.33306062, 0.33389428, 0.33304507]], dtype=float32), array([[0.33143824, 0.33667058, 0.33189118],
       [0.4639182 , 0.12289601, 0.41318578],
       [0.34546393, 0.31211606, 0.34242   ]], dtype=float32), array([[0.34022447, 0.3202681 , 0.3395074 ],
       [0.45819092, 0.10638542, 0.4354236 ],
       [0.34570375, 0.30990884, 0.34438735]], dtype=float32), array([[0.35192883, 0.29976997, 0.34830123],
       [0.4913463 , 0.07389782, 0.43475586],
       [0.36441886, 0.27751833, 0.3580628 ]], dtype=float32), array([[0.3394934 , 0.32191908, 0.33858752],
       [0.4954715 , 0.05923157, 0.44529694],
       [0.35129428, 0.3001773 , 0.34852844]], dtype=float32), array([[0.31238016, 0.36858678, 0.31903312],
       [0.5644859 , 0.03681695, 0.39869723],
       [0.35836622, 0.29242948, 0.3492043 ]], dtype=float32)]",1,0,0,0,0,0,56.456934306569345,64.53503649635036,2000,0.00016418274811105896,0.0003785500698439461,9.86,9.86,2000,14000,14000,0.33870663283165686,104968,93000,61938,651000,433566,0,1028.1755505853846,6126985.301202499,6359687.908984108,0.06761686503887177,0.2389599233865738,-0.025620706379413605,0.0,0.0013802934991,81158,0.4722185432910919,0.005500376224517822,30969,225.55120849609375,0.32370373606681824,216783,999.0,0.0033085867762565613,7.0,1.0,342.38187188148606,0.0,0.0,216783,999.0,1.0,7.0,0.0013802934991,0.0393447157605,30969,23810,342.38134820959675,1.0066738172414504,0.1995284834785147,50,14100,100,2,2.0,10.5,6.437260324676156e-05,0.00015428996370117577,7.0,9.5,10.08,0.0023215829193941316,350,1.0066738172414504,0.00034659941931198526,2,10.08,0.00023545623925542137,100,0.0005412336667920287,10.08,700,700,100,2.0525438069441495e-05,7.0925735825747345e-06,4.557196385085978e-05,7.654810404653278e-06,3.36730579250953e-05,0.00016121142707216103,2.9148304146800972e-05,2.9031202474830407e-05,1.6820360959239866e-05,2.22377284642063e-05,5.203347721753164e-05,0.05753119414693863,0.007019862053010851,0.053400848968294196,0.1731301437012671,0.030131512329925454,0.016439714480189816,0.00018682785802003927,0.24165743589401245,-0.014247367158532143,1.0,0.4722185730934143,0.001704871654510498,108066,71.4769058227539,0.003341470845043659,0.33516145,756462,498.0,211.0,217.0,108066,0.0,756462,498.0,217.0,211.0,651000,216132,4557000,1512924,11939.579950862355,4.894991842454871e-05,6.347335927923038e-05,9.11081703919843e-06,1.0801141209473995e-05,2.8736944422640573e-05,0.00022123568387768573,4.275930033680946e-05,3.181347809389133e-05,7.367013392038714e-05,4.283563657198412e-05,2.540675829166888e-05
1,16000,False,8,d2a96_00000,2025-08-17_20-41-48,1755463308,92.8707664012909,748.0706689357758,686047,intrinsic-attention2,10.156.0.3,748.0706689357758,8,93.17956262907002,1.4764065923899987e-05,93.17928424397675,2.759255940378588,90.07042942802168,0.002292381468443886,7.0,9.5,1.0067001111073661,2.725163928120033,9.98,0.0022409527491254267,0.0002549519995227456,2,2.0,10.5,1000,16000,8000,6.35877900427403e-05,0.0001515059921576114,2000,2,1.0067001111073661,698.4880368879506,2000.0,3000.0,"[array([-3.0661, -3.0661, -3.0661], dtype=float32), array([-3.0683675, -3.0683675, -3.0683675], dtype=float32), array([-3.06734, -3.06734, -3.06734], dtype=float32), array([-3.066353, -3.066353, -3.066353], dtype=float32), array([-3.0712206, -3.0712206, -3.0712206], dtype=float32), array([-3.0810704, -3.0810704, -3.0810704], dtype=float32), array([-3.0899353, -3.0899353, -3.0899353], dtype=float32), array([-3.0980902, -3.0980902, -3.0980902], dtype=float32), array([-3.1053085, -3.1053085, -3.1053085], dtype=float32), array([-3.1123164, -3.1123164, -3.1123164], dtype=float32), array([-3.1102958, -3.1102958, -3.1102958], dtype=float32), array([-3.1077766, -3.1077766, -3.1077766], dtype=float32), array([-3.1072936, -3.1072936, -3.1072936], dtype=float32), array([-3.1063147, -3.1063147, -3.1063147], dtype=float32), array([-3.1075675, -3.1075675, -3.1075675], dtype=float32), array([-3.1093907, -3.1093907, -3.1093907], dtype=float32), array([-3.1163533, -3.1163533, -3.1163533], dtype=float32), array([-3.1235158, -3.1235158, -3.1235158], dtype=float32), array([-3.1311235, -3.1311235, -3.1311235], dtype=float32), array([-3.1419296, -3.1419296, -3.1419296], dtype=float32), array([-3.152862, -3.152862, -3.152862], dtype=float32), array([-3.1631086, -3.1631086, -3.1631086], dtype=float32), array([-3.1680253, -3.1680253, -3.1680253], dtype=float32), array([-3.1725397, -3.1725397, -3.1725397], dtype=float32), array([-3.1800032, -3.1800032, -3.1800032], dtype=float32), array([-3.1877146, -3.1877146, -3.1877146], dtype=float32), array([-3.1946068, -3.1946068, -3.1946068], dtype=float32), array([-3.2037246, -3.2037246, -3.2037246], dtype=float32), array([-3.2073393, -3.2073393, -3.2073393], dtype=float32), array([-3.2117274, -3.2117274, -3.2117274], dtype=float32), array([-3.215877, -3.215877, -3.215877], dtype=float32)]","[array([-3.0660996, -3.0660996, -3.0660996], dtype=float32), array([-3.068368, -3.068368, -3.068368], dtype=float32), array([-3.0673394, -3.0673394, -3.0673394], dtype=float32), array([-3.066353, -3.066353, -3.066353], dtype=float32), array([-3.0712209, -3.0712209, -3.0712209], dtype=float32), array([-3.081071, -3.081071, -3.081071], dtype=float32), array([-3.0899358, -3.0899358, -3.0899358], dtype=float32), array([-3.0980897, -3.0980897, -3.0980897], dtype=float32), array([-3.1053078, -3.1053078, -3.1053078], dtype=float32), array([-3.1123164, -3.1123164, -3.1123164], dtype=float32), array([-3.110296, -3.110296, -3.110296], dtype=float32), array([-3.1077766, -3.1077766, -3.1077766], dtype=float32), array([-3.107294, -3.107294, -3.107294], dtype=float32), array([-3.1063144, -3.1063144, -3.1063144], dtype=float32), array([-3.107568, -3.107568, -3.107568], dtype=float32), array([-3.1093912, -3.1093912, -3.1093912], dtype=float32), array([-3.1163538, -3.1163538, -3.1163538], dtype=float32), array([-3.1235151, -3.1235151, -3.1235151], dtype=float32), array([-3.1311238, -3.1311238, -3.1311238], dtype=float32), array([-3.1419294, -3.1419294, -3.1419294], dtype=float32), array([-3.1528623, -3.1528623, -3.1528623], dtype=float32), array([nan, nan, nan], dtype=float32), array([-3.1680245, -3.1680245, -3.1680245], dtype=float32), array([-3.17254, -3.17254, -3.17254], dtype=float32), array([-3.1800027, -3.1800027, -3.1800027], dtype=float32), array([-3.1877153, -3.1877153, -3.1877153], dtype=float32), array([-3.194607, -3.194607, -3.194607], dtype=float32), array([-3.2037256, -3.2037256, -3.2037256], dtype=float32), array([-3.207339, -3.207339, -3.207339], dtype=float32), array([nan, nan, nan], dtype=float32), array([-3.215877, -3.215877, -3.215877], dtype=float32)]","[array([[0.33228076, 0.33521134, 0.33250797],
       [0.54519004, 0.02539691, 0.42941302],
       [0.36019805, 0.2860127 , 0.35378924]], dtype=float32), array([[0.3252035 , 0.34591952, 0.32887688],
       [0.60645884, 0.03415378, 0.35938737],
       [0.39355788, 0.24530806, 0.36113408]], dtype=float32), array([[0.3438986 , 0.31529313, 0.3408082 ],
       [0.51113546, 0.07196199, 0.41690248],
       [0.36687428, 0.27683446, 0.3562913 ]], dtype=float32), array([[0.30060682, 0.38527727, 0.31411585],
       [0.49561065, 0.11928931, 0.38510007],
       [0.33960816, 0.32366416, 0.3367277 ]], dtype=float32), array([[0.3198391 , 0.35408387, 0.32607707],
       [0.49481156, 0.12446163, 0.3807268 ],
       [0.35689092, 0.2981913 , 0.34491786]], dtype=float32), array([[0.31561434, 0.35970497, 0.32468057],
       [0.4647005 , 0.16429657, 0.37100288],
       [0.34986323, 0.30945152, 0.34068525]], dtype=float32), array([[0.31349427, 0.3637762 , 0.3227295 ],
       [0.4192978 , 0.21324207, 0.36746004],
       [0.33495834, 0.33088264, 0.33415896]], dtype=float32), array([[0.31259054, 0.3651745 , 0.32223493],
       [0.39842048, 0.2405682 , 0.36101133],
       [0.32981077, 0.33866617, 0.33152303]], dtype=float32), array([[0.29981253, 0.37921813, 0.32096934],
       [0.3970659 , 0.25411007, 0.348824  ],
       [0.32799825, 0.3404402 , 0.33156157]], dtype=float32), array([[0.31051204, 0.36543846, 0.32404944],
       [0.37596875, 0.27698615, 0.3470451 ],
       [0.32770315, 0.34112826, 0.3311686 ]], dtype=float32), array([[0.31478855, 0.35704422, 0.32816732],
       [0.38855118, 0.26784396, 0.34360486],
       [0.33904445, 0.32620785, 0.3347477 ]], dtype=float32), array([[0.3229683 , 0.34737095, 0.32966074],
       [0.37874746, 0.27511033, 0.34614223],
       [0.3387013 , 0.32617298, 0.3351257 ]], dtype=float32), array([[0.30842438, 0.36612916, 0.32544646],
       [0.36544108, 0.2934045 , 0.34115443],
       [0.3261885 , 0.3425761 , 0.33123538]], dtype=float32), array([[0.3228996 , 0.34691414, 0.33018625],
       [0.37593442, 0.28076357, 0.343302  ],
       [0.33936614, 0.32560855, 0.33502528]], dtype=float32), array([[0.31851602, 0.3514386 , 0.33004528],
       [0.37982148, 0.27999806, 0.34018043],
       [0.34051934, 0.32474878, 0.33473194]], dtype=float32), array([[0.325329  , 0.34389508, 0.33077595],
       [0.37644902, 0.27927276, 0.34427822],
       [0.34061834, 0.32386458, 0.3355171 ]], dtype=float32), array([[0.30826846, 0.3666253 , 0.32510623],
       [0.36476117, 0.2938728 , 0.3413661 ],
       [0.32551533, 0.34354243, 0.33094218]], dtype=float32), array([[0.3091963 , 0.36571908, 0.3250846 ],
       [0.36397693, 0.2943841 , 0.34163895],
       [0.32548523, 0.34369725, 0.33081746]], dtype=float32), array([[0.32667503, 0.34215236, 0.33117267],
       [0.3820247 , 0.2723077 , 0.3456676 ],
       [0.3430392 , 0.3206831 , 0.33627775]], dtype=float32), array([[0.2992944 , 0.37650195, 0.32420367],
       [0.37130547, 0.28859428, 0.34010026],
       [0.3241004 , 0.3447502 , 0.3311494 ]], dtype=float32), array([[0.30830282, 0.3675077 , 0.32418942],
       [0.36737415, 0.28946346, 0.3431624 ],
       [0.32515922, 0.34431407, 0.3305267 ]], dtype=float32), array([[0.30886588, 0.366955  , 0.32417905],
       [0.36701486, 0.28959218, 0.343393  ],
       [0.3251663 , 0.3443826 , 0.3304511 ]], dtype=float32), array([[0.32305935, 0.3462959 , 0.33064476],
       [0.3950188 , 0.26102984, 0.34395137],
       [0.34702885, 0.3164686 , 0.33650255]], dtype=float32), array([[0.29922274, 0.37779674, 0.3229805 ],
       [0.3752516 , 0.28273848, 0.34200996],
       [0.3239081 , 0.34531856, 0.3307734 ]], dtype=float32), array([[0.30825883, 0.37047103, 0.32127014],
       [0.38202924, 0.26585376, 0.352117  ],
       [0.32502788, 0.3454577 , 0.32951438]], dtype=float32), array([[0.2972546 , 0.385261  , 0.31748447],
       [0.40173554, 0.24421792, 0.35404652],
       [0.32397908, 0.3464732 , 0.32954773]], dtype=float32), array([[0.30825222, 0.37360892, 0.31813887],
       [0.40726715, 0.22363752, 0.3690953 ],
       [0.32524866, 0.3461586 , 0.3285928 ]], dtype=float32), array([[0.29210714, 0.39561898, 0.31227392],
       [0.43387637, 0.2001719 , 0.36595175],
       [0.32433173, 0.3465682 , 0.3291    ]], dtype=float32), array([[0.3091144 , 0.37392837, 0.3169572 ],
       [0.42626038, 0.19038521, 0.3833544 ],
       [0.32585832, 0.345734  , 0.32840773]], dtype=float32), array([[0.35871902, 0.2914136 , 0.3498673 ],
       [0.46953636, 0.12862426, 0.40183935],
       [0.37411827, 0.26668504, 0.3591967 ]], dtype=float32), array([[0.3418688 , 0.31586087, 0.34227034],
       [0.4182331 , 0.157427  , 0.42433992],
       [0.34044963, 0.31876814, 0.34078217]], dtype=float32)]",1,0,0,0,0,0,56.03257575757576,64.58257575757577,2000,0.00023354678371754562,0.0005234161218507086,9.98,9.98,2000,16000,16000,0.3385901401534196,104968,93000,61938,744000,495504,0,1028.3648721133172,6120354.491943967,6353126.661169457,0.03380843251943588,0.20026585459709167,-0.013341187499463558,0.0,0.0013802934991,81158,0.4722185432910919,-0.3367513418197632,30969,58.422725677490234,0.33593347668647766,247752,999.0,0.0050913612358272076,8.0,1.0,342.44494005834207,0.0,0.0,247752,999.0,1.0,8.0,0.0013802934991,0.0393447157605,30969,23810,342.44443187612256,1.0066942882837675,0.19938350638368052,50,16100,100,2,2.0,10.5,6.348510473645367e-05,0.0001527440682095138,8.0,-10.5,9.68,0.002315661949396599,400,1.0066942882837675,0.00034507674521300756,2,9.68,0.0002325573994801092,100,0.0005336397557024565,9.68,800,800,100,2.746825329055041e-05,9.4965348724154e-06,6.641550149664177e-05,1.0028603001831611e-05,4.771492342460534e-05,0.00021494972142659062,4.152746082737343e-05,4.2180983958381156e-05,2.376539877287849e-05,3.098060143766809e-05,7.233966120193316e-05,0.05751544383553992,0.007014913902550911,0.05335391393856479,0.17309856594432152,0.030122694006728724,0.016429759315363588,0.00018656592941866768,0.20210647583007812,0.0024025123566389084,1.0,0.4722185730934143,0.007696568965911865,108066,70.13725280761719,0.004290905315428972,0.35201812,864528,498.0,241.0,248.0,108066,0.0,864528,498.0,248.0,241.0,651000,216132,5208000,1729056,11813.36180786139,4.9135237695268006e-05,6.306576215405679e-05,9.01958558100367e-06,1.0280831529774048e-05,2.789361289503795e-05,0.0002183614378101997,4.222208030153734e-05,3.148176471210542e-05,7.321645612375313e-05,4.306019946281937e-05,2.4796018165082178e-05
1,18000,False,9,d2a96_00000,2025-08-17_20-43-19,1755463399,91.42005372047424,839.49072265625,686047,intrinsic-attention2,10.156.0.3,839.49072265625,9,93.15988999459938,1.4772835215820718e-05,93.15961049887703,2.7588398295147782,90.05138066634159,0.0022879137436518718,8.0,9.5,1.0067001111073661,2.7247872668088338,10.03,0.0015692018799018115,0.0002549519995227456,2,2.0,10.5,1000,18000,9000,4.802829928644222e-05,0.00010140527795172301,2000,2,1.0067001111073661,688.4572544159231,2000.0,3000.0,"[array([-3.216584, -3.216584, -3.216584], dtype=float32), array([-3.2164505, -3.2164505, -3.2164505], dtype=float32), array([-3.215085, -3.215085, -3.215085], dtype=float32), array([-3.212711, -3.212711, -3.212711], dtype=float32), array([-3.1992967, -3.1992967, -3.1992967], dtype=float32), array([-3.1822433, -3.1822433, -3.1822433], dtype=float32), array([-3.1685946, -3.1685946, -3.1685946], dtype=float32), array([-3.153491, -3.153491, -3.153491], dtype=float32), array([-3.1271513, -3.1271513, -3.1271513], dtype=float32), array([-3.1009932, -3.1009932, -3.1009932], dtype=float32), array([-3.075947, -3.075947, -3.075947], dtype=float32), array([-3.0537937, -3.0537937, -3.0537937], dtype=float32), array([-3.0218763, -3.0218763, -3.0218763], dtype=float32), array([-2.9916384, -2.9916384, -2.9916384], dtype=float32), array([-2.962453, -2.962453, -2.962453], dtype=float32), array([-2.9354403, -2.9354403, -2.9354403], dtype=float32), array([-2.915059, -2.915059, -2.915059], dtype=float32), array([-2.8864172, -2.8864172, -2.8864172], dtype=float32), array([-2.8589718, -2.8589718, -2.8589718], dtype=float32), array([-2.8349917, -2.8349917, -2.8349917], dtype=float32), array([-2.8049252, -2.8049252, -2.8049252], dtype=float32), array([-2.776347, -2.776347, -2.776347], dtype=float32), array([-2.7487805, -2.7487805, -2.7487805], dtype=float32), array([-2.7242315, -2.7242315, -2.7242315], dtype=float32), array([-2.7028654, -2.7028654, -2.7028654], dtype=float32), array([-2.6754758, -2.6754758, -2.6754758], dtype=float32), array([-2.6498332, -2.6498332, -2.6498332], dtype=float32), array([-2.626813, -2.626813, -2.626813], dtype=float32), array([-2.5960555, -2.5960555, -2.5960555], dtype=float32), array([-2.5686793, -2.5686793, -2.5686793], dtype=float32), array([-2.538545, -2.538545, -2.538545], dtype=float32)]","[array([nan, nan, nan], dtype=float32), array([nan, nan, nan], dtype=float32), array([-3.2150853, -3.2150853, -3.2150853], dtype=float32), array([nan, nan, nan], dtype=float32), array([-3.199297, -3.199297, -3.199297], dtype=float32), array([nan, nan, nan], dtype=float32), array([nan, nan, nan], dtype=float32), array([nan, nan, nan], dtype=float32), array([-3.1271513, -3.1271513, -3.1271513], dtype=float32), array([nan, nan, nan], dtype=float32), array([nan, nan, nan], dtype=float32), array([-3.0537934, -3.0537934, -3.0537934], dtype=float32), array([nan, nan, nan], dtype=float32), array([nan, nan, nan], dtype=float32), array([-2.9624531, -2.9624531, -2.9624531], dtype=float32), array([nan, nan, nan], dtype=float32), array([-2.9150593, -2.9150593, -2.9150593], dtype=float32), array([nan, nan, nan], dtype=float32), array([-2.858972, -2.858972, -2.858972], dtype=float32), array([nan, nan, nan], dtype=float32), array([nan, nan, nan], dtype=float32), array([nan, nan, nan], dtype=float32), array([nan, nan, nan], dtype=float32), array([-2.7242312, -2.7242312, -2.7242312], dtype=float32), array([-2.7028654, -2.7028654, -2.7028654], dtype=float32), array([nan, nan, nan], dtype=float32), array([nan, nan, nan], dtype=float32), array([-2.6268132, -2.6268132, -2.6268132], dtype=float32), array([nan, nan, nan], dtype=float32), array([nan, nan, nan], dtype=float32), array([-2.538545, -2.538545, -2.538545], dtype=float32)]","[array([[0.3497032 , 0.3093892 , 0.3409076 ],
       [0.53123677, 0.09631862, 0.37244454],
       [0.39269185, 0.24985829, 0.35744986]], dtype=float32), array([[0.35008314, 0.28911945, 0.36079744],
       [0.3928343 , 0.14997125, 0.45719442],
       [0.33971167, 0.31682238, 0.34346592]], dtype=float32), array([[0.2961737 , 0.3944083 , 0.30941802],
       [0.46478465, 0.1458371 , 0.3893783 ],
       [0.32489103, 0.346943  , 0.32816595]], dtype=float32), array([[0.35956204, 0.2937146 , 0.3467234 ],
       [0.5253272 , 0.09119622, 0.38347653],
       [0.39438358, 0.24387659, 0.36173984]], dtype=float32), array([[0.35008457, 0.28590685, 0.36400858],
       [0.38584465, 0.15316275, 0.46099257],
       [0.33889902, 0.31802756, 0.3430734 ]], dtype=float32), array([[0.35182846, 0.3070139 , 0.34115767],
       [0.5170665 , 0.11490011, 0.36803347],
       [0.39296624, 0.25170916, 0.35532457]], dtype=float32), array([[0.36202857, 0.28752232, 0.35044914],
       [0.46235558, 0.1450465 , 0.39259785],
       [0.37779474, 0.26319295, 0.3590123 ]], dtype=float32), array([[0.2628248 , 0.41613188, 0.32104325],
       [0.55518895, 0.14004163, 0.30476943],
       [0.38852978, 0.27645364, 0.33501658]], dtype=float32), array([[0.3027702 , 0.3814931 , 0.31573677],
       [0.39374048, 0.24499631, 0.3612632 ],
       [0.3197459 , 0.35447055, 0.3257835 ]], dtype=float32), array([[0.2953634 , 0.3820499 , 0.32258677],
       [0.36036175, 0.3008756 , 0.3387627 ],
       [0.31737804, 0.35335177, 0.32927012]], dtype=float32), array([[0.30690727, 0.3545341 , 0.33855867],
       [0.3267356 , 0.33854175, 0.33472267],
       [0.32033324, 0.34364876, 0.33601797]], dtype=float32), array([[0.32973397, 0.33194748, 0.3383186 ],
       [0.33138385, 0.33258688, 0.33602926],
       [0.3360715 , 0.3343651 , 0.32956344]], dtype=float32), array([[0.30809006, 0.31447908, 0.37743092],
       [0.30948228, 0.31554744, 0.37497032],
       [0.32177413, 0.32483774, 0.3533881 ]], dtype=float32), array([[0.33140755, 0.31406763, 0.35452485],
       [0.32926112, 0.29875112, 0.37198776],
       [0.33335698, 0.33363703, 0.33300596]], dtype=float32), array([[0.34001595, 0.2580103 , 0.40197372],
       [0.33840862, 0.2113202 , 0.4502712 ],
       [0.33847132, 0.289064  , 0.3724647 ]], dtype=float32), array([[0.35013226, 0.28367198, 0.3661957 ],
       [0.378452  , 0.17605962, 0.44548836],
       [0.34109688, 0.31103298, 0.3478701 ]], dtype=float32), array([[0.3159904 , 0.18740809, 0.49660146],
       [0.2846488 , 0.12174512, 0.59360605],
       [0.33141968, 0.26082397, 0.40775633]], dtype=float32), array([[0.3588683 , 0.24241012, 0.39872155],
       [0.37294525, 0.11210947, 0.5149453 ],
       [0.3463144 , 0.29071513, 0.36297044]], dtype=float32), array([[0.31693712, 0.18525884, 0.49780402],
       [0.2846602 , 0.1178694 , 0.59747034],
       [0.33200654, 0.2593324 , 0.40866104]], dtype=float32), array([[0.3981655 , 0.22237319, 0.37946138],
       [0.49719378, 0.07672718, 0.42607903],
       [0.40868023, 0.20524043, 0.38607928]], dtype=float32), array([[0.31747714, 0.2031097 , 0.47941312],
       [0.2929279 , 0.14438477, 0.5626874 ],
       [0.33077598, 0.2691914 , 0.40003258]], dtype=float32), array([[0.34164447, 0.2563914 , 0.40196413],
       [0.3365347 , 0.17318764, 0.49027762],
       [0.33650964, 0.31269857, 0.35079178]], dtype=float32), array([[0.3749865 , 0.27806318, 0.3469503 ],
       [0.55295813, 0.09611128, 0.3509305 ],
       [0.42598015, 0.21666785, 0.35735202]], dtype=float32), array([[0.38140604, 0.25707856, 0.36151534],
       [0.47610703, 0.12628722, 0.3976057 ],
       [0.39595225, 0.23514183, 0.36890596]], dtype=float32), array([[0.3173725 , 0.23850507, 0.4441224 ],
       [0.30397326, 0.2006992 , 0.49532756],
       [0.32840562, 0.287384  , 0.3842104 ]], dtype=float32), array([[0.3445143 , 0.28705776, 0.3684279 ],
       [0.35683873, 0.20781805, 0.43534324],
       [0.3367705 , 0.32011843, 0.34311104]], dtype=float32), array([[0.33043236, 0.24181722, 0.4277504 ],
       [0.3205339 , 0.19401394, 0.48545218],
       [0.33409482, 0.28604805, 0.37985712]], dtype=float32), array([[0.34156907, 0.2855211 , 0.3729099 ],
       [0.3467131 , 0.22122887, 0.43205804],
       [0.33586428, 0.3204571 , 0.34367862]], dtype=float32), array([[0.3403765 , 0.22936746, 0.43025607],
       [0.33144033, 0.16245621, 0.50610346],
       [0.33967963, 0.27650833, 0.38381198]], dtype=float32), array([[0.3564823 , 0.2705496 , 0.37296805],
       [0.3936762 , 0.13989562, 0.46642816],
       [0.3466702 , 0.29794592, 0.35538384]], dtype=float32), array([[0.3625647 , 0.20274305, 0.43469223],
       [0.3598504 , 0.09523436, 0.5449152 ],
       [0.35449305, 0.25036797, 0.39513892]], dtype=float32)]",1,0,0,0,0,0,56.4969465648855,64.5908396946565,2000,0.00016441640730015307,0.0003764887353318844,10.03,10.03,2000,18000,18000,0.3384071662220053,104968,93000,61938,837000,557442,0,1028.614927482634,6119244.383481641,6357410.794423515,0.01690421625971794,0.244211807847023,-0.007247111294418573,0.0,0.0013802934991,81158,0.4722185432910919,-1.0,30969,4135.8740234375,0.34183213114738464,278721,999.0,0.006196323316544294,9.0,1.0,342.5282355996801,0.0,0.0,278721,999.0,1.0,9.0,0.0013802934991,0.0393447157605,30969,23810,342.52774795166977,1.0066988216326744,0.19929303560974496,50,18100,100,2,2.0,10.5,6.539426543499379e-05,0.00015757217260678575,9.0,-10.5,9.68,0.0023075467003218363,450,1.0066988216326744,0.0003436188977670372,2,9.68,0.00023815989381060254,100,0.0005453728723152915,9.68,900,900,100,2.0274250924247244e-05,7.011438642554499e-06,4.53542861903271e-05,7.536607385697566e-06,3.41227844614534e-05,0.00015811590788617107,2.9344764809400668e-05,2.9535510087795425e-05,1.6728746598042402e-05,2.2844811403461944e-05,5.086447533785782e-05,0.057493197447197296,0.007009863053595129,0.053309863629095955,0.17302426433498197,0.030098448246584024,0.01641644074217337,0.00018627097009378757,0.24536104500293732,-0.0064255241304636,1.0,0.4722185730934143,-0.004370927810668945,108066,74.87339782714844,0.0030722205992788076,0.342935,972594,498.0,271.0,279.0,108066,0.0,972594,498.0,279.0,271.0,651000,216132,5859000,1945188,11697.492331266649,4.996235770583306e-05,6.38368047558366e-05,9.318623980757886e-06,1.0440566317219688e-05,2.8689458261658634e-05,0.00022280675633790193,4.2984454548876105e-05,3.193162938544359e-05,7.447639557795482e-05,4.380194240418769e-05,2.481029274965861e-05
1,20000,False,10,d2a96_00000,2025-08-17_20-44-58,1755463498,99.31968212127686,938.8104047775269,686047,intrinsic-attention2,10.156.0.3,938.8104047775269,10,93.2199519872933,1.4767456899847745e-05,93.21967124723825,2.7607427552696624,90.1096642600081,0.0022841640661943655,9.0,9.5,1.0067001111073661,2.726703727860709,10.03,0.0015834372595418245,0.0002549519995227456,2,2.0,10.5,1000,20000,10000,4.852227153561516e-05,0.00010301539002140495,2000,2,1.0067001111073661,677.7378555117401,2000.0,3000.0,"[array([-2.5118678, -2.5118678, -2.5118678], dtype=float32), array([-2.4875793, -2.4875793, -2.4875793], dtype=float32), array([-2.4658816, -2.4658816, -2.4658816], dtype=float32), array([-2.446607, -2.446607, -2.446607], dtype=float32), array([-2.4295576, -2.4295576, -2.4295576], dtype=float32), array([-2.414288, -2.414288, -2.414288], dtype=float32), array([-2.400745, -2.400745, -2.400745], dtype=float32), array([-2.3888261, -2.3888261, -2.3888261], dtype=float32), array([-2.378075, -2.378075, -2.378075], dtype=float32), array([-2.368401, -2.368401, -2.368401], dtype=float32), array([-2.359796, -2.359796, -2.359796], dtype=float32), array([-2.3521826, -2.3521826, -2.3521826], dtype=float32), array([-2.3459735, -2.3459735, -2.3459735], dtype=float32), array([-2.3400207, -2.3400207, -2.3400207], dtype=float32), array([-2.3347108, -2.3347108, -2.3347108], dtype=float32), array([-2.3289835, -2.3289835, -2.3289835], dtype=float32), array([-2.3238118, -2.3238118, -2.3238118], dtype=float32), array([-2.3190856, -2.3190856, -2.3190856], dtype=float32), array([-2.3147762, -2.3147762, -2.3147762], dtype=float32), array([-2.3107889, -2.3107889, -2.3107889], dtype=float32), array([-2.307058, -2.307058, -2.307058], dtype=float32), array([-2.3036342, -2.3036342, -2.3036342], dtype=float32), array([-2.300474, -2.300474, -2.300474], dtype=float32), array([-2.297296, -2.297296, -2.297296], dtype=float32), array([-2.2942944, -2.2942944, -2.2942944], dtype=float32), array([-2.2914698, -2.2914698, -2.2914698], dtype=float32), array([-2.2888374, -2.2888374, -2.2888374], dtype=float32), array([-2.286223, -2.286223, -2.286223], dtype=float32), array([-2.2837107, -2.2837107, -2.2837107], dtype=float32), array([-2.281135, -2.281135, -2.281135], dtype=float32), array([-2.2789688, -2.2789688, -2.2789688], dtype=float32)]","[array([-2.511868, -2.511868, -2.511868], dtype=float32), array([-2.4875789, -2.4875789, -2.4875789], dtype=float32), array([-2.4658816, -2.4658816, -2.4658816], dtype=float32), array([-2.4466074, -2.4466074, -2.4466074], dtype=float32), array([-2.4295573, -2.4295573, -2.4295573], dtype=float32), array([-2.4142885, -2.4142885, -2.4142885], dtype=float32), array([-2.4007444, -2.4007444, -2.4007444], dtype=float32), array([-2.3888264, -2.3888264, -2.3888264], dtype=float32), array([-2.3780756, -2.3780756, -2.3780756], dtype=float32), array([-2.3684015, -2.3684015, -2.3684015], dtype=float32), array([-2.359796, -2.359796, -2.359796], dtype=float32), array([-2.3521829, -2.3521829, -2.3521829], dtype=float32), array([-2.3459733, -2.3459733, -2.3459733], dtype=float32), array([-2.340021, -2.340021, -2.340021], dtype=float32), array([-2.3347106, -2.3347106, -2.3347106], dtype=float32), array([-2.3289835, -2.3289835, -2.3289835], dtype=float32), array([-2.3238118, -2.3238118, -2.3238118], dtype=float32), array([-2.3190856, -2.3190856, -2.3190856], dtype=float32), array([-2.3147762, -2.3147762, -2.3147762], dtype=float32), array([-2.3107889, -2.3107889, -2.3107889], dtype=float32), array([-2.307058, -2.307058, -2.307058], dtype=float32), array([-2.3036337, -2.3036337, -2.3036337], dtype=float32), array([-2.300474, -2.300474, -2.300474], dtype=float32), array([-2.2972963, -2.2972963, -2.2972963], dtype=float32), array([-2.2942944, -2.2942944, -2.2942944], dtype=float32), array([-2.2914698, -2.2914698, -2.2914698], dtype=float32), array([-2.2888374, -2.2888374, -2.2888374], dtype=float32), array([-2.286223, -2.286223, -2.286223], dtype=float32), array([-2.2837114, -2.2837114, -2.2837114], dtype=float32), array([-2.2811346, -2.2811346, -2.2811346], dtype=float32), array([-2.2789686, -2.2789686, -2.2789686], dtype=float32)]","[array([[0.34254918, 0.17353204, 0.48391876],
       [0.30837762, 0.08015351, 0.61146885],
       [0.34480196, 0.24517065, 0.41002733]], dtype=float32), array([[0.31620485, 0.14832412, 0.53547096],
       [0.26063347, 0.0667285 , 0.67263806],
       [0.33579946, 0.240053  , 0.42414752]], dtype=float32), array([[0.4258427 , 0.17474692, 0.3994104 ],
       [0.543879  , 0.02297399, 0.43314707],
       [0.43948448, 0.15313233, 0.40738323]], dtype=float32), array([[0.43124798, 0.1643468 , 0.4044052 ],
       [0.5467178 , 0.0179107 , 0.43537152],
       [0.44420287, 0.14375487, 0.4120422 ]], dtype=float32), array([[0.35335076, 0.1335359 , 0.5131134 ],
       [0.2923582 , 0.03300672, 0.67463505],
       [0.35505888, 0.21322532, 0.43171582]], dtype=float32), array([[0.38116187, 0.14376931, 0.4750688 ],
       [0.3473978 , 0.02540528, 0.6271969 ],
       [0.37137935, 0.2029104 , 0.42571023]], dtype=float32), array([[0.39510322, 0.18571064, 0.41918615],
       [0.43201298, 0.02155225, 0.5464347 ],
       [0.38361177, 0.21496278, 0.40142542]], dtype=float32), array([[0.4471825 , 0.13292862, 0.41988888],
       [0.550777  , 0.00776326, 0.44145972],
       [0.45765993, 0.11612944, 0.4262107 ]], dtype=float32), array([[0.35342017, 0.10984712, 0.5367327 ],
       [0.2693306 , 0.01769657, 0.7129728 ],
       [0.3588346 , 0.1944072 , 0.44675815]], dtype=float32), array([[0.38970128, 0.14135681, 0.4689419 ],
       [0.35479164, 0.01527676, 0.62993157],
       [0.37649682, 0.20150183, 0.4220014 ]], dtype=float32), array([[0.43649527, 0.09696781, 0.46653697],
       [0.44953936, 0.00589342, 0.5445672 ],
       [0.43202093, 0.10877527, 0.45920378]], dtype=float32), array([[0.35268027, 0.0979798 , 0.5493399 ],
       [0.25569117, 0.01222798, 0.7320809 ],
       [0.36069205, 0.18419395, 0.45511404]], dtype=float32), array([[0.38865513, 0.12279594, 0.48854893],
       [0.3317991 , 0.01057829, 0.65762264],
       [0.37785193, 0.18823446, 0.43391356]], dtype=float32), array([[0.43884513, 0.08482638, 0.4763285 ],
       [0.439627  , 0.00389409, 0.556479  ],
       [0.43430263, 0.09789965, 0.4677977 ]], dtype=float32), array([[0.4657328 , 0.1041051 , 0.43016204],
       [0.5701231 , 0.00248914, 0.4273878 ],
       [0.47735402, 0.0866032 , 0.4360428 ]], dtype=float32), array([[0.47164774, 0.12816441, 0.40018782],
       [0.68190646, 0.00155113, 0.31654248],
       [0.5167918 , 0.07682923, 0.40637895]], dtype=float32), array([[0.39745444, 0.10901736, 0.49352825],
       [0.33456784, 0.0057935 , 0.65963864],
       [0.38688058, 0.16849327, 0.44462615]], dtype=float32), array([[0.47731024, 0.12023332, 0.40245646],
       [0.688447  , 0.00110223, 0.31045082],
       [0.52217364, 0.07034663, 0.40747964]], dtype=float32), array([[0.196221  , 0.0625946 , 0.7411844 ],
       [0.08828646, 0.01199843, 0.8997151 ],
       [0.32772133, 0.28205007, 0.39022866]], dtype=float32), array([[0.2789473 , 0.0536064 , 0.6674463 ],
       [0.14129427, 0.00470983, 0.8539959 ],
       [0.33886132, 0.16449532, 0.49664333]], dtype=float32), array([[0.39530298, 0.09098899, 0.51370806],
       [0.30901152, 0.00349027, 0.68749815],
       [0.38838616, 0.15304989, 0.45856398]], dtype=float32), array([[0.40098003, 0.09137347, 0.5076465 ],
       [0.32121187, 0.00303074, 0.6757574 ],
       [0.39274493, 0.14871973, 0.45853534]], dtype=float32), array([[0.42748436, 0.11735009, 0.4551656 ],
       [0.43544063, 0.00224306, 0.56231636],
       [0.41880107, 0.13943556, 0.4417633 ]], dtype=float32), array([[0.39661998, 0.08343533, 0.51994467],
       [0.30285037, 0.00254365, 0.69460595],
       [0.39098814, 0.143902  , 0.46510985]], dtype=float32), array([[0.48073298, 0.07349957, 0.44576743],
       [0.56723696, 0.00065297, 0.43211004],
       [0.4888612 , 0.06140332, 0.44973546]], dtype=float32), array([[0.4783521 , 0.06889278, 0.4527552 ],
       [0.54761904, 0.00062198, 0.45175892],
       [0.48348132, 0.06069013, 0.45582855]], dtype=float32), array([[0.32209763, 0.08918403, 0.58871835],
       [0.16577326, 0.00538569, 0.82884103],
       [0.34520853, 0.26146755, 0.39332396]], dtype=float32), array([[0.40301016, 0.07958711, 0.5174027 ],
       [0.3115088 , 0.00184062, 0.6866506 ],
       [0.39677152, 0.13453023, 0.46869826]], dtype=float32), array([[0.3448702 , 0.05761087, 0.597519  ],
       [0.19771521, 0.00208565, 0.8001991 ],
       [0.36692432, 0.14318162, 0.48989412]], dtype=float32), array([[4.9564287e-01, 9.3708299e-02, 4.1064885e-01],
       [7.0456415e-01, 3.1740885e-04, 2.9511839e-01],
       [5.3686261e-01, 5.1315237e-02, 4.1182220e-01]], dtype=float32), array([[4.8333323e-01, 6.5273434e-02, 4.5139337e-01],
       [5.6056756e-01, 4.3605757e-04, 4.3899637e-01],
       [4.8982090e-01, 5.5469159e-02, 4.5470986e-01]], dtype=float32)]",1,0,0,0,0,0,56.43380281690142,64.61549295774648,2000,0.00016611646822105072,0.00037847630466674175,10.03,10.03,2000,20000,20000,0.338303883609826,104968,93000,61938,930000,619380,0,1025.6001109297013,6094166.278578732,6334600.86895715,0.00845210812985897,0.21288925409317017,-0.013245321810245514,0.0,0.0013802934991,81158,0.4722185432910919,-1.0,30969,3997.27880859375,0.3357732594013214,309690,999.0,0.0062477802857756615,10.0,1.0,341.5243226158718,0.0,0.0,309690,999.0,1.0,10.0,0.0013802934991,0.0393447157605,30969,23810,341.52384760808,1.0066998255508928,0.1986779384837192,50,20100,100,2,2.0,10.5,5.319723779370495e-05,0.0001186066659082602,10.0,9.5,10.08,0.002012128550268244,500,1.0066998255508928,0.00034174383883714263,2,10.08,0.00018461726050666882,100,0.0004333938542425293,10.08,1000,1000,100,2.071917318924094e-05,7.098540573548753e-06,4.5956299709595004e-05,7.785473176396437e-06,3.449097442211004e-05,0.00016024099641676653,2.972744085465487e-05,2.9760238321911145e-05,1.6678142493400907e-05,2.2436021993291418e-05,5.068833637578277e-05,0.05746592970283265,0.007004090483005502,0.05327103896291231,0.1729973009916138,0.03009218722407419,0.016416764324720255,0.00018602583033487704,0.23537924885749817,-0.01803319901227951,1.0,0.4722185730934143,-0.0006191730499267578,108066,78.34270477294922,0.0016469111433252692,0.3311127,1080660,498.0,301.0,310.0,108066,0.0,1080660,498.0,310.0,301.0,651000,216132,6510000,2161320,11560.284979416128,3.919828693743487e-05,5.042243748728824e-05,7.273044426649384e-06,8.498782427397899e-06,2.286935045783806e-05,0.00018241614880217216,3.415928263020158e-05,2.695596022084714e-05,5.71290439150825e-05,3.447087444332435e-05,1.91885915278193e-05
1,22000,False,11,d2a96_00000,2025-08-17_20-46-33,1755463593,94.60604333877563,1033.4164481163025,686047,intrinsic-attention2,10.156.0.3,1033.4164481163025,11,93.23174261651032,1.4890852351821088e-05,93.23146090325572,2.7613640650570708,90.11697235544814,0.002280295085568947,10.0,-9.5,1.0067001111073661,2.727253490542085,9.68,0.0019361649695201777,0.0002549519995227456,2,2.0,10.5,1000,22000,11000,5.626952179828591e-05,0.00013273544297650247,2000,2,1.0067001111073661,666.4196361626928,2000.0,3000.0,"[array([-2.2778497, -2.2778497, -2.2778497], dtype=float32), array([-2.2704449, -2.2704449, -2.2704449], dtype=float32), array([-2.2553484, -2.2553484, -2.2553484], dtype=float32), array([-2.2405455, -2.2405455, -2.2405455], dtype=float32), array([-2.222509, -2.222509, -2.222509], dtype=float32), array([-2.2032285, -2.2032285, -2.2032285], dtype=float32), array([-2.1822872, -2.1822872, -2.1822872], dtype=float32), array([-2.1631505, -2.1631505, -2.1631505], dtype=float32), array([-2.1444986, -2.1444986, -2.1444986], dtype=float32), array([-2.121134, -2.121134, -2.121134], dtype=float32), array([-2.1003, -2.1003, -2.1003], dtype=float32), array([-2.0820394, -2.0820394, -2.0820394], dtype=float32), array([-2.0696108, -2.0696108, -2.0696108], dtype=float32), array([-2.0575275, -2.0575275, -2.0575275], dtype=float32), array([-2.0455174, -2.0455174, -2.0455174], dtype=float32), array([-2.0350728, -2.0350728, -2.0350728], dtype=float32), array([-2.0242364, -2.0242364, -2.0242364], dtype=float32), array([-2.0154626, -2.0154626, -2.0154626], dtype=float32), array([-2.0081253, -2.0081253, -2.0081253], dtype=float32), array([-1.9938092, -1.9938092, -1.9938092], dtype=float32), array([-1.9807363, -1.9807363, -1.9807363], dtype=float32), array([-1.9697516, -1.9697516, -1.9697516], dtype=float32), array([-1.9521997, -1.9521997, -1.9521997], dtype=float32), array([-1.9362406, -1.9362406, -1.9362406], dtype=float32), array([-1.9161725, -1.9161725, -1.9161725], dtype=float32), array([-1.8984666, -1.8984666, -1.8984666], dtype=float32), array([-1.8846571, -1.8846571, -1.8846571], dtype=float32), array([-1.8700291, -1.8700291, -1.8700291], dtype=float32), array([-1.8556095, -1.8556095, -1.8556095], dtype=float32), array([-1.830437, -1.830437, -1.830437], dtype=float32), array([-1.8077464, -1.8077464, -1.8077464], dtype=float32)]","[array([-2.27785, -2.27785, -2.27785], dtype=float32), array([-2.2704444, -2.2704444, -2.2704444], dtype=float32), array([-2.2553484, -2.2553484, -2.2553484], dtype=float32), array([-2.2405455, -2.2405455, -2.2405455], dtype=float32), array([-2.2225087, -2.2225087, -2.2225087], dtype=float32), array([-2.2032282, -2.2032282, -2.2032282], dtype=float32), array([nan, nan, nan], dtype=float32), array([-2.1631508, -2.1631508, -2.1631508], dtype=float32), array([-2.1444983, -2.1444983, -2.1444983], dtype=float32), array([-2.121134, -2.121134, -2.121134], dtype=float32), array([-2.1003006, -2.1003006, -2.1003006], dtype=float32), array([-2.0820396, -2.0820396, -2.0820396], dtype=float32), array([-2.069611, -2.069611, -2.069611], dtype=float32), array([-2.057528, -2.057528, -2.057528], dtype=float32), array([-2.0455177, -2.0455177, -2.0455177], dtype=float32), array([-2.035073, -2.035073, -2.035073], dtype=float32), array([-2.0242362, -2.0242362, -2.0242362], dtype=float32), array([nan, nan, nan], dtype=float32), array([-2.0081253, -2.0081253, -2.0081253], dtype=float32), array([-1.9938097, -1.9938097, -1.9938097], dtype=float32), array([-1.9807366, -1.9807366, -1.9807366], dtype=float32), array([-1.9697518, -1.9697518, -1.9697518], dtype=float32), array([-1.9521998, -1.9521998, -1.9521998], dtype=float32), array([-1.9362403, -1.9362403, -1.9362403], dtype=float32), array([-1.9161726, -1.9161726, -1.9161726], dtype=float32), array([-1.8984668, -1.8984668, -1.8984668], dtype=float32), array([-1.884657, -1.884657, -1.884657], dtype=float32), array([-1.8700287, -1.8700287, -1.8700287], dtype=float32), array([nan, nan, nan], dtype=float32), array([-1.8304371, -1.8304371, -1.8304371], dtype=float32), array([-1.8077459, -1.8077459, -1.8077459], dtype=float32)]","[array([[0.3358087 , 0.0528111 , 0.61138016],
       [0.18211092, 0.00177519, 0.8161139 ],
       [0.36403286, 0.14091888, 0.49504822]], dtype=float32), array([[0.3248128 , 0.08214281, 0.5930444 ],
       [0.15997046, 0.00366082, 0.83636874],
       [0.3477092 , 0.25180042, 0.40049037]], dtype=float32), array([[0.4375832 , 0.09727888, 0.46513793],
       [0.43759587, 0.00094563, 0.5614585 ],
       [0.43043795, 0.11550262, 0.45405948]], dtype=float32), array([[5.0123113e-01, 8.5461013e-02, 4.1330785e-01],
       [7.0824331e-01, 2.0641474e-04, 2.9155031e-01],
       [5.4067087e-01, 4.6021231e-02, 4.1330791e-01]], dtype=float32), array([[0.34268555, 0.05123211, 0.60608226],
       [0.1861316 , 0.00137004, 0.81249833],
       [0.36796126, 0.13577354, 0.49626514]], dtype=float32), array([[0.39967838, 0.07064012, 0.52968156],
       [0.28950527, 0.00116567, 0.70932907],
       [0.39586997, 0.1293542 , 0.47477588]], dtype=float32), array([[5.0123560e-01, 8.5424244e-02, 4.1334021e-01],
       [7.0809519e-01, 2.0670563e-04, 2.9169810e-01],
       [5.4062414e-01, 4.6026822e-02, 4.1334906e-01]], dtype=float32), array([[4.3680489e-01, 4.2155851e-02, 5.2103931e-01],
       [3.7711972e-01, 4.9148517e-04, 6.2238878e-01],
       [4.3525261e-01, 5.8118060e-02, 5.0662935e-01]], dtype=float32), array([[0.3440092 , 0.05432282, 0.601668  ],
       [0.1916725 , 0.00166695, 0.80666053],
       [0.36757532, 0.13966995, 0.49275467]], dtype=float32), array([[0.26880816, 0.04279439, 0.68839747],
       [0.12093446, 0.00252099, 0.8765445 ],
       [0.338485  , 0.1525144 , 0.50900066]], dtype=float32), array([[0.25717252, 0.06965397, 0.6731735 ],
       [0.11421617, 0.00716029, 0.87862355],
       [0.3356795 , 0.2671893 , 0.3971312 ]], dtype=float32), array([[0.34799135, 0.06840744, 0.58360124],
       [0.21557248, 0.00376086, 0.78066665],
       [0.36529154, 0.1550597 , 0.47964883]], dtype=float32), array([[0.280109  , 0.0557536 , 0.6641374 ],
       [0.14408363, 0.00520801, 0.85070837],
       [0.33884707, 0.16795185, 0.49320105]], dtype=float32), array([[0.46718967, 0.08789453, 0.44491583],
       [0.5409677 , 0.00172909, 0.45730326],
       [0.47258726, 0.07892216, 0.4484906 ]], dtype=float32), array([[0.41712895, 0.13904329, 0.4438277 ],
       [0.43618852, 0.00551525, 0.55829626],
       [0.4075072 , 0.16340351, 0.42908928]], dtype=float32), array([[0.4683135 , 0.13156533, 0.4001212 ],
       [0.6715884 , 0.00199178, 0.32641974],
       [0.51111484, 0.08168487, 0.4072003 ]], dtype=float32), array([[0.35201472, 0.09180937, 0.5561759 ],
       [0.24776107, 0.00985622, 0.7423827 ],
       [0.3616178 , 0.17886259, 0.45951957]], dtype=float32), array([[0.43732795, 0.08767138, 0.47500074],
       [0.4394923 , 0.00454294, 0.55596477],
       [0.43268546, 0.10102568, 0.46628883]], dtype=float32), array([[0.35247767, 0.09717897, 0.55034333],
       [0.25471365, 0.01196868, 0.7333177 ],
       [0.36075547, 0.18339665, 0.4558478 ]], dtype=float32), array([[0.3543918 , 0.10306058, 0.5425476 ],
       [0.2576813 , 0.01258911, 0.7297296 ],
       [0.36019185, 0.19376154, 0.44604653]], dtype=float32), array([[0.43827698, 0.08890689, 0.47281617],
       [0.44397172, 0.00466404, 0.55136424],
       [0.43381494, 0.10130498, 0.4648801 ]], dtype=float32), array([[0.3945882 , 0.12556994, 0.47984186],
       [0.34883502, 0.00988195, 0.64128304],
       [0.3825203 , 0.1840228 , 0.433457  ]], dtype=float32), array([[0.35249633, 0.09516808, 0.5523355 ],
       [0.25260514, 0.01116841, 0.7362265 ],
       [0.3611836 , 0.18137844, 0.45743796]], dtype=float32), array([[0.3881749 , 0.12402681, 0.48779824],
       [0.33341983, 0.01142514, 0.65515506],
       [0.37754893, 0.18862589, 0.43382525]], dtype=float32), array([[0.38846365, 0.12259635, 0.4889401 ],
       [0.33286268, 0.01109032, 0.656047  ],
       [0.37805197, 0.18682855, 0.4351195 ]], dtype=float32), array([[0.46079904, 0.11437839, 0.4248226 ],
       [0.5702749 , 0.00382725, 0.42589784],
       [0.47354275, 0.09521748, 0.43123978]], dtype=float32), array([[0.39431745, 0.12884735, 0.47683525],
       [0.3539275 , 0.01137001, 0.6347025 ],
       [0.38232943, 0.18526815, 0.43240237]], dtype=float32), array([[0.3415968 , 0.09156383, 0.5668394 ],
       [0.23501901, 0.01136426, 0.75361675],
       [0.3563903 , 0.18460241, 0.4590073 ]], dtype=float32), array([[0.43437782, 0.08031708, 0.48530507],
       [0.42209885, 0.00391787, 0.57398325],
       [0.42955974, 0.09667222, 0.47376806]], dtype=float32), array([[0.46247917, 0.10576367, 0.43175712],
       [0.5580472 , 0.0031974 , 0.43875542],
       [0.47198164, 0.09090206, 0.43711635]], dtype=float32), array([[0.35322353, 0.09605183, 0.5507246 ],
       [0.25203326, 0.01083624, 0.73713046],
       [0.3612485 , 0.18427382, 0.45447767]], dtype=float32)]",1,0,0,0,0,0,56.34074074074074,64.60222222222224,2000,0.00019417721020745723,0.0004522893132122492,9.68,9.68,2000,22000,22000,0.34218026559377396,104968,93000,61938,1023000,681318,0,1024.2568341144347,6084008.453882504,6331259.550730989,0.004226054064929485,0.22514860332012177,-0.01830841600894928,0.0,0.0013802934991,81158,0.4722185432910919,-0.22659718990325928,30969,1385.9913330078125,0.33063679933547974,340659,999.0,0.005819495301693678,11.0,1.0,341.07703610445935,0.0,0.0,340659,999.0,1.0,11.0,0.0013802934991,0.0393447157605,30969,23810,341.07658033117207,1.006700047870376,0.19858157883882083,50,22100,100,2,2.0,10.5,6.230189929202773e-05,0.0001483954916159644,11.0,9.5,10.08,0.0020038252002268562,550,1.006700047870376,0.00034016374039949664,2,10.08,0.00022388194438740207,100,0.000518979007671685,10.08,1100,1100,100,2.390627200108125e-05,7.88221596497741e-06,5.480587635921018e-05,8.772258536374047e-06,3.983870571046653e-05,0.00018901876231224816,3.582922058938736e-05,3.618591717934112e-05,2.1020649299019595e-05,2.6547679622274082e-05,6.352108537589897e-05,0.057658213505829274,0.007035162608280345,0.05649716853320217,0.17343679855163144,0.03007942734186249,0.01641291656156068,0.0001859115520025478,0.22315840423107147,-0.005165962036699057,1.0,0.4722185730934143,0.0008051395416259766,108066,80.770263671875,0.0028172715101391077,0.3441844,1188726,498.0,331.0,341.0,108066,0.0,1188726,498.0,341.0,331.0,651000,216132,7161000,2377452,11440.306960222853,4.7027890127037e-05,6.037210174502777e-05,8.768522861082345e-06,1.0026768473758248e-05,2.7421443000836136e-05,0.0002141788439363701,4.122443567008255e-05,3.0686818729864155e-05,7.062786415362068e-05,4.189882267355519e-05,2.335554436963416e-05
1,24000,False,12,d2a96_00000,2025-08-17_20-48-08,1755463688,94.54198551177979,1127.9584336280823,686047,intrinsic-attention2,10.156.0.3,1127.9584336280823,12,93.24276135475536,1.4891733822186918e-05,93.24247828467311,2.7612133369765446,90.1281731921237,0.002280505894641547,11.0,9.5,1.0067001111073661,2.727135737126617,9.99,0.0015968944404448847,0.0002549519995227456,2,2.0,10.5,1000,24000,12000,4.8693376057876045e-05,0.00010392781842704507,2000,2,1.0067001111073661,654.5917562110716,2000.0,3000.0,"[array([-1.7779179, -1.7779179, -1.7779179], dtype=float32), array([-1.7528325, -1.7528325, -1.7528325], dtype=float32), array([-1.7381911, -1.7381911, -1.7381911], dtype=float32), array([-1.7248439, -1.7248439, -1.7248439], dtype=float32), array([-1.7152518, -1.7152518, -1.7152518], dtype=float32), array([-1.7063731, -1.7063731, -1.7063731], dtype=float32), array([-1.6980497, -1.6980497, -1.6980497], dtype=float32), array([-1.6938882, -1.6938882, -1.6938882], dtype=float32), array([-1.6965159, -1.6965159, -1.6965159], dtype=float32), array([-1.6954195, -1.6954195, -1.6954195], dtype=float32), array([-1.6941948, -1.6941948, -1.6941948], dtype=float32), array([-1.6964304, -1.6964304, -1.6964304], dtype=float32), array([-1.6969963, -1.6969963, -1.6969963], dtype=float32), array([-1.6983982, -1.6983982, -1.6983982], dtype=float32), array([-1.7002065, -1.7002065, -1.7002065], dtype=float32), array([-1.7005289, -1.7005289, -1.7005289], dtype=float32), array([-1.7008915, -1.7008915, -1.7008915], dtype=float32), array([-1.7019045, -1.7019045, -1.7019045], dtype=float32), array([-1.7032354, -1.7032354, -1.7032354], dtype=float32), array([-1.7050204, -1.7050204, -1.7050204], dtype=float32), array([-1.7073723, -1.7073723, -1.7073723], dtype=float32), array([-1.7132725, -1.7132725, -1.7132725], dtype=float32), array([-1.7183647, -1.7183647, -1.7183647], dtype=float32), array([-1.7223443, -1.7223443, -1.7223443], dtype=float32), array([-1.7264137, -1.7264137, -1.7264137], dtype=float32), array([-1.7305278, -1.7305278, -1.7305278], dtype=float32), array([-1.7343403, -1.7343403, -1.7343403], dtype=float32), array([-1.7376617, -1.7376617, -1.7376617], dtype=float32), array([-1.7415748, -1.7415748, -1.7415748], dtype=float32), array([-1.7453921, -1.7453921, -1.7453921], dtype=float32), array([-1.7510661, -1.7510661, -1.7510661], dtype=float32)]","[array([nan, nan, nan], dtype=float32), array([-1.7528328, -1.7528328, -1.7528328], dtype=float32), array([nan, nan, nan], dtype=float32), array([nan, nan, nan], dtype=float32), array([-1.7152516, -1.7152516, -1.7152516], dtype=float32), array([nan, nan, nan], dtype=float32), array([-1.69805, -1.69805, -1.69805], dtype=float32), array([nan, nan, nan], dtype=float32), array([-1.6965156, -1.6965156, -1.6965156], dtype=float32), array([-1.6954197, -1.6954197, -1.6954197], dtype=float32), array([nan, nan, nan], dtype=float32), array([-1.6964306, -1.6964306, -1.6964306], dtype=float32), array([-1.6969961, -1.6969961, -1.6969961], dtype=float32), array([-1.6983979, -1.6983979, -1.6983979], dtype=float32), array([-1.7002065, -1.7002065, -1.7002065], dtype=float32), array([nan, nan, nan], dtype=float32), array([nan, nan, nan], dtype=float32), array([-1.7019044, -1.7019044, -1.7019044], dtype=float32), array([nan, nan, nan], dtype=float32), array([-1.7050201, -1.7050201, -1.7050201], dtype=float32), array([nan, nan, nan], dtype=float32), array([-1.7132729, -1.7132729, -1.7132729], dtype=float32), array([nan, nan, nan], dtype=float32), array([-1.7223444, -1.7223444, -1.7223444], dtype=float32), array([nan, nan, nan], dtype=float32), array([-1.7305274, -1.7305274, -1.7305274], dtype=float32), array([-1.7343398, -1.7343398, -1.7343398], dtype=float32), array([-1.7376622, -1.7376622, -1.7376622], dtype=float32), array([-1.7415744, -1.7415744, -1.7415744], dtype=float32), array([-1.7453921, -1.7453921, -1.7453921], dtype=float32), array([-1.751066, -1.751066, -1.751066], dtype=float32)]","[array([[0.3892387 , 0.11751959, 0.4932417 ],
       [0.33052287, 0.01005098, 0.6594262 ],
       [0.3796837 , 0.1804833 , 0.439833  ]], dtype=float32), array([[0.35381562, 0.09919535, 0.546989  ],
       [0.25533804, 0.01175986, 0.73290205],
       [0.3608557 , 0.18783504, 0.45130932]], dtype=float32), array([[0.34019396, 0.08562693, 0.57417905],
       [0.22432026, 0.00878689, 0.7668928 ],
       [0.357005  , 0.18201342, 0.46098152]], dtype=float32), array([[0.35280874, 0.08330701, 0.56388426],
       [0.2346591 , 0.00632676, 0.7590142 ],
       [0.36377093, 0.17383291, 0.46239614]], dtype=float32), array([[0.3365677 , 0.06538306, 0.5980493 ],
       [0.19540974, 0.00350349, 0.8010868 ],
       [0.36056888, 0.16160314, 0.47782797]], dtype=float32), array([[0.33327967, 0.05491564, 0.6118047 ],
       [0.17839463, 0.00192946, 0.81967586],
       [0.36230895, 0.1494248 , 0.48826623]], dtype=float32), array([[4.8261559e-01, 4.9355973e-02, 4.6802843e-01],
       [5.2606404e-01, 2.1841459e-04, 4.7371757e-01],
       [4.8455027e-01, 4.6013705e-02, 4.6943605e-01]], dtype=float32), array([[3.4085551e-01, 4.3024044e-02, 6.1612046e-01],
       [1.6789342e-01, 6.2488677e-04, 8.3148175e-01],
       [3.7027496e-01, 1.2805274e-01, 5.0167233e-01]], dtype=float32), array([[4.1105241e-01, 3.9773826e-02, 5.4917371e-01],
       [2.8745767e-01, 1.9106441e-04, 7.1235126e-01],
       [4.1374651e-01, 7.4257858e-02, 5.1199567e-01]], dtype=float32), array([[3.3372730e-01, 3.2496594e-02, 6.3377619e-01],
       [1.4469858e-01, 2.2832997e-04, 8.5507309e-01],
       [3.7143165e-01, 1.1254339e-01, 5.1602495e-01]], dtype=float32), array([[4.6804819e-01, 4.8113938e-02, 4.8383787e-01],
       [4.6652946e-01, 4.7721591e-05, 5.3342289e-01],
       [4.6600115e-01, 5.2984737e-02, 4.8101404e-01]], dtype=float32), array([[3.2680327e-01, 2.5261225e-02, 6.4793545e-01],
       [1.2625515e-01, 9.0976886e-05, 8.7365389e-01],
       [3.7185469e-01, 1.0031974e-01, 5.2782553e-01]], dtype=float32), array([[3.8217285e-01, 1.0002410e-02, 6.0782468e-01],
       [2.2247632e-01, 1.2044235e-05, 7.7751166e-01],
       [4.0060717e-01, 2.3039239e-02, 5.7635355e-01]], dtype=float32), array([[4.0673861e-01, 3.7237670e-02, 5.5602366e-01],
       [2.4122010e-01, 3.7714119e-05, 7.5874215e-01],
       [4.1041636e-01, 8.6455911e-02, 5.0312769e-01]], dtype=float32), array([[1.9917749e-01, 9.4999103e-03, 7.9132259e-01],
       [3.9771184e-02, 3.5433764e-05, 9.6019346e-01],
       [3.2861853e-01, 9.5246315e-02, 5.7613510e-01]], dtype=float32), array([[4.0681067e-01, 3.3477880e-02, 5.5971146e-01],
       [2.3429857e-01, 2.2100445e-05, 7.6567930e-01],
       [4.1197082e-01, 8.0526263e-02, 5.0750291e-01]], dtype=float32), array([[3.0007198e-01, 1.5494260e-02, 6.8443376e-01],
       [8.9430742e-02, 2.1346917e-05, 9.1054785e-01],
       [3.6565936e-01, 8.4281445e-02, 5.5005920e-01]], dtype=float32), array([[1.8928021e-01, 7.4349535e-03, 8.0328482e-01],
       [3.3561818e-02, 1.8105718e-05, 9.6642005e-01],
       [3.2558924e-01, 8.6775929e-02, 5.8763480e-01]], dtype=float32), array([[3.1145450e-01, 1.5073028e-02, 6.7347240e-01],
       [9.5376119e-02, 1.3894436e-05, 9.0461004e-01],
       [3.7089306e-01, 7.8731999e-02, 5.5037493e-01]], dtype=float32), array([[3.6389488e-01, 5.1867650e-03, 6.3091844e-01],
       [1.8356849e-01, 1.8094238e-06, 8.1642973e-01],
       [3.8890976e-01, 1.4219774e-02, 5.9687054e-01]], dtype=float32), array([[4.7288647e-01, 9.5630027e-03, 5.1755047e-01],
       [4.2605698e-01, 1.0874387e-06, 5.7394189e-01],
       [4.7301584e-01, 1.1773817e-02, 5.1521033e-01]], dtype=float32), array([[2.9215497e-01, 1.1993157e-02, 6.9585186e-01],
       [7.7885352e-02, 8.7608441e-06, 9.2210597e-01],
       [3.6438057e-01, 7.4352778e-02, 5.6126672e-01]], dtype=float32), array([[2.9007345e-01, 1.1265936e-02, 6.9866055e-01],
       [7.5215466e-02, 7.0687565e-06, 9.2477745e-01],
       [3.6394081e-01, 7.2154284e-02, 5.6390488e-01]], dtype=float32), array([[5.5424953e-01, 1.7986836e-02, 4.2776358e-01],
       [7.5702965e-01, 2.2271615e-07, 2.4297009e-01],
       [5.7611293e-01, 7.7749616e-03, 4.1611212e-01]], dtype=float32), array([[3.8407516e-01, 8.4307697e-03, 6.0749412e-01],
       [1.9366886e-01, 1.3413558e-06, 8.0632973e-01],
       [4.0551993e-01, 2.3430966e-02, 5.7104915e-01]], dtype=float32), array([[2.5762573e-01, 3.7073109e-03, 7.3866695e-01],
       [6.3377790e-02, 1.2374094e-06, 9.3662101e-01],
       [3.3532211e-01, 2.4871359e-02, 6.3980651e-01]], dtype=float32), array([[5.5971897e-01, 1.5284210e-02, 4.2499688e-01],
       [7.7106273e-01, 9.7941111e-08, 2.2893719e-01],
       [5.8228558e-01, 6.2175561e-03, 4.1149691e-01]], dtype=float32), array([[2.9394114e-01, 8.8047162e-03, 6.9725412e-01],
       [7.1441866e-02, 2.1388141e-06, 9.2855597e-01],
       [3.6703414e-01, 6.0240179e-02, 5.7272565e-01]], dtype=float32), array([[4.7434103e-01, 5.5931988e-03, 5.2006578e-01],
       [4.2395920e-01, 1.5990669e-07, 5.7604063e-01],
       [4.7480103e-01, 6.9381287e-03, 5.1826084e-01]], dtype=float32), array([[2.9248980e-01, 8.4620444e-03, 6.9904810e-01],
       [7.0005707e-02, 1.8940168e-06, 9.2999244e-01],
       [3.6653519e-01, 5.8942664e-02, 5.7452214e-01]], dtype=float32), array([[4.9054971e-01, 1.6587973e-02, 4.9286228e-01],
       [4.9511048e-01, 3.7849762e-07, 5.0488913e-01],
       [4.9043295e-01, 1.6832212e-02, 4.9273479e-01]], dtype=float32)]",1,0,0,0,0,0,56.44518518518519,64.67703703703705,2000,0.00016392359156975898,0.0003799573131780655,9.99,9.99,2000,24000,24000,0.34215825287784907,104968,93000,61938,1116000,743256,0,1023.4086137190859,6087436.541141135,6333015.2886249265,0.0021130270324647427,0.21277621388435364,0.0004758405266329646,0.0,0.0013802934991,81158,0.4722185432910919,-0.22877395153045654,30969,845.4703369140625,0.3494076132774353,371628,999.0,0.004419018980115652,12.0,1.0,340.79459707775453,0.0,0.0,371628,999.0,1.0,12.0,0.0013802934991,0.0393447157605,30969,23810,340.79415482154235,1.0067000971034235,0.19846261113053146,50,24100,100,2,2.0,10.5,6.443808643106422e-05,0.00015309940001917484,12.0,9.5,10.08,0.0023105193908850197,600,1.0067000971034235,0.0003387156629813517,2,10.08,0.00023390410969942725,100,0.0005379832262699691,10.08,1200,1200,100,2.057146744694208e-05,6.984458375780787e-06,4.4887597679835805e-05,7.69878404508325e-06,3.3988919199731346e-05,0.00016171575592490602,2.966575370804342e-05,2.9973797133248365e-05,1.6820371674271355e-05,2.239327543890248e-05,5.10878835453596e-05,0.057678886260788195,0.007037423192258011,0.05645165399780068,0.17342014096608624,0.030060887288517673,0.016445952475825577,0.00018571308649646833,0.19780753552913666,-0.003422220004722476,1.0,0.4722185730934143,-0.018257498741149902,108066,81.21356964111328,0.005040287040174007,0.3463194,1296792,498.0,361.0,372.0,108066,0.0,1296792,498.0,372.0,361.0,651000,216132,7812000,2593584,11329.179835257695,4.893219067164701e-05,6.260082109723139e-05,9.085547408809088e-06,1.0411707307685838e-05,2.8157479087720628e-05,0.00022100132925900238,4.319268682432677e-05,3.138275174335209e-05,7.305280009467041e-05,4.302199785035533e-05,2.415199137246483e-05
1,26000,False,13,d2a96_00000,2025-08-17_20-49-41,1755463781,93.09137034416199,1221.0498039722443,686047,intrinsic-attention2,10.156.0.3,1221.0498039722443,13,93.2390931701578,1.4893436373574565e-05,93.23880897765635,2.7619429237767714,90.12406280481241,0.0022750749057071423,12.0,9.5,1.0067001111073661,2.727824076095318,10.07,0.001843403849779861,0.0002549519995227456,2,2.0,10.5,1000,26000,13000,5.6205824337242145e-05,0.0001284781058116601,2000,2,1.0067001111073661,642.3334246209427,2000.0,3000.0,"[array([-1.7558143, -1.7558143, -1.7558143], dtype=float32), array([-1.7694756, -1.7694756, -1.7694756], dtype=float32), array([-1.7775974, -1.7775974, -1.7775974], dtype=float32), array([-1.7866876, -1.7866876, -1.7866876], dtype=float32), array([-1.7974697, -1.7974697, -1.7974697], dtype=float32), array([-1.8094732, -1.8094732, -1.8094732], dtype=float32), array([-1.8235035, -1.8235035, -1.8235035], dtype=float32), array([-1.8411126, -1.8411126, -1.8411126], dtype=float32), array([-1.8635142, -1.8635142, -1.8635142], dtype=float32), array([-1.8872945, -1.8872945, -1.8872945], dtype=float32), array([-1.9184817, -1.9184817, -1.9184817], dtype=float32), array([-1.9743578, -1.9743578, -1.9743578], dtype=float32), array([-2.058227, -2.058227, -2.058227], dtype=float32), array([-2.1324482, -2.1324482, -2.1324482], dtype=float32), array([-2.1975656, -2.1975656, -2.1975656], dtype=float32), array([-2.2881472, -2.2881472, -2.2881472], dtype=float32), array([-2.3703809, -2.3703809, -2.3703809], dtype=float32), array([-2.4649851, -2.4649851, -2.4649851], dtype=float32), array([-2.5502257, -2.5502257, -2.5502257], dtype=float32), array([-2.6276495, -2.6276495, -2.6276495], dtype=float32), array([-2.7002726, -2.7002726, -2.7002726], dtype=float32), array([-2.7678208, -2.7678208, -2.7678208], dtype=float32), array([-2.8328109, -2.8328109, -2.8328109], dtype=float32), array([-2.8926847, -2.8926847, -2.8926847], dtype=float32), array([-2.9471598, -2.9471598, -2.9471598], dtype=float32), array([-2.9999692, -2.9999692, -2.9999692], dtype=float32), array([-3.0486133, -3.0486133, -3.0486133], dtype=float32), array([-3.104332, -3.104332, -3.104332], dtype=float32), array([-3.1594088, -3.1594088, -3.1594088], dtype=float32), array([-3.2136502, -3.2136502, -3.2136502], dtype=float32), array([-3.2635057, -3.2635057, -3.2635057], dtype=float32)]","[array([-1.7558146, -1.7558146, -1.7558146], dtype=float32), array([-1.7694752, -1.7694752, -1.7694752], dtype=float32), array([nan, nan, nan], dtype=float32), array([-1.7866875, -1.7866875, -1.7866875], dtype=float32), array([-1.7974691, -1.7974691, -1.7974691], dtype=float32), array([nan, nan, nan], dtype=float32), array([-1.823504, -1.823504, -1.823504], dtype=float32), array([nan, nan, nan], dtype=float32), array([nan, nan, nan], dtype=float32), array([-1.8872945, -1.8872945, -1.8872945], dtype=float32), array([-1.9184817, -1.9184817, -1.9184817], dtype=float32), array([nan, nan, nan], dtype=float32), array([-2.0582266, -2.0582266, -2.0582266], dtype=float32), array([nan, nan, nan], dtype=float32), array([-2.1975658, -2.1975658, -2.1975658], dtype=float32), array([-2.2881472, -2.2881472, -2.2881472], dtype=float32), array([-2.370381, -2.370381, -2.370381], dtype=float32), array([nan, nan, nan], dtype=float32), array([-2.550226, -2.550226, -2.550226], dtype=float32), array([nan, nan, nan], dtype=float32), array([nan, nan, nan], dtype=float32), array([-2.7678204, -2.7678204, -2.7678204], dtype=float32), array([nan, nan, nan], dtype=float32), array([-2.8926847, -2.8926847, -2.8926847], dtype=float32), array([-2.94716, -2.94716, -2.94716], dtype=float32), array([-2.9999692, -2.9999692, -2.9999692], dtype=float32), array([nan, nan, nan], dtype=float32), array([-3.104332, -3.104332, -3.104332], dtype=float32), array([nan, nan, nan], dtype=float32), array([-3.2136505, -3.2136505, -3.2136505], dtype=float32), array([-3.263506, -3.263506, -3.263506], dtype=float32)]","[array([[3.9641392e-01, 7.8849485e-03, 5.9570110e-01],
       [2.1254383e-01, 7.1870380e-07, 7.8745538e-01],
       [4.1370225e-01, 2.0287842e-02, 5.6600988e-01]], dtype=float32), array([[3.9874381e-01, 8.9975279e-03, 5.9225863e-01],
       [2.1923335e-01, 1.1340920e-06, 7.8076553e-01],
       [4.1495946e-01, 2.2450756e-02, 5.6258982e-01]], dtype=float32), array([[4.0384978e-01, 2.4287777e-02, 5.7186246e-01],
       [2.1502134e-01, 6.1357387e-06, 7.8497249e-01],
       [4.1416737e-01, 6.4216249e-02, 5.2161634e-01]], dtype=float32), array([[4.0369582e-01, 1.3125739e-02, 5.8317846e-01],
       [2.3664011e-01, 4.3299565e-06, 7.6335561e-01],
       [4.1704395e-01, 3.0279106e-02, 5.5267692e-01]], dtype=float32), array([[4.9890348e-01, 1.1519119e-02, 4.8957738e-01],
       [5.1613230e-01, 1.3001277e-06, 4.8386642e-01],
       [4.9921623e-01, 1.1011622e-02, 4.8977223e-01]], dtype=float32), array([[4.0239540e-01, 2.8237313e-02, 5.6936729e-01],
       [2.2197452e-01, 1.5033263e-05, 7.7801043e-01],
       [4.1141307e-01, 7.1514040e-02, 5.1707292e-01]], dtype=float32), array([[3.8482407e-01, 1.3031088e-02, 6.0214484e-01],
       [2.0584691e-01, 7.5807911e-06, 7.9414546e-01],
       [4.0449917e-01, 3.3771701e-02, 5.6172913e-01]], dtype=float32), array([[5.5579269e-01, 2.4108158e-02, 4.2009917e-01],
       [7.7062744e-01, 9.6995268e-07, 2.2937150e-01],
       [5.8389360e-01, 9.9733453e-03, 4.0613309e-01]], dtype=float32), array([[4.8088554e-01, 2.8274566e-02, 4.9083990e-01],
       [4.7958064e-01, 5.9278059e-06, 5.2041346e-01],
       [4.8013276e-01, 3.0012649e-02, 4.8985463e-01]], dtype=float32), array([[4.0060294e-01, 3.0364476e-02, 5.6903255e-01],
       [2.2323191e-01, 2.3357630e-05, 7.7674478e-01],
       [4.0931424e-01, 7.5998940e-02, 5.1468682e-01]], dtype=float32), array([[4.0021878e-01, 3.0949757e-02, 5.6883150e-01],
       [2.2358961e-01, 2.5905963e-05, 7.7638453e-01],
       [4.0881038e-01, 7.7236161e-02, 5.1395351e-01]], dtype=float32), array([[3.8011047e-01, 1.2221549e-02, 6.0766804e-01],
       [2.0062056e-01, 8.0141272e-06, 7.9937142e-01],
       [4.0137407e-01, 3.2164913e-02, 5.6646097e-01]], dtype=float32), array([[5.5534303e-01, 1.9978959e-02, 4.2467800e-01],
       [7.5358611e-01, 7.2434966e-07, 2.4641317e-01],
       [5.7822335e-01, 8.8948729e-03, 4.1288170e-01]], dtype=float32), array([[2.9460084e-01, 1.2506490e-02, 6.9289267e-01],
       [8.3642781e-02, 1.2076822e-05, 9.1634512e-01],
       [3.6383277e-01, 7.1945220e-02, 5.6422204e-01]], dtype=float32), array([[1.5026289e-01, 4.2700963e-03, 8.4546703e-01],
       [2.1139646e-02, 7.7965442e-06, 9.7885257e-01],
       [3.0697647e-01, 7.1790308e-02, 6.2123322e-01]], dtype=float32), array([[3.4059736e-01, 2.7177392e-03, 6.5668488e-01],
       [1.5461047e-01, 5.7541689e-07, 8.4538889e-01],
       [3.7091836e-01, 8.3935773e-03, 6.2068808e-01]], dtype=float32), array([[2.2840412e-01, 2.4714884e-03, 7.6912445e-01],
       [5.0232537e-02, 8.7439105e-07, 9.4976658e-01],
       [3.1441298e-01, 1.9102687e-02, 6.6648436e-01]], dtype=float32), array([[3.8268271e-01, 4.8367241e-03, 6.1248058e-01],
       [1.9250534e-01, 3.1421928e-07, 8.0749434e-01],
       [4.0387684e-01, 1.3378410e-02, 5.8274472e-01]], dtype=float32), array([[2.0909439e-01, 1.3363373e-03, 7.8956926e-01],
       [3.7871186e-02, 1.7202585e-07, 9.6212864e-01],
       [3.0026108e-01, 1.2910665e-02, 6.8682820e-01]], dtype=float32), array([[6.60849139e-02, 1.35621300e-03, 9.32558894e-01],
       [3.84718226e-03, 1.10197175e-06, 9.96151745e-01],
       [3.01068395e-01, 1.13370284e-01, 5.85561275e-01]], dtype=float32), array([[3.4183231e-01, 2.2067078e-03, 6.5596104e-01],
       [1.2897599e-01, 4.9262592e-08, 8.7102395e-01],
       [3.7683931e-01, 8.5613867e-03, 6.1459929e-01]], dtype=float32), array([[2.1487337e-01, 2.4041699e-03, 7.8272247e-01],
       [2.7795408e-02, 1.1983747e-07, 9.7220451e-01],
       [3.3250129e-01, 3.5721939e-02, 6.3177675e-01]], dtype=float32), array([[3.63000602e-01, 1.62260048e-03, 6.35376811e-01],
       [1.52949899e-01, 1.00063815e-08, 8.47050071e-01],
       [3.89433384e-01, 5.50773321e-03, 6.05058789e-01]], dtype=float32), array([[3.7270087e-01, 5.9826486e-03, 6.2131649e-01],
       [1.2955864e-01, 2.6547980e-08, 8.7044138e-01],
       [4.0522397e-01, 2.6214959e-02, 5.6856114e-01]], dtype=float32), array([[1.9762491e-01, 1.2753659e-03, 8.0109978e-01],
       [1.9098904e-02, 1.3099592e-08, 9.8090106e-01],
       [3.2411891e-01, 2.6501421e-02, 6.4937967e-01]], dtype=float32), array([[5.9081984e-01, 1.6505263e-03, 4.0752953e-01],
       [8.1934971e-01, 3.2877583e-11, 1.8065025e-01],
       [6.0874569e-01, 5.4358650e-04, 3.9071077e-01]], dtype=float32), array([[4.2077109e-01, 3.2586281e-04, 5.7890302e-01],
       [2.7096054e-01, 6.0510930e-11, 7.2903949e-01],
       [4.2792863e-01, 6.4810505e-04, 5.7142329e-01]], dtype=float32), array([[2.0474693e-01, 7.9661899e-04, 7.9445642e-01],
       [1.7137872e-02, 1.0886548e-09, 9.8286211e-01],
       [3.2606873e-01, 1.8751059e-02, 6.5518022e-01]], dtype=float32), array([[3.6279142e-01, 2.8488149e-03, 6.3435972e-01],
       [1.0222307e-01, 6.6772315e-10, 8.9777696e-01],
       [4.0142664e-01, 1.5832683e-02, 5.8274066e-01]], dtype=float32), array([[6.3064396e-02, 1.3118492e-04, 9.3680447e-01],
       [1.7003509e-03, 7.8362605e-10, 9.9829966e-01],
       [2.4621420e-01, 2.0242825e-02, 7.3354298e-01]], dtype=float32), array([[2.0296752e-01, 5.4986849e-05, 7.9697746e-01],
       [2.9551664e-02, 2.3144592e-11, 9.7044837e-01],
       [2.6601586e-01, 6.0271303e-04, 7.3338145e-01]], dtype=float32)]",1,0,0,0,0,0,56.51353383458646,64.69774436090225,2000,0.00019638307304649415,0.0004559092276064067,10.07,10.07,2000,26000,26000,0.3418948012190675,104968,93000,61938,1209000,805194,0,1023.5515268448842,6086695.573682421,6337342.196829121,0.003169540548697114,0.36578109860420227,-0.07535301148891449,0.0,0.0013802934991,81158,0.4722185432910919,-1.0,30969,133.3623046875,0.27363288402557373,402597,999.0,0.13440047204494476,13.0,1.0,340.8422083586117,0.0,0.0,402597,999.0,1.0,13.0,0.0013802934991,0.0393447157605,30969,23810,340.84178307426066,1.0067001080061695,0.1984532672192271,50,26100,100,2,2.0,10.5,6.493021999179681e-05,0.00016462918795883967,13.0,-10.5,7.88,0.0023671326698968187,650,1.0067001080061695,0.00033726950628831624,2,7.88,0.00024582190620460833,100,0.0005599272658008286,7.88,1300,1300,100,2.416014687219557e-05,8.149276535791468e-06,5.285727059898617e-05,8.921998863587764e-06,4.115069951463683e-05,0.00018851560890543605,3.607634667131278e-05,3.717522801811516e-05,2.1200262919867867e-05,2.734957514071372e-05,6.249243359585049e-05,0.05763954353825914,0.007028990440279356,0.056369625377766776,0.1733061765363684,0.030055322515544543,0.01643116730102656,0.00018546932559975775,0.34902507066726685,-0.10121212154626846,1.0,0.4722185730934143,-1.0,108066,74.97463989257812,0.265289306640625,0.2900327,1404858,498.0,391.0,403.0,108066,0.0,1404858,498.0,403.0,391.0,651000,216132,8463000,2809716,11232.059648441136,5.152006033612281e-05,6.708927432615585e-05,9.586264334605094e-06,1.0444546454363303e-05,2.899452738565625e-05,0.00022800551318197314,4.460851468632736e-05,3.242402715794323e-05,7.617840583513798e-05,4.5490117552385645e-05,2.4888099218214197e-05
1,28000,False,14,d2a96_00000,2025-08-17_20-51-15,1755463875,93.79805707931519,1314.8478610515594,686047,intrinsic-attention2,10.156.0.3,1314.8478610515594,14,93.24267289371625,1.486498197262734e-05,93.24238808500986,2.7635521979090307,90.12362937444425,0.0022713307366189163,13.0,-10.5,1.0067001111073661,2.7292504440344283,6.18,0.002450976649852237,0.0002549519995227456,2,2.0,10.5,1000,28000,14000,6.562079233709724e-05,0.00016874447867366556,2000,2,1.0067001111073661,629.7180836818045,2000.0,3000.0,"[array([-3.31289, -3.31289, -3.31289], dtype=float32), array([-3.3644717, -3.3644717, -3.3644717], dtype=float32), array([-3.412903, -3.412903, -3.412903], dtype=float32), array([-3.45969, -3.45969, -3.45969], dtype=float32), array([-3.5028536, -3.5028536, -3.5028536], dtype=float32), array([-3.5479658, -3.5479658, -3.5479658], dtype=float32), array([-3.5892706, -3.5892706, -3.5892706], dtype=float32), array([-3.6299524, -3.6299524, -3.6299524], dtype=float32), array([-3.6671495, -3.6671495, -3.6671495], dtype=float32), array([-3.7067606, -3.7067606, -3.7067606], dtype=float32), array([-3.7438543, -3.7438543, -3.7438543], dtype=float32), array([-3.7793314, -3.7793314, -3.7793314], dtype=float32), array([-3.8115513, -3.8115513, -3.8115513], dtype=float32), array([-3.8456845, -3.8456845, -3.8456845], dtype=float32), array([-3.8819387, -3.8819387, -3.8819387], dtype=float32), array([-3.91513, -3.91513, -3.91513], dtype=float32), array([-3.9463072, -3.9463072, -3.9463072], dtype=float32), array([-3.974824, -3.974824, -3.974824], dtype=float32), array([-4.0057874, -4.0057874, -4.0057874], dtype=float32), array([-4.0374312, -4.0374312, -4.0374312], dtype=float32), array([-4.066487, -4.066487, -4.066487], dtype=float32), array([-4.0946155, -4.0946155, -4.0946155], dtype=float32), array([-4.1207495, -4.1207495, -4.1207495], dtype=float32), array([-4.1445427, -4.1445427, -4.1445427], dtype=float32), array([-4.168362, -4.168362, -4.168362], dtype=float32), array([-4.1903462, -4.1903462, -4.1903462], dtype=float32), array([-4.2102966, -4.2102966, -4.2102966], dtype=float32), array([-4.2289166, -4.2289166, -4.2289166], dtype=float32), array([-4.2458572, -4.2458572, -4.2458572], dtype=float32), array([-4.259307, -4.259307, -4.259307], dtype=float32), array([-4.2729483, -4.2729483, -4.2729483], dtype=float32)]","[array([-3.3128898, -3.3128898, -3.3128898], dtype=float32), array([-3.3644717, -3.3644717, -3.3644717], dtype=float32), array([-3.412903, -3.412903, -3.412903], dtype=float32), array([-3.4596899, -3.4596899, -3.4596899], dtype=float32), array([-3.5028536, -3.5028536, -3.5028536], dtype=float32), array([-3.5479658, -3.5479658, -3.5479658], dtype=float32), array([-3.5892704, -3.5892704, -3.5892704], dtype=float32), array([-3.6299524, -3.6299524, -3.6299524], dtype=float32), array([-3.6671495, -3.6671495, -3.6671495], dtype=float32), array([-3.7067606, -3.7067606, -3.7067606], dtype=float32), array([-3.743854, -3.743854, -3.743854], dtype=float32), array([-3.7793314, -3.7793314, -3.7793314], dtype=float32), array([-3.8115513, -3.8115513, -3.8115513], dtype=float32), array([-3.8456843, -3.8456843, -3.8456843], dtype=float32), array([-3.8819387, -3.8819387, -3.8819387], dtype=float32), array([-3.9151301, -3.9151301, -3.9151301], dtype=float32), array([-3.9463072, -3.9463072, -3.9463072], dtype=float32), array([-3.974824, -3.974824, -3.974824], dtype=float32), array([-4.0057874, -4.0057874, -4.0057874], dtype=float32), array([-4.037431, -4.037431, -4.037431], dtype=float32), array([-4.0664864, -4.0664864, -4.0664864], dtype=float32), array([-4.094616, -4.094616, -4.094616], dtype=float32), array([-4.1207495, -4.1207495, -4.1207495], dtype=float32), array([-4.1445427, -4.1445427, -4.1445427], dtype=float32), array([-4.1683617, -4.1683617, -4.1683617], dtype=float32), array([-4.190346, -4.190346, -4.190346], dtype=float32), array([-4.210296, -4.210296, -4.210296], dtype=float32), array([-4.2289166, -4.2289166, -4.2289166], dtype=float32), array([-4.2458572, -4.2458572, -4.2458572], dtype=float32), array([-4.259307, -4.259307, -4.259307], dtype=float32), array([-4.2729483, -4.2729483, -4.2729483], dtype=float32)]","[array([[1.0281183e-04, 9.9924147e-01, 6.5570016e-04],
       [8.7651026e-01, 5.2959855e-05, 1.2343677e-01],
       [4.5752819e-03, 9.8190653e-01, 1.3518273e-02]], dtype=float32), array([[1.0897551e-05, 9.9975771e-01, 2.3144083e-04],
       [9.3816918e-01, 3.5879915e-05, 6.1794914e-02],
       [3.4475510e-03, 9.8092812e-01, 1.5624426e-02]], dtype=float32), array([[1.50696815e-05, 9.99685764e-01, 2.99233041e-04],
       [9.33228076e-01, 5.17088702e-05, 6.67202473e-02],
       [4.09473805e-03, 9.78025496e-01, 1.78797618e-02]], dtype=float32), array([[1.9248566e-01, 1.2220453e-03, 8.0629230e-01],
       [1.7193453e-02, 1.0691973e-08, 9.8280656e-01],
       [3.2411057e-01, 2.8079737e-02, 6.4780974e-01]], dtype=float32), array([[2.2306514e-01, 1.7714129e-03, 7.7516347e-01],
       [2.5262747e-02, 1.7529093e-08, 9.7473723e-01],
       [3.3813176e-01, 2.9813947e-02, 6.3205427e-01]], dtype=float32), array([[4.6898634e-04, 9.9740571e-01, 2.1253871e-03],
       [8.3011198e-01, 2.6436662e-04, 1.6962358e-01],
       [1.0065252e-02, 9.6517968e-01, 2.4755055e-02]], dtype=float32), array([[3.6553072e-04, 9.9767345e-01, 1.9610603e-03],
       [8.4405476e-01, 2.9403661e-04, 1.5565121e-01],
       [1.0262798e-02, 9.6281981e-01, 2.6917368e-02]], dtype=float32), array([[2.3299485e-01, 2.5852208e-03, 7.6441991e-01],
       [3.0938851e-02, 6.6585784e-08, 9.6906114e-01],
       [3.4310520e-01, 3.6344580e-02, 6.2055022e-01]], dtype=float32), array([[3.8301495e-01, 9.0091210e-04, 6.1608404e-01],
       [2.0173073e-01, 4.9885847e-09, 7.9826927e-01],
       [3.9927951e-01, 2.3104514e-03, 5.9841001e-01]], dtype=float32), array([[5.7750527e-04, 9.9651742e-01, 2.9051171e-03],
       [8.2974041e-01, 5.4841832e-04, 1.6971125e-01],
       [1.3573550e-02, 9.5232010e-01, 3.4106348e-02]], dtype=float32), array([[3.1854394e-01, 1.2718334e-03, 6.8018425e-01],
       [1.0842846e-01, 2.3607001e-08, 8.9157146e-01],
       [3.5846135e-01, 5.5113612e-03, 6.3602728e-01]], dtype=float32), array([[2.2666453e-01, 5.2206084e-04, 7.7281338e-01],
       [4.9305711e-02, 2.1350509e-08, 9.5069432e-01],
       [2.9274961e-01, 3.8131736e-03, 7.0343727e-01]], dtype=float32), array([[2.1694069e-01, 3.4687843e-03, 7.7959055e-01],
       [3.0343022e-02, 4.1439452e-07, 9.6965665e-01],
       [3.3666542e-01, 4.7870558e-02, 6.1546409e-01]], dtype=float32), array([[0.00145236, 0.99295956, 0.00558805],
       [0.78995264, 0.00125349, 0.20879386],
       [0.01992824, 0.93595856, 0.04411314]], dtype=float32), array([[2.5193280e-01, 5.0867321e-03, 7.4298042e-01],
       [4.4966277e-02, 7.3121765e-07, 9.5503300e-01],
       [3.5065946e-01, 5.0989199e-02, 5.9835130e-01]], dtype=float32), array([[3.5939950e-01, 2.5293007e-03, 6.3807124e-01],
       [1.6316892e-01, 1.2076680e-07, 8.3683097e-01],
       [3.8603127e-01, 7.8479117e-03, 6.0612077e-01]], dtype=float32), array([[2.2399893e-01, 4.6801609e-03, 7.7132094e-01],
       [3.5733387e-02, 1.1906088e-06, 9.6426547e-01],
       [3.3934051e-01, 5.5562768e-02, 6.0509676e-01]], dtype=float32), array([[4.1864890e-01, 2.6179017e-03, 5.7873321e-01],
       [2.7945039e-01, 9.9903325e-08, 7.2054952e-01],
       [4.2732510e-01, 4.9841641e-03, 5.6769073e-01]], dtype=float32), array([[2.6864122e-04, 9.9683952e-01, 2.8917894e-03],
       [8.6524194e-01, 1.3452597e-03, 1.3341281e-01],
       [1.7450189e-02, 9.2750978e-01, 5.5040095e-02]], dtype=float32), array([[4.8064300e-01, 6.9053778e-03, 5.1245159e-01],
       [4.4481146e-01, 1.8815847e-07, 5.5518830e-01],
       [4.8066205e-01, 8.0842339e-03, 5.1125371e-01]], dtype=float32), array([[1.2096300e-01, 2.4980581e-03, 8.7653893e-01],
       [1.2680484e-02, 2.4995882e-06, 9.8731703e-01],
       [2.9599774e-01, 6.5681100e-02, 6.3832122e-01]], dtype=float32), array([[2.2969468e-01, 5.9885187e-03, 7.6431680e-01],
       [4.0804073e-02, 2.8263883e-06, 9.5919311e-01],
       [3.4119496e-01, 6.2842168e-02, 5.9596282e-01]], dtype=float32), array([[4.1621462e-01, 3.3511587e-03, 5.8043426e-01],
       [2.7727401e-01, 2.5736000e-07, 7.2272569e-01],
       [4.2540073e-01, 6.4018345e-03, 5.6819737e-01]], dtype=float32), array([[3.6344573e-01, 3.7761184e-03, 6.3277811e-01],
       [1.7575201e-01, 5.2126757e-07, 8.2424748e-01],
       [3.8885039e-01, 1.0882630e-02, 6.0026705e-01]], dtype=float32), array([[3.2685643e-01, 3.1943822e-03, 6.6994911e-01],
       [1.3015808e-01, 6.2297738e-07, 8.6984122e-01],
       [3.6518985e-01, 1.1636778e-02, 6.2317342e-01]], dtype=float32), array([[5.2147359e-01, 7.5309277e-03, 4.7099549e-01],
       [5.8808935e-01, 2.1520162e-07, 4.1191047e-01],
       [5.2386194e-01, 5.8668940e-03, 4.7027108e-01]], dtype=float32), array([[0.00218005, 0.9886165 , 0.00920346],
       [0.7767193 , 0.00363493, 0.21964581],
       [0.02975285, 0.90378255, 0.06646452]], dtype=float32), array([[1.9791515e-01, 1.6914177e-03, 8.0039340e-01],
       [4.1527666e-02, 9.3761935e-07, 9.5847142e-01],
       [2.8778923e-01, 1.4036661e-02, 6.9817412e-01]], dtype=float32), array([[2.4314368e-01, 1.6375968e-03, 7.5521874e-01],
       [6.7810610e-02, 6.4486812e-07, 9.3218875e-01],
       [3.0798131e-01, 9.1804722e-03, 6.8283820e-01]], dtype=float32), array([[2.4311280e-01, 1.6700689e-03, 7.5521719e-01],
       [6.8022832e-02, 6.8805463e-07, 9.3197644e-01],
       [3.0803135e-01, 9.3327118e-03, 6.8263602e-01]], dtype=float32), array([[1.2985848e-01, 3.5608821e-03, 8.6658061e-01],
       [1.6154047e-02, 6.7117435e-06, 9.8383927e-01],
       [3.0051413e-01, 7.5206652e-02, 6.2427920e-01]], dtype=float32)]",1,0,0,0,0,0,56.1723880597015,64.69925373134329,2000,0.00024758758815791876,0.0005676112189108616,6.18,6.18,2000,28000,28000,0.34429349136695564,104968,93000,61938,1302000,867132,0,1023.6544418917953,6079915.061706088,6335441.491957368,0.004754310939460993,0.22669272124767303,-0.06955042481422424,0.0,0.0013802934991,81158,0.4680899381637573,-0.2062002420425415,30969,441.9933776855469,0.27662673592567444,433566,999.0,0.10611654818058014,14.0,1.0,340.876498727786,0.0,0.0,433566,999.0,1.0,14.0,0.0013802934991,0.0393447157605,30969,23810,340.87608848225733,1.0067001104206028,0.19828598835703914,50,28100,100,2,2.0,10.5,6.287919835638841e-05,0.00015244040182027063,14.0,-10.5,7.08,0.002336534480564296,700,1.0067001104206028,0.00033601009114108066,2,7.08,0.00023082545597585873,100,0.0005262236211756037,7.08,1400,1400,100,2.8532978298438418e-05,1.016862497651076e-05,6.793677611240059e-05,1.0407921525130876e-05,5.1121364041788556e-05,0.00022666693306506379,4.549471392379878e-05,4.769513911530059e-05,2.5692241428703514e-05,3.3068796125425535e-05,7.881346627537777e-05,0.058035775552831875,0.0070701165758940655,0.056664413773932526,0.17465052873098635,0.030251205010367863,0.0165485657480507,0.00018567594227695693,0.2679641544818878,-0.05939927324652672,1.0,0.4722185730934143,-0.07327795028686523,108066,78.26336669921875,0.012195544317364693,0.29139236,1512924,498.0,421.0,434.0,108066,0.0,1512924,498.0,434.0,421.0,651000,216132,9114000,3025848,11135.834013650985,4.846378774401156e-05,6.25101133145987e-05,9.17537379705478e-06,1.018159565797464e-05,2.7611356868541517e-05,0.0002148479297155318,4.2066341975312204e-05,3.083246748669505e-05,7.262712244309919e-05,4.265663546084559e-05,2.405404220235297e-05
1,30000,False,15,d2a96_00000,2025-08-17_20-52-53,1755463973,97.98981642723083,1412.8376774787903,686047,intrinsic-attention2,10.156.0.3,1412.8376774787903,15,93.28810731991906,1.4866472120346352e-05,93.2878211137098,2.7702071973998974,90.16065730910978,0.0022678146091885997,14.0,-10.5,1.0067001111073661,2.735763918784013,9.34,0.0017483683393220417,0.0002549519995227456,2,2.0,10.5,1000,30000,15000,5.7167796081884383e-05,0.00013053731537422908,2000,2,1.0067001111073661,616.8114275837735,2000.0,3000.0,"[array([-4.284866, -4.284866, -4.284866], dtype=float32), array([-4.2952456, -4.2952456, -4.2952456], dtype=float32), array([-4.304443, -4.304443, -4.304443], dtype=float32), array([-4.3162684, -4.3162684, -4.3162684], dtype=float32), array([-4.32718, -4.32718, -4.32718], dtype=float32), array([-4.336777, -4.336777, -4.336777], dtype=float32), array([-4.3454857, -4.3454857, -4.3454857], dtype=float32), array([-4.352561, -4.352561, -4.352561], dtype=float32), array([-4.3576517, -4.3576517, -4.3576517], dtype=float32), array([-4.363488, -4.363488, -4.363488], dtype=float32), array([-4.368744, -4.368744, -4.368744], dtype=float32), array([-4.373418, -4.373418, -4.373418], dtype=float32), array([-4.374757, -4.374757, -4.374757], dtype=float32), array([-4.374755, -4.374755, -4.374755], dtype=float32), array([-4.375091, -4.375091, -4.375091], dtype=float32), array([-4.375312, -4.375312, -4.375312], dtype=float32), array([-4.3748555, -4.3748555, -4.3748555], dtype=float32), array([-4.3708987, -4.3708987, -4.3708987], dtype=float32), array([-4.3673773, -4.3673773, -4.3673773], dtype=float32), array([-4.364418, -4.364418, -4.364418], dtype=float32), array([-4.361244, -4.361244, -4.361244], dtype=float32), array([-4.357949, -4.357949, -4.357949], dtype=float32), array([-4.3518414, -4.3518414, -4.3518414], dtype=float32), array([-4.3502307, -4.3502307, -4.3502307], dtype=float32), array([-4.349648, -4.349648, -4.349648], dtype=float32), array([-4.348747, -4.348747, -4.348747], dtype=float32), array([-4.346751, -4.346751, -4.346751], dtype=float32), array([-4.344964, -4.344964, -4.344964], dtype=float32), array([-4.342559, -4.342559, -4.342559], dtype=float32), array([-4.338624, -4.338624, -4.338624], dtype=float32), array([-4.334682, -4.334682, -4.334682], dtype=float32)]","[array([-4.2848654, -4.2848654, -4.2848654], dtype=float32), array([-4.2952447, -4.2952447, -4.2952447], dtype=float32), array([-4.304443, -4.304443, -4.304443], dtype=float32), array([-4.3162684, -4.3162684, -4.3162684], dtype=float32), array([-4.3271804, -4.3271804, -4.3271804], dtype=float32), array([-4.336777, -4.336777, -4.336777], dtype=float32), array([-4.3454857, -4.3454857, -4.3454857], dtype=float32), array([-4.35256, -4.35256, -4.35256], dtype=float32), array([-4.3576527, -4.3576527, -4.3576527], dtype=float32), array([-4.3634887, -4.3634887, -4.3634887], dtype=float32), array([-4.368744, -4.368744, -4.368744], dtype=float32), array([-4.3734183, -4.3734183, -4.3734183], dtype=float32), array([-4.374758, -4.374758, -4.374758], dtype=float32), array([-4.374754, -4.374754, -4.374754], dtype=float32), array([-4.3750906, -4.3750906, -4.3750906], dtype=float32), array([-4.375312, -4.375312, -4.375312], dtype=float32), array([-4.3748565, -4.3748565, -4.3748565], dtype=float32), array([-4.370899, -4.370899, -4.370899], dtype=float32), array([-4.3673773, -4.3673773, -4.3673773], dtype=float32), array([-4.3644176, -4.3644176, -4.3644176], dtype=float32), array([-4.361244, -4.361244, -4.361244], dtype=float32), array([-4.35795, -4.35795, -4.35795], dtype=float32), array([-4.3518424, -4.3518424, -4.3518424], dtype=float32), array([-4.350231, -4.350231, -4.350231], dtype=float32), array([-4.3496485, -4.3496485, -4.3496485], dtype=float32), array([-4.348747, -4.348747, -4.348747], dtype=float32), array([-4.3467507, -4.3467507, -4.3467507], dtype=float32), array([-4.344965, -4.344965, -4.344965], dtype=float32), array([-4.3425584, -4.3425584, -4.3425584], dtype=float32), array([-4.338625, -4.338625, -4.338625], dtype=float32), array([-4.3346825, -4.3346825, -4.3346825], dtype=float32)]","[array([[4.7525188e-01, 8.9658452e-03, 5.1578230e-01],
       [4.3180788e-01, 7.1148236e-07, 5.6819135e-01],
       [4.7531807e-01, 1.0872096e-02, 5.1380986e-01]], dtype=float32), array([[3.7601638e-01, 1.9384582e-02, 6.0459906e-01],
       [1.6404532e-01, 6.3036896e-06, 8.3594835e-01],
       [3.9999267e-01, 6.5351702e-02, 5.3465557e-01]], dtype=float32), array([[2.3491690e-01, 7.8476630e-03, 7.5723547e-01],
       [4.6959519e-02, 7.4993304e-06, 9.5303303e-01],
       [3.4235191e-01, 7.2005592e-02, 5.8564258e-01]], dtype=float32), array([[2.6871279e-01, 9.6875951e-03, 7.2159958e-01],
       [6.3283056e-02, 7.3221904e-06, 9.3670970e-01],
       [3.5518882e-01, 7.0582457e-02, 5.7422864e-01]], dtype=float32), array([[4.7468877e-01, 9.0744793e-03, 5.1623678e-01],
       [4.3030751e-01, 7.7012476e-07, 5.6969172e-01],
       [4.7477230e-01, 1.1048897e-02, 5.1417881e-01]], dtype=float32), array([[1.9953838e-01, 1.8655659e-03, 7.9859608e-01],
       [4.3253880e-02, 1.2745220e-06, 9.5674485e-01],
       [2.8892055e-01, 1.4929094e-02, 6.9615030e-01]], dtype=float32), array([[4.7475314e-01, 9.0460731e-03, 5.1620084e-01],
       [4.3039590e-01, 7.5024826e-07, 5.6960338e-01],
       [4.7483620e-01, 1.1012593e-02, 5.1415122e-01]], dtype=float32), array([[2.6886919e-01, 9.6010836e-03, 7.2152972e-01],
       [6.3018456e-02, 6.9539610e-06, 9.3697459e-01],
       [3.5538110e-01, 7.0310511e-02, 5.7430840e-01]], dtype=float32), array([[3.7660256e-01, 1.9484114e-02, 6.0391331e-01],
       [1.6465059e-01, 6.2138165e-06, 8.3534318e-01],
       [4.0028492e-01, 6.5520450e-02, 5.3419465e-01]], dtype=float32), array([[2.3658633e-01, 7.8249229e-03, 7.5558871e-01],
       [4.7234081e-02, 6.9797757e-06, 9.5275897e-01],
       [3.4321791e-01, 7.1695551e-02, 5.8508658e-01]], dtype=float32), array([[2.3678137e-01, 7.8088515e-03, 7.5540978e-01],
       [4.7226831e-02, 6.8679547e-06, 9.5276630e-01],
       [3.4333366e-01, 7.1600921e-02, 5.8506542e-01]], dtype=float32), array([[1.3193494e-01, 3.6784355e-03, 8.6438668e-01],
       [1.6600767e-02, 6.9871171e-06, 9.8339224e-01],
       [3.0176508e-01, 7.6071560e-02, 6.2216336e-01]], dtype=float32), array([[3.7721473e-01, 1.9284444e-02, 6.0350090e-01],
       [1.6463882e-01, 5.6686076e-06, 8.3535546e-01],
       [4.0075979e-01, 6.4975932e-02, 5.3426433e-01]], dtype=float32), array([[2.0015451e-01, 1.8027726e-03, 7.9804277e-01],
       [4.2777233e-02, 1.0833104e-06, 9.5722163e-01],
       [2.8959695e-01, 1.4638915e-02, 6.9576418e-01]], dtype=float32), array([[4.7576314e-01, 8.8506509e-03, 5.1538616e-01],
       [4.3282032e-01, 6.1413232e-07, 5.6717908e-01],
       [4.7581559e-01, 1.0707639e-02, 5.1347679e-01]], dtype=float32), array([[4.7596335e-01, 8.8121947e-03, 5.1522452e-01],
       [4.3334204e-01, 5.9423871e-07, 5.6665742e-01],
       [4.7600991e-01, 1.0646170e-02, 5.1334387e-01]], dtype=float32), array([[3.2929417e-01, 3.6037171e-03, 6.6710210e-01],
       [1.3413160e-01, 8.8694378e-07, 8.6586756e-01],
       [3.6697894e-01, 1.2797349e-02, 6.2022370e-01]], dtype=float32), array([[3.7832400e-01, 3.3494798e-03, 6.1832654e-01],
       [2.0811783e-01, 5.4223682e-07, 7.9188162e-01],
       [3.9720696e-01, 8.1870491e-03, 5.9460604e-01]], dtype=float32), array([[2.4339841e-01, 1.6650268e-03, 7.5493664e-01],
       [6.7476578e-02, 6.4053637e-07, 9.3252271e-01],
       [3.0866954e-01, 9.4082905e-03, 6.8192214e-01]], dtype=float32), array([[3.6453173e-01, 4.3887678e-03, 6.3107949e-01],
       [1.7912996e-01, 8.4989642e-07, 8.2086915e-01],
       [3.8971776e-01, 1.2419793e-02, 5.9786242e-01]], dtype=float32), array([[4.75925326e-01, 8.84307921e-03, 5.15231669e-01],
       [4.33159500e-01, 5.88515263e-07, 5.66839933e-01],
       [4.75970566e-01, 1.06903855e-02, 5.13338983e-01]], dtype=float32), array([[4.75904107e-01, 8.88087507e-03, 5.15214980e-01],
       [4.33133096e-01, 5.95158781e-07, 5.66866219e-01],
       [4.75946814e-01, 1.07370475e-02, 5.13316154e-01]], dtype=float32), array([[0.01354707, 0.96165675, 0.02479623],
       [0.65795624, 0.00578926, 0.33625454],
       [0.0447477 , 0.88690346, 0.06834879]], dtype=float32), array([[1.3212982e-01, 3.6043422e-03, 8.6426580e-01],
       [1.6442379e-02, 6.4344617e-06, 9.8355120e-01],
       [3.0191925e-01, 7.5318560e-02, 6.2276220e-01]], dtype=float32), array([[2.4427293e-01, 1.7394816e-03, 7.5398761e-01],
       [6.8708688e-02, 7.4207389e-07, 9.3129057e-01],
       [3.0918676e-01, 9.6683027e-03, 6.8114495e-01]], dtype=float32), array([[4.7493961e-01, 9.0751909e-03, 5.1598513e-01],
       [4.3074092e-01, 7.1211196e-07, 5.6925839e-01],
       [4.7501034e-01, 1.1041168e-02, 5.1394850e-01]], dtype=float32), array([[3.7678501e-01, 1.9390561e-02, 6.0382444e-01],
       [1.6487527e-01, 6.0892858e-06, 8.3511865e-01],
       [4.0042812e-01, 6.5132365e-02, 5.3443956e-01]], dtype=float32), array([[3.7741497e-01, 3.5119415e-03, 6.1907309e-01],
       [2.0846267e-01, 6.9601219e-07, 7.9153657e-01],
       [3.9644024e-01, 8.5393740e-03, 5.9502035e-01]], dtype=float32), array([[2.3642716e-01, 7.8630522e-03, 7.5570977e-01],
       [4.7505509e-02, 7.2936064e-06, 9.5248717e-01],
       [3.4290892e-01, 7.1536891e-02, 5.8555418e-01]], dtype=float32), array([[3.2752544e-01, 3.8161695e-03, 6.6865838e-01],
       [1.3435416e-01, 1.2048051e-06, 8.6564463e-01],
       [3.6565548e-01, 1.3445721e-02, 6.2089878e-01]], dtype=float32), array([[0.01383131, 0.96058935, 0.02557929],
       [0.6543673 , 0.00696538, 0.33866736],
       [0.04550977, 0.8845159 , 0.06997443]], dtype=float32)]",1,0,0,0,0,0,56.55827338129496,64.71007194244605,2000,0.00020407052966478912,0.00046354542688629535,9.34,9.34,2000,30000,30000,0.34604531664320165,104968,93000,61938,1395000,929070,0,1022.6577848712611,6066868.633420526,6327049.209274259,0.0023771554697304964,0.24239037930965424,-0.026038911193609238,0.0,0.0013802934991,81158,0.4722185432910919,-0.12984788417816162,30969,2358.157470703125,0.3228594660758972,464535,999.0,0.005492574069648981,15.0,1.0,340.5446351803929,0.0,0.0,464535,999.0,1.0,15.0,0.0013802934991,0.0393447157605,30969,23810,340.5442487800909,1.0067001109552822,0.19815885626356694,50,30100,100,2,2.0,10.5,6.292294438469517e-05,0.0001513667525735123,15.0,-9.5,9.28,0.0022607576416339725,750,1.0067001109552822,0.00033472939023076364,2,9.28,0.00022979699927262268,100,0.000527311756138549,9.28,1500,1500,100,2.4520286143476642e-05,8.37668777462258e-06,5.669142833562955e-05,9.228588539156436e-06,4.191262519819407e-05,0.00019235036270136546,3.590027033991366e-05,3.6356543941504843e-05,2.104534800415835e-05,2.713045492332661e-05,6.380653464616894e-05,0.05835338224742681,0.007103637980069916,0.056952491016212525,0.17550602797373033,0.030413247710188173,0.01663747231065591,0.00018588998296441945,0.23300857841968536,-0.04278356581926346,1.0,0.4722185730934143,-0.05440235137939453,108066,68.13082122802734,0.004887762945145369,0.30688503,1620990,498.0,451.0,465.0,108066,0.0,1620990,498.0,465.0,451.0,651000,216132,9765000,3241980,11035.098547258774,4.828285441494681e-05,6.214039956858879e-05,9.042551993729074e-06,1.0094440648740737e-05,2.7757068271272667e-05,0.00021492464533374918,4.2324218661104926e-05,3.158333844632077e-05,7.222163936355904e-05,4.323000747987238e-05,2.4504071141599994e-05
1,32000,False,16,d2a96_00000,2025-08-17_20-54-25,1755464065,91.99795389175415,1504.8356313705444,686047,intrinsic-attention2,10.156.0.3,1504.8356313705444,16,93.27369400315995,1.4836627279442158e-05,93.27340711590271,2.770005981585794,90.14656408207868,0.0022681648931017835,15.0,-10.5,1.0067001111073661,2.7356077322460695,9.21,0.0016348715593630914,0.0002549519995227456,2,2.0,10.5,1000,32000,16000,4.970939339661721e-05,0.00010572069342984051,2000,2,1.0067001111073661,603.6724838999309,2000.0,3000.0,"[array([-4.330998, -4.330998, -4.330998], dtype=float32), array([-4.32748, -4.32748, -4.32748], dtype=float32), array([-4.32372, -4.32372, -4.32372], dtype=float32), array([-4.320465, -4.320465, -4.320465], dtype=float32), array([-4.3176885, -4.3176885, -4.3176885], dtype=float32), array([-4.3149366, -4.3149366, -4.3149366], dtype=float32), array([-4.3114243, -4.3114243, -4.3114243], dtype=float32), array([-4.3075867, -4.3075867, -4.3075867], dtype=float32), array([-4.2907486, -4.2907486, -4.2907486], dtype=float32), array([-4.2750616, -4.2750616, -4.2750616], dtype=float32), array([-4.2611585, -4.2611585, -4.2611585], dtype=float32), array([-4.2485895, -4.2485895, -4.2485895], dtype=float32), array([-4.2358503, -4.2358503, -4.2358503], dtype=float32), array([-4.2249293, -4.2249293, -4.2249293], dtype=float32), array([-4.215065, -4.215065, -4.215065], dtype=float32), array([-4.203979, -4.203979, -4.203979], dtype=float32), array([-4.1936913, -4.1936913, -4.1936913], dtype=float32), array([-4.184295, -4.184295, -4.184295], dtype=float32), array([-4.175148, -4.175148, -4.175148], dtype=float32), array([-4.166749, -4.166749, -4.166749], dtype=float32), array([-4.1588893, -4.1588893, -4.1588893], dtype=float32), array([-4.1503973, -4.1503973, -4.1503973], dtype=float32), array([-4.131149, -4.131149, -4.131149], dtype=float32), array([-4.114219, -4.114219, -4.114219], dtype=float32), array([-4.0971303, -4.0971303, -4.0971303], dtype=float32), array([-4.081615, -4.081615, -4.081615], dtype=float32), array([-4.067283, -4.067283, -4.067283], dtype=float32), array([-4.053154, -4.053154, -4.053154], dtype=float32), array([-4.026772, -4.026772, -4.026772], dtype=float32), array([-4.003666, -4.003666, -4.003666], dtype=float32), array([-3.9820623, -3.9820623, -3.9820623], dtype=float32)]","[array([-4.330998, -4.330998, -4.330998], dtype=float32), array([-4.3274794, -4.3274794, -4.3274794], dtype=float32), array([-4.3237205, -4.3237205, -4.3237205], dtype=float32), array([-4.3204646, -4.3204646, -4.3204646], dtype=float32), array([-4.3176885, -4.3176885, -4.3176885], dtype=float32), array([-4.314936, -4.314936, -4.314936], dtype=float32), array([-4.3114243, -4.3114243, -4.3114243], dtype=float32), array([-4.307587, -4.307587, -4.307587], dtype=float32), array([-4.2907486, -4.2907486, -4.2907486], dtype=float32), array([-4.275061, -4.275061, -4.275061], dtype=float32), array([-4.261159, -4.261159, -4.261159], dtype=float32), array([-4.24859, -4.24859, -4.24859], dtype=float32), array([-4.2358494, -4.2358494, -4.2358494], dtype=float32), array([-4.2249284, -4.2249284, -4.2249284], dtype=float32), array([-4.215065, -4.215065, -4.215065], dtype=float32), array([-4.203979, -4.203979, -4.203979], dtype=float32), array([-4.1936913, -4.1936913, -4.1936913], dtype=float32), array([-4.184295, -4.184295, -4.184295], dtype=float32), array([-4.1751475, -4.1751475, -4.1751475], dtype=float32), array([-4.1667495, -4.1667495, -4.1667495], dtype=float32), array([-4.158888, -4.158888, -4.158888], dtype=float32), array([-4.150397, -4.150397, -4.150397], dtype=float32), array([-4.131149, -4.131149, -4.131149], dtype=float32), array([-4.114219, -4.114219, -4.114219], dtype=float32), array([-4.0971303, -4.0971303, -4.0971303], dtype=float32), array([-4.0816145, -4.0816145, -4.0816145], dtype=float32), array([-4.0672827, -4.0672827, -4.0672827], dtype=float32), array([-4.053153, -4.053153, -4.053153], dtype=float32), array([-4.0267735, -4.0267735, -4.0267735], dtype=float32), array([-4.003666, -4.003666, -4.003666], dtype=float32), array([-3.9820619, -3.9820619, -3.9820619], dtype=float32)]","[array([[2.3580424e-01, 7.9165436e-03, 7.5627917e-01],
       [4.7569308e-02, 7.7077821e-06, 9.5242298e-01],
       [3.4250140e-01, 7.1782589e-02, 5.8571601e-01]], dtype=float32), array([[3.7557843e-01, 1.9526739e-02, 6.0489488e-01],
       [1.6438384e-01, 6.8397176e-06, 8.3560938e-01],
       [3.9963424e-01, 6.5577768e-02, 5.3478795e-01]], dtype=float32), array([[2.4240655e-01, 1.8116167e-03, 7.5578183e-01],
       [6.8867691e-02, 9.2909903e-07, 9.3113136e-01],
       [3.0769190e-01, 9.9719744e-03, 6.8233609e-01]], dtype=float32), array([[3.7540761e-01, 1.9694060e-02, 6.0489827e-01],
       [1.6461515e-01, 7.2060866e-06, 8.3537763e-01],
       [3.9944085e-01, 6.5996133e-02, 5.3456295e-01]], dtype=float32), array([[4.1093680e-01, 4.3516513e-03, 5.8471155e-01],
       [2.7081245e-01, 7.6828837e-07, 7.2918671e-01],
       [4.2118597e-01, 8.4402682e-03, 5.7037377e-01]], dtype=float32), array([[0.01409863, 0.95975643, 0.02614492],
       [0.65285224, 0.00750483, 0.33964288],
       [0.04621624, 0.88262415, 0.07115957]], dtype=float32), array([[3.2607234e-01, 3.8888175e-03, 6.7003882e-01],
       [1.3404062e-01, 1.3947391e-06, 8.6595803e-01],
       [3.6454493e-01, 1.3668756e-02, 6.2178636e-01]], dtype=float32), array([[5.1392573e-01, 8.4954333e-03, 4.7757885e-01],
       [5.6205982e-01, 4.8818623e-07, 4.3793973e-01],
       [5.1540715e-01, 7.1436982e-03, 4.7744915e-01]], dtype=float32), array([[3.7355569e-01, 3.5800757e-03, 6.2286425e-01],
       [2.0377830e-01, 8.4848563e-07, 7.9622084e-01],
       [3.9358491e-01, 8.8391947e-03, 5.9757590e-01]], dtype=float32), array([[2.3530403e-01, 7.9739466e-03, 7.5672203e-01],
       [4.7686119e-02, 8.1365461e-06, 9.5230573e-01],
       [3.4213471e-01, 7.1997657e-02, 5.8586764e-01]], dtype=float32), array([[2.3517329e-01, 7.8912470e-03, 7.5693542e-01],
       [4.7436714e-02, 7.8152107e-06, 9.5255542e-01],
       [3.4213975e-01, 7.1625203e-02, 5.8623499e-01]], dtype=float32), array([[2.6768333e-01, 9.5882425e-03, 7.2272843e-01],
       [6.3003972e-02, 7.4069344e-06, 9.3698859e-01],
       [3.5458750e-01, 6.9960594e-02, 5.7545191e-01]], dtype=float32), array([[3.7489155e-01, 1.9266279e-02, 6.0584217e-01],
       [1.6326723e-01, 6.6697753e-06, 8.3672613e-01],
       [3.9937767e-01, 6.5088831e-02, 5.3553355e-01]], dtype=float32), array([[2.3871785e-01, 1.7447657e-03, 7.5953746e-01],
       [6.6581637e-02, 8.9163763e-07, 9.3341750e-01],
       [3.0518982e-01, 9.8283188e-03, 6.8498182e-01]], dtype=float32), array([[2.6730841e-01, 9.6333669e-03, 7.2305816e-01],
       [6.3075051e-02, 7.6982715e-06, 9.3691725e-01],
       [3.5433125e-01, 7.0122592e-02, 5.7554615e-01]], dtype=float32), array([[1.9760120e-01, 1.8856407e-03, 8.0051315e-01],
       [4.3383900e-02, 1.4798089e-06, 9.5661461e-01],
       [2.8688028e-01, 1.4900463e-02, 6.9821918e-01]], dtype=float32), array([[3.7392372e-01, 1.9794831e-02, 6.0628140e-01],
       [1.6362788e-01, 8.0469663e-06, 8.3636409e-01],
       [3.9851955e-01, 6.6506669e-02, 5.3497374e-01]], dtype=float32), array([[4.7348873e-04, 9.9390960e-01, 5.6169499e-03],
       [8.6940533e-01, 2.3379538e-03, 1.2825666e-01],
       [3.3360891e-02, 8.7084621e-01, 9.5792852e-02]], dtype=float32), array([[3.7348303e-01, 2.0298082e-02, 6.0621887e-01],
       [1.6445838e-01, 9.3685212e-06, 8.3553231e-01],
       [3.9797920e-01, 6.7700706e-02, 5.3432006e-01]], dtype=float32), array([[3.7326524e-01, 2.0541500e-02, 6.0619324e-01],
       [1.6485249e-01, 1.0071493e-05, 8.3513743e-01],
       [3.9771619e-01, 6.8274237e-02, 5.3400952e-01]], dtype=float32), array([[3.2325396e-01, 4.1275010e-03, 6.7261857e-01],
       [1.3387254e-01, 1.9991080e-06, 8.6612546e-01],
       [3.6240265e-01, 1.4387951e-02, 6.2320942e-01]], dtype=float32), array([[2.3549971e-01, 8.8545308e-03, 7.5564575e-01],
       [5.0240148e-02, 1.2846171e-05, 9.4974697e-01],
       [3.4129369e-01, 7.5601839e-02, 5.8310449e-01]], dtype=float32), array([[3.72642905e-01, 2.11111829e-02, 6.06245816e-01],
       [1.65767893e-01, 1.20150635e-05, 8.34220052e-01],
       [3.97032589e-01, 6.95777237e-02, 5.33389688e-01]], dtype=float32), array([[2.6864958e-01, 1.0997590e-02, 7.2035283e-01],
       [6.7582428e-02, 1.3707702e-05, 9.3240386e-01],
       [3.5361633e-01, 7.4482590e-02, 5.7190108e-01]], dtype=float32), array([[5.0810295e-01, 9.0130195e-03, 4.8288405e-01],
       [5.4196310e-01, 8.8434433e-07, 4.5803604e-01],
       [5.0897467e-01, 8.0288546e-03, 4.8299643e-01]], dtype=float32), array([[3.6076099e-01, 5.2514793e-03, 6.3398755e-01],
       [1.8220630e-01, 2.3371854e-06, 8.1779140e-01],
       [3.8638943e-01, 1.4364984e-02, 5.9924555e-01]], dtype=float32), array([[3.7157154e-01, 2.1279626e-02, 6.0714889e-01],
       [1.6560544e-01, 1.3447066e-05, 8.3438110e-01],
       [3.9629924e-01, 6.9981262e-02, 5.3371954e-01]], dtype=float32), array([[3.7124565e-01, 2.1116825e-02, 6.0763758e-01],
       [1.6508164e-01, 1.3241243e-05, 8.3490509e-01],
       [3.9619261e-01, 6.9635175e-02, 5.3417218e-01]], dtype=float32), array([[2.3824820e-01, 2.2087628e-03, 7.5954300e-01],
       [7.0500083e-02, 2.1191299e-06, 9.2949778e-01],
       [3.0476111e-01, 1.1684619e-02, 6.8355429e-01]], dtype=float32), array([[3.6044270e-01, 5.4431339e-03, 6.3411415e-01],
       [1.8383673e-01, 2.8805962e-06, 8.1616044e-01],
       [3.8593575e-01, 1.4707545e-02, 5.9935677e-01]], dtype=float32), array([[3.6027652e-01, 5.5091870e-03, 6.3421428e-01],
       [1.8438126e-01, 3.1045658e-06, 8.1561565e-01],
       [3.8573074e-01, 1.4821924e-02, 5.9944731e-01]], dtype=float32)]",1,0,0,0,0,0,56.509090909090915,64.73484848484848,2000,0.0001683294547502774,0.0003861805369132591,9.21,9.21,2000,32000,32000,0.34593913556684286,104968,93000,61938,1488000,991008,0,1022.9062903833327,6065881.586345105,6328731.276679929,0.0023771554697304964,0.17793065309524536,-0.016633309423923492,0.0,0.0013802934991,81158,0.4722185432910919,0.006907045841217041,30969,2552.812744140625,0.33234918117523193,495504,999.0,0.008923705667257309,16.0,1.0,340.62741380251384,0.0,0.0,495504,999.0,1.0,16.0,0.0013802934991,0.0393447157605,30969,23810,340.62705170361494,1.0067001110736886,0.19750588483098822,50,32100,100,2,2.0,10.5,5.105867426832269e-05,0.0001152657146491798,16.0,-9.5,9.88,0.001958635470655281,800,1.0067001110736886,0.0003329255663174298,2,9.88,0.00017989688643963654,100,0.00041944654653752967,9.88,1600,1600,100,2.0974597081005924e-05,7.160840164460142e-06,4.67601822530603e-05,7.857621108390691e-06,3.4875933533035306e-05,0.00016248124401827118,3.0492661016905382e-05,3.0550296673252666e-05,1.7116248759252147e-05,2.3097013686119823e-05,5.227900013973308e-05,0.058347073545021305,0.007107035420242127,0.05687073437615482,0.17550584486401702,0.030400198203156713,0.01662707289744843,0.0001857393730632767,0.16970403492450714,-0.02087268978357315,1.0,0.4722185730934143,-0.04952406883239746,108066,68.38629913330078,0.016623949632048607,0.33076435,1729056,498.0,481.0,496.0,108066,0.0,1729056,498.0,496.0,481.0,651000,216132,10416000,3458112,10950.886959851321,3.81035644411207e-05,4.893459781101127e-05,7.1032546916901196e-06,8.315826490648546e-06,2.2211116835741322e-05,0.00017611181884187352,3.311452916479102e-05,2.5266484216590437e-05,5.545603180788627e-05,3.3726217398821664e-05,1.925022661154078e-05
1,34000,False,17,d2a96_00000,2025-08-17_20-56-03,1755464163,97.75142478942871,1602.5870561599731,686047,intrinsic-attention2,10.156.0.3,1602.5870561599731,17,93.31641787012839,1.4832661116650343e-05,93.31612971402363,2.769503742229923,90.19009823919785,0.0022647988141233618,16.0,-10.5,1.0067001111073661,2.735144381253579,9.51,0.0015637816693924833,0.0002549519995227456,2,2.0,10.5,1000,34000,17000,4.7059195867063465e-05,9.930912236970825e-05,2000,2,1.0067001111073661,590.3597413728621,2000.0,3000.0,"[array([-3.962464, -3.962464, -3.962464], dtype=float32), array([-3.9425461, -3.9425461, -3.9425461], dtype=float32), array([-3.9260895, -3.9260895, -3.9260895], dtype=float32), array([-3.9152286, -3.9152286, -3.9152286], dtype=float32), array([-3.905091, -3.905091, -3.905091], dtype=float32), array([-3.8970573, -3.8970573, -3.8970573], dtype=float32), array([-3.8897164, -3.8897164, -3.8897164], dtype=float32), array([-3.8827019, -3.8827019, -3.8827019], dtype=float32), array([-3.876899, -3.876899, -3.876899], dtype=float32), array([-3.871522, -3.871522, -3.871522], dtype=float32), array([-3.8657799, -3.8657799, -3.8657799], dtype=float32), array([-3.8619685, -3.8619685, -3.8619685], dtype=float32), array([-3.8591683, -3.8591683, -3.8591683], dtype=float32), array([-3.8539588, -3.8539588, -3.8539588], dtype=float32), array([-3.851116, -3.851116, -3.851116], dtype=float32), array([-3.846665, -3.846665, -3.846665], dtype=float32), array([-3.8451087, -3.8451087, -3.8451087], dtype=float32), array([-3.8432846, -3.8432846, -3.8432846], dtype=float32), array([-3.8424911, -3.8424911, -3.8424911], dtype=float32), array([-3.8454938, -3.8454938, -3.8454938], dtype=float32), array([-3.8488736, -3.8488736, -3.8488736], dtype=float32), array([-3.8513672, -3.8513672, -3.8513672], dtype=float32), array([-3.854073, -3.854073, -3.854073], dtype=float32), array([-3.8554533, -3.8554533, -3.8554533], dtype=float32), array([-3.856044, -3.856044, -3.856044], dtype=float32), array([-3.8550222, -3.8550222, -3.8550222], dtype=float32), array([-3.8529932, -3.8529932, -3.8529932], dtype=float32), array([-3.8516264, -3.8516264, -3.8516264], dtype=float32), array([-3.8472295, -3.8472295, -3.8472295], dtype=float32), array([-3.8428645, -3.8428645, -3.8428645], dtype=float32), array([-3.838878, -3.838878, -3.838878], dtype=float32)]","[array([-3.962465, -3.962465, -3.962465], dtype=float32), array([-3.9425457, -3.9425457, -3.9425457], dtype=float32), array([-3.9260898, -3.9260898, -3.9260898], dtype=float32), array([-3.9152284, -3.9152284, -3.9152284], dtype=float32), array([-3.9050915, -3.9050915, -3.9050915], dtype=float32), array([-3.897057, -3.897057, -3.897057], dtype=float32), array([-3.8897154, -3.8897154, -3.8897154], dtype=float32), array([-3.8827019, -3.8827019, -3.8827019], dtype=float32), array([-3.876898, -3.876898, -3.876898], dtype=float32), array([-3.8715224, -3.8715224, -3.8715224], dtype=float32), array([-3.8657799, -3.8657799, -3.8657799], dtype=float32), array([-3.8619685, -3.8619685, -3.8619685], dtype=float32), array([-3.8591685, -3.8591685, -3.8591685], dtype=float32), array([-3.8539584, -3.8539584, -3.8539584], dtype=float32), array([-3.851116, -3.851116, -3.851116], dtype=float32), array([-3.8466651, -3.8466651, -3.8466651], dtype=float32), array([-3.8451087, -3.8451087, -3.8451087], dtype=float32), array([-3.8432846, -3.8432846, -3.8432846], dtype=float32), array([nan, nan, nan], dtype=float32), array([-3.845494, -3.845494, -3.845494], dtype=float32), array([-3.8488739, -3.8488739, -3.8488739], dtype=float32), array([-3.8513668, -3.8513668, -3.8513668], dtype=float32), array([-3.8540733, -3.8540733, -3.8540733], dtype=float32), array([-3.8554533, -3.8554533, -3.8554533], dtype=float32), array([-3.8560433, -3.8560433, -3.8560433], dtype=float32), array([-3.8550224, -3.8550224, -3.8550224], dtype=float32), array([-3.852993, -3.852993, -3.852993], dtype=float32), array([-3.8516262, -3.8516262, -3.8516262], dtype=float32), array([-3.8472295, -3.8472295, -3.8472295], dtype=float32), array([-3.842864, -3.842864, -3.842864], dtype=float32), array([-3.8388772, -3.8388772, -3.8388772], dtype=float32)]","[array([[3.1880367e-01, 4.5615085e-03, 6.7663485e-01],
       [1.3401043e-01, 3.5804849e-06, 8.6598599e-01],
       [3.5894251e-01, 1.5636925e-02, 6.2542063e-01]], dtype=float32), array([[2.3285705e-01, 1.0064673e-02, 7.5707823e-01],
       [5.2458446e-02, 2.3513716e-05, 9.4751799e-01],
       [3.3917567e-01, 8.1443280e-02, 5.7938099e-01]], dtype=float32), array([[2.3270677e-01, 1.0194873e-02, 7.5709832e-01],
       [5.2665658e-02, 2.4780742e-05, 9.4730955e-01],
       [3.3906317e-01, 8.2124859e-02, 5.7881194e-01]], dtype=float32), array([[4.6522596e-01, 1.0259588e-02, 5.2451438e-01],
       [4.0784517e-01, 2.8905934e-06, 5.9215194e-01],
       [4.6578625e-01, 1.3228077e-02, 5.2098566e-01]], dtype=float32), array([[3.5954469e-01, 5.7678604e-03, 6.3468742e-01],
       [1.8636717e-01, 4.1303392e-06, 8.1362873e-01],
       [3.8487411e-01, 1.5269689e-02, 5.9985626e-01]], dtype=float32), array([[2.6989126e-01, 1.3092163e-02, 7.1701658e-01],
       [7.3017135e-02, 2.7892256e-05, 9.2695498e-01],
       [3.5272768e-01, 8.1762806e-02, 5.6550950e-01]], dtype=float32), array([[2.7009144e-01, 1.3308928e-02, 7.1659958e-01],
       [7.3586948e-02, 2.9730403e-05, 9.2638338e-01],
       [3.5267273e-01, 8.2457192e-02, 5.6487000e-01]], dtype=float32), array([[3.1521523e-01, 4.8437640e-03, 6.7994106e-01],
       [1.3378514e-01, 5.2504174e-06, 8.6620963e-01],
       [3.5612276e-01, 1.6425805e-02, 6.2745148e-01]], dtype=float32), array([[3.1512496e-01, 4.9769874e-03, 6.7989802e-01],
       [1.3435608e-01, 5.8045421e-06, 8.6563808e-01],
       [3.5604027e-01, 1.6791949e-02, 6.2716782e-01]], dtype=float32), array([[1.9873078e-01, 2.8806143e-03, 7.9838854e-01],
       [5.1263191e-02, 7.1003419e-06, 9.4872969e-01],
       [2.8577089e-01, 1.9082084e-02, 6.9514710e-01]], dtype=float32), array([[8.97434307e-04, 9.89636242e-01, 9.46632959e-03],
       [8.22982192e-01, 7.49928551e-03, 1.69518456e-01],
       [3.94612104e-02, 8.49749744e-01, 1.10789046e-01]], dtype=float32), array([[2.0035861e-01, 3.1392146e-03, 7.9650217e-01],
       [5.3068448e-02, 9.0385738e-06, 9.4692254e-01],
       [2.8695369e-01, 2.0180136e-02, 6.9286615e-01]], dtype=float32), array([[4.6116352e-01, 1.1956581e-02, 5.2687991e-01],
       [4.0068540e-01, 6.4424985e-06, 5.9930813e-01],
       [4.6183550e-01, 1.5675789e-02, 5.2248871e-01]], dtype=float32), array([[2.7385959e-01, 1.6071690e-02, 7.1006876e-01],
       [8.1326909e-02, 5.9786817e-05, 9.1861331e-01],
       [3.5248482e-01, 9.0115622e-02, 5.5739957e-01]], dtype=float32), array([[3.6091179e-01, 7.4755279e-03, 6.3161272e-01],
       [1.9531552e-01, 1.0741246e-05, 8.0467373e-01],
       [3.8530391e-01, 1.8787857e-02, 5.9590816e-01]], dtype=float32), array([[3.6087251e-01, 7.5717694e-03, 6.3155574e-01],
       [1.9572890e-01, 1.1328437e-05, 8.0425978e-01],
       [3.8523275e-01, 1.8977979e-02, 5.9578925e-01]], dtype=float32), array([[3.1472453e-01, 6.2152864e-03, 6.7906016e-01],
       [1.3927720e-01, 1.2796630e-05, 8.6071002e-01],
       [3.5559487e-01, 2.0113407e-02, 6.2429172e-01]], dtype=float32), array([[3.6086607e-01, 7.7849808e-03, 6.3134891e-01],
       [1.9658133e-01, 1.2598187e-05, 8.0340606e-01],
       [3.8515517e-01, 1.9409599e-02, 5.9543526e-01]], dtype=float32), array([[4.5890808e-01, 1.2948265e-02, 5.2814364e-01],
       [3.9689821e-01, 9.6613885e-06, 6.0309219e-01],
       [4.5964387e-01, 1.7123217e-02, 5.2323288e-01]], dtype=float32), array([[2.0105478e-01, 3.5312506e-03, 7.9541391e-01],
       [5.5470489e-02, 1.3358374e-05, 9.4451618e-01],
       [2.8708488e-01, 2.1701662e-02, 6.9121343e-01]], dtype=float32), array([[3.8951614e-01, 6.7635518e-03, 6.0372031e-01],
       [2.4516399e-01, 7.4453433e-06, 7.5482851e-01],
       [4.0427348e-01, 1.3944587e-02, 5.8178192e-01]], dtype=float32), array([[3.1068224e-01, 5.4910611e-03, 6.8382674e-01],
       [1.3415861e-01, 9.6640024e-06, 8.6583173e-01],
       [3.5268027e-01, 1.8277064e-02, 6.2904274e-01]], dtype=float32), array([[1.3528816e-01, 6.6129202e-03, 8.5809892e-01],
       [2.3772260e-02, 5.4927939e-05, 9.7617280e-01],
       [2.9952380e-01, 9.4785832e-02, 6.0569042e-01]], dtype=float32), array([[3.8656163e-01, 6.0406257e-03, 6.0739779e-01],
       [2.3884892e-01, 5.5696328e-06, 7.6114547e-01],
       [4.0212813e-01, 1.2744346e-02, 5.8512753e-01]], dtype=float32), array([[2.2528583e-01, 1.1278067e-02, 7.6343614e-01],
       [5.3234424e-02, 4.5617515e-05, 9.4671994e-01],
       [3.3478963e-01, 8.7955445e-02, 5.7725489e-01]], dtype=float32), array([[4.6050155e-01, 1.0102833e-02, 5.2939552e-01],
       [3.9750656e-01, 4.4828007e-06, 6.0248893e-01],
       [4.6146974e-01, 1.3347840e-02, 5.2518237e-01]], dtype=float32), array([[2.6538196e-01, 1.3483722e-02, 7.2113431e-01],
       [7.2708435e-02, 3.6818310e-05, 9.2725480e-01],
       [3.5013220e-01, 8.3491042e-02, 5.6637681e-01]], dtype=float32), array([[4.8793891e-01, 8.9871492e-03, 5.0307393e-01],
       [4.7675902e-01, 2.4853205e-06, 5.2323848e-01],
       [4.8777354e-01, 9.5633296e-03, 5.0266320e-01]], dtype=float32), array([[0.00506472, 0.9770785 , 0.01785673],
       [0.7066472 , 0.01453835, 0.27881435],
       [0.04052484, 0.87490577, 0.08456937]], dtype=float32), array([[4.6157387e-01, 9.1005052e-03, 5.2932566e-01],
       [3.9886081e-01, 3.1168966e-06, 6.0113603e-01],
       [4.6257380e-01, 1.1986023e-02, 5.2544016e-01]], dtype=float32), array([[3.5365686e-01, 5.1575811e-03, 6.4118552e-01],
       [1.8191314e-01, 4.1714793e-06, 8.1808275e-01],
       [3.7999588e-01, 1.3745927e-02, 6.0625821e-01]], dtype=float32)]",1,0,0,0,0,0,56.64285714285713,64.75857142857143,2000,0.0001628352470054528,0.0003679694963443008,9.51,9.51,2000,34000,34000,0.3456509245012571,104968,93000,61938,1581000,1052946,0,1021.329674404138,6053446.525887241,6318525.271957619,0.0011885777348652482,0.17349529266357422,-0.01579396054148674,0.0,0.0013802934991,81158,0.4722185432910919,-0.012984395027160645,30969,2394.39013671875,0.33317771553993225,526473,999.0,0.0018008558545261621,17.0,1.0,340.1024173558375,0.0,0.0,526473,999.0,1.0,17.0,0.0013802934991,0.0393447157605,30969,23810,340.10206845720154,1.0067001110999096,0.1973975971726399,50,34100,100,2,2.0,10.5,6.087542405820174e-05,0.00014411861448964734,17.0,-9.5,9.88,0.0019668386898410973,850,1.0067001110999096,0.00033166555065365595,2,9.88,0.00022076984018435503,100,0.0005094993706470444,9.88,1700,1700,100,2.036448729085067e-05,7.018422030828694e-06,4.483683811282254e-05,7.573093114466719e-06,3.369803137543578e-05,0.00015415728350396144,2.8740906483856073e-05,2.8857935253625404e-05,1.6361564812976735e-05,2.1885612058946465e-05,4.94283496027898e-05,0.05829929084953423,0.007102777356063951,0.05677977082235437,0.17538878935539387,0.030377276151116538,0.016620653028401194,0.00018559965932100396,0.17222115397453308,0.0017253950936719775,1.0,0.4722185730934143,-0.0789412260055542,108066,67.9861068725586,0.00213237595744431,0.35103628,1837122,498.0,511.0,527.0,108066,0.0,1837122,498.0,527.0,511.0,651000,216132,11067000,3674244,10856.936057253517,4.640255816391643e-05,5.9465995635002504e-05,8.893067999136083e-06,9.912799138116284e-06,2.6672253889613104e-05,0.0002093932676072352,4.038377789978185e-05,2.9930568525278236e-05,6.926398214379174e-05,4.113380713529932e-05,2.3966426803088857e-05
1,36000,False,18,d2a96_00000,2025-08-17_20-57-37,1755464257,93.96955108642578,1696.556607246399,686047,intrinsic-attention2,10.156.0.3,1696.556607246399,18,93.32127255518718,1.4834684457065868e-05,93.32098296240338,2.7785782012775573,90.18501618005583,0.0022649574060732564,17.0,9.5,1.0067001111073661,2.7440928854810025,9.98,0.0022270617001049686,0.0002549519995227456,2,2.0,10.5,1000,36000,18000,6.336732165616318e-05,0.0001493259082282378,2000,2,1.0067001111073661,576.9197264425693,2000.0,3000.0,"[array([-3.8361967, -3.8361967, -3.8361967], dtype=float32), array([-3.8336186, -3.8336186, -3.8336186], dtype=float32), array([-3.831341, -3.831341, -3.831341], dtype=float32), array([-3.8306515, -3.8306515, -3.8306515], dtype=float32), array([-3.8310704, -3.8310704, -3.8310704], dtype=float32), array([-3.8327181, -3.8327181, -3.8327181], dtype=float32), array([-3.8341634, -3.8341634, -3.8341634], dtype=float32), array([-3.83678, -3.83678, -3.83678], dtype=float32), array([-3.8385348, -3.8385348, -3.8385348], dtype=float32), array([-3.8397558, -3.8397558, -3.8397558], dtype=float32), array([-3.839108, -3.839108, -3.839108], dtype=float32), array([-3.8387458, -3.8387458, -3.8387458], dtype=float32), array([-3.8403773, -3.8403773, -3.8403773], dtype=float32), array([-3.8414466, -3.8414466, -3.8414466], dtype=float32), array([-3.8440137, -3.8440137, -3.8440137], dtype=float32), array([-3.8490953, -3.8490953, -3.8490953], dtype=float32), array([-3.8536644, -3.8536644, -3.8536644], dtype=float32), array([-3.8597488, -3.8597488, -3.8597488], dtype=float32), array([-3.867005, -3.867005, -3.867005], dtype=float32), array([-3.8732421, -3.8732421, -3.8732421], dtype=float32), array([-3.880349, -3.880349, -3.880349], dtype=float32), array([-3.8873377, -3.8873377, -3.8873377], dtype=float32), array([-3.8939471, -3.8939471, -3.8939471], dtype=float32), array([-3.9008138, -3.9008138, -3.9008138], dtype=float32), array([-3.9070506, -3.9070506, -3.9070506], dtype=float32), array([-3.9143555, -3.9143555, -3.9143555], dtype=float32), array([-3.921314, -3.921314, -3.921314], dtype=float32), array([-3.9258583, -3.9258583, -3.9258583], dtype=float32), array([-3.9312444, -3.9312444, -3.9312444], dtype=float32), array([-3.9377096, -3.9377096, -3.9377096], dtype=float32), array([-3.9422948, -3.9422948, -3.9422948], dtype=float32)]","[array([-3.836197, -3.836197, -3.836197], dtype=float32), array([-3.8336184, -3.8336184, -3.8336184], dtype=float32), array([-3.831341, -3.831341, -3.831341], dtype=float32), array([-3.8306515, -3.8306515, -3.8306515], dtype=float32), array([-3.8310702, -3.8310702, -3.8310702], dtype=float32), array([-3.832718, -3.832718, -3.832718], dtype=float32), array([-3.8341627, -3.8341627, -3.8341627], dtype=float32), array([-3.8367796, -3.8367796, -3.8367796], dtype=float32), array([-3.8385348, -3.8385348, -3.8385348], dtype=float32), array([-3.8397553, -3.8397553, -3.8397553], dtype=float32), array([-3.8391085, -3.8391085, -3.8391085], dtype=float32), array([-3.8387465, -3.8387465, -3.8387465], dtype=float32), array([-3.8403769, -3.8403769, -3.8403769], dtype=float32), array([-3.8414462, -3.8414462, -3.8414462], dtype=float32), array([-3.8440135, -3.8440135, -3.8440135], dtype=float32), array([-3.849096, -3.849096, -3.849096], dtype=float32), array([-3.8536644, -3.8536644, -3.8536644], dtype=float32), array([nan, nan, nan], dtype=float32), array([-3.8670058, -3.8670058, -3.8670058], dtype=float32), array([-3.8732429, -3.8732429, -3.8732429], dtype=float32), array([-3.88035, -3.88035, -3.88035], dtype=float32), array([-3.8873382, -3.8873382, -3.8873382], dtype=float32), array([-3.893946, -3.893946, -3.893946], dtype=float32), array([-3.9008138, -3.9008138, -3.9008138], dtype=float32), array([nan, nan, nan], dtype=float32), array([-3.9143546, -3.9143546, -3.9143546], dtype=float32), array([-3.9213138, -3.9213138, -3.9213138], dtype=float32), array([-3.9258578, -3.9258578, -3.9258578], dtype=float32), array([-3.9312444, -3.9312444, -3.9312444], dtype=float32), array([-3.9377089, -3.9377089, -3.9377089], dtype=float32), array([-3.942295, -3.942295, -3.942295], dtype=float32)]","[array([[1.8579607e-01, 2.2432031e-03, 8.1196070e-01],
       [4.5149747e-02, 4.8496177e-06, 9.5484537e-01],
       [2.7474394e-01, 1.6052384e-02, 7.0920360e-01]], dtype=float32), array([[2.4048473e-01, 1.2773575e-02, 7.4674171e-01],
       [5.6106023e-02, 3.7431721e-05, 9.4385654e-01],
       [3.4421355e-01, 9.9052750e-02, 5.5673367e-01]], dtype=float32), array([[1.2517366e-01, 5.1221214e-03, 8.6970419e-01],
       [1.9595223e-02, 3.0933377e-05, 9.8037386e-01],
       [2.9473248e-01, 8.6845577e-02, 6.1842197e-01]], dtype=float32), array([[2.6238602e-01, 1.2584249e-02, 7.2502971e-01],
       [6.9946997e-02, 3.0666244e-05, 9.3002236e-01],
       [3.4913960e-01, 8.0573998e-02, 5.7028639e-01]], dtype=float32), array([[3.0370227e-01, 4.1227336e-03, 6.9217503e-01],
       [1.2405670e-01, 4.6055716e-06, 8.7593865e-01],
       [3.4755731e-01, 1.4616690e-02, 6.3782603e-01]], dtype=float32), array([[3.3609641e-01, 3.7901127e-03, 6.6011351e-01],
       [1.6284196e-01, 3.0718284e-06, 8.3715492e-01],
       [3.6646387e-01, 1.0816939e-02, 6.2271923e-01]], dtype=float32), array([[2.1775636e-01, 9.2520881e-03, 7.7299154e-01],
       [4.7073822e-02, 2.6066342e-05, 9.5290005e-01],
       [3.3243540e-01, 8.0545306e-02, 5.8701932e-01]], dtype=float32), array([[1.8273669e-01, 1.9549828e-03, 8.1530833e-01],
       [4.2580929e-02, 3.3679273e-06, 9.5741564e-01],
       [2.7232242e-01, 1.4682142e-02, 7.1299541e-01]], dtype=float32), array([[4.9375567e-01, 7.2782016e-03, 4.9896616e-01],
       [4.9188051e-01, 1.0599786e-06, 5.0811845e-01],
       [4.9368927e-01, 7.4389572e-03, 4.9887174e-01]], dtype=float32), array([[3.0055714e-01, 3.0605209e-03, 6.9638234e-01],
       [1.1655270e-01, 1.8382315e-06, 8.8344544e-01],
       [3.4505305e-01, 1.1494542e-02, 6.4345241e-01]], dtype=float32), array([[2.55604595e-01, 9.75435600e-03, 7.34641075e-01],
       [6.06621839e-02, 1.26479645e-05, 9.39325213e-01],
       [3.48052055e-01, 7.15591982e-02, 5.80388725e-01]], dtype=float32), array([[4.6550077e-01, 6.9258353e-03, 5.2757335e-01],
       [4.0547994e-01, 1.0498121e-06, 5.9451902e-01],
       [4.6642983e-01, 8.9778453e-03, 5.2459234e-01]], dtype=float32), array([[4.9418157e-01, 6.6103591e-03, 4.9920815e-01],
       [4.9212533e-01, 7.2461046e-07, 5.0787395e-01],
       [4.9412334e-01, 6.7524170e-03, 4.9912429e-01]], dtype=float32), array([[3.5010484e-01, 3.8017367e-03, 6.4609343e-01],
       [1.7198998e-01, 1.5752386e-06, 8.2800841e-01],
       [3.7750798e-01, 1.0694102e-02, 6.1179787e-01]], dtype=float32), array([[3.0043265e-01, 2.9831752e-03, 6.9658417e-01],
       [1.1601720e-01, 1.6891479e-06, 8.8398117e-01],
       [3.4493724e-01, 1.1255531e-02, 6.4380723e-01]], dtype=float32), array([[3.0102697e-01, 3.1449180e-03, 6.9582814e-01],
       [1.1729055e-01, 1.9835379e-06, 8.8270742e-01],
       [3.4543255e-01, 1.1749637e-02, 6.4281780e-01]], dtype=float32), array([[1.2056406e-01, 4.2014695e-03, 8.7523448e-01],
       [1.6971959e-02, 1.7565071e-05, 9.8301041e-01],
       [2.9346508e-01, 8.1594206e-02, 6.2494069e-01]], dtype=float32), array([[1.7932363e-01, 1.7012715e-03, 8.1897509e-01],
       [4.0097907e-02, 2.3653408e-06, 9.5989972e-01],
       [2.6949912e-01, 1.3401856e-02, 7.1709901e-01]], dtype=float32), array([[1.1852693e-01, 3.9446261e-03, 8.7752837e-01],
       [1.6143609e-02, 1.4932382e-05, 9.8384142e-01],
       [2.9273686e-01, 8.0194868e-02, 6.2706822e-01]], dtype=float32), array([[2.9888067e-01, 2.9095358e-03, 6.9820976e-01],
       [1.1479288e-01, 1.6475647e-06, 8.8520545e-01],
       [3.4373370e-01, 1.1045599e-02, 6.4522064e-01]], dtype=float32), array([[2.5459659e-01, 9.5140645e-03, 7.3588938e-01],
       [5.9063364e-02, 1.1175527e-05, 9.4092542e-01],
       [3.4823388e-01, 7.1723536e-02, 5.8004254e-01]], dtype=float32), array([[1.7123470e-01, 1.2660200e-03, 8.2749933e-01],
       [3.5311475e-02, 1.1842104e-06, 9.6468741e-01],
       [2.6226336e-01, 1.0961776e-02, 7.2677481e-01]], dtype=float32), array([[1.6896921e-01, 1.1565096e-03, 8.2987428e-01],
       [3.3981010e-02, 9.5171077e-07, 9.6601802e-01],
       [2.6019952e-01, 1.0308425e-02, 7.2949207e-01]], dtype=float32), array([[2.5016996e-01, 8.1675434e-03, 7.4166250e-01],
       [5.3914856e-02, 6.5149184e-06, 9.4607866e-01],
       [3.4737799e-01, 6.7128375e-02, 5.8549362e-01]], dtype=float32), array([[1.8208362e-01, 9.6502766e-04, 8.1695133e-01],
       [3.8926408e-02, 5.3614690e-07, 9.6107304e-01],
       [2.6441473e-01, 7.7115451e-03, 7.2787374e-01]], dtype=float32), array([[1.0658693e-01, 2.5810087e-03, 8.9083201e-01],
       [1.1701750e-02, 4.9196196e-06, 9.8829329e-01],
       [2.8755546e-01, 7.0363969e-02, 6.4208055e-01]], dtype=float32), array([[4.6903822e-01, 4.5514763e-03, 5.2641034e-01],
       [4.1188419e-01, 2.5195291e-07, 5.8811551e-01],
       [4.6993437e-01, 5.8016623e-03, 5.2426404e-01]], dtype=float32), array([[3.5921082e-01, 1.4346314e-02, 6.2644291e-01],
       [1.3611035e-01, 3.0660281e-06, 8.6388654e-01],
       [3.9361098e-01, 5.7212606e-02, 5.4917645e-01]], dtype=float32), array([[3.5889822e-01, 1.3990134e-02, 6.2711167e-01],
       [1.3495930e-01, 2.7498763e-06, 8.6503798e-01],
       [3.9365718e-01, 5.6289487e-02, 5.5005342e-01]], dtype=float32), array([[1.5750515e-01, 7.1724749e-04, 8.4177756e-01],
       [2.7685283e-02, 2.9530216e-07, 9.7231448e-01],
       [2.4958819e-01, 7.4688490e-03, 7.4294293e-01]], dtype=float32), array([[2.8784609e-01, 1.4696999e-03, 7.1068424e-01],
       [9.8257571e-02, 2.3496104e-07, 9.0174216e-01],
       [3.3436057e-01, 6.3457550e-03, 6.5929365e-01]], dtype=float32)]",1,0,0,0,0,0,55.21567164179104,63.14552238805969,2000,0.00022991235567894184,0.0005242754799575597,9.98,9.98,2000,36000,36000,0.34652452495619396,104968,93000,61938,1674000,1114884,0,1020.9504234860211,6052164.7588616535,6322768.376734741,0.0005942888674326241,0.15455594658851624,-0.013943122699856758,0.0,0.0013802934991,81158,0.4722185432910919,-0.07883775234222412,30969,2254.148681640625,0.33505672216415405,557442,999.0,0.00530873890966177,18.0,1.0,339.9761441690586,0.0,0.0,557442,999.0,1.0,18.0,0.0013802934991,0.0393447157605,30969,23810,339.9758058279446,1.0067001111057168,0.19691452021086372,50,36100,100,2,2.0,10.5,5.601896766129354e-05,0.00013280369691230217,18.0,-9.5,9.88,0.002063247249170672,900,1.0067001111057168,0.00033010490517122927,2,9.88,0.00020152127358493078,100,0.00046454771577948445,9.88,1800,1800,100,2.7310259869465977e-05,9.34767489144242e-06,6.312092044875025e-05,1.0267751113696507e-05,4.766806770017216e-05,0.00021313753441473945,4.2165825096701764e-05,4.234216313207788e-05,2.400638026703472e-05,3.070325324054413e-05,7.27954884789147e-05,0.0585869268611316,0.0071406350625069755,0.057049388304166074,0.17567747758184213,0.03036764710955327,0.016617299518127696,0.0001855056527159477,0.15260979533195496,-0.015603717416524887,1.0,0.4722185730934143,-0.042371273040771484,108066,66.68919372558594,0.006090376526117325,0.33436862,1945188,498.0,541.0,558.0,108066,0.0,1945188,498.0,558.0,541.0,651000,216132,11718000,3890376,10776.224385531083,4.1908637990848633e-05,5.551224381829546e-05,7.888519840388736e-06,9.035929641604978e-06,2.4576551272471848e-05,0.00019264343521637365,3.6992034710573894e-05,2.734718704119932e-05,6.277473425425891e-05,3.771199970192686e-05,2.085979499046095e-05
1,38000,False,19,d2a96_00000,2025-08-17_20-59-10,1755464350,93.5057783126831,1790.062385559082,686047,intrinsic-attention2,10.156.0.3,1790.062385559082,19,93.32169420954524,1.4812777603203814e-05,93.32140414728937,2.7775539608448354,90.18672425669529,0.002260168952007883,18.0,9.5,1.0067001111073661,2.7431063193163214,10.02,0.0015959194803144782,0.0002549519995227456,2,2.0,10.5,1000,38000,19000,4.833796523955128e-05,0.00010238132976960212,2000,2,1.0067001111073661,563.4015518379596,2000.0,3000.0,"[array([-3.9470816, -3.9470816, -3.9470816], dtype=float32), array([-3.9503756, -3.9503756, -3.9503756], dtype=float32), array([-3.9529874, -3.9529874, -3.9529874], dtype=float32), array([-3.9553604, -3.9553604, -3.9553604], dtype=float32), array([-3.9574747, -3.9574747, -3.9574747], dtype=float32), array([-3.9595296, -3.9595296, -3.9595296], dtype=float32), array([-3.961631, -3.961631, -3.961631], dtype=float32), array([-3.9639435, -3.9639435, -3.9639435], dtype=float32), array([-3.9662976, -3.9662976, -3.9662976], dtype=float32), array([-3.9683948, -3.9683948, -3.9683948], dtype=float32), array([-3.9705532, -3.9705532, -3.9705532], dtype=float32), array([-3.9725723, -3.9725723, -3.9725723], dtype=float32), array([-3.9744532, -3.9744532, -3.9744532], dtype=float32), array([-3.9764485, -3.9764485, -3.9764485], dtype=float32), array([-3.979634, -3.979634, -3.979634], dtype=float32), array([-3.983467, -3.983467, -3.983467], dtype=float32), array([-3.987282, -3.987282, -3.987282], dtype=float32), array([-3.9923165, -3.9923165, -3.9923165], dtype=float32), array([-4.0084844, -4.0084844, -4.0084844], dtype=float32), array([-4.021099, -4.021099, -4.021099], dtype=float32), array([-4.033334, -4.033334, -4.033334], dtype=float32), array([-4.0445027, -4.0445027, -4.0445027], dtype=float32), array([-4.05453, -4.05453, -4.05453], dtype=float32), array([-4.063461, -4.063461, -4.063461], dtype=float32), array([-4.071258, -4.071258, -4.071258], dtype=float32), array([-4.078025, -4.078025, -4.078025], dtype=float32), array([-4.084145, -4.084145, -4.084145], dtype=float32), array([-4.089337, -4.089337, -4.089337], dtype=float32), array([-4.0940747, -4.0940747, -4.0940747], dtype=float32), array([-4.0983205, -4.0983205, -4.0983205], dtype=float32), array([-4.1017113, -4.1017113, -4.1017113], dtype=float32)]","[array([nan, nan, nan], dtype=float32), array([-3.950376, -3.950376, -3.950376], dtype=float32), array([nan, nan, nan], dtype=float32), array([nan, nan, nan], dtype=float32), array([nan, nan, nan], dtype=float32), array([-3.9595294, -3.9595294, -3.9595294], dtype=float32), array([nan, nan, nan], dtype=float32), array([nan, nan, nan], dtype=float32), array([-3.9662974, -3.9662974, -3.9662974], dtype=float32), array([-3.9683943, -3.9683943, -3.9683943], dtype=float32), array([nan, nan, nan], dtype=float32), array([nan, nan, nan], dtype=float32), array([-3.974453, -3.974453, -3.974453], dtype=float32), array([nan, nan, nan], dtype=float32), array([nan, nan, nan], dtype=float32), array([-3.983467, -3.983467, -3.983467], dtype=float32), array([nan, nan, nan], dtype=float32), array([nan, nan, nan], dtype=float32), array([-4.0084844, -4.0084844, -4.0084844], dtype=float32), array([nan, nan, nan], dtype=float32), array([nan, nan, nan], dtype=float32), array([nan, nan, nan], dtype=float32), array([nan, nan, nan], dtype=float32), array([-4.0634604, -4.0634604, -4.0634604], dtype=float32), array([nan, nan, nan], dtype=float32), array([nan, nan, nan], dtype=float32), array([-4.084145, -4.084145, -4.084145], dtype=float32), array([-4.089338, -4.089338, -4.089338], dtype=float32), array([nan, nan, nan], dtype=float32), array([nan, nan, nan], dtype=float32), array([-4.101711, -4.101711, -4.101711], dtype=float32)]","[array([[3.5755342e-01, 1.3130626e-02, 6.2931597e-01],
       [1.3194793e-01, 2.1804399e-06, 8.6804986e-01],
       [3.9340952e-01, 5.4001216e-02, 5.5258930e-01]], dtype=float32), array([[1.5439267e-01, 6.4601481e-04, 8.4496135e-01],
       [2.6284408e-02, 2.3201258e-07, 9.7371531e-01],
       [2.4683657e-01, 6.9911596e-03, 7.4617225e-01]], dtype=float32), array([[1.5382735e-01, 6.4019178e-04, 8.4553248e-01],
       [2.6092369e-02, 2.2894527e-07, 9.7390735e-01],
       [2.4639460e-01, 6.9632996e-03, 7.4664211e-01]], dtype=float32), array([[1.7110023e-01, 6.1652029e-04, 8.2828319e-01],
       [3.2577820e-02, 1.8174873e-07, 9.6742201e-01],
       [2.5422931e-01, 5.6193746e-03, 7.4015135e-01]], dtype=float32), array([[3.5539302e-01, 1.2640197e-02, 6.3196677e-01],
       [1.2908792e-01, 2.0200464e-06, 8.7091005e-01],
       [3.9250779e-01, 5.2965797e-02, 5.5452645e-01]], dtype=float32), array([[3.5502157e-01, 1.2605552e-02, 6.3237298e-01],
       [1.2866324e-01, 2.0232278e-06, 8.7133473e-01],
       [3.9233226e-01, 5.2963041e-02, 5.5470473e-01]], dtype=float32), array([[1.9387402e-01, 4.3163928e-03, 8.0180961e-01],
       [2.8849578e-02, 2.3296336e-06, 9.7114807e-01],
       [3.2545444e-01, 5.8977418e-02, 6.1556816e-01]], dtype=float32), array([[9.5614664e-02, 1.8336021e-03, 9.0255171e-01],
       [9.0160063e-03, 2.2909655e-06, 9.9098176e-01],
       [2.8044635e-01, 6.2622994e-02, 6.5693069e-01]], dtype=float32), array([[1.5044421e-01, 6.0051627e-04, 8.4895527e-01],
       [2.5039934e-02, 2.0996890e-07, 9.7495985e-01],
       [2.4338470e-01, 6.7032692e-03, 7.4991202e-01]], dtype=float32), array([[2.8131533e-01, 1.2977673e-03, 7.1738690e-01],
       [9.2531361e-02, 1.8583360e-07, 9.0746838e-01],
       [3.2949567e-01, 5.8456911e-03, 6.6465855e-01]], dtype=float32), array([[9.4035558e-02, 1.7543719e-03, 9.0421003e-01],
       [8.7037841e-03, 2.0994100e-06, 9.9129409e-01],
       [2.7933577e-01, 6.1726674e-02, 6.5893751e-01]], dtype=float32), array([[4.67709810e-01, 3.49186501e-03, 5.28798342e-01],
       [4.06463355e-01, 1.12028836e-07, 5.93536496e-01],
       [4.68817264e-01, 4.52060811e-03, 5.26662111e-01]], dtype=float32), array([[9.3003854e-02, 1.6976199e-03, 9.0529847e-01],
       [8.4911305e-03, 1.9588203e-06, 9.9150699e-01],
       [2.7854949e-01, 6.0993180e-02, 6.6045731e-01]], dtype=float32), array([[3.3363390e-01, 1.6550794e-03, 6.6471106e-01],
       [1.4414783e-01, 1.5988937e-07, 8.5585201e-01],
       [3.6447999e-01, 5.3882780e-03, 6.3013172e-01]], dtype=float32), array([[3.3184406e-01, 1.4732920e-03, 6.6668266e-01],
       [1.4104392e-01, 1.1399741e-07, 8.5895598e-01],
       [3.6296353e-01, 4.8848288e-03, 6.3215166e-01]], dtype=float32), array([[3.5178736e-01, 1.2854637e-03, 6.4692718e-01],
       [1.6837144e-01, 6.8609531e-08, 8.3162844e-01],
       [3.7569147e-01, 3.6872008e-03, 6.2062132e-01]], dtype=float32), array([[1.8462679e-01, 3.2207244e-03, 8.1215250e-01],
       [2.3845119e-02, 9.3597589e-07, 9.7615391e-01],
       [3.2183358e-01, 5.2247547e-02, 6.2591881e-01]], dtype=float32), array([[1.3744175e-01, 3.4416519e-04, 8.6221403e-01],
       [1.9624814e-02, 5.6518132e-08, 9.8037511e-01],
       [2.3037288e-01, 4.5937714e-03, 7.6503342e-01]], dtype=float32), array([[4.7150937e-01, 2.2523485e-03, 5.2623826e-01],
       [4.1515896e-01, 2.3767717e-08, 5.8484095e-01],
       [4.7241715e-01, 2.8484082e-03, 5.2473450e-01]], dtype=float32), array([[1.7805493e-01, 2.5093786e-03, 8.1943578e-01],
       [2.0522969e-02, 4.2184931e-07, 9.7947663e-01],
       [3.1872919e-01, 4.6582974e-02, 6.3468784e-01]], dtype=float32), array([[4.7334972e-01, 1.8856102e-03, 5.2476460e-01],
       [4.1940153e-01, 1.1317675e-08, 5.8059847e-01],
       [4.7415671e-01, 2.3586056e-03, 5.2348471e-01]], dtype=float32), array([[3.47849518e-01, 7.40843453e-03, 6.44742131e-01],
       [1.07255414e-01, 1.94909674e-07, 8.92744362e-01],
       [3.91772181e-01, 3.74698453e-02, 5.70757985e-01]], dtype=float32), array([[1.2666482e-01, 1.8185846e-04, 8.7315339e-01],
       [1.4909346e-02, 1.0051558e-08, 9.8509061e-01],
       [2.1962114e-01, 3.0222801e-03, 7.7735656e-01]], dtype=float32), array([[2.6845446e-01, 4.5595242e-04, 7.3108959e-01],
       [7.3523991e-02, 7.2607653e-09, 9.2647594e-01],
       [3.1758630e-01, 2.4958332e-03, 6.7991787e-01]], dtype=float32), array([[4.7552484e-01, 1.5352492e-03, 5.2293992e-01],
       [4.2408073e-01, 4.0427404e-09, 5.7591927e-01],
       [4.7622234e-01, 1.8986728e-03, 5.2187896e-01]], dtype=float32), array([[1.2551515e-01, 1.6109839e-04, 8.7432373e-01],
       [1.4046300e-02, 6.5214292e-09, 9.8595363e-01],
       [2.1905713e-01, 2.8331603e-03, 7.7810973e-01]], dtype=float32), array([[1.4807384e-01, 1.5621002e-04, 8.5176998e-01],
       [1.9870734e-02, 4.6284421e-09, 9.8012930e-01],
       [2.3079687e-01, 2.0877866e-03, 7.6711535e-01]], dtype=float32), array([[3.4649828e-01, 6.0793548e-03, 6.4742237e-01],
       [1.0227614e-01, 8.1007379e-08, 8.9772385e-01],
       [3.9163756e-01, 3.2279201e-02, 5.7608330e-01]], dtype=float32), array([[2.7057630e-01, 4.3642771e-04, 7.2898728e-01],
       [7.3044270e-02, 5.0687867e-09, 9.2695570e-01],
       [3.1956035e-01, 2.4278287e-03, 6.7801178e-01]], dtype=float32), array([[3.4645888e-01, 5.9117381e-03, 6.4762938e-01],
       [1.0169685e-01, 7.0862676e-08, 8.9830303e-01],
       [3.9168641e-01, 3.1582221e-02, 5.7673138e-01]], dtype=float32), array([[7.1817495e-02, 5.1982969e-04, 9.2766273e-01],
       [3.7668266e-03, 8.1257021e-08, 9.9623305e-01],
       [2.6024741e-01, 3.8569354e-02, 7.0118326e-01]], dtype=float32)]",1,0,0,0,0,0,55.343609022556386,62.49172932330827,2000,0.00016516572298950872,0.0003759388243258285,10.02,10.02,2000,38000,38000,0.3462839855266621,104968,93000,61938,1767000,1176822,0,1020.6681401195605,6054258.124842252,6327040.225580358,0.0008914333302527666,0.21171441674232483,-0.034074995666742325,0.0,0.0013802934991,81158,0.4722185432910919,-1.0,30969,1674.120849609375,0.31488585472106934,588411,999.0,0.07780856639146805,19.0,1.0,339.8821583314384,0.0,0.0,588411,999.0,1.0,19.0,0.0013802934991,0.0393447157605,30969,23810,339.88183034548854,1.0067001111070022,0.1962217144188608,50,38100,100,2,2.0,10.5,4.832703189691884e-05,0.00010538053467196717,19.0,-10.5,9.08,0.0016950560192344711,950,1.0067001111070022,0.00032829442611313775,2,9.08,0.00017000547017967277,100,0.0003920041482352659,9.08,1900,1900,100,2.042031169857054e-05,7.205413623595e-06,4.580864172230103e-05,7.636302280296149e-06,3.403373725710204e-05,0.00015939513358321922,2.9280258746127064e-05,2.9269653405539487e-05,1.6646019755106767e-05,2.2526145028474335e-05,5.0569910256967833e-05,0.05854487873253811,0.0071306584818758975,0.056975389181133644,0.17558312148594,0.03034885157847433,0.016613247512935907,0.00018535141618264552,0.20072272419929504,-0.03550580143928528,1.0,0.4722185730934143,-0.021829605102539062,108066,63.910133361816406,0.10358399152755737,0.3300261,2053254,498.0,571.0,589.0,108066,0.0,2053254,498.0,589.0,571.0,651000,216132,12369000,4106508,10700.953603073307,3.595362979810291e-05,4.580419147925035e-05,6.795997180985239e-06,7.831207344677335e-06,2.1340753065005627e-05,0.00016376399292444138,3.164200527714741e-05,2.33579709274453e-05,5.168226845000525e-05,3.15695589782805e-05,1.7345972071895634e-05
1,40000,False,20,d2a96_00000,2025-08-17_21-00-46,1755464446,95.97356104850769,1886.0359466075897,686047,intrinsic-attention2,10.156.0.3,1886.0359466075897,20,93.3463695176998,1.4797899823168951e-05,93.34607875631657,2.7775683036363437,90.21159180458837,0.002256956142369976,19.0,-10.5,1.0067001111073661,2.74316124042316,7.81,0.001607646990159992,0.0002549519995227456,2,2.0,10.5,1000,40000,20000,4.881148870748407e-05,0.00010487958078341161,2000,2,1.0067001111073661,549.8462847463619,2000.0,3000.0,"[array([-4.104881, -4.104881, -4.104881], dtype=float32), array([-4.107637, -4.107637, -4.107637], dtype=float32), array([-4.1016164, -4.1016164, -4.1016164], dtype=float32), array([-4.096383, -4.096383, -4.096383], dtype=float32), array([-4.0913343, -4.0913343, -4.0913343], dtype=float32), array([-4.0866966, -4.0866966, -4.0866966], dtype=float32), array([-4.082829, -4.082829, -4.082829], dtype=float32), array([-4.079251, -4.079251, -4.079251], dtype=float32), array([-4.0760226, -4.0760226, -4.0760226], dtype=float32), array([-4.073082, -4.073082, -4.073082], dtype=float32), array([-4.0721364, -4.0721364, -4.0721364], dtype=float32), array([-4.0715823, -4.0715823, -4.0715823], dtype=float32), array([-4.0710363, -4.0710363, -4.0710363], dtype=float32), array([-4.0711703, -4.0711703, -4.0711703], dtype=float32), array([-4.0713, -4.0713, -4.0713], dtype=float32), array([-4.071511, -4.071511, -4.071511], dtype=float32), array([-4.071697, -4.071697, -4.071697], dtype=float32), array([-4.071761, -4.071761, -4.071761], dtype=float32), array([-4.071861, -4.071861, -4.071861], dtype=float32), array([-4.0718465, -4.0718465, -4.0718465], dtype=float32), array([-4.0718193, -4.0718193, -4.0718193], dtype=float32), array([-4.0719595, -4.0719595, -4.0719595], dtype=float32), array([-4.072113, -4.072113, -4.072113], dtype=float32), array([-4.0723867, -4.0723867, -4.0723867], dtype=float32), array([-4.0726132, -4.0726132, -4.0726132], dtype=float32), array([-4.0728083, -4.0728083, -4.0728083], dtype=float32), array([-4.072944, -4.072944, -4.072944], dtype=float32), array([-4.0724998, -4.0724998, -4.0724998], dtype=float32), array([-4.072238, -4.072238, -4.072238], dtype=float32), array([-4.072051, -4.072051, -4.072051], dtype=float32), array([-4.071881, -4.071881, -4.071881], dtype=float32)]","[array([-4.1048813, -4.1048813, -4.1048813], dtype=float32), array([-4.1076374, -4.1076374, -4.1076374], dtype=float32), array([-4.101616, -4.101616, -4.101616], dtype=float32), array([-4.0963826, -4.0963826, -4.0963826], dtype=float32), array([-4.0913334, -4.0913334, -4.0913334], dtype=float32), array([-4.086697, -4.086697, -4.086697], dtype=float32), array([-4.0828285, -4.0828285, -4.0828285], dtype=float32), array([-4.079251, -4.079251, -4.079251], dtype=float32), array([-4.0760226, -4.0760226, -4.0760226], dtype=float32), array([-4.073082, -4.073082, -4.073082], dtype=float32), array([-4.0721364, -4.0721364, -4.0721364], dtype=float32), array([-4.0715823, -4.0715823, -4.0715823], dtype=float32), array([-4.0710354, -4.0710354, -4.0710354], dtype=float32), array([-4.0711703, -4.0711703, -4.0711703], dtype=float32), array([-4.0713, -4.0713, -4.0713], dtype=float32), array([-4.071511, -4.071511, -4.071511], dtype=float32), array([-4.071697, -4.071697, -4.071697], dtype=float32), array([-4.0717607, -4.0717607, -4.0717607], dtype=float32), array([-4.071861, -4.071861, -4.071861], dtype=float32), array([-4.0718465, -4.0718465, -4.0718465], dtype=float32), array([-4.0718193, -4.0718193, -4.0718193], dtype=float32), array([-4.0719585, -4.0719585, -4.0719585], dtype=float32), array([-4.072113, -4.072113, -4.072113], dtype=float32), array([-4.0723863, -4.0723863, -4.0723863], dtype=float32), array([-4.072613, -4.072613, -4.072613], dtype=float32), array([-4.0728083, -4.0728083, -4.0728083], dtype=float32), array([-4.0729446, -4.0729446, -4.0729446], dtype=float32), array([-4.0724993, -4.0724993, -4.0724993], dtype=float32), array([-4.0722384, -4.0722384, -4.0722384], dtype=float32), array([-4.0720506, -4.0720506, -4.0720506], dtype=float32), array([-4.0718803, -4.0718803, -4.0718803], dtype=float32)]","[array([[1.2609719e-01, 1.5855538e-04, 8.7374425e-01],
       [1.3788807e-02, 5.5118359e-09, 9.8621118e-01],
       [2.2048326e-01, 2.8616467e-03, 7.7665508e-01]], dtype=float32), array([[4.7465914e-01, 1.5633929e-03, 5.2377748e-01],
       [4.2038614e-01, 3.3638952e-09, 5.7961386e-01],
       [4.7542736e-01, 1.9565728e-03, 5.2261603e-01]], dtype=float32), array([[4.7441992e-01, 1.5711968e-03, 5.2400887e-01],
       [4.1972902e-01, 3.4964238e-09, 5.8027101e-01],
       [4.7520331e-01, 1.9698497e-03, 5.2282685e-01]], dtype=float32), array([[5.8602903e-04, 9.9650359e-01, 2.9104163e-03],
       [8.2201970e-01, 6.6541793e-04, 1.7731491e-01],
       [1.2922765e-02, 9.5442563e-01, 3.2651719e-02]], dtype=float32), array([[4.7407675e-01, 1.5842748e-03, 5.2433890e-01],
       [4.1881809e-01, 3.7309391e-09, 5.8118194e-01],
       [4.7488156e-01, 1.9910911e-03, 5.2312738e-01]], dtype=float32), array([[1.7393179e-01, 1.6956637e-03, 8.2437253e-01],
       [1.7060917e-02, 9.8315304e-08, 9.8293900e-01],
       [3.1584802e-01, 3.7429895e-02, 6.4672202e-01]], dtype=float32), array([[1.74421683e-01, 1.73187151e-03, 8.23846459e-01],
       [1.72375254e-02, 1.04649665e-07, 9.82762396e-01],
       [3.16234410e-01, 3.79011035e-02, 6.45864487e-01]], dtype=float32), array([[1.2738194e-01, 1.7443836e-04, 8.7244362e-01],
       [1.4360330e-02, 7.3082811e-09, 9.8563969e-01],
       [2.2175738e-01, 3.0432392e-03, 7.7519941e-01]], dtype=float32), array([[2.7148086e-01, 4.8902916e-04, 7.2803009e-01],
       [7.4327148e-02, 7.1542847e-09, 9.2567283e-01],
       [3.2066965e-01, 2.6825855e-03, 6.7664778e-01]], dtype=float32), array([[2.1295340e-01, 2.4514250e-03, 7.8459519e-01],
       [2.6592992e-02, 1.1809427e-07, 9.7340685e-01],
       [3.3351558e-01, 3.8143147e-02, 6.2834126e-01]], dtype=float32), array([[4.7313374e-01, 1.6668611e-03, 5.2519941e-01],
       [4.1633895e-01, 4.8047273e-09, 5.8366096e-01],
       [4.7399774e-01, 2.1089443e-03, 5.2389330e-01]], dtype=float32), array([[2.1384062e-01, 2.5134534e-03, 7.8364587e-01],
       [2.6910266e-02, 1.2544103e-07, 9.7308964e-01],
       [3.3412069e-01, 3.8751546e-02, 6.2712777e-01]], dtype=float32), array([[1.2868302e-01, 1.8521825e-04, 8.7113178e-01],
       [1.4786941e-02, 8.5134353e-09, 9.8521298e-01],
       [2.2301076e-01, 3.1592052e-03, 7.7383006e-01]], dtype=float32), array([[6.5731414e-04, 9.9613672e-01, 3.2059704e-03],
       [8.1715190e-01, 7.9167960e-04, 1.8205641e-01],
       [1.3750166e-02, 9.5185506e-01, 3.4394760e-02]], dtype=float32), array([[3.1912550e-01, 6.7492423e-04, 6.8019962e-01],
       [1.1643160e-01, 8.0054576e-09, 8.8356841e-01],
       [3.5322830e-01, 2.6597641e-03, 6.4411187e-01]], dtype=float32), array([[1.2919652e-01, 1.9021219e-04, 8.7061328e-01],
       [1.4975413e-02, 9.1483630e-09, 9.8502457e-01],
       [2.2349600e-01, 3.2118175e-03, 7.7329218e-01]], dtype=float32), array([[1.2936211e-01, 1.9198311e-04, 8.7044591e-01],
       [1.5040064e-02, 9.3868167e-09, 9.8495990e-01],
       [2.2365242e-01, 3.2304579e-03, 7.7311707e-01]], dtype=float32), array([[1.2950164e-01, 1.9348446e-04, 8.7030494e-01],
       [1.5095212e-02, 9.5935153e-09, 9.8490477e-01],
       [2.2378226e-01, 3.2460515e-03, 7.7297169e-01]], dtype=float32), array([[3.4961766e-01, 7.1706902e-03, 6.4321166e-01],
       [1.0632368e-01, 1.3551268e-07, 8.9367622e-01],
       [3.9317530e-01, 3.6842018e-02, 5.6998265e-01]], dtype=float32), array([[4.7238547e-01, 1.7440068e-03, 5.2587056e-01],
       [4.1433799e-01, 5.8665353e-09, 5.8566201e-01],
       [4.7329828e-01, 2.2186909e-03, 5.2448297e-01]], dtype=float32), array([[3.4992185e-01, 7.2482112e-03, 6.4282995e-01],
       [1.0666066e-01, 1.3931606e-07, 8.9333922e-01],
       [3.9332420e-01, 3.7144754e-02, 5.6953102e-01]], dtype=float32), array([[3.19427848e-01, 7.00340257e-04, 6.79871798e-01],
       [1.17141284e-01, 9.09208442e-09, 8.82858694e-01],
       [3.53512734e-01, 2.74453266e-03, 6.43742681e-01]], dtype=float32), array([[2.7314985e-01, 5.3741602e-04, 7.2631270e-01],
       [7.6305255e-02, 9.6042072e-09, 9.2369479e-01],
       [3.2205647e-01, 2.8846476e-03, 6.7505884e-01]], dtype=float32), array([[3.19458812e-01, 7.04853213e-04, 6.79836333e-01],
       [1.17247395e-01, 9.30272659e-09, 8.82752597e-01],
       [3.53546411e-01, 2.75979075e-03, 6.43693805e-01]], dtype=float32), array([[2.9634741e-01, 5.2457466e-04, 7.0312798e-01],
       [9.7363114e-02, 7.8606623e-09, 9.0263689e-01],
       [3.3588552e-01, 2.3231814e-03, 6.6179138e-01]], dtype=float32), array([[1.3039087e-01, 2.0165998e-04, 8.6940753e-01],
       [1.5395034e-02, 1.0651761e-08, 9.8460495e-01],
       [2.2465174e-01, 3.3326373e-03, 7.7201569e-01]], dtype=float32), array([[2.7336478e-01, 5.4515444e-04, 7.2609007e-01],
       [7.6580860e-02, 1.0047889e-08, 9.2341912e-01],
       [3.2224253e-01, 2.9173642e-03, 6.7484009e-01]], dtype=float32), array([[7.0486910e-04, 9.9589741e-01, 3.3977542e-03],
       [8.1427836e-01, 8.7317708e-04, 1.8484850e-01],
       [1.4281159e-02, 9.5023048e-01, 3.5488304e-02]], dtype=float32), array([[3.1954300e-01, 7.1232306e-04, 6.7974466e-01],
       [1.1742874e-01, 9.6299386e-09, 8.8257122e-01],
       [3.5363132e-01, 2.7852058e-03, 6.4358348e-01]], dtype=float32), array([[2.7346808e-01, 5.4657995e-04, 7.2598541e-01],
       [7.6669864e-02, 1.0112364e-08, 9.2333019e-01],
       [3.2232046e-01, 2.9224437e-03, 6.7475712e-01]], dtype=float32), array([[3.1957307e-01, 7.1394665e-04, 6.7971301e-01],
       [1.1749074e-01, 9.7087112e-09, 8.8250929e-01],
       [3.5365486e-01, 2.7902049e-03, 6.4355487e-01]], dtype=float32)]",1,0,0,0,0,0,55.757246376811594,61.51521739130435,2000,0.00016603929278924428,0.00038463208812212737,7.81,7.81,2000,40000,40000,0.3460940144713725,104968,93000,61938,1860000,1238760,0,1019.9310806105381,6046867.25514664,6318544.966791328,0.0008914333302527666,0.18136930465698242,-0.04500513896346092,0.0,0.0013802934991,81158,0.4722185432910919,-0.017243385314941406,30969,2029.3299560546875,0.3039601743221283,619380,999.0,0.009896456263959408,20.0,1.0,339.63672793559476,0.0,0.0,619380,999.0,1.0,20.0,0.0013802934991,0.0393447157605,30969,23810,339.6364060546887,1.0067001111072869,0.1959368891646429,50,40100,100,2,2.0,10.5,5.562177124600951e-05,0.00013257627725056677,20.0,-10.5,9.08,0.0018106314894976094,1000,1.0067001111072869,0.0003269620418150129,2,9.08,0.00019935933253255612,100,0.00046161616082984205,9.08,2000,2000,100,2.0730511596863316e-05,7.224675456713704e-06,4.696651074501498e-05,7.734376266413352e-06,3.423613336715442e-05,0.00016371173768782552,3.0089350127433336e-05,2.9771010356544242e-05,1.7029101209211716e-05,2.3415885333054598e-05,5.149716015838425e-05,0.058514331455253234,0.007127664996966713,0.05688314786928655,0.17553569319112927,0.030330880822747288,0.016612725347875133,0.00018517804199690702,0.17776820063591003,-0.049892179667949677,1.0,0.4722185730934143,-0.007164955139160156,108066,72.63424682617188,0.015064706094563007,0.3014838,2161320,498.0,601.0,620.0,108066,0.0,2161320,498.0,620.0,601.0,651000,216132,13020000,4322640,10626.192777927612,4.204955076117086e-05,5.5634520848368344e-05,7.673616817402004e-06,9.0314356842305e-06,2.4358760981304456e-05,0.00019210575115271303,3.6926566877689984e-05,2.702592561663358e-05,6.414863574151642e-05,3.6347558310737644e-05,2.1636174809890566e-05
1,42000,False,21,d2a96_00000,2025-08-17_21-02-18,1755464538,91.60006642341614,1977.6360130310059,686047,intrinsic-attention2,10.156.0.3,1977.6360130310059,21,93.32684639555278,1.478026087444622e-05,93.32655509302343,2.7762953458098463,90.1935576370124,0.002252810521001349,20.0,-10.5,1.0067001111073661,2.7419314480788692,8.17,0.0015824049412913154,0.0002549519995227456,2,2.0,10.5,1000,42000,21000,4.786305633086677e-05,0.00010256747452969349,2000,2,1.0067001111073661,536.2901756866862,2000.0,3000.0,"[array([-4.071674, -4.071674, -4.071674], dtype=float32), array([-4.0702333, -4.0702333, -4.0702333], dtype=float32), array([-4.065907, -4.065907, -4.065907], dtype=float32), array([-4.0462084, -4.0462084, -4.0462084], dtype=float32), array([-4.0279765, -4.0279765, -4.0279765], dtype=float32), array([-4.007455, -4.007455, -4.007455], dtype=float32), array([-3.983899, -3.983899, -3.983899], dtype=float32), array([-3.956485, -3.956485, -3.956485], dtype=float32), array([-3.9275005, -3.9275005, -3.9275005], dtype=float32), array([-3.8952947, -3.8952947, -3.8952947], dtype=float32), array([-3.8601875, -3.8601875, -3.8601875], dtype=float32), array([-3.8223608, -3.8223608, -3.8223608], dtype=float32), array([-3.7825503, -3.7825503, -3.7825503], dtype=float32), array([-3.7161975, -3.7161975, -3.7161975], dtype=float32), array([-3.6560633, -3.6560633, -3.6560633], dtype=float32), array([-3.598007, -3.598007, -3.598007], dtype=float32), array([-3.5409422, -3.5409422, -3.5409422], dtype=float32), array([-3.4848745, -3.4848745, -3.4848745], dtype=float32), array([-3.4297295, -3.4297295, -3.4297295], dtype=float32), array([-3.3745456, -3.3745456, -3.3745456], dtype=float32), array([-3.3197975, -3.3197975, -3.3197975], dtype=float32), array([-3.2646368, -3.2646368, -3.2646368], dtype=float32), array([-3.208855, -3.208855, -3.208855], dtype=float32), array([-3.1550443, -3.1550443, -3.1550443], dtype=float32), array([-3.1017609, -3.1017609, -3.1017609], dtype=float32), array([-3.0484495, -3.0484495, -3.0484495], dtype=float32), array([-2.99537, -2.99537, -2.99537], dtype=float32), array([-2.9432297, -2.9432297, -2.9432297], dtype=float32), array([-2.8919387, -2.8919387, -2.8919387], dtype=float32), array([-2.8403423, -2.8403423, -2.8403423], dtype=float32), array([-2.790119, -2.790119, -2.790119], dtype=float32)]","[array([-4.0716724, -4.0716724, -4.0716724], dtype=float32), array([-4.070234, -4.070234, -4.070234], dtype=float32), array([-4.065907, -4.065907, -4.065907], dtype=float32), array([-4.0462093, -4.0462093, -4.0462093], dtype=float32), array([-4.0279765, -4.0279765, -4.0279765], dtype=float32), array([-4.0074553, -4.0074553, -4.0074553], dtype=float32), array([-3.9838998, -3.9838998, -3.9838998], dtype=float32), array([-3.9564846, -3.9564846, -3.9564846], dtype=float32), array([-3.9275, -3.9275, -3.9275], dtype=float32), array([-3.8952944, -3.8952944, -3.8952944], dtype=float32), array([-3.860187, -3.860187, -3.860187], dtype=float32), array([-3.8223605, -3.8223605, -3.8223605], dtype=float32), array([-3.7825494, -3.7825494, -3.7825494], dtype=float32), array([-3.7161973, -3.7161973, -3.7161973], dtype=float32), array([-3.6560638, -3.6560638, -3.6560638], dtype=float32), array([-3.5980067, -3.5980067, -3.5980067], dtype=float32), array([-3.5409415, -3.5409415, -3.5409415], dtype=float32), array([-3.4848747, -3.4848747, -3.4848747], dtype=float32), array([-3.429729, -3.429729, -3.429729], dtype=float32), array([-3.3745458, -3.3745458, -3.3745458], dtype=float32), array([-3.3197978, -3.3197978, -3.3197978], dtype=float32), array([-3.2646368, -3.2646368, -3.2646368], dtype=float32), array([-3.2088554, -3.2088554, -3.2088554], dtype=float32), array([-3.1550443, -3.1550443, -3.1550443], dtype=float32), array([-3.1017609, -3.1017609, -3.1017609], dtype=float32), array([-3.0484493, -3.0484493, -3.0484493], dtype=float32), array([-2.9953706, -2.9953706, -2.9953706], dtype=float32), array([-2.9432297, -2.9432297, -2.9432297], dtype=float32), array([-2.8919387, -2.8919387, -2.8919387], dtype=float32), array([-2.8403423, -2.8403423, -2.8403423], dtype=float32), array([-2.7901185, -2.7901185, -2.7901185], dtype=float32)]","[array([[0.00361647, 0.9883477 , 0.0080358 ],
       [0.7038171 , 0.00154865, 0.29463413],
       [0.0184366 , 0.94925886, 0.03230465]], dtype=float32), array([[3.1962287e-01, 7.1575068e-04, 6.7966139e-01],
       [1.1756482e-01, 9.7841104e-09, 8.8243520e-01],
       [3.5369498e-01, 2.7957815e-03, 6.4350921e-01]], dtype=float32), array([[4.7199512e-01, 1.7808017e-03, 5.2622408e-01],
       [4.1326150e-01, 6.4048731e-09, 5.8673853e-01],
       [4.7293466e-01, 2.2723002e-03, 5.2479297e-01]], dtype=float32), array([[2.1874501e-01, 2.8254206e-03, 7.7842963e-01],
       [2.8531954e-02, 1.6065971e-07, 9.7146791e-01],
       [3.3733168e-01, 4.1688643e-02, 6.2097973e-01]], dtype=float32), array([[2.1939240e-01, 2.8291172e-03, 7.7777845e-01],
       [2.8646393e-02, 1.5706341e-07, 9.7135341e-01],
       [3.3766919e-01, 4.1647960e-02, 6.2068284e-01]], dtype=float32), array([[1.8611717e-01, 2.1625054e-03, 8.1172037e-01],
       [1.9948991e-02, 1.5265502e-07, 9.8005086e-01],
       [3.2367963e-01, 4.2363703e-02, 6.3395667e-01]], dtype=float32), array([[4.7233063e-01, 1.8641932e-03, 5.2580512e-01],
       [4.1353613e-01, 6.1150769e-09, 5.8646387e-01],
       [4.7325364e-01, 2.3795110e-03, 5.2436686e-01]], dtype=float32), array([[1.8836606e-01, 2.2082624e-03, 8.0942571e-01],
       [2.0436812e-02, 1.5315636e-07, 9.7956306e-01],
       [3.2474872e-01, 4.2465918e-02, 6.3278532e-01]], dtype=float32), array([[7.8422495e-04, 9.9559218e-01, 3.6234797e-03],
       [8.1724477e-01, 7.3594757e-04, 1.8201934e-01],
       [1.5477660e-02, 9.4716686e-01, 3.7355524e-02]], dtype=float32), array([[2.8198323e-01, 6.2900991e-04, 7.1738768e-01],
       [8.1809409e-02, 1.1130678e-08, 9.1819054e-01],
       [3.2924306e-01, 3.2400370e-03, 6.6751695e-01]], dtype=float32), array([[4.7226104e-01, 2.0288292e-03, 5.2571011e-01],
       [4.1316161e-01, 7.4036857e-09, 5.8683836e-01],
       [4.7318584e-01, 2.5937594e-03, 5.2422047e-01]], dtype=float32), array([[3.56558859e-01, 7.99784251e-03, 6.35443330e-01],
       [1.13772854e-01, 1.57491854e-07, 8.86226952e-01],
       [3.96522939e-01, 3.88749987e-02, 5.64602077e-01]], dtype=float32), array([[2.8559452e-01, 6.8314321e-04, 7.1372235e-01],
       [8.4437773e-02, 1.2741612e-08, 9.1556221e-01],
       [3.3217061e-01, 3.4474283e-03, 6.6438192e-01]], dtype=float32), array([[4.7253782e-01, 2.0015803e-03, 5.2546066e-01],
       [4.1352412e-01, 6.3915744e-09, 5.8647591e-01],
       [4.7344983e-01, 2.5577375e-03, 5.2399248e-01]], dtype=float32), array([[7.5847987e-04, 9.9575835e-01, 3.4831646e-03],
       [8.2230282e-01, 5.9473125e-04, 1.7710248e-01],
       [1.5391993e-02, 9.4769335e-01, 3.6914602e-02]], dtype=float32), array([[3.1862006e-01, 6.8721274e-04, 6.8069273e-01],
       [1.1250845e-01, 6.2677521e-09, 8.8749152e-01],
       [3.5389492e-01, 2.8183390e-03, 6.4328671e-01]], dtype=float32), array([[2.8071529e-01, 5.1897124e-04, 7.1876574e-01],
       [7.8330033e-02, 5.3393454e-09, 9.2167002e-01],
       [3.2816133e-01, 2.7879847e-03, 6.6905063e-01]], dtype=float32), array([[8.0475792e-02, 5.9538003e-04, 9.1892880e-01],
       [4.2610057e-03, 7.1981752e-08, 9.9573898e-01],
       [2.7000538e-01, 4.0880725e-02, 6.8911386e-01]], dtype=float32), array([[7.9292133e-02, 5.6101725e-04, 9.2014682e-01],
       [4.0900502e-03, 6.1897296e-08, 9.9590993e-01],
       [2.6883584e-01, 3.9911445e-02, 6.9125277e-01]], dtype=float32), array([[3.5575270e-03, 9.8883456e-01, 7.6078512e-03],
       [7.2010154e-01, 6.4806908e-04, 2.7925041e-01],
       [1.8831789e-02, 9.4919044e-01, 3.1977702e-02]], dtype=float32), array([[1.8276761e-01, 1.5548049e-03, 8.1567758e-01],
       [1.7222039e-02, 4.3534886e-08, 9.8277789e-01],
       [3.2105106e-01, 3.4922242e-02, 6.4402664e-01]], dtype=float32), array([[1.2613435e-01, 1.3073004e-04, 8.7373489e-01],
       [1.2574495e-02, 2.3497555e-09, 9.8742551e-01],
       [2.2184281e-01, 2.6064822e-03, 7.7555072e-01]], dtype=float32), array([[2.0662899e-01, 1.7420488e-03, 7.9162896e-01],
       [2.2030497e-02, 3.0603026e-08, 9.7796941e-01],
       [3.3099264e-01, 3.2333907e-02, 6.3667345e-01]], dtype=float32), array([[7.2472073e-02, 3.9926407e-04, 9.2712861e-01],
       [3.2349466e-03, 2.6996501e-08, 9.9676502e-01],
       [2.6155627e-01, 3.4706544e-02, 7.0373720e-01]], dtype=float32), array([[2.9744129e-04, 9.9807054e-01, 1.6320797e-03],
       [8.3556890e-01, 3.5542031e-04, 1.6407569e-01],
       [8.0767302e-03, 9.6987891e-01, 2.2044290e-02]], dtype=float32), array([[2.7161261e-01, 3.2297047e-04, 7.2806442e-01],
       [6.7909814e-02, 1.1548271e-09, 9.3209010e-01],
       [3.2087126e-01, 1.9536586e-03, 6.7717510e-01]], dtype=float32), array([[2.0009762e-01, 1.4317181e-03, 7.9847062e-01],
       [1.9685423e-02, 1.7209221e-08, 9.8031461e-01],
       [3.2713673e-01, 2.9211136e-02, 6.4365214e-01]], dtype=float32), array([[4.7058639e-01, 1.1004837e-03, 5.2831310e-01],
       [4.0404350e-01, 5.8780758e-10, 5.9595650e-01],
       [4.7171918e-01, 1.4493143e-03, 5.2683145e-01]], dtype=float32), array([[3.4407559e-01, 4.2730775e-03, 6.5165138e-01],
       [9.1530249e-02, 1.2952111e-08, 9.0846974e-01],
       [3.9164701e-01, 2.5489768e-02, 5.8286321e-01]], dtype=float32), array([[3.0238149e-01, 3.5409498e-04, 6.9726437e-01],
       [9.0741158e-02, 7.4400980e-10, 9.0925890e-01],
       [3.4157723e-01, 1.7381790e-03, 6.5668458e-01]], dtype=float32), array([[1.1757656e-01, 8.5794454e-05, 8.8233763e-01],
       [1.0121569e-02, 7.4557593e-10, 9.8987842e-01],
       [2.1388620e-01, 2.0339550e-03, 7.8407991e-01]], dtype=float32)]",1,0,0,0,0,0,55.60538461538462,60.58846153846154,2000,0.000164642248423116,0.00037500528235609226,8.17,8.17,2000,42000,42000,0.34589795507672516,104968,93000,61938,1953000,1300698,0,1020.4888483044978,6043586.254946482,6316845.002237266,0.0008914333302527666,0.1683749109506607,-0.041981764137744904,0.0,0.0013802934991,81158,0.4722185432910919,-0.010322809219360352,30969,2032.84228515625,0.3069991171360016,650349,999.0,0.007178578060120344,21.0,1.0,339.82247883347526,0.0,0.0,650349,999.0,1.0,21.0,0.0013802934991,0.0393447157605,30969,23810,339.8221660896485,1.0067001111073501,0.19586605471292787,50,42100,100,2,2.0,10.5,6.27263484353381e-05,0.0001507261315233972,21.0,-10.5,9.28,0.002191103849763749,1050,1.0067001111073501,0.00032560565133173396,2,9.28,0.00022999249284707762,100,0.0005285406711222522,9.28,2100,2100,100,2.037113681529883e-05,7.185341631888318e-06,4.539130124011763e-05,7.531856530209405e-06,3.4359856908220394e-05,0.000159206762558526,2.908981346005267e-05,2.950644326807335e-05,1.657938366244721e-05,2.2288955685541647e-05,5.016435666262901e-05,0.05846795220059356,0.007121190696949561,0.05680615184067786,0.17548518129929416,0.030320484334520864,0.016604563094504036,0.0001850638116234657,0.18098045885562897,-0.04624679684638977,1.0,0.4722185730934143,0.0065004825592041016,108066,78.2837905883789,0.006686748005449772,0.30378196,2269386,498.0,631.0,651.0,108066,0.0,2269386,498.0,651.0,631.0,651000,216132,13671000,4538772,10565.760431577435,4.7823646310474804e-05,6.209357050569739e-05,9.15575898912747e-06,1.040404793240783e-05,2.7815956790110506e-05,0.00021687366984656122,4.2825411020652515e-05,3.068395480641429e-05,7.295832764975131e-05,4.172322653076991e-05,2.4151052319090114e-05
1,44000,False,22,d2a96_00000,2025-08-17_21-03-49,1755464629,91.22104859352112,2068.857061624527,686047,intrinsic-attention2,10.156.0.3,2068.857061624527,22,93.30434382900727,1.475671823399e-05,93.30405220357316,2.7757045055817926,90.17149754093221,0.002249131075756778,21.0,-10.5,1.0067001111073661,2.7413752889080647,9.36,0.0017258940600731875,0.0002549519995227456,2,2.0,10.5,1000,44000,22000,5.216913836619495e-05,0.00011457601552540252,2000,2,1.0067001111073661,522.7695825097663,2000.0,3000.0,"[array([-2.7404177, -2.7404177, -2.7404177], dtype=float32), array([-2.695705, -2.695705, -2.695705], dtype=float32), array([-2.6511574, -2.6511574, -2.6511574], dtype=float32), array([-2.606892, -2.606892, -2.606892], dtype=float32), array([-2.5704477, -2.5704477, -2.5704477], dtype=float32), array([-2.5375135, -2.5375135, -2.5375135], dtype=float32), array([-2.5072365, -2.5072365, -2.5072365], dtype=float32), array([-2.4785929, -2.4785929, -2.4785929], dtype=float32), array([-2.4518201, -2.4518201, -2.4518201], dtype=float32), array([-2.4248643, -2.4248643, -2.4248643], dtype=float32), array([-2.397347, -2.397347, -2.397347], dtype=float32), array([-2.373765, -2.373765, -2.373765], dtype=float32), array([-2.3531187, -2.3531187, -2.3531187], dtype=float32), array([-2.3336754, -2.3336754, -2.3336754], dtype=float32), array([-2.3147445, -2.3147445, -2.3147445], dtype=float32), array([-2.2971342, -2.2971342, -2.2971342], dtype=float32), array([-2.2799954, -2.2799954, -2.2799954], dtype=float32), array([-2.2616062, -2.2616062, -2.2616062], dtype=float32), array([-2.2421453, -2.2421453, -2.2421453], dtype=float32), array([-2.2218268, -2.2218268, -2.2218268], dtype=float32), array([-2.2029402, -2.2029402, -2.2029402], dtype=float32), array([-2.1852093, -2.1852093, -2.1852093], dtype=float32), array([-2.168428, -2.168428, -2.168428], dtype=float32), array([-2.1518097, -2.1518097, -2.1518097], dtype=float32), array([-2.136711, -2.136711, -2.136711], dtype=float32), array([-2.120606, -2.120606, -2.120606], dtype=float32), array([-2.1033206, -2.1033206, -2.1033206], dtype=float32), array([-2.0875146, -2.0875146, -2.0875146], dtype=float32), array([-2.0687542, -2.0687542, -2.0687542], dtype=float32), array([-2.052168, -2.052168, -2.052168], dtype=float32), array([-2.0341682, -2.0341682, -2.0341682], dtype=float32)]","[array([-2.7404184, -2.7404184, -2.7404184], dtype=float32), array([-2.6957045, -2.6957045, -2.6957045], dtype=float32), array([-2.6511571, -2.6511571, -2.6511571], dtype=float32), array([-2.6068926, -2.6068926, -2.6068926], dtype=float32), array([-2.5704474, -2.5704474, -2.5704474], dtype=float32), array([-2.5375133, -2.5375133, -2.5375133], dtype=float32), array([-2.5072365, -2.5072365, -2.5072365], dtype=float32), array([-2.4785929, -2.4785929, -2.4785929], dtype=float32), array([-2.4518201, -2.4518201, -2.4518201], dtype=float32), array([-2.4248643, -2.4248643, -2.4248643], dtype=float32), array([-2.3973472, -2.3973472, -2.3973472], dtype=float32), array([-2.3737652, -2.3737652, -2.3737652], dtype=float32), array([-2.3531182, -2.3531182, -2.3531182], dtype=float32), array([-2.3336747, -2.3336747, -2.3336747], dtype=float32), array([-2.3147445, -2.3147445, -2.3147445], dtype=float32), array([-2.2971342, -2.2971342, -2.2971342], dtype=float32), array([-2.2799957, -2.2799957, -2.2799957], dtype=float32), array([-2.2616067, -2.2616067, -2.2616067], dtype=float32), array([-2.242145, -2.242145, -2.242145], dtype=float32), array([-2.2218268, -2.2218268, -2.2218268], dtype=float32), array([-2.2029402, -2.2029402, -2.2029402], dtype=float32), array([-2.1852093, -2.1852093, -2.1852093], dtype=float32), array([-2.1684277, -2.1684277, -2.1684277], dtype=float32), array([-2.15181, -2.15181, -2.15181], dtype=float32), array([-2.1367106, -2.1367106, -2.1367106], dtype=float32), array([-2.1206062, -2.1206062, -2.1206062], dtype=float32), array([-2.1033201, -2.1033201, -2.1033201], dtype=float32), array([-2.0875144, -2.0875144, -2.0875144], dtype=float32), array([-2.0687544, -2.0687544, -2.0687544], dtype=float32), array([-2.052168, -2.052168, -2.052168], dtype=float32), array([-2.034168, -2.034168, -2.034168], dtype=float32)]","[array([[1.9625416e-01, 1.2497568e-03, 8.0249608e-01],
       [1.8217413e-02, 1.1054868e-08, 9.8178262e-01],
       [3.2490098e-01, 2.7268557e-02, 6.4783037e-01]], dtype=float32), array([[3.0782091e-04, 9.9803489e-01, 1.6572801e-03],
       [8.5507709e-01, 1.6894381e-04, 1.4475402e-01],
       [9.4726812e-03, 9.6571332e-01, 2.4813976e-02]], dtype=float32), array([[1.9489895e-01, 1.1928573e-03, 8.0390817e-01],
       [1.7709445e-02, 9.4609645e-09, 9.8229057e-01],
       [3.2416925e-01, 2.6680177e-02, 6.4915055e-01]], dtype=float32), array([[6.5476276e-02, 2.6335803e-04, 9.3426037e-01],
       [2.4342013e-03, 9.2217158e-09, 9.9756587e-01],
       [2.5349122e-01, 2.9283728e-02, 7.1722502e-01]], dtype=float32), array([[1.9473812e-01, 1.1840512e-03, 8.0407786e-01],
       [1.7622210e-02, 9.1711332e-09, 9.8237777e-01],
       [3.2412177e-01, 2.6607158e-02, 6.4927113e-01]], dtype=float32), array([[1.1510694e-01, 7.4545926e-05, 8.8481855e-01],
       [9.5466133e-03, 5.2768850e-10, 9.9045336e-01],
       [2.1099313e-01, 1.8442615e-03, 7.8716266e-01]], dtype=float32), array([[3.0803400e-01, 2.3595663e-04, 6.9173008e-01],
       [9.9605434e-02, 3.3027242e-10, 9.0039456e-01],
       [3.4218860e-01, 1.0551414e-03, 6.5675622e-01]], dtype=float32), array([[2.6782605e-01, 2.4811871e-04, 7.3192585e-01],
       [6.3639194e-02, 4.9146681e-10, 9.3636078e-01],
       [3.1748748e-01, 1.5835711e-03, 6.8092895e-01]], dtype=float32), array([[1.1512331e-01, 7.4066047e-05, 8.8480258e-01],
       [9.5550390e-03, 5.2126781e-10, 9.9044496e-01],
       [2.1087164e-01, 1.8297386e-03, 7.8729862e-01]], dtype=float32), array([[6.5768532e-02, 2.6519207e-04, 9.3396634e-01],
       [2.4413930e-03, 9.1509849e-09, 9.9755859e-01],
       [2.5408959e-01, 2.9479265e-02, 7.1643108e-01]], dtype=float32), array([[2.9927149e-01, 2.9687356e-04, 7.0043164e-01],
       [8.7317064e-02, 4.4859216e-10, 9.1268301e-01],
       [3.3880734e-01, 1.5009950e-03, 6.5969163e-01]], dtype=float32), array([[1.7038718e-01, 9.3606795e-04, 8.2867670e-01],
       [1.2980243e-02, 8.4034992e-09, 9.8701978e-01],
       [3.1302977e-01, 2.6887534e-02, 6.6008270e-01]], dtype=float32), array([[6.5519728e-02, 2.5994625e-04, 9.3422031e-01],
       [2.4077855e-03, 8.6153769e-09, 9.9759221e-01],
       [2.5384551e-01, 2.9264348e-02, 7.1689010e-01]], dtype=float32), array([[1.7033692e-01, 9.3704998e-04, 8.2872605e-01],
       [1.2983713e-02, 8.4712521e-09, 9.8701626e-01],
       [3.1299445e-01, 2.6903803e-02, 6.6010177e-01]], dtype=float32), array([[1.9441028e-01, 1.1583799e-03, 8.0443138e-01],
       [1.7375633e-02, 8.2861797e-09, 9.8262435e-01],
       [3.2408223e-01, 2.6391501e-02, 6.4952630e-01]], dtype=float32), array([[1.1381220e-01, 6.9115173e-05, 8.8611865e-01],
       [9.2757223e-03, 4.4292686e-10, 9.9072427e-01],
       [2.0934546e-01, 1.7440135e-03, 7.8891051e-01]], dtype=float32), array([[2.6666847e-01, 2.3203965e-04, 7.3309946e-01],
       [6.2674709e-02, 4.0810280e-10, 9.3732530e-01],
       [3.1639338e-01, 1.4977000e-03, 6.8210888e-01]], dtype=float32), array([[1.1351802e-01, 6.7948291e-05, 8.8641405e-01],
       [9.2064999e-03, 4.2401208e-10, 9.9079353e-01],
       [2.0901604e-01, 1.7242884e-03, 7.8925961e-01]], dtype=float32), array([[2.9812822e-01, 2.8412053e-04, 7.0158774e-01],
       [8.6184643e-02, 3.9905920e-10, 9.1381532e-01],
       [3.3786833e-01, 1.4507627e-03, 6.6068089e-01]], dtype=float32), array([[4.7053587e-01, 8.7372173e-04, 5.2859038e-01],
       [4.0332314e-01, 2.5800895e-10, 5.9667695e-01],
       [4.7167173e-01, 1.1533987e-03, 5.2717483e-01]], dtype=float32), array([[1.9331539e-01, 1.1224949e-03, 8.0556208e-01],
       [1.7075013e-02, 7.6292981e-09, 9.8292494e-01],
       [3.2333931e-01, 2.5936017e-02, 6.5072471e-01]], dtype=float32), array([[2.9753193e-01, 2.7808404e-04, 7.0218998e-01],
       [8.5668631e-02, 3.7997819e-10, 9.1433138e-01],
       [3.3736199e-01, 1.4259348e-03, 6.6121203e-01]], dtype=float32), array([[1.9259499e-01, 1.1042538e-03, 8.0630076e-01],
       [1.6913202e-02, 7.3833983e-09, 9.8308682e-01],
       [3.2284090e-01, 2.5699610e-02, 6.5145952e-01]], dtype=float32), array([[3.4120396e-01, 3.6717628e-03, 6.5512425e-01],
       [8.6666934e-02, 6.8025936e-09, 9.1333306e-01],
       [3.9035979e-01, 2.3056397e-02, 5.8658379e-01]], dtype=float32), array([[2.6485282e-01, 2.2172432e-04, 7.3492545e-01],
       [6.1513390e-02, 3.7393028e-10, 9.3848658e-01],
       [3.1492186e-01, 1.4495428e-03, 6.8362856e-01]], dtype=float32), array([[1.4553209e-01, 8.8886375e-04, 8.5357904e-01],
       [8.7293480e-03, 1.0424689e-08, 9.9127066e-01],
       [3.1095582e-01, 3.6770590e-02, 6.5227360e-01]], dtype=float32), array([[1.1143845e-01, 6.3668100e-05, 8.8849789e-01],
       [8.8804411e-03, 3.8276318e-10, 9.9111956e-01],
       [2.0677155e-01, 1.6536640e-03, 7.9157484e-01]], dtype=float32), array([[1.1110648e-01, 6.2929139e-05, 8.8883060e-01],
       [8.8279825e-03, 3.7528453e-10, 9.9117202e-01],
       [2.0639791e-01, 1.6406854e-03, 7.9196137e-01]], dtype=float32), array([[3.3982667e-01, 3.5530543e-03, 6.5662032e-01],
       [8.5416794e-02, 6.3393615e-09, 9.1458315e-01],
       [3.8958520e-01, 2.2572011e-02, 5.8784282e-01]], dtype=float32), array([[2.6320833e-01, 2.1309296e-04, 7.3657858e-01],
       [6.0623329e-02, 3.5399292e-10, 9.3937665e-01],
       [3.1351829e-01, 1.4054404e-03, 6.8507624e-01]], dtype=float32), array([[1.6583891e-01, 8.6109858e-04, 8.3329999e-01],
       [1.2238969e-02, 7.4808533e-09, 9.8776102e-01],
       [3.0991665e-01, 2.5846610e-02, 6.6423666e-01]], dtype=float32)]",1,0,0,0,0,0,54.88473282442748,59.90229007633587,2000,0.00018421430028033338,0.0004185509397182431,9.36,9.36,2000,44000,44000,0.34606823674600656,104968,93000,61938,2046000,1362636,0,1021.512146090924,6052617.749836541,6327962.00511564,0.0004457166651263833,0.16209210455417633,-0.02959153987467289,0.0,0.0013802934991,81158,0.4722185432910919,-0.011748909950256348,30969,2049.69189453125,0.3193950057029724,681318,999.0,0.0038393023423850536,22.0,1.0,340.1632526348253,0.0,0.0,681318,999.0,1.0,22.0,0.0013802934991,0.0393447157605,30969,23810,340.1629519226206,1.0067001111073648,0.19518619772577916,50,44100,100,2,2.0,10.5,4.9689798991279474e-05,0.00011081366738157513,22.0,-10.5,9.48,0.001938749731198186,1100,1.0067001111073648,0.0003239582348321449,2,9.48,0.0001750956981441798,100,0.0004070804307716371,9.48,2200,2200,100,2.254076528032829e-05,7.968617188430426e-06,5.036110769876088e-05,8.277524903892804e-06,3.8296368684283536e-05,0.0001739573183080487,3.2986649267168795e-05,3.3405004418146793e-05,1.852866626757115e-05,2.5083091835031543e-05,5.6583299072212914e-05,0.05843413922862596,0.007117363849936061,0.056716774652280935,0.17580572606634073,0.03030639799125282,0.016594906803531515,0.0001848775335319645,0.16214513778686523,-0.03656507283449173,1.0,0.4722185730934143,0.017424941062927246,108066,81.74517822265625,0.0026575170923024416,0.31284386,2377452,498.0,661.0,682.0,108066,0.0,2377452,498.0,682.0,661.0,651000,216132,14322000,4754904,10512.700540080312,3.699710780700795e-05,4.693346414689402e-05,7.006466456928551e-06,8.135524119911382e-06,2.1777796824032973e-05,0.00017040665716714948,3.2349059729412034e-05,2.473241385233082e-05,5.413081246394055e-05,3.211088036556622e-05,1.8055495877522284e-05
1,46000,False,23,d2a96_00000,2025-08-17_21-05-23,1755464723,93.49067711830139,2162.3477387428284,686047,intrinsic-attention2,10.156.0.3,2162.3477387428284,23,93.3046788615672,1.4751701031150573e-05,93.30438611363738,2.7763118155158732,90.17145108305294,0.002249944015061421,22.0,-10.5,1.0067001111073661,2.7420213950890377,9.86,0.0015621239697793498,0.0002549519995227456,2,2.0,10.5,1000,46000,23000,4.7284444246218964e-05,9.937539568178225e-05,2000,2,1.0067001111073661,509.31503740285433,2000.0,3000.0,"[array([-2.0141292, -2.0141292, -2.0141292], dtype=float32), array([-1.9936068, -1.9936068, -1.9936068], dtype=float32), array([-1.9736495, -1.9736495, -1.9736495], dtype=float32), array([-1.9557223, -1.9557223, -1.9557223], dtype=float32), array([-1.9369144, -1.9369144, -1.9369144], dtype=float32), array([-1.9199868, -1.9199868, -1.9199868], dtype=float32), array([-1.902571, -1.902571, -1.902571], dtype=float32), array([-1.8855381, -1.8855381, -1.8855381], dtype=float32), array([-1.8678281, -1.8678281, -1.8678281], dtype=float32), array([-1.8534874, -1.8534874, -1.8534874], dtype=float32), array([-1.8382928, -1.8382928, -1.8382928], dtype=float32), array([-1.8260723, -1.8260723, -1.8260723], dtype=float32), array([-1.8149418, -1.8149418, -1.8149418], dtype=float32), array([-1.804743, -1.804743, -1.804743], dtype=float32), array([-1.7951448, -1.7951448, -1.7951448], dtype=float32), array([-1.786451, -1.786451, -1.786451], dtype=float32), array([-1.7784673, -1.7784673, -1.7784673], dtype=float32), array([-1.7708415, -1.7708415, -1.7708415], dtype=float32), array([-1.7653811, -1.7653811, -1.7653811], dtype=float32), array([-1.7611734, -1.7611734, -1.7611734], dtype=float32), array([-1.7567734, -1.7567734, -1.7567734], dtype=float32), array([-1.7529371, -1.7529371, -1.7529371], dtype=float32), array([-1.7493435, -1.7493435, -1.7493435], dtype=float32), array([-1.7447187, -1.7447187, -1.7447187], dtype=float32), array([-1.7376963, -1.7376963, -1.7376963], dtype=float32), array([-1.7335963, -1.7335963, -1.7335963], dtype=float32), array([-1.7291218, -1.7291218, -1.7291218], dtype=float32), array([-1.7265928, -1.7265928, -1.7265928], dtype=float32), array([-1.7242514, -1.7242514, -1.7242514], dtype=float32), array([-1.7234685, -1.7234685, -1.7234685], dtype=float32), array([-1.7215401, -1.7215401, -1.7215401], dtype=float32)]","[array([-2.0141287, -2.0141287, -2.0141287], dtype=float32), array([-1.9936074, -1.9936074, -1.9936074], dtype=float32), array([-1.9736491, -1.9736491, -1.9736491], dtype=float32), array([-1.955722, -1.955722, -1.955722], dtype=float32), array([-1.9369142, -1.9369142, -1.9369142], dtype=float32), array([-1.919987, -1.919987, -1.919987], dtype=float32), array([-1.902571, -1.902571, -1.902571], dtype=float32), array([-1.8855381, -1.8855381, -1.8855381], dtype=float32), array([-1.8678282, -1.8678282, -1.8678282], dtype=float32), array([-1.8534878, -1.8534878, -1.8534878], dtype=float32), array([-1.838293, -1.838293, -1.838293], dtype=float32), array([-1.8260721, -1.8260721, -1.8260721], dtype=float32), array([-1.8149421, -1.8149421, -1.8149421], dtype=float32), array([-1.8047433, -1.8047433, -1.8047433], dtype=float32), array([-1.7951448, -1.7951448, -1.7951448], dtype=float32), array([-1.7864507, -1.7864507, -1.7864507], dtype=float32), array([-1.7784672, -1.7784672, -1.7784672], dtype=float32), array([-1.7708414, -1.7708414, -1.7708414], dtype=float32), array([-1.7653812, -1.7653812, -1.7653812], dtype=float32), array([-1.7611734, -1.7611734, -1.7611734], dtype=float32), array([-1.7567738, -1.7567738, -1.7567738], dtype=float32), array([-1.7529368, -1.7529368, -1.7529368], dtype=float32), array([-1.7493434, -1.7493434, -1.7493434], dtype=float32), array([-1.7447188, -1.7447188, -1.7447188], dtype=float32), array([-1.7376964, -1.7376964, -1.7376964], dtype=float32), array([-1.733596, -1.733596, -1.733596], dtype=float32), array([-1.7291214, -1.7291214, -1.7291214], dtype=float32), array([-1.7265924, -1.7265924, -1.7265924], dtype=float32), array([-1.7242516, -1.7242516, -1.7242516], dtype=float32), array([-1.7234684, -1.7234684, -1.7234684], dtype=float32), array([-1.7215399, -1.7215399, -1.7215399], dtype=float32)]","[array([[1.1142968e-01, 6.5805383e-05, 8.8850456e-01],
       [9.0221800e-03, 4.4422652e-10, 9.9097776e-01],
       [2.0655702e-01, 1.6803315e-03, 7.9176265e-01]], dtype=float32), array([[1.6608356e-01, 8.9757174e-04, 8.3301884e-01],
       [1.2477890e-02, 8.9166843e-09, 9.8752207e-01],
       [3.1012553e-01, 2.6445832e-02, 6.6342866e-01]], dtype=float32), array([[3.0064708e-01, 2.1747875e-04, 6.9913542e-01],
       [9.3587279e-02, 3.3195152e-10, 9.0641278e-01],
       [3.3649671e-01, 1.0137853e-03, 6.6248953e-01]], dtype=float32), array([[2.6285273e-01, 2.3507854e-04, 7.3691225e-01],
       [6.1594155e-02, 5.4358812e-10, 9.3840587e-01],
       [3.1335115e-01, 1.5229310e-03, 6.8512595e-01]], dtype=float32), array([[1.9297475e-01, 1.2055543e-03, 8.0581969e-01],
       [1.7705256e-02, 1.1335744e-08, 9.8229468e-01],
       [3.2273504e-01, 2.6787646e-02, 6.5047723e-01]], dtype=float32), array([[6.4137422e-02, 2.7552742e-04, 9.3558705e-01],
       [2.4743008e-03, 1.2451065e-08, 9.9752563e-01],
       [2.5186384e-01, 2.9903205e-02, 7.1823293e-01]], dtype=float32), array([[6.4442702e-02, 2.8457865e-04, 9.3527275e-01],
       [2.5288598e-03, 1.3826605e-08, 9.9747109e-01],
       [2.5214267e-01, 3.0261148e-02, 7.1759617e-01]], dtype=float32), array([[1.6601305e-01, 9.8951557e-04, 8.3299750e-01],
       [1.3038138e-02, 1.4042357e-08, 9.8696184e-01],
       [3.1008458e-01, 2.7883265e-02, 6.6203213e-01]], dtype=float32), array([[6.3867733e-02, 2.8179897e-04, 9.3585044e-01],
       [2.5115900e-03, 1.4114461e-08, 9.9748838e-01],
       [2.5120386e-01, 3.0041277e-02, 7.1875483e-01]], dtype=float32), array([[2.9844946e-01, 3.1497917e-04, 7.0123559e-01],
       [8.9240052e-02, 7.1829370e-10, 9.1075993e-01],
       [3.3770722e-01, 1.5481130e-03, 6.6074467e-01]], dtype=float32), array([[2.6037616e-01, 2.4466024e-04, 7.3937917e-01],
       [6.0967699e-02, 7.1466100e-10, 9.3903226e-01],
       [3.1156552e-01, 1.5879126e-03, 6.8684661e-01]], dtype=float32), array([[4.6808866e-01, 9.0214889e-04, 5.3100926e-01],
       [3.9749798e-01, 4.4272827e-10, 6.0250205e-01],
       [4.6939918e-01, 1.2087646e-03, 5.2939206e-01]], dtype=float32), array([[6.1208062e-02, 2.5533754e-04, 9.3853658e-01],
       [2.3448840e-03, 1.2409622e-08, 9.9765503e-01],
       [2.4728981e-01, 2.8623898e-02, 7.2408628e-01]], dtype=float32), array([[4.9445663e-02, 2.5383892e-04, 9.5030057e-01],
       [1.6509143e-03, 1.8061218e-08, 9.9834907e-01],
       [2.5375944e-01, 4.0989961e-02, 7.0525062e-01]], dtype=float32), array([[2.9638338e-01, 2.9547059e-04, 7.0332116e-01],
       [8.7415226e-02, 6.2369598e-10, 9.1258478e-01],
       [3.3600804e-01, 1.4736584e-03, 6.6251832e-01]], dtype=float32), array([[1.8731640e-01, 1.1073699e-03, 8.1157625e-01],
       [1.6948406e-02, 1.1429943e-08, 9.8305154e-01],
       [3.1811437e-01, 2.5176421e-02, 6.5670925e-01]], dtype=float32), array([[4.6727306e-01, 8.7482232e-04, 5.3185213e-01],
       [3.9512640e-01, 4.2122530e-10, 6.0487354e-01],
       [4.6864948e-01, 1.1800630e-03, 5.3017044e-01]], dtype=float32), array([[1.5716490e-01, 8.3505793e-04, 8.4200001e-01],
       [1.1692646e-02, 1.1349013e-08, 9.8830730e-01],
       [3.0330169e-01, 2.5424866e-02, 6.7127335e-01]], dtype=float32), array([[1.08111165e-01, 6.81258316e-05, 8.91820669e-01],
       [8.90513603e-03, 6.34324426e-10, 9.91094828e-01],
       [2.03068063e-01, 1.72643887e-03, 7.95205474e-01]], dtype=float32), array([[5.8534995e-02, 2.3021588e-04, 9.4123477e-01],
       [2.1820560e-03, 1.0828274e-08, 9.9781787e-01],
       [2.4319644e-01, 2.7200712e-02, 7.2960275e-01]], dtype=float32), array([[4.6705097e-01, 8.5120130e-04, 5.3209782e-01],
       [3.9437154e-01, 3.8337564e-10, 6.0562843e-01],
       [4.6844602e-01, 1.1508038e-03, 5.3040320e-01]], dtype=float32), array([[1.0291521e-05, 9.9970609e-01, 2.8365944e-04],
       [9.2420441e-01, 1.5910431e-04, 7.5636521e-02],
       [3.3948626e-03, 9.7917664e-01, 1.7428530e-02]], dtype=float32), array([[1.5541384e-01, 7.9910998e-04, 8.4378701e-01],
       [1.1400901e-02, 1.0456791e-08, 9.8859906e-01],
       [3.0184615e-01, 2.4787946e-02, 6.7336589e-01]], dtype=float32), array([[4.6695107e-01, 8.4642798e-04, 5.3220248e-01],
       [3.9395159e-01, 3.6888459e-10, 6.0604841e-01],
       [4.6835667e-01, 1.1459208e-03, 5.3049749e-01]], dtype=float32), array([[5.7662208e-02, 2.2022794e-04, 9.4211757e-01],
       [2.1244597e-03, 1.0048715e-08, 9.9787557e-01],
       [2.4158706e-01, 2.6525827e-02, 7.3188716e-01]], dtype=float32), array([[4.6669307e-01, 8.4403227e-04, 5.3246289e-01],
       [3.9302436e-01, 3.5740677e-10, 6.0697567e-01],
       [4.6812388e-01, 1.1459950e-03, 5.3073013e-01]], dtype=float32), array([[4.6656129e-01, 8.4310904e-04, 5.3259563e-01],
       [3.9255717e-01, 3.5255177e-10, 6.0744280e-01],
       [4.6800506e-01, 1.1464069e-03, 5.3084850e-01]], dtype=float32), array([[1.5395807e-01, 7.6076016e-04, 8.4528112e-01],
       [1.1135043e-02, 9.3586694e-09, 9.8886502e-01],
       [3.0043250e-01, 2.4012588e-02, 6.7555487e-01]], dtype=float32), array([[1.8257232e-01, 9.8599831e-04, 8.1644171e-01],
       [1.5956583e-02, 9.1807619e-09, 9.8404342e-01],
       [3.1435999e-01, 2.3412783e-02, 6.6222727e-01]], dtype=float32), array([[1.0697963e-01, 6.5780696e-05, 8.9295459e-01],
       [8.6049810e-03, 5.6384181e-10, 9.9139506e-01],
       [2.0249276e-01, 1.7186040e-03, 7.9578859e-01]], dtype=float32), array([[2.9383340e-01, 2.7994753e-04, 7.0588666e-01],
       [8.4507659e-02, 5.1784160e-10, 9.1549236e-01],
       [3.3429322e-01, 1.4362419e-03, 6.6427058e-01]], dtype=float32)]",1,0,0,0,0,0,55.76541353383459,60.04135338345865,2000,0.00016088106199121807,0.00036916270669201277,9.86,9.86,2000,46000,46000,0.34584685213855676,104968,93000,61938,2139000,1424574,0,1021.361529619716,6044176.801701224,6320961.749993897,0.00022285833256319165,0.16654440760612488,-0.03128686547279358,0.0,0.0013802934991,81158,0.4722185432910919,0.0004838705062866211,30969,1917.1702880859375,0.31769314408302307,712287,999.0,0.0068371971137821674,23.0,1.0,340.113114615959,0.0,0.0,712287,999.0,1.0,23.0,0.0013802934991,0.0393447157605,30969,23810,340.1128271565477,1.0067001111073661,0.1945792290784728,50,46100,100,2,2.0,10.5,4.837059211260221e-05,0.00010734662345012652,23.0,9.5,10.08,0.001595954641525168,1150,1.0067001111073661,0.00032225310246814296,2,10.08,0.00017009726460315262,100,0.000391094469977315,10.08,2300,2300,100,1.997261054895711e-05,6.926352334826164e-06,4.473861461110312e-05,7.459714961195683e-06,3.3613899683527756e-05,0.00015574567045123866,2.8945303618425362e-05,2.9073715506463968e-05,1.6284721960111206e-05,2.1995980917875875e-05,4.946103729078663e-05,0.058397868706330326,0.007108633221392741,0.056634306575663367,0.17572765307569024,0.030308384191371978,0.01657620075553362,0.0001846360982877858,0.15525008738040924,-0.03599321469664574,1.0,0.4722185730934143,0.007709920406341553,108066,84.40824890136719,0.0033968163188546896,0.3135438,2485518,498.0,691.0,713.0,108066,0.0,2485518,498.0,713.0,691.0,651000,216132,14973000,4971036,10456.58143605426,3.607663950843778e-05,4.593597273706806e-05,6.78721907296292e-06,7.835276062744667e-06,2.1177882349722096e-05,0.00016499603040807018,3.090634312941751e-05,2.3432386640674177e-05,5.1700799926916206e-05,3.126318435909001e-05,1.7358393634333956e-05
1,48000,False,24,d2a96_00000,2025-08-17_21-06-54,1755464814,91.3102445602417,2253.65798330307,686047,intrinsic-attention2,10.156.0.3,2253.65798330307,24,93.28252806011156,1.476365409425217e-05,93.28223389953094,2.7789914968907063,90.14682199092242,0.0022514908448838483,23.0,9.5,1.0067001111073661,2.7447337333981854,9.95,0.001590872670058161,0.0002549519995227456,2,2.0,10.5,1000,48000,24000,4.859660358978001e-05,0.00010289154658579765,2000,2,1.0067001111073661,495.95235158773085,2000.0,3000.0,"[array([-1.7211989, -1.7211989, -1.7211989], dtype=float32), array([-1.7218058, -1.7218058, -1.7218058], dtype=float32), array([-1.7220479, -1.7220479, -1.7220479], dtype=float32), array([-1.7215813, -1.7215813, -1.7215813], dtype=float32), array([-1.7205998, -1.7205998, -1.7205998], dtype=float32), array([-1.7191355, -1.7191355, -1.7191355], dtype=float32), array([-1.7172502, -1.7172502, -1.7172502], dtype=float32), array([-1.7186221, -1.7186221, -1.7186221], dtype=float32), array([-1.7186643, -1.7186643, -1.7186643], dtype=float32), array([-1.7185479, -1.7185479, -1.7185479], dtype=float32), array([-1.7005662, -1.7005662, -1.7005662], dtype=float32), array([-1.6841755, -1.6841755, -1.6841755], dtype=float32), array([-1.6693892, -1.6693892, -1.6693892], dtype=float32), array([-1.656071, -1.656071, -1.656071], dtype=float32), array([-1.6433947, -1.6433947, -1.6433947], dtype=float32), array([-1.6319917, -1.6319917, -1.6319917], dtype=float32), array([-1.6227287, -1.6227287, -1.6227287], dtype=float32), array([-1.614363, -1.614363, -1.614363], dtype=float32), array([-1.6068076, -1.6068076, -1.6068076], dtype=float32), array([-1.6020231, -1.6020231, -1.6020231], dtype=float32), array([-1.5970327, -1.5970327, -1.5970327], dtype=float32), array([-1.5924181, -1.5924181, -1.5924181], dtype=float32), array([-1.5894724, -1.5894724, -1.5894724], dtype=float32), array([-1.5867189, -1.5867189, -1.5867189], dtype=float32), array([-1.5839654, -1.5839654, -1.5839654], dtype=float32), array([-1.5808522, -1.5808522, -1.5808522], dtype=float32), array([-1.5796226, -1.5796226, -1.5796226], dtype=float32), array([-1.5779604, -1.5779604, -1.5779604], dtype=float32), array([-1.5762217, -1.5762217, -1.5762217], dtype=float32), array([-1.5666778, -1.5666778, -1.5666778], dtype=float32), array([-1.5581276, -1.5581276, -1.5581276], dtype=float32)]","[array([-1.721199, -1.721199, -1.721199], dtype=float32), array([-1.7218057, -1.7218057, -1.7218057], dtype=float32), array([-1.7220483, -1.7220483, -1.7220483], dtype=float32), array([-1.7215815, -1.7215815, -1.7215815], dtype=float32), array([-1.7205997, -1.7205997, -1.7205997], dtype=float32), array([-1.7191354, -1.7191354, -1.7191354], dtype=float32), array([-1.7172502, -1.7172502, -1.7172502], dtype=float32), array([-1.7186217, -1.7186217, -1.7186217], dtype=float32), array([-1.7186645, -1.7186645, -1.7186645], dtype=float32), array([-1.7185478, -1.7185478, -1.7185478], dtype=float32), array([-1.7005663, -1.7005663, -1.7005663], dtype=float32), array([-1.6841756, -1.6841756, -1.6841756], dtype=float32), array([-1.669389, -1.669389, -1.669389], dtype=float32), array([-1.6560711, -1.6560711, -1.6560711], dtype=float32), array([-1.6433946, -1.6433946, -1.6433946], dtype=float32), array([-1.6319915, -1.6319915, -1.6319915], dtype=float32), array([-1.6227291, -1.6227291, -1.6227291], dtype=float32), array([-1.6143631, -1.6143631, -1.6143631], dtype=float32), array([-1.6068076, -1.6068076, -1.6068076], dtype=float32), array([-1.6020231, -1.6020231, -1.6020231], dtype=float32), array([-1.5970328, -1.5970328, -1.5970328], dtype=float32), array([-1.592418, -1.592418, -1.592418], dtype=float32), array([-1.5894725, -1.5894725, -1.5894725], dtype=float32), array([-1.5867188, -1.5867188, -1.5867188], dtype=float32), array([-1.5839657, -1.5839657, -1.5839657], dtype=float32), array([-1.5808519, -1.5808519, -1.5808519], dtype=float32), array([-1.5796231, -1.5796231, -1.5796231], dtype=float32), array([-1.5779604, -1.5779604, -1.5779604], dtype=float32), array([-1.576222, -1.576222, -1.576222], dtype=float32), array([-1.5666779, -1.5666779, -1.5666779], dtype=float32), array([-1.5581275, -1.5581275, -1.5581275], dtype=float32)]","[array([[1.07099816e-01, 6.62114689e-05, 8.92833948e-01],
       [8.62011872e-03, 5.69633452e-10, 9.91379857e-01],
       [2.02686861e-01, 1.72868196e-03, 7.95584440e-01]], dtype=float32), array([[2.9397842e-01, 2.8426500e-04, 7.0573729e-01],
       [8.4706642e-02, 5.4319149e-10, 9.1529340e-01],
       [3.3444723e-01, 1.4556292e-03, 6.6409713e-01]], dtype=float32), array([[1.8251017e-01, 9.9940842e-04, 8.1649041e-01],
       [1.6081424e-02, 9.9182440e-09, 9.8391855e-01],
       [3.1419620e-01, 2.3530288e-02, 6.6227353e-01]], dtype=float32), array([[1.53474614e-01, 7.72050698e-04, 8.45753372e-01],
       [1.12019535e-02, 1.03650031e-08, 9.88798082e-01],
       [2.99990654e-01, 2.41726153e-02, 6.75836742e-01]], dtype=float32), array([[3.2941011e-01, 3.2711420e-03, 6.6731870e-01],
       [8.0574222e-02, 9.9671436e-09, 9.1942579e-01],
       [3.8302773e-01, 2.1424809e-02, 5.9554750e-01]], dtype=float32), array([[1.5356061e-01, 7.8279729e-04, 8.4565657e-01],
       [1.1261904e-02, 1.0911439e-08, 9.8873806e-01],
       [3.0013949e-01, 2.4392020e-02, 6.7546850e-01]], dtype=float32), array([[2.9370522e-01, 2.9368454e-04, 7.0600104e-01],
       [8.4997743e-02, 6.3235162e-10, 9.1500223e-01],
       [3.3426890e-01, 1.4968785e-03, 6.6423428e-01]], dtype=float32), array([[1.5378003e-01, 7.9762784e-04, 8.4542239e-01],
       [1.1359545e-02, 1.1670734e-08, 9.8864043e-01],
       [3.0036372e-01, 2.4663301e-02, 6.7497295e-01]], dtype=float32), array([[3.2948175e-01, 3.3768236e-03, 6.6714138e-01],
       [8.1066474e-02, 1.1547747e-08, 9.1893357e-01],
       [3.8308501e-01, 2.1980030e-02, 5.9493494e-01]], dtype=float32), array([[1.5445879e-01, 8.2709733e-04, 8.4471411e-01],
       [1.1578421e-02, 1.3155512e-08, 9.8842156e-01],
       [3.0091116e-01, 2.5152301e-02, 6.7393655e-01]], dtype=float32), array([[5.8251955e-02, 2.3900717e-04, 9.4150901e-01],
       [2.2411102e-03, 1.3163407e-08, 9.9775887e-01],
       [2.4220054e-01, 2.7373102e-02, 7.3042637e-01]], dtype=float32), array([[1.8358850e-01, 1.0697149e-03, 8.1534177e-01],
       [1.6501412e-02, 1.2328730e-08, 9.8349863e-01],
       [3.1536531e-01, 2.4660099e-02, 6.5997469e-01]], dtype=float32), array([[1.8331684e-01, 1.0585197e-03, 8.1562465e-01],
       [1.6363166e-02, 1.1781192e-08, 9.8363680e-01],
       [3.1532526e-01, 2.4599984e-02, 6.6007477e-01]], dtype=float32), array([[2.5239417e-01, 2.1886185e-04, 7.4738699e-01],
       [5.6316014e-02, 6.3120448e-10, 9.4368398e-01],
       [3.0557793e-01, 1.4994807e-03, 6.9292259e-01]], dtype=float32), array([[3.2924482e-01, 3.3275213e-03, 6.6742760e-01],
       [7.9874709e-02, 1.0019306e-08, 9.2012525e-01],
       [3.8325348e-01, 2.2011025e-02, 5.9473544e-01]], dtype=float32), array([[1.2705006e-01, 6.1126273e-05, 8.7288880e-01],
       [1.2701020e-02, 4.0699727e-10, 9.8729891e-01],
       [2.1137574e-01, 1.1506240e-03, 7.8747356e-01]], dtype=float32), array([[2.5083637e-01, 2.0173697e-04, 7.4896187e-01],
       [5.5289827e-02, 5.1657312e-10, 9.4471020e-01],
       [3.0404538e-01, 1.3993219e-03, 6.9455534e-01]], dtype=float32), array([[2.5043991e-01, 1.9780191e-04, 7.4936229e-01],
       [5.5052798e-02, 4.9376397e-10, 9.4494718e-01],
       [3.0364975e-01, 1.3757497e-03, 6.9497454e-01]], dtype=float32), array([[5.7380237e-02, 2.1813289e-04, 9.4240159e-01],
       [2.0764628e-03, 9.5026005e-09, 9.9792349e-01],
       [2.4246037e-01, 2.6971096e-02, 7.3056853e-01]], dtype=float32), array([[1.53594211e-01, 7.50613457e-04, 8.45655143e-01],
       [1.08147655e-02, 8.24006374e-09, 9.89185214e-01],
       [3.01407695e-01, 2.44702306e-02, 6.74122095e-01]], dtype=float32), array([[1.0139489e-01, 5.1519633e-05, 8.9855361e-01],
       [7.7723530e-03, 3.7061537e-10, 9.9222761e-01],
       [1.9525728e-01, 1.4292062e-03, 8.0331355e-01]], dtype=float32), array([[4.6277723e-01, 6.5963971e-04, 5.3656316e-01],
       [3.8194263e-01, 2.1011448e-10, 6.1805737e-01],
       [4.6452478e-01, 9.2411443e-04, 5.3455114e-01]], dtype=float32), array([[1.5181834e-01, 6.9179857e-04, 8.4748983e-01],
       [1.0290370e-02, 6.2407337e-09, 9.8970968e-01],
       [3.0029431e-01, 2.3575900e-02, 6.7612976e-01]], dtype=float32), array([[1.5128636e-01, 6.7641248e-04, 8.4803724e-01],
       [1.0147582e-02, 5.7953038e-09, 9.8985237e-01],
       [2.9995576e-01, 2.3337906e-02, 6.7670631e-01]], dtype=float32), array([[3.2743672e-01, 2.9212281e-03, 6.6964197e-01],
       [7.5621910e-02, 5.0953171e-09, 9.2437804e-01],
       [3.8272026e-01, 2.0408271e-02, 5.9687144e-01]], dtype=float32), array([[2.8295600e-01, 1.9151918e-04, 7.1685243e-01],
       [7.5958721e-02, 2.2983732e-10, 9.2404121e-01],
       [3.2491028e-01, 1.0559892e-03, 6.7403376e-01]], dtype=float32), array([[3.2721481e-01, 2.9259268e-03, 6.6985929e-01],
       [7.5475276e-02, 5.1739795e-09, 9.2452466e-01],
       [3.8261974e-01, 2.0472044e-02, 5.9690821e-01]], dtype=float32), array([[5.4685742e-02, 1.8132597e-04, 9.4513297e-01],
       [1.8091601e-03, 5.8177094e-09, 9.9819082e-01],
       [2.3959833e-01, 2.5362220e-02, 7.3503941e-01]], dtype=float32), array([[2.8256592e-01, 1.9720937e-04, 7.1723688e-01],
       [7.5875565e-02, 2.5713728e-10, 9.2412442e-01],
       [3.2473505e-01, 1.0874816e-03, 6.7417747e-01]], dtype=float32), array([[1.1054232e-01, 4.1031381e-05, 8.8941669e-01],
       [9.1765784e-03, 1.8208998e-10, 9.9082339e-01],
       [1.9767296e-01, 9.8463171e-04, 8.0134243e-01]], dtype=float32), array([[1.4950737e-01, 6.2070688e-04, 8.4987193e-01],
       [9.6517997e-03, 4.3391126e-09, 9.9034822e-01],
       [2.9870996e-01, 2.2385256e-02, 6.7890477e-01]], dtype=float32)]",1,0,0,0,0,0,55.05038167938932,60.07022900763359,2000,0.00016347500208787843,0.00037887137460731736,9.95,9.95,2000,48000,48000,0.34564200335716067,104968,93000,61938,2232000,1486512,0,1022.1375260351481,6039821.804640396,6318720.593332044,0.00011142916628159583,0.1327541619539261,-0.0006366678280755877,0.0,0.0013802934991,81158,0.4722185432910919,-0.10784006118774414,30969,1911.04052734375,0.34838786721229553,743256,999.0,0.004201837815344334,24.0,1.0,340.37154916542,0.0,0.0,743256,999.0,1.0,24.0,0.0013802934991,0.0393447157605,30969,23810,340.3712879287118,1.0067001111073661,0.1946136104176877,50,48100,100,2,2.0,10.5,6.10894064437685e-05,0.00015460003842239568,24.0,9.5,10.08,0.0020393463599612006,1200,1.0067001111073661,0.0003209357714859906,2,10.08,0.0002328544291938684,100,0.0005304330557428874,10.08,2400,2400,100,2.0774546687147067e-05,7.172352328315522e-06,4.492580896225461e-05,7.599471777160986e-06,3.386512720001292e-05,0.00016085654352754954,3.0357775621481834e-05,2.9809524790282155e-05,1.6725508846016267e-05,2.277802243843374e-05,5.038880905675669e-05,0.0583652750993014,0.007104304449158847,0.05657277788987169,0.17563687578487888,0.030287768809376423,0.01657910378794254,0.00018453986733663147,0.12600117921829224,-0.0390964113175869,1.0,0.4722185730934143,0.02183622121810913,108066,87.20039367675781,0.004870932549238205,0.31071717,2593584,498.0,721.0,744.0,108066,0.0,2593584,498.0,744.0,721.0,651000,216132,15624000,5187168,10411.01852431552,4.9112272007008165e-05,6.401672819831871e-05,9.130107401605471e-06,1.0053744181286149e-05,2.712768028060245e-05,0.00021658870287888658,4.246850206930088e-05,3.033840777169705e-05,7.157515577797967e-05,4.2942059544837346e-05,2.3616434855641922e-05
1,50000,False,25,d2a96_00000,2025-08-17_21-08-26,1755464906,91.36034941673279,2345.018332719803,686047,intrinsic-attention2,10.156.0.3,2345.018332719803,25,93.2612456571004,1.4757657601550892e-05,93.26095019549564,2.784074899681749,90.1207191662332,0.00224653672643689,24.0,9.5,1.0067001111073661,2.749845905824234,9.97,0.0016226166403794195,0.0002549519995227456,2,2.0,10.5,1000,50000,25000,4.915297917951888e-05,0.00010755537612027667,2000,2,1.0067001111073661,482.7072231030735,2000.0,3000.0,"[array([-1.5503924, -1.5503924, -1.5503924], dtype=float32), array([-1.5462545, -1.5462545, -1.5462545], dtype=float32), array([-1.5405177, -1.5405177, -1.5405177], dtype=float32), array([-1.5344949, -1.5344949, -1.5344949], dtype=float32), array([-1.5276579, -1.5276579, -1.5276579], dtype=float32), array([-1.5215838, -1.5215838, -1.5215838], dtype=float32), array([-1.5136377, -1.5136377, -1.5136377], dtype=float32), array([-1.5093637, -1.5093637, -1.5093637], dtype=float32), array([-1.5044956, -1.5044956, -1.5044956], dtype=float32), array([-1.49984, -1.49984, -1.49984], dtype=float32), array([-1.4963164, -1.4963164, -1.4963164], dtype=float32), array([-1.4932581, -1.4932581, -1.4932581], dtype=float32), array([-1.4904842, -1.4904842, -1.4904842], dtype=float32), array([-1.4877725, -1.4877725, -1.4877725], dtype=float32), array([-1.4848135, -1.4848135, -1.4848135], dtype=float32), array([-1.4807528, -1.4807528, -1.4807528], dtype=float32), array([-1.477379, -1.477379, -1.477379], dtype=float32), array([-1.4742774, -1.4742774, -1.4742774], dtype=float32), array([-1.4712747, -1.4712747, -1.4712747], dtype=float32), array([-1.4674144, -1.4674144, -1.4674144], dtype=float32), array([-1.4637758, -1.4637758, -1.4637758], dtype=float32), array([-1.4594282, -1.4594282, -1.4594282], dtype=float32), array([-1.4551271, -1.4551271, -1.4551271], dtype=float32), array([-1.4509271, -1.4509271, -1.4509271], dtype=float32), array([-1.4472387, -1.4472387, -1.4472387], dtype=float32), array([-1.4437128, -1.4437128, -1.4437128], dtype=float32), array([-1.4407126, -1.4407126, -1.4407126], dtype=float32), array([-1.4378755, -1.4378755, -1.4378755], dtype=float32), array([-1.4351751, -1.4351751, -1.4351751], dtype=float32), array([-1.4326509, -1.4326509, -1.4326509], dtype=float32), array([-1.4305358, -1.4305358, -1.4305358], dtype=float32)]","[array([-1.5503926, -1.5503926, -1.5503926], dtype=float32), array([-1.5462543, -1.5462543, -1.5462543], dtype=float32), array([nan, nan, nan], dtype=float32), array([-1.534495, -1.534495, -1.534495], dtype=float32), array([nan, nan, nan], dtype=float32), array([-1.521584, -1.521584, -1.521584], dtype=float32), array([nan, nan, nan], dtype=float32), array([-1.5093638, -1.5093638, -1.5093638], dtype=float32), array([-1.5044956, -1.5044956, -1.5044956], dtype=float32), array([-1.4998403, -1.4998403, -1.4998403], dtype=float32), array([-1.4963163, -1.4963163, -1.4963163], dtype=float32), array([-1.4932582, -1.4932582, -1.4932582], dtype=float32), array([-1.4904842, -1.4904842, -1.4904842], dtype=float32), array([nan, nan, nan], dtype=float32), array([-1.4848133, -1.4848133, -1.4848133], dtype=float32), array([-1.4807525, -1.4807525, -1.4807525], dtype=float32), array([-1.4773791, -1.4773791, -1.4773791], dtype=float32), array([-1.4742773, -1.4742773, -1.4742773], dtype=float32), array([-1.4712746, -1.4712746, -1.4712746], dtype=float32), array([nan, nan, nan], dtype=float32), array([-1.4637759, -1.4637759, -1.4637759], dtype=float32), array([nan, nan, nan], dtype=float32), array([-1.4551269, -1.4551269, -1.4551269], dtype=float32), array([-1.4509271, -1.4509271, -1.4509271], dtype=float32), array([nan, nan, nan], dtype=float32), array([-1.4437128, -1.4437128, -1.4437128], dtype=float32), array([-1.4407126, -1.4407126, -1.4407126], dtype=float32), array([-1.4378754, -1.4378754, -1.4378754], dtype=float32), array([-1.4351751, -1.4351751, -1.4351751], dtype=float32), array([nan, nan, nan], dtype=float32), array([-1.4305357, -1.4305357, -1.4305357], dtype=float32)]","[array([[1.4887893e-01, 5.9861527e-04, 8.5052246e-01],
       [9.4630346e-03, 3.8245158e-09, 9.9053699e-01],
       [2.9822239e-01, 2.1970654e-02, 6.7980695e-01]], dtype=float32), array([[4.6203566e-01, 5.2449480e-04, 5.3743982e-01],
       [3.7937617e-01, 9.7925487e-11, 6.2062389e-01],
       [4.6382487e-01, 7.4049825e-04, 5.3543466e-01]], dtype=float32), array([[5.1896963e-02, 1.4789695e-04, 9.4795519e-01],
       [1.5723731e-03, 3.4866006e-09, 9.9842763e-01],
       [2.3558468e-01, 2.3338830e-02, 7.4107647e-01]], dtype=float32), array([[1.7359135e-01, 7.3702412e-04, 8.2567161e-01],
       [1.3059519e-02, 3.4458949e-09, 9.8694044e-01],
       [3.0989596e-01, 2.0905176e-02, 6.6919887e-01]], dtype=float32), array([[1.4640790e-01, 5.6464609e-04, 8.5302746e-01],
       [9.1456827e-03, 3.5012082e-09, 9.9085426e-01],
       [2.9604831e-01, 2.1230964e-02, 6.8272072e-01]], dtype=float32), array([[1.7336558e-01, 7.3569437e-04, 8.2589871e-01],
       [1.3102210e-02, 3.5463550e-09, 9.8689771e-01],
       [3.0946487e-01, 2.0763924e-02, 6.6977119e-01]], dtype=float32), array([[2.4326257e-01, 1.2584920e-04, 7.5661159e-01],
       [4.9448662e-02, 1.3582800e-10, 9.5055133e-01],
       [2.9672864e-01, 9.4876403e-04, 7.0232254e-01]], dtype=float32), array([[9.7008474e-02, 3.9355065e-05, 9.0295213e-01],
       [6.9051851e-03, 1.9275448e-10, 9.9309480e-01],
       [1.8994996e-01, 1.1906669e-03, 8.0885941e-01]], dtype=float32), array([[9.9119119e-02, 4.5000717e-05, 9.0083587e-01],
       [7.3382091e-03, 2.7072133e-10, 9.9266183e-01],
       [1.9241671e-01, 1.3002538e-03, 8.0628300e-01]], dtype=float32), array([[1.7920415e-01, 9.0643071e-04, 8.1988949e-01],
       [1.4909038e-02, 7.0118098e-09, 9.8509097e-01],
       [3.1292784e-01, 2.2858616e-02, 6.6421354e-01]], dtype=float32), array([[2.4866644e-01, 1.8059305e-04, 7.5115293e-01],
       [5.4153718e-02, 4.0955050e-10, 9.4584620e-01],
       [3.0176327e-01, 1.2671594e-03, 6.9696963e-01]], dtype=float32), array([[5.7100046e-02, 2.1766871e-04, 9.4268227e-01],
       [2.0795243e-03, 9.8239648e-09, 9.9792045e-01],
       [2.4167880e-01, 2.6779409e-02, 7.3154187e-01]], dtype=float32), array([[1.54744714e-01, 8.09881953e-04, 8.44445348e-01],
       [1.13280425e-02, 1.11235918e-08, 9.88672018e-01],
       [3.01913083e-01, 2.52713878e-02, 6.72815502e-01]], dtype=float32), array([[3.30364078e-01, 3.49921011e-03, 6.66136742e-01],
       [8.10844749e-02, 1.18021894e-08, 9.18915510e-01],
       [3.83935988e-01, 2.28561666e-02, 5.93207836e-01]], dtype=float32), array([[5.95904179e-02, 2.55343562e-04, 9.40154254e-01],
       [2.31922488e-03, 1.44406105e-08, 9.97680783e-01],
       [2.45110989e-01, 2.86376309e-02, 7.26251364e-01]], dtype=float32), array([[6.0965538e-02, 2.7804749e-04, 9.3875641e-01],
       [2.4611438e-03, 1.7789223e-08, 9.9753881e-01],
       [2.4685574e-01, 2.9634763e-02, 7.2350949e-01]], dtype=float32), array([[6.2282607e-02, 3.0127872e-04, 9.3741614e-01],
       [2.6018610e-03, 2.1641629e-08, 9.9739814e-01],
       [2.4851932e-01, 3.0618299e-02, 7.2086239e-01]], dtype=float32), array([[4.6110687e-01, 9.4632676e-04, 5.3794676e-01],
       [3.7891662e-01, 9.1500985e-10, 6.2108338e-01],
       [4.6302983e-01, 1.3351090e-03, 5.3563505e-01]], dtype=float32), array([[2.5493994e-01, 2.7932911e-04, 7.4478072e-01],
       [6.0479514e-02, 1.6109728e-09, 9.3952048e-01],
       [3.0749813e-01, 1.7915450e-03, 6.9071037e-01]], dtype=float32), array([[1.9276556e-01, 1.4797823e-03, 8.0575466e-01],
       [1.9547321e-02, 3.1779869e-08, 9.8045266e-01],
       [3.2187885e-01, 2.9650155e-02, 6.4847100e-01]], dtype=float32), array([[2.9439527e-01, 3.7838871e-04, 7.0522636e-01],
       [8.9660510e-02, 1.9157456e-09, 9.1033947e-01],
       [3.3474243e-01, 1.8235700e-03, 6.6343397e-01]], dtype=float32), array([[1.6552752e-01, 1.2304152e-03, 8.3324206e-01],
       [1.4400733e-02, 3.9083787e-08, 9.8559928e-01],
       [3.0958068e-01, 3.1287450e-02, 6.5913188e-01]], dtype=float32), array([[4.6009064e-01, 1.0978485e-03, 5.3881150e-01],
       [3.7665427e-01, 1.6286207e-09, 6.2334573e-01],
       [4.6212336e-01, 1.5582959e-03, 5.3631830e-01]], dtype=float32), array([[2.5761023e-01, 3.2793329e-04, 7.4206179e-01],
       [6.3106306e-02, 2.6162492e-09, 9.3689370e-01],
       [3.0987623e-01, 2.0330648e-03, 6.8809062e-01]], dtype=float32), array([[1.9709215e-01, 1.7078544e-03, 8.0119997e-01],
       [2.1172095e-02, 4.8813106e-08, 9.7882789e-01],
       [3.2456031e-01, 3.1985104e-02, 6.4345461e-01]], dtype=float32), array([[2.5843114e-01, 3.4337863e-04, 7.4122554e-01],
       [6.3923478e-02, 3.0075908e-09, 9.3607658e-01],
       [3.1058568e-01, 2.1069555e-03, 6.8730736e-01]], dtype=float32), array([[6.9499262e-02, 4.4944260e-04, 9.3005133e-01],
       [3.4372818e-03, 5.6359905e-08, 9.9656266e-01],
       [2.5711864e-01, 3.6023851e-02, 7.0685750e-01]], dtype=float32), array([[6.9989517e-02, 4.6132613e-04, 9.2954922e-01],
       [3.4994369e-03, 5.9988430e-08, 9.9650049e-01],
       [2.5768879e-01, 3.6417514e-02, 7.0589370e-01]], dtype=float32), array([[1.7024519e-01, 1.4517339e-03, 8.2830310e-01],
       [1.5832426e-02, 6.2879302e-08, 9.8416752e-01],
       [3.1280786e-01, 3.4079790e-02, 6.5311235e-01]], dtype=float32), array([[4.5941699e-01, 1.2409659e-03, 5.3934211e-01],
       [3.7542087e-01, 2.6491522e-09, 6.2457913e-01],
       [4.6152058e-01, 1.7666732e-03, 5.3671277e-01]], dtype=float32), array([[1.7106016e-01, 1.4968439e-03, 8.2744300e-01],
       [1.6113371e-02, 6.9014675e-08, 9.8388654e-01],
       [3.1333145e-01, 3.4609970e-02, 6.5205860e-01]], dtype=float32)]",1,0,0,0,0,0,55.20153846153846,60.06153846153847,2000,0.00016828938183017497,0.00038364009025156326,9.97,9.97,2000,50000,50000,0.3453986402736332,104968,93000,61938,2325000,1548450,0,1023.3766788528378,6044293.1974051315,6324240.932949764,5.571458314079791e-05,0.13454370200634003,-0.014357279054820538,0.0,0.0013802934991,81158,0.4722185432910919,0.00795745849609375,30969,1866.27685546875,0.33466389775276184,774225,999.0,0.00061486114282161,25.0,1.0,340.78420057182745,0.0,0.0,774225,999.0,1.0,25.0,0.0013802934991,0.0393447157605,30969,23810,340.7839480398196,1.0067001111073661,0.1945498921035496,50,50100,100,2,2.0,10.5,6.394848240921996e-05,0.0001562411734818722,25.0,9.5,10.08,0.0023789067298639567,1250,1.0067001111073661,0.00031964270368273613,2,10.08,0.00023399820222138674,100,0.000539293037393151,10.08,2500,2500,100,2.079025409417778e-05,7.239178852355696e-06,4.770835098505846e-05,7.666474561144404e-06,3.4950589492416445e-05,0.00016354755528823754,3.0025245070922087e-05,3.0096922633434165e-05,1.6744259085123592e-05,2.2597952625320936e-05,5.18094344720056e-05,0.058323649608397914,0.007101143604613584,0.056485983710925114,0.1755380099070008,0.030280642641307736,0.016572007960038233,0.00018434553871485887,0.12659378349781036,-0.0008150870562531054,1.0,0.4722185730934143,-0.6280910968780518,108066,88.27254486083984,0.0005065483856014907,0.34829825,2701650,498.0,751.0,775.0,108066,0.0,2701650,498.0,775.0,751.0,651000,216132,16275000,5403300,10366.89543644277,4.924965793653926e-05,6.37391582618287e-05,9.147761629896504e-06,1.030133716821875e-05,2.803960486838915e-05,0.00022079186070269452,4.336551609463915e-05,3.1077954772434434e-05,7.393979903381968e-05,4.34467633884106e-05,2.451375655029686e-05
1,52000,False,26,d2a96_00000,2025-08-17_21-09-57,1755464997,91.24177384376526,2436.260106563568,686047,intrinsic-attention2,10.156.0.3,2436.260106563568,26,93.23904853524927,1.4772230979656942e-05,93.23875193003057,2.785615820774865,90.09494177178095,0.0022420636991717035,25.0,-9.5,1.0067001111073661,2.751431735556028,9.93,0.0015559525991557166,0.0002549519995227456,2,2.0,10.5,1000,52000,26000,4.725382615414171e-05,0.00010202779940763798,2000,2,1.0067001111073661,469.6016292660553,2000.0,3000.0,"[array([-1.4288484, -1.4288484, -1.4288484], dtype=float32), array([-1.4273431, -1.4273431, -1.4273431], dtype=float32), array([-1.4272557, -1.4272557, -1.4272557], dtype=float32), array([-1.4275304, -1.4275304, -1.4275304], dtype=float32), array([-1.4277314, -1.4277314, -1.4277314], dtype=float32), array([-1.4282614, -1.4282614, -1.4282614], dtype=float32), array([-1.4288992, -1.4288992, -1.4288992], dtype=float32), array([-1.4294204, -1.4294204, -1.4294204], dtype=float32), array([-1.4307951, -1.4307951, -1.4307951], dtype=float32), array([-1.4318999, -1.4318999, -1.4318999], dtype=float32), array([-1.4330556, -1.4330556, -1.4330556], dtype=float32), array([-1.4355978, -1.4355978, -1.4355978], dtype=float32), array([-1.4382013, -1.4382013, -1.4382013], dtype=float32), array([-1.4412078, -1.4412078, -1.4412078], dtype=float32), array([-1.4442328, -1.4442328, -1.4442328], dtype=float32), array([-1.4475573, -1.4475573, -1.4475573], dtype=float32), array([-1.4502295, -1.4502295, -1.4502295], dtype=float32), array([-1.4532201, -1.4532201, -1.4532201], dtype=float32), array([-1.455866, -1.455866, -1.455866], dtype=float32), array([-1.4587382, -1.4587382, -1.4587382], dtype=float32), array([-1.4612428, -1.4612428, -1.4612428], dtype=float32), array([-1.4634558, -1.4634558, -1.4634558], dtype=float32), array([-1.4656066, -1.4656066, -1.4656066], dtype=float32), array([-1.4673862, -1.4673862, -1.4673862], dtype=float32), array([-1.4684168, -1.4684168, -1.4684168], dtype=float32), array([-1.4692612, -1.4692612, -1.4692612], dtype=float32), array([-1.470553, -1.470553, -1.470553], dtype=float32), array([-1.4775703, -1.4775703, -1.4775703], dtype=float32), array([-1.5035769, -1.5035769, -1.5035769], dtype=float32), array([-1.5516055, -1.5516055, -1.5516055], dtype=float32), array([-1.6061918, -1.6061918, -1.6061918], dtype=float32)]","[array([nan, nan, nan], dtype=float32), array([-1.4273429, -1.4273429, -1.4273429], dtype=float32), array([-1.4272559, -1.4272559, -1.4272559], dtype=float32), array([nan, nan, nan], dtype=float32), array([-1.4277315, -1.4277315, -1.4277315], dtype=float32), array([-1.4282614, -1.4282614, -1.4282614], dtype=float32), array([-1.4288992, -1.4288992, -1.4288992], dtype=float32), array([-1.4294204, -1.4294204, -1.4294204], dtype=float32), array([nan, nan, nan], dtype=float32), array([nan, nan, nan], dtype=float32), array([-1.4330555, -1.4330555, -1.4330555], dtype=float32), array([-1.4355978, -1.4355978, -1.4355978], dtype=float32), array([-1.4382012, -1.4382012, -1.4382012], dtype=float32), array([nan, nan, nan], dtype=float32), array([-1.4442328, -1.4442328, -1.4442328], dtype=float32), array([-1.4475573, -1.4475573, -1.4475573], dtype=float32), array([-1.4502294, -1.4502294, -1.4502294], dtype=float32), array([nan, nan, nan], dtype=float32), array([-1.455866, -1.455866, -1.455866], dtype=float32), array([nan, nan, nan], dtype=float32), array([-1.4612428, -1.4612428, -1.4612428], dtype=float32), array([-1.463456, -1.463456, -1.463456], dtype=float32), array([-1.4656065, -1.4656065, -1.4656065], dtype=float32), array([nan, nan, nan], dtype=float32), array([-1.468417, -1.468417, -1.468417], dtype=float32), array([-1.4692612, -1.4692612, -1.4692612], dtype=float32), array([nan, nan, nan], dtype=float32), array([nan, nan, nan], dtype=float32), array([-1.5035769, -1.5035769, -1.5035769], dtype=float32), array([-1.5516056, -1.5516056, -1.5516056], dtype=float32), array([-1.6061921, -1.6061921, -1.6061921], dtype=float32)]","[array([[2.0069255e-01, 1.9259136e-03, 7.9738152e-01],
       [2.2624394e-02, 7.0184825e-08, 9.7737551e-01],
       [3.2673091e-01, 3.4091428e-02, 6.3917774e-01]], dtype=float32), array([[3.3838782e-01, 5.4683476e-03, 6.5614390e-01],
       [9.3822487e-02, 6.8652568e-08, 9.0617746e-01],
       [3.8775212e-01, 3.1211693e-02, 5.8103621e-01]], dtype=float32), array([[2.6135942e-01, 4.2949285e-04, 7.3821104e-01],
       [6.7316547e-02, 6.0171366e-09, 9.3268341e-01],
       [3.1336170e-01, 2.5259992e-03, 6.8411225e-01]], dtype=float32), array([[3.3932102e-01, 6.1563421e-03, 6.5452260e-01],
       [9.7416580e-02, 1.2242261e-07, 9.0258324e-01],
       [3.8779059e-01, 3.3794768e-02, 5.7841462e-01]], dtype=float32), array([[4.5666271e-01, 1.6802963e-03, 5.4165703e-01],
       [3.6910442e-01, 8.3616420e-09, 6.3089561e-01],
       [4.5907390e-01, 2.4341780e-03, 5.3849185e-01]], dtype=float32), array([[7.9054065e-02, 7.7369378e-04, 9.2017227e-01],
       [5.0789076e-03, 2.4277864e-07, 9.9492079e-01],
       [2.6539221e-01, 4.3712560e-02, 6.9089520e-01]], dtype=float32), array([[2.6798856e-01, 7.1624533e-04, 7.3129517e-01],
       [7.5080618e-02, 2.7487971e-08, 9.2491937e-01],
       [3.1991261e-01, 3.8599039e-03, 6.7622751e-01]], dtype=float32), array([[3.4133926e-01, 7.9114456e-03, 6.5074927e-01],
       [1.0608977e-01, 4.2201671e-07, 8.9390981e-01],
       [3.8756555e-01, 3.9701518e-02, 5.7273299e-01]], dtype=float32), array([[8.6049691e-02, 1.1051722e-03, 9.1284519e-01],
       [6.5937703e-03, 6.3512977e-07, 9.9340558e-01],
       [2.7037466e-01, 4.9316395e-02, 6.8030894e-01]], dtype=float32), array([[3.11562806e-01, 1.26382010e-03, 6.87173307e-01],
       [1.14598624e-01, 7.52489058e-08, 8.85401309e-01],
       [3.50094497e-01, 4.97467117e-03, 6.44930840e-01]], dtype=float32), array([[9.0219848e-02, 1.3437027e-03, 9.0843642e-01],
       [7.6015256e-03, 1.0638900e-06, 9.9239737e-01],
       [2.7325073e-01, 5.2766055e-02, 6.7398322e-01]], dtype=float32), array([[3.3721226e-01, 1.4520249e-03, 6.6133577e-01],
       [1.4736119e-01, 1.0049398e-07, 8.5263878e-01],
       [3.6652297e-01, 4.6562371e-03, 6.2882084e-01]], dtype=float32), array([[3.4289879e-01, 9.7872028e-03, 6.4731401e-01],
       [1.1404203e-01, 1.1850176e-06, 8.8595676e-01],
       [3.8705564e-01, 4.5463663e-02, 5.6748074e-01]], dtype=float32), array([[3.14881653e-01, 1.62911473e-03, 6.83489203e-01],
       [1.19712204e-01, 1.55834954e-07, 8.80287647e-01],
       [3.53201568e-01, 6.19055144e-03, 6.40607834e-01]], dtype=float32), array([[1.6766256e-01, 5.9210468e-04, 8.3174539e-01],
       [3.0129902e-02, 1.4583017e-07, 9.6986997e-01],
       [2.5371000e-01, 5.8138156e-03, 7.4047619e-01]], dtype=float32), array([[3.42689604e-01, 9.96291358e-03, 6.47347450e-01],
       [1.15060195e-01, 1.35762696e-06, 8.84938478e-01],
       [3.86698782e-01, 4.57730442e-02, 5.67528188e-01]], dtype=float32), array([[3.1589705e-01, 1.7814065e-03, 6.8232149e-01],
       [1.2114722e-01, 1.9799855e-07, 8.7885267e-01],
       [3.5426384e-01, 6.7097056e-03, 6.3902646e-01]], dtype=float32), array([[1.5008771e-01, 6.9768698e-04, 8.4921461e-01],
       [2.4250973e-02, 2.5806014e-07, 9.7574878e-01],
       [2.4766985e-01, 8.1870183e-03, 7.4414313e-01]], dtype=float32), array([[3.1729126e-01, 1.9705561e-03, 6.8073821e-01],
       [1.2349695e-01, 2.6674061e-07, 8.7650281e-01],
       [3.5548112e-01, 7.3033608e-03, 6.3721555e-01]], dtype=float32), array([[3.1297448e-01, 1.6085395e-03, 6.8541700e-01],
       [1.2327373e-01, 2.3028869e-07, 8.7672609e-01],
       [3.5029030e-01, 5.8465367e-03, 6.4386314e-01]], dtype=float32), array([[1.9505315e-01, 4.2533269e-03, 8.0069351e-01],
       [3.0548967e-02, 2.6149253e-06, 9.6944839e-01],
       [3.2278824e-01, 5.4413728e-02, 6.2279809e-01]], dtype=float32), array([[1.5390466e-01, 8.3007838e-04, 8.4526527e-01],
       [2.6139300e-02, 3.9792684e-07, 9.7386032e-01],
       [2.5137928e-01, 9.1972537e-03, 7.3942345e-01]], dtype=float32), array([[9.9610008e-02, 2.0190694e-03, 8.9837086e-01],
       [1.0358480e-02, 3.1998447e-06, 9.8963833e-01],
       [2.7804577e-01, 5.9702519e-02, 6.6225165e-01]], dtype=float32), array([[1.5413490e-01, 8.4323867e-04, 8.4502184e-01],
       [2.6339758e-02, 4.1845320e-07, 9.7365981e-01],
       [2.5151899e-01, 9.2778895e-03, 7.3920316e-01]], dtype=float32), array([[1.9812591e-01, 4.6987860e-03, 7.9717529e-01],
       [3.2278907e-02, 3.4657244e-06, 9.6771765e-01],
       [3.2441044e-01, 5.7326660e-02, 6.1826295e-01]], dtype=float32), array([[1.9958632e-01, 4.9141194e-03, 7.9549956e-01],
       [3.3082653e-02, 3.9169663e-06, 9.6691340e-01],
       [3.2519206e-01, 5.8712866e-02, 6.1609501e-01]], dtype=float32), array([[3.4646577e-01, 1.3766163e-02, 6.3976812e-01],
       [1.2767459e-01, 5.2112532e-06, 8.7232023e-01],
       [3.8656646e-01, 5.6831088e-02, 5.5660236e-01]], dtype=float32), array([[1.12660475e-01, 3.28363362e-03, 8.84055853e-01],
       [1.45519860e-02, 1.05009713e-05, 9.85437512e-01],
       [2.86813706e-01, 7.21409693e-02, 6.41045332e-01]], dtype=float32), array([[2.1250473e-01, 7.3988875e-03, 7.8009635e-01],
       [4.2217713e-02, 1.3336692e-05, 9.5776898e-01],
       [3.3022183e-01, 7.1054280e-02, 5.9872389e-01]], dtype=float32), array([[4.5754400e-01, 4.8666187e-03, 5.3758937e-01],
       [3.8081500e-01, 4.2798982e-07, 6.1918455e-01],
       [4.5951694e-01, 6.7636967e-03, 5.3371930e-01]], dtype=float32), array([[2.8372720e-01, 1.8922810e-03, 7.1438056e-01],
       [9.4397560e-02, 4.4352467e-07, 9.0560192e-01],
       [3.3410093e-01, 8.4900465e-03, 6.5740907e-01]], dtype=float32)]",1,0,0,0,0,0,55.33615384615384,60.057692307692314,2000,0.00016159461860392266,0.00036959583239150264,9.93,9.93,2000,52000,52000,0.3474603080708864,104968,93000,61938,2418000,1610388,0,1024.504055359641,6053205.781939871,6335759.020910358,8.357187471119687e-05,0.31840676069259644,-0.055914945900440216,0.0,0.0013802934991,81158,0.4722185432910919,-1.0,30969,1446.9212646484375,0.2928614914417267,805194,999.0,0.16315121948719025,26.0,1.0,341.1596296326006,0.0,0.0,805194,999.0,1.0,26.0,0.0013802934991,0.0393447157605,30969,23810,341.1593871994445,1.0067001111073661,0.1944275454924671,50,52100,100,2,2.0,10.5,6.319042285535526e-05,0.00015168829862569747,26.0,-10.5,7.88,0.0022793951898347586,1300,1.0067001111073661,0.00031860697659667276,2,7.88,0.00023146984317704806,100,0.0005276223351614,7.88,2600,2600,100,2.0082524388408485e-05,7.098294132870345e-06,4.4057716112054585e-05,7.360644380480723e-06,3.367040672247203e-05,0.0001547999941566887,2.8897779919974748e-05,2.9392707529059635e-05,1.631582198623568e-05,2.2011649911281902e-05,5.0504893135943156e-05,0.058272877582329775,0.007098530998466245,0.056404509463866465,0.17548476920793474,0.032522124744938215,0.016578598050456896,0.00018418003338607552,0.2870509922504425,-0.09409885853528976,1.0,0.4722185730934143,-1.0,108066,89.65202331542969,0.09466748684644699,0.26988474,2809716,498.0,781.0,806.0,108066,0.0,2809716,498.0,806.0,781.0,651000,216132,16926000,5619432,10325.411263343854,4.85062382258397e-05,6.315549103209057e-05,8.990311105460207e-06,1.028775111129837e-05,2.7472052259337842e-05,0.00021613182662308934,4.224889572583365e-05,3.095204131903283e-05,7.244707730165028e-05,4.2659628181039934e-05,2.4202098341844914e-05
1,54000,False,27,d2a96_00000,2025-08-17_21-11-28,1755465088,91.23674964904785,2527.496856212616,686047,intrinsic-attention2,10.156.0.3,2527.496856212616,27,93.21751928041687,1.4737588547197814e-05,93.21722216556019,2.7839578644571907,90.07292666350322,0.002236360882142637,26.0,-10.5,1.0067001111073661,2.7498010869205207,6.39,0.001563753578811884,0.0002549519995227456,2,2.0,10.5,1000,54000,27000,4.834887055120591e-05,0.00010314182410269995,2000,2,1.0067001111073661,456.65478397336466,2000.0,3000.0,"[array([-1.6751008, -1.6751008, -1.6751008], dtype=float32), array([-1.7373765, -1.7373765, -1.7373765], dtype=float32), array([-1.7936529, -1.7936529, -1.7936529], dtype=float32), array([-1.8444194, -1.8444194, -1.8444194], dtype=float32), array([-1.890285, -1.890285, -1.890285], dtype=float32), array([-1.9319857, -1.9319857, -1.9319857], dtype=float32), array([-1.9697136, -1.9697136, -1.9697136], dtype=float32), array([-2.0052207, -2.0052207, -2.0052207], dtype=float32), array([-2.0373006, -2.0373006, -2.0373006], dtype=float32), array([-2.066401, -2.066401, -2.066401], dtype=float32), array([-2.0923994, -2.0923994, -2.0923994], dtype=float32), array([-2.1160808, -2.1160808, -2.1160808], dtype=float32), array([-2.1375482, -2.1375482, -2.1375482], dtype=float32), array([-2.1573148, -2.1573148, -2.1573148], dtype=float32), array([-2.1747913, -2.1747913, -2.1747913], dtype=float32), array([-2.189894, -2.189894, -2.189894], dtype=float32), array([-2.2034993, -2.2034993, -2.2034993], dtype=float32), array([-2.2169242, -2.2169242, -2.2169242], dtype=float32), array([-2.2290647, -2.2290647, -2.2290647], dtype=float32), array([-2.241545, -2.241545, -2.241545], dtype=float32), array([-2.2528496, -2.2528496, -2.2528496], dtype=float32), array([-2.2634988, -2.2634988, -2.2634988], dtype=float32), array([-2.272886, -2.272886, -2.272886], dtype=float32), array([-2.2813396, -2.2813396, -2.2813396], dtype=float32), array([-2.2890155, -2.2890155, -2.2890155], dtype=float32), array([-2.2959266, -2.2959266, -2.2959266], dtype=float32), array([-2.3021731, -2.3021731, -2.3021731], dtype=float32), array([-2.3076959, -2.3076959, -2.3076959], dtype=float32), array([-2.3122694, -2.3122694, -2.3122694], dtype=float32), array([-2.3155403, -2.3155403, -2.3155403], dtype=float32), array([-2.31825, -2.31825, -2.31825], dtype=float32)]","[array([-1.6751009, -1.6751009, -1.6751009], dtype=float32), array([-1.7373767, -1.7373767, -1.7373767], dtype=float32), array([-1.7936529, -1.7936529, -1.7936529], dtype=float32), array([-1.8444194, -1.8444194, -1.8444194], dtype=float32), array([-1.890285, -1.890285, -1.890285], dtype=float32), array([-1.9319855, -1.9319855, -1.9319855], dtype=float32), array([-1.9697137, -1.9697137, -1.9697137], dtype=float32), array([-2.0052207, -2.0052207, -2.0052207], dtype=float32), array([-2.0373008, -2.0373008, -2.0373008], dtype=float32), array([-2.0664008, -2.0664008, -2.0664008], dtype=float32), array([-2.0923994, -2.0923994, -2.0923994], dtype=float32), array([-2.1160808, -2.1160808, -2.1160808], dtype=float32), array([-2.1375484, -2.1375484, -2.1375484], dtype=float32), array([-2.157315, -2.157315, -2.157315], dtype=float32), array([-2.1747909, -2.1747909, -2.1747909], dtype=float32), array([-2.1898942, -2.1898942, -2.1898942], dtype=float32), array([-2.2034993, -2.2034993, -2.2034993], dtype=float32), array([-2.2169244, -2.2169244, -2.2169244], dtype=float32), array([-2.2290647, -2.2290647, -2.2290647], dtype=float32), array([-2.2415452, -2.2415452, -2.2415452], dtype=float32), array([-2.2528496, -2.2528496, -2.2528496], dtype=float32), array([-2.2634988, -2.2634988, -2.2634988], dtype=float32), array([-2.2728858, -2.2728858, -2.2728858], dtype=float32), array([-2.2813396, -2.2813396, -2.2813396], dtype=float32), array([-2.2890155, -2.2890155, -2.2890155], dtype=float32), array([-2.2959268, -2.2959268, -2.2959268], dtype=float32), array([-2.3021731, -2.3021731, -2.3021731], dtype=float32), array([-2.3076959, -2.3076959, -2.3076959], dtype=float32), array([-2.3122697, -2.3122697, -2.3122697], dtype=float32), array([-2.3155403, -2.3155403, -2.3155403], dtype=float32), array([-2.3182502, -2.3182502, -2.3182502], dtype=float32)]","[array([[3.4725073e-01, 1.2397772e-02, 6.4035147e-01],
       [1.2414125e-01, 2.9734094e-06, 8.7585574e-01],
       [3.8790855e-01, 5.2987210e-02, 5.5910420e-01]], dtype=float32), array([[1.0819681e-01, 2.2216113e-03, 8.8958156e-01],
       [1.1520498e-02, 3.1288821e-06, 9.8847640e-01],
       [2.8412065e-01, 6.0880773e-02, 6.5499860e-01]], dtype=float32), array([[3.4663457e-01, 1.1889435e-02, 6.4147598e-01],
       [1.2301533e-01, 2.6049122e-06, 8.7698209e-01],
       [3.8775417e-01, 5.1235247e-02, 5.6101054e-01]], dtype=float32), array([[2.2914389e-01, 5.4680412e-03, 7.6538807e-01],
       [4.2283610e-02, 2.6862788e-06, 9.5771372e-01],
       [3.3758008e-01, 5.4624882e-02, 6.0779506e-01]], dtype=float32), array([[3.4609815e-01, 1.1477963e-02, 6.4242387e-01],
       [1.2204167e-01, 2.3286500e-06, 8.7795603e-01],
       [3.8760623e-01, 4.9819402e-02, 5.6257445e-01]], dtype=float32), array([[3.45907807e-01, 1.12946723e-02, 6.42797530e-01],
       [1.21594205e-01, 2.20087577e-06, 8.78403544e-01],
       [3.87573540e-01, 4.91965562e-02, 5.63229918e-01]], dtype=float32), array([[2.8640860e-01, 1.8510519e-03, 7.1174043e-01],
       [9.3560435e-02, 3.2267263e-07, 9.0643930e-01],
       [3.3681789e-01, 8.4866891e-03, 6.5469539e-01]], dtype=float32), array([[1.0968600e-01, 2.0583984e-03, 8.8825566e-01],
       [1.1434292e-02, 2.3814091e-06, 9.8856330e-01],
       [2.8326726e-01, 5.6752205e-02, 6.5998048e-01]], dtype=float32), array([[0.00724577, 0.9768546 , 0.01589962],
       [0.6732904 , 0.00651596, 0.32019374],
       [0.03131299, 0.91490924, 0.05377779]], dtype=float32), array([[2.8768805e-01, 1.9367826e-03, 7.1037519e-01],
       [9.4651923e-02, 3.5527162e-07, 9.0534770e-01],
       [3.3792788e-01, 8.8125877e-03, 6.5325946e-01]], dtype=float32), array([[4.6812552e-01, 4.1612317e-03, 5.2771324e-01],
       [4.0822288e-01, 1.7961133e-07, 5.9177691e-01],
       [4.6914187e-01, 5.3627621e-03, 5.2549541e-01]], dtype=float32), array([[2.2763398e-01, 5.2135233e-03, 7.6715255e-01],
       [4.1878313e-02, 2.4911492e-06, 9.5811927e-01],
       [3.3609122e-01, 5.2256122e-02, 6.1165261e-01]], dtype=float32), array([[2.3695591e-04, 9.9641562e-01, 3.3474334e-03],
       [8.6757052e-01, 2.2035819e-03, 1.3022588e-01],
       [2.0399695e-02, 9.1147512e-01, 6.8125196e-02]], dtype=float32), array([[1.1209536e-01, 2.1454128e-03, 8.8575929e-01],
       [1.2061269e-02, 2.6280968e-06, 9.8793614e-01],
       [2.8354526e-01, 5.6254014e-02, 6.6020072e-01]], dtype=float32), array([[2.2752050e-01, 5.2116448e-03, 7.6726788e-01],
       [4.2034134e-02, 2.5447960e-06, 9.5796335e-01],
       [3.3580744e-01, 5.1983379e-02, 6.1220920e-01]], dtype=float32), array([[2.2724915e-01, 5.1880600e-03, 7.6756281e-01],
       [4.1974850e-02, 2.5397576e-06, 9.5802259e-01],
       [3.3558837e-01, 5.1770780e-02, 6.1264086e-01]], dtype=float32), array([[0.00171742, 0.9907224 , 0.00756016],
       [0.7569305 , 0.00527219, 0.23779723],
       [0.02244766, 0.9241506 , 0.05340179]], dtype=float32), array([[1.9068812e-01, 9.1793842e-04, 8.0839396e-01],
       [4.0065445e-02, 3.2093442e-07, 9.5993423e-01],
       [2.7173948e-01, 7.3928959e-03, 7.2086763e-01]], dtype=float32), array([[4.3189090e-01, 4.5325547e-03, 5.6357664e-01],
       [3.0946496e-01, 3.3270865e-07, 6.9053471e-01],
       [4.3809700e-01, 7.8620240e-03, 5.5404103e-01]], dtype=float32), array([[3.4364000e-01, 1.1150266e-02, 6.4520973e-01],
       [1.2225730e-01, 2.6836767e-06, 8.7774003e-01],
       [3.8587853e-01, 4.7876902e-02, 5.6624454e-01]], dtype=float32), array([[1.1220113e-01, 2.2382876e-03, 8.8556057e-01],
       [1.2555103e-02, 3.2122334e-06, 9.8744166e-01],
       [2.8212646e-01, 5.6083143e-02, 6.6179043e-01]], dtype=float32), array([[2.8625536e-01, 2.1021550e-03, 7.1164244e-01],
       [9.5611744e-02, 5.1884757e-07, 9.0438777e-01],
       [3.3685595e-01, 9.4121806e-03, 6.5373188e-01]], dtype=float32), array([[2.1424226e-01, 4.9868640e-03, 7.8077084e-01],
       [3.8450431e-02, 3.3081672e-06, 9.6154618e-01],
       [3.2906911e-01, 5.2560549e-02, 6.1837035e-01]], dtype=float32), array([[0.00149097, 0.99052423, 0.00798477],
       [0.78985286, 0.00432221, 0.20582493],
       [0.02794878, 0.9034775 , 0.06857365]], dtype=float32), array([[1.1297242e-01, 2.3010089e-03, 8.8472664e-01],
       [1.2864174e-02, 3.4926454e-06, 9.8713231e-01],
       [2.8220716e-01, 5.6321021e-02, 6.6147178e-01]], dtype=float32), array([[2.8672430e-01, 2.1457998e-03, 7.1112990e-01],
       [9.6332289e-02, 5.5512498e-07, 9.0366709e-01],
       [3.3715972e-01, 9.5436051e-03, 6.5329671e-01]], dtype=float32), array([[2.8684339e-01, 2.1533894e-03, 7.1100324e-01],
       [9.6482791e-02, 5.6108161e-07, 9.0351665e-01],
       [3.3723673e-01, 9.5647266e-03, 6.5319860e-01]], dtype=float32), array([[0.00182577, 0.99011594, 0.00805826],
       [0.7463659 , 0.0068379 , 0.24679615],
       [0.02271484, 0.92287135, 0.05441374]], dtype=float32), array([[3.43199790e-01, 1.14081251e-02, 6.45392001e-01],
       [1.23540714e-01, 3.20188747e-06, 8.76456022e-01],
       [3.85309577e-01, 4.83192839e-02, 5.66371143e-01]], dtype=float32), array([[2.2718890e-01, 5.4936428e-03, 7.6731747e-01],
       [4.3754540e-02, 3.5029111e-06, 9.5624197e-01],
       [3.3438909e-01, 5.2321751e-02, 6.1328912e-01]], dtype=float32), array([[0.00736107, 0.976238  , 0.01640099],
       [0.6621553 , 0.00922053, 0.3286242 ],
       [0.03097614, 0.91506624, 0.05395759]], dtype=float32)]",1,0,0,0,0,0,55.25190839694657,60.07862595419848,2000,0.0001645393506710873,0.00037804264054860335,6.39,6.39,2000,54000,54000,0.3496277854402297,104968,93000,61938,2511000,1672326,0,1025.629358831647,6070086.7532561915,6352331.695870932,0.0001253578084288165,0.24575945734977722,-0.07187740504741669,0.0,0.0013802934991,81158,0.4722185432910919,0.0021075010299682617,30969,1054.10498046875,0.2770007252693176,836163,999.0,0.12601295113563538,27.0,1.0,341.53436819467316,0.0,0.0,836163,999.0,1.0,27.0,0.0013802934991,0.0393447157605,30969,23810,341.5341344572285,1.0067001111073661,0.19384527982756994,50,54100,100,2,2.0,10.5,5.1635410483770506e-05,0.00011821778976210101,27.0,-10.5,7.48,0.0019555642394698224,1350,1.0067001111073661,0.00031708599677950734,2,7.48,0.00018202769165627552,100,0.0004234606420187063,7.48,2700,2700,100,2.054510026862063e-05,7.225151323205451e-06,4.61093987882435e-05,7.366439988852764e-06,3.393902526321051e-05,0.00016109092814470323,2.968523030880613e-05,2.956592316060906e-05,1.660167294790305e-05,2.2595752011901013e-05,5.0719000034164695e-05,0.05826231899649574,0.0070927011185382026,0.056326415799246556,0.1754015591459164,0.0325306487774203,0.018912614329942574,0.00018421059306005218,0.2885107398033142,-0.08363320678472519,1.0,0.4722185730934143,-0.07209408283233643,108066,89.42433166503906,0.012551886029541492,0.26718715,2917782,498.0,811.0,837.0,108066,0.0,2917782,498.0,837.0,811.0,651000,216132,17577000,5835564,10287.903155702652,3.853439466856873e-05,5.029339718161486e-05,7.216675675596776e-06,8.401171926364724e-06,2.257311799968745e-05,0.0001796481995326141,3.3359853881538824e-05,2.4927925346053055e-05,5.6875861861420766e-05,3.3551818484020093e-05,1.8760350916825258e-05
1,56000,False,28,d2a96_00000,2025-08-17_21-12-58,1755465178,89.59514808654785,2617.092004299164,686047,intrinsic-attention2,10.156.0.3,2617.092004299164,28,93.17985961433276,1.4721662585809263e-05,93.17956196274461,2.7861822432125987,90.03312504962818,0.0022313829332061045,27.0,-10.5,1.0067001111073661,2.7520585207412607,9.06,0.0017907606191874946,0.0002549519995227456,2,2.0,10.5,1000,56000,28000,5.973366004135892e-05,0.0001353746954728424,2000,2,1.0067001111073661,443.883159038541,2000.0,3000.0,"[array([-2.3225007, -2.3225007, -2.3225007], dtype=float32), array([-2.3234904, -2.3234904, -2.3234904], dtype=float32), array([-2.3222125, -2.3222125, -2.3222125], dtype=float32), array([-2.2977498, -2.2977498, -2.2977498], dtype=float32), array([-2.2719948, -2.2719948, -2.2719948], dtype=float32), array([-2.2500727, -2.2500727, -2.2500727], dtype=float32), array([-2.1936038, -2.1936038, -2.1936038], dtype=float32), array([-2.1423547, -2.1423547, -2.1423547], dtype=float32), array([-2.0942457, -2.0942457, -2.0942457], dtype=float32), array([-2.0475354, -2.0475354, -2.0475354], dtype=float32), array([-1.9851413, -1.9851413, -1.9851413], dtype=float32), array([-1.9262046, -1.9262046, -1.9262046], dtype=float32), array([-1.8722003, -1.8722003, -1.8722003], dtype=float32), array([-1.8105369, -1.8105369, -1.8105369], dtype=float32), array([-1.7539235, -1.7539235, -1.7539235], dtype=float32), array([-1.6816367, -1.6816367, -1.6816367], dtype=float32), array([-1.6160777, -1.6160777, -1.6160777], dtype=float32), array([-1.555809, -1.555809, -1.555809], dtype=float32), array([-1.498155, -1.498155, -1.498155], dtype=float32), array([-1.44428, -1.44428, -1.44428], dtype=float32), array([-1.3956802, -1.3956802, -1.3956802], dtype=float32), array([-1.3508118, -1.3508118, -1.3508118], dtype=float32), array([-1.3087732, -1.3087732, -1.3087732], dtype=float32), array([-1.2703063, -1.2703063, -1.2703063], dtype=float32), array([-1.2331942, -1.2331942, -1.2331942], dtype=float32), array([-1.1984761, -1.1984761, -1.1984761], dtype=float32), array([-1.1643646, -1.1643646, -1.1643646], dtype=float32), array([-1.1320075, -1.1320075, -1.1320075], dtype=float32), array([-1.1011668, -1.1011668, -1.1011668], dtype=float32), array([-1.0718524, -1.0718524, -1.0718524], dtype=float32), array([-1.0435083, -1.0435083, -1.0435083], dtype=float32)]","[array([-2.3225005, -2.3225005, -2.3225005], dtype=float32), array([-2.3234904, -2.3234904, -2.3234904], dtype=float32), array([-2.3222125, -2.3222125, -2.3222125], dtype=float32), array([-2.29775, -2.29775, -2.29775], dtype=float32), array([-2.2719946, -2.2719946, -2.2719946], dtype=float32), array([-2.2500725, -2.2500725, -2.2500725], dtype=float32), array([-2.1936038, -2.1936038, -2.1936038], dtype=float32), array([-2.1423547, -2.1423547, -2.1423547], dtype=float32), array([-2.094246, -2.094246, -2.094246], dtype=float32), array([-2.047536, -2.047536, -2.047536], dtype=float32), array([-1.9851409, -1.9851409, -1.9851409], dtype=float32), array([-1.9262046, -1.9262046, -1.9262046], dtype=float32), array([-1.8722001, -1.8722001, -1.8722001], dtype=float32), array([-1.8105365, -1.8105365, -1.8105365], dtype=float32), array([-1.7539237, -1.7539237, -1.7539237], dtype=float32), array([-1.6816367, -1.6816367, -1.6816367], dtype=float32), array([-1.6160778, -1.6160778, -1.6160778], dtype=float32), array([-1.5558089, -1.5558089, -1.5558089], dtype=float32), array([-1.4981548, -1.4981548, -1.4981548], dtype=float32), array([-1.4442798, -1.4442798, -1.4442798], dtype=float32), array([-1.3956803, -1.3956803, -1.3956803], dtype=float32), array([-1.350812, -1.350812, -1.350812], dtype=float32), array([-1.3087732, -1.3087732, -1.3087732], dtype=float32), array([-1.2703063, -1.2703063, -1.2703063], dtype=float32), array([-1.2331941, -1.2331941, -1.2331941], dtype=float32), array([-1.1984758, -1.1984758, -1.1984758], dtype=float32), array([-1.1643647, -1.1643647, -1.1643647], dtype=float32), array([-1.1320075, -1.1320075, -1.1320075], dtype=float32), array([-1.1011668, -1.1011668, -1.1011668], dtype=float32), array([-1.0718526, -1.0718526, -1.0718526], dtype=float32), array([-1.043508, -1.043508, -1.043508], dtype=float32)]","[array([[1.13786034e-01, 2.36508786e-03, 8.83848906e-01],
       [1.31736612e-02, 3.78174423e-06, 9.86822605e-01],
       [2.82370955e-01, 5.66006899e-02, 6.61028385e-01]], dtype=float32), array([[1.1402619e-01, 2.3863334e-03, 8.8358748e-01],
       [1.3271275e-02, 3.8826811e-06, 9.8672485e-01],
       [2.8242236e-01, 5.6710530e-02, 6.6086709e-01]], dtype=float32), array([[2.2780374e-01, 5.6271791e-03, 7.6656914e-01],
       [4.4501334e-02, 3.8578182e-06, 9.5549482e-01],
       [3.3441281e-01, 5.2708160e-02, 6.1287904e-01]], dtype=float32), array([[2.2842543e-01, 5.8030062e-03, 7.6577157e-01],
       [4.5355327e-02, 4.3558289e-06, 9.5464033e-01],
       [3.3444551e-01, 5.3344615e-02, 6.1220986e-01]], dtype=float32), array([[4.6922618e-01, 4.7834818e-03, 5.2599037e-01],
       [4.1439211e-01, 3.8542038e-07, 5.8560747e-01],
       [4.7006214e-01, 6.0411110e-03, 5.2389669e-01]], dtype=float32), array([[1.9976468e-01, 1.1950808e-03, 7.9904026e-01],
       [4.6874292e-02, 6.9220863e-07, 9.5312506e-01],
       [2.7734527e-01, 8.4345993e-03, 7.1422011e-01]], dtype=float32), array([[2.2774181e-01, 5.7907170e-03, 7.6646751e-01],
       [4.5548782e-02, 4.5778843e-06, 9.5444667e-01],
       [3.3364233e-01, 5.2819557e-02, 6.1353809e-01]], dtype=float32), array([[2.88368672e-01, 2.38855090e-03, 7.09242761e-01],
       [9.83724967e-02, 7.37982589e-07, 9.01626706e-01],
       [3.38737994e-01, 1.04557825e-02, 6.50806248e-01]], dtype=float32), array([[1.6260894e-01, 1.1173766e-03, 8.3627373e-01],
       [2.9477229e-02, 7.1506054e-07, 9.7052199e-01],
       [2.6061791e-01, 1.1465004e-02, 7.2791708e-01]], dtype=float32), array([[2.8771061e-01, 2.2408797e-03, 7.1004856e-01],
       [9.6541002e-02, 5.8229875e-07, 9.0345842e-01],
       [3.3836469e-01, 9.9933706e-03, 6.5164185e-01]], dtype=float32), array([[3.4085611e-01, 1.0682880e-02, 6.4846098e-01],
       [1.2269251e-01, 3.0824851e-06, 8.7730438e-01],
       [3.8380367e-01, 4.5211203e-02, 5.7098508e-01]], dtype=float32), array([[3.4133071e-01, 1.0786813e-02, 6.4788252e-01],
       [1.2374168e-01, 3.2358930e-06, 8.7625510e-01],
       [3.8392469e-01, 4.5264479e-02, 5.7081079e-01]], dtype=float32), array([[4.2768857e-01, 5.4401122e-03, 5.6687135e-01],
       [3.0000418e-01, 5.9795070e-07, 6.9999528e-01],
       [4.3472427e-01, 9.7343065e-03, 5.5554140e-01]], dtype=float32), array([[2.2587864e-01, 5.2926401e-03, 7.6882863e-01],
       [4.4619620e-02, 3.7297639e-06, 9.5537663e-01],
       [3.3165288e-01, 4.8884954e-02, 6.1946219e-01]], dtype=float32), array([[2.2021063e-01, 5.0938437e-03, 7.7469558e-01],
       [4.2448513e-02, 3.7636837e-06, 9.5754766e-01],
       [3.2897708e-01, 4.8795290e-02, 6.2222767e-01]], dtype=float32), array([[2.2315714e-01, 4.8078923e-03, 7.7203500e-01],
       [4.2555392e-02, 2.8061743e-06, 9.5744181e-01],
       [3.3021840e-01, 4.6267588e-02, 6.2351400e-01]], dtype=float32), array([[2.2056167e-01, 4.4126040e-03, 7.7502573e-01],
       [4.0613707e-02, 2.1578564e-06, 9.5938408e-01],
       [3.2898870e-01, 4.4246603e-02, 6.2676471e-01]], dtype=float32), array([[2.1955952e-01, 9.1199100e-04, 7.7952856e-01],
       [5.3332787e-02, 2.0919714e-07, 9.4666708e-01],
       [2.8829798e-01, 5.9869071e-03, 7.0571506e-01]], dtype=float32), array([[3.3853123e-01, 8.4221177e-03, 6.5304661e-01],
       [1.1609786e-01, 1.2843753e-06, 8.8390088e-01],
       [3.8324830e-01, 3.7630238e-02, 5.7912147e-01]], dtype=float32), array([[2.1467690e-01, 3.6185847e-03, 7.8170455e-01],
       [3.6486235e-02, 1.1756956e-06, 9.6351254e-01],
       [3.2603207e-01, 3.9855197e-02, 6.3411278e-01]], dtype=float32), array([[1.5847270e-01, 7.9834933e-04, 8.4072900e-01],
       [2.4888767e-02, 2.2132335e-07, 9.7511101e-01],
       [2.5900209e-01, 9.6358666e-03, 7.3136199e-01]], dtype=float32), array([[2.9234821e-01, 1.7674973e-03, 7.0588428e-01],
       [9.3553044e-02, 1.8008586e-07, 9.0644675e-01],
       [3.4199354e-01, 8.2971239e-03, 6.4970934e-01]], dtype=float32), array([[3.36693406e-01, 7.31443940e-03, 6.55992091e-01],
       [1.11357145e-01, 7.37899029e-07, 8.88642073e-01],
       [3.82692933e-01, 3.40519473e-02, 5.83255172e-01]], dtype=float32), array([[2.1470536e-01, 6.5585447e-04, 7.8463882e-01],
       [4.8544429e-02, 8.1588091e-08, 9.5145547e-01],
       [2.8361401e-01, 4.6463721e-03, 7.1173954e-01]], dtype=float32), array([[1.0250757e-01, 1.2366129e-03, 8.9625579e-01],
       [9.3793310e-03, 7.0651049e-07, 9.9061990e-01],
       [2.6885587e-01, 3.9179310e-02, 6.9196481e-01]], dtype=float32), array([[6.0867902e-04, 9.9500209e-01, 4.3891752e-03],
       [8.4318542e-01, 1.4937759e-03, 1.5532082e-01],
       [2.1993797e-02, 9.1843414e-01, 5.9572164e-02]], dtype=float32), array([[2.0857254e-01, 2.9691162e-03, 7.8845835e-01],
       [3.2808535e-02, 6.5639966e-07, 9.6719074e-01],
       [3.2261816e-01, 3.5814770e-02, 6.4156705e-01]], dtype=float32), array([[9.5547395e-05, 9.9799913e-01, 1.9053649e-03],
       [9.0161443e-01, 9.2784379e-04, 9.7457692e-02],
       [1.6311565e-02, 9.2351317e-01, 6.0175236e-02]], dtype=float32), array([[2.0917572e-01, 2.9674887e-03, 7.8785676e-01],
       [3.3036388e-02, 6.5073402e-07, 9.6696299e-01],
       [3.2275563e-01, 3.5582185e-02, 6.4166224e-01]], dtype=float32), array([[4.2747810e-01, 3.6823049e-03, 5.6883961e-01],
       [2.9093698e-01, 1.0604256e-07, 7.0906293e-01],
       [4.3498227e-01, 6.8625840e-03, 5.5815512e-01]], dtype=float32), array([[2.0870417e-01, 2.9428150e-03, 7.8835309e-01],
       [3.2918192e-02, 6.4592626e-07, 9.6708113e-01],
       [3.2236958e-01, 3.5352755e-02, 6.4227766e-01]], dtype=float32)]",1,0,0,0,0,0,55.34921875,60.08437500000001,2000,0.00020657615919665505,0.0004742467516127595,9.06,9.06,2000,56000,56000,0.34955012806576086,104968,93000,61938,2604000,1734264,0,1027.509755127467,6074614.837275579,6358231.792155,6.267890421440825e-05,0.20286940038204193,-0.04387745261192322,0.0,0.0013802934991,81158,0.4722185432910919,-0.004173398017883301,30969,1465.66748046875,0.3050498366355896,867132,999.0,0.0036888301838189363,28.0,1.0,342.16054944964753,0.0,0.0,867132,999.0,1.0,28.0,0.0013802934991,0.0393447157605,30969,23810,342.1603213994129,1.0067001111073661,0.19319633251942522,50,56100,100,2,2.0,10.5,4.783715487979241e-05,0.00010364167987685691,28.0,-9.5,9.08,0.0016220510502171237,1400,1.0067001111073661,0.000315409576887188,2,9.08,0.00016538117789943074,100,0.00038279540530438024,9.08,2800,2800,100,2.518768978899701e-05,8.331393229105335e-06,6.001922925459034e-05,9.258684662139276e-06,4.269869283515463e-05,0.0001977348125029481,3.7355567785527786e-05,3.7418488847689386e-05,2.189388150899241e-05,2.7618805952570374e-05,6.545538742691175e-05,0.0582307314864949,0.007098628077302119,0.05627299325114583,0.17531842374452494,0.032542646999620076,0.018978266226604968,0.00018491369713842678,0.1974579393863678,-0.020420674234628677,1.0,0.4722185730934143,-0.03857707977294922,108066,89.83975982666016,0.003626916790381074,0.3290949,3025848,498.0,841.0,868.0,108066,0.0,3025848,498.0,868.0,841.0,651000,216132,18228000,6051696,10258.940442550327,3.487546335407688e-05,4.458409874599343e-05,6.711087785821189e-06,7.78006596020978e-06,2.0675793168557263e-05,0.00016118134128162063,3.0575522528588016e-05,2.361764007427601e-05,5.0089760129831746e-05,3.042376553116842e-05,1.6880551607310177e-05
1,58000,False,29,d2a96_00000,2025-08-17_21-14-29,1755465269,90.83570456504822,2707.927708864212,686047,intrinsic-attention2,10.156.0.3,2707.927708864212,29,93.1548427054693,1.4686195937755891e-05,93.15454429045718,2.7842035483003915,90.01041430227181,0.0022325806739083593,28.0,-10.5,1.0067001111073661,2.75012887230387,9.21,0.001562004420266021,0.0002549519995227456,2,2.0,10.5,1000,58000,29000,4.594174562536722e-05,9.752929367779653e-05,2000,2,1.0067001111073661,431.30309214856715,2000.0,3000.0,"[array([-1.0145836, -1.0145836, -1.0145836], dtype=float32), array([-0.98330003, -0.98330003, -0.98330003], dtype=float32), array([-0.9552892, -0.9552892, -0.9552892], dtype=float32), array([-0.9300174, -0.9300174, -0.9300174], dtype=float32), array([-0.9071954, -0.9071954, -0.9071954], dtype=float32), array([-0.8863508, -0.8863508, -0.8863508], dtype=float32), array([-0.86737245, -0.86737245, -0.86737245], dtype=float32), array([-0.84998316, -0.84998316, -0.84998316], dtype=float32), array([-0.83451927, -0.83451927, -0.83451927], dtype=float32), array([-0.82030755, -0.82030755, -0.82030755], dtype=float32), array([-0.807006, -0.807006, -0.807006], dtype=float32), array([-0.7951873, -0.7951873, -0.7951873], dtype=float32), array([-0.78521717, -0.78521717, -0.78521717], dtype=float32), array([-0.7755835, -0.7755835, -0.7755835], dtype=float32), array([-0.7669178, -0.7669178, -0.7669178], dtype=float32), array([-0.7588824, -0.7588824, -0.7588824], dtype=float32), array([-0.750892, -0.750892, -0.750892], dtype=float32), array([-0.74416196, -0.74416196, -0.74416196], dtype=float32), array([-0.73800176, -0.73800176, -0.73800176], dtype=float32), array([-0.7327187, -0.7327187, -0.7327187], dtype=float32), array([-0.7273255, -0.7273255, -0.7273255], dtype=float32), array([-0.72257197, -0.72257197, -0.72257197], dtype=float32), array([-0.71813196, -0.71813196, -0.71813196], dtype=float32), array([-0.7137943, -0.7137943, -0.7137943], dtype=float32), array([-0.71018887, -0.71018887, -0.71018887], dtype=float32), array([-0.7073352, -0.7073352, -0.7073352], dtype=float32), array([-0.7041082, -0.7041082, -0.7041082], dtype=float32), array([-0.70164484, -0.70164484, -0.70164484], dtype=float32), array([-0.69948834, -0.69948834, -0.69948834], dtype=float32), array([-0.6979787, -0.6979787, -0.6979787], dtype=float32), array([-0.6974088, -0.6974088, -0.6974088], dtype=float32)]","[array([-1.0145836, -1.0145836, -1.0145836], dtype=float32), array([-0.98329985, -0.98329985, -0.98329985], dtype=float32), array([-0.9552892, -0.9552892, -0.9552892], dtype=float32), array([-0.9300176, -0.9300176, -0.9300176], dtype=float32), array([-0.90719545, -0.90719545, -0.90719545], dtype=float32), array([-0.88635087, -0.88635087, -0.88635087], dtype=float32), array([-0.8673723, -0.8673723, -0.8673723], dtype=float32), array([-0.84998304, -0.84998304, -0.84998304], dtype=float32), array([-0.8345192, -0.8345192, -0.8345192], dtype=float32), array([-0.8203074, -0.8203074, -0.8203074], dtype=float32), array([-0.8070061, -0.8070061, -0.8070061], dtype=float32), array([-0.7951873, -0.7951873, -0.7951873], dtype=float32), array([-0.78521705, -0.78521705, -0.78521705], dtype=float32), array([-0.7755835, -0.7755835, -0.7755835], dtype=float32), array([-0.7669177, -0.7669177, -0.7669177], dtype=float32), array([-0.7588823, -0.7588823, -0.7588823], dtype=float32), array([-0.7508921, -0.7508921, -0.7508921], dtype=float32), array([-0.7441621, -0.7441621, -0.7441621], dtype=float32), array([-0.7380017, -0.7380017, -0.7380017], dtype=float32), array([-0.73271877, -0.73271877, -0.73271877], dtype=float32), array([-0.7273255, -0.7273255, -0.7273255], dtype=float32), array([-0.7225718, -0.7225718, -0.7225718], dtype=float32), array([-0.7181319, -0.7181319, -0.7181319], dtype=float32), array([-0.71379423, -0.71379423, -0.71379423], dtype=float32), array([-0.71018887, -0.71018887, -0.71018887], dtype=float32), array([-0.70733523, -0.70733523, -0.70733523], dtype=float32), array([-0.7041082, -0.7041082, -0.7041082], dtype=float32), array([-0.70164484, -0.70164484, -0.70164484], dtype=float32), array([-0.69948834, -0.69948834, -0.69948834], dtype=float32), array([-0.6979787, -0.6979787, -0.6979787], dtype=float32), array([-0.69740874, -0.69740874, -0.69740874], dtype=float32)]","[array([[2.0874071e-01, 2.9400799e-03, 7.8831923e-01],
       [3.2951906e-02, 6.4581695e-07, 9.6704751e-01],
       [3.2232657e-01, 3.5279341e-02, 6.4239407e-01]], dtype=float32), array([[2.0839472e-01, 2.9290873e-03, 7.8867620e-01],
       [3.2874163e-02, 6.4692171e-07, 9.6712518e-01],
       [3.2207617e-01, 3.5190083e-02, 6.4273381e-01]], dtype=float32), array([[2.8956151e-01, 1.6486936e-03, 7.0878977e-01],
       [8.9567721e-02, 1.3730387e-07, 9.1043216e-01],
       [3.4054244e-01, 8.0517391e-03, 6.5140587e-01]], dtype=float32), array([[1.0184479e-01, 1.1895165e-03, 8.9696568e-01],
       [9.2748320e-03, 6.5752903e-07, 9.9072450e-01],
       [2.6726684e-01, 3.7860487e-02, 6.9487262e-01]], dtype=float32), array([[2.0755318e-01, 2.8871046e-03, 7.8955972e-01],
       [3.2573149e-02, 6.3156307e-07, 9.6742624e-01],
       [3.2154703e-01, 3.4920458e-02, 6.4353245e-01]], dtype=float32), array([[3.3427802e-01, 6.6690273e-03, 6.5905297e-01],
       [1.0842781e-01, 5.7368692e-07, 8.9157158e-01],
       [3.8134703e-01, 3.1730562e-02, 5.8692241e-01]], dtype=float32), array([[2.8847054e-01, 1.6138460e-03, 7.0991564e-01],
       [8.8571489e-02, 1.3093917e-07, 9.1142833e-01],
       [3.3978981e-01, 7.9486677e-03, 6.5226144e-01]], dtype=float32), array([[7.0107207e-02, 1.1969192e-03, 9.2869586e-01],
       [5.0579305e-03, 1.2315064e-06, 9.9494088e-01],
       [2.7449080e-01, 6.9589488e-02, 6.5591967e-01]], dtype=float32), array([[2.8827491e-01, 1.6002050e-03, 7.1012497e-01],
       [8.8377751e-02, 1.2812436e-07, 9.1162211e-01],
       [3.3962286e-01, 7.8942161e-03, 6.5248299e-01]], dtype=float32), array([[1.5457846e-01, 6.7884836e-04, 8.4474266e-01],
       [2.2715934e-02, 1.3641657e-07, 9.7728390e-01],
       [2.5640598e-01, 8.8647539e-03, 7.3472929e-01]], dtype=float32), array([[3.3347571e-01, 6.5635135e-03, 6.5996075e-01],
       [1.0759252e-01, 5.5552863e-07, 8.9240688e-01],
       [3.8091189e-01, 3.1421263e-02, 5.8766687e-01]], dtype=float32), array([[1.5470161e-01, 6.8539317e-04, 8.4461296e-01],
       [2.2812355e-02, 1.4069060e-07, 9.7718745e-01],
       [2.5650215e-01, 8.9162253e-03, 7.3458165e-01]], dtype=float32), array([[2.0667249e-01, 2.8592111e-03, 7.9046834e-01],
       [3.2358106e-02, 6.3247205e-07, 9.6764129e-01],
       [3.2093516e-01, 3.4714460e-02, 6.4435035e-01]], dtype=float32), array([[9.2595415e-05, 9.9800462e-01, 1.9028332e-03],
       [9.0165997e-01, 9.6810539e-04, 9.7371839e-02],
       [1.6296843e-02, 9.2305189e-01, 6.0651273e-02]], dtype=float32), array([[2.0728426e-01, 2.9538572e-03, 7.8976196e-01],
       [3.2902431e-02, 7.0990660e-07, 9.6709687e-01],
       [3.2122043e-01, 3.5313305e-02, 6.4346623e-01]], dtype=float32), array([[9.0552022e-04, 9.9458307e-01, 4.5114574e-03],
       [7.6387584e-01, 4.2243041e-03, 2.3189986e-01],
       [1.4174415e-02, 9.4865316e-01, 3.7172481e-02]], dtype=float32), array([[2.0813932e-01, 3.0717882e-03, 7.8878886e-01],
       [3.3599991e-02, 8.1284406e-07, 9.6639919e-01],
       [3.2161218e-01, 3.6023069e-02, 6.4236474e-01]], dtype=float32), array([[4.9857682e-01, 3.3788180e-03, 4.9804434e-01],
       [5.0085914e-01, 5.3106003e-08, 4.9914086e-01],
       [4.9858093e-01, 3.3708543e-03, 4.9804822e-01]], dtype=float32), array([[4.2403978e-01, 3.9179493e-03, 5.7204229e-01],
       [2.8464472e-01, 1.5573532e-07, 7.1535516e-01],
       [4.3221700e-01, 7.4396329e-03, 5.6034338e-01]], dtype=float32), array([[2.8826082e-01, 1.8107671e-03, 7.0992845e-01],
       [9.0391435e-02, 2.0674725e-07, 9.0960830e-01],
       [3.3975726e-01, 8.7205488e-03, 6.5152210e-01]], dtype=float32), array([[1.7440200e-04, 9.9763906e-01, 2.1866474e-03],
       [8.3024800e-01, 3.3927620e-03, 1.6635923e-01],
       [1.0399212e-02, 9.5068061e-01, 3.8920250e-02]], dtype=float32), array([[4.2356902e-01, 3.9440515e-03, 5.7248688e-01],
       [2.8400779e-01, 1.6589961e-07, 7.1599203e-01],
       [4.3182701e-01, 7.5000599e-03, 5.6067288e-01]], dtype=float32), array([[4.2347911e-01, 3.9407532e-03, 5.7258010e-01],
       [2.8387982e-01, 1.6685136e-07, 7.1612000e-01],
       [4.3175220e-01, 7.4959844e-03, 5.6075180e-01]], dtype=float32), array([[3.3295554e-01, 7.2263558e-03, 6.5981811e-01],
       [1.1002274e-01, 9.0593824e-07, 8.8997632e-01],
       [3.8020661e-01, 3.3683009e-02, 5.8611041e-01]], dtype=float32), array([[3.32881033e-01, 7.25212367e-03, 6.59866810e-01],
       [1.10112004e-01, 9.26607584e-07, 8.89887094e-01],
       [3.80138874e-01, 3.37638147e-02, 5.86097419e-01]], dtype=float32), array([[1.5697178e-01, 8.1478956e-04, 8.4221339e-01],
       [2.4609271e-02, 2.4358030e-07, 9.7539049e-01],
       [2.5829884e-01, 9.9043353e-03, 7.3179680e-01]], dtype=float32), array([[2.8863686e-01, 1.8638177e-03, 7.0949936e-01],
       [9.1480084e-02, 2.3522351e-07, 9.0851974e-01],
       [3.3987129e-01, 8.8669341e-03, 6.5126181e-01]], dtype=float32), array([[1.0375388e-01, 1.4043128e-03, 8.9484185e-01],
       [1.0317734e-02, 1.1376186e-06, 9.8968107e-01],
       [2.6796702e-01, 4.0337566e-02, 6.9169539e-01]], dtype=float32), array([[1.5740760e-01, 8.4842386e-04, 8.4174401e-01],
       [2.5048723e-02, 2.7852181e-07, 9.7495097e-01],
       [2.5859973e-01, 1.0145145e-02, 7.3125511e-01]], dtype=float32), array([[2.0940346e-01, 3.4195525e-03, 7.8717697e-01],
       [3.5532970e-02, 1.2466077e-06, 9.6446580e-01],
       [3.2179013e-01, 3.7942395e-02, 6.4026743e-01]], dtype=float32), array([[3.3223042e-01, 7.6197456e-03, 6.6014981e-01],
       [1.1131782e-01, 1.2202208e-06, 8.8868099e-01],
       [3.7949497e-01, 3.4969136e-02, 5.8553588e-01]], dtype=float32)]",1,0,0,0,0,0,55.42170542635659,60.10000000000001,2000,0.00015946527714329306,0.00036319999171442686,9.21,9.21,2000,58000,58000,0.3492295647450965,104968,93000,61938,2697000,1796202,0,1028.5940643090223,6061401.955465218,6352735.072279996,3.1339452107204124e-05,0.1809748262166977,-0.03305286169052124,0.0,0.0013802934991,81158,0.4722185432910919,-4.267692565917969e-05,30969,1930.9239501953125,0.315904438495636,898101,999.0,0.003934226464480162,29.0,1.0,342.5216485337391,0.0,0.0,898101,999.0,1.0,29.0,0.0013802934991,0.0393447157605,30969,23810,342.52144574882965,1.0067001111073661,0.19264365653418167,50,58100,100,2,2.0,10.5,4.909521407311127e-05,0.00010804340449583523,29.0,-10.5,9.08,0.0016305253803147934,1450,1.0067001111073661,0.0003140644711733128,2,9.08,0.000168075254882294,100,0.00039662710772711004,9.08,2900,2900,100,1.9832416957995436e-05,7.088470483076826e-06,4.415530730703262e-05,7.287491983169134e-06,3.2910454887831926e-05,0.00015302939588382561,2.8558757567969795e-05,2.8560629401692048e-05,1.5998252369743537e-05,2.1570043306024543e-05,4.8728004540469426e-05,0.05820948316176341,0.007093230986582385,0.056179107288645586,0.17519621913706987,0.03250112471962449,0.01894058615441182,0.00018465901017167415,0.1819152683019638,-0.024029221385717392,1.0,0.4722185730934143,-0.018602848052978516,108066,91.32060241699219,0.0035995496436953545,0.32550344,3133914,498.0,871.0,899.0,108066,0.0,3133914,498.0,899.0,871.0,651000,216132,18879000,6267828,10228.345588039729,3.510606198927824e-05,4.6751278258371504e-05,6.648065495268382e-06,8.056691091299802e-06,2.0832437102206592e-05,0.00017012149306485817,3.09267290840777e-05,2.3397027463581285e-05,5.272483078079086e-05,3.113248683274531e-05,1.7679881060564405e-05
1,60000,False,30,d2a96_00000,2025-08-17_21-16-00,1755465360,91.53732419013977,2799.465033054352,686047,intrinsic-attention2,10.156.0.3,2799.465033054352,30,93.1369017998546,1.4732383905853263e-05,93.1366026229226,2.783244856637324,89.99363135264913,0.0022275418771470113,29.0,-10.5,1.0067001111073661,2.7491992386709145,9.61,0.0016013951094646472,0.0002549519995227456,2,2.0,10.5,1000,60000,30000,4.882111595585727e-05,0.0001043559229051953,2000,2,1.0067001111073661,418.92628041102574,2000.0,3000.0,"[array([-0.6965501, -0.6965501, -0.6965501], dtype=float32), array([-0.6931235, -0.6931235, -0.6931235], dtype=float32), array([-0.6897811, -0.6897811, -0.6897811], dtype=float32), array([-0.6855615, -0.6855615, -0.6855615], dtype=float32), array([-0.67345434, -0.67345434, -0.67345434], dtype=float32), array([-0.6619292, -0.6619292, -0.6619292], dtype=float32), array([-0.6502343, -0.6502343, -0.6502343], dtype=float32), array([-0.6394974, -0.6394974, -0.6394974], dtype=float32), array([-0.62941176, -0.62941176, -0.62941176], dtype=float32), array([-0.6195587, -0.6195587, -0.6195587], dtype=float32), array([-0.6096448, -0.6096448, -0.6096448], dtype=float32), array([-0.5998004, -0.5998004, -0.5998004], dtype=float32), array([-0.59054816, -0.59054816, -0.59054816], dtype=float32), array([-0.5813999, -0.5813999, -0.5813999], dtype=float32), array([-0.5724708, -0.5724708, -0.5724708], dtype=float32), array([-0.5637317, -0.5637317, -0.5637317], dtype=float32), array([-0.5546723, -0.5546723, -0.5546723], dtype=float32), array([-0.53790766, -0.53790766, -0.53790766], dtype=float32), array([-0.52276987, -0.52276987, -0.52276987], dtype=float32), array([-0.50875527, -0.50875527, -0.50875527], dtype=float32), array([-0.49546716, -0.49546716, -0.49546716], dtype=float32), array([-0.48331127, -0.48331127, -0.48331127], dtype=float32), array([-0.471841, -0.471841, -0.471841], dtype=float32), array([-0.46106955, -0.46106955, -0.46106955], dtype=float32), array([-0.45015422, -0.45015422, -0.45015422], dtype=float32), array([-0.44016072, -0.44016072, -0.44016072], dtype=float32), array([-0.42985955, -0.42985955, -0.42985955], dtype=float32), array([-0.40936142, -0.40936142, -0.40936142], dtype=float32), array([-0.39025775, -0.39025775, -0.39025775], dtype=float32), array([-0.37218815, -0.37218815, -0.37218815], dtype=float32), array([-0.35559452, -0.35559452, -0.35559452], dtype=float32)]","[array([-0.6965501, -0.6965501, -0.6965501], dtype=float32), array([-0.6931234, -0.6931234, -0.6931234], dtype=float32), array([-0.6897811, -0.6897811, -0.6897811], dtype=float32), array([-0.6855615, -0.6855615, -0.6855615], dtype=float32), array([-0.67345446, -0.67345446, -0.67345446], dtype=float32), array([-0.6619292, -0.6619292, -0.6619292], dtype=float32), array([-0.6502343, -0.6502343, -0.6502343], dtype=float32), array([-0.6394974, -0.6394974, -0.6394974], dtype=float32), array([-0.62941176, -0.62941176, -0.62941176], dtype=float32), array([-0.6195588, -0.6195588, -0.6195588], dtype=float32), array([-0.6096447, -0.6096447, -0.6096447], dtype=float32), array([-0.5998004, -0.5998004, -0.5998004], dtype=float32), array([-0.5905481, -0.5905481, -0.5905481], dtype=float32), array([-0.5813999, -0.5813999, -0.5813999], dtype=float32), array([-0.5724707, -0.5724707, -0.5724707], dtype=float32), array([-0.56373173, -0.56373173, -0.56373173], dtype=float32), array([-0.5546723, -0.5546723, -0.5546723], dtype=float32), array([-0.53790784, -0.53790784, -0.53790784], dtype=float32), array([-0.52276987, -0.52276987, -0.52276987], dtype=float32), array([-0.5087553, -0.5087553, -0.5087553], dtype=float32), array([-0.4954671, -0.4954671, -0.4954671], dtype=float32), array([-0.48331136, -0.48331136, -0.48331136], dtype=float32), array([-0.4718411, -0.4718411, -0.4718411], dtype=float32), array([-0.46106946, -0.46106946, -0.46106946], dtype=float32), array([-0.4501541, -0.4501541, -0.4501541], dtype=float32), array([-0.44016072, -0.44016072, -0.44016072], dtype=float32), array([-0.4298596, -0.4298596, -0.4298596], dtype=float32), array([-0.40936145, -0.40936145, -0.40936145], dtype=float32), array([-0.3902577, -0.3902577, -0.3902577], dtype=float32), array([-0.3721882, -0.3721882, -0.3721882], dtype=float32), array([-0.35559446, -0.35559446, -0.35559446], dtype=float32)]","[array([[2.0766300e-01, 3.4695303e-03, 7.8886741e-01],
       [3.5339415e-02, 1.3976094e-06, 9.6465921e-01],
       [3.2085997e-01, 3.8520940e-02, 6.4061910e-01]], dtype=float32), array([[1.5853637e-01, 9.2558912e-04, 8.4053802e-01],
       [2.6071340e-02, 3.6976047e-07, 9.7392827e-01],
       [2.5934827e-01, 1.0668620e-02, 7.2998309e-01]], dtype=float32), array([[3.32252830e-01, 7.91953597e-03, 6.59827650e-01],
       [1.12459145e-01, 1.46109039e-06, 8.87539387e-01],
       [3.79334688e-01, 3.59322689e-02, 5.84733129e-01]], dtype=float32), array([[3.3232903e-01, 7.9790568e-03, 6.5969193e-01],
       [1.1269401e-01, 1.5049815e-06, 8.8730443e-01],
       [3.7935373e-01, 3.6126561e-02, 5.8451974e-01]], dtype=float32), array([[1.0525872e-01, 1.5589955e-03, 8.9318228e-01],
       [1.1015112e-02, 1.5644980e-06, 9.8898333e-01],
       [2.6890287e-01, 4.2140558e-02, 6.8895656e-01]], dtype=float32), array([[4.2162475e-01, 4.1510682e-03, 5.7422417e-01],
       [2.8250927e-01, 2.4892540e-07, 7.1749049e-01],
       [4.3015903e-01, 7.8975223e-03, 5.6194341e-01]], dtype=float32), array([[1.2595151e-04, 9.9744809e-01, 2.4260269e-03],
       [8.8585299e-01, 1.6871139e-03, 1.1245992e-01],
       [1.7581956e-02, 9.1769493e-01, 6.4723156e-02]], dtype=float32), array([[7.1326102e-04, 9.9413693e-01, 5.1497212e-03],
       [8.2860607e-01, 2.4499435e-03, 1.6894394e-01],
       [2.3209281e-02, 9.1352075e-01, 6.3270040e-02]], dtype=float32), array([[1.0271772e-01, 1.3919134e-03, 8.9589041e-01],
       [1.0190249e-02, 1.1516260e-06, 9.8980862e-01],
       [2.6721349e-01, 4.0325705e-02, 6.9246078e-01]], dtype=float32), array([[1.0174420e-01, 1.3363835e-03, 8.9691937e-01],
       [9.9099763e-03, 1.0368493e-06, 9.9008894e-01],
       [2.6649415e-01, 3.9670434e-02, 6.9383538e-01]], dtype=float32), array([[1.0119338e-01, 1.3059018e-03, 8.9750069e-01],
       [9.7556673e-03, 9.7745567e-07, 9.9024338e-01],
       [2.6607248e-01, 3.9297104e-02, 6.9463038e-01]], dtype=float32), array([[3.3134988e-01, 7.0374114e-03, 6.6161269e-01],
       [1.0848994e-01, 8.7092042e-07, 8.9150923e-01],
       [3.7932262e-01, 3.3155415e-02, 5.8752203e-01]], dtype=float32), array([[2.1234909e-01, 6.6728576e-04, 7.8698361e-01],
       [4.8799042e-02, 1.0330666e-07, 9.5120084e-01],
       [2.8108156e-01, 4.6455758e-03, 7.1427292e-01]], dtype=float32), array([[2.0477438e-01, 3.0644308e-03, 7.9216117e-01],
       [3.3023156e-02, 9.1935959e-07, 9.6697593e-01],
       [3.1954730e-01, 3.6196649e-02, 6.4425606e-01]], dtype=float32), array([[2.8443313e-01, 1.6701219e-03, 7.1389675e-01],
       [8.8488027e-02, 1.9592851e-07, 9.1151178e-01],
       [3.3634749e-01, 8.1054689e-03, 6.5554702e-01]], dtype=float32), array([[4.2314357e-01, 3.7084720e-03, 5.7314795e-01],
       [2.8451964e-01, 1.5916888e-07, 7.1548015e-01],
       [4.3138045e-01, 7.0189796e-03, 5.6160057e-01]], dtype=float32), array([[2.0786576e-01, 3.1918189e-03, 7.8894234e-01],
       [3.4291346e-02, 9.9108365e-07, 9.6570766e-01],
       [3.2101849e-01, 3.6574986e-02, 6.4240646e-01]], dtype=float32), array([[4.2294949e-01, 3.8791315e-03, 5.7317144e-01],
       [2.8462410e-01, 1.8863560e-07, 7.1537572e-01],
       [4.3121490e-01, 7.3351003e-03, 5.6144994e-01]], dtype=float32), array([[3.32591176e-01, 7.56406458e-03, 6.59844756e-01],
       [1.11526206e-01, 1.17491618e-06, 8.88472557e-01],
       [3.79683644e-01, 3.46738696e-02, 5.85642576e-01]], dtype=float32), array([[2.1028727e-01, 3.5277114e-03, 7.8618497e-01],
       [3.6281880e-02, 1.3954040e-06, 9.6371675e-01],
       [3.2202935e-01, 3.8381636e-02, 6.3958901e-01]], dtype=float32), array([[3.3263078e-01, 7.8329267e-03, 6.5953630e-01],
       [1.1268099e-01, 1.3920047e-06, 8.8731766e-01],
       [3.7952119e-01, 3.5493564e-02, 5.8498520e-01]], dtype=float32), array([[3.32550436e-01, 7.92118907e-03, 6.59528375e-01],
       [1.13039285e-01, 1.47955359e-06, 8.86959255e-01],
       [3.79402071e-01, 3.57544906e-02, 5.84843397e-01]], dtype=float32), array([[4.2181110e-01, 4.3668565e-03, 5.7382202e-01],
       [2.8377160e-01, 3.0318989e-07, 7.1622807e-01],
       [4.3026859e-01, 8.2644382e-03, 5.6146699e-01]], dtype=float32), array([[3.3255261e-01, 8.1010759e-03, 6.5934628e-01],
       [1.1381040e-01, 1.6538097e-06, 8.8618791e-01],
       [3.7927172e-01, 3.6284722e-02, 5.8444357e-01]], dtype=float32), array([[1.6036123e-01, 1.0072473e-03, 8.3863151e-01],
       [2.7298978e-02, 4.7874994e-07, 9.7270048e-01],
       [2.6048964e-01, 1.1147757e-02, 7.2836256e-01]], dtype=float32), array([[3.32734883e-01, 8.35770555e-03, 6.58907473e-01],
       [1.14926524e-01, 1.90505284e-06, 8.85071516e-01],
       [3.79212558e-01, 3.70427631e-02, 5.83744705e-01]], dtype=float32), array([[3.3285826e-01, 8.4587298e-03, 6.5868306e-01],
       [1.1534523e-01, 2.0009438e-06, 8.8465273e-01],
       [3.7923235e-01, 3.7351437e-02, 5.8341622e-01]], dtype=float32), array([[2.1419664e-01, 4.1443100e-03, 7.8165901e-01],
       [3.9688021e-02, 2.4075364e-06, 9.6030962e-01],
       [3.2362688e-01, 4.1517548e-02, 6.3485557e-01]], dtype=float32), array([[2.9256955e-01, 2.4309435e-03, 7.0499951e-01],
       [9.9337578e-02, 6.0547080e-07, 9.0066189e-01],
       [3.4239849e-01, 1.0704493e-02, 6.4689696e-01]], dtype=float32), array([[3.6797875e-01, 2.2338431e-03, 6.2978739e-01],
       [1.9734187e-01, 3.2168751e-07, 8.0265778e-01],
       [3.8807321e-01, 5.5986489e-03, 6.0632813e-01]], dtype=float32), array([[2.1650469e-01, 4.4704308e-03, 7.7902484e-01],
       [4.1360050e-02, 3.0196722e-06, 9.5863694e-01],
       [3.2479098e-01, 4.3199159e-02, 6.3200992e-01]], dtype=float32)]",1,0,0,0,0,0,55.556488549618315,60.1,2000,0.00016786662440391146,0.0003829795886165686,9.61,9.61,2000,60000,60000,0.3490480393775771,104968,93000,61938,2790000,1858140,0,1029.120133216907,6063452.785228175,6357700.298138293,1.5669726053602062e-05,0.16433821618556976,-0.024035640060901642,0.0,0.0013802934991,81158,0.4722185432910919,0.003929257392883301,30969,2307.68310546875,0.32494446635246277,929070,999.0,0.002620674204081297,30.0,1.0,342.69683728705127,0.0,0.0,929070,999.0,1.0,30.0,0.0013802934991,0.0393447157605,30969,23810,342.69664125059063,1.0067001111073661,0.19231334611880135,50,60100,100,2,2.0,10.5,5.252018764588807e-05,0.0001178955639743186,30.0,-10.5,9.68,0.0018158168194349856,1500,1.0067001111073661,0.00031281467642394454,2,9.68,0.0001833685939681754,100,0.00042564452137833496,9.68,3000,3000,100,2.082823203967959e-05,7.449003541880047e-06,4.682004225581523e-05,7.822617650400564e-06,3.450142445576876e-05,0.00016341172794047949,3.015058467332237e-05,3.0041981310096064e-05,1.6713247677787524e-05,2.2638958553015092e-05,5.144758982389843e-05,0.05817201929006682,0.007089678266753142,0.056106600065651796,0.17519598821575028,0.03246672941245821,0.018905577622765322,0.00018446665006994296,0.1706518828868866,-0.03693817928433418,1.0,0.4722185730934143,-0.013036727905273438,108066,93.28282165527344,0.0026890067383646965,0.3124641,3241980,498.0,901.0,930.0,108066,0.0,3241980,498.0,930.0,901.0,651000,216132,19530000,6483960,10193.591953547522,3.839971588240105e-05,5.030409232564533e-05,7.286773532081504e-06,8.554516323118918e-06,2.235745444450878e-05,0.00017914252976187166,3.364495523593612e-05,2.538084172468886e-05,5.6646050722895616e-05,3.378166348994587e-05,1.9048144167490874e-05
1,62000,False,31,d2a96_00000,2025-08-17_21-17-35,1755465455,94.88244771957397,2894.347480773926,686047,intrinsic-attention2,10.156.0.3,2894.347480773926,31,93.15233045438599,1.4736560056237258e-05,93.15203002190341,2.7847497748009835,90.0063745524626,0.002222766868406603,30.0,9.5,1.0067001111073661,2.750738459924179,9.98,0.0016036193910986185,0.0002549519995227456,2,2.0,10.5,1000,62000,31000,4.8793198231035006e-05,0.00010521083981616693,2000,2,1.0067001111073661,406.7633398835028,2000.0,3000.0,"[array([-0.3396411, -0.3396411, -0.3396411], dtype=float32), array([-0.32329458, -0.32329458, -0.32329458], dtype=float32), array([-0.30875877, -0.30875877, -0.30875877], dtype=float32), array([-0.29665, -0.29665, -0.29665], dtype=float32), array([-0.28662467, -0.28662467, -0.28662467], dtype=float32), array([-0.2778852, -0.2778852, -0.2778852], dtype=float32), array([-0.27011782, -0.27011782, -0.27011782], dtype=float32), array([-0.26320815, -0.26320815, -0.26320815], dtype=float32), array([-0.25829464, -0.25829464, -0.25829464], dtype=float32), array([-0.25390077, -0.25390077, -0.25390077], dtype=float32), array([-0.24870612, -0.24870612, -0.24870612], dtype=float32), array([-0.24602559, -0.24602559, -0.24602559], dtype=float32), array([-0.24368662, -0.24368662, -0.24368662], dtype=float32), array([-0.24167058, -0.24167058, -0.24167058], dtype=float32), array([-0.23993775, -0.23993775, -0.23993775], dtype=float32), array([-0.23847869, -0.23847869, -0.23847869], dtype=float32), array([-0.23745206, -0.23745206, -0.23745206], dtype=float32), array([-0.23773742, -0.23773742, -0.23773742], dtype=float32), array([-0.23819377, -0.23819377, -0.23819377], dtype=float32), array([-0.24058987, -0.24058987, -0.24058987], dtype=float32), array([-0.24284153, -0.24284153, -0.24284153], dtype=float32), array([-0.24499203, -0.24499203, -0.24499203], dtype=float32), array([-0.24691562, -0.24691562, -0.24691562], dtype=float32), array([-0.24868487, -0.24868487, -0.24868487], dtype=float32), array([-0.25139955, -0.25139955, -0.25139955], dtype=float32), array([-0.25432467, -0.25432467, -0.25432467], dtype=float32), array([-0.25800183, -0.25800183, -0.25800183], dtype=float32), array([-0.2615538, -0.2615538, -0.2615538], dtype=float32), array([-0.26490423, -0.26490423, -0.26490423], dtype=float32), array([-0.26901478, -0.26901478, -0.26901478], dtype=float32), array([-0.27213195, -0.27213195, -0.27213195], dtype=float32)]","[array([-0.33964106, -0.33964106, -0.33964106], dtype=float32), array([nan, nan, nan], dtype=float32), array([-0.3087588, -0.3087588, -0.3087588], dtype=float32), array([-0.29665005, -0.29665005, -0.29665005], dtype=float32), array([-0.28662467, -0.28662467, -0.28662467], dtype=float32), array([nan, nan, nan], dtype=float32), array([-0.27011788, -0.27011788, -0.27011788], dtype=float32), array([-0.2632081, -0.2632081, -0.2632081], dtype=float32), array([-0.2582947, -0.2582947, -0.2582947], dtype=float32), array([-0.25390083, -0.25390083, -0.25390083], dtype=float32), array([-0.24870615, -0.24870615, -0.24870615], dtype=float32), array([-0.2460256, -0.2460256, -0.2460256], dtype=float32), array([-0.24368657, -0.24368657, -0.24368657], dtype=float32), array([-0.24167055, -0.24167055, -0.24167055], dtype=float32), array([-0.23993774, -0.23993774, -0.23993774], dtype=float32), array([-0.2384787, -0.2384787, -0.2384787], dtype=float32), array([-0.23745213, -0.23745213, -0.23745213], dtype=float32), array([-0.2377374, -0.2377374, -0.2377374], dtype=float32), array([-0.23819381, -0.23819381, -0.23819381], dtype=float32), array([-0.24058986, -0.24058986, -0.24058986], dtype=float32), array([-0.24284156, -0.24284156, -0.24284156], dtype=float32), array([-0.24499206, -0.24499206, -0.24499206], dtype=float32), array([-0.24691565, -0.24691565, -0.24691565], dtype=float32), array([-0.24868484, -0.24868484, -0.24868484], dtype=float32), array([-0.25139955, -0.25139955, -0.25139955], dtype=float32), array([-0.25432464, -0.25432464, -0.25432464], dtype=float32), array([-0.25800186, -0.25800186, -0.25800186], dtype=float32), array([-0.26155376, -0.26155376, -0.26155376], dtype=float32), array([nan, nan, nan], dtype=float32), array([-0.26901472, -0.26901472, -0.26901472], dtype=float32), array([-0.27213198, -0.27213198, -0.27213198], dtype=float32)]","[array([[2.9019088e-01, 2.5814099e-03, 7.0722777e-01],
       [9.8370560e-02, 7.8062419e-07, 9.0162867e-01],
       [3.4109956e-01, 1.1411456e-02, 6.4748901e-01]], dtype=float32), array([[2.1845885e-01, 4.7749747e-03, 7.7676618e-01],
       [4.2911772e-02, 3.7047992e-06, 9.5708460e-01],
       [3.2567748e-01, 4.4652130e-02, 6.2967044e-01]], dtype=float32), array([[2.9511598e-01, 2.8559386e-03, 7.0202810e-01],
       [1.0354723e-01, 9.9620331e-07, 8.9645183e-01],
       [3.4436506e-01, 1.2128346e-02, 6.4350659e-01]], dtype=float32), array([[4.1982147e-01, 5.7782293e-03, 5.7440031e-01],
       [2.8351322e-01, 8.8770577e-07, 7.1648586e-01],
       [4.2852789e-01, 1.0894154e-02, 5.6057799e-01]], dtype=float32), array([[2.9607090e-01, 3.0071822e-03, 7.0092195e-01],
       [1.0485757e-01, 1.1505475e-06, 8.9514130e-01],
       [3.4514329e-01, 1.2640998e-02, 6.4221573e-01]], dtype=float32), array([[2.9627845e-01, 3.0343672e-03, 7.0068717e-01],
       [1.0500312e-01, 1.1697661e-06, 8.9499575e-01],
       [3.4534976e-01, 1.2747406e-02, 6.4190280e-01]], dtype=float32), array([[1.17246695e-01, 2.39072507e-03, 8.80362570e-01],
       [1.49624553e-02, 4.61174977e-06, 9.85032856e-01],
       [2.76404053e-01, 4.94151711e-02, 6.74180746e-01]], dtype=float32), array([[2.93576092e-01, 2.93321186e-03, 7.03490674e-01],
       [1.02176175e-01, 1.08337213e-06, 8.97822678e-01],
       [3.43719572e-01, 1.25930263e-02, 6.43687427e-01]], dtype=float32), array([[3.7146118e-01, 2.7438288e-03, 6.2579495e-01],
       [2.0466775e-01, 5.8052399e-07, 7.9533166e-01],
       [3.9084741e-01, 6.6593410e-03, 6.0249329e-01]], dtype=float32), array([[1.18733086e-01, 2.49865837e-03, 8.78768206e-01],
       [1.54793207e-02, 5.13922851e-06, 9.84515548e-01],
       [2.77194768e-01, 5.01288474e-02, 6.72676384e-01]], dtype=float32), array([[1.1893232e-01, 2.5220481e-03, 8.7854570e-01],
       [1.5590356e-02, 5.2919008e-06, 9.8440439e-01],
       [2.7721816e-01, 5.0249122e-02, 6.7253268e-01]], dtype=float32), array([[2.9528329e-01, 3.2422948e-03, 7.0147437e-01],
       [1.0453197e-01, 1.4300973e-06, 8.9546663e-01],
       [3.4516472e-01, 1.3666810e-02, 6.4116842e-01]], dtype=float32), array([[1.7387782e-01, 1.6703017e-03, 8.2445186e-01],
       [3.4399707e-02, 1.6365450e-06, 9.6559858e-01],
       [2.7247804e-01, 1.5495411e-02, 7.1202660e-01]], dtype=float32), array([[1.7461713e-01, 1.7192337e-03, 8.2366365e-01],
       [3.4795590e-02, 1.7488029e-06, 9.6520263e-01],
       [2.7320507e-01, 1.5818592e-02, 7.1097636e-01]], dtype=float32), array([[2.2076166e-01, 5.4608495e-03, 7.7377754e-01],
       [4.6226718e-02, 6.1292117e-06, 9.5376712e-01],
       [3.2601410e-01, 4.7471166e-02, 6.2651467e-01]], dtype=float32), array([[1.20827965e-01, 2.72534811e-03, 8.76446664e-01],
       [1.65736414e-02, 6.69929068e-06, 9.83419657e-01],
       [2.77537465e-01, 5.12081161e-02, 6.71254337e-01]], dtype=float32), array([[1.2075213e-01, 2.7209085e-03, 8.7652689e-01],
       [1.6572863e-02, 6.7035330e-06, 9.8342043e-01],
       [2.7738202e-01, 5.1093813e-02, 6.7152423e-01]], dtype=float32), array([[1.7661068e-01, 1.8613044e-03, 8.2152802e-01],
       [3.5880949e-02, 2.0984992e-06, 9.6411693e-01],
       [2.7519289e-01, 1.6753227e-02, 7.0805395e-01]], dtype=float32), array([[3.8145423e-01, 3.2544471e-03, 6.1529136e-01],
       [2.2341765e-01, 9.0730271e-07, 7.7658147e-01],
       [3.9812347e-01, 7.3195389e-03, 5.9455699e-01]], dtype=float32), array([[4.1859943e-01, 7.1980413e-03, 5.7420260e-01],
       [2.8224662e-01, 1.7371634e-06, 7.1775168e-01],
       [4.2747998e-01, 1.3627326e-02, 5.5889273e-01]], dtype=float32), array([[3.8311556e-01, 3.3865101e-03, 6.1349797e-01],
       [2.2681636e-01, 1.0158292e-06, 7.7318263e-01],
       [3.9934438e-01, 7.5144004e-03, 5.9314126e-01]], dtype=float32), array([[3.0081254e-01, 3.9746515e-03, 6.9521278e-01],
       [1.1113519e-01, 2.4115625e-06, 8.8886243e-01],
       [3.4928095e-01, 1.5971260e-02, 6.3474786e-01]], dtype=float32), array([[2.2447395e-01, 6.0044979e-03, 7.6952153e-01],
       [4.9475860e-02, 8.3483719e-06, 9.5051581e-01],
       [3.2710537e-01, 4.9035385e-02, 6.2385929e-01]], dtype=float32), array([[3.0144879e-01, 4.0966761e-03, 6.9445455e-01],
       [1.1209071e-01, 2.6308928e-06, 8.8790661e-01],
       [3.4973538e-01, 1.6342733e-02, 6.3392186e-01]], dtype=float32), array([[2.2520559e-01, 6.1763781e-03, 7.6861805e-01],
       [5.0306711e-02, 9.1967249e-06, 9.4968408e-01],
       [3.2730249e-01, 4.9650751e-02, 6.2304676e-01]], dtype=float32), array([[1.8131858e-01, 2.2259047e-03, 8.1645554e-01],
       [3.8842015e-02, 3.2692953e-06, 9.6115476e-01],
       [2.7918676e-01, 1.8834788e-02, 7.0197850e-01]], dtype=float32), array([[2.2306970e-01, 6.1802240e-03, 7.7075011e-01],
       [4.9698915e-02, 9.7681168e-06, 9.5029128e-01],
       [3.2619026e-01, 5.0011698e-02, 6.2379807e-01]], dtype=float32), array([[3.3593884e-01, 1.1877226e-02, 6.5218395e-01],
       [1.3011231e-01, 9.0599260e-06, 8.6987865e-01],
       [3.7869990e-01, 4.6108436e-02, 5.7519168e-01]], dtype=float32), array([[3.02407801e-01, 4.36048955e-03, 6.93231702e-01],
       [1.13534026e-01, 3.12088150e-06, 8.86462867e-01],
       [3.50550264e-01, 1.72163621e-02, 6.32233381e-01]], dtype=float32), array([[2.2231723e-01, 6.0757352e-03, 7.7160704e-01],
       [4.9277522e-02, 9.4221796e-06, 9.5071304e-01],
       [3.2571715e-01, 4.9481627e-02, 6.2480122e-01]], dtype=float32), array([[5.0163364e-01, 6.7114406e-03, 4.9165493e-01],
       [5.1562500e-01, 7.6293207e-07, 4.8437423e-01],
       [5.0182235e-01, 6.4350576e-03, 4.9174267e-01]], dtype=float32)]",1,0,0,0,0,0,55.52132352941176,60.13970588235294,2000,0.00016940750499992155,0.00038862767326737626,9.98,9.98,2000,62000,62000,0.35023605856384216,104968,93000,61938,2883000,1920078,0,1029.1519319788354,6072513.434900328,6368790.607622755,7.834863026801031e-06,0.1417754590511322,-0.020400777459144592,0.0,0.0013802934991,81158,0.4722185432910919,9.751319885253906e-05,30969,2699.74951171875,0.3286104202270508,960039,999.0,0.0026783982757478952,31.0,1.0,342.707430859044,0.0,0.0,960039,999.0,1.0,31.0,0.0013802934991,0.0393447157605,30969,23810,342.7072384088008,1.0067001111073661,0.1922514394775055,50,62100,100,2,2.0,10.5,6.142238718894534e-05,0.0001476701753851325,31.0,9.5,10.08,0.0021198480985185598,1550,1.0067001111073661,0.00031166353962038814,2,10.08,0.00022322958681561872,100,0.0005154684198056656,10.08,3100,3100,100,2.065559841317739e-05,7.186179743070792e-06,4.846845449911159e-05,7.881578503914231e-06,3.5048348880854084e-05,0.00016545821319147917,2.977055720527183e-05,3.0785508065771465e-05,1.7082102049875115e-05,2.2730962639966225e-05,5.256216367865063e-05,0.05813712558704707,0.007094661074089362,0.05621158296501582,0.17610195550366847,0.03259644576825514,0.018978366406546866,0.00018465976349207346,0.15035709738731384,-0.028654463589191437,1.0,0.4722185730934143,-0.001421213150024414,108066,94.05133819580078,0.0024644695222377777,0.32073984,3350046,498.0,931.0,961.0,108066,0.0,3350046,498.0,961.0,931.0,651000,216132,20181000,6700092,10149.069027212685,4.7093722317021216e-05,6.063840894416038e-05,8.67299890253495e-06,1.010163188549063e-05,2.7051614069716665e-05,0.00021278454939841775,4.0918561025335485e-05,3.0263514200669787e-05,6.995400803242232e-05,4.124395492708238e-05,2.3931805513406978e-05
1,64000,False,32,d2a96_00000,2025-08-17_21-19-07,1755465547,91.76722717285156,2986.1147079467773,686047,intrinsic-attention2,10.156.0.3,2986.1147079467773,32,93.13642201449225,1.473800452358745e-05,93.13612067120428,2.7852878665229546,89.98833409043799,0.0022188657896475184,31.0,9.5,1.0067001111073661,2.75113453398494,9.99,0.0017292093588912394,0.0002549519995227456,2,2.0,10.5,1000,64000,32000,5.702888065907487e-05,0.00012714293087919424,2000,2,1.0067001111073661,394.8221119644241,2000.0,3000.0,"[array([-0.27506807, -0.27506807, -0.27506807], dtype=float32), array([-0.2769261, -0.2769261, -0.2769261], dtype=float32), array([-0.27951816, -0.27951816, -0.27951816], dtype=float32), array([-0.28430346, -0.28430346, -0.28430346], dtype=float32), array([-0.29037517, -0.29037517, -0.29037517], dtype=float32), array([-0.28624922, -0.28624922, -0.28624922], dtype=float32), array([-0.2874463, -0.2874463, -0.2874463], dtype=float32), array([-0.28864428, -0.28864428, -0.28864428], dtype=float32), array([-0.2884912, -0.2884912, -0.2884912], dtype=float32), array([-0.2868392, -0.2868392, -0.2868392], dtype=float32), array([-0.27140862, -0.27140862, -0.27140862], dtype=float32), array([-0.2596924, -0.2596924, -0.2596924], dtype=float32), array([-0.25068706, -0.25068706, -0.25068706], dtype=float32), array([-0.24163823, -0.24163823, -0.24163823], dtype=float32), array([-0.22904468, -0.22904468, -0.22904468], dtype=float32), array([-0.21341081, -0.21341081, -0.21341081], dtype=float32), array([-0.1987972, -0.1987972, -0.1987972], dtype=float32), array([-0.18589018, -0.18589018, -0.18589018], dtype=float32), array([-0.17458528, -0.17458528, -0.17458528], dtype=float32), array([-0.15556298, -0.15556298, -0.15556298], dtype=float32), array([-0.1366527, -0.1366527, -0.1366527], dtype=float32), array([-0.11929712, -0.11929712, -0.11929712], dtype=float32), array([-0.10183394, -0.10183394, -0.10183394], dtype=float32), array([-0.08631869, -0.08631869, -0.08631869], dtype=float32), array([-0.07265806, -0.07265806, -0.07265806], dtype=float32), array([-0.05828244, -0.05828244, -0.05828244], dtype=float32), array([-0.04575575, -0.04575575, -0.04575575], dtype=float32), array([-0.0343653, -0.0343653, -0.0343653], dtype=float32), array([-0.022684, -0.022684, -0.022684], dtype=float32), array([-0.01220343, -0.01220343, -0.01220343], dtype=float32), array([-0.00267687, -0.00267687, -0.00267687], dtype=float32)]","[array([-0.2750681, -0.2750681, -0.2750681], dtype=float32), array([-0.27692613, -0.27692613, -0.27692613], dtype=float32), array([-0.27951816, -0.27951816, -0.27951816], dtype=float32), array([nan, nan, nan], dtype=float32), array([-0.2903751, -0.2903751, -0.2903751], dtype=float32), array([-0.28624925, -0.28624925, -0.28624925], dtype=float32), array([-0.28744632, -0.28744632, -0.28744632], dtype=float32), array([-0.28864425, -0.28864425, -0.28864425], dtype=float32), array([-0.28849116, -0.28849116, -0.28849116], dtype=float32), array([-0.2868392, -0.2868392, -0.2868392], dtype=float32), array([-0.27140868, -0.27140868, -0.27140868], dtype=float32), array([-0.25969234, -0.25969234, -0.25969234], dtype=float32), array([-0.250687, -0.250687, -0.250687], dtype=float32), array([-0.24163827, -0.24163827, -0.24163827], dtype=float32), array([-0.22904468, -0.22904468, -0.22904468], dtype=float32), array([-0.21341082, -0.21341082, -0.21341082], dtype=float32), array([-0.19879721, -0.19879721, -0.19879721], dtype=float32), array([nan, nan, nan], dtype=float32), array([-0.17458525, -0.17458525, -0.17458525], dtype=float32), array([-0.155563, -0.155563, -0.155563], dtype=float32), array([-0.13665265, -0.13665265, -0.13665265], dtype=float32), array([-0.11929711, -0.11929711, -0.11929711], dtype=float32), array([-0.10183394, -0.10183394, -0.10183394], dtype=float32), array([-0.08631868, -0.08631868, -0.08631868], dtype=float32), array([-0.07265806, -0.07265806, -0.07265806], dtype=float32), array([nan, nan, nan], dtype=float32), array([-0.04575575, -0.04575575, -0.04575575], dtype=float32), array([nan, nan, nan], dtype=float32), array([-0.022684, -0.022684, -0.022684], dtype=float32), array([-0.01220342, -0.01220342, -0.01220342], dtype=float32), array([nan, nan, nan], dtype=float32)]","[array([[2.2388193e-01, 5.9806122e-03, 7.7013743e-01],
       [4.9558826e-02, 8.5839147e-06, 9.5043254e-01],
       [3.2643524e-01, 4.8615515e-02, 6.2494922e-01]], dtype=float32), array([[3.3529750e-01, 1.1326471e-02, 6.5337610e-01],
       [1.2825084e-01, 7.6084293e-06, 8.7174159e-01],
       [3.7857509e-01, 4.4607811e-02, 5.7681715e-01]], dtype=float32), array([[2.9886240e-01, 4.0253554e-03, 6.9711220e-01],
       [1.0936774e-01, 2.5516758e-06, 8.9062971e-01],
       [3.4828731e-01, 1.6377468e-02, 6.3533521e-01]], dtype=float32), array([[2.2070187e-01, 5.7349377e-03, 7.7356315e-01],
       [4.7728091e-02, 7.8572939e-06, 9.5226401e-01],
       [3.2507384e-01, 4.8083726e-02, 6.2684244e-01]], dtype=float32), array([[3.02216679e-01, 4.04159352e-03, 6.93741679e-01],
       [1.12166785e-01, 2.42566080e-06, 8.87830794e-01],
       [3.50297987e-01, 1.61532015e-02, 6.33548796e-01]], dtype=float32), array([[4.1933021e-01, 7.6176845e-03, 5.7305211e-01],
       [2.8446689e-01, 2.0554246e-06, 7.1553099e-01],
       [4.2797580e-01, 1.4310183e-02, 5.5771405e-01]], dtype=float32), array([[1.8155017e-01, 2.2784115e-03, 8.1617141e-01],
       [3.9092235e-02, 3.4811517e-06, 9.6090430e-01],
       [2.7952564e-01, 1.9180598e-02, 7.0129377e-01]], dtype=float32), array([[3.0021864e-01, 4.6713469e-03, 6.9510996e-01],
       [1.1276718e-01, 4.0736027e-06, 8.8722879e-01],
       [3.4939930e-01, 1.8474113e-02, 6.3212657e-01]], dtype=float32), array([[3.0631024e-01, 5.1540155e-03, 6.8853575e-01],
       [1.1948508e-01, 5.0437216e-06, 8.8050991e-01],
       [3.5317412e-01, 1.9481799e-02, 6.2734401e-01]], dtype=float32), array([[1.8649361e-01, 2.7978909e-03, 8.1070846e-01],
       [4.2602487e-02, 5.8440369e-06, 9.5739162e-01],
       [2.8376305e-01, 2.2007789e-02, 6.9422913e-01]], dtype=float32), array([[3.06403607e-01, 5.34333847e-03, 6.88253045e-01],
       [1.20748706e-01, 5.85835733e-06, 8.79245400e-01],
       [3.53078306e-01, 1.99601147e-02, 6.26961589e-01]], dtype=float32), array([[1.2170458e-01, 3.4855935e-03, 8.7480980e-01],
       [1.9439721e-02, 1.6650563e-05, 9.8054367e-01],
       [2.7487686e-01, 5.5243131e-02, 6.6988003e-01]], dtype=float32), array([[3.0341563e-01, 4.9464451e-03, 6.9163793e-01],
       [1.1834631e-01, 5.2000610e-06, 8.8164842e-01],
       [3.5066521e-01, 1.8683054e-02, 6.3065177e-01]], dtype=float32), array([[3.2920948e-01, 1.2218759e-02, 6.5857178e-01],
       [1.2790048e-01, 1.4016984e-05, 8.7208551e-01],
       [3.7427539e-01, 4.7348063e-02, 5.7837665e-01]], dtype=float32), array([[2.2079578e-01, 6.6963672e-03, 7.7250779e-01],
       [5.1734075e-02, 1.5421236e-05, 9.4825053e-01],
       [3.2342809e-01, 5.1387828e-02, 6.2518412e-01]], dtype=float32), array([[3.9410985e-01, 3.9690756e-03, 6.0192108e-01],
       [2.5352916e-01, 2.0514337e-06, 7.4646878e-01],
       [4.0698186e-01, 7.9014814e-03, 5.8511662e-01]], dtype=float32), array([[3.2685089e-01, 1.2211835e-02, 6.6093725e-01],
       [1.2564044e-01, 1.4654344e-05, 8.7434489e-01],
       [3.7308395e-01, 4.7971237e-02, 5.7894486e-01]], dtype=float32), array([[4.1247624e-01, 7.7354833e-03, 5.7978827e-01],
       [2.7701673e-01, 3.7756581e-06, 7.2297949e-01],
       [4.2231387e-01, 1.4705282e-02, 5.6298083e-01]], dtype=float32), array([[1.1658030e-01, 3.4835637e-03, 8.7993616e-01],
       [1.8522484e-02, 1.8757242e-05, 9.8145872e-01],
       [2.7267054e-01, 5.7198334e-02, 6.7013115e-01]], dtype=float32), array([[1.2059585e-01, 4.0412247e-03, 8.7536293e-01],
       [2.0486915e-02, 2.7171804e-05, 9.7948587e-01],
       [2.7501422e-01, 6.0701761e-02, 6.6428405e-01]], dtype=float32), array([[1.2553832e-01, 4.8262677e-03, 8.6963546e-01],
       [2.3119943e-02, 4.2338655e-05, 9.7683775e-01],
       [2.7769050e-01, 6.5113440e-02, 6.5719610e-01]], dtype=float32), array([[1.8486261e-01, 4.0250830e-03, 8.1111234e-01],
       [4.9319919e-02, 2.3306800e-05, 9.5065683e-01],
       [2.7993205e-01, 2.6776120e-02, 6.9329184e-01]], dtype=float32), array([[1.3580781e-01, 6.8154950e-03, 8.5737669e-01],
       [2.9239548e-02, 9.9092227e-05, 9.7066140e-01],
       [2.8285363e-01, 7.4642316e-02, 6.4250410e-01]], dtype=float32), array([[2.9254466e-01, 8.8544767e-03, 6.9860089e-01],
       [1.2531395e-01, 5.0971685e-05, 8.7463510e-01],
       [3.4281152e-01, 3.0326096e-02, 6.2686241e-01]], dtype=float32), array([[1.9654647e-01, 6.5200441e-03, 7.9693347e-01],
       [6.1282072e-02, 8.0115831e-05, 9.3863779e-01],
       [2.8789780e-01, 3.6077078e-02, 6.7602515e-01]], dtype=float32), array([[1.4860040e-01, 1.0427393e-02, 8.4097224e-01],
       [3.8891826e-02, 2.8508698e-04, 9.6082306e-01],
       [2.8817552e-01, 8.8274717e-02, 6.2354970e-01]], dtype=float32), array([[2.3296082e-01, 1.7716667e-02, 7.4932253e-01],
       [8.0256566e-02, 3.7078463e-04, 9.1937268e-01],
       [3.2477799e-01, 8.7965168e-02, 5.8725685e-01]], dtype=float32), array([[2.9698470e-01, 1.4059167e-02, 6.8895614e-01],
       [1.4087021e-01, 2.0077692e-04, 8.5892898e-01],
       [3.4466052e-01, 4.2884212e-02, 6.1245531e-01]], dtype=float32), array([[2.3713720e-01, 2.1200454e-02, 7.4166238e-01],
       [8.8328391e-02, 6.3100789e-04, 9.1104066e-01],
       [3.2519391e-01, 9.5877923e-02, 5.7892817e-01]], dtype=float32), array([[2.7994040e-01, 1.1258740e-02, 7.0880079e-01],
       [1.3613175e-01, 2.2831066e-04, 8.6363995e-01],
       [3.2870379e-01, 3.3124056e-02, 6.3817215e-01]], dtype=float32), array([[0.16598353, 0.01760201, 0.8164145 ],
       [0.05542464, 0.00102254, 0.9435528 ],
       [0.29375288, 0.10781943, 0.5984277 ]], dtype=float32)]",1,0,0,0,0,0,55.81221374045801,60.19541984732823,2000,0.0002033091608755945,0.00045385196479256877,9.99,9.99,2000,64000,64000,0.3518273237481542,104968,93000,61938,2976000,1982016,0,1029.52160376077,6071205.73600777,6370670.4609711375,3.9174315134005155e-06,0.15232372283935547,-5.083399173599901e-06,0.0,0.0013802934991,81158,0.4722185432910919,-0.6189303398132324,30969,2569.720458984375,0.3489915430545807,991008,999.0,0.0014822197845205665,32.0,1.0,342.830551381257,0.0,0.0,991008,999.0,1.0,32.0,0.0013802934991,0.0393447157605,30969,23810,342.83037773352635,1.0067001111073661,0.19221397764283146,50,64100,100,2,2.0,10.5,6.320863802632452e-05,0.000153284969315071,32.0,-9.5,9.88,0.002305967548454646,1600,1.0067001111073661,0.0003105038843466704,2,9.88,0.0002329400116574664,100,0.0005366089661768211,9.88,3200,3200,100,2.4372807675204048e-05,8.444624498411746e-06,5.871945804937242e-05,8.99566556914198e-06,4.0823286852951994e-05,0.00018964376186708074,3.558092674200152e-05,3.5744373594743556e-05,2.0596104105054337e-05,2.6754442079966748e-05,6.24332283212018e-05,0.05842094054117074,0.007124193623230994,0.05649280410535804,0.17688997133859766,0.03273834488065645,0.019039034862425783,0.0001848837958554958,0.14975716173648834,0.00016392282850574702,1.0,0.4722185730934143,-0.09093248844146729,108066,97.00399780273438,0.0014598860871046782,0.34939805,3458112,498.0,961.0,992.0,108066,0.0,3458112,498.0,992.0,961.0,651000,216132,20832000,6916224,10113.04822179061,4.892746513410047e-05,6.268299502422439e-05,9.107181049567934e-06,1.0227837103555224e-05,2.8018088966403873e-05,0.00022007522515195643,4.2890409569423736e-05,3.130113967880255e-05,7.30509203684994e-05,4.3571341005137525e-05,2.4918992706843863e-05
1,66000,False,33,d2a96_00000,2025-08-17_21-20-47,1755465647,100.46210956573486,3086.576817512512,686047,intrinsic-attention2,10.156.0.3,3086.576817512512,33,93.20748485306738,1.4718484590467316e-05,93.20718311643213,2.789147278347684,90.05571446678363,0.0022148590217965685,32.0,9.5,1.0067001111073661,2.755034115195106,10.0,0.0015680017895647325,0.0002549519995227456,2,2.0,10.5,1000,66000,33000,4.7859186664239537e-05,0.00010051951338257262,2000,2,1.0067001111073661,383.11235125586177,2000.0,3000.0,"[array([0.00451704, 0.00451704, 0.00451704], dtype=float32), array([0.01112431, 0.01112431, 0.01112431], dtype=float32), array([0.01680478, 0.01680478, 0.01680478], dtype=float32), array([0.02239394, 0.02239394, 0.02239394], dtype=float32), array([0.02772786, 0.02772786, 0.02772786], dtype=float32), array([0.03202188, 0.03202188, 0.03202188], dtype=float32), array([0.03577554, 0.03577554, 0.03577554], dtype=float32), array([0.03911055, 0.03911055, 0.03911055], dtype=float32), array([0.04205441, 0.04205441, 0.04205441], dtype=float32), array([0.04489737, 0.04489737, 0.04489737], dtype=float32), array([0.04753685, 0.04753685, 0.04753685], dtype=float32), array([0.05016701, 0.05016701, 0.05016701], dtype=float32), array([0.05183201, 0.05183201, 0.05183201], dtype=float32), array([0.05311728, 0.05311728, 0.05311728], dtype=float32), array([0.05414026, 0.05414026, 0.05414026], dtype=float32), array([0.0554682, 0.0554682, 0.0554682], dtype=float32), array([0.05676299, 0.05676299, 0.05676299], dtype=float32), array([0.05721707, 0.05721707, 0.05721707], dtype=float32), array([0.05747057, 0.05747057, 0.05747057], dtype=float32), array([0.05766309, 0.05766309, 0.05766309], dtype=float32), array([0.05781908, 0.05781908, 0.05781908], dtype=float32), array([0.05757653, 0.05757653, 0.05757653], dtype=float32), array([0.05668091, 0.05668091, 0.05668091], dtype=float32), array([0.05608417, 0.05608417, 0.05608417], dtype=float32), array([0.05560542, 0.05560542, 0.05560542], dtype=float32), array([0.0549529, 0.0549529, 0.0549529], dtype=float32), array([0.05463153, 0.05463153, 0.05463153], dtype=float32), array([0.05369843, 0.05369843, 0.05369843], dtype=float32), array([0.05266321, 0.05266321, 0.05266321], dtype=float32), array([0.05137546, 0.05137546, 0.05137546], dtype=float32), array([0.04995563, 0.04995563, 0.04995563], dtype=float32)]","[array([0.00451704, 0.00451704, 0.00451704], dtype=float32), array([0.01112432, 0.01112432, 0.01112432], dtype=float32), array([0.01680478, 0.01680478, 0.01680478], dtype=float32), array([0.02239394, 0.02239394, 0.02239394], dtype=float32), array([0.02772786, 0.02772786, 0.02772786], dtype=float32), array([0.03202188, 0.03202188, 0.03202188], dtype=float32), array([0.03577553, 0.03577553, 0.03577553], dtype=float32), array([0.03911055, 0.03911055, 0.03911055], dtype=float32), array([0.04205441, 0.04205441, 0.04205441], dtype=float32), array([0.04489737, 0.04489737, 0.04489737], dtype=float32), array([nan, nan, nan], dtype=float32), array([0.05016701, 0.05016701, 0.05016701], dtype=float32), array([0.051832, 0.051832, 0.051832], dtype=float32), array([0.05311728, 0.05311728, 0.05311728], dtype=float32), array([0.05414025, 0.05414025, 0.05414025], dtype=float32), array([0.05546819, 0.05546819, 0.05546819], dtype=float32), array([0.05676298, 0.05676298, 0.05676298], dtype=float32), array([0.05721708, 0.05721708, 0.05721708], dtype=float32), array([0.05747059, 0.05747059, 0.05747059], dtype=float32), array([0.05766309, 0.05766309, 0.05766309], dtype=float32), array([0.05781909, 0.05781909, 0.05781909], dtype=float32), array([0.05757651, 0.05757651, 0.05757651], dtype=float32), array([0.05668089, 0.05668089, 0.05668089], dtype=float32), array([0.05608418, 0.05608418, 0.05608418], dtype=float32), array([0.05560543, 0.05560543, 0.05560543], dtype=float32), array([0.0549529, 0.0549529, 0.0549529], dtype=float32), array([0.05463153, 0.05463153, 0.05463153], dtype=float32), array([0.05369843, 0.05369843, 0.05369843], dtype=float32), array([0.05266322, 0.05266322, 0.05266322], dtype=float32), array([0.05137547, 0.05137547, 0.05137547], dtype=float32), array([0.04995564, 0.04995564, 0.04995564], dtype=float32)]","[array([[0.32922208, 0.03681504, 0.6339629 ],
       [0.1757075 , 0.00100492, 0.82328755],
       [0.36389574, 0.09901471, 0.5370896 ]], dtype=float32), array([[0.24099153, 0.02528005, 0.73372847],
       [0.09696925, 0.00105966, 0.9019711 ],
       [0.3252573 , 0.1042385 , 0.57050425]], dtype=float32), array([[0.16634096, 0.01795959, 0.8156994 ],
       [0.05611871, 0.00108079, 0.9428005 ],
       [0.2937093 , 0.1086415 , 0.59764916]], dtype=float32), array([[2.9872340e-01, 1.8882275e-02, 6.8239433e-01],
       [1.5138413e-01, 4.7699737e-04, 8.4813893e-01],
       [3.4462914e-01, 5.3426612e-02, 6.0194427e-01]], dtype=float32), array([[2.9854277e-01, 1.9158632e-02, 6.8229866e-01],
       [1.5175073e-01, 4.9983838e-04, 8.4774947e-01],
       [3.4444398e-01, 5.4031286e-02, 6.0152465e-01]], dtype=float32), array([[3.8948810e-01, 2.7206244e-02, 5.8330572e-01],
       [2.7345145e-01, 4.3862499e-04, 7.2610992e-01],
       [4.0051132e-01, 4.9603149e-02, 5.4988557e-01]], dtype=float32), array([[2.9827005e-01, 1.9989755e-02, 6.8174022e-01],
       [1.5316078e-01, 5.7274272e-04, 8.4626645e-01],
       [3.4401214e-01, 5.5734213e-02, 6.0025364e-01]], dtype=float32), array([[3.1191632e-01, 2.1697512e-02, 6.6638613e-01],
       [1.6856453e-01, 6.2283018e-04, 8.3081263e-01],
       [3.5158169e-01, 5.6421828e-02, 5.9199649e-01]], dtype=float32), array([[2.1825793e-01, 1.5902892e-02, 7.6583916e-01],
       [9.0937652e-02, 7.4696209e-04, 9.0831542e-01],
       [3.0005491e-01, 6.2234618e-02, 6.3771045e-01]], dtype=float32), array([[0.32725465, 0.04016002, 0.63258535],
       [0.1789715 , 0.0014104 , 0.8196181 ],
       [0.36167508, 0.10515286, 0.5331721 ]], dtype=float32), array([[4.4722280e-01, 2.7129229e-02, 5.2564800e-01],
       [4.0006948e-01, 3.5858521e-04, 5.9957194e-01],
       [4.4715601e-01, 3.4586575e-02, 5.1825738e-01]], dtype=float32), array([[0.17186189, 0.02158589, 0.80655223],
       [0.06304173, 0.00168995, 0.93526834],
       [0.29520366, 0.11721072, 0.58758557]], dtype=float32), array([[2.9769552e-01, 2.1776762e-02, 6.8052775e-01],
       [1.5615569e-01, 7.5367041e-04, 8.4309065e-01],
       [3.4306833e-01, 5.9271306e-02, 5.9766036e-01]], dtype=float32), array([[0.32709303, 0.03984238, 0.63306457],
       [0.17806123, 0.00136454, 0.8205742 ],
       [0.3617435 , 0.10491719, 0.5333393 ]], dtype=float32), array([[3.7264606e-01, 1.9485937e-02, 6.0786802e-01],
       [2.5356650e-01, 3.7816877e-04, 7.4605531e-01],
       [3.8856915e-01, 3.6648769e-02, 5.7478207e-01]], dtype=float32), array([[0.241036  , 0.02674336, 0.73222065],
       [0.09894006, 0.00125369, 0.8998062 ],
       [0.3249326 , 0.10793041, 0.56713706]], dtype=float32), array([[2.1319976e-01, 1.3805125e-02, 7.7299511e-01],
       [8.4986053e-02, 5.4531719e-04, 9.1446859e-01],
       [2.9715395e-01, 5.7103988e-02, 6.4574200e-01]], dtype=float32), array([[2.1452034e-01, 1.4382233e-02, 7.7109742e-01],
       [8.6605646e-02, 5.9854577e-04, 9.1279578e-01],
       [2.9791960e-01, 5.8565717e-02, 6.4351463e-01]], dtype=float32), array([[3.8652351e-01, 2.8054977e-02, 5.8542150e-01],
       [2.7066013e-01, 5.1791262e-04, 7.2882193e-01],
       [3.9812306e-01, 5.1375490e-02, 5.5050141e-01]], dtype=float32), array([[3.8621771e-01, 2.8716320e-02, 5.8506590e-01],
       [2.7100158e-01, 5.5693649e-04, 7.2844148e-01],
       [3.9775068e-01, 5.2475650e-02, 5.4977375e-01]], dtype=float32), array([[0.27839404, 0.04253015, 0.67907584],
       [0.12595393, 0.0021368 , 0.8719093 ],
       [0.3424208 , 0.14845619, 0.5091231 ]], dtype=float32), array([[3.1067342e-01, 2.2355486e-02, 6.6697109e-01],
       [1.6846973e-01, 6.9095159e-04, 8.3083940e-01],
       [3.5067570e-01, 5.7966627e-02, 5.9135771e-01]], dtype=float32), array([[2.9822013e-01, 2.1766152e-02, 6.8001366e-01],
       [1.5605745e-01, 7.3583634e-04, 8.4320670e-01],
       [3.4355804e-01, 5.9417401e-02, 5.9702456e-01]], dtype=float32), array([[2.1913755e-01, 1.6483046e-02, 7.6437938e-01],
       [9.2192158e-02, 8.0988841e-04, 9.0699792e-01],
       [3.0063009e-01, 6.3778348e-02, 6.3559151e-01]], dtype=float32), array([[3.8593474e-01, 3.0284483e-02, 5.8378071e-01],
       [2.7232102e-01, 6.4935046e-04, 7.2702968e-01],
       [3.9719525e-01, 5.5010509e-02, 5.4779416e-01]], dtype=float32), array([[2.1934657e-01, 1.6525786e-02, 7.6412767e-01],
       [9.2327148e-02, 8.1227330e-04, 9.0686059e-01],
       [3.0078188e-01, 6.3893840e-02, 6.3532436e-01]], dtype=float32), array([[0.17179556, 0.02115004, 0.8070544 ],
       [0.06253558, 0.00160374, 0.9358607 ],
       [0.2951113 , 0.11573864, 0.58915013]], dtype=float32), array([[3.1134734e-01, 2.2433497e-02, 6.6621917e-01],
       [1.6889066e-01, 6.8531412e-04, 8.3042401e-01],
       [3.5115311e-01, 5.8139417e-02, 5.9070754e-01]], dtype=float32), array([[3.8715640e-01, 2.8738119e-02, 5.8410543e-01],
       [2.7190855e-01, 5.3882424e-04, 7.2755265e-01],
       [3.9845994e-01, 5.2455764e-02, 5.4908437e-01]], dtype=float32), array([[0.32695398, 0.03705525, 0.63599074],
       [0.17421117, 0.00107496, 0.8247138 ],
       [0.3625679 , 0.10000361, 0.5374285 ]], dtype=float32), array([[3.1014282e-01, 1.9895444e-02, 6.6996175e-01],
       [1.6365047e-01, 4.8794068e-04, 8.3586156e-01],
       [3.5103765e-01, 5.3244460e-02, 5.9571785e-01]], dtype=float32)]",1,0,0,0,0,0,56.020279720279724,60.21818181818181,2000,0.0001633910991423486,0.00037422499220026795,10.0,10.0,2000,66000,66000,0.3516695241706681,104968,93000,61938,3069000,2043954,0,1026.6380476211207,6048441.8492098125,6349039.347867397,1.9587157567002578e-06,0.14016804099082947,-0.02742771990597248,0.0,0.0013802934991,81158,0.4722185432910919,0.002946138381958008,30969,2045.9239501953125,0.32158565521240234,1021977,999.0,0.0015349291497841477,33.0,1.0,341.8703355675943,0.0,0.0,1021977,999.0,1.0,33.0,0.0013802934991,0.0393447157605,30969,23810,341.87016793671893,1.0067001111073661,0.19229822260649196,50,66100,100,2,2.0,10.5,6.576222224310173e-05,0.00016639201949164193,33.0,-9.5,9.88,0.002392662728962023,1650,1.0067001111073661,0.00030934803540339146,2,9.88,0.0002484469453370835,100,0.0005652876675833077,9.88,3300,3300,100,2.0357794779907765e-05,7.201067018103606e-06,4.5257349153954396e-05,7.529325801088655e-06,3.400924558718975e-05,0.00015949234809611761,2.931973917709772e-05,2.9466852994535874e-05,1.6455098529593414e-05,2.231962448533969e-05,5.008888134146268e-05,0.05839984053585911,0.0071162711870396455,0.05642708448438296,0.17684411868514324,0.032744328061779404,0.019013723903791368,0.0001847557179436781,0.14446088671684265,-0.01728486455976963,1.0,0.4722185730934143,0.0001353621482849121,108066,97.29670715332031,0.0008689340902492404,0.33186182,3566178,498.0,991.0,1023.0,108066,0.0,3566178,498.0,1023.0,991.0,651000,216132,21483000,7132356,10057.67093358915,5.2284779056690174e-05,6.78337975734575e-05,9.655617765326163e-06,1.0564976720921944e-05,2.902854349960577e-05,0.000229127237356621,4.496610717027065e-05,3.298020788939074e-05,7.703226306582932e-05,4.663584134235571e-05,2.5599092889629365e-05
1,68000,False,34,d2a96_00000,2025-08-17_21-22-19,1755465739,91.81234049797058,3178.389158010483,686047,intrinsic-attention2,10.156.0.3,3178.389158010483,34,93.19143663524682,1.4693699687046396e-05,93.19113434207789,2.7883712448742077,90.04073596062584,0.00221047408153609,33.0,9.5,1.0067001111073661,2.754288976153127,9.98,0.0016323406499577685,0.0002549519995227456,2,2.0,10.5,1000,68000,34000,4.9237263816919e-05,0.00010555631343419508,2000,2,1.0067001111073661,371.63648262617323,2000.0,3000.0,"[array([0.04793756, 0.04793756, 0.04793756], dtype=float32), array([0.04625904, 0.04625904, 0.04625904], dtype=float32), array([0.04448452, 0.04448452, 0.04448452], dtype=float32), array([0.04253768, 0.04253768, 0.04253768], dtype=float32), array([0.0407289, 0.0407289, 0.0407289], dtype=float32), array([0.03961251, 0.03961251, 0.03961251], dtype=float32), array([0.03860677, 0.03860677, 0.03860677], dtype=float32), array([0.03753857, 0.03753857, 0.03753857], dtype=float32), array([0.03710745, 0.03710745, 0.03710745], dtype=float32), array([0.03662221, 0.03662221, 0.03662221], dtype=float32), array([0.03615702, 0.03615702, 0.03615702], dtype=float32), array([0.03558695, 0.03558695, 0.03558695], dtype=float32), array([0.03578288, 0.03578288, 0.03578288], dtype=float32), array([0.03578935, 0.03578935, 0.03578935], dtype=float32), array([0.03611749, 0.03611749, 0.03611749], dtype=float32), array([0.03650185, 0.03650185, 0.03650185], dtype=float32), array([0.03674405, 0.03674405, 0.03674405], dtype=float32), array([0.03732788, 0.03732788, 0.03732788], dtype=float32), array([0.03829528, 0.03829528, 0.03829528], dtype=float32), array([0.03914525, 0.03914525, 0.03914525], dtype=float32), array([0.03986211, 0.03986211, 0.03986211], dtype=float32), array([0.04068841, 0.04068841, 0.04068841], dtype=float32), array([0.04146552, 0.04146552, 0.04146552], dtype=float32), array([0.04222423, 0.04222423, 0.04222423], dtype=float32), array([0.04283834, 0.04283834, 0.04283834], dtype=float32), array([0.04341855, 0.04341855, 0.04341855], dtype=float32), array([0.04373091, 0.04373091, 0.04373091], dtype=float32), array([0.04466261, 0.04466261, 0.04466261], dtype=float32), array([0.04539319, 0.04539319, 0.04539319], dtype=float32), array([0.04632191, 0.04632191, 0.04632191], dtype=float32), array([0.04803129, 0.04803129, 0.04803129], dtype=float32)]","[array([0.04793756, 0.04793756, 0.04793756], dtype=float32), array([nan, nan, nan], dtype=float32), array([0.04448453, 0.04448453, 0.04448453], dtype=float32), array([0.04253767, 0.04253767, 0.04253767], dtype=float32), array([0.0407289, 0.0407289, 0.0407289], dtype=float32), array([0.03961251, 0.03961251, 0.03961251], dtype=float32), array([0.03860677, 0.03860677, 0.03860677], dtype=float32), array([0.03753857, 0.03753857, 0.03753857], dtype=float32), array([nan, nan, nan], dtype=float32), array([0.03662221, 0.03662221, 0.03662221], dtype=float32), array([0.03615702, 0.03615702, 0.03615702], dtype=float32), array([0.03558695, 0.03558695, 0.03558695], dtype=float32), array([0.03578288, 0.03578288, 0.03578288], dtype=float32), array([nan, nan, nan], dtype=float32), array([0.03611749, 0.03611749, 0.03611749], dtype=float32), array([0.03650185, 0.03650185, 0.03650185], dtype=float32), array([0.03674405, 0.03674405, 0.03674405], dtype=float32), array([0.03732787, 0.03732787, 0.03732787], dtype=float32), array([0.03829528, 0.03829528, 0.03829528], dtype=float32), array([0.03914526, 0.03914526, 0.03914526], dtype=float32), array([nan, nan, nan], dtype=float32), array([0.04068841, 0.04068841, 0.04068841], dtype=float32), array([0.04146552, 0.04146552, 0.04146552], dtype=float32), array([nan, nan, nan], dtype=float32), array([0.04283834, 0.04283834, 0.04283834], dtype=float32), array([0.04341855, 0.04341855, 0.04341855], dtype=float32), array([nan, nan, nan], dtype=float32), array([nan, nan, nan], dtype=float32), array([0.0453932, 0.0453932, 0.0453932], dtype=float32), array([0.04632191, 0.04632191, 0.04632191], dtype=float32), array([0.0480313, 0.0480313, 0.0480313], dtype=float32)]","[array([[0.23950745, 0.02508139, 0.7354111 ],
       [0.09595382, 0.00105619, 0.90299   ],
       [0.3246304 , 0.10419132, 0.57117826]], dtype=float32), array([[0.16595298, 0.01814916, 0.8158978 ],
       [0.05627619, 0.00112054, 0.94260323],
       [0.29346618, 0.10934105, 0.59719276]], dtype=float32), array([[0.32711625, 0.03621489, 0.6366689 ],
       [0.17293058, 0.00098478, 0.8260847 ],
       [0.36297625, 0.09862901, 0.5383948 ]], dtype=float32), array([[2.77955264e-01, 1.27223395e-02, 7.09322453e-01],
       [1.37384966e-01, 3.24991241e-04, 8.62290084e-01],
       [3.27429026e-01, 3.68599631e-02, 6.35710955e-01]], dtype=float32), array([[0.16609004, 0.01814171, 0.8157683 ],
       [0.05630956, 0.00111702, 0.94257337],
       [0.29353032, 0.10926908, 0.5972006 ]], dtype=float32), array([[0.16797675, 0.01903321, 0.81299   ],
       [0.0581755 , 0.00124631, 0.9405782 ],
       [0.294177  , 0.11135007, 0.59447294]], dtype=float32), array([[0.24226421, 0.02725235, 0.7304835 ],
       [0.10053365, 0.00131703, 0.8981494 ],
       [0.32517624, 0.10838009, 0.5664437 ]], dtype=float32), array([[3.8775775e-01, 2.9463561e-02, 5.8277869e-01],
       [2.7395606e-01, 5.7856104e-04, 7.2546542e-01],
       [3.9870876e-01, 5.3379346e-02, 5.4791182e-01]], dtype=float32), array([[0.1705408 , 0.02019153, 0.80926764],
       [0.06058069, 0.00141873, 0.9380006 ],
       [0.29514065, 0.11401838, 0.590841  ]], dtype=float32), array([[3.8822868e-01, 2.8463481e-02, 5.8330786e-01],
       [2.7324894e-01, 5.1513186e-04, 7.2623593e-01],
       [3.9929497e-01, 5.1784914e-02, 5.4892015e-01]], dtype=float32), array([[3.8842818e-01, 2.8048217e-02, 5.8352357e-01],
       [2.7295411e-01, 4.9018051e-04, 7.2655571e-01],
       [3.9954183e-01, 5.1119711e-02, 5.4933846e-01]], dtype=float32), array([[3.1132773e-01, 2.0647766e-02, 6.6802448e-01],
       [1.6601108e-01, 5.3684093e-04, 8.3345205e-01],
       [3.5156471e-01, 5.4554358e-02, 5.9388089e-01]], dtype=float32), array([[0.24284083, 0.02688139, 0.73027784],
       [0.10000096, 0.00124065, 0.89875835],
       [0.32574454, 0.1077655 , 0.56648993]], dtype=float32), array([[2.9912621e-01, 2.0366004e-02, 6.8050772e-01],
       [1.5433171e-01, 5.9501460e-04, 8.4507328e-01],
       [3.4449217e-01, 5.6453567e-02, 5.9905428e-01]], dtype=float32), array([[0.17219155, 0.02055263, 0.80725586],
       [0.06146284, 0.00144824, 0.9370889 ],
       [0.29607037, 0.11492626, 0.58900344]], dtype=float32), array([[3.1232908e-01, 2.2493353e-02, 6.6517752e-01],
       [1.6973728e-01, 6.7888526e-04, 8.2958382e-01],
       [3.5177153e-01, 5.8138054e-02, 5.9009039e-01]], dtype=float32), array([[3.1253457e-01, 2.2982083e-02, 6.6448337e-01],
       [1.7063372e-01, 7.1998662e-04, 8.2864630e-01],
       [3.5179311e-01, 5.9087686e-02, 5.8911914e-01]], dtype=float32), array([[0.3291682 , 0.04051607, 0.63031566],
       [0.18040158, 0.00137679, 0.8182216 ],
       [0.3626992 , 0.1057418 , 0.53155905]], dtype=float32), array([[2.2126517e-01, 1.6650198e-02, 7.6208466e-01],
       [9.3261436e-02, 8.0214604e-04, 9.0593642e-01],
       [3.0208713e-01, 6.4112715e-02, 6.3380015e-01]], dtype=float32), array([[2.2191530e-01, 1.6974583e-02, 7.6111013e-01],
       [9.4093241e-02, 8.3765609e-04, 9.0506911e-01],
       [3.0244672e-01, 6.4881913e-02, 6.3267130e-01]], dtype=float32), array([[0.1767988 , 0.02252919, 0.80067194],
       [0.06570027, 0.00176252, 0.93253726],
       [0.2976795 , 0.11888832, 0.58343214]], dtype=float32), array([[0.30169865, 0.02351893, 0.67478245],
       [0.16103196, 0.0008631 , 0.8381049 ],
       [0.34543818, 0.06266293, 0.5918989 ]], dtype=float32), array([[0.38572404, 0.03259256, 0.5816834 ],
       [0.27431285, 0.00079377, 0.72489333],
       [0.39653873, 0.05871452, 0.5447467 ]], dtype=float32), array([[0.32959253, 0.04428392, 0.62612355],
       [0.18615575, 0.00185761, 0.8119866 ],
       [0.36167747, 0.1115783 , 0.52674425]], dtype=float32), array([[0.3138962 , 0.02646283, 0.65964097],
       [0.17665133, 0.00105355, 0.82229507],
       [0.35188854, 0.06571197, 0.58239955]], dtype=float32), array([[0.30318463, 0.02610487, 0.67071044],
       [0.16602513, 0.00114042, 0.8328344 ],
       [0.34574258, 0.06750313, 0.5867543 ]], dtype=float32), array([[0.22789618, 0.02041133, 0.75169253],
       [0.10254403, 0.00128083, 0.89617515],
       [0.30540973, 0.07247636, 0.62211394]], dtype=float32), array([[0.2516113 , 0.03393887, 0.7144499 ],
       [0.1146092 , 0.00227479, 0.88311607],
       [0.3274319 , 0.11985189, 0.5527162 ]], dtype=float32), array([[0.3030719 , 0.02587487, 0.6710533 ],
       [0.16542369, 0.00110795, 0.8334683 ],
       [0.34578332, 0.06717639, 0.5870403 ]], dtype=float32), array([[0.25179422, 0.03403241, 0.71417344],
       [0.11484571, 0.00228927, 0.882865  ],
       [0.32748085, 0.119965  , 0.55255413]], dtype=float32), array([[0.26267838, 0.03676473, 0.7005569 ],
       [0.12495378, 0.00254003, 0.8725062 ],
       [0.3315106 , 0.12147997, 0.5470094 ]], dtype=float32)]",1,0,0,0,0,0,56.24122137404581,60.24274809160305,2000,0.00016921189316930092,0.0003903825034407195,9.98,9.98,2000,68000,68000,0.35139683089897666,104968,93000,61938,3162000,2105892,0,1026.1167347726334,6053430.489508975,6354185.039300628,9.793578783501289e-07,0.10649571567773819,-0.013270213268697262,0.0,0.0013802934991,81158,0.4722185432910919,-0.0052716732025146484,30969,1782.3829345703125,0.33578962087631226,1052946,999.0,0.0030146499630063772,34.0,1.0,341.69674454018855,0.0,0.0,1052946,999.0,1.0,34.0,0.0013802934991,0.0393447157605,30969,23810,341.696580315698,1.0067001111073661,0.19229196574034232,50,68100,100,2,2.0,10.5,6.487285491967247e-05,0.00016311527739164386,34.0,9.5,10.08,0.002418394599953899,1700,1.0067001111073661,0.0003081973150402825,2,10.08,0.00024115543429562497,100,0.000553285968374704,10.08,3400,3400,100,2.1264073360169652e-05,7.237557240126949e-06,4.742040503269412e-05,7.739333560893958e-06,3.478305325551725e-05,0.00016431466123390583,3.080779590101632e-05,3.038156478252696e-05,1.7535659274811898e-05,2.3372396373726436e-05,5.2673065116775506e-05,0.05834063170039996,0.007110691585141316,0.05636188443953597,0.17676260152821927,0.03271493017124343,0.01898114753474663,0.00018459461074181062,0.11559562385082245,-0.020410476252436638,1.0,0.4722185730934143,-0.0006819963455200195,108066,98.60311889648438,0.00384029489941895,0.32925233,3674244,498.0,1021.0,1054.0,108066,0.0,3674244,498.0,1054.0,1021.0,651000,216132,22134000,7348488,10022.805317711318,5.0199467982800066e-05,6.735887288776547e-05,9.312693177524757e-06,1.0469062313732266e-05,2.8287813507332392e-05,0.00022747092799194822,4.392836376167318e-05,3.2642720536085505e-05,7.624807294864412e-05,4.406116440857579e-05,2.499933413674904e-05
1,70000,False,35,d2a96_00000,2025-08-17_21-23-52,1755465832,92.71926808357239,3271.108426094055,686047,intrinsic-attention2,10.156.0.3,3271.108426094055,35,93.18477492327436,1.4707042577671494e-05,93.18447155549705,2.7967754869954637,90.02542981627965,0.002209751370820359,34.0,9.5,1.0067001111073661,2.762722970461565,10.01,0.0015398489894869272,0.0002549519995227456,2,2.0,10.5,1000,70000,35000,4.710725443418456e-05,0.00010005085203519554,2000,2,1.0067001111073661,360.40431254866354,2000.0,3000.0,"[array([0.04976326, 0.04976326, 0.04976326], dtype=float32), array([0.05068304, 0.05068304, 0.05068304], dtype=float32), array([0.05161959, 0.05161959, 0.05161959], dtype=float32), array([0.05176073, 0.05176073, 0.05176073], dtype=float32), array([0.05175959, 0.05175959, 0.05175959], dtype=float32), array([0.05177997, 0.05177997, 0.05177997], dtype=float32), array([0.05102139, 0.05102139, 0.05102139], dtype=float32), array([0.0502836, 0.0502836, 0.0502836], dtype=float32), array([0.04945844, 0.04945844, 0.04945844], dtype=float32), array([0.04787469, 0.04787469, 0.04787469], dtype=float32), array([0.04638894, 0.04638894, 0.04638894], dtype=float32), array([0.04508891, 0.04508891, 0.04508891], dtype=float32), array([0.04320287, 0.04320287, 0.04320287], dtype=float32), array([0.04176944, 0.04176944, 0.04176944], dtype=float32), array([0.03993815, 0.03993815, 0.03993815], dtype=float32), array([0.03850687, 0.03850687, 0.03850687], dtype=float32), array([0.03669276, 0.03669276, 0.03669276], dtype=float32), array([0.03512668, 0.03512668, 0.03512668], dtype=float32), array([0.03324506, 0.03324506, 0.03324506], dtype=float32), array([0.03152856, 0.03152856, 0.03152856], dtype=float32), array([0.02959364, 0.02959364, 0.02959364], dtype=float32), array([0.02775624, 0.02775624, 0.02775624], dtype=float32), array([0.02601245, 0.02601245, 0.02601245], dtype=float32), array([0.02424169, 0.02424169, 0.02424169], dtype=float32), array([0.0223949, 0.0223949, 0.0223949], dtype=float32), array([0.02014939, 0.02014939, 0.02014939], dtype=float32), array([0.01796569, 0.01796569, 0.01796569], dtype=float32), array([0.01600565, 0.01600565, 0.01600565], dtype=float32), array([0.01408141, 0.01408141, 0.01408141], dtype=float32), array([0.01208701, 0.01208701, 0.01208701], dtype=float32), array([0.01007329, 0.01007329, 0.01007329], dtype=float32)]","[array([nan, nan, nan], dtype=float32), array([0.05068305, 0.05068305, 0.05068305], dtype=float32), array([nan, nan, nan], dtype=float32), array([nan, nan, nan], dtype=float32), array([nan, nan, nan], dtype=float32), array([0.05177996, 0.05177996, 0.05177996], dtype=float32), array([nan, nan, nan], dtype=float32), array([0.05028361, 0.05028361, 0.05028361], dtype=float32), array([nan, nan, nan], dtype=float32), array([nan, nan, nan], dtype=float32), array([nan, nan, nan], dtype=float32), array([0.04508891, 0.04508891, 0.04508891], dtype=float32), array([nan, nan, nan], dtype=float32), array([0.04176944, 0.04176944, 0.04176944], dtype=float32), array([nan, nan, nan], dtype=float32), array([nan, nan, nan], dtype=float32), array([nan, nan, nan], dtype=float32), array([0.03512667, 0.03512667, 0.03512667], dtype=float32), array([nan, nan, nan], dtype=float32), array([nan, nan, nan], dtype=float32), array([0.02959364, 0.02959364, 0.02959364], dtype=float32), array([nan, nan, nan], dtype=float32), array([0.02601245, 0.02601245, 0.02601245], dtype=float32), array([nan, nan, nan], dtype=float32), array([0.0223949, 0.0223949, 0.0223949], dtype=float32), array([nan, nan, nan], dtype=float32), array([nan, nan, nan], dtype=float32), array([nan, nan, nan], dtype=float32), array([nan, nan, nan], dtype=float32), array([nan, nan, nan], dtype=float32), array([0.01007329, 0.01007329, 0.01007329], dtype=float32)]","[array([[0.38280186, 0.0376827 , 0.57951546],
       [0.27610758, 0.00127385, 0.7226186 ],
       [0.39325932, 0.06692477, 0.53981596]], dtype=float32), array([[0.18836017, 0.02981815, 0.78182167],
       [0.07970711, 0.00337006, 0.91692287],
       [0.30048868, 0.13183688, 0.56767446]], dtype=float32), array([[0.3291632 , 0.05207479, 0.61876196],
       [0.1968097 , 0.00327292, 0.7999174 ],
       [0.3589675 , 0.12278853, 0.5182439 ]], dtype=float32), array([[0.32905757, 0.05266757, 0.6182749 ],
       [0.19758698, 0.00341185, 0.7990012 ],
       [0.35872352, 0.12356931, 0.51770717]], dtype=float32), array([[0.3164127 , 0.0340177 , 0.6495696 ],
       [0.18888651, 0.00207646, 0.809037  ],
       [0.3516499 , 0.07887825, 0.56947184]], dtype=float32), array([[0.2561724 , 0.04147407, 0.70235354],
       [0.12774481, 0.00401619, 0.868239  ],
       [0.3268514 , 0.13117994, 0.5419687 ]], dtype=float32), array([[0.19304232, 0.03387726, 0.77308047],
       [0.08688404, 0.00457516, 0.9085408 ],
       [0.30108917, 0.13796952, 0.5609413 ]], dtype=float32), array([[0.31742266, 0.03695338, 0.6456239 ],
       [0.19344392, 0.00258538, 0.8039707 ],
       [0.35156786, 0.08363131, 0.56480086]], dtype=float32), array([[0.19531672, 0.03596761, 0.7687157 ],
       [0.09044985, 0.00526727, 0.90428287],
       [0.30140194, 0.1409901 , 0.55760795]], dtype=float32), array([[0.30706745, 0.03780109, 0.65513146],
       [0.18434486, 0.00305291, 0.8126022 ],
       [0.34539112, 0.08784837, 0.56676054]], dtype=float32), array([[0.26914892, 0.04843853, 0.6824126 ],
       [0.14495282, 0.00556792, 0.8494793 ],
       [0.33054116, 0.13749777, 0.531961  ]], dtype=float32), array([[0.30746964, 0.0396679 , 0.6528625 ],
       [0.18693866, 0.00347131, 0.80959   ],
       [0.34519202, 0.09083312, 0.56397486]], dtype=float32), array([[0.25900906, 0.04858512, 0.6924058 ],
       [0.13875143, 0.00628329, 0.85496527],
       [0.3258362 , 0.14088121, 0.5332825 ]], dtype=float32), array([[0.37773067, 0.05142114, 0.57084817],
       [0.28439468, 0.00337735, 0.71222794],
       [0.3865834 , 0.08720908, 0.52620745]], dtype=float32), array([[0.37749237, 0.05216569, 0.5703419 ],
       [0.28489295, 0.00353346, 0.7115736 ],
       [0.38625422, 0.08823911, 0.52550673]], dtype=float32), array([[0.24421284, 0.03497664, 0.7208105 ],
       [0.13114941, 0.00443931, 0.86441123],
       [0.31185055, 0.09973729, 0.5884122 ]], dtype=float32), array([[0.27118596, 0.05318391, 0.6756301 ],
       [0.15227374, 0.00722119, 0.84050506],
       [0.33005008, 0.14340569, 0.5265442 ]], dtype=float32), array([[0.24553853, 0.03663152, 0.71782994],
       [0.13400766, 0.00494706, 0.8610453 ],
       [0.31219187, 0.10236496, 0.5854432 ]], dtype=float32), array([[0.37656748, 0.05533262, 0.5680999 ],
       [0.28716454, 0.00425334, 0.70858216],
       [0.38492426, 0.0925105 , 0.52256525]], dtype=float32), array([[0.20240685, 0.0443384 , 0.7532548 ],
       [0.1035473 , 0.00864729, 0.8878054 ],
       [0.3019365 , 0.15238169, 0.54568183]], dtype=float32), array([[0.27227277, 0.0556857 , 0.67204154],
       [0.15602502, 0.00818142, 0.8357935 ],
       [0.32984307, 0.14640625, 0.5237506 ]], dtype=float32), array([[0.37636024, 0.05620698, 0.56743276],
       [0.28781825, 0.0044613 , 0.70772046],
       [0.3845952 , 0.09367485, 0.52172995]], dtype=float32), array([[0.32737893, 0.06665545, 0.60596555],
       [0.21436876, 0.00765744, 0.7779738 ],
       [0.3538913 , 0.14127362, 0.504835  ]], dtype=float32), array([[0.32082495, 0.04754305, 0.63163203],
       [0.2093145 , 0.00503251, 0.785653  ],
       [0.35106984, 0.09918544, 0.5497448 ]], dtype=float32), array([[0.32739455, 0.06710457, 0.6055009 ],
       [0.21487813, 0.00781417, 0.7773077 ],
       [0.35379037, 0.1418352 , 0.50437444]], dtype=float32), array([[0.37616447, 0.056685  , 0.56715053],
       [0.2880414 , 0.00458114, 0.70737743],
       [0.38435808, 0.09434136, 0.5213006 ]], dtype=float32), array([[0.3208166 , 0.04787803, 0.63130534],
       [0.20967185, 0.00513001, 0.78519815],
       [0.35098958, 0.09968511, 0.54932535]], dtype=float32), array([[0.30864328, 0.04642787, 0.6449288 ],
       [0.19592425, 0.00528743, 0.7987883 ],
       [0.34428194, 0.10104728, 0.55467075]], dtype=float32), array([[0.27292234, 0.05680576, 0.67027193],
       [0.15767631, 0.00859677, 0.8337269 ],
       [0.32987982, 0.14782728, 0.5222929 ]], dtype=float32), array([[0.37593085, 0.05708695, 0.56698227],
       [0.28812158, 0.00468698, 0.70719147],
       [0.38411045, 0.09492591, 0.5209636 ]], dtype=float32), array([[0.32752615, 0.06762864, 0.60484517],
       [0.21548203, 0.00797189, 0.77654606],
       [0.35374475, 0.14253865, 0.50371665]], dtype=float32)]",1,0,0,0,0,0,56.27424242424243,60.003787878787875,2000,0.00016379500598187764,0.0003685930106101085,10.01,10.01,2000,70000,70000,0.3516459636799946,104968,93000,61938,3255000,2167830,0,1026.4438786014255,6058854.533125717,6360938.009149401,9.793578783501289e-07,0.07088897377252579,-0.0019246350275352597,0.0,0.0013802934991,81158,0.4722185432910919,-0.008106112480163574,30969,1402.9539794921875,0.34718436002731323,1083915,999.0,0.00814006570726633,35.0,1.0,341.80569008670324,0.0,0.0,1083915,999.0,1.0,35.0,0.0013802934991,0.0393447157605,30969,23810,341.8055257793269,1.0067001111073661,0.19213179978296147,50,70100,100,2,2.0,10.5,5.998345262874624e-05,0.00014470156417735464,35.0,9.5,10.08,0.0022654887902899645,1750,1.0067001111073661,0.0003070100617885804,2,10.08,0.00021639479172240095,100,0.0005038026970014155,10.08,3500,3500,100,2.0437404945793394e-05,7.288035234271879e-06,4.448174369681421e-05,7.46087767725939e-06,3.434181049714519e-05,0.00015331365942342748,2.893131730182265e-05,2.938312266484205e-05,1.6480985461918724e-05,2.2353126854028483e-05,4.945943572119026e-05,0.058307033943422536,0.007108920709322697,0.05629370966510635,0.1771765546429112,0.03268220479955782,0.018951759109364336,0.00018436450449921835,0.06698824465274811,-0.005021382588893175,1.0,0.4722185730934143,-0.575904369354248,108066,98.19273376464844,0.00686217937618494,0.34519285,3782310,498.0,1051.0,1085.0,108066,0.0,3782310,498.0,1085.0,1051.0,651000,216132,22785000,7564620,9994.530414609473,4.5530597614577744e-05,5.919765313353411e-05,8.566060599388684e-06,9.811860468708774e-06,2.5941156694944937e-05,0.00020929802880652413,3.981291732426734e-05,3.0186731541972078e-05,6.791663886587042e-05,4.015679325439542e-05,2.3230591567626637e-05
1,72000,False,36,d2a96_00000,2025-08-17_21-25-24,1755465924,91.60530233383179,3362.713728427887,686047,intrinsic-attention2,10.156.0.3,3362.713728427887,36,93.16710889765156,1.4717062114053132e-05,93.16680444458207,2.800345424645578,90.00435786015686,0.0022056083071255042,35.0,9.5,1.0067001111073661,2.766333444126938,9.95,0.0016257318800489884,0.0002549519995227456,2,2.0,10.5,1000,72000,36000,4.897575996983686e-05,0.000106257570857382,2000,2,1.0067001111073661,349.4204391879686,2000.0,3000.0,"[array([0.00786126, 0.00786126, 0.00786126], dtype=float32), array([0.00570012, 0.00570012, 0.00570012], dtype=float32), array([0.00687339, 0.00687339, 0.00687339], dtype=float32), array([0.00794084, 0.00794084, 0.00794084], dtype=float32), array([0.00836768, 0.00836768, 0.00836768], dtype=float32), array([0.01001035, 0.01001035, 0.01001035], dtype=float32), array([0.01122448, 0.01122448, 0.01122448], dtype=float32), array([0.01347074, 0.01347074, 0.01347074], dtype=float32), array([0.01606797, 0.01606797, 0.01606797], dtype=float32), array([0.01765959, 0.01765959, 0.01765959], dtype=float32), array([0.01969934, 0.01969934, 0.01969934], dtype=float32), array([0.02216396, 0.02216396, 0.02216396], dtype=float32), array([0.02519419, 0.02519419, 0.02519419], dtype=float32), array([0.02932047, 0.02932047, 0.02932047], dtype=float32), array([0.03318483, 0.03318483, 0.03318483], dtype=float32), array([0.03610784, 0.03610784, 0.03610784], dtype=float32), array([0.03884711, 0.03884711, 0.03884711], dtype=float32), array([0.0411774, 0.0411774, 0.0411774], dtype=float32), array([0.04495458, 0.04495458, 0.04495458], dtype=float32), array([0.04891251, 0.04891251, 0.04891251], dtype=float32), array([0.05247707, 0.05247707, 0.05247707], dtype=float32), array([0.05522043, 0.05522043, 0.05522043], dtype=float32), array([0.05697693, 0.05697693, 0.05697693], dtype=float32), array([0.05894952, 0.05894952, 0.05894952], dtype=float32), array([0.06060029, 0.06060029, 0.06060029], dtype=float32), array([0.06198894, 0.06198894, 0.06198894], dtype=float32), array([0.07449274, 0.07449274, 0.07449274], dtype=float32), array([0.0850283, 0.0850283, 0.0850283], dtype=float32), array([0.09510235, 0.09510235, 0.09510235], dtype=float32), array([0.10526038, 0.10526038, 0.10526038], dtype=float32), array([0.11449458, 0.11449458, 0.11449458], dtype=float32)]","[array([nan, nan, nan], dtype=float32), array([0.00570012, 0.00570012, 0.00570012], dtype=float32), array([0.00687339, 0.00687339, 0.00687339], dtype=float32), array([0.00794084, 0.00794084, 0.00794084], dtype=float32), array([0.00836768, 0.00836768, 0.00836768], dtype=float32), array([0.01001035, 0.01001035, 0.01001035], dtype=float32), array([0.01122448, 0.01122448, 0.01122448], dtype=float32), array([nan, nan, nan], dtype=float32), array([0.01606796, 0.01606796, 0.01606796], dtype=float32), array([0.01765959, 0.01765959, 0.01765959], dtype=float32), array([0.01969933, 0.01969933, 0.01969933], dtype=float32), array([nan, nan, nan], dtype=float32), array([nan, nan, nan], dtype=float32), array([0.02932048, 0.02932048, 0.02932048], dtype=float32), array([0.03318484, 0.03318484, 0.03318484], dtype=float32), array([nan, nan, nan], dtype=float32), array([nan, nan, nan], dtype=float32), array([0.0411774, 0.0411774, 0.0411774], dtype=float32), array([nan, nan, nan], dtype=float32), array([0.0489125, 0.0489125, 0.0489125], dtype=float32), array([0.05247707, 0.05247707, 0.05247707], dtype=float32), array([0.05522043, 0.05522043, 0.05522043], dtype=float32), array([nan, nan, nan], dtype=float32), array([0.05894951, 0.05894951, 0.05894951], dtype=float32), array([0.0606003, 0.0606003, 0.0606003], dtype=float32), array([nan, nan, nan], dtype=float32), array([0.07449273, 0.07449273, 0.07449273], dtype=float32), array([nan, nan, nan], dtype=float32), array([0.09510237, 0.09510237, 0.09510237], dtype=float32), array([0.1052604, 0.1052604, 0.1052604], dtype=float32), array([nan, nan, nan], dtype=float32)]","[array([[0.24759598, 0.03902791, 0.7133761 ],
       [0.13812838, 0.00571565, 0.856156  ],
       [0.31279588, 0.10606882, 0.58113533]], dtype=float32), array([[0.3074801 , 0.03618628, 0.6563336 ],
       [0.1978495 , 0.00386151, 0.79828894],
       [0.34177977, 0.07603096, 0.5821892 ]], dtype=float32), array([[0.3765961 , 0.05571675, 0.5676872 ],
       [0.28758216, 0.00433191, 0.7080859 ],
       [0.38486564, 0.09300573, 0.52212864]], dtype=float32), array([[0.24661258, 0.03738613, 0.7160013 ],
       [0.13558921, 0.0051632 , 0.85924757],
       [0.31261078, 0.10344125, 0.583948  ]], dtype=float32), array([[0.32820016, 0.06590594, 0.60589385],
       [0.2139102 , 0.00725529, 0.77883446],
       [0.35456023, 0.14042091, 0.5050189 ]], dtype=float32), array([[0.37700173, 0.05546268, 0.56753564],
       [0.2879206 , 0.00425549, 0.70782393],
       [0.3852044 , 0.09254467, 0.5222509 ]], dtype=float32), array([[0.26132283, 0.05279525, 0.685882  ],
       [0.14497238, 0.00777114, 0.84725654],
       [0.32582718, 0.14657584, 0.527597  ]], dtype=float32), array([[0.3782153 , 0.05384655, 0.5679381 ],
       [0.28807136, 0.00386161, 0.70806706],
       [0.3863981 , 0.09004643, 0.52355546]], dtype=float32), array([[0.2727003 , 0.05308078, 0.6742189 ],
       [0.1527355 , 0.00700113, 0.84026337],
       [0.3309467 , 0.1433408 , 0.5257125 ]], dtype=float32), array([[0.30956215, 0.0417713 , 0.6486665 ],
       [0.19149919, 0.00392894, 0.80457187],
       [0.34587696, 0.09357851, 0.5605445 ]], dtype=float32), array([[0.2725939 , 0.05118138, 0.6762247 ],
       [0.15026692, 0.00627483, 0.84345824],
       [0.33147186, 0.14082113, 0.5277071 ]], dtype=float32), array([[0.27152675, 0.04856914, 0.6799041 ],
       [0.14628376, 0.00541862, 0.8482976 ],
       [0.33175632, 0.13743083, 0.53081286]], dtype=float32), array([[0.30117106, 0.02588053, 0.6729485 ],
       [0.17810586, 0.0016831 , 0.820211  ],
       [0.34011218, 0.06023665, 0.59965116]], dtype=float32), array([[0.19045952, 0.03067586, 0.7788646 ],
       [0.08168848, 0.00356425, 0.91474724],
       [0.3010854 , 0.13278988, 0.5661247 ]], dtype=float32), array([[0.3316979 , 0.04949859, 0.6188035 ],
       [0.19575101, 0.0026542 , 0.8015948 ],
       [0.36110228, 0.1182827 , 0.52061504]], dtype=float32), array([[0.30757362, 0.02780443, 0.66462195],
       [0.17133197, 0.00126047, 0.8274076 ],
       [0.34821013, 0.0703496 , 0.5814402 ]], dtype=float32), array([[0.26339436, 0.03433154, 0.7022741 ],
       [0.12201794, 0.00203121, 0.8759508 ],
       [0.33264327, 0.11674044, 0.55061626]], dtype=float32), array([[0.3065805 , 0.02431287, 0.6691066 ],
       [0.16522007, 0.00086088, 0.8339191 ],
       [0.34851918, 0.06391884, 0.587562  ]], dtype=float32), array([[2.2641532e-01, 1.7198723e-02, 7.5638598e-01],
       [9.5901959e-02, 7.9512526e-04, 9.0330291e-01],
       [3.0572614e-01, 6.5477334e-02, 6.2879658e-01]], dtype=float32), array([[3.9214364e-01, 2.9491173e-02, 5.7836521e-01],
       [2.7858016e-01, 4.9566344e-04, 7.2092414e-01],
       [4.0202320e-01, 5.3049371e-02, 5.4492742e-01]], dtype=float32), array([[0.2567366 , 0.02658082, 0.7166826 ],
       [0.10669708, 0.00097839, 0.8923245 ],
       [0.33234406, 0.10308605, 0.56456983]], dtype=float32), array([[3.1476566e-01, 1.8981328e-02, 6.6625303e-01],
       [1.6428387e-01, 3.7188260e-04, 8.3534425e-01],
       [3.5462180e-01, 5.1371668e-02, 5.9400654e-01]], dtype=float32), array([[2.53390193e-01, 2.35120114e-02, 7.23097742e-01],
       [1.00026935e-01, 6.88183820e-04, 8.99284840e-01],
       [3.31942737e-01, 9.70367417e-02, 5.71020544e-01]], dtype=float32), array([[3.0196038e-01, 1.5349238e-02, 6.8269032e-01],
       [1.4592700e-01, 2.3016936e-04, 8.5384285e-01],
       [3.4792802e-01, 4.5771465e-02, 6.0630053e-01]], dtype=float32), array([[3.1185862e-01, 1.4594119e-02, 6.7354733e-01],
       [1.5347679e-01, 1.7276054e-04, 8.4635043e-01],
       [3.5389417e-01, 4.2285435e-02, 6.0382032e-01]], dtype=float32), array([[3.9914969e-01, 1.9552276e-02, 5.8129799e-01],
       [2.7506661e-01, 1.1567220e-04, 7.2481769e-01],
       [4.0963089e-01, 3.6306329e-02, 5.5406278e-01]], dtype=float32), array([[3.3064583e-01, 2.4496026e-02, 6.4485818e-01],
       [1.5577178e-01, 2.1541955e-04, 8.4401280e-01],
       [3.6952060e-01, 7.6055452e-02, 5.5442393e-01]], dtype=float32), array([[3.0798838e-01, 1.0682612e-02, 6.8132901e-01],
       [1.4188220e-01, 6.9659225e-05, 8.5804814e-01],
       [3.5220319e-01, 3.3396251e-02, 6.1440051e-01]], dtype=float32), array([[2.9544154e-01, 9.2036817e-03, 6.9535476e-01],
       [1.2753576e-01, 5.2639214e-05, 8.7241155e-01],
       [3.4490082e-01, 3.1227643e-02, 6.2387156e-01]], dtype=float32), array([[1.3778792e-01, 6.9674994e-03, 8.5524458e-01],
       [2.9980673e-02, 1.0199777e-04, 9.6991730e-01],
       [2.8373912e-01, 7.4782319e-02, 6.4147854e-01]], dtype=float32), array([[4.0526217e-01, 1.2067916e-02, 5.8266985e-01],
       [2.7305454e-01, 2.0928459e-05, 7.2692460e-01],
       [4.1593382e-01, 2.2933690e-02, 5.6113243e-01]], dtype=float32)]",1,0,0,0,0,0,55.85343511450381,59.71145038167939,2000,0.00017036849826272278,0.0003836434494624163,9.95,9.95,2000,72000,72000,0.3515012799532492,104968,93000,61938,3348000,2229768,0,1026.833242078844,6066998.4994839,6367298.655836885,4.896789391750644e-07,0.06421173363924026,-0.01989063061773777,0.0,0.0013802934991,81158,0.4722185432910919,-0.017729997634887695,30969,1270.2672119140625,0.3292275667190552,1114884,999.0,0.001042483258061111,36.0,1.0,341.9353571489643,0.0,0.0,1114884,999.0,1.0,36.0,0.0013802934991,0.0393447157605,30969,23810,341.9351967637058,1.0067001111073661,0.1919131371650542,50,72100,100,2,2.0,10.5,5.715096044071358e-05,0.00013310108629330448,36.0,9.5,10.08,0.002129103949846467,1800,1.0067001111073661,0.00030579836123521516,2,10.08,0.00020461993307736213,100,0.00047590810757134786,10.08,3600,3600,100,2.096612474112974e-05,7.450025923984004e-06,4.7268753950413456e-05,7.924435128234409e-06,3.5516299524435165e-05,0.00016301192857923503,2.9991735917222802e-05,2.9908203417409774e-05,1.6960954366515456e-05,2.2704842626984113e-05,5.161057706655942e-05,0.0583261471739968,0.007115675402155408,0.056225999728445754,0.17710962997645677,0.03268201876155737,0.018914923238189895,0.00018420454937003407,0.06558803468942642,-0.00010262626892654225,1.0,0.4722185730934143,-0.4124387502670288,108066,99.9230728149414,0.0005532915820367634,0.34910238,3890376,498.0,1081.0,1116.0,108066,0.0,3890376,498.0,1116.0,1081.0,651000,216132,23436000,7780752,9972.512862922878,4.3060911561353505e-05,5.548682208566364e-05,8.043171727110063e-06,9.168910484542201e-06,2.468437144370277e-05,0.00019788394349114558,3.741881010516425e-05,2.8432171480788958e-05,6.352873603776298e-05,3.834779002571262e-05,2.1386137357456018e-05
1,74000,False,37,d2a96_00000,2025-08-17_21-27-04,1755466024,100.20603632926941,3462.9197647571564,686047,intrinsic-attention2,10.156.0.3,3462.9197647571564,37,93.235983327165,1.47326015502513e-05,93.23567753821625,2.7986589980391563,90.07275282827528,0.0022009472040042896,36.0,9.5,1.0067001111073661,2.764661431025639,9.99,0.0016070890391711146,0.0002549519995227456,2,2.0,10.5,1000,74000,37000,4.935631997711546e-05,0.00010696625645170023,2000,2,1.0067001111073661,338.68881347599887,2000.0,3000.0,"[array([0.12312052, 0.12312052, 0.12312052], dtype=float32), array([0.13024805, 0.13024805, 0.13024805], dtype=float32), array([0.13660693, 0.13660693, 0.13660693], dtype=float32), array([0.1423488, 0.1423488, 0.1423488], dtype=float32), array([0.14733988, 0.14733988, 0.14733988], dtype=float32), array([0.15292771, 0.15292771, 0.15292771], dtype=float32), array([0.15780546, 0.15780546, 0.15780546], dtype=float32), array([0.16218063, 0.16218063, 0.16218063], dtype=float32), array([0.16506693, 0.16506693, 0.16506693], dtype=float32), array([0.16754912, 0.16754912, 0.16754912], dtype=float32), array([0.16975762, 0.16975762, 0.16975762], dtype=float32), array([0.17133777, 0.17133777, 0.17133777], dtype=float32), array([0.17265178, 0.17265178, 0.17265178], dtype=float32), array([0.17354964, 0.17354964, 0.17354964], dtype=float32), array([0.17447971, 0.17447971, 0.17447971], dtype=float32), array([0.17514889, 0.17514889, 0.17514889], dtype=float32), array([0.17562412, 0.17562412, 0.17562412], dtype=float32), array([0.17528541, 0.17528541, 0.17528541], dtype=float32), array([0.1740148, 0.1740148, 0.1740148], dtype=float32), array([0.17267011, 0.17267011, 0.17267011], dtype=float32), array([0.17119552, 0.17119552, 0.17119552], dtype=float32), array([0.16952437, 0.16952437, 0.16952437], dtype=float32), array([0.16806008, 0.16806008, 0.16806008], dtype=float32), array([0.16745518, 0.16745518, 0.16745518], dtype=float32), array([0.16680692, 0.16680692, 0.16680692], dtype=float32), array([0.16590922, 0.16590922, 0.16590922], dtype=float32), array([0.16556062, 0.16556062, 0.16556062], dtype=float32), array([0.1651348, 0.1651348, 0.1651348], dtype=float32), array([0.16471696, 0.16471696, 0.16471696], dtype=float32), array([0.16459776, 0.16459776, 0.16459776], dtype=float32), array([0.1634931, 0.1634931, 0.1634931], dtype=float32)]","[array([nan, nan, nan], dtype=float32), array([nan, nan, nan], dtype=float32), array([nan, nan, nan], dtype=float32), array([nan, nan, nan], dtype=float32), array([nan, nan, nan], dtype=float32), array([nan, nan, nan], dtype=float32), array([nan, nan, nan], dtype=float32), array([nan, nan, nan], dtype=float32), array([nan, nan, nan], dtype=float32), array([nan, nan, nan], dtype=float32), array([nan, nan, nan], dtype=float32), array([nan, nan, nan], dtype=float32), array([nan, nan, nan], dtype=float32), array([nan, nan, nan], dtype=float32), array([nan, nan, nan], dtype=float32), array([nan, nan, nan], dtype=float32), array([nan, nan, nan], dtype=float32), array([nan, nan, nan], dtype=float32), array([nan, nan, nan], dtype=float32), array([nan, nan, nan], dtype=float32), array([nan, nan, nan], dtype=float32), array([nan, nan, nan], dtype=float32), array([nan, nan, nan], dtype=float32), array([nan, nan, nan], dtype=float32), array([nan, nan, nan], dtype=float32), array([nan, nan, nan], dtype=float32), array([nan, nan, nan], dtype=float32), array([nan, nan, nan], dtype=float32), array([nan, nan, nan], dtype=float32), array([nan, nan, nan], dtype=float32), array([nan, nan, nan], dtype=float32)]","[array([[2.9073009e-01, 6.4502172e-03, 7.0281971e-01],
       [1.1649479e-01, 1.8627568e-05, 8.8348657e-01],
       [3.4196711e-01, 2.3801699e-02, 6.3423121e-01]], dtype=float32), array([[3.0028293e-01, 6.1889254e-03, 6.9352818e-01],
       [1.2365565e-01, 1.4065841e-05, 8.7633032e-01],
       [3.4760472e-01, 2.1983197e-02, 6.3041210e-01]], dtype=float32), array([[1.2554249e-01, 4.5923973e-03, 8.6986512e-01],
       [2.2550322e-02, 3.5935780e-05, 9.7741371e-01],
       [2.7786449e-01, 6.3583747e-02, 6.5855181e-01]], dtype=float32), array([[1.2325200e-01, 4.2292196e-03, 8.7251884e-01],
       [2.1318758e-02, 2.9196663e-05, 9.7865206e-01],
       [2.7665395e-01, 6.1558556e-02, 6.6178751e-01]], dtype=float32), array([[2.2332424e-01, 7.8075160e-03, 7.6886827e-01],
       [5.5199813e-02, 2.4904462e-05, 9.4477528e-01],
       [3.2468012e-01, 5.6429662e-02, 6.1889023e-01]], dtype=float32), array([[1.7338672e-01, 2.4184254e-03, 8.2419485e-01],
       [3.9377779e-02, 6.2101240e-06, 9.6061599e-01],
       [2.7108595e-01, 1.9404763e-02, 7.0950931e-01]], dtype=float32), array([[2.9507372e-01, 4.2262115e-03, 7.0070010e-01],
       [1.1250420e-01, 4.4407748e-06, 8.8749135e-01],
       [3.4398669e-01, 1.6366499e-02, 6.3964677e-01]], dtype=float32), array([[2.8500780e-01, 3.9014602e-03, 7.1109074e-01],
       [1.0317989e-01, 4.0356776e-06, 8.9681613e-01],
       [3.3782697e-01, 1.6110346e-02, 6.4606273e-01]], dtype=float32), array([[4.1125175e-01, 7.0578330e-03, 5.8169043e-01],
       [2.7328089e-01, 2.8629388e-06, 7.2671628e-01],
       [4.2148662e-01, 1.3599361e-02, 5.6491405e-01]], dtype=float32), array([[2.1663110e-01, 6.0259779e-03, 7.7734292e-01],
       [4.8090432e-02, 1.1145627e-05, 9.5189846e-01],
       [3.2207105e-01, 4.9419545e-02, 6.2850940e-01]], dtype=float32), array([[3.2635999e-01, 1.1234357e-02, 6.6240567e-01],
       [1.2197574e-01, 1.0149347e-05, 8.7801409e-01],
       [3.7345299e-01, 4.5591936e-02, 5.8095509e-01]], dtype=float32), array([[1.1357818e-01, 2.8857554e-03, 8.8353610e-01],
       [1.6506778e-02, 1.0956818e-05, 9.8348224e-01],
       [2.7103615e-01, 5.2743223e-02, 6.7622060e-01]], dtype=float32), array([[2.08512798e-01, 5.68862306e-03, 7.85798550e-01],
       [4.45128717e-02, 1.07966025e-05, 9.55476284e-01],
       [3.18388373e-01, 4.94751818e-02, 6.32136464e-01]], dtype=float32), array([[4.1197091e-01, 6.7643709e-03, 5.8126467e-01],
       [2.7384219e-01, 2.4094327e-06, 7.2615540e-01],
       [4.2209187e-01, 1.3025358e-02, 5.6488276e-01]], dtype=float32), array([[2.8456995e-01, 3.5577798e-03, 7.1187228e-01],
       [1.0130726e-01, 2.9882474e-06, 8.9868975e-01],
       [3.3740768e-01, 1.4958956e-02, 6.4763331e-01]], dtype=float32), array([[2.1717075e-01, 6.0046273e-03, 7.7682465e-01],
       [4.8106156e-02, 1.0777738e-05, 9.5188314e-01],
       [3.2245183e-01, 4.9318634e-02, 6.2822950e-01]], dtype=float32), array([[2.9439133e-01, 3.9019785e-03, 7.0170671e-01],
       [1.1031909e-01, 3.3899973e-06, 8.8967746e-01],
       [3.4355876e-01, 1.5406790e-02, 6.4103442e-01]], dtype=float32), array([[4.1148186e-01, 7.0701241e-03, 5.8144808e-01],
       [2.7336645e-01, 2.7959913e-06, 7.2663081e-01],
       [4.2168781e-01, 1.3629369e-02, 5.6468278e-01]], dtype=float32), array([[1.6802597e-01, 1.8394404e-03, 8.3013457e-01],
       [3.4933813e-02, 2.9506439e-06, 9.6506327e-01],
       [2.6679578e-01, 1.6331479e-02, 7.1687269e-01]], dtype=float32), array([[2.0799348e-01, 5.2658222e-03, 7.8674072e-01],
       [4.3096043e-02, 8.2008310e-06, 9.5689583e-01],
       [3.1825542e-01, 4.7297440e-02, 6.3444716e-01]], dtype=float32), array([[4.1274399e-01, 6.0122618e-03, 5.8124369e-01],
       [2.7270114e-01, 1.4890742e-06, 7.2729737e-01],
       [4.2285472e-01, 1.1665296e-02, 5.6548005e-01]], dtype=float32), array([[1.0768848e-01, 2.1817833e-03, 8.9012980e-01],
       [1.3786059e-02, 5.1984784e-06, 9.8620880e-01],
       [2.6714602e-01, 4.6842024e-02, 6.8601191e-01]], dtype=float32), array([[1.05724886e-01, 2.00325553e-03, 8.92271817e-01],
       [1.30123505e-02, 4.15608838e-06, 9.86983538e-01],
       [2.65869051e-01, 4.52752449e-02, 6.88855708e-01]], dtype=float32), array([[1.5894818e-01, 1.2180223e-03, 8.3983374e-01],
       [2.8933069e-02, 9.9116210e-07, 9.7106588e-01],
       [2.5921673e-01, 1.2617656e-02, 7.2816563e-01]], dtype=float32), array([[1.0479487e-01, 1.8988361e-03, 8.9330631e-01],
       [1.2595295e-02, 3.5876185e-06, 9.8740107e-01],
       [2.6513919e-01, 4.4182055e-02, 6.9067872e-01]], dtype=float32), array([[4.1486168e-01, 5.1017306e-03, 5.8003664e-01],
       [2.7370232e-01, 7.4984729e-07, 7.2629690e-01],
       [4.2465386e-01, 9.9113556e-03, 5.6543481e-01]], dtype=float32), array([[2.8891441e-01, 2.6217476e-03, 7.0846385e-01],
       [9.9145889e-02, 9.3765681e-07, 9.0085322e-01],
       [3.3971229e-01, 1.1422570e-02, 6.4886516e-01]], dtype=float32), array([[2.0954971e-01, 4.3380582e-03, 7.8611219e-01],
       [4.0638931e-02, 3.8206017e-06, 9.5935720e-01],
       [3.1909293e-01, 4.1568674e-02, 6.3933837e-01]], dtype=float32), array([[2.8996614e-01, 2.7193464e-03, 7.0731449e-01],
       [1.0037091e-01, 1.0331325e-06, 8.9962804e-01],
       [3.4048501e-01, 1.1732888e-02, 6.4778209e-01]], dtype=float32), array([[3.2635731e-01, 8.9074690e-03, 6.6473520e-01],
       [1.1505545e-01, 3.7663367e-06, 8.8494080e-01],
       [3.7457830e-01, 3.8606036e-02, 5.8681566e-01]], dtype=float32), array([[2.9131022e-01, 2.9189056e-03, 7.0577091e-01],
       [1.0235806e-01, 1.2729846e-06, 8.9764065e-01],
       [3.4150410e-01, 1.2386044e-02, 6.4610982e-01]], dtype=float32)]",1,0,0,0,0,0,56.60559440559441,59.777622377622386,2000,0.00016693502630770306,0.000390042461242421,9.99,9.99,2000,74000,74000,0.3536849707236589,104968,93000,61938,3441000,2291706,0,1024.4450810813003,6046115.388888699,6345522.316230451,2.448394695875322e-07,0.07799671590328217,0.0005468534654937685,0.0,0.0013802934991,81158,0.4722185432910919,-0.01023566722869873,30969,1291.6419677734375,0.34964603185653687,1145853,999.0,0.00045818855869583786,37.0,1.0,341.14010303175195,0.0,0.0,1145853,999.0,1.0,37.0,0.0013802934991,0.0393447157605,30969,23810,341.1399445680334,1.0067001111073661,0.19135865723334794,50,74100,100,2,2.0,10.5,5.0694124040799685e-05,0.00011537825393585542,37.0,9.5,10.08,0.0018849656992824748,1850,1.0067001111073661,0.00030431664762876155,2,10.08,0.00017782240422408688,100,0.000413190367877774,10.08,3700,3700,100,2.0885903076435753e-05,7.072996735546856e-06,4.6073807410574886e-05,7.665411918168739e-06,3.495368345670331e-05,0.0001649365788353277,3.032822840871534e-05,3.0417291979401313e-05,1.734173671396407e-05,2.3392445082072207e-05,5.249410359584781e-05,0.05829798897227367,0.0071106909980408455,0.058548762651252,0.17706931707667248,0.0326522202139408,0.018878629825859625,0.00018406363397150454,0.07567090541124344,-0.0005539354169741273,1.0,0.4722185730934143,-0.4454011917114258,108066,100.22602081298828,0.0003771246992982924,0.34860888,3998442,498.0,1111.0,1147.0,108066,0.0,3998442,498.0,1147.0,1111.0,651000,216132,24087000,7996884,9918.41142942504,3.780021271523815e-05,4.841321217257189e-05,6.958952393291616e-06,8.199729586005965e-06,2.2101218191245376e-05,0.00017478328985472843,3.2444105351831096e-05,2.480099255178786e-05,5.422636580959091e-05,3.2620422162952975e-05,1.8316866305019516e-05
1,76000,False,38,d2a96_00000,2025-08-17_21-28-40,1755466120,95.63766312599182,3558.557427883148,686047,intrinsic-attention2,10.156.0.3,3558.557427883148,38,93.25793928925337,1.4744655531806627e-05,93.25763276285409,2.7973127524087813,90.0932779258625,0.0021979856220555615,37.0,9.5,1.0067001111073661,2.763356236715336,10.05,0.0015669286910269876,0.0002549519995227456,2,2.0,10.5,1000,76000,38000,4.742186627930699e-05,0.00010266988180169198,2000,2,1.0067001111073661,328.2066503015545,2000.0,3000.0,"[array([0.16239676, 0.16239676, 0.16239676], dtype=float32), array([0.16421129, 0.16421129, 0.16421129], dtype=float32), array([0.16597977, 0.16597977, 0.16597977], dtype=float32), array([0.16742752, 0.16742752, 0.16742752], dtype=float32), array([0.16874067, 0.16874067, 0.16874067], dtype=float32), array([0.1693678, 0.1693678, 0.1693678], dtype=float32), array([0.16989523, 0.16989523, 0.16989523], dtype=float32), array([0.17041348, 0.17041348, 0.17041348], dtype=float32), array([0.17082413, 0.17082413, 0.17082413], dtype=float32), array([0.17115785, 0.17115785, 0.17115785], dtype=float32), array([0.17140007, 0.17140007, 0.17140007], dtype=float32), array([0.17167471, 0.17167471, 0.17167471], dtype=float32), array([0.17165002, 0.17165002, 0.17165002], dtype=float32), array([0.17149247, 0.17149247, 0.17149247], dtype=float32), array([0.17128469, 0.17128469, 0.17128469], dtype=float32), array([0.17121689, 0.17121689, 0.17121689], dtype=float32), array([0.17102192, 0.17102192, 0.17102192], dtype=float32), array([0.1709008, 0.1709008, 0.1709008], dtype=float32), array([0.17078875, 0.17078875, 0.17078875], dtype=float32), array([0.17087786, 0.17087786, 0.17087786], dtype=float32), array([0.17078759, 0.17078759, 0.17078759], dtype=float32), array([0.17069365, 0.17069365, 0.17069365], dtype=float32), array([0.17054889, 0.17054889, 0.17054889], dtype=float32), array([0.1704619, 0.1704619, 0.1704619], dtype=float32), array([0.17036645, 0.17036645, 0.17036645], dtype=float32), array([0.17039703, 0.17039703, 0.17039703], dtype=float32), array([0.17045596, 0.17045596, 0.17045596], dtype=float32), array([0.17044719, 0.17044719, 0.17044719], dtype=float32), array([0.17045856, 0.17045856, 0.17045856], dtype=float32), array([0.17026243, 0.17026243, 0.17026243], dtype=float32), array([0.17016767, 0.17016767, 0.17016767], dtype=float32)]","[array([nan, nan, nan], dtype=float32), array([0.16421132, 0.16421132, 0.16421132], dtype=float32), array([nan, nan, nan], dtype=float32), array([0.16742751, 0.16742751, 0.16742751], dtype=float32), array([nan, nan, nan], dtype=float32), array([0.16936782, 0.16936782, 0.16936782], dtype=float32), array([nan, nan, nan], dtype=float32), array([0.17041346, 0.17041346, 0.17041346], dtype=float32), array([nan, nan, nan], dtype=float32), array([nan, nan, nan], dtype=float32), array([0.17140009, 0.17140009, 0.17140009], dtype=float32), array([nan, nan, nan], dtype=float32), array([0.17165005, 0.17165005, 0.17165005], dtype=float32), array([nan, nan, nan], dtype=float32), array([0.17128472, 0.17128472, 0.17128472], dtype=float32), array([0.17121686, 0.17121686, 0.17121686], dtype=float32), array([nan, nan, nan], dtype=float32), array([0.17090079, 0.17090079, 0.17090079], dtype=float32), array([0.17078874, 0.17078874, 0.17078874], dtype=float32), array([nan, nan, nan], dtype=float32), array([nan, nan, nan], dtype=float32), array([0.17069367, 0.17069367, 0.17069367], dtype=float32), array([nan, nan, nan], dtype=float32), array([nan, nan, nan], dtype=float32), array([0.17036645, 0.17036645, 0.17036645], dtype=float32), array([0.17039703, 0.17039703, 0.17039703], dtype=float32), array([nan, nan, nan], dtype=float32), array([nan, nan, nan], dtype=float32), array([nan, nan, nan], dtype=float32), array([0.17026246, 0.17026246, 0.17026246], dtype=float32), array([0.17016764, 0.17016764, 0.17016764], dtype=float32)]","[array([[2.1271460e-01, 4.8422311e-03, 7.8244323e-01],
       [4.3284770e-02, 5.3933322e-06, 9.5670986e-01],
       [3.2045570e-01, 4.3833468e-02, 6.3571090e-01]], dtype=float32), array([[1.0816717e-01, 2.1349937e-03, 8.8969785e-01],
       [1.3762938e-02, 4.8171828e-06, 9.8623222e-01],
       [2.6701951e-01, 4.5916118e-02, 6.8706435e-01]], dtype=float32), array([[3.2603925e-01, 9.0051228e-03, 6.6495562e-01],
       [1.1571538e-01, 4.1260409e-06, 8.8428056e-01],
       [3.7418979e-01, 3.8724709e-02, 5.8708549e-01]], dtype=float32), array([[1.6327205e-01, 1.3730698e-03, 8.3535480e-01],
       [3.0470796e-02, 1.2171568e-06, 9.6952796e-01],
       [2.6367030e-01, 1.3789841e-02, 7.2253984e-01]], dtype=float32), array([[3.2513937e-01, 8.5294209e-03, 6.6633123e-01],
       [1.1392012e-01, 3.4384182e-06, 8.8607645e-01],
       [3.7380224e-01, 3.7217051e-02, 5.8898073e-01]], dtype=float32), array([[3.2513136e-01, 8.5159596e-03, 6.6635269e-01],
       [1.1391710e-01, 3.4253837e-06, 8.8607943e-01],
       [3.7379041e-01, 3.7157081e-02, 5.8905250e-01]], dtype=float32), array([[2.0373996e-01, 4.1073496e-03, 7.9215270e-01],
       [3.8691986e-02, 3.7690168e-06, 9.6130425e-01],
       [3.1560668e-01, 4.0657334e-02, 6.4373606e-01]], dtype=float32), array([[1.0607008e-01, 1.9441721e-03, 8.9198577e-01],
       [1.3057504e-02, 3.8713679e-06, 9.8693860e-01],
       [2.6476714e-01, 4.3618508e-02, 6.9161433e-01]], dtype=float32), array([[1.6326131e-01, 1.3382859e-03, 8.3540040e-01],
       [2.9986905e-02, 1.0815971e-06, 9.7001207e-01],
       [2.6411688e-01, 1.3686619e-02, 7.2219652e-01]], dtype=float32), array([[2.0758732e-01, 4.0532066e-03, 7.8835946e-01],
       [3.9682191e-02, 3.2869430e-06, 9.6031457e-01],
       [3.1731871e-01, 3.9481003e-02, 6.4320028e-01]], dtype=float32), array([[1.04636215e-01, 1.80195610e-03, 8.93561780e-01],
       [1.24764582e-02, 3.16850492e-06, 9.87520337e-01],
       [2.63517052e-01, 4.20613363e-02, 6.94421589e-01]], dtype=float32), array([[1.6345154e-01, 1.3226072e-03, 8.3522582e-01],
       [2.9775072e-02, 1.0136497e-06, 9.7022384e-01],
       [2.6453364e-01, 1.3649829e-02, 7.2181654e-01]], dtype=float32), array([[2.91520894e-01, 2.89596990e-03, 7.05583215e-01],
       [1.00250676e-01, 1.06821551e-06, 8.99748325e-01],
       [3.42514485e-01, 1.26170609e-02, 6.44868433e-01]], dtype=float32), array([[2.0544061e-01, 4.2048809e-03, 7.9035455e-01],
       [3.9612386e-02, 3.9929100e-06, 9.6038359e-01],
       [3.1624904e-01, 4.0791981e-02, 6.4295900e-01]], dtype=float32), array([[3.9535716e-01, 2.5720915e-03, 6.0207075e-01],
       [2.4966645e-01, 4.7447764e-07, 7.5033307e-01],
       [4.0789258e-01, 5.2369507e-03, 5.8687049e-01]], dtype=float32), array([[2.93603152e-01, 3.28404270e-03, 7.03112841e-01],
       [1.03429444e-01, 1.54473423e-06, 8.96569014e-01],
       [3.44175607e-01, 1.39348879e-02, 6.41889572e-01]], dtype=float32), array([[1.1108174e-01, 2.2989467e-03, 8.8661933e-01],
       [1.4810492e-02, 5.8522437e-06, 9.8518360e-01],
       [2.6766443e-01, 4.6166807e-02, 6.8616879e-01]], dtype=float32), array([[1.12234235e-01, 2.40280153e-03, 8.85362983e-01],
       [1.52936028e-02, 6.57880673e-06, 9.84699845e-01],
       [2.68249124e-01, 4.68736291e-02, 6.84877217e-01]], dtype=float32), array([[1.1335491e-01, 2.5066547e-03, 8.8413841e-01],
       [1.5766455e-02, 7.3494953e-06, 9.8422617e-01],
       [2.6884037e-01, 4.7580544e-02, 6.8357909e-01]], dtype=float32), array([[2.1047184e-01, 5.0096922e-03, 7.8451848e-01],
       [4.4031620e-02, 7.0185470e-06, 9.5596141e-01],
       [3.1813487e-01, 4.4105690e-02, 6.3775945e-01]], dtype=float32), array([[2.9259330e-01, 3.7613809e-03, 7.0364529e-01],
       [1.0362054e-01, 2.3224543e-06, 8.9637709e-01],
       [3.4432480e-01, 1.5922330e-02, 6.3975281e-01]], dtype=float32), array([[2.96438128e-01, 3.83089390e-03, 6.99730992e-01],
       [1.06754355e-01, 2.27494343e-06, 8.93243313e-01],
       [3.46707344e-01, 1.58824045e-02, 6.37410223e-01]], dtype=float32), array([[4.1502771e-01, 7.1977112e-03, 5.7777464e-01],
       [2.7431244e-01, 1.8208259e-06, 7.2568578e-01],
       [4.2480150e-01, 1.3999911e-02, 5.6119859e-01]], dtype=float32), array([[2.9348785e-01, 3.7572235e-03, 7.0275497e-01],
       [1.0377962e-01, 2.2022386e-06, 8.9621824e-01],
       [3.4506643e-01, 1.5931884e-02, 6.3900173e-01]], dtype=float32), array([[2.1325718e-01, 4.8883059e-03, 7.8185451e-01],
       [4.4669002e-02, 6.0860239e-06, 9.5532495e-01],
       [3.1927666e-01, 4.2691775e-02, 6.3803154e-01]], dtype=float32), array([[2.9638484e-01, 3.7808998e-03, 6.9983423e-01],
       [1.0598375e-01, 2.1077412e-06, 8.9401412e-01],
       [3.4685913e-01, 1.5807316e-02, 6.3733357e-01]], dtype=float32), array([[4.1520879e-01, 7.1765967e-03, 5.7761461e-01],
       [2.7410293e-01, 1.7330700e-06, 7.2589535e-01],
       [4.2497805e-01, 1.3983217e-02, 5.6103879e-01]], dtype=float32), array([[1.7488742e-01, 1.9508452e-03, 8.2316172e-01],
       [3.5311688e-02, 2.3915763e-06, 9.6468592e-01],
       [2.7527738e-01, 1.7822791e-02, 7.0689976e-01]], dtype=float32), array([[2.1142747e-01, 4.9283020e-03, 7.8364426e-01],
       [4.4308718e-02, 6.5986137e-06, 9.5568466e-01],
       [3.1828132e-01, 4.3173291e-02, 6.3854533e-01]], dtype=float32), array([[3.2731020e-01, 9.7949412e-03, 6.6289485e-01],
       [1.2126101e-01, 6.4092469e-06, 8.7873256e-01],
       [3.7392524e-01, 4.0038466e-02, 5.8603632e-01]], dtype=float32), array([[2.9774326e-01, 4.0974421e-03, 6.9815928e-01],
       [1.0824812e-01, 2.6832972e-06, 8.9174920e-01],
       [3.4785348e-01, 1.6818115e-02, 6.3532841e-01]], dtype=float32)]",1,0,0,0,0,0,55.346715328467155,57.90875912408759,2000,0.0001618901613458956,0.00037240795392161005,10.05,10.05,2000,76000,76000,0.3564688323563626,104968,93000,61938,3534000,2353644,0,1023.6642580111524,6050741.852746015,6350012.56246981,1.224197347937661e-07,0.09182928502559662,0.00013166433200240135,0.0,0.0013802934991,81158,0.4722185432910919,-0.012976646423339844,30969,1291.602294921875,0.34921178221702576,1176822,999.0,0.0007268816116265953,38.0,1.0,340.8800924856888,0.0,0.0,1176822,999.0,1.0,38.0,0.0013802934991,0.0393447157605,30969,23810,340.8799350886383,1.0067001111073661,0.1913206710709995,50,76100,100,2,2.0,10.5,6.110090822008493e-05,0.00014712654518049816,38.0,9.5,10.08,0.0019915641396073625,1900,1.0067001111073661,0.00030323358120558504,2,10.08,0.00022449845571442163,100,0.0005100493562251547,10.08,3800,3800,100,2.039586869648158e-05,6.926819503164345e-06,4.46526715692991e-05,7.432642519179499e-06,3.3946025856350945e-05,0.0001577577623538595,2.906864875749104e-05,2.9667855982077058e-05,1.647589019094725e-05,2.2436268024563413e-05,4.971546574291191e-05,0.05824158855257538,0.007103987607997042,0.06068112730477813,0.17756168409592216,0.032788910071786775,0.01896013780765438,0.00018423655763795163,0.0802004262804985,-0.0014037913642823696,1.0,0.4722185730934143,-0.1442044973373413,108066,99.80655670166016,0.0003078053123317659,0.34774163,4106508,498.0,1141.0,1178.0,108066,0.0,4106508,498.0,1178.0,1141.0,651000,216132,24738000,8213016,9882.097095344163,4.7351732505459386e-05,6.120491341642833e-05,8.721962195943095e-06,9.825629347345768e-06,2.716989535504798e-05,0.0002098717075104311,4.032871047670108e-05,3.036147896201309e-05,6.952211949297307e-05,4.123568361849643e-05,2.3438937248184233e-05
1,78000,False,39,d2a96_00000,2025-08-17_21-30-11,1755466211,91.23094725608826,3649.7883751392365,686047,intrinsic-attention2,10.156.0.3,3649.7883751392365,39,93.23624390918071,1.4744879047362135e-05,93.23593637061552,2.7983053075447484,90.0684780129138,0.0021945647358763464,38.0,-9.5,1.0067001111073661,2.7643829249082428,9.86,0.0015982039201480802,0.0002549519995227456,2,2.0,10.5,1000,78000,39000,4.8492600512158536e-05,0.00010401273914565044,2000,2,1.0067001111073661,317.9781045836013,2000.0,3000.0,"[array([0.16991805, 0.16991805, 0.16991805], dtype=float32), array([0.16862029, 0.16862029, 0.16862029], dtype=float32), array([0.16641007, 0.16641007, 0.16641007], dtype=float32), array([0.16552256, 0.16552256, 0.16552256], dtype=float32), array([0.1651075, 0.1651075, 0.1651075], dtype=float32), array([0.16376445, 0.16376445, 0.16376445], dtype=float32), array([0.16216063, 0.16216063, 0.16216063], dtype=float32), array([0.1595038, 0.1595038, 0.1595038], dtype=float32), array([0.15579472, 0.15579472, 0.15579472], dtype=float32), array([0.15235376, 0.15235376, 0.15235376], dtype=float32), array([0.14857124, 0.14857124, 0.14857124], dtype=float32), array([0.14484778, 0.14484778, 0.14484778], dtype=float32), array([0.14069702, 0.14069702, 0.14069702], dtype=float32), array([0.13627423, 0.13627423, 0.13627423], dtype=float32), array([0.13160741, 0.13160741, 0.13160741], dtype=float32), array([0.12645079, 0.12645079, 0.12645079], dtype=float32), array([0.12092377, 0.12092377, 0.12092377], dtype=float32), array([0.1152067, 0.1152067, 0.1152067], dtype=float32), array([0.10945544, 0.10945544, 0.10945544], dtype=float32), array([0.10364638, 0.10364638, 0.10364638], dtype=float32), array([0.09769224, 0.09769224, 0.09769224], dtype=float32), array([0.09146741, 0.09146741, 0.09146741], dtype=float32), array([0.08455678, 0.08455678, 0.08455678], dtype=float32), array([0.07771049, 0.07771049, 0.07771049], dtype=float32), array([0.07115573, 0.07115573, 0.07115573], dtype=float32), array([0.06365431, 0.06365431, 0.06365431], dtype=float32), array([0.05553264, 0.05553264, 0.05553264], dtype=float32), array([0.04763563, 0.04763563, 0.04763563], dtype=float32), array([0.03960669, 0.03960669, 0.03960669], dtype=float32), array([0.03057703, 0.03057703, 0.03057703], dtype=float32), array([0.02121083, 0.02121083, 0.02121083], dtype=float32)]","[array([nan, nan, nan], dtype=float32), array([nan, nan, nan], dtype=float32), array([0.16641009, 0.16641009, 0.16641009], dtype=float32), array([0.16552256, 0.16552256, 0.16552256], dtype=float32), array([nan, nan, nan], dtype=float32), array([nan, nan, nan], dtype=float32), array([0.16216063, 0.16216063, 0.16216063], dtype=float32), array([nan, nan, nan], dtype=float32), array([nan, nan, nan], dtype=float32), array([nan, nan, nan], dtype=float32), array([0.1485712, 0.1485712, 0.1485712], dtype=float32), array([nan, nan, nan], dtype=float32), array([0.14069702, 0.14069702, 0.14069702], dtype=float32), array([nan, nan, nan], dtype=float32), array([nan, nan, nan], dtype=float32), array([nan, nan, nan], dtype=float32), array([nan, nan, nan], dtype=float32), array([0.11520666, 0.11520666, 0.11520666], dtype=float32), array([nan, nan, nan], dtype=float32), array([nan, nan, nan], dtype=float32), array([0.09769222, 0.09769222, 0.09769222], dtype=float32), array([nan, nan, nan], dtype=float32), array([nan, nan, nan], dtype=float32), array([0.07771049, 0.07771049, 0.07771049], dtype=float32), array([nan, nan, nan], dtype=float32), array([nan, nan, nan], dtype=float32), array([0.05553264, 0.05553264, 0.05553264], dtype=float32), array([nan, nan, nan], dtype=float32), array([nan, nan, nan], dtype=float32), array([0.03057703, 0.03057703, 0.03057703], dtype=float32), array([0.02121083, 0.02121083, 0.02121083], dtype=float32)]","[array([[2.1543433e-01, 5.3147087e-03, 7.7925098e-01],
       [4.6835523e-02, 7.9877009e-06, 9.5315647e-01],
       [3.2009178e-01, 4.4428892e-02, 6.3547933e-01]], dtype=float32), array([[2.1627314e-01, 5.4842900e-03, 7.7824253e-01],
       [4.7658779e-02, 8.8239904e-06, 9.5233244e-01],
       [3.2042816e-01, 4.5121327e-02, 6.3445050e-01]], dtype=float32), array([[2.9619282e-01, 4.4525806e-03, 6.9935453e-01],
       [1.0837926e-01, 3.6593544e-06, 8.9161706e-01],
       [3.4708130e-01, 1.8179337e-02, 6.3473940e-01]], dtype=float32), array([[2.9669735e-01, 4.5896666e-03, 6.9871294e-01],
       [1.0926734e-01, 4.0106393e-06, 8.9072865e-01],
       [3.4743506e-01, 1.8604204e-02, 6.3396078e-01]], dtype=float32), array([[2.9731655e-01, 4.7507128e-03, 6.9793278e-01],
       [1.1022252e-01, 4.4211488e-06, 8.8977307e-01],
       [3.4790057e-01, 1.9116523e-02, 6.3298285e-01]], dtype=float32), array([[2.98020363e-01, 4.95160418e-03, 6.97027981e-01],
       [1.11402266e-01, 4.98860754e-06, 8.88592780e-01],
       [3.48411024e-01, 1.97422318e-02, 6.31846786e-01]], dtype=float32), array([[4.1401193e-01, 9.3464516e-03, 5.7664168e-01],
       [2.7632335e-01, 4.5437450e-06, 7.2367209e-01],
       [4.2364290e-01, 1.7983122e-02, 5.5837393e-01]], dtype=float32), array([[4.1394112e-01, 9.5239375e-03, 5.7653499e-01],
       [2.7647644e-01, 4.8438901e-06, 7.2351873e-01],
       [4.2355558e-01, 1.8310197e-02, 5.5813426e-01]], dtype=float32), array([[1.8701573e-01, 3.0838423e-03, 8.0990040e-01],
       [4.3611281e-02, 7.6522474e-06, 9.5638108e-01],
       [2.8488418e-01, 2.3788143e-02, 6.9132769e-01]], dtype=float32), array([[1.8875903e-01, 3.2885263e-03, 8.0795240e-01],
       [4.4911396e-02, 9.0002623e-06, 9.5507956e-01],
       [2.8621751e-01, 2.4773894e-02, 6.8900859e-01]], dtype=float32), array([[3.01335961e-01, 6.14240300e-03, 6.92521632e-01],
       [1.17684744e-01, 9.49604237e-06, 8.82305682e-01],
       [3.50701928e-01, 2.33207438e-02, 6.25977337e-01]], dtype=float32), array([[3.2976410e-01, 1.3371634e-02, 6.5686435e-01],
       [1.3427804e-01, 2.3087885e-05, 8.6569887e-01],
       [3.7332121e-01, 4.8995174e-02, 5.7768357e-01]], dtype=float32), array([[2.2148339e-01, 7.5999540e-03, 7.7091670e-01],
       [5.5947300e-02, 2.6898291e-05, 9.4402587e-01],
       [3.2177666e-01, 5.3525750e-02, 6.2469763e-01]], dtype=float32), array([[3.29943329e-01, 1.38373785e-02, 6.56219363e-01],
       [1.35793656e-01, 2.66421121e-05, 8.64179730e-01],
       [3.73160005e-01, 5.00753969e-02, 5.76764584e-01]], dtype=float32), array([[2.2699901e-01, 8.1873909e-03, 7.6481360e-01],
       [5.9641939e-02, 3.1592830e-05, 9.4032645e-01],
       [3.2412341e-01, 5.4705035e-02, 6.2117153e-01]], dtype=float32), array([[1.9528766e-01, 4.1690483e-03, 8.0054325e-01],
       [5.0024237e-02, 1.6334583e-05, 9.4995940e-01],
       [2.9110765e-01, 2.8789261e-02, 6.8010306e-01]], dtype=float32), array([[3.3029869e-01, 1.4633709e-02, 6.5506756e-01],
       [1.3829431e-01, 3.3449058e-05, 8.6167228e-01],
       [3.7293532e-01, 5.1908612e-02, 5.7515603e-01]], dtype=float32), array([[1.9693288e-01, 4.4185841e-03, 7.9864854e-01],
       [5.1376153e-02, 1.8897896e-05, 9.4860488e-01],
       [2.9229400e-01, 2.9858716e-02, 6.7784733e-01]], dtype=float32), array([[1.9757670e-01, 4.5183338e-03, 7.9790497e-01],
       [5.1907450e-02, 1.9980373e-05, 9.4807261e-01],
       [2.9275417e-01, 3.0279033e-02, 6.7696679e-01]], dtype=float32), array([[1.9784866e-01, 4.5592696e-03, 7.9759210e-01],
       [5.2113898e-02, 2.0409574e-05, 9.4786572e-01],
       [2.9296455e-01, 3.0459490e-02, 6.7657602e-01]], dtype=float32), array([[2.2939712e-01, 8.9558251e-03, 7.6164711e-01],
       [6.2703989e-02, 4.1972988e-05, 9.3725401e-01],
       [3.2482588e-01, 5.7090592e-02, 6.1808354e-01]], dtype=float32), array([[1.3316290e-01, 5.0308565e-03, 8.6180621e-01],
       [2.5872646e-02, 4.4522087e-05, 9.7408277e-01],
       [2.7842110e-01, 6.1191250e-02, 6.6038764e-01]], dtype=float32), array([[3.0509487e-01, 7.8451252e-03, 6.8706006e-01],
       [1.2521453e-01, 1.9527564e-05, 8.7476593e-01],
       [3.5314006e-01, 2.8170153e-02, 6.1868989e-01]], dtype=float32), array([[3.1011191e-01, 8.0347238e-03, 6.8185335e-01],
       [1.3009757e-01, 1.9413859e-05, 8.6988300e-01],
       [3.5604885e-01, 2.8053135e-02, 6.1589795e-01]], dtype=float32), array([[1.3348603e-01, 5.0958106e-03, 8.6141813e-01],
       [2.6103949e-02, 4.6123838e-05, 9.7384995e-01],
       [2.7852419e-01, 6.1467845e-02, 6.6000801e-01]], dtype=float32), array([[3.1051192e-01, 8.2208607e-03, 6.8126720e-01],
       [1.3094981e-01, 2.0809377e-05, 8.6902940e-01],
       [3.5627061e-01, 2.8530514e-02, 6.1519891e-01]], dtype=float32), array([[2.2526830e-01, 8.9746481e-03, 7.6575702e-01],
       [6.1195008e-02, 4.6049023e-05, 9.3875891e-01],
       [3.2277367e-01, 5.8031328e-02, 6.1919504e-01]], dtype=float32), array([[3.0546996e-01, 8.1196073e-03, 6.8641043e-01],
       [1.2628317e-01, 2.1757694e-05, 8.7369502e-01],
       [3.5334173e-01, 2.8917484e-02, 6.1774081e-01]], dtype=float32), array([[3.1083199e-01, 8.4044309e-03, 6.8076354e-01],
       [1.3174064e-01, 2.2296595e-05, 8.6823708e-01],
       [3.5643691e-01, 2.9001033e-02, 6.1456203e-01]], dtype=float32), array([[2.3052701e-01, 9.4232168e-03, 7.6004970e-01],
       [6.4428657e-02, 4.9553539e-05, 9.3552184e-01],
       [3.2508078e-01, 5.8522578e-02, 6.1639667e-01]], dtype=float32), array([[3.1093749e-01, 8.5191522e-03, 6.8054336e-01],
       [1.3225880e-01, 2.3420325e-05, 8.6771780e-01],
       [3.5644889e-01, 2.9274659e-02, 6.1427647e-01]], dtype=float32)]",1,0,0,0,0,0,55.00769230769231,56.617692307692316,2000,0.00016507304642325474,0.00037989258697892743,9.86,9.86,2000,78000,78000,0.3585986314128957,104968,93000,61938,3627000,2415582,0,1024.5268939377436,6063556.100538633,6368650.6980587635,1.224197347937661e-07,0.07316277176141739,-0.0011308057000860572,0.0,0.0013802934991,81158,0.4722185432910919,-0.24077463150024414,30969,1198.8660888671875,0.347974956035614,1207791,999.0,0.008071066811680794,39.0,1.0,341.1673549772937,0.0,0.0,1207791,999.0,1.0,39.0,0.0013802934991,0.0393447157605,30969,23810,341.16720199844286,1.0067001111073661,0.19068376196041448,50,78100,100,2,2.0,10.5,4.91831632282273e-05,0.00010940765073835711,39.0,9.5,10.08,0.0019307807502627838,1950,1.0067001111073661,0.0003016761553435769,2,10.08,0.0001759090348680922,100,0.00039997497996632265,10.08,3900,3900,100,2.0592588342876488e-05,7.122450521570435e-06,4.532181763683113e-05,7.638014488066146e-06,3.487766925845829e-05,0.0001601603894885394,2.9742093364381114e-05,2.9855001947668265e-05,1.678341240621727e-05,2.2983852171676666e-05,5.07154497331857e-05,0.058195203137006664,0.0071017394120132535,0.06058594676161891,0.1774570648348942,0.03274687895112115,0.02137764198959652,0.00018419421202498372,0.07345489412546158,-0.004178213886916637,1.0,0.4722185730934143,-0.36476778984069824,108066,98.80375671386719,0.00801560003310442,0.34621194,4214574,498.0,1171.0,1209.0,108066,0.0,4214574,498.0,1209.0,1171.0,651000,216132,25389000,8429148,9861.777931906632,3.7315275036056393e-05,4.7398948471547486e-05,7.081392149454356e-06,8.009693830571734e-06,2.1723644573019486e-05,0.0001664043048638689,3.192023436117102e-05,2.4087951238243568e-05,5.298653617173268e-05,3.267194314280705e-05,1.766609595321174e-05
1,80000,False,40,d2a96_00000,2025-08-17_21-31-43,1755466303,91.48185849189758,3741.270233631134,686047,intrinsic-attention2,10.156.0.3,3741.270233631134,40,93.21657240890893,1.4756860312534739e-05,93.21626370437941,2.7972120952492143,90.05028642402458,0.0021941196385825397,39.0,9.5,1.0067001111073661,2.7633090095091224,9.96,0.0016086722591717262,0.0002549519995227456,2,2.0,10.5,1000,80000,40000,4.902907810321826e-05,0.00010453418247609561,2000,2,1.0067001111073661,308.0067968377189,2000.0,3000.0,"[array([0.01079853, 0.01079853, 0.01079853], dtype=float32), array([0.00133454, 0.00133454, 0.00133454], dtype=float32), array([-0.00723406, -0.00723406, -0.00723406], dtype=float32), array([-0.01498372, -0.01498372, -0.01498372], dtype=float32), array([-0.02191695, -0.02191695, -0.02191695], dtype=float32), array([-0.02834987, -0.02834987, -0.02834987], dtype=float32), array([-0.03412798, -0.03412798, -0.03412798], dtype=float32), array([-0.03975481, -0.03975481, -0.03975481], dtype=float32), array([-0.04521541, -0.04521541, -0.04521541], dtype=float32), array([-0.05026804, -0.05026804, -0.05026804], dtype=float32), array([-0.05460203, -0.05460203, -0.05460203], dtype=float32), array([-0.05859189, -0.05859189, -0.05859189], dtype=float32), array([-0.06269014, -0.06269014, -0.06269014], dtype=float32), array([-0.06653358, -0.06653358, -0.06653358], dtype=float32), array([-0.07010029, -0.07010029, -0.07010029], dtype=float32), array([-0.07374401, -0.07374401, -0.07374401], dtype=float32), array([-0.077123, -0.077123, -0.077123], dtype=float32), array([-0.08017053, -0.08017053, -0.08017053], dtype=float32), array([-0.08344917, -0.08344917, -0.08344917], dtype=float32), array([-0.0867416, -0.0867416, -0.0867416], dtype=float32), array([-0.08979236, -0.08979236, -0.08979236], dtype=float32), array([-0.0935804, -0.0935804, -0.0935804], dtype=float32), array([-0.09750451, -0.09750451, -0.09750451], dtype=float32), array([-0.10142687, -0.10142687, -0.10142687], dtype=float32), array([-0.1065376, -0.1065376, -0.1065376], dtype=float32), array([-0.11218274, -0.11218274, -0.11218274], dtype=float32), array([-0.11739311, -0.11739311, -0.11739311], dtype=float32), array([-0.12285509, -0.12285509, -0.12285509], dtype=float32), array([-0.12835184, -0.12835184, -0.12835184], dtype=float32), array([-0.13429342, -0.13429342, -0.13429342], dtype=float32), array([-0.1407691, -0.1407691, -0.1407691], dtype=float32)]","[array([nan, nan, nan], dtype=float32), array([nan, nan, nan], dtype=float32), array([-0.00723406, -0.00723406, -0.00723406], dtype=float32), array([-0.01498372, -0.01498372, -0.01498372], dtype=float32), array([nan, nan, nan], dtype=float32), array([nan, nan, nan], dtype=float32), array([nan, nan, nan], dtype=float32), array([nan, nan, nan], dtype=float32), array([-0.04521541, -0.04521541, -0.04521541], dtype=float32), array([nan, nan, nan], dtype=float32), array([nan, nan, nan], dtype=float32), array([-0.0585919, -0.0585919, -0.0585919], dtype=float32), array([nan, nan, nan], dtype=float32), array([nan, nan, nan], dtype=float32), array([-0.07010028, -0.07010028, -0.07010028], dtype=float32), array([-0.07374401, -0.07374401, -0.07374401], dtype=float32), array([nan, nan, nan], dtype=float32), array([nan, nan, nan], dtype=float32), array([nan, nan, nan], dtype=float32), array([nan, nan, nan], dtype=float32), array([-0.08979234, -0.08979234, -0.08979234], dtype=float32), array([nan, nan, nan], dtype=float32), array([-0.09750453, -0.09750453, -0.09750453], dtype=float32), array([nan, nan, nan], dtype=float32), array([nan, nan, nan], dtype=float32), array([nan, nan, nan], dtype=float32), array([-0.1173931, -0.1173931, -0.1173931], dtype=float32), array([nan, nan, nan], dtype=float32), array([-0.12835185, -0.12835185, -0.12835185], dtype=float32), array([nan, nan, nan], dtype=float32), array([-0.14076908, -0.14076908, -0.14076908], dtype=float32)]","[array([[2.3053074e-01, 9.4932243e-03, 7.5997603e-01],
       [6.4637959e-02, 5.0981285e-05, 9.3531114e-01],
       [3.2502127e-01, 5.8748167e-02, 6.1623049e-01]], dtype=float32), array([[3.0503497e-01, 8.2486551e-03, 6.8671638e-01],
       [1.2647940e-01, 2.3345152e-05, 8.7349725e-01],
       [3.5300335e-01, 2.9283708e-02, 6.1771297e-01]], dtype=float32), array([[4.1117159e-01, 1.3826272e-02, 5.7500213e-01],
       [2.7914843e-01, 1.8974235e-05, 7.2083259e-01],
       [4.2047310e-01, 2.6107980e-02, 5.5341893e-01]], dtype=float32), array([[1.3319173e-01, 5.2252715e-03, 8.6158299e-01],
       [2.6415238e-02, 5.0671464e-05, 9.7353405e-01],
       [2.7811089e-01, 6.2162176e-02, 6.5972698e-01]], dtype=float32), array([[3.2928392e-01, 1.4960736e-02, 6.5575528e-01],
       [1.3886045e-01, 3.8558072e-05, 8.6110097e-01],
       [3.7207627e-01, 5.2640345e-02, 5.7528335e-01]], dtype=float32), array([[4.1187209e-01, 1.2742468e-02, 5.7538545e-01],
       [2.7851364e-01, 1.4037476e-05, 7.2147232e-01],
       [4.2126405e-01, 2.4166979e-02, 5.5456895e-01]], dtype=float32), array([[4.1205785e-01, 1.2535413e-02, 5.7540673e-01],
       [2.7846271e-01, 1.3179059e-05, 7.2152412e-01],
       [4.2145509e-01, 2.3790261e-02, 5.5475473e-01]], dtype=float32), array([[4.1229478e-01, 1.2284868e-02, 5.7542038e-01],
       [2.7845445e-01, 1.2211703e-05, 7.2153336e-01],
       [4.2169303e-01, 2.3328343e-02, 5.5497861e-01]], dtype=float32), array([[2.2553864e-01, 8.0873240e-03, 7.6637405e-01],
       [5.9283622e-02, 3.2094049e-05, 9.4068432e-01],
       [3.2299256e-01, 5.4083627e-02, 6.2292379e-01]], dtype=float32), array([[3.02268684e-01, 6.96357433e-03, 6.90767705e-01],
       [1.20779052e-01, 1.40895545e-05, 8.79206896e-01],
       [3.51352274e-01, 2.57835239e-02, 6.22864127e-01]], dtype=float32), array([[1.93219483e-01, 3.96249350e-03, 8.02817941e-01],
       [4.86636758e-02, 1.45780305e-05, 9.51321781e-01],
       [2.89671212e-01, 2.79498529e-02, 6.82378948e-01]], dtype=float32), array([[3.02160829e-01, 6.79349713e-03, 6.91045702e-01],
       [1.20126456e-01, 1.29563514e-05, 8.79860640e-01],
       [3.51307839e-01, 2.52958722e-02, 6.23396277e-01]], dtype=float32), array([[3.0206192e-01, 6.7046178e-03, 6.9123346e-01],
       [1.1975948e-01, 1.2406854e-05, 8.8022810e-01],
       [3.5125446e-01, 2.5041277e-02, 6.2370425e-01]], dtype=float32), array([[1.9182800e-01, 3.7312801e-03, 8.0444074e-01],
       [4.7335926e-02, 1.2361976e-05, 9.5265174e-01],
       [2.8874370e-01, 2.6953762e-02, 6.8430251e-01]], dtype=float32), array([[3.0668557e-01, 6.6087344e-03, 6.8670577e-01],
       [1.2330721e-01, 1.0855800e-05, 8.7668192e-01],
       [3.5397822e-01, 2.4220202e-02, 6.2180161e-01]], dtype=float32), array([[2.1920089e-01, 7.2783199e-03, 7.7352071e-01],
       [5.4674048e-02, 2.4846991e-05, 9.4530112e-01],
       [3.2033193e-01, 5.2113317e-02, 6.2755477e-01]], dtype=float32), array([[2.2323796e-01, 7.3402221e-03, 7.6942188e-01],
       [5.6325849e-02, 2.3579565e-05, 9.4365054e-01],
       [3.2224464e-01, 5.1503103e-02, 6.2625217e-01]], dtype=float32), array([[3.0127105e-01, 6.1933435e-03, 6.9253564e-01],
       [1.1732511e-01, 9.5334199e-06, 8.8266534e-01],
       [3.5084268e-01, 2.3604829e-02, 6.2555254e-01]], dtype=float32), array([[3.05149317e-01, 6.07996900e-03, 6.88770771e-01],
       [1.20171055e-01, 8.33987360e-06, 8.79820585e-01],
       [3.53112787e-01, 2.28209849e-02, 6.24066174e-01]], dtype=float32), array([[3.0390492e-01, 2.6106702e-03, 6.9348443e-01],
       [1.3157405e-01, 2.4745852e-06, 8.6842352e-01],
       [3.4212849e-01, 8.5009234e-03, 6.4937055e-01]], dtype=float32), array([[1.8450022e-01, 2.8151448e-03, 8.1268466e-01],
       [4.1352198e-02, 5.8267101e-06, 9.5864195e-01],
       [2.8367326e-01, 2.2780055e-02, 6.9354665e-01]], dtype=float32), array([[3.2556406e-01, 1.0204457e-02, 6.6423142e-01],
       [1.2330963e-01, 9.0025751e-06, 8.7668139e-01],
       [3.7216648e-01, 4.0649246e-02, 5.8718425e-01]], dtype=float32), array([[1.8032250e-01, 2.4028025e-03, 8.1727469e-01],
       [3.8311914e-02, 3.8362073e-06, 9.6168423e-01],
       [2.8061995e-01, 2.0709386e-02, 6.9867063e-01]], dtype=float32), array([[4.1448715e-01, 8.1054205e-03, 5.7740742e-01],
       [2.7289185e-01, 2.4245915e-06, 7.2710568e-01],
       [4.2437738e-01, 1.5872760e-02, 5.5974984e-01]], dtype=float32), array([[2.9518500e-01, 4.0504108e-03, 7.0076454e-01],
       [1.0448554e-01, 2.4589042e-06, 8.9551198e-01],
       [3.4695596e-01, 1.7187666e-02, 6.3585639e-01]], dtype=float32), array([[2.9433030e-01, 3.8175592e-03, 7.0185208e-01],
       [1.0283537e-01, 2.0347445e-06, 8.9716256e-01],
       [3.4636199e-01, 1.6436109e-02, 6.3720191e-01]], dtype=float32), array([[3.23230445e-01, 8.38171411e-03, 6.68387830e-01],
       [1.15868725e-01, 4.23812253e-06, 8.84127021e-01],
       [3.71670663e-01, 3.55640315e-02, 5.92765391e-01]], dtype=float32), array([[3.22908938e-01, 8.15295242e-03, 6.68938160e-01],
       [1.14879884e-01, 3.81018776e-06, 8.85116279e-01],
       [3.71586651e-01, 3.48935761e-02, 5.93519807e-01]], dtype=float32), array([[2.9273245e-01, 3.3797969e-03, 7.0388776e-01],
       [9.9577077e-02, 1.3657412e-06, 9.0042156e-01],
       [3.4523803e-01, 1.4989662e-02, 6.3977224e-01]], dtype=float32), array([[3.2262138e-01, 7.9375431e-03, 6.6944104e-01],
       [1.1388234e-01, 3.4204584e-06, 8.8611424e-01],
       [3.7153575e-01, 3.4277424e-02, 5.9418684e-01]], dtype=float32), array([[2.9354301e-01, 3.5845123e-03, 7.0287246e-01],
       [1.0106411e-01, 1.6437945e-06, 8.9893425e-01],
       [3.4585091e-01, 1.5688203e-02, 6.3846093e-01]], dtype=float32)]",1,0,0,0,0,0,54.731297709923666,55.56717557251909,2000,0.00016833278756190077,0.0003840842901225479,9.96,9.96,2000,80000,80000,0.3582259364688147,104968,93000,61938,3720000,2477520,0,1025.4516512700288,6058177.706524537,6363797.478351306,6.120986739688306e-08,0.10120611637830734,-0.0022061665076762438,0.0,0.0013802934991,81158,0.4722185432910919,-0.014789938926696777,30969,1165.592041015625,0.3468610346317291,1238760,999.0,0.003565662307664752,40.0,1.0,341.4753042682486,0.0,0.0,1238760,999.0,1.0,40.0,0.0013802934991,0.0393447157605,30969,23810,341.4751570054611,1.0067001111073661,0.19068719893085578,50,80100,100,2,2.0,10.5,6.195686522621499e-05,0.00014638180910634823,40.0,9.5,10.08,0.0019536632104427552,2000,1.0067001111073661,0.000300479013873693,2,10.08,0.0002262537699439626,100,0.0005164394559477233,10.08,4000,4000,100,2.119979847134736e-05,7.402196074331338e-06,4.653170647596974e-05,7.720716055276687e-06,3.523659210446287e-05,0.0001624728457280666,3.0349761220540178e-05,2.9993378301815643e-05,1.7332695689350077e-05,2.2754760720176284e-05,5.202506248884629e-05,0.05815378706566291,0.007099338037891565,0.060468387134074424,0.17734002647651873,0.032710914571589034,0.021318397949666085,0.00018400486994469471,0.1003517210483551,-0.00037076673470437527,1.0,0.4722185730934143,-0.3664968013763428,108066,95.53880310058594,0.0031075067818164825,0.3491956,4322640,498.0,1201.0,1240.0,108066,0.0,4322640,498.0,1240.0,1201.0,651000,216132,26040000,8645280,9845.710106606639,4.709639135951957e-05,6.0571603087920024e-05,8.843657041532565e-06,1.0079817257548444e-05,2.750457831117628e-05,0.00021272995045333685,4.1120107152211216e-05,3.0543539744504606e-05,6.963921244749929e-05,4.210854611095033e-05,2.3543426594643475e-05
1,82000,False,41,d2a96_00000,2025-08-17_21-33-13,1755466393,90.30221462249756,3831.5724482536316,686047,intrinsic-attention2,10.156.0.3,3831.5724482536316,41,93.18544352875979,1.4743631643857172e-05,93.18513444035567,2.795518158326665,90.02108660602438,0.0021915781222193306,40.0,-10.5,1.0067001111073661,2.761646457704016,9.84,0.0015746215093531647,0.0002549519995227456,2,2.0,10.5,1000,82000,41000,4.7515981604838796e-05,0.00010119752078754471,2000,2,1.0067001111073661,298.2923300502243,2000.0,3000.0,"[array([-0.15103783, -0.15103783, -0.15103783], dtype=float32), array([-0.16122475, -0.16122475, -0.16122475], dtype=float32), array([-0.17030542, -0.17030542, -0.17030542], dtype=float32), array([-0.17872527, -0.17872527, -0.17872527], dtype=float32), array([-0.18614642, -0.18614642, -0.18614642], dtype=float32), array([-0.19298814, -0.19298814, -0.19298814], dtype=float32), array([-0.19985667, -0.19985667, -0.19985667], dtype=float32), array([-0.20591113, -0.20591113, -0.20591113], dtype=float32), array([-0.21222967, -0.21222967, -0.21222967], dtype=float32), array([-0.21816729, -0.21816729, -0.21816729], dtype=float32), array([-0.22495037, -0.22495037, -0.22495037], dtype=float32), array([-0.23110004, -0.23110004, -0.23110004], dtype=float32), array([-0.23656033, -0.23656033, -0.23656033], dtype=float32), array([-0.24120452, -0.24120452, -0.24120452], dtype=float32), array([-0.24598381, -0.24598381, -0.24598381], dtype=float32), array([-0.2510877, -0.2510877, -0.2510877], dtype=float32), array([-0.2568316, -0.2568316, -0.2568316], dtype=float32), array([-0.26168254, -0.26168254, -0.26168254], dtype=float32), array([-0.26621577, -0.26621577, -0.26621577], dtype=float32), array([-0.2697106, -0.2697106, -0.2697106], dtype=float32), array([-0.2736599, -0.2736599, -0.2736599], dtype=float32), array([-0.2774791, -0.2774791, -0.2774791], dtype=float32), array([-0.28086644, -0.28086644, -0.28086644], dtype=float32), array([-0.28337857, -0.28337857, -0.28337857], dtype=float32), array([-0.2856703, -0.2856703, -0.2856703], dtype=float32), array([-0.28754812, -0.28754812, -0.28754812], dtype=float32), array([-0.28970343, -0.28970343, -0.28970343], dtype=float32), array([-0.29091576, -0.29091576, -0.29091576], dtype=float32), array([-0.29153633, -0.29153633, -0.29153633], dtype=float32), array([-0.29162648, -0.29162648, -0.29162648], dtype=float32), array([-0.29267007, -0.29267007, -0.29267007], dtype=float32)]","[array([-0.15103784, -0.15103784, -0.15103784], dtype=float32), array([-0.16122472, -0.16122472, -0.16122472], dtype=float32), array([-0.17030542, -0.17030542, -0.17030542], dtype=float32), array([-0.1787253, -0.1787253, -0.1787253], dtype=float32), array([-0.1861464, -0.1861464, -0.1861464], dtype=float32), array([-0.19298811, -0.19298811, -0.19298811], dtype=float32), array([-0.19985668, -0.19985668, -0.19985668], dtype=float32), array([-0.20591113, -0.20591113, -0.20591113], dtype=float32), array([-0.21222965, -0.21222965, -0.21222965], dtype=float32), array([-0.21816725, -0.21816725, -0.21816725], dtype=float32), array([-0.22495034, -0.22495034, -0.22495034], dtype=float32), array([-0.23109996, -0.23109996, -0.23109996], dtype=float32), array([-0.23656029, -0.23656029, -0.23656029], dtype=float32), array([-0.24120452, -0.24120452, -0.24120452], dtype=float32), array([-0.2459838, -0.2459838, -0.2459838], dtype=float32), array([-0.25108773, -0.25108773, -0.25108773], dtype=float32), array([-0.25683156, -0.25683156, -0.25683156], dtype=float32), array([-0.26168254, -0.26168254, -0.26168254], dtype=float32), array([-0.26621574, -0.26621574, -0.26621574], dtype=float32), array([-0.26971063, -0.26971063, -0.26971063], dtype=float32), array([-0.2736599, -0.2736599, -0.2736599], dtype=float32), array([-0.27747905, -0.27747905, -0.27747905], dtype=float32), array([-0.28086647, -0.28086647, -0.28086647], dtype=float32), array([-0.28337857, -0.28337857, -0.28337857], dtype=float32), array([-0.2856703, -0.2856703, -0.2856703], dtype=float32), array([-0.28754818, -0.28754818, -0.28754818], dtype=float32), array([-0.2897035, -0.2897035, -0.2897035], dtype=float32), array([-0.29091576, -0.29091576, -0.29091576], dtype=float32), array([-0.29153633, -0.29153633, -0.29153633], dtype=float32), array([-0.29162648, -0.29162648, -0.29162648], dtype=float32), array([-0.29267004, -0.29267004, -0.29267004], dtype=float32)]","[array([[4.1404167e-01, 7.1684932e-03, 5.7878983e-01],
       [2.6967636e-01, 1.5542150e-06, 7.3032206e-01],
       [4.2424104e-01, 1.4229545e-02, 5.6152946e-01]], dtype=float32), array([[1.1046015e-01, 2.2352778e-03, 8.8730460e-01],
       [1.5062015e-02, 6.0158682e-06, 9.8493189e-01],
       [2.6417994e-01, 4.3519281e-02, 6.9230074e-01]], dtype=float32), array([[1.1170487e-01, 2.3790761e-03, 8.8591605e-01],
       [1.5660537e-02, 7.1129152e-06, 9.8433232e-01],
       [2.6504377e-01, 4.4737127e-02, 6.9021910e-01]], dtype=float32), array([[1.1290822e-01, 2.5227629e-03, 8.8456905e-01],
       [1.6247651e-02, 8.3181330e-06, 9.8374408e-01],
       [2.6586509e-01, 4.5908943e-02, 6.8822598e-01]], dtype=float32), array([[3.2303298e-01, 9.9186050e-03, 6.6704839e-01],
       [1.2039121e-01, 8.5411921e-06, 8.7960017e-01],
       [3.7092081e-01, 4.0296279e-02, 5.8878291e-01]], dtype=float32), array([[2.1299826e-01, 5.5454150e-03, 7.8145635e-01],
       [4.7779974e-02, 1.0765259e-05, 9.5220923e-01],
       [3.1756374e-01, 4.4910390e-02, 6.3752580e-01]], dtype=float32), array([[2.9360914e-01, 2.3272373e-03, 7.0406359e-01],
       [1.2021695e-01, 1.9900899e-06, 8.7978107e-01],
       [3.3511043e-01, 8.1063462e-03, 6.5678316e-01]], dtype=float32), array([[1.8173547e-01, 2.8283193e-03, 8.1543624e-01],
       [4.0788475e-02, 6.4210535e-06, 9.5920509e-01],
       [2.8164604e-01, 2.2972899e-02, 6.9538110e-01]], dtype=float32), array([[3.2368642e-01, 1.1402606e-02, 6.6491097e-01],
       [1.2492256e-01, 1.4699394e-05, 8.7506276e-01],
       [3.7067306e-01, 4.4527687e-02, 5.8479923e-01]], dtype=float32), array([[1.4043744e-01, 7.1349875e-03, 8.5242754e-01],
       [2.2676472e-02, 4.5173139e-05, 9.7727841e-01],
       [3.1111676e-01, 1.1222813e-01, 5.7665509e-01]], dtype=float32), array([[4.0862721e-01, 9.8980721e-03, 5.8147466e-01],
       [2.6703274e-01, 6.3344064e-06, 7.3296100e-01],
       [4.1950116e-01, 1.9600600e-02, 5.6089824e-01]], dtype=float32), array([[2.9494426e-01, 5.6148428e-03, 6.9944090e-01],
       [1.1120029e-01, 8.0334803e-06, 8.8879168e-01],
       [3.4676340e-01, 2.2249170e-02, 6.3098741e-01]], dtype=float32), array([[1.20870605e-01, 3.58355977e-03, 8.75545800e-01],
       [2.02473719e-02, 2.05523429e-05, 9.79732037e-01],
       [2.71325469e-01, 5.37359603e-02, 6.74938619e-01]], dtype=float32), array([[2.1405697e-01, 6.7024478e-03, 7.7924055e-01],
       [5.1282719e-02, 2.0559390e-05, 9.4869673e-01],
       [3.1804511e-01, 5.0606590e-02, 6.3134825e-01]], dtype=float32), array([[2.1429268e-01, 6.8217758e-03, 7.7888554e-01],
       [5.1680166e-02, 2.1774897e-05, 9.4829810e-01],
       [3.1813851e-01, 5.1128261e-02, 6.3073319e-01]], dtype=float32), array([[1.8478616e-01, 3.3543620e-03, 8.1185949e-01],
       [4.4023722e-02, 1.0545686e-05, 9.5596576e-01],
       [2.8366384e-01, 2.5450032e-02, 6.9088614e-01]], dtype=float32), array([[1.8533917e-01, 3.4265763e-03, 8.1123424e-01],
       [4.4465285e-02, 1.1143710e-05, 9.5552355e-01],
       [2.8406700e-01, 2.5784288e-02, 6.9014871e-01]], dtype=float32), array([[1.8578087e-01, 3.4881509e-03, 8.1073093e-01],
       [4.4829652e-02, 1.1673525e-05, 9.5515865e-01],
       [2.8439221e-01, 2.6070293e-02, 6.8953753e-01]], dtype=float32), array([[2.9554957e-01, 6.1431378e-03, 6.9830728e-01],
       [1.1356314e-01, 1.0838083e-05, 8.8642597e-01],
       [3.4711409e-01, 2.3835333e-02, 6.2905061e-01]], dtype=float32), array([[2.1509689e-01, 7.1245995e-03, 7.7777851e-01],
       [5.2859377e-02, 2.5154259e-05, 9.4711542e-01],
       [3.1834185e-01, 5.2249126e-02, 6.2940896e-01]], dtype=float32), array([[1.2258208e-01, 3.8698451e-03, 8.7354809e-01],
       [2.1280130e-02, 2.5249601e-05, 9.7869462e-01],
       [2.7222326e-01, 5.5463228e-02, 6.7231357e-01]], dtype=float32), array([[0.03663014, 0.91549945, 0.04787048],
       [0.529716  , 0.04158473, 0.42869925],
       [0.05639117, 0.8727922 , 0.07081661]], dtype=float32), array([[1.8493882e-01, 3.3762918e-03, 8.1168485e-01],
       [4.4116762e-02, 1.0695063e-05, 9.5587248e-01],
       [2.8383350e-01, 2.5580717e-02, 6.9058573e-01]], dtype=float32), array([[2.9927936e-01, 5.9416988e-03, 6.9477892e-01],
       [1.1600624e-01, 9.1228476e-06, 8.8398457e-01],
       [3.4923431e-01, 2.2758517e-02, 6.2800717e-01]], dtype=float32), array([[2.1717720e-01, 6.8075475e-03, 7.7601528e-01],
       [5.2742459e-02, 2.0491707e-05, 9.4723701e-01],
       [3.1941625e-01, 5.0324082e-02, 6.3025969e-01]], dtype=float32), array([[2.1238682e-01, 6.5066330e-03, 7.8110659e-01],
       [5.0244287e-02, 1.9253725e-05, 9.4973648e-01],
       [3.1720495e-01, 4.9946215e-02, 6.3284886e-01]], dtype=float32), array([[1.1897126e-01, 3.4300231e-03, 8.7759870e-01],
       [1.9575709e-02, 1.8851681e-05, 9.8040545e-01],
       [2.7008229e-01, 5.2867066e-02, 6.7705059e-01]], dtype=float32), array([[1.1847815e-01, 3.3690638e-03, 8.7815279e-01],
       [1.9346297e-02, 1.8049423e-05, 9.8063558e-01],
       [2.6975206e-01, 5.2458249e-02, 6.7778963e-01]], dtype=float32), array([[2.9364014e-01, 5.4399618e-03, 7.0091993e-01],
       [1.0986941e-01, 7.5099583e-06, 8.9012307e-01],
       [3.4586045e-01, 2.1747107e-02, 6.3239247e-01]], dtype=float32), array([[2.98690617e-01, 5.62341185e-03, 6.95685983e-01],
       [1.14527516e-01, 7.68213704e-06, 8.85464787e-01],
       [3.48831743e-01, 2.18003932e-02, 6.29367769e-01]], dtype=float32), array([[2.1688688e-01, 6.6882456e-03, 7.7642488e-01],
       [5.2332893e-02, 1.9380199e-05, 9.4764775e-01],
       [3.1928250e-01, 4.9803540e-02, 6.3091397e-01]], dtype=float32)]",1,0,0,0,0,0,54.39921875,55.600000000000016,2000,0.00016243982897952078,0.000372004749649692,9.84,9.84,2000,82000,82000,0.35800894143404033,104968,93000,61938,3813000,2539458,0,1026.5133654966594,6061943.084294659,6365634.767301752,3.060493369844153e-08,0.10601118952035904,-0.030697301030158997,0.0,0.0013802934991,81158,0.4722185432910919,-0.0030173063278198242,30969,1142.037841796875,0.318363219499588,1269729,999.0,0.0020844154059886932,41.0,1.0,341.82886267422185,0.0,0.0,1269729,999.0,1.0,41.0,0.0013802934991,0.0393447157605,30969,23810,341.82871900208977,1.0067001111073661,0.19057684886158865,50,82100,100,2,2.0,10.5,6.166526234003006e-05,0.00014733183433049955,41.0,9.5,10.08,0.0022776577797776554,2050,1.0067001111073661,0.0002993205337772666,2,10.08,0.0002256775505934242,100,0.0005153476780472169,10.08,4100,4100,100,2.0382114250381036e-05,6.980339680112504e-06,4.5091270857053135e-05,7.548523687818667e-06,3.376136060994275e-05,0.00015687684991890885,2.923586619844208e-05,2.9045573252400722e-05,1.6459218380199733e-05,2.21148655050861e-05,5.044078057130982e-05,0.05814105797508715,0.007099947437593515,0.06038510863267925,0.17731031390178548,0.03266944115583378,0.02126607453015982,0.00018385420125094828,0.10209982097148895,-0.02135552652180195,1.0,0.4722185730934143,0.0005307197570800781,108066,96.91737365722656,0.0015147546073421836,0.32795316,4430706,498.0,1231.0,1271.0,108066,0.0,4430706,498.0,1271.0,1231.0,651000,216132,26691000,8861412,9834.085939621735,4.767644159814504e-05,6.0186843571616914e-05,8.829675329424599e-06,1.0018159212555528e-05,2.7707644347211632e-05,0.00021111659949146067,4.084159122887203e-05,3.0503051291777235e-05,7.085769634305901e-05,4.171062395165076e-05,2.3834996026273787e-05
1,84000,False,42,d2a96_00000,2025-08-17_21-34-44,1755466484,91.32774639129639,3922.900194644928,686047,intrinsic-attention2,10.156.0.3,3922.900194644928,42,93.16479383167221,1.4742095303323796e-05,93.16448391013216,2.801876305793454,89.99442234181409,0.0021882316910651293,41.0,9.5,1.0067001111073661,2.768035298546972,9.96,0.0016232881289033685,0.0002549519995227456,2,2.0,10.5,1000,84000,42000,4.972194532142609e-05,0.0001043686779007794,2000,2,1.0067001111073661,288.83414148822396,2000.0,3000.0,"[array([-0.2932468, -0.2932468, -0.2932468], dtype=float32), array([-0.30139711, -0.30139711, -0.30139711], dtype=float32), array([-0.31881067, -0.31881067, -0.31881067], dtype=float32), array([-0.36792517, -0.36792517, -0.36792517], dtype=float32), array([-0.33151844, -0.33151844, -0.33151844], dtype=float32), array([-0.36980492, -0.36980492, -0.36980492], dtype=float32), array([-0.4369522, -0.4369522, -0.4369522], dtype=float32), array([-0.50172716, -0.50172716, -0.50172716], dtype=float32), array([-0.56199163, -0.56199163, -0.56199163], dtype=float32), array([-0.6159515, -0.6159515, -0.6159515], dtype=float32), array([-0.66263735, -0.66263735, -0.66263735], dtype=float32), array([-0.6997563, -0.6997563, -0.6997563], dtype=float32), array([-0.7338591, -0.7338591, -0.7338591], dtype=float32), array([-0.76524377, -0.76524377, -0.76524377], dtype=float32), array([-0.7935182, -0.7935182, -0.7935182], dtype=float32), array([-0.81966174, -0.81966174, -0.81966174], dtype=float32), array([-0.84371847, -0.84371847, -0.84371847], dtype=float32), array([-0.86549366, -0.86549366, -0.86549366], dtype=float32), array([-0.8856065, -0.8856065, -0.8856065], dtype=float32), array([-0.90403825, -0.90403825, -0.90403825], dtype=float32), array([-0.9213016, -0.9213016, -0.9213016], dtype=float32), array([-0.9370068, -0.9370068, -0.9370068], dtype=float32), array([-0.9511378, -0.9511378, -0.9511378], dtype=float32), array([-0.96680844, -0.96680844, -0.96680844], dtype=float32), array([-0.9814585, -0.9814585, -0.9814585], dtype=float32), array([-0.9950808, -0.9950808, -0.9950808], dtype=float32), array([-1.0075768, -1.0075768, -1.0075768], dtype=float32), array([-1.0180643, -1.0180643, -1.0180643], dtype=float32), array([-1.031162, -1.031162, -1.031162], dtype=float32), array([-1.0503396, -1.0503396, -1.0503396], dtype=float32), array([-1.0847045, -1.0847045, -1.0847045], dtype=float32)]","[array([nan, nan, nan], dtype=float32), array([nan, nan, nan], dtype=float32), array([nan, nan, nan], dtype=float32), array([nan, nan, nan], dtype=float32), array([nan, nan, nan], dtype=float32), array([nan, nan, nan], dtype=float32), array([nan, nan, nan], dtype=float32), array([nan, nan, nan], dtype=float32), array([nan, nan, nan], dtype=float32), array([nan, nan, nan], dtype=float32), array([nan, nan, nan], dtype=float32), array([nan, nan, nan], dtype=float32), array([nan, nan, nan], dtype=float32), array([nan, nan, nan], dtype=float32), array([nan, nan, nan], dtype=float32), array([nan, nan, nan], dtype=float32), array([nan, nan, nan], dtype=float32), array([nan, nan, nan], dtype=float32), array([nan, nan, nan], dtype=float32), array([nan, nan, nan], dtype=float32), array([nan, nan, nan], dtype=float32), array([nan, nan, nan], dtype=float32), array([nan, nan, nan], dtype=float32), array([nan, nan, nan], dtype=float32), array([nan, nan, nan], dtype=float32), array([nan, nan, nan], dtype=float32), array([nan, nan, nan], dtype=float32), array([nan, nan, nan], dtype=float32), array([nan, nan, nan], dtype=float32), array([nan, nan, nan], dtype=float32), array([nan, nan, nan], dtype=float32)]","[array([[4.0864572e-01, 1.0098509e-02, 5.8125573e-01],
       [2.6796639e-01, 6.9874677e-06, 7.3202664e-01],
       [4.1943493e-01, 1.9906789e-02, 5.6065834e-01]], dtype=float32), array([[4.0830350e-01, 9.6180392e-03, 5.8207846e-01],
       [2.6560709e-01, 5.6916915e-06, 7.3438716e-01],
       [4.1934076e-01, 1.9158319e-02, 5.6150091e-01]], dtype=float32), array([[2.9313764e-01, 5.1050107e-03, 7.0175737e-01],
       [1.0747106e-01, 5.8298856e-06, 8.9252311e-01],
       [3.4585127e-01, 2.0894257e-02, 6.3325447e-01]], dtype=float32), array([[2.9660931e-01, 5.5811480e-03, 6.9780958e-01],
       [1.1099118e-01, 7.0626747e-06, 8.8900173e-01],
       [3.4829184e-01, 2.2312285e-02, 6.2939584e-01]], dtype=float32), array([[2.8679052e-01, 3.5608178e-03, 7.0964867e-01],
       [9.4069101e-02, 1.6167685e-06, 9.0592927e-01],
       [3.4276250e-01, 1.6563294e-02, 6.4067423e-01]], dtype=float32), array([[2.7603379e-01, 1.9635004e-03, 7.2200269e-01],
       [7.5541317e-02, 1.9197971e-07, 9.2445856e-01],
       [3.3658329e-01, 1.1201794e-02, 6.5221488e-01]], dtype=float32), array([[2.4170862e-01, 2.2778001e-03, 7.5601357e-01],
       [3.9466139e-02, 8.4254253e-08, 9.6053386e-01],
       [3.3699149e-01, 2.4711171e-02, 6.3829732e-01]], dtype=float32), array([[2.5276068e-01, 1.5200359e-03, 7.4571925e-01],
       [3.6465757e-02, 6.9307884e-09, 9.6353424e-01],
       [3.4373546e-01, 1.8513341e-02, 6.3775116e-01]], dtype=float32), array([[1.9602758e-01, 5.8205891e-04, 8.0339038e-01],
       [1.5439441e-02, 5.5414406e-10, 9.8456061e-01],
       [3.1713149e-01, 1.4651774e-02, 6.6821676e-01]], dtype=float32), array([[1.26356170e-01, 2.02067604e-04, 8.73441756e-01],
       [4.74587316e-03, 8.81116430e-11, 9.95254159e-01],
       [2.83330232e-01, 1.37459105e-02, 7.02923834e-01]], dtype=float32), array([[1.3391480e-01, 1.6915954e-04, 8.6591601e-01],
       [4.5082043e-03, 1.8738136e-11, 9.9549180e-01],
       [2.8969404e-01, 1.2496657e-02, 6.9780934e-01]], dtype=float32), array([[3.1764624e-01, 7.8255386e-04, 6.8157119e-01],
       [4.6007402e-02, 2.0149308e-12, 9.5399266e-01],
       [3.7993744e-01, 9.0455059e-03, 6.1101705e-01]], dtype=float32), array([[3.6819229e-01, 2.2165629e-04, 6.3158613e-01],
       [1.1035398e-01, 3.8656276e-14, 8.8964605e-01],
       [3.9439932e-01, 1.1158685e-03, 6.0448480e-01]], dtype=float32), array([[1.4444213e-01, 6.6026820e-05, 8.5549188e-01],
       [3.0421952e-03, 4.0508836e-14, 9.9695778e-01],
       [2.9707253e-01, 7.5137494e-03, 6.9541377e-01]], dtype=float32), array([[2.0633103e-01, 9.4180570e-05, 7.9357481e-01],
       [6.5396209e-03, 2.2812912e-15, 9.9346042e-01],
       [3.2912460e-01, 5.9337839e-03, 6.6494161e-01]], dtype=float32), array([[1.5763015e-01, 3.5021436e-05, 8.4233487e-01],
       [2.3973854e-03, 1.7099226e-16, 9.9760264e-01],
       [3.0662343e-01, 5.3048576e-03, 6.8807173e-01]], dtype=float32), array([[4.0950802e-01, 7.7849378e-05, 5.9041417e-01],
       [1.5236670e-01, 5.3573190e-19, 8.4763330e-01],
       [4.2342070e-01, 3.1059046e-04, 5.7626867e-01]], dtype=float32), array([[4.0549499e-01, 4.4097073e-04, 5.9406400e-01],
       [9.5860459e-02, 3.6841441e-19, 9.0413952e-01],
       [4.2972946e-01, 3.0086252e-03, 5.6726193e-01]], dtype=float32), array([[4.6583766e-01, 9.7557917e-05, 5.3406477e-01],
       [3.2084209e-01, 2.0956453e-21, 6.7915791e-01],
       [4.6826124e-01, 1.8106549e-04, 5.3155774e-01]], dtype=float32), array([[4.4285628e-01, 6.2591840e-05, 5.5708104e-01],
       [2.2456488e-01, 3.6329112e-22, 7.7543515e-01],
       [4.4926465e-01, 1.7430320e-04, 5.5056095e-01]], dtype=float32), array([[2.2733147e-01, 2.3540080e-05, 7.7264500e-01],
       [3.3689397e-03, 9.8837814e-22, 9.9663109e-01],
       [3.4690189e-01, 3.1266261e-03, 6.4997154e-01]], dtype=float32), array([[2.0924091e-01, 1.4594834e-05, 7.9074448e-01],
       [2.1469523e-03, 1.3525879e-22, 9.9785304e-01],
       [3.3951789e-01, 2.9125260e-03, 6.5756965e-01]], dtype=float32), array([[1.8058342e-01, 1.0686121e-06, 8.1941551e-01],
       [2.1328074e-03, 1.1932695e-24, 9.9786711e-01],
       [2.8288391e-01, 1.7260146e-04, 7.1694350e-01]], dtype=float32), array([[2.1628304e-01, 1.0239496e-05, 7.8370672e-01],
       [1.9522586e-03, 2.1880745e-24, 9.9804771e-01],
       [3.4275299e-01, 2.2893948e-03, 6.5495759e-01]], dtype=float32), array([[2.1458046e-01, 7.6571450e-06, 7.8541189e-01],
       [1.7204472e-03, 2.6524001e-25, 9.9827957e-01],
       [3.4105507e-01, 1.9293210e-03, 6.5701562e-01]], dtype=float32), array([[4.8564658e-01, 4.9771766e-05, 5.1430362e-01],
       [4.0578166e-01, 1.1678935e-27, 5.9421831e-01],
       [4.8614258e-01, 6.8893860e-05, 5.1378846e-01]], dtype=float32), array([[2.2210081e-01, 5.5345258e-06, 7.7789360e-01],
       [1.6967583e-03, 6.4286486e-27, 9.9830317e-01],
       [3.4304878e-01, 1.4360126e-03, 6.5551525e-01]], dtype=float32), array([[1.7981413e-01, 2.8849541e-07, 8.2018560e-01],
       [1.3425855e-03, 7.6212527e-29, 9.9865735e-01],
       [2.8124517e-01, 7.3584342e-05, 7.1868122e-01]], dtype=float32), array([[4.8561835e-01, 5.9194630e-04, 5.1378965e-01],
       [3.7159774e-01, 2.6395763e-28, 6.2840229e-01],
       [4.8642915e-01, 9.4772299e-04, 5.1262307e-01]], dtype=float32), array([[4.9096307e-01, 6.4547133e-04, 5.0839150e-01],
       [4.1668761e-01, 6.8513802e-29, 5.8331245e-01],
       [4.9124709e-01, 8.7311032e-04, 5.0787979e-01]], dtype=float32), array([[4.8727062e-01, 2.6872589e-05, 5.1270247e-01],
       [4.1210100e-01, 7.5261148e-31, 5.8789897e-01],
       [4.8766059e-01, 3.6463713e-05, 5.1230299e-01]], dtype=float32)]",1,0,0,0,0,0,54.44274809160305,55.6,2000,0.00016585886281631108,0.0003849502995789288,9.96,9.96,2000,84000,84000,0.3576838559697347,104968,93000,61938,3906000,2601396,0,1027.5306067678794,6069849.761826391,6374532.585009518,4.590739877130545e-08,0.2766518294811249,-0.025098290294408798,0.0,0.0013802934991,81158,0.4722185432910919,-0.01355600357055664,30969,819.5360107421875,0.32372668385505676,1300698,999.0,0.29135507345199585,42.0,1.0,342.1676089526038,0.0,0.0,1300698,999.0,1.0,42.0,0.0013802934991,0.0393447157605,30969,23810,342.1674677218707,1.0067001111073661,0.1905502644429578,50,84100,100,2,2.0,10.5,6.42725577757254e-05,0.0001560958307824284,42.0,-10.5,7.08,0.002256422399514122,2100,1.0067001111073661,0.0002983807983828422,2,7.08,0.00023326875119882996,100,0.0005391807051748654,7.08,4200,4200,100,2.0973128402410013e-05,7.0243516827514545e-06,4.6695620879226896e-05,7.592773645004981e-06,3.397668887805184e-05,0.00016527189312867072,3.039506685770982e-05,2.9450686219555545e-05,1.6882012443020293e-05,2.2482009988748807e-05,5.145278515873903e-05,0.058133556935298474,0.007096028753249048,0.060263606096347094,0.1772123424227806,0.032635370324301416,0.021205794034932425,0.00018369138925661678,0.21063058078289032,-0.07747215032577515,1.0,0.4722185730934143,-1.0,108066,89.21809387207031,0.05365131050348282,0.28004304,4538772,498.0,1261.0,1302.0,108066,0.0,4538772,498.0,1302.0,1261.0,651000,216132,27342000,9077544,9817.288114756335,4.883679709922675e-05,6.2275376146243e-05,9.13609667907496e-06,1.0505951170916604e-05,2.8069416922381112e-05,0.00022135437555254134,4.232637588981064e-05,3.1545799823994663e-05,7.351560367414933e-05,4.333176945577517e-05,2.459859664572341e-05
1,86000,False,43,d2a96_00000,2025-08-17_21-36-17,1755466577,92.77548670768738,4015.6756813526154,686047,intrinsic-attention2,10.156.0.3,4015.6756813526154,43,93.1591556979254,1.474169438711088e-05,93.15884510266093,2.8050728794656123,89.98595823412602,0.0021848671141088826,42.0,-10.5,1.0067001111073661,2.771261778971474,5.22,0.00153568968991749,0.0002549519995227456,2,2.0,10.5,1000,86000,43000,4.628247313870217e-05,9.81982005493308e-05,2000,2,1.0067001111073661,279.6309407571183,2000.0,3000.0,"[array([-1.0847493, -1.0847493, -1.0847493], dtype=float32), array([-1.0848271, -1.0848271, -1.0848271], dtype=float32), array([-1.0849055, -1.0849055, -1.0849055], dtype=float32), array([-1.0848753, -1.0848753, -1.0848753], dtype=float32), array([-1.0848347, -1.0848347, -1.0848347], dtype=float32), array([-1.0847104, -1.0847104, -1.0847104], dtype=float32), array([-1.0846359, -1.0846359, -1.0846359], dtype=float32), array([-1.0846063, -1.0846063, -1.0846063], dtype=float32), array([-1.084433, -1.084433, -1.084433], dtype=float32), array([-1.0842327, -1.0842327, -1.0842327], dtype=float32), array([-1.0841162, -1.0841162, -1.0841162], dtype=float32), array([-1.0839474, -1.0839474, -1.0839474], dtype=float32), array([-1.0837296, -1.0837296, -1.0837296], dtype=float32), array([-1.0834687, -1.0834687, -1.0834687], dtype=float32), array([-1.0832404, -1.0832404, -1.0832404], dtype=float32), array([-1.0829884, -1.0829884, -1.0829884], dtype=float32), array([-1.0829513, -1.0829513, -1.0829513], dtype=float32), array([-1.0829021, -1.0829021, -1.0829021], dtype=float32), array([-1.0828562, -1.0828562, -1.0828562], dtype=float32), array([-1.0828755, -1.0828755, -1.0828755], dtype=float32), array([-1.0828915, -1.0828915, -1.0828915], dtype=float32), array([-1.0827817, -1.0827817, -1.0827817], dtype=float32), array([-1.0825664, -1.0825664, -1.0825664], dtype=float32), array([-1.0823585, -1.0823585, -1.0823585], dtype=float32), array([-1.0820664, -1.0820664, -1.0820664], dtype=float32), array([-1.0816724, -1.0816724, -1.0816724], dtype=float32), array([-1.081421, -1.081421, -1.081421], dtype=float32), array([-1.0810225, -1.0810225, -1.0810225], dtype=float32), array([-1.0804853, -1.0804853, -1.0804853], dtype=float32), array([-1.0800383, -1.0800383, -1.0800383], dtype=float32), array([-1.0794871, -1.0794871, -1.0794871], dtype=float32)]","[array([-1.0847493, -1.0847493, -1.0847493], dtype=float32), array([-1.0848272, -1.0848272, -1.0848272], dtype=float32), array([-1.0849056, -1.0849056, -1.0849056], dtype=float32), array([-1.0848752, -1.0848752, -1.0848752], dtype=float32), array([-1.0848347, -1.0848347, -1.0848347], dtype=float32), array([-1.0847102, -1.0847102, -1.0847102], dtype=float32), array([-1.0846359, -1.0846359, -1.0846359], dtype=float32), array([-1.0846063, -1.0846063, -1.0846063], dtype=float32), array([-1.0844328, -1.0844328, -1.0844328], dtype=float32), array([-1.0842326, -1.0842326, -1.0842326], dtype=float32), array([-1.0841163, -1.0841163, -1.0841163], dtype=float32), array([-1.0839473, -1.0839473, -1.0839473], dtype=float32), array([-1.0837296, -1.0837296, -1.0837296], dtype=float32), array([-1.0834687, -1.0834687, -1.0834687], dtype=float32), array([-1.0832404, -1.0832404, -1.0832404], dtype=float32), array([-1.0829884, -1.0829884, -1.0829884], dtype=float32), array([-1.0829513, -1.0829513, -1.0829513], dtype=float32), array([-1.0829022, -1.0829022, -1.0829022], dtype=float32), array([-1.0828562, -1.0828562, -1.0828562], dtype=float32), array([-1.0828755, -1.0828755, -1.0828755], dtype=float32), array([-1.0828915, -1.0828915, -1.0828915], dtype=float32), array([-1.0827818, -1.0827818, -1.0827818], dtype=float32), array([-1.0825664, -1.0825664, -1.0825664], dtype=float32), array([-1.0823585, -1.0823585, -1.0823585], dtype=float32), array([-1.0820663, -1.0820663, -1.0820663], dtype=float32), array([-1.0816725, -1.0816725, -1.0816725], dtype=float32), array([-1.081421, -1.081421, -1.081421], dtype=float32), array([-1.0810226, -1.0810226, -1.0810226], dtype=float32), array([-1.0804853, -1.0804853, -1.0804853], dtype=float32), array([-1.0800383, -1.0800383, -1.0800383], dtype=float32), array([-1.079487, -1.079487, -1.079487], dtype=float32)]","[array([[4.8366460e-01, 2.7012467e-05, 5.1630837e-01],
       [3.8816857e-01, 9.1096571e-31, 6.1183143e-01],
       [4.8430744e-01, 3.9938113e-05, 5.1565260e-01]], dtype=float32), array([[4.8158371e-01, 2.7808575e-05, 5.1838839e-01],
       [3.7441245e-01, 1.0697690e-30, 6.2558758e-01],
       [4.8240468e-01, 4.3238761e-05, 5.1755208e-01]], dtype=float32), array([[4.7744700e-01, 2.7201198e-05, 5.2252585e-01],
       [3.4845284e-01, 1.2589214e-30, 6.5154713e-01],
       [4.7867146e-01, 4.6592882e-05, 5.2128190e-01]], dtype=float32), array([[1.1134442e-03, 9.9768627e-01, 1.2002180e-03],
       [6.2607092e-01, 3.3153274e-21, 3.7392905e-01],
       [2.0058241e-03, 9.9584609e-01, 2.1480969e-03]], dtype=float32), array([[1.0594177e-03, 9.9778736e-01, 1.1531933e-03],
       [6.4053982e-01, 3.5458454e-21, 3.5946023e-01],
       [2.0507057e-03, 9.9573529e-01, 2.2139829e-03]], dtype=float32), array([[1.3286852e-06, 9.9999321e-01, 5.4275611e-06],
       [9.9520409e-01, 5.2397391e-23, 4.7958679e-03],
       [1.1224711e-03, 9.9660337e-01, 2.2741153e-03]], dtype=float32), array([[4.6826231e-01, 2.7333110e-05, 5.3171033e-01],
       [2.9407179e-01, 1.9575801e-30, 7.0592815e-01],
       [4.7067821e-01, 5.8082471e-05, 5.2926373e-01]], dtype=float32), array([[1.2714341e-06, 9.9999332e-01, 5.3163890e-06],
       [9.9547797e-01, 5.8651884e-23, 4.5220326e-03],
       [1.1662095e-03, 9.9645835e-01, 2.3753853e-03]], dtype=float32), array([[9.9512050e-04, 9.9790132e-01, 1.1035436e-03],
       [6.6701734e-01, 4.6030598e-21, 3.3298269e-01],
       [2.2049854e-03, 9.9537873e-01, 2.4161960e-03]], dtype=float32), array([[4.6873552e-01, 1.1478840e-04, 5.3114969e-01],
       [2.7197489e-01, 9.8093300e-30, 7.2802508e-01],
       [4.7188008e-01, 2.7297981e-04, 5.2784699e-01]], dtype=float32), array([[4.6211600e-01, 2.7064134e-05, 5.3785700e-01],
       [2.6086324e-01, 2.3667268e-30, 7.3913676e-01],
       [4.6554357e-01, 6.6374305e-05, 5.3439003e-01]], dtype=float32), array([[1.4715675e-01, 1.4238009e-07, 8.5284311e-01],
       [4.7819767e-04, 3.2461752e-30, 9.9952185e-01],
       [2.6694998e-01, 9.3152521e-05, 7.3295689e-01]], dtype=float32), array([[8.0777874e-04, 9.9826545e-01, 9.2676521e-04],
       [7.1037877e-01, 4.5997143e-21, 2.8962120e-01],
       [2.2661428e-03, 9.9518532e-01, 2.5485428e-03]], dtype=float32), array([[4.5901564e-01, 2.7043105e-05, 5.4095733e-01],
       [2.4500491e-01, 2.5589135e-30, 7.5499505e-01],
       [4.6302304e-01, 7.1328897e-05, 5.3690571e-01]], dtype=float32), array([[4.5827425e-01, 2.7153992e-05, 5.4169858e-01],
       [2.4119499e-01, 2.5821289e-30, 7.5880504e-01],
       [4.6243131e-01, 7.2926377e-05, 5.3749573e-01]], dtype=float32), array([[1.3762964e-01, 1.2396680e-07, 8.6237019e-01],
       [3.6930415e-04, 3.3955902e-30, 9.9963069e-01],
       [2.6206893e-01, 1.0197249e-04, 7.3782915e-01]], dtype=float32), array([[4.6121731e-01, 7.3949770e-05, 5.3870869e-01],
       [2.3740599e-01, 7.2512609e-30, 7.6259398e-01],
       [4.6562687e-01, 2.0531574e-04, 5.3416783e-01]], dtype=float32), array([[1.6620754e-01, 4.3930163e-07, 8.3379203e-01],
       [5.7951256e-04, 9.7008843e-30, 9.9942052e-01],
       [2.9321831e-01, 2.6642866e-04, 7.0651531e-01]], dtype=float32), array([[1.36001825e-01, 1.26598650e-07, 8.63998055e-01],
       [3.50853108e-04, 3.95010150e-30, 9.99649167e-01],
       [2.61897981e-01, 1.09337976e-04, 7.37992704e-01]], dtype=float32), array([[1.5852783e-06, 9.9999332e-01, 5.1401435e-06],
       [9.8604614e-01, 9.9984558e-22, 1.3953867e-02],
       [3.6283262e-04, 9.9890816e-01, 7.2894467e-04]], dtype=float32), array([[1.1580507e-06, 9.9999368e-01, 5.1790321e-06],
       [9.9627078e-01, 7.1309820e-23, 3.7291683e-03],
       [1.3777909e-03, 9.9578768e-01, 2.8345401e-03]], dtype=float32), array([[4.6660832e-01, 7.7814118e-05, 5.3331381e-01],
       [2.6702797e-01, 7.5389768e-30, 7.3297203e-01],
       [4.6990713e-01, 1.8819921e-04, 5.2990460e-01]], dtype=float32), array([[1.34534195e-01, 1.30397098e-07, 8.65465641e-01],
       [3.35684716e-04, 4.83611052e-30, 9.99664307e-01],
       [2.61821419e-01, 1.17475065e-04, 7.38061130e-01]], dtype=float32), array([[1.34235337e-01, 1.30872024e-07, 8.65764499e-01],
       [3.33221920e-04, 5.05917271e-30, 9.99666810e-01],
       [2.61737168e-01, 1.18695454e-04, 7.38144159e-01]], dtype=float32), array([[1.63640261e-01, 3.99657210e-07, 8.36359322e-01],
       [5.68429881e-04, 1.12132366e-29, 9.99431551e-01],
       [2.90205628e-01, 2.43823713e-04, 7.09550619e-01]], dtype=float32), array([[3.9875636e-01, 6.7477602e-05, 6.0117620e-01],
       [5.0303474e-02, 5.1283957e-29, 9.4969654e-01],
       [4.2735890e-01, 9.0560265e-04, 5.7173550e-01]], dtype=float32), array([[9.1179484e-04, 9.9803954e-01, 1.0486370e-03],
       [7.1524298e-01, 6.8660070e-21, 2.8475699e-01],
       [2.6243804e-03, 9.9442071e-01, 2.9549438e-03]], dtype=float32), array([[4.5676652e-01, 6.0504481e-05, 5.4317296e-01],
       [2.1965790e-01, 9.2941625e-30, 7.8034210e-01],
       [4.6198344e-01, 1.8281602e-04, 5.3783375e-01]], dtype=float32), array([[9.3334238e-04, 9.9799359e-01, 1.0731289e-03],
       [7.1558988e-01, 6.7357531e-21, 2.8441012e-01],
       [2.6900051e-03, 9.9428225e-01, 3.0278410e-03]], dtype=float32), array([[9.2713077e-07, 9.9999452e-01, 4.4868084e-06],
       [9.9695992e-01, 6.8438764e-23, 3.0400932e-03],
       [1.4647263e-03, 9.9546450e-01, 3.0707938e-03]], dtype=float32), array([[1.4411730e-01, 1.7331122e-07, 8.5588253e-01],
       [4.1740210e-04, 5.8128169e-30, 9.9958259e-01],
       [2.6941806e-01, 1.3064787e-04, 7.3045123e-01]], dtype=float32)]",1,0,0,0,0,0,54.503787878787875,55.60000000000001,2000,0.00015897961528479827,0.0003648261874674801,5.22,5.22,2000,86000,86000,0.35732923377004633,104968,93000,61938,3999000,2663334,0,1027.7940276834477,6083380.723347064,6389860.490590484,6.886109815695818e-08,0.2762095630168915,-0.07935208082199097,0.0,0.0013802934991,81158,0.4722185432910919,-0.0018864870071411133,30969,480.1611328125,0.26947346329689026,1331667,999.0,0.08525629341602325,43.0,1.0,342.2553321047304,0.0,0.0,1331667,999.0,1.0,43.0,0.0013802934991,0.0393447157605,30969,23810,342.2551904509795,1.0067001111073661,0.19023773364842378,50,86100,100,2,2.0,10.5,5.5439446142770983e-05,0.00012904282888643462,43.0,-10.5,6.08,0.002137438710051356,2150,1.0067001111073661,0.0002973925902858819,2,6.08,0.00019752061327807298,100,0.0004573240890968539,6.08,4300,4300,100,1.9882845125099406e-05,6.969200571823758e-06,4.337450206848852e-05,7.228933829445064e-06,3.343510165995772e-05,0.00015420633510943423,2.831746117437525e-05,2.883974094126806e-05,1.6082820815953437e-05,2.1742023496325544e-05,4.8919199311388374e-05,0.05810094433592477,0.007087543345822141,0.060156692775399104,0.177092404938591,0.03260364516105416,0.02114956634458834,0.0001835017754509661,0.28200235962867737,-0.0828642025589943,1.0,0.4722185730934143,-0.13299095630645752,108066,98.22704315185547,0.023191820830106735,0.26967052,4646838,498.0,1291.0,1333.0,108066,0.0,4646838,498.0,1333.0,1291.0,651000,216132,27993000,9293676,9799.9364118631,4.2081240581185865e-05,5.3047675333630064e-05,7.73080791920152e-06,8.971630920692348e-06,2.416481428287929e-05,0.0001907649903915824,3.5981359655013955e-05,2.6989934083669786e-05,6.184294643905158e-05,3.647189955733614e-05,2.0462085685735476e-05
1,88000,False,44,d2a96_00000,2025-08-17_21-37-49,1755466669,91.97562384605408,4107.651305198669,686047,intrinsic-attention2,10.156.0.3,4107.651305198669,44,93.14528665393614,1.4723617339615086e-05,93.14497516143436,2.8039632263508896,89.97350406333474,0.002186408372960639,43.0,-10.5,1.0067001111073661,2.770170917951796,6.82,0.0015718212405045051,0.0002549519995227456,2,2.0,10.5,1000,88000,44000,4.777535400442157e-05,0.00010099989353179027,2000,2,1.0067001111073661,270.6800853694092,2000.0,3000.0,"[array([-1.0788748, -1.0788748, -1.0788748], dtype=float32), array([-1.0779649, -1.0779649, -1.0779649], dtype=float32), array([-1.0766516, -1.0766516, -1.0766516], dtype=float32), array([-1.0750607, -1.0750607, -1.0750607], dtype=float32), array([-1.0719833, -1.0719833, -1.0719833], dtype=float32), array([-1.0691547, -1.0691547, -1.0691547], dtype=float32), array([-1.0643417, -1.0643417, -1.0643417], dtype=float32), array([-1.0588353, -1.0588353, -1.0588353], dtype=float32), array([-1.0586712, -1.0586712, -1.0586712], dtype=float32), array([-1.0538485, -1.0538485, -1.0538485], dtype=float32), array([-1.0506495, -1.0506495, -1.0506495], dtype=float32), array([-1.0440911, -1.0440911, -1.0440911], dtype=float32), array([-1.0331553, -1.0331553, -1.0331553], dtype=float32), array([-1.0176575, -1.0176575, -1.0176575], dtype=float32), array([-1.0025737, -1.0025737, -1.0025737], dtype=float32), array([-0.994177, -0.994177, -0.994177], dtype=float32), array([-0.9848812, -0.9848812, -0.9848812], dtype=float32), array([-0.9746836, -0.9746836, -0.9746836], dtype=float32), array([-0.961997, -0.961997, -0.961997], dtype=float32), array([-0.94815445, -0.94815445, -0.94815445], dtype=float32), array([-0.9330149, -0.9330149, -0.9330149], dtype=float32), array([-0.9173697, -0.9173697, -0.9173697], dtype=float32), array([-0.9000158, -0.9000158, -0.9000158], dtype=float32), array([-0.8880562, -0.8880562, -0.8880562], dtype=float32), array([-0.87684524, -0.87684524, -0.87684524], dtype=float32), array([-0.8653676, -0.8653676, -0.8653676], dtype=float32), array([-0.85351366, -0.85351366, -0.85351366], dtype=float32), array([-0.84206593, -0.84206593, -0.84206593], dtype=float32), array([-0.8298801, -0.8298801, -0.8298801], dtype=float32), array([-0.8178625, -0.8178625, -0.8178625], dtype=float32), array([-0.8098456, -0.8098456, -0.8098456], dtype=float32)]","[array([-1.078875, -1.078875, -1.078875], dtype=float32), array([-1.0779649, -1.0779649, -1.0779649], dtype=float32), array([-1.0766516, -1.0766516, -1.0766516], dtype=float32), array([-1.0750607, -1.0750607, -1.0750607], dtype=float32), array([-1.0719835, -1.0719835, -1.0719835], dtype=float32), array([-1.0691549, -1.0691549, -1.0691549], dtype=float32), array([-1.0643417, -1.0643417, -1.0643417], dtype=float32), array([-1.0588353, -1.0588353, -1.0588353], dtype=float32), array([-1.0586712, -1.0586712, -1.0586712], dtype=float32), array([-1.0538487, -1.0538487, -1.0538487], dtype=float32), array([-1.0506495, -1.0506495, -1.0506495], dtype=float32), array([-1.0440911, -1.0440911, -1.0440911], dtype=float32), array([-1.0331554, -1.0331554, -1.0331554], dtype=float32), array([-1.0176575, -1.0176575, -1.0176575], dtype=float32), array([-1.0025737, -1.0025737, -1.0025737], dtype=float32), array([-0.994177, -0.994177, -0.994177], dtype=float32), array([-0.98488104, -0.98488104, -0.98488104], dtype=float32), array([-0.97468346, -0.97468346, -0.97468346], dtype=float32), array([-0.9619969, -0.9619969, -0.9619969], dtype=float32), array([-0.94815457, -0.94815457, -0.94815457], dtype=float32), array([-0.933015, -0.933015, -0.933015], dtype=float32), array([-0.9173697, -0.9173697, -0.9173697], dtype=float32), array([-0.9000158, -0.9000158, -0.9000158], dtype=float32), array([-0.8880563, -0.8880563, -0.8880563], dtype=float32), array([-0.87684524, -0.87684524, -0.87684524], dtype=float32), array([-0.86536753, -0.86536753, -0.86536753], dtype=float32), array([-0.8535136, -0.8535136, -0.8535136], dtype=float32), array([-0.8420659, -0.8420659, -0.8420659], dtype=float32), array([-0.82988024, -0.82988024, -0.82988024], dtype=float32), array([-0.8178626, -0.8178626, -0.8178626], dtype=float32), array([-0.8098456, -0.8098456, -0.8098456], dtype=float32)]","[array([[1.5365317e-01, 3.2682843e-07, 8.4634650e-01],
       [4.4941157e-04, 1.0739050e-29, 9.9955052e-01],
       [2.8442252e-01, 2.4428454e-04, 7.1533322e-01]], dtype=float32), array([[1.6565484e-01, 4.1145674e-07, 8.3434474e-01],
       [5.9220032e-04, 1.0246827e-29, 9.9940777e-01],
       [2.9137766e-01, 2.4249816e-04, 7.0837986e-01]], dtype=float32), array([[4.5741636e-01, 6.1631647e-05, 5.4252201e-01],
       [2.2186065e-01, 7.6238208e-30, 7.7813929e-01],
       [4.6251580e-01, 1.8428508e-04, 5.3729999e-01]], dtype=float32), array([[1.4533097e-01, 1.8339176e-07, 8.5466886e-01],
       [4.1862583e-04, 5.2984413e-30, 9.9958140e-01],
       [2.7122068e-01, 1.3896209e-04, 7.2864038e-01]], dtype=float32), array([[4.6853209e-01, 7.9526391e-05, 5.3138834e-01],
       [2.7798185e-01, 7.2095893e-30, 7.2201818e-01],
       [4.7147611e-01, 1.8326957e-04, 5.2834064e-01]], dtype=float32), array([[1.4562845e-01, 1.8821295e-07, 8.5437131e-01],
       [4.2052209e-04, 5.6463508e-30, 9.9957949e-01],
       [2.7170160e-01, 1.4227319e-04, 7.2815609e-01]], dtype=float32), array([[1.6770767e-01, 4.2949068e-07, 8.3229184e-01],
       [6.1234797e-04, 9.2446985e-30, 9.9938762e-01],
       [2.9292914e-01, 2.4670421e-04, 7.0682412e-01]], dtype=float32), array([[4.42430586e-01, 2.78432617e-05, 5.57541490e-01],
       [1.71229616e-01, 3.85236356e-30, 8.28770339e-01],
       [4.50343847e-01, 1.08853535e-04, 5.49547315e-01]], dtype=float32), array([[1.4561220e-01, 1.8014693e-07, 8.5438758e-01],
       [4.0467011e-04, 3.3518945e-30, 9.9959534e-01],
       [2.7217576e-01, 1.4175700e-04, 7.2768241e-01]], dtype=float32), array([[1.20383434e-01, 4.15347444e-07, 8.79616141e-01],
       [1.20631237e-04, 2.00064971e-29, 9.99879360e-01],
       [2.93556243e-01, 1.14893960e-03, 7.05294847e-01]], dtype=float32), array([[1.4501294e-01, 1.6188406e-07, 8.5498691e-01],
       [3.8112074e-04, 1.4874859e-30, 9.9961889e-01],
       [2.7189016e-01, 1.3502360e-04, 7.2797483e-01]], dtype=float32), array([[4.4240505e-01, 2.4798717e-05, 5.5757016e-01],
       [1.6865802e-01, 8.2237773e-31, 8.3134198e-01],
       [4.5033699e-01, 9.8727789e-05, 5.4956430e-01]], dtype=float32), array([[4.4235861e-01, 2.4535102e-05, 5.5761683e-01],
       [1.6833988e-01, 7.3237680e-31, 8.3166009e-01],
       [4.5030069e-01, 9.7884382e-05, 5.4960138e-01]], dtype=float32), array([[1.0647225e-06, 9.9999416e-01, 4.7883896e-06],
       [9.9689674e-01, 1.1692485e-23, 3.1032604e-03],
       [1.5311023e-03, 9.9536055e-01, 3.1083073e-03]], dtype=float32), array([[4.5569900e-01, 3.0929226e-05, 5.4427010e-01],
       [2.2140837e-01, 6.8251741e-31, 7.7859157e-01],
       [4.6063155e-01, 9.2050010e-05, 5.3927642e-01]], dtype=float32), array([[4.4038126e-01, 2.1506972e-05, 5.5959725e-01],
       [1.6326348e-01, 6.3970553e-31, 8.3673650e-01],
       [4.4866148e-01, 8.8373425e-05, 5.5125022e-01]], dtype=float32), array([[1.4700481e-01, 2.1190363e-07, 8.5299504e-01],
       [3.4926523e-04, 1.2633781e-30, 9.9965072e-01],
       [2.7930608e-01, 1.9859390e-04, 7.2049528e-01]], dtype=float32), array([[1.37206897e-01, 1.11569008e-07, 8.62792969e-01],
       [3.16272548e-04, 6.44966808e-31, 9.99683738e-01],
       [2.64395684e-01, 1.08066604e-04, 7.35496223e-01]], dtype=float32), array([[1.3625938e-01, 1.0816042e-07, 8.6374050e-01],
       [3.1207592e-04, 6.7599962e-31, 9.9968791e-01],
       [2.6339203e-01, 1.0565543e-04, 7.3650229e-01]], dtype=float32), array([[4.3820384e-01, 1.8335339e-05, 5.6177783e-01],
       [1.5846092e-01, 5.9072052e-31, 8.4153908e-01],
       [4.4681701e-01, 7.7447272e-05, 5.5310553e-01]], dtype=float32), array([[4.3792573e-01, 1.8170187e-05, 5.6205612e-01],
       [1.5779984e-01, 6.1831882e-31, 8.4220010e-01],
       [4.4659343e-01, 7.7054930e-05, 5.5332953e-01]], dtype=float32), array([[1.4286461e-01, 1.8298552e-07, 8.5713518e-01],
       [3.2971927e-04, 1.4196152e-30, 9.9967027e-01],
       [2.7490422e-01, 1.7793468e-04, 7.2491777e-01]], dtype=float32), array([[4.5194656e-01, 3.9965140e-05, 5.4801351e-01],
       [1.9992204e-01, 1.3666493e-30, 8.0007797e-01],
       [4.5801771e-01, 1.3367286e-04, 5.4184854e-01]], dtype=float32), array([[1.5464073e-01, 2.4388092e-07, 8.4535897e-01],
       [4.5036836e-04, 2.1648227e-30, 9.9954957e-01],
       [2.8186503e-01, 1.8047375e-04, 7.1795446e-01]], dtype=float32), array([[8.1182651e-07, 9.9999523e-01, 3.8836338e-06],
       [9.9688667e-01, 3.5565037e-23, 3.1133506e-03],
       [1.2387440e-03, 9.9614751e-01, 2.6136748e-03]], dtype=float32), array([[4.5160818e-01, 4.2336240e-05, 5.4834950e-01],
       [1.9923177e-01, 2.6930965e-30, 8.0076826e-01],
       [4.5777330e-01, 1.4205425e-04, 5.4208457e-01]], dtype=float32), array([[1.4432697e-01, 2.1393753e-07, 8.5567278e-01],
       [3.5906114e-04, 3.7854932e-30, 9.9964094e-01],
       [2.7601638e-01, 1.9212713e-04, 7.2379148e-01]], dtype=float32), array([[1.3684918e-01, 1.2718377e-07, 8.6315072e-01],
       [3.4112262e-04, 2.4429114e-30, 9.9965882e-01],
       [2.6356673e-01, 1.1380914e-04, 7.3631948e-01]], dtype=float32), array([[4.3687692e-01, 2.0316073e-05, 5.6310272e-01],
       [1.5592408e-01, 2.3121671e-30, 8.4407592e-01],
       [4.4584906e-01, 8.7077802e-05, 5.5406380e-01]], dtype=float32), array([[1.3767987e-01, 1.3366518e-07, 8.6232007e-01],
       [3.5004894e-04, 2.9264120e-30, 9.9965000e-01],
       [2.6433834e-01, 1.1701155e-04, 7.3554456e-01]], dtype=float32), array([[4.3694407e-01, 2.1206630e-05, 5.6303477e-01],
       [1.5643924e-01, 3.3453960e-30, 8.4356076e-01],
       [4.4592139e-01, 9.0566078e-05, 5.5398804e-01]], dtype=float32)]",1,0,0,0,0,0,54.51136363636363,55.602272727272734,2000,0.00016304554340175305,0.0003726162480842741,6.82,6.82,2000,88000,88000,0.35703875759240866,104968,93000,61938,4092000,2725272,0,1028.1509151110758,6087655.62384193,6393379.98431732,1.0329164723543727e-07,0.2043451964855194,-0.05309261381626129,0.0,0.0013802934991,81158,0.4722185432910919,0.00010448694229125977,30969,632.0878295898438,0.29583218693733215,1362636,999.0,0.032554011791944504,44.0,1.0,342.37418050711744,0.0,0.0,1362636,999.0,1.0,44.0,0.0013802934991,0.0393447157605,30969,23810,342.3740425481214,1.0067001111073661,0.19018151858202473,50,88100,100,2,2.0,10.5,6.183181298580946e-05,0.00014857159851314793,44.0,-10.5,8.48,0.002117229669674998,2200,1.0067001111073661,0.0002962676844285066,2,8.48,0.0002250305521286007,100,0.0005147694472312759,8.48,4400,4400,100,2.036236757329509e-05,7.052541060913717e-06,4.5125717381784746e-05,7.599789376629109e-06,3.397166751680346e-05,0.0001579704726346436,2.9322332529040915e-05,2.9381859148112708e-05,1.642786959468774e-05,2.2101159181466986e-05,5.019822237859199e-05,0.058060942352544095,0.007081325792357239,0.060044252377655365,0.1770099691292387,0.0326042495294288,0.021097463911129925,0.00018349344768250284,0.21335355937480927,-0.07194340229034424,1.0,0.4722185730934143,-0.051892638206481934,108066,89.64411926269531,0.025057872757315636,0.28098515,4754904,498.0,1321.0,1364.0,108066,0.0,4754904,498.0,1364.0,1321.0,651000,216132,28644000,9509808,9784.448878161722,4.763288311292885e-05,6.0250358823776736e-05,8.85926645921457e-06,1.0060307189128693e-05,2.7093652278689374e-05,0.0002106192227326379,4.141432098068321e-05,3.0130673367166477e-05,7.090525895794546e-05,4.128028306933004e-05,2.3551751098575502e-05
1,90000,False,45,d2a96_00000,2025-08-17_21-39-21,1755466761,92.26318383216858,4199.914489030838,686047,intrinsic-attention2,10.156.0.3,4199.914489030838,45,93.1345675146068,1.4704341249992294e-05,93.13425550400005,2.8025371908473793,89.96441391705137,0.002183825179204775,44.0,-10.5,1.0067001111073661,2.7687836249122175,9.05,0.0016319233394460752,0.0002549519995227456,2,2.0,10.5,1000,90000,45000,4.935774235477647e-05,0.00010420019278147404,2000,2,1.0067001111073661,261.9795866441489,2000.0,3000.0,"[array([-0.8023679, -0.8023679, -0.8023679], dtype=float32), array([-0.79552996, -0.79552996, -0.79552996], dtype=float32), array([-0.78769404, -0.78769404, -0.78769404], dtype=float32), array([-0.7812262, -0.7812262, -0.7812262], dtype=float32), array([-0.7743082, -0.7743082, -0.7743082], dtype=float32), array([-0.7552547, -0.7552547, -0.7552547], dtype=float32), array([-0.73784417, -0.73784417, -0.73784417], dtype=float32), array([-0.72042435, -0.72042435, -0.72042435], dtype=float32), array([-0.70276326, -0.70276326, -0.70276326], dtype=float32), array([-0.6877607, -0.6877607, -0.6877607], dtype=float32), array([-0.6737912, -0.6737912, -0.6737912], dtype=float32), array([-0.6594731, -0.6594731, -0.6594731], dtype=float32), array([-0.6473818, -0.6473818, -0.6473818], dtype=float32), array([-0.62763983, -0.62763983, -0.62763983], dtype=float32), array([-0.60872275, -0.60872275, -0.60872275], dtype=float32), array([-0.590879, -0.590879, -0.590879], dtype=float32), array([-0.57400554, -0.57400554, -0.57400554], dtype=float32), array([-0.55818707, -0.55818707, -0.55818707], dtype=float32), array([-0.5415959, -0.5415959, -0.5415959], dtype=float32), array([-0.51197094, -0.51197094, -0.51197094], dtype=float32), array([-0.48486474, -0.48486474, -0.48486474], dtype=float32), array([-0.46083152, -0.46083152, -0.46083152], dtype=float32), array([-0.43795907, -0.43795907, -0.43795907], dtype=float32), array([-0.4155741, -0.4155741, -0.4155741], dtype=float32), array([-0.3955284, -0.3955284, -0.3955284], dtype=float32), array([-0.37559178, -0.37559178, -0.37559178], dtype=float32), array([-0.34435764, -0.34435764, -0.34435764], dtype=float32), array([-0.31664756, -0.31664756, -0.31664756], dtype=float32), array([-0.29212806, -0.29212806, -0.29212806], dtype=float32), array([-0.269566, -0.269566, -0.269566], dtype=float32), array([-0.24684095, -0.24684095, -0.24684095], dtype=float32)]","[array([-0.80236787, -0.80236787, -0.80236787], dtype=float32), array([-0.79552984, -0.79552984, -0.79552984], dtype=float32), array([-0.78769404, -0.78769404, -0.78769404], dtype=float32), array([-0.78122634, -0.78122634, -0.78122634], dtype=float32), array([-0.7743082, -0.7743082, -0.7743082], dtype=float32), array([-0.7552545, -0.7552545, -0.7552545], dtype=float32), array([-0.7378441, -0.7378441, -0.7378441], dtype=float32), array([-0.7204242, -0.7204242, -0.7204242], dtype=float32), array([-0.70276326, -0.70276326, -0.70276326], dtype=float32), array([-0.6877608, -0.6877608, -0.6877608], dtype=float32), array([-0.67379135, -0.67379135, -0.67379135], dtype=float32), array([-0.6594731, -0.6594731, -0.6594731], dtype=float32), array([-0.6473818, -0.6473818, -0.6473818], dtype=float32), array([-0.62763983, -0.62763983, -0.62763983], dtype=float32), array([-0.60872275, -0.60872275, -0.60872275], dtype=float32), array([-0.5908791, -0.5908791, -0.5908791], dtype=float32), array([-0.57400554, -0.57400554, -0.57400554], dtype=float32), array([-0.5581871, -0.5581871, -0.5581871], dtype=float32), array([-0.5415959, -0.5415959, -0.5415959], dtype=float32), array([-0.5119709, -0.5119709, -0.5119709], dtype=float32), array([-0.48486477, -0.48486477, -0.48486477], dtype=float32), array([-0.46083143, -0.46083143, -0.46083143], dtype=float32), array([-0.437959, -0.437959, -0.437959], dtype=float32), array([-0.41557416, -0.41557416, -0.41557416], dtype=float32), array([-0.39552844, -0.39552844, -0.39552844], dtype=float32), array([-0.3755918, -0.3755918, -0.3755918], dtype=float32), array([-0.34435773, -0.34435773, -0.34435773], dtype=float32), array([-0.31664756, -0.31664756, -0.31664756], dtype=float32), array([-0.29212806, -0.29212806, -0.29212806], dtype=float32), array([-0.26956597, -0.26956597, -0.26956597], dtype=float32), array([-0.2468409, -0.2468409, -0.2468409], dtype=float32)]","[array([[1.4652474e-01, 2.5131271e-07, 8.5347503e-01],
       [3.9359211e-04, 8.7713350e-30, 9.9960643e-01],
       [2.7773589e-01, 2.0770078e-04, 7.2205639e-01]], dtype=float32), array([[4.5173284e-01, 4.7579335e-05, 5.4821956e-01],
       [2.0090225e-01, 8.6173027e-30, 7.9909778e-01],
       [4.5790365e-01, 1.5807131e-04, 5.4193825e-01]], dtype=float32), array([[4.0154576e-01, 6.7333705e-05, 5.9838688e-01],
       [5.4677080e-02, 5.8006019e-29, 9.4532287e-01],
       [4.2851835e-01, 8.3367137e-04, 5.7064795e-01]], dtype=float32), array([[1.4709611e-01, 2.6867710e-07, 8.5290360e-01],
       [4.1016526e-04, 1.4158190e-29, 9.9958986e-01],
       [2.7801982e-01, 2.1343694e-04, 7.2176671e-01]], dtype=float32), array([[1.4705725e-01, 2.7140402e-07, 8.5294247e-01],
       [4.1317649e-04, 1.5940672e-29, 9.9958688e-01],
       [2.7790871e-01, 2.1393575e-04, 7.2187734e-01]], dtype=float32), array([[1.2888202e-01, 1.3526115e-07, 8.7111783e-01],
       [3.0331098e-04, 1.3680879e-29, 9.9969673e-01],
       [2.5885078e-01, 1.3247228e-04, 7.4101675e-01]], dtype=float32), array([[4.6215388e-01, 6.7908040e-05, 5.3777814e-01],
       [2.4858408e-01, 2.6223104e-29, 7.5141597e-01],
       [4.6617949e-01, 1.7794178e-04, 5.3364265e-01]], dtype=float32), array([[1.4135696e-01, 1.9069350e-07, 8.5864282e-01],
       [4.2954777e-04, 2.5632367e-29, 9.9957043e-01],
       [2.6691994e-01, 1.3794530e-04, 7.3294216e-01]], dtype=float32), array([[4.4822302e-01, 3.1419375e-05, 5.5174553e-01],
       [1.9872712e-01, 2.6530871e-29, 8.0127293e-01],
       [4.5457232e-01, 1.0437212e-04, 5.4532331e-01]], dtype=float32), array([[1.4224395e-01, 2.0404167e-07, 8.5775590e-01],
       [4.5107343e-04, 3.9979880e-29, 9.9954885e-01],
       [2.6733613e-01, 1.4091888e-04, 7.3252296e-01]], dtype=float32), array([[4.6292004e-01, 8.3064515e-05, 5.3699684e-01],
       [2.5146240e-01, 7.4387004e-29, 7.4853760e-01],
       [4.6689260e-01, 2.1498166e-04, 5.3289247e-01]], dtype=float32), array([[4.4854894e-01, 3.2759424e-05, 5.5141824e-01],
       [2.0104085e-01, 4.5787396e-29, 7.9895920e-01],
       [4.5481434e-01, 1.0738145e-04, 5.4507822e-01]], dtype=float32), array([[1.4403863e-01, 2.2522904e-07, 8.5596108e-01],
       [4.8352749e-04, 6.5267509e-29, 9.9951649e-01],
       [2.6849994e-01, 1.4604353e-04, 7.3135412e-01]], dtype=float32), array([[4.6402031e-01, 9.4131043e-05, 5.3588551e-01],
       [2.5603658e-01, 1.1286861e-28, 7.4396336e-01],
       [4.6784043e-01, 2.3878555e-04, 5.3192079e-01]], dtype=float32), array([[4.4897145e-01, 3.2835658e-05, 5.5099571e-01],
       [2.0311292e-01, 4.9914028e-29, 7.9688710e-01],
       [4.5512760e-01, 1.0641187e-04, 5.4476595e-01]], dtype=float32), array([[4.6430957e-01, 9.7594857e-05, 5.3559291e-01],
       [2.5670680e-01, 1.0850816e-28, 7.4329323e-01],
       [4.6810240e-01, 2.4697676e-04, 5.3165060e-01]], dtype=float32), array([[4.49124813e-01, 3.22527485e-05, 5.50842881e-01],
       [2.03787044e-01, 4.43914304e-29, 7.96212912e-01],
       [4.55232799e-01, 1.04141815e-04, 5.44663072e-01]], dtype=float32), array([[1.3207880e-01, 1.6789316e-07, 8.6792105e-01],
       [3.5991246e-04, 5.3104310e-29, 9.9964011e-01],
       [2.6031488e-01, 1.3986147e-04, 7.3954523e-01]], dtype=float32), array([[1.5755202e-01, 5.2714029e-07, 8.4244746e-01],
       [5.3096563e-04, 1.2563356e-28, 9.9946910e-01],
       [2.8960744e-01, 3.4111162e-04, 7.1005142e-01]], dtype=float32), array([[4.5492435e-01, 8.3233077e-05, 5.4499245e-01],
       [2.1055570e-01, 9.5181673e-29, 7.8944427e-01],
       [4.6078506e-01, 2.6385102e-04, 5.3895104e-01]], dtype=float32), array([[1.3305518e-01, 1.7045495e-07, 8.6694467e-01],
       [3.6211783e-04, 4.4544554e-29, 9.9963784e-01],
       [2.6137781e-01, 1.4186619e-04, 7.3848033e-01]], dtype=float32), array([[4.5630980e-01, 8.8174238e-05, 5.4360205e-01],
       [2.1563981e-01, 8.6543744e-29, 7.8436017e-01],
       [4.6189803e-01, 2.7251683e-04, 5.3782946e-01]], dtype=float32), array([[4.6799380e-01, 1.1479260e-04, 5.3189147e-01],
       [2.7333945e-01, 7.1675030e-29, 7.2666055e-01],
       [4.7117868e-01, 2.7033727e-04, 5.2855098e-01]], dtype=float32), array([[4.5261645e-01, 3.4253218e-05, 5.4734927e-01],
       [2.1627344e-01, 2.6027821e-29, 7.8372657e-01],
       [4.5803550e-01, 1.0387152e-04, 5.4186064e-01]], dtype=float32), array([[1.3369992e-01, 1.6546980e-07, 8.6629987e-01],
       [3.5638676e-04, 2.8411132e-29, 9.9964356e-01],
       [2.6213881e-01, 1.4044451e-04, 7.3772079e-01]], dtype=float32), array([[4.40554291e-01, 2.68158583e-05, 5.59418976e-01],
       [1.70492336e-01, 2.03837326e-29, 8.29507589e-01],
       [4.48681474e-01, 1.04642306e-04, 5.51213861e-01]], dtype=float32), array([[4.5905629e-01, 9.9016084e-05, 5.4084468e-01],
       [2.2577482e-01, 6.2904760e-29, 7.7422518e-01],
       [4.6412355e-01, 2.9137920e-04, 5.3558505e-01]], dtype=float32), array([[1.6435319e-01, 6.5045924e-07, 8.3564615e-01],
       [5.7823089e-04, 9.8869907e-29, 9.9942183e-01],
       [2.9633883e-01, 3.9868889e-04, 7.0326251e-01]], dtype=float32), array([[4.5980701e-01, 1.0848542e-04, 5.4008448e-01],
       [2.2871323e-01, 9.1015194e-29, 7.7128685e-01],
       [4.6476188e-01, 3.1482219e-04, 5.3492326e-01]], dtype=float32), array([[1.3568270e-01, 1.8308053e-07, 8.6431712e-01],
       [3.8475671e-04, 4.5706443e-29, 9.9961519e-01],
       [2.6340392e-01, 1.4495642e-04, 7.3645109e-01]], dtype=float32), array([[1.3611594e-01, 1.8881960e-07, 8.6388391e-01],
       [3.9458356e-04, 5.6531172e-29, 9.9960548e-01],
       [2.6355574e-01, 1.4593298e-04, 7.3629832e-01]], dtype=float32)]",1,0,0,0,0,0,54.685496183206105,55.60610687022902,2000,0.00016871459917764715,0.0003829629206252423,9.05,9.05,2000,90000,90000,0.3568450289365086,104968,93000,61938,4185000,2787210,0,1028.2040161009393,6079784.240053429,6393916.079676259,5.1645823617718634e-08,0.17946258187294006,-0.03394322097301483,0.0,0.0013802934991,81158,0.4722185432910919,0.0015383362770080566,30969,668.5922241210938,0.31501591205596924,1393605,999.0,0.00414531072601676,45.0,1.0,342.3918654217328,0.0,0.0,1393605,999.0,1.0,45.0,0.0013802934991,0.0393447157605,30969,23810,342.39172858166773,1.0067001111073661,0.19000509445608554,50,90100,100,2,2.0,10.5,5.895505555959784e-05,0.00013775974427270398,45.0,-10.5,9.48,0.0021953822895011397,2250,1.0067001111073661,0.00029508128769864875,2,9.48,0.00021127347956488525,100,0.0004850798865907342,9.48,4500,4500,100,2.1105294438378235e-05,7.417436553221286e-06,4.653839565409206e-05,7.808900702223064e-06,3.5111050313371155e-05,0.00016226798740604932,2.9837688958075773e-05,3.0133819191606853e-05,1.6890343745405454e-05,2.2799637792107095e-05,5.161675410245767e-05,0.05801924118893268,0.007074074524388572,0.05998483566382248,0.17699646926791507,0.032575862644182024,0.02105174741205989,0.00018347748310965726,0.1867053210735321,-0.04009326174855232,1.0,0.4722185730934143,-0.017501473426818848,108066,91.17547607421875,0.005073860753327608,0.30966908,4862970,498.0,1351.0,1395.0,108066,0.0,4862970,498.0,1395.0,1351.0,651000,216132,29295000,9725940,9763.654153026991,4.447885439050979e-05,5.7047645670035935e-05,8.324476758374052e-06,9.834161876180584e-06,2.568971235989708e-05,0.00019966897834208347,3.920252526509291e-05,2.846960112002809e-05,6.551961505497693e-05,3.907812084507957e-05,2.221488494257198e-05
1,92000,False,46,d2a96_00000,2025-08-17_21-40-54,1755466854,92.0226800441742,4291.937169075012,686047,intrinsic-attention2,10.156.0.3,4291.937169075012,46,93.12202563860075,1.4704107890175947e-05,93.12171263353001,2.803504178978898,89.9511241973008,0.002181788427433276,45.0,-10.5,1.0067001111073661,2.7697767796630965,9.37,0.0017834603798110038,0.0002549519995227456,2,2.0,10.5,1000,92000,46000,5.183013615367875e-05,0.00011524941365484487,2000,2,1.0067001111073661,253.52645787680217,2000.0,3000.0,"[array([-0.22587436, -0.22587436, -0.22587436], dtype=float32), array([-0.20645665, -0.20645665, -0.20645665], dtype=float32), array([-0.18896659, -0.18896659, -0.18896659], dtype=float32), array([-0.17241399, -0.17241399, -0.17241399], dtype=float32), array([-0.15659055, -0.15659055, -0.15659055], dtype=float32), array([-0.14232315, -0.14232315, -0.14232315], dtype=float32), array([-0.12853144, -0.12853144, -0.12853144], dtype=float32), array([-0.11629604, -0.11629604, -0.11629604], dtype=float32), array([-0.10339866, -0.10339866, -0.10339866], dtype=float32), array([-0.09334704, -0.09334704, -0.09334704], dtype=float32), array([-0.08530427, -0.08530427, -0.08530427], dtype=float32), array([-0.07628721, -0.07628721, -0.07628721], dtype=float32), array([-0.06844068, -0.06844068, -0.06844068], dtype=float32), array([-0.06045507, -0.06045507, -0.06045507], dtype=float32), array([-0.05405705, -0.05405705, -0.05405705], dtype=float32), array([-0.04725468, -0.04725468, -0.04725468], dtype=float32), array([-0.03914326, -0.03914326, -0.03914326], dtype=float32), array([-0.03143016, -0.03143016, -0.03143016], dtype=float32), array([-0.02572069, -0.02572069, -0.02572069], dtype=float32), array([-0.01908844, -0.01908844, -0.01908844], dtype=float32), array([-0.01369389, -0.01369389, -0.01369389], dtype=float32), array([-0.00860225, -0.00860225, -0.00860225], dtype=float32), array([-0.00325097, -0.00325097, -0.00325097], dtype=float32), array([0.00102378, 0.00102378, 0.00102378], dtype=float32), array([0.00599722, 0.00599722, 0.00599722], dtype=float32), array([0.01126701, 0.01126701, 0.01126701], dtype=float32), array([0.01634282, 0.01634282, 0.01634282], dtype=float32), array([0.02153451, 0.02153451, 0.02153451], dtype=float32), array([0.02691707, 0.02691707, 0.02691707], dtype=float32), array([0.0338338, 0.0338338, 0.0338338], dtype=float32), array([0.0382835, 0.0382835, 0.0382835], dtype=float32)]","[array([-0.2258743, -0.2258743, -0.2258743], dtype=float32), array([-0.2064566, -0.2064566, -0.2064566], dtype=float32), array([-0.18896662, -0.18896662, -0.18896662], dtype=float32), array([-0.172414, -0.172414, -0.172414], dtype=float32), array([-0.15659058, -0.15659058, -0.15659058], dtype=float32), array([-0.14232314, -0.14232314, -0.14232314], dtype=float32), array([-0.1285314, -0.1285314, -0.1285314], dtype=float32), array([-0.11629604, -0.11629604, -0.11629604], dtype=float32), array([-0.10339866, -0.10339866, -0.10339866], dtype=float32), array([-0.09334702, -0.09334702, -0.09334702], dtype=float32), array([-0.08530427, -0.08530427, -0.08530427], dtype=float32), array([-0.07628721, -0.07628721, -0.07628721], dtype=float32), array([-0.06844068, -0.06844068, -0.06844068], dtype=float32), array([-0.06045506, -0.06045506, -0.06045506], dtype=float32), array([-0.05405705, -0.05405705, -0.05405705], dtype=float32), array([-0.04725468, -0.04725468, -0.04725468], dtype=float32), array([-0.03914326, -0.03914326, -0.03914326], dtype=float32), array([-0.03143016, -0.03143016, -0.03143016], dtype=float32), array([-0.0257207, -0.0257207, -0.0257207], dtype=float32), array([-0.01908844, -0.01908844, -0.01908844], dtype=float32), array([-0.01369389, -0.01369389, -0.01369389], dtype=float32), array([-0.00860225, -0.00860225, -0.00860225], dtype=float32), array([-0.00325097, -0.00325097, -0.00325097], dtype=float32), array([0.00102378, 0.00102378, 0.00102378], dtype=float32), array([0.00599722, 0.00599722, 0.00599722], dtype=float32), array([0.01126701, 0.01126701, 0.01126701], dtype=float32), array([0.01634283, 0.01634283, 0.01634283], dtype=float32), array([0.02153452, 0.02153452, 0.02153452], dtype=float32), array([0.02691706, 0.02691706, 0.02691706], dtype=float32), array([0.0338338, 0.0338338, 0.0338338], dtype=float32), array([0.0382835, 0.0382835, 0.0382835], dtype=float32)]","[array([[1.6832709e-01, 8.1937253e-07, 8.3167207e-01],
       [6.4227130e-04, 2.3193016e-28, 9.9935776e-01],
       [3.0006835e-01, 4.5999361e-04, 6.9947171e-01]], dtype=float32), array([[4.7183010e-01, 1.6403073e-04, 5.2800590e-01],
       [2.9256502e-01, 2.0725065e-28, 7.0743501e-01],
       [4.7445107e-01, 3.5640376e-04, 5.2519250e-01]], dtype=float32), array([[4.4145659e-01, 2.9960056e-05, 5.5851346e-01],
       [1.7641069e-01, 8.6791570e-29, 8.2358932e-01],
       [4.4932258e-01, 1.1252600e-04, 5.5056489e-01]], dtype=float32), array([[4.41564292e-01, 3.02554581e-05, 5.58405459e-01],
       [1.77096069e-01, 1.00023743e-28, 8.22903931e-01],
       [4.49397802e-01, 1.13142538e-04, 5.50489068e-01]], dtype=float32), array([[2.4163380e-06, 9.9998915e-01, 8.4544308e-06],
       [9.8904115e-01, 6.3433957e-21, 1.0958785e-02],
       [7.6128432e-04, 9.9771309e-01, 1.5255883e-03]], dtype=float32), array([[1.5124634e-01, 2.7969378e-07, 8.4875333e-01],
       [6.0245115e-04, 1.3738966e-28, 9.9939752e-01],
       [2.7255237e-01, 1.4899363e-04, 7.2729856e-01]], dtype=float32), array([[1.3829595e-01, 2.1948573e-07, 8.6170387e-01],
       [4.4526975e-04, 1.5430009e-28, 9.9955469e-01],
       [2.6440656e-01, 1.5118324e-04, 7.3544216e-01]], dtype=float32), array([[4.6095762e-01, 1.4288849e-04, 5.3889954e-01],
       [2.3352127e-01, 4.7279312e-28, 7.6647872e-01],
       [4.6579835e-01, 4.0537858e-04, 5.3379625e-01]], dtype=float32), array([[4.5491421e-01, 3.8516024e-05, 5.4504722e-01],
       [2.2953185e-01, 1.2025750e-28, 7.7046818e-01],
       [4.5981047e-01, 1.0906825e-04, 5.4008049e-01]], dtype=float32), array([[4.7181243e-01, 1.8278330e-04, 5.2800477e-01],
       [2.9185206e-01, 3.8765195e-28, 7.0814794e-01],
       [4.7447276e-01, 3.9853962e-04, 5.2512872e-01]], dtype=float32), array([[8.8711549e-04, 9.9816066e-01, 9.5229072e-04],
       [6.0533190e-01, 2.3608451e-19, 3.9466819e-01],
       [1.4588755e-03, 9.9698287e-01, 1.5581965e-03]], dtype=float32), array([[1.5034927e-01, 2.6313762e-07, 8.4965044e-01],
       [6.0263724e-04, 1.3690205e-28, 9.9939740e-01],
       [2.7096349e-01, 1.3916654e-04, 7.2889733e-01]], dtype=float32), array([[4.54619378e-01, 3.63036161e-05, 5.45344293e-01],
       [2.29228899e-01, 1.12389038e-28, 7.70771086e-01],
       [4.59521294e-01, 1.02858634e-04, 5.40375888e-01]], dtype=float32), array([[4.7101158e-01, 1.8364550e-04, 5.2880478e-01],
       [2.8719670e-01, 4.8111126e-28, 7.1280324e-01],
       [4.7381985e-01, 4.0840270e-04, 5.2577180e-01]], dtype=float32), array([[1.5953262e-01, 1.4056802e-06, 8.4046590e-01],
       [4.5063722e-04, 1.6475281e-27, 9.9954933e-01],
       [3.0987754e-01, 1.1495657e-03, 6.8897295e-01]], dtype=float32), array([[4.4238660e-01, 2.8789194e-05, 5.5758458e-01],
       [1.8314920e-01, 1.6422236e-28, 8.1685078e-01],
       [4.4984931e-01, 1.0359140e-04, 5.5004710e-01]], dtype=float32), array([[1.8503441e-01, 1.3781857e-06, 8.1496423e-01],
       [9.6020551e-04, 8.9756636e-28, 9.9903971e-01],
       [3.1062210e-01, 5.4653757e-04, 6.8883139e-01]], dtype=float32), array([[1.7323376e-01, 1.1376836e-06, 8.2676506e-01],
       [7.4894982e-04, 1.0274035e-27, 9.9925107e-01],
       [3.0450848e-01, 5.5906235e-04, 6.9493246e-01]], dtype=float32), array([[4.54086632e-01, 3.70666385e-05, 5.45876265e-01],
       [2.28651151e-01, 2.28229054e-28, 7.71348894e-01],
       [4.59062278e-01, 1.05157036e-04, 5.40832579e-01]], dtype=float32), array([[4.7041556e-01, 1.9827542e-04, 5.2938616e-01],
       [2.8428018e-01, 1.1642717e-27, 7.1571976e-01],
       [4.7334701e-01, 4.4634621e-04, 5.2620661e-01]], dtype=float32), array([[4.4304246e-01, 3.2039508e-05, 5.5692548e-01],
       [1.8645111e-01, 4.0209794e-28, 8.1354892e-01],
       [4.5038578e-01, 1.1305567e-04, 5.4950118e-01]], dtype=float32), array([[4.4315010e-01, 3.2984775e-05, 5.5681700e-01],
       [1.8715502e-01, 5.2413476e-28, 8.1284499e-01],
       [4.5047614e-01, 1.1589898e-04, 5.4940802e-01]], dtype=float32), array([[2.4898825e-06, 9.9998713e-01, 1.0375293e-05],
       [9.9413091e-01, 7.0172034e-21, 5.8690738e-03],
       [1.7481700e-03, 9.9472553e-01, 3.5263002e-03]], dtype=float32), array([[1.7759496e-01, 1.4945182e-06, 8.2240349e-01],
       [8.6884364e-04, 4.0215698e-27, 9.9913114e-01],
       [3.0782411e-01, 6.4327888e-04, 6.9153267e-01]], dtype=float32), array([[1.8996298e-01, 1.9044927e-06, 8.1003505e-01],
       [1.1360868e-03, 4.8825155e-27, 9.9886394e-01],
       [3.1436363e-01, 6.4983411e-04, 6.8498653e-01]], dtype=float32), array([[1.4453119e-01, 3.1483680e-07, 8.5546851e-01],
       [5.9426349e-04, 1.3290547e-27, 9.9940574e-01],
       [2.6740405e-01, 1.6550560e-04, 7.3243046e-01]], dtype=float32), array([[4.35241908e-01, 1.96978261e-04, 5.64561129e-01],
       [1.24796391e-01, 1.13925574e-26, 8.75203609e-01],
       [4.48896825e-01, 1.09840033e-03, 5.50004780e-01]], dtype=float32), array([[4.5476344e-01, 4.4903234e-05, 5.4519159e-01],
       [2.3328134e-01, 1.2255840e-27, 7.6671863e-01],
       [4.5964825e-01, 1.2442582e-04, 5.4022735e-01]], dtype=float32), array([[1.7991878e-01, 1.6952653e-06, 8.2007951e-01],
       [9.3368202e-04, 7.2259474e-27, 9.9906629e-01],
       [3.0951452e-01, 6.8463257e-04, 6.8980092e-01]], dtype=float32), array([[4.5490530e-01, 4.6333593e-05, 5.4504842e-01],
       [2.3393001e-01, 1.4955011e-27, 7.6607001e-01],
       [4.5977533e-01, 1.2799402e-04, 5.4009664e-01]], dtype=float32), array([[1.8051755e-01, 1.7632746e-06, 8.1948066e-01],
       [9.5654128e-04, 9.1154126e-27, 9.9904341e-01],
       [3.0987963e-01, 6.9639413e-04, 6.8942404e-01]], dtype=float32)]",1,0,0,0,0,0,54.50454545454546,55.63863636363636,2000,0.00017978624546050948,0.00041251961025258823,9.37,9.37,2000,92000,92000,0.3566396188671359,104968,93000,61938,4278000,2849148,0,1028.0666759397095,6087230.835262593,6401501.878741193,5.1645823617718634e-08,0.1174788698554039,-0.029187526553869247,0.0,0.0013802934991,81158,0.4722185432910919,-0.0006614923477172852,30969,690.3088989257812,0.3198571503162384,1424574,999.0,0.00907642487436533,46.0,1.0,342.3461349006457,0.0,0.0,1424574,999.0,1.0,46.0,0.0013802934991,0.0393447157605,30969,23810,342.346001352913,1.0067001111073661,0.18937457292158053,50,92100,100,2,2.0,10.5,4.857866580422252e-05,0.00010593977701694649,46.0,9.5,10.08,0.0018382264704268892,2300,1.0067001111073661,0.0002936835949132198,2,10.08,0.00017126235536626112,100,0.00039370108997316904,10.08,4600,4600,100,2.2068904630826157e-05,7.5964758157615005e-06,4.9736350845519e-05,8.089380798103551e-06,3.765530784151984e-05,0.00017318441591907644,3.2620457661157726e-05,3.223064705411188e-05,1.8376458658056747e-05,2.4042219576356796e-05,5.617740138738449e-05,0.058010066997114335,0.007077419409184604,0.05988841150718077,0.17696540960516027,0.03254265433774967,0.021010085228042527,0.00018331921827939495,0.10972381383180618,-0.02161533199250698,1.0,0.4722185730934143,-0.01051938533782959,108066,92.87265014648438,0.007931925356388092,0.32871136,4971036,498.0,1381.0,1426.0,108066,0.0,4971036,498.0,1426.0,1381.0,651000,216132,29946000,9942072,9748.43284896247,3.674010801594676e-05,4.5175377399330605e-05,6.890289622806536e-06,8.15804473818445e-06,2.125810533529443e-05,0.00016424394994663912,3.164995123360762e-05,2.3736160827287978e-05,5.171727070610373e-05,3.179696440986397e-05,1.763430980192272e-05
1,94000,False,47,d2a96_00000,2025-08-17_21-42-24,1755466944,90.23248791694641,4382.169656991959,686047,intrinsic-attention2,10.156.0.3,4382.169656991959,47,93.09134745017478,1.467959684788008e-05,93.09103416122467,2.8019417924191363,89.92228596937777,0.0021792661830994805,46.0,-9.5,1.0067001111073661,2.7682419704464185,9.2,0.001588290090294322,0.0002549519995227456,2,2.0,10.5,1000,94000,47000,4.80893538314044e-05,0.0001018243185901164,2000,2,1.0067001111073661,245.31814172617896,2000.0,3000.0,"[array([0.04254931, 0.04254931, 0.04254931], dtype=float32), array([0.04699643, 0.04699643, 0.04699643], dtype=float32), array([0.05079901, 0.05079901, 0.05079901], dtype=float32), array([0.05419332, 0.05419332, 0.05419332], dtype=float32), array([0.05682611, 0.05682611, 0.05682611], dtype=float32), array([0.05932648, 0.05932648, 0.05932648], dtype=float32), array([0.06153952, 0.06153952, 0.06153952], dtype=float32), array([0.06358164, 0.06358164, 0.06358164], dtype=float32), array([0.06600083, 0.06600083, 0.06600083], dtype=float32), array([0.0679756, 0.0679756, 0.0679756], dtype=float32), array([0.06985765, 0.06985765, 0.06985765], dtype=float32), array([0.07157549, 0.07157549, 0.07157549], dtype=float32), array([0.07324986, 0.07324986, 0.07324986], dtype=float32), array([0.07519525, 0.07519525, 0.07519525], dtype=float32), array([0.07702439, 0.07702439, 0.07702439], dtype=float32), array([0.07872289, 0.07872289, 0.07872289], dtype=float32), array([0.08046003, 0.08046003, 0.08046003], dtype=float32), array([0.08230245, 0.08230245, 0.08230245], dtype=float32), array([0.08416482, 0.08416482, 0.08416482], dtype=float32), array([0.08628405, 0.08628405, 0.08628405], dtype=float32), array([0.0882604, 0.0882604, 0.0882604], dtype=float32), array([0.09010395, 0.09010395, 0.09010395], dtype=float32), array([0.0922012, 0.0922012, 0.0922012], dtype=float32), array([0.09452354, 0.09452354, 0.09452354], dtype=float32), array([0.09609603, 0.09609603, 0.09609603], dtype=float32), array([0.0977868, 0.0977868, 0.0977868], dtype=float32), array([0.09966754, 0.09966754, 0.09966754], dtype=float32), array([0.10174689, 0.10174689, 0.10174689], dtype=float32), array([0.10330936, 0.10330936, 0.10330936], dtype=float32), array([0.10474564, 0.10474564, 0.10474564], dtype=float32), array([0.10616938, 0.10616938, 0.10616938], dtype=float32)]","[array([0.04254931, 0.04254931, 0.04254931], dtype=float32), array([0.04699644, 0.04699644, 0.04699644], dtype=float32), array([0.05079902, 0.05079902, 0.05079902], dtype=float32), array([0.05419333, 0.05419333, 0.05419333], dtype=float32), array([0.0568261, 0.0568261, 0.0568261], dtype=float32), array([0.05932648, 0.05932648, 0.05932648], dtype=float32), array([0.06153952, 0.06153952, 0.06153952], dtype=float32), array([0.06358164, 0.06358164, 0.06358164], dtype=float32), array([0.06600082, 0.06600082, 0.06600082], dtype=float32), array([0.0679756, 0.0679756, 0.0679756], dtype=float32), array([0.06985764, 0.06985764, 0.06985764], dtype=float32), array([0.07157549, 0.07157549, 0.07157549], dtype=float32), array([0.07324986, 0.07324986, 0.07324986], dtype=float32), array([0.07519525, 0.07519525, 0.07519525], dtype=float32), array([0.07702439, 0.07702439, 0.07702439], dtype=float32), array([0.07872289, 0.07872289, 0.07872289], dtype=float32), array([0.08046003, 0.08046003, 0.08046003], dtype=float32), array([0.08230245, 0.08230245, 0.08230245], dtype=float32), array([0.08416481, 0.08416481, 0.08416481], dtype=float32), array([0.08628406, 0.08628406, 0.08628406], dtype=float32), array([0.0882604, 0.0882604, 0.0882604], dtype=float32), array([0.09010395, 0.09010395, 0.09010395], dtype=float32), array([0.09220118, 0.09220118, 0.09220118], dtype=float32), array([0.09452353, 0.09452353, 0.09452353], dtype=float32), array([0.09609601, 0.09609601, 0.09609601], dtype=float32), array([0.09778681, 0.09778681, 0.09778681], dtype=float32), array([0.09966753, 0.09966753, 0.09966753], dtype=float32), array([0.10174691, 0.10174691, 0.10174691], dtype=float32), array([0.10330935, 0.10330935, 0.10330935], dtype=float32), array([0.10474564, 0.10474564, 0.10474564], dtype=float32), array([0.1061694, 0.1061694, 0.1061694], dtype=float32)]","[array([[1.5756232e-01, 4.4221846e-07, 8.4243727e-01],
       [8.1794220e-04, 2.3672302e-27, 9.9918205e-01],
       [2.7599287e-01, 1.7697776e-04, 7.2383016e-01]], dtype=float32), array([[4.4445279e-01, 3.9789924e-05, 5.5550742e-01],
       [1.9301412e-01, 2.0980018e-27, 8.0698591e-01],
       [4.5155478e-01, 1.3522935e-04, 5.4830998e-01]], dtype=float32), array([[1.5793189e-01, 4.6271219e-07, 8.4206766e-01],
       [8.3568646e-04, 3.1237771e-27, 9.9916434e-01],
       [2.7629963e-01, 1.8152538e-04, 7.2351879e-01]], dtype=float32), array([[1.8103832e-01, 1.8742098e-06, 8.1895983e-01],
       [9.9458406e-04, 1.4732923e-26, 9.9900550e-01],
       [3.1004375e-01, 7.1269652e-04, 6.8924356e-01]], dtype=float32), array([[4.69241083e-01, 2.38989640e-04, 5.30519903e-01],
       [2.79805422e-01, 1.20769905e-26, 7.20194578e-01],
       [4.72412467e-01, 5.47763193e-04, 5.27039766e-01]], dtype=float32), array([[1.9148287e-01, 2.2796994e-06, 8.0851483e-01],
       [1.2516940e-03, 1.7944772e-26, 9.9874830e-01],
       [3.1527671e-01, 7.0931512e-04, 6.8401396e-01]], dtype=float32), array([[4.4420564e-01, 4.1546627e-05, 5.5575287e-01],
       [1.9321947e-01, 3.8279868e-27, 8.0678052e-01],
       [4.5135722e-01, 1.4088971e-04, 5.4850197e-01]], dtype=float32), array([[1.8026285e-01, 1.8758877e-06, 8.1973523e-01],
       [9.9959213e-04, 1.8891174e-26, 9.9900037e-01],
       [3.0923212e-01, 7.0722873e-04, 6.9006068e-01]], dtype=float32), array([[4.6797258e-01, 2.2860857e-04, 5.3179884e-01],
       [2.7338859e-01, 1.3247914e-26, 7.2661138e-01],
       [4.7137469e-01, 5.3855882e-04, 5.2808678e-01]], dtype=float32), array([[1.5721981e-01, 4.7208064e-07, 8.4277970e-01],
       [8.4184774e-04, 4.3845163e-27, 9.9915814e-01],
       [2.7562261e-01, 1.8323868e-04, 7.2419423e-01]], dtype=float32), array([[1.5665731e-01, 4.6066000e-07, 8.4334224e-01],
       [8.3176198e-04, 4.1463912e-27, 9.9916828e-01],
       [2.7510715e-01, 1.8051657e-04, 7.2471231e-01]], dtype=float32), array([[4.59510058e-01, 1.84196339e-04, 5.40305734e-01],
       [2.30733320e-01, 1.28379786e-26, 7.69266605e-01],
       [4.64713782e-01, 5.28194534e-04, 5.34758031e-01]], dtype=float32), array([[4.5920524e-01, 1.8106484e-04, 5.4061371e-01],
       [2.2946060e-01, 1.2424325e-26, 7.7053940e-01],
       [4.6447012e-01, 5.2238529e-04, 5.3500748e-01]], dtype=float32), array([[4.6555641e-01, 2.0609853e-04, 5.3423750e-01],
       [2.6127166e-01, 1.2149805e-26, 7.3872840e-01],
       [4.6941212e-01, 5.1202037e-04, 5.3007585e-01]], dtype=float32), array([[1.1553599e-03, 9.9750584e-01, 1.3387826e-03],
       [7.0819128e-01, 1.5228192e-18, 2.9180869e-01],
       [3.2347438e-03, 9.9310040e-01, 3.6647636e-03]], dtype=float32), array([[4.4316453e-01, 3.6267287e-05, 5.5679923e-01],
       [1.9184509e-01, 3.4234256e-27, 8.0815494e-01],
       [4.5037782e-01, 1.2357693e-04, 5.4949856e-01]], dtype=float32), array([[1.8397944e-01, 1.9004344e-06, 8.1601864e-01],
       [1.1048149e-03, 1.8177130e-26, 9.9889523e-01],
       [3.0989227e-01, 6.5252028e-04, 6.8945521e-01]], dtype=float32), array([[4.4992259e-01, 3.9761402e-05, 5.5003768e-01],
       [2.1752332e-01, 3.2244926e-27, 7.8247672e-01],
       [4.5564240e-01, 1.1848376e-04, 5.4423922e-01]], dtype=float32), array([[4.6298498e-01, 1.8880068e-04, 5.3682619e-01],
       [2.4910423e-01, 1.3257974e-26, 7.5089574e-01],
       [4.6734768e-01, 4.9545924e-04, 5.3215688e-01]], dtype=float32), array([[4.6226120e-01, 1.8404966e-04, 5.3755480e-01],
       [2.4580556e-01, 1.3514314e-26, 7.5419450e-01],
       [4.6676919e-01, 4.9035047e-04, 5.3274047e-01]], dtype=float32), array([[1.5073235e-01, 3.6543841e-07, 8.4926730e-01],
       [7.7079836e-04, 4.0494133e-27, 9.9922919e-01],
       [2.6856896e-01, 1.4981322e-04, 7.3128122e-01]], dtype=float32), array([[4.6076304e-01, 1.7288566e-04, 5.3906399e-01],
       [2.3901026e-01, 1.2605154e-26, 7.6098979e-01],
       [4.6557456e-01, 4.7541197e-04, 5.3394997e-01]], dtype=float32), array([[1.4921007e-01, 3.4096368e-07, 8.5078955e-01],
       [7.5004296e-04, 3.6383467e-27, 9.9924988e-01],
       [2.6696455e-01, 1.4253696e-04, 7.3289293e-01]], dtype=float32), array([[1.4899684e-01, 3.3968678e-07, 8.5100281e-01],
       [7.4863411e-04, 3.7352333e-27, 9.9925131e-01],
       [2.6675358e-01, 1.4212260e-04, 7.3310429e-01]], dtype=float32), array([[1.7286119e-01, 1.4765874e-06, 8.2713735e-01],
       [8.8819541e-04, 1.5952157e-26, 9.9911183e-01],
       [3.0280903e-01, 6.0807378e-04, 6.9658291e-01]], dtype=float32), array([[1.4844212e-01, 3.2907005e-07, 8.5155749e-01],
       [7.3912163e-04, 3.4170485e-27, 9.9926084e-01],
       [2.6616970e-01, 1.3905787e-04, 7.3369122e-01]], dtype=float32), array([[1.4806409e-01, 3.2409238e-07, 8.5193563e-01],
       [7.3528156e-04, 3.4020651e-27, 9.9926466e-01],
       [2.6574954e-01, 1.3739214e-04, 7.3411298e-01]], dtype=float32), array([[1.7726608e-01, 1.5985931e-06, 8.2273239e-01],
       [9.7775552e-04, 1.6457623e-26, 9.9902225e-01],
       [3.0511713e-01, 6.0574699e-04, 6.9427717e-01]], dtype=float32), array([[4.5500019e-01, 1.5124826e-04, 5.4484856e-01],
       [2.1327819e-01, 1.3650471e-26, 7.8672183e-01],
       [4.6113551e-01, 4.7219102e-04, 5.3839225e-01]], dtype=float32), array([[1.7250843e-01, 1.4902008e-06, 8.2749009e-01],
       [8.8690902e-04, 1.7995342e-26, 9.9911302e-01],
       [3.0264997e-01, 6.1398518e-04, 6.9673604e-01]], dtype=float32), array([[4.46455777e-01, 3.28198003e-05, 5.53511381e-01],
       [2.07057625e-01, 3.11192531e-27, 7.92942405e-01],
       [4.52726364e-01, 1.02800586e-04, 5.47170818e-01]], dtype=float32)]",1,0,0,0,0,0,54.50310077519379,55.658139534883716,2000,0.00016543500246820274,0.00037520589520983593,9.2,9.2,2000,94000,94000,0.3563737626885601,104968,93000,61938,4371000,2911086,0,1028.8486572998556,6094799.924208502,6409807.214212643,2.5822911808859317e-08,0.08549357205629349,-0.012096724472939968,0.0,0.0013802934991,81158,0.4722185432910919,1.1920928955078125e-07,30969,706.0719604492188,0.3369921147823334,1455543,999.0,0.0032469488214701414,47.0,1.0,342.6065389955404,0.0,0.0,1455543,999.0,1.0,47.0,0.0013802934991,0.0393447157605,30969,23810,342.6064105104646,1.0067001111073661,0.18909396771242237,50,94100,100,2,2.0,10.5,5.207862794275452e-05,0.0001181016422105271,47.0,-9.5,9.88,0.0017680386097345035,2350,1.0067001111073661,0.00029264906899625226,2,9.88,0.00018531145421721618,100,0.000426786051087459,9.88,4700,4700,100,2.037791514988832e-05,7.258894487023067e-06,4.60816813871832e-05,7.4355011530102055e-06,3.441246014823996e-05,0.0001596443112269593,2.9105444267570164e-05,2.962895338173646e-05,1.6503587414543603e-05,2.2231434560939118e-05,4.994840671687541e-05,0.058001103377280816,0.0070739511151037375,0.05979565788206625,0.17688717511910565,0.032514231304431034,0.02095402750578574,0.00018320210610188166,0.08570653945207596,-0.02706790529191494,1.0,0.4722185730934143,-0.021660566329956055,108066,93.06494903564453,0.004666874650865793,0.3227686,5079102,498.0,1411.0,1457.0,108066,0.0,5079102,498.0,1457.0,1411.0,651000,216132,30597000,10158204,9738.703838094829,3.932273412217545e-05,4.889677956385354e-05,7.433272804421969e-06,8.560710189334052e-06,2.2955728992326133e-05,0.00017754392895304744,3.361244316089251e-05,2.568070868780404e-05,5.691873004425852e-05,3.4278667176218954e-05,1.9222704209788647e-05
1,96000,False,48,d2a96_00000,2025-08-17_21-43-53,1755467033,88.71432518959045,4470.883982181549,686047,intrinsic-attention2,10.156.0.3,4470.883982181549,48,93.04613804037314,1.4658650789947373e-05,93.04582433923242,2.8032538175248956,89.87614979868388,0.0021766699813211116,47.0,-10.5,1.0067001111073661,2.7695886275319843,9.78,0.001632657859881874,0.0002549519995227456,2,2.0,10.5,1000,96000,48000,4.9037562109050466e-05,0.00010550742345328767,2000,2,1.0067001111073661,237.3520440110569,2000.0,3000.0,"[array([0.10778107, 0.10778107, 0.10778107], dtype=float32), array([0.10913297, 0.10913297, 0.10913297], dtype=float32), array([0.11635635, 0.11635635, 0.11635635], dtype=float32), array([0.1225656, 0.1225656, 0.1225656], dtype=float32), array([0.12862803, 0.12862803, 0.12862803], dtype=float32), array([0.13394283, 0.13394283, 0.13394283], dtype=float32), array([0.14063062, 0.14063062, 0.14063062], dtype=float32), array([0.1465851, 0.1465851, 0.1465851], dtype=float32), array([0.15241966, 0.15241966, 0.15241966], dtype=float32), array([0.1579437, 0.1579437, 0.1579437], dtype=float32), array([0.16340269, 0.16340269, 0.16340269], dtype=float32), array([0.16886456, 0.16886456, 0.16886456], dtype=float32), array([0.17406853, 0.17406853, 0.17406853], dtype=float32), array([0.17934768, 0.17934768, 0.17934768], dtype=float32), array([0.18849537, 0.18849537, 0.18849537], dtype=float32), array([0.19701748, 0.19701748, 0.19701748], dtype=float32), array([0.20493436, 0.20493436, 0.20493436], dtype=float32), array([0.21317412, 0.21317412, 0.21317412], dtype=float32), array([0.22071238, 0.22071238, 0.22071238], dtype=float32), array([0.22747423, 0.22747423, 0.22747423], dtype=float32), array([0.23458125, 0.23458125, 0.23458125], dtype=float32), array([0.24154927, 0.24154927, 0.24154927], dtype=float32), array([0.2488465, 0.2488465, 0.2488465], dtype=float32), array([0.25736958, 0.25736958, 0.25736958], dtype=float32), array([0.26516438, 0.26516438, 0.26516438], dtype=float32), array([0.27256447, 0.27256447, 0.27256447], dtype=float32), array([0.2798216, 0.2798216, 0.2798216], dtype=float32), array([0.28650996, 0.28650996, 0.28650996], dtype=float32), array([0.29295823, 0.29295823, 0.29295823], dtype=float32), array([0.29913858, 0.29913858, 0.29913858], dtype=float32), array([0.30524075, 0.30524075, 0.30524075], dtype=float32)]","[array([0.1077811, 0.1077811, 0.1077811], dtype=float32), array([0.10913297, 0.10913297, 0.10913297], dtype=float32), array([0.11635635, 0.11635635, 0.11635635], dtype=float32), array([0.12256562, 0.12256562, 0.12256562], dtype=float32), array([0.12862805, 0.12862805, 0.12862805], dtype=float32), array([0.1339428, 0.1339428, 0.1339428], dtype=float32), array([0.14063063, 0.14063063, 0.14063063], dtype=float32), array([0.1465851, 0.1465851, 0.1465851], dtype=float32), array([0.15241966, 0.15241966, 0.15241966], dtype=float32), array([0.15794367, 0.15794367, 0.15794367], dtype=float32), array([0.16340269, 0.16340269, 0.16340269], dtype=float32), array([0.16886456, 0.16886456, 0.16886456], dtype=float32), array([0.17406856, 0.17406856, 0.17406856], dtype=float32), array([0.17934765, 0.17934765, 0.17934765], dtype=float32), array([0.18849534, 0.18849534, 0.18849534], dtype=float32), array([0.1970175, 0.1970175, 0.1970175], dtype=float32), array([0.20493436, 0.20493436, 0.20493436], dtype=float32), array([0.21317415, 0.21317415, 0.21317415], dtype=float32), array([0.22071232, 0.22071232, 0.22071232], dtype=float32), array([0.22747423, 0.22747423, 0.22747423], dtype=float32), array([0.23458125, 0.23458125, 0.23458125], dtype=float32), array([0.24154936, 0.24154936, 0.24154936], dtype=float32), array([nan, nan, nan], dtype=float32), array([0.25736964, 0.25736964, 0.25736964], dtype=float32), array([0.26516438, 0.26516438, 0.26516438], dtype=float32), array([0.2725645, 0.2725645, 0.2725645], dtype=float32), array([0.2798216, 0.2798216, 0.2798216], dtype=float32), array([0.28650996, 0.28650996, 0.28650996], dtype=float32), array([0.29295823, 0.29295823, 0.29295823], dtype=float32), array([0.2991386, 0.2991386, 0.2991386], dtype=float32), array([0.30524078, 0.30524078, 0.30524078], dtype=float32)]","[array([[1.4817631e-01, 3.3520610e-07, 8.5182333e-01],
       [7.4599410e-04, 4.2847489e-27, 9.9925393e-01],
       [2.6585582e-01, 1.4013582e-04, 7.3400408e-01]], dtype=float32), array([[4.4651780e-01, 3.3760840e-05, 5.5344844e-01],
       [2.0721503e-01, 3.6122372e-27, 7.9278493e-01],
       [4.5279497e-01, 1.0567492e-04, 5.4709935e-01]], dtype=float32), array([[1.4591758e-01, 2.9798693e-07, 8.5408211e-01],
       [6.9114252e-04, 2.5611515e-27, 9.9930882e-01],
       [2.6422796e-01, 1.3329336e-04, 7.3563874e-01]], dtype=float32), array([[1.3950893e-01, 2.4984143e-07, 8.6049080e-01],
       [5.8196072e-04, 1.7254923e-27, 9.9941802e-01],
       [2.6007098e-01, 1.2967708e-04, 7.3979938e-01]], dtype=float32), array([[4.4396523e-01, 2.7928620e-05, 5.5600679e-01],
       [1.9634750e-01, 9.6012451e-28, 8.0365247e-01],
       [4.5074648e-01, 9.2671187e-05, 5.4916078e-01]], dtype=float32), array([[4.55806553e-01, 1.17021016e-04, 5.44076383e-01],
       [2.18000442e-01, 2.69071461e-27, 7.81999588e-01],
       [4.61545408e-01, 3.56096250e-04, 5.38098454e-01]], dtype=float32), array([[4.4244313e-01, 2.4406314e-05, 5.5753249e-01],
       [1.9050774e-01, 4.3115380e-28, 8.0949223e-01],
       [4.4949803e-01, 8.3610314e-05, 5.5041826e-01]], dtype=float32), array([[1.3274187e-01, 1.6827155e-07, 8.6725795e-01],
       [4.6328339e-04, 3.5231008e-28, 9.9953675e-01],
       [2.5438297e-01, 1.0648851e-04, 7.4551052e-01]], dtype=float32), array([[1.3132042e-01, 1.5371738e-07, 8.6867946e-01],
       [4.4181332e-04, 2.4830755e-28, 9.9955815e-01],
       [2.5306579e-01, 1.0131318e-04, 7.4683291e-01]], dtype=float32), array([[4.4027266e-01, 1.9880239e-05, 5.5970746e-01],
       [1.8288980e-01, 1.4542426e-28, 8.1711012e-01],
       [4.4769269e-01, 7.1044662e-05, 5.5223632e-01]], dtype=float32), array([[4.3473783e-01, 1.7426337e-05, 5.6524479e-01],
       [1.6509089e-01, 1.1738240e-28, 8.3490908e-01],
       [4.4338864e-01, 6.9130620e-05, 5.5654228e-01]], dtype=float32), array([[1.2778321e-01, 1.2327392e-07, 8.7221664e-01],
       [3.9315113e-04, 1.0887875e-28, 9.9960691e-01],
       [2.4975909e-01, 8.9750851e-05, 7.5015116e-01]], dtype=float32), array([[4.5120654e-01, 7.5202857e-05, 5.4871827e-01],
       [1.9920574e-01, 2.7185582e-28, 8.0079424e-01],
       [4.5779195e-01, 2.5221580e-04, 5.4195583e-01]], dtype=float32), array([[1.3025141e-01, 1.1980565e-07, 8.6974853e-01],
       [4.1025484e-04, 6.6265791e-29, 9.9958974e-01],
       [2.5106955e-01, 8.4264757e-05, 7.4884617e-01]], dtype=float32), array([[1.2506036e-01, 1.0758105e-07, 8.7493956e-01],
       [3.6145700e-04, 7.0612476e-29, 9.9963856e-01],
       [2.4739505e-01, 8.4127038e-05, 7.5252086e-01]], dtype=float32), array([[4.3129915e-01, 1.4605012e-05, 5.6868625e-01],
       [1.5506899e-01, 6.0715321e-29, 8.4493107e-01],
       [4.4065124e-01, 6.1662373e-05, 5.5928713e-01]], dtype=float32), array([[1.26869127e-01, 1.10729395e-07, 8.73130739e-01],
       [3.83447274e-04, 7.50772391e-29, 9.99616504e-01],
       [2.48207301e-01, 8.20589194e-05, 7.51710653e-01]], dtype=float32), array([[4.4409987e-01, 5.7261390e-05, 5.5584294e-01],
       [1.7481051e-01, 2.2232849e-28, 8.2518947e-01],
       [4.5225292e-01, 2.1992633e-04, 5.4752719e-01]], dtype=float32), array([[1.2437743e-01, 1.0113132e-07, 8.7562251e-01],
       [3.6207677e-04, 6.8360071e-29, 9.9963796e-01],
       [2.4590173e-01, 7.8410216e-05, 7.5401986e-01]], dtype=float32), array([[1.2335764e-01, 9.7531455e-08, 8.7664223e-01],
       [3.5365918e-04, 6.6174056e-29, 9.9964631e-01],
       [2.4495992e-01, 7.7033284e-05, 7.5496304e-01]], dtype=float32), array([[1.2216505e-01, 9.2310245e-08, 8.7783480e-01],
       [3.4241096e-04, 5.8325591e-29, 9.9965763e-01],
       [2.4383721e-01, 7.4858443e-05, 7.5608790e-01]], dtype=float32), array([[1.20492205e-01, 8.80409203e-08, 8.79507661e-01],
       [3.28448659e-04, 5.70461713e-29, 9.99671578e-01],
       [2.42482036e-01, 7.38778908e-05, 7.57444143e-01]], dtype=float32), array([[1.20000556e-01, 8.52248334e-08, 8.79999340e-01],
       [3.25195171e-04, 5.36097165e-29, 9.99674797e-01],
       [2.41817519e-01, 7.19922609e-05, 7.58110523e-01]], dtype=float32), array([[4.2727035e-01, 1.1642751e-05, 5.7271796e-01],
       [1.4582214e-01, 4.1860566e-29, 8.5417783e-01],
       [4.3734118e-01, 5.2078638e-05, 5.6260681e-01]], dtype=float32), array([[1.3672303e-01, 2.8736298e-07, 8.6327666e-01],
       [3.6970293e-04, 1.6643062e-28, 9.9963033e-01],
       [2.7112532e-01, 2.4402658e-04, 7.2863066e-01]], dtype=float32), array([[1.3551752e-01, 2.7548521e-07, 8.6448222e-01],
       [3.5993746e-04, 1.5858980e-28, 9.9964011e-01],
       [2.7007091e-01, 2.3902077e-04, 7.2969007e-01]], dtype=float32), array([[1.1785061e-01, 7.5667835e-08, 8.8214928e-01],
       [3.0746535e-04, 4.0760273e-29, 9.9969256e-01],
       [2.3947613e-01, 6.6788423e-05, 7.6045704e-01]], dtype=float32), array([[4.2533320e-01, 1.0596062e-05, 5.7465625e-01],
       [1.4114206e-01, 3.3217723e-29, 8.5885793e-01],
       [4.3579000e-01, 4.8896665e-05, 5.6416112e-01]], dtype=float32), array([[4.3291318e-01, 3.6693335e-05, 5.6705016e-01],
       [1.4239509e-01, 1.1651907e-28, 8.5760486e-01],
       [4.4366491e-01, 1.7290701e-04, 5.5616212e-01]], dtype=float32), array([[4.2467418e-01, 1.0250783e-05, 5.7531554e-01],
       [1.3962878e-01, 3.0894537e-29, 8.6037117e-01],
       [4.3525910e-01, 4.7787038e-05, 5.6469303e-01]], dtype=float32), array([[1.3098350e-01, 2.2926257e-07, 8.6901629e-01],
       [3.2243185e-04, 1.1236258e-28, 9.9967754e-01],
       [2.6598600e-01, 2.1756352e-04, 7.3379642e-01]], dtype=float32)]",1,0,0,0,0,0,54.529365079365085,55.64047619047621,2000,0.00016963555135408065,0.0003857026904658215,9.78,9.78,2000,96000,96000,0.3560024785815522,104968,93000,61938,4464000,2973024,0,1030.7862805676577,6096416.170637883,6410401.655361538,1.2911455904429658e-08,0.058571044355630875,-0.012132775969803333,0.0,0.0013802934991,81158,0.4722185432910919,-0.002695441246032715,30969,708.6873779296875,0.3369932174682617,1486512,999.0,0.002149450359866023,48.0,1.0,343.2517707934303,0.0,0.0,1486512,999.0,1.0,48.0,0.0013802934991,0.0393447157605,30969,23810,343.2516436921638,1.0067001111073661,0.1884868257053375,50,96100,100,2,2.0,10.5,4.7526849697511027e-05,0.00010389967047614437,48.0,-9.5,9.88,0.0017722488995059393,2400,1.0067001111073661,0.000291259968359562,2,9.88,0.000166579450901593,100,0.00038321807743252486,9.88,4800,4800,100,2.109228241532313e-05,7.139208992570558e-06,4.748174703051426e-05,7.78254263960047e-06,3.5150397597431345e-05,0.00016210244019717148,3.020142660320184e-05,3.018459113104244e-05,1.7136843016654263e-05,2.3004649403136126e-05,5.263093912775563e-05,0.05797619588346288,0.00707092172400899,0.05968069101324453,0.17675809705788847,0.032461383111463994,0.020905960940759596,0.00018306942495942226,0.0595996230840683,-0.0019213722553104162,1.0,0.4722185730934143,-0.38172447681427,108066,95.7578353881836,0.0022622165270149708,0.34756583,5187168,498.0,1441.0,1488.0,108066,0.0,5187168,498.0,1488.0,1441.0,651000,216132,31248000,10374336,9737.688242225397,3.5264440149925364e-05,4.438450798617556e-05,6.697412288646006e-06,7.767260287537958e-06,2.1045178764808314e-05,0.00016121174022984565,3.0383915691480463e-05,2.3177010890420817e-05,5.016635002538352e-05,3.0700661188610496e-05,1.7000830329186087e-05
1,98000,False,49,d2a96_00000,2025-08-17_21-45-24,1755467124,91.06554460525513,4561.949526786804,686047,intrinsic-attention2,10.156.0.3,4561.949526786804,49,93.02467536415942,1.4659214267471209e-05,93.02436050059022,2.808495365359707,89.84969958362707,0.002173617821418334,48.0,9.5,1.0067001111073661,2.774861305566659,10.01,0.0015961086704919581,0.0002549519995227456,2,2.0,10.5,1000,98000,49000,4.787333829768418e-05,0.00011567585231655149,2000,2,1.0067001111073661,229.62534251840492,2000.0,3000.0,"[array([0.31118506, 0.31118506, 0.31118506], dtype=float32), array([0.3166294, 0.3166294, 0.3166294], dtype=float32), array([0.32128626, 0.32128626, 0.32128626], dtype=float32), array([0.32582957, 0.32582957, 0.32582957], dtype=float32), array([0.33061692, 0.33061692, 0.33061692], dtype=float32), array([0.3333387, 0.3333387, 0.3333387], dtype=float32), array([0.3363147, 0.3363147, 0.3363147], dtype=float32), array([0.3398768, 0.3398768, 0.3398768], dtype=float32), array([0.3435988, 0.3435988, 0.3435988], dtype=float32), array([0.34750164, 0.34750164, 0.34750164], dtype=float32), array([0.35108963, 0.35108963, 0.35108963], dtype=float32), array([0.35404256, 0.35404256, 0.35404256], dtype=float32), array([0.35643286, 0.35643286, 0.35643286], dtype=float32), array([0.35882983, 0.35882983, 0.35882983], dtype=float32), array([0.3617212, 0.3617212, 0.3617212], dtype=float32), array([0.35871646, 0.35871646, 0.35871646], dtype=float32), array([0.3535118, 0.3535118, 0.3535118], dtype=float32), array([0.346705, 0.346705, 0.346705], dtype=float32), array([0.34044787, 0.34044787, 0.34044787], dtype=float32), array([0.33303145, 0.33303145, 0.33303145], dtype=float32), array([0.32682246, 0.32682246, 0.32682246], dtype=float32), array([0.32152036, 0.32152036, 0.32152036], dtype=float32), array([0.31437403, 0.31437403, 0.31437403], dtype=float32), array([0.30451137, 0.30451137, 0.30451137], dtype=float32), array([0.29534894, 0.29534894, 0.29534894], dtype=float32), array([0.28654927, 0.28654927, 0.28654927], dtype=float32), array([0.27866316, 0.27866316, 0.27866316], dtype=float32), array([0.2717567, 0.2717567, 0.2717567], dtype=float32), array([0.26540858, 0.26540858, 0.26540858], dtype=float32), array([0.258863, 0.258863, 0.258863], dtype=float32), array([0.25350067, 0.25350067, 0.25350067], dtype=float32)]","[array([0.3111851, 0.3111851, 0.3111851], dtype=float32), array([nan, nan, nan], dtype=float32), array([0.3212863, 0.3212863, 0.3212863], dtype=float32), array([0.3258296, 0.3258296, 0.3258296], dtype=float32), array([0.33061686, 0.33061686, 0.33061686], dtype=float32), array([nan, nan, nan], dtype=float32), array([nan, nan, nan], dtype=float32), array([0.33987686, 0.33987686, 0.33987686], dtype=float32), array([0.34359875, 0.34359875, 0.34359875], dtype=float32), array([nan, nan, nan], dtype=float32), array([0.35108963, 0.35108963, 0.35108963], dtype=float32), array([0.35404262, 0.35404262, 0.35404262], dtype=float32), array([0.3564328, 0.3564328, 0.3564328], dtype=float32), array([0.35882977, 0.35882977, 0.35882977], dtype=float32), array([0.36172125, 0.36172125, 0.36172125], dtype=float32), array([0.35871643, 0.35871643, 0.35871643], dtype=float32), array([nan, nan, nan], dtype=float32), array([0.34670505, 0.34670505, 0.34670505], dtype=float32), array([0.34044784, 0.34044784, 0.34044784], dtype=float32), array([0.33303142, 0.33303142, 0.33303142], dtype=float32), array([0.32682246, 0.32682246, 0.32682246], dtype=float32), array([0.3215204, 0.3215204, 0.3215204], dtype=float32), array([0.31437406, 0.31437406, 0.31437406], dtype=float32), array([nan, nan, nan], dtype=float32), array([0.29534894, 0.29534894, 0.29534894], dtype=float32), array([0.2865493, 0.2865493, 0.2865493], dtype=float32), array([0.27866316, 0.27866316, 0.27866316], dtype=float32), array([0.27175677, 0.27175677, 0.27175677], dtype=float32), array([0.26540864, 0.26540864, 0.26540864], dtype=float32), array([0.2588631, 0.2588631, 0.2588631], dtype=float32), array([0.25350064, 0.25350064, 0.25350064], dtype=float32)]","[array([[4.3123049e-01, 3.3353695e-05, 5.6873614e-01],
       [1.3820285e-01, 8.9300238e-29, 8.6179721e-01],
       [4.4234589e-01, 1.6176436e-04, 5.5749238e-01]], dtype=float32), array([[4.3071374e-01, 3.2649783e-05, 5.6925356e-01],
       [1.3698283e-01, 8.7759229e-29, 8.6301714e-01],
       [4.4194740e-01, 1.5969733e-04, 5.5789286e-01]], dtype=float32), array([[1.1505432e-01, 6.4152623e-08, 8.8494557e-01],
       [2.8584694e-04, 2.7769984e-29, 9.9971408e-01],
       [2.3628107e-01, 5.9905644e-05, 7.6365900e-01]], dtype=float32), array([[4.2074469e-01, 8.8439620e-06, 5.7924646e-01],
       [1.3054205e-01, 2.3656067e-29, 8.6945790e-01],
       [4.3217495e-01, 4.3948170e-05, 5.6778109e-01]], dtype=float32), array([[4.2661449e-01, 2.9219309e-05, 5.7335627e-01],
       [1.2667772e-01, 8.0598670e-29, 8.7332225e-01],
       [4.3893316e-01, 1.5421188e-04, 5.6091255e-01]], dtype=float32), array([[4.1995943e-01, 8.6443988e-06, 5.8003193e-01],
       [1.2901816e-01, 2.4915452e-29, 8.7098181e-01],
       [4.3155301e-01, 4.3418506e-05, 5.6840348e-01]], dtype=float32), array([[4.1989613e-01, 8.9186560e-06, 5.8009493e-01],
       [1.2904282e-01, 3.1805000e-29, 8.7095726e-01],
       [4.3152869e-01, 4.4778841e-05, 5.6842655e-01]], dtype=float32), array([[4.2605641e-01, 3.0654312e-05, 5.7391292e-01],
       [1.2590608e-01, 1.4228230e-28, 8.7409395e-01],
       [4.3856478e-01, 1.6262611e-04, 5.6127262e-01]], dtype=float32), array([[4.2307466e-01, 9.9624676e-06, 5.7691538e-01],
       [1.3709268e-01, 4.8476460e-29, 8.6290735e-01],
       [4.3395931e-01, 4.7168647e-05, 5.6599361e-01]], dtype=float32), array([[4.1990024e-01, 9.6590065e-06, 5.8009011e-01],
       [1.2954204e-01, 5.9002982e-29, 8.7045801e-01],
       [4.3158543e-01, 4.8288213e-05, 5.6836629e-01]], dtype=float32), array([[4.2904791e-01, 3.4704517e-05, 5.7091737e-01],
       [1.3403587e-01, 2.5221418e-28, 8.6596411e-01],
       [4.4075948e-01, 1.7309858e-04, 5.5906737e-01]], dtype=float32), array([[1.1742681e-01, 8.0742694e-08, 8.8257313e-01],
       [3.2542343e-04, 9.5070029e-29, 9.9967456e-01],
       [2.3823139e-01, 6.6951601e-05, 7.6170164e-01]], dtype=float32), array([[1.2929107e-01, 2.5693780e-07, 8.7070870e-01],
       [3.3275812e-04, 3.8260582e-28, 9.9966729e-01],
       [2.6476946e-01, 2.3471977e-04, 7.3499584e-01]], dtype=float32), array([[1.3265914e-01, 2.8208120e-07, 8.6734062e-01],
       [3.6492912e-04, 4.4639031e-28, 9.9963510e-01],
       [2.6698235e-01, 2.3784804e-04, 7.3277980e-01]], dtype=float32), array([[1.18455715e-01, 8.73027446e-08, 8.81544173e-01],
       [3.40496219e-04, 1.36693696e-28, 9.99659538e-01],
       [2.39111528e-01, 6.95222552e-05, 7.60818958e-01]], dtype=float32), array([[4.2928109e-01, 3.8910497e-05, 5.7068002e-01],
       [1.3521534e-01, 6.0716839e-28, 8.6478460e-01],
       [4.4102266e-01, 1.9231669e-04, 5.5878502e-01]], dtype=float32), array([[4.2337126e-01, 1.2036308e-05, 5.7661670e-01],
       [1.3927801e-01, 2.1948160e-28, 8.6072201e-01],
       [4.3428361e-01, 5.6022131e-05, 5.6566030e-01]], dtype=float32), array([[4.2308313e-01, 1.2143230e-05, 5.7690471e-01],
       [1.3874634e-01, 2.5175679e-28, 8.6125368e-01],
       [4.3406904e-01, 5.6715133e-05, 5.6587422e-01]], dtype=float32), array([[1.1975166e-01, 1.0371525e-07, 8.8024825e-01],
       [3.6713234e-04, 3.3646682e-28, 9.9963284e-01],
       [2.4054702e-01, 7.7171309e-05, 7.5937587e-01]], dtype=float32), array([[1.3607189e-01, 3.6592823e-07, 8.6392772e-01],
       [4.1113221e-04, 1.3123839e-27, 9.9958891e-01],
       [2.7060032e-01, 2.7866784e-04, 7.2912103e-01]], dtype=float32), array([[4.2006001e-01, 1.1609675e-05, 5.7992834e-01],
       [1.3181221e-01, 2.9915699e-28, 8.6818784e-01],
       [4.3177879e-01, 5.6933091e-05, 5.6816429e-01]], dtype=float32), array([[4.2000228e-01, 1.1441220e-05, 5.7998627e-01],
       [1.3184462e-01, 2.9032279e-28, 8.6815542e-01],
       [4.3170938e-01, 5.6076435e-05, 5.6823444e-01]], dtype=float32), array([[4.3025377e-01, 4.5333261e-05, 5.6970084e-01],
       [1.3725330e-01, 1.2406853e-27, 8.6274672e-01],
       [4.4191679e-01, 2.2104048e-04, 5.5786216e-01]], dtype=float32), array([[4.2305171e-01, 1.1528625e-05, 5.7693678e-01],
       [1.3943209e-01, 2.3228624e-28, 8.6056793e-01],
       [4.3394622e-01, 5.3519077e-05, 5.6600028e-01]], dtype=float32), array([[1.3249871e-01, 3.2087559e-07, 8.6750102e-01],
       [3.6570258e-04, 8.1785145e-28, 9.9963427e-01],
       [2.6843902e-01, 2.7140995e-04, 7.3128957e-01]], dtype=float32), array([[4.2619100e-01, 3.7723985e-05, 5.7377136e-01],
       [1.2611267e-01, 5.1863367e-28, 8.7388736e-01],
       [4.3893218e-01, 1.9997354e-04, 5.6086779e-01]], dtype=float32), array([[4.2356032e-01, 9.7261782e-06, 5.7642996e-01],
       [1.4094275e-01, 8.6983458e-29, 8.5905725e-01],
       [4.3413931e-01, 4.4648197e-05, 5.6581604e-01]], dtype=float32), array([[4.2366129e-01, 9.2572991e-06, 5.7632947e-01],
       [1.4124706e-01, 6.5353484e-29, 8.5875297e-01],
       [4.3416357e-01, 4.2399010e-05, 5.6579399e-01]], dtype=float32), array([[4.1839081e-01, 8.1134294e-06, 5.8160108e-01],
       [1.2840791e-01, 5.1116492e-29, 8.7159216e-01],
       [4.3013370e-01, 4.0729024e-05, 5.6982553e-01]], dtype=float32), array([[1.2663643e-01, 2.2814503e-07, 8.7336338e-01],
       [2.9817215e-04, 2.1220623e-28, 9.9970180e-01],
       [2.6344177e-01, 2.3072980e-04, 7.3632747e-01]], dtype=float32), array([[1.2580489e-01, 2.1689547e-07, 8.7419486e-01],
       [2.8930287e-04, 1.7289685e-28, 9.9971062e-01],
       [2.6272458e-01, 2.2524949e-04, 7.3705018e-01]], dtype=float32)]",1,0,0,0,0,0,54.5376923076923,55.686153846153836,2000,0.00016409069568258048,0.00037710141930950896,10.01,10.01,2000,98000,98000,0.35576513189567605,104968,93000,61938,4557000,3034962,0,1031.7301405450758,6080297.619279673,6394700.319722243,6.455727952214829e-09,0.042948879301548004,-0.0002092756622005254,0.0,0.0013802934991,81158,0.4722185432910919,-0.025316357612609863,30969,710.7864379882812,0.3489382565021515,1517481,999.0,0.0016294055385515094,49.0,1.0,343.5660789457602,0.0,0.0,1517481,999.0,1.0,49.0,0.0013802934991,0.0393447157605,30969,23810,343.5659509499931,1.0067001111073661,0.18808914922831788,50,98100,100,2,2.0,10.5,4.9225139328401136e-05,0.00011138937736613408,49.0,9.5,10.08,0.0016970635502366349,2450,1.0067001111073661,0.00029043001870180724,2,10.08,0.0001739207807197991,100,0.00040297847026755755,10.08,4900,4900,100,2.0776543381348694e-05,6.998631063271604e-06,4.542028448443509e-05,7.528525654626935e-06,3.4318350560289116e-05,0.00015989903580655737,2.9554170781876978e-05,2.9947724649444562e-05,1.6606428086901485e-05,2.2437275459484895e-05,5.052026220877268e-05,0.057931642334629614,0.0070692692866717935,0.059565232633123105,0.1767624535072901,0.03243181284038535,0.020854957151272266,0.00018293451079336512,0.045867837965488434,-0.011347399093210697,1.0,0.4722185730934143,-0.018370747566223145,108066,94.93257904052734,0.0013294268865138292,0.33800924,5295234,498.0,1471.0,1519.0,108066,0.0,5295234,498.0,1519.0,1471.0,651000,216132,31899000,10590468,9730.08547119391,3.694110795924372e-05,4.681923446490689e-05,6.996567630342335e-06,7.996640395796731e-06,2.2049232830063665e-05,0.00016934637331963645,3.2295766944261085e-05,2.414673573148619e-05,5.334118962569809e-05,3.23786808889886e-05,1.7783369232060236e-05
1,100000,True,50,d2a96_00000,2025-08-17_21-46-56,1755467216,92.69819760322571,4654.64772439003,686047,intrinsic-attention2,10.156.0.3,4654.64772439003,50,93.01931250009791,1.4657712141100081e-05,93.01899698073439,2.8170433106161394,89.83127832926087,0.002170322023139933,49.0,9.5,1.0067001111073661,2.783295008751003,9.95,0.002220059448882239,0.0002549519995227456,2,2.0,10.5,1000,100000,50000,6.344506645778815e-05,0.00014835839405949678,2000,2,1.0067001111073661,222.13260773829617,2000.0,3000.0,"[array([0.24840716, 0.24840716, 0.24840716], dtype=float32), array([0.24304344, 0.24304344, 0.24304344], dtype=float32), array([0.23737855, 0.23737855, 0.23737855], dtype=float32), array([0.2305343, 0.2305343, 0.2305343], dtype=float32), array([0.22322436, 0.22322436, 0.22322436], dtype=float32), array([0.21544814, 0.21544814, 0.21544814], dtype=float32), array([0.2079602, 0.2079602, 0.2079602], dtype=float32), array([0.19999759, 0.19999759, 0.19999759], dtype=float32), array([0.1921594, 0.1921594, 0.1921594], dtype=float32), array([0.18449609, 0.18449609, 0.18449609], dtype=float32), array([0.17630076, 0.17630076, 0.17630076], dtype=float32), array([0.16828005, 0.16828005, 0.16828005], dtype=float32), array([0.16047105, 0.16047105, 0.16047105], dtype=float32), array([0.15278505, 0.15278505, 0.15278505], dtype=float32), array([0.1452484, 0.1452484, 0.1452484], dtype=float32), array([0.1372453, 0.1372453, 0.1372453], dtype=float32), array([0.1294923, 0.1294923, 0.1294923], dtype=float32), array([0.12188079, 0.12188079, 0.12188079], dtype=float32), array([0.11361422, 0.11361422, 0.11361422], dtype=float32), array([0.10567304, 0.10567304, 0.10567304], dtype=float32), array([0.09737393, 0.09737393, 0.09737393], dtype=float32), array([0.0885464, 0.0885464, 0.0885464], dtype=float32), array([0.07921605, 0.07921605, 0.07921605], dtype=float32), array([0.0701303, 0.0701303, 0.0701303], dtype=float32), array([0.06134559, 0.06134559, 0.06134559], dtype=float32), array([0.05228119, 0.05228119, 0.05228119], dtype=float32), array([0.04349456, 0.04349456, 0.04349456], dtype=float32), array([0.0349986, 0.0349986, 0.0349986], dtype=float32), array([0.0267681, 0.0267681, 0.0267681], dtype=float32), array([0.01876188, 0.01876188, 0.01876188], dtype=float32), array([0.01006182, 0.01006182, 0.01006182], dtype=float32)]","[array([0.24840719, 0.24840719, 0.24840719], dtype=float32), array([0.24304348, 0.24304348, 0.24304348], dtype=float32), array([nan, nan, nan], dtype=float32), array([0.23053429, 0.23053429, 0.23053429], dtype=float32), array([nan, nan, nan], dtype=float32), array([nan, nan, nan], dtype=float32), array([nan, nan, nan], dtype=float32), array([0.19999757, 0.19999757, 0.19999757], dtype=float32), array([nan, nan, nan], dtype=float32), array([0.18449607, 0.18449607, 0.18449607], dtype=float32), array([0.17630076, 0.17630076, 0.17630076], dtype=float32), array([nan, nan, nan], dtype=float32), array([0.16047107, 0.16047107, 0.16047107], dtype=float32), array([nan, nan, nan], dtype=float32), array([0.14524838, 0.14524838, 0.14524838], dtype=float32), array([0.13724531, 0.13724531, 0.13724531], dtype=float32), array([nan, nan, nan], dtype=float32), array([0.12188081, 0.12188081, 0.12188081], dtype=float32), array([0.11361425, 0.11361425, 0.11361425], dtype=float32), array([nan, nan, nan], dtype=float32), array([nan, nan, nan], dtype=float32), array([0.08854641, 0.08854641, 0.08854641], dtype=float32), array([0.07921606, 0.07921606, 0.07921606], dtype=float32), array([nan, nan, nan], dtype=float32), array([0.0613456, 0.0613456, 0.0613456], dtype=float32), array([nan, nan, nan], dtype=float32), array([0.04349455, 0.04349455, 0.04349455], dtype=float32), array([0.0349986, 0.0349986, 0.0349986], dtype=float32), array([nan, nan, nan], dtype=float32), array([nan, nan, nan], dtype=float32), array([nan, nan, nan], dtype=float32)]","[array([[4.2897111e-01, 3.3092801e-05, 5.7099575e-01],
       [1.3249373e-01, 1.2591856e-28, 8.6750627e-01],
       [4.4073507e-01, 1.6724570e-04, 5.5909765e-01]], dtype=float32), array([[4.2894629e-01, 3.2725209e-05, 5.7102096e-01],
       [1.3236704e-01, 1.1527300e-28, 8.6763287e-01],
       [4.4070846e-01, 1.6555314e-04, 5.5912596e-01]], dtype=float32), array([[4.1790262e-01, 7.0598194e-06, 5.8209038e-01],
       [1.2739532e-01, 2.4788039e-29, 8.7260467e-01],
       [4.2961887e-01, 3.5690278e-05, 5.7034540e-01]], dtype=float32), array([[1.2545952e-01, 2.0985600e-07, 8.7454027e-01],
       [2.8375184e-04, 1.4316027e-28, 9.9971622e-01],
       [2.6246050e-01, 2.2189277e-04, 7.3731756e-01]], dtype=float32), array([[4.1816649e-01, 7.2518524e-06, 5.8182627e-01],
       [1.2800583e-01, 2.8221979e-29, 8.7199414e-01],
       [4.2984152e-01, 3.6496229e-05, 5.7012206e-01]], dtype=float32), array([[1.2562986e-01, 2.1072150e-07, 8.7436992e-01],
       [2.8417230e-04, 1.4011733e-28, 9.9971586e-01],
       [2.6265851e-01, 2.2268931e-04, 7.3711878e-01]], dtype=float32), array([[4.1810709e-01, 7.0049628e-06, 5.8188587e-01],
       [1.2788433e-01, 2.3330583e-29, 8.7211573e-01],
       [4.2976016e-01, 3.5281810e-05, 5.7020456e-01]], dtype=float32), array([[1.1431114e-01, 5.4775107e-08, 8.8568884e-01],
       [3.0035223e-04, 2.7862747e-29, 9.9969971e-01],
       [2.3246765e-01, 4.7852387e-05, 7.6748449e-01]], dtype=float32), array([[4.2420214e-01, 7.9442525e-06, 5.7578999e-01],
       [1.4282340e-01, 2.6702832e-29, 8.5717660e-01],
       [4.3441176e-01, 3.5971800e-05, 5.6555223e-01]], dtype=float32), array([[4.2985082e-01, 3.5351331e-05, 5.7011384e-01],
       [1.3435720e-01, 1.5142873e-28, 8.6564273e-01],
       [4.4145504e-01, 1.7636336e-04, 5.5836868e-01]], dtype=float32), array([[4.1880783e-01, 7.6246665e-06, 5.8118457e-01],
       [1.2952493e-01, 3.5701373e-29, 8.7047505e-01],
       [4.3036500e-01, 3.7944355e-05, 5.6959713e-01]], dtype=float32), array([[1.14964925e-01, 6.02246786e-08, 8.85035038e-01],
       [3.09760333e-04, 4.24813291e-29, 9.99690294e-01],
       [2.33459324e-01, 5.12701808e-05, 7.66489387e-01]], dtype=float32), array([[1.3258764e-01, 2.6580713e-07, 8.6741209e-01],
       [3.4148412e-04, 2.0869293e-28, 9.9965847e-01],
       [2.6799843e-01, 2.4041116e-04, 7.3176110e-01]], dtype=float32), array([[4.1911030e-01, 7.6681790e-06, 5.8088201e-01],
       [1.3030769e-01, 3.6601609e-29, 8.6969233e-01],
       [4.3058911e-01, 3.7937021e-05, 5.6937295e-01]], dtype=float32), array([[1.1109115e-01, 5.3906209e-08, 8.8890874e-01],
       [2.7747062e-04, 3.7921497e-29, 9.9972254e-01],
       [2.3045643e-01, 5.0353879e-05, 7.6949322e-01]], dtype=float32), array([[4.1905278e-01, 7.3421320e-06, 5.8093989e-01],
       [1.3023140e-01, 2.9113853e-29, 8.6976862e-01],
       [4.3049768e-01, 3.6337085e-05, 5.6946599e-01]], dtype=float32), array([[1.2850852e-01, 2.3880608e-07, 8.7149125e-01],
       [3.0333266e-04, 1.7001799e-28, 9.9969673e-01],
       [2.6558039e-01, 2.3984323e-04, 7.3417968e-01]], dtype=float32), array([[1.1436748e-01, 5.5795777e-08, 8.8563246e-01],
       [3.0300056e-04, 3.1625097e-29, 9.9969697e-01],
       [2.3250689e-01, 4.8329071e-05, 7.6744479e-01]], dtype=float32), array([[1.2971887e-01, 2.5435853e-07, 8.7028092e-01],
       [3.1337136e-04, 2.0156995e-28, 9.9968660e-01],
       [2.6679048e-01, 2.4874939e-04, 7.3296070e-01]], dtype=float32), array([[4.3135041e-01, 3.9933802e-05, 5.6860971e-01],
       [1.3739881e-01, 2.0773738e-28, 8.6260122e-01],
       [4.4270402e-01, 1.9519415e-04, 5.5710077e-01]], dtype=float32), array([[1.3101836e-01, 2.7322932e-07, 8.6898136e-01],
       [3.2489985e-04, 2.4896831e-28, 9.9967515e-01],
       [2.6809931e-01, 2.5937130e-04, 7.3164135e-01]], dtype=float32), array([[4.2401308e-01, 8.4097910e-06, 5.7597846e-01],
       [1.4287840e-01, 4.4613048e-29, 8.5712159e-01],
       [4.3429282e-01, 3.8039714e-05, 5.6566912e-01]], dtype=float32), array([[1.12971835e-01, 6.11035063e-08, 8.87028098e-01],
       [2.99442414e-04, 6.35347196e-29, 9.99700546e-01],
       [2.32107028e-01, 5.33794228e-05, 7.67839551e-01]], dtype=float32), array([[4.2384925e-01, 9.0202057e-06, 5.7614177e-01],
       [1.4247397e-01, 6.8630357e-29, 8.5752606e-01],
       [4.3423575e-01, 4.0918934e-05, 5.6572324e-01]], dtype=float32), array([[4.3273053e-01, 4.7243593e-05, 5.6722224e-01],
       [1.4094482e-01, 4.8903512e-28, 8.5905510e-01],
       [4.4387531e-01, 2.2533185e-04, 5.5589926e-01]], dtype=float32), array([[4.2100742e-01, 9.1649972e-06, 5.7898343e-01],
       [1.3546054e-01, 1.0251642e-28, 8.6453944e-01],
       [4.3213558e-01, 4.3657437e-05, 5.6782079e-01]], dtype=float32), array([[4.3107989e-01, 4.8250982e-05, 5.6887186e-01],
       [1.3635325e-01, 6.9083608e-28, 8.6364675e-01],
       [4.4276011e-01, 2.3786539e-04, 5.5700207e-01]], dtype=float32), array([[1.1629201e-01, 7.9870347e-08, 8.8370794e-01],
       [3.3971219e-04, 1.8129169e-28, 9.9966025e-01],
       [2.3567948e-01, 6.2681618e-05, 7.6425785e-01]], dtype=float32), array([[4.2165622e-01, 1.0460760e-05, 5.7833338e-01],
       [1.3722529e-01, 2.1840038e-28, 8.6277467e-01],
       [4.3273985e-01, 4.9212453e-05, 5.6721091e-01]], dtype=float32), array([[4.3369845e-01, 5.6980840e-05, 5.6624454e-01],
       [1.4379285e-01, 1.5478344e-27, 8.5620713e-01],
       [4.4475687e-01, 2.6649467e-04, 5.5497658e-01]], dtype=float32), array([[1.4126748e-01, 4.8097593e-07, 8.5873204e-01],
       [4.4501302e-04, 1.8564083e-27, 9.9955493e-01],
       [2.7732125e-01, 3.4888519e-04, 7.2232985e-01]], dtype=float32)]",1,0,0,0,0,0,54.55263157894737,55.66992481203006,2000,0.00022748641375762882,0.0005231782197150565,9.95,9.95,2000,100000,100000,0.36026866438663324,104968,93000,61938,4650000,3096900,0,1032.7371688937367,6085093.206112176,6399006.9574038675,3.2278639761074146e-09,0.0485774427652359,-0.012978710234165192,0.0,0.0013802934991,81158,0.4722185432910919,-0.016425013542175293,30969,714.7740478515625,0.3361610770225525,1548450,999.0,0.0022627480793744326,50.0,1.0,343.90142278491396,0.0,0.0,1548450,999.0,1.0,50.0,0.0013802934991,0.0393447157605,30969,23810,343.90129465589405,1.0067001111073661,0.18810364117602188,50,100100,100,2,2.0,10.5,6.120162536158928e-05,0.00014585276169920062,50.0,9.5,10.08,0.002079748329997528,2500,1.0067001111073661,0.0002894510885304588,2,10.08,0.00022355962503885693,100,0.0005153891055454355,10.08,5000,5000,100,2.7388646814686897e-05,9.323262555144513e-06,6.145754547223313e-05,9.802413988555636e-06,4.7071949243817424e-05,0.00021434670419930794,4.138623815059624e-05,4.20884290760418e-05,2.3738232384294295e-05,3.091401830804499e-05,7.146594680338744e-05,0.058219750791263125,0.007103773853786727,0.0626654048168605,0.17762705664218198,0.03258113499208783,0.020916996119765975,0.00018312721571549532,0.04922610521316528,-0.020432865247130394,1.0,0.4722185730934143,-0.038553595542907715,108066,95.9937744140625,0.0025713415816426277,0.32911816,5403300,498.0,1501.0,1550.0,108066,0.0,5403300,498.0,1550.0,1501.0,651000,216132,32550000,10806600,9722.34483866228,4.685041122643165e-05,5.9778748425893955e-05,8.797031882621227e-06,9.901617244903795e-06,2.7155028510369856e-05,0.0002134352275185336,4.097685363327265e-05,2.9898859375742962e-05,7.082564093537452e-05,4.101847723881435e-05,2.3162402160006153e-05
