num_training_step_calls_per_iteration,num_env_steps_sampled_lifetime,done,training_iteration,trial_id,date,timestamp,time_this_iter_s,time_total_s,pid,hostname,node_ip,time_since_restore,iterations_since_restore,timers/training_iteration,timers/restore_env_runners,timers/training_step,timers/env_runner_sampling_timer,timers/learner_update_timer,timers/synch_weights,env_runners/episode_duration_sec_mean,env_runners/episode_return_mean,env_runners/weights_seq_no,env_runners/episode_return_min,env_runners/env_step_timer,env_runners/rlmodule_inference_timer,env_runners/env_reset_timer,env_runners/env_to_module_sum_episodes_length_in,env_runners/episode_len_max,env_runners/num_env_steps_sampled,env_runners/episode_len_min,env_runners/num_episodes_lifetime,env_runners/sample,env_runners/env_to_module_sum_episodes_length_out,env_runners/num_env_steps_sampled_lifetime,env_runners/episode_len_mean,env_runners/episode_return_max,env_runners/num_episodes,env_runners/num_env_steps_sampled_lifetime_throughput,__all_modules__/learner_connector_sum_episodes_length_in,__all_modules__/learner_connector_sum_episodes_length_out,learners/IntrinsicAttentionMask,learners/IntrinsicRewardsNegative,learners/IntrinsicRewardsPositive,evaluation/num_healthy_workers,evaluation/actor_manager_num_outstanding_async_reqs,evaluation/num_remote_worker_restarts,fault_tolerance/num_healthy_workers,fault_tolerance/num_remote_worker_restarts,env_runner_group/actor_manager_num_outstanding_async_reqs,perf/cpu_util_percent,perf/ram_util_percent,env_runners/env_to_module_connector/connector_pipeline_timer,env_runners/num_agent_steps_sampled/default_agent,env_runners/module_to_env_connector/connector_pipeline_timer,env_runners/agent_episode_return_mean/default_agent,env_runners/num_module_steps_sampled_lifetime/default_policy,env_runners/module_episode_return_mean/default_policy,env_runners/num_agent_steps_sampled_lifetime/default_agent,env_runners/num_module_steps_sampled/default_policy,__all_modules__/learner_connector/connector_pipeline_timer,learners/default_policy/policy_loss,learners/default_policy/num_module_steps_trained_lifetime,learners/default_policy/vf_explained_var,learners/default_policy/curr_entropy_coeff,learners/default_policy/mean_kl_loss,learners/default_policy/num_trainable_parameters,learners/default_policy/num_module_steps_trained,learners/default_policy/vf_loss_unclipped,learners/default_policy/vf_loss,learners/default_policy/weights_seq_no,learners/default_policy/curr_kl_coeff,learners/default_policy/diff_num_grad_updates_vs_sampler_policy,learners/default_policy/total_loss,learners/default_policy/module_train_batch_size_mean,learners/default_policy/use_intrinsic_rewards,learners/default_policy/entropy,learners/default_policy/num_module_steps_trained_lifetime_throughput,learners/intrinsic_reward_module/total_loss,learners/intrinsic_reward_module/module_train_batch_size_mean,learners/intrinsic_reward_module/num_module_steps_trained_lifetime,learners/intrinsic_reward_module/curr_entropy_coeff,learners/intrinsic_reward_module/num_trainable_parameters,learners/intrinsic_reward_module/num_module_steps_trained,learners/intrinsic_reward_module/default_optimizer_learning_rate,learners/intrinsic_reward_module/gradients_default_optimizer_global_norm,learners/intrinsic_reward_module/weights_seq_no,learners/intrinsic_reward_module/diff_num_grad_updates_vs_sampler_policy,learners/intrinsic_reward_module/num_module_steps_trained_lifetime_throughput,learners/__all_modules__/num_env_steps_trained_lifetime,learners/__all_modules__/num_env_steps_trained,learners/__all_modules__/num_trainable_parameters,learners/__all_modules__/num_module_steps_trained,learners/__all_modules__/num_non_trainable_parameters,learners/__all_modules__/num_module_steps_trained_lifetime,learners/__all_modules__/num_env_steps_trained_lifetime_throughput,learners/__all_modules__/num_module_steps_trained_throughput,learners/__all_modules__/num_module_steps_trained_lifetime_throughput,evaluation/env_runners/episode_return_max,evaluation/env_runners/num_episodes,evaluation/env_runners/weights_seq_no,evaluation/env_runners/episode_return_min,evaluation/env_runners/env_to_module_sum_episodes_length_out,evaluation/env_runners/episode_duration_sec_mean,evaluation/env_runners/rlmodule_inference_timer,evaluation/env_runners/env_reset_timer,evaluation/env_runners/env_to_module_sum_episodes_length_in,evaluation/env_runners/num_env_steps_sampled,evaluation/env_runners/sample,evaluation/env_runners/episode_return_mean,evaluation/env_runners/episode_len_max,evaluation/env_runners/num_episodes_lifetime,evaluation/env_runners/episode_len_mean,evaluation/env_runners/env_step_timer,evaluation/env_runners/episode_len_min,evaluation/env_runners/num_env_steps_sampled_lifetime,evaluation/env_runners/env_to_module_connector/connector_pipeline_timer,evaluation/env_runners/module_to_env_connector/connector_pipeline_timer,evaluation/env_runners/num_module_steps_sampled_lifetime/default_policy,evaluation/env_runners/num_agent_steps_sampled/default_agent,evaluation/env_runners/agent_episode_return_mean/default_agent,evaluation/env_runners/num_agent_steps_sampled_lifetime/default_agent,evaluation/env_runners/num_module_steps_sampled/default_policy,evaluation/env_runners/module_episode_return_mean/default_policy,env_runners/env_to_module_connector/timers/connectors/add_states_from_episodes_to_batch,env_runners/env_to_module_connector/timers/connectors/add_observations_from_episodes_to_batch,env_runners/env_to_module_connector/timers/connectors/numpy_to_tensor,env_runners/env_to_module_connector/timers/connectors/batch_individual_items,env_runners/env_to_module_connector/timers/connectors/add_time_dim_to_batch_and_zero_pad,env_runners/module_to_env_connector/timers/connectors/remove_single_ts_time_rank_from_batch,env_runners/module_to_env_connector/timers/connectors/tensor_to_numpy,env_runners/module_to_env_connector/timers/connectors/un_batch_to_individual_items,env_runners/module_to_env_connector/timers/connectors/listify_data_for_vector_env,env_runners/module_to_env_connector/timers/connectors/normalize_and_clip_actions,env_runners/module_to_env_connector/timers/connectors/get_actions,__all_modules__/learner_connector/timers/connectors/add_one_ts_to_episodes_and_truncate,__all_modules__/learner_connector/timers/connectors/add_observations_from_episodes_to_batch,__all_modules__/learner_connector/timers/connectors/add_columns_from_episodes_to_train_batch,__all_modules__/learner_connector/timers/connectors/add_time_dim_to_batch_and_zero_pad,__all_modules__/learner_connector/timers/connectors/add_states_from_episodes_to_batch,__all_modules__/learner_connector/timers/connectors/batch_individual_items,__all_modules__/learner_connector/timers/connectors/numpy_to_tensor,learners/differentiable_learners/intrinsic_attention_ppo_learner/intrinsic_reward_module/num_module_steps_trained_lifetime,learners/differentiable_learners/intrinsic_attention_ppo_learner/intrinsic_reward_module/diff_num_grad_updates_vs_sampler_policy,learners/differentiable_learners/intrinsic_attention_ppo_learner/intrinsic_reward_module/num_module_steps_trained,learners/differentiable_learners/intrinsic_attention_ppo_learner/intrinsic_reward_module/total_loss,learners/differentiable_learners/intrinsic_attention_ppo_learner/intrinsic_reward_module/module_train_batch_size_mean,learners/differentiable_learners/intrinsic_attention_ppo_learner/intrinsic_reward_module/weights_seq_no,learners/differentiable_learners/intrinsic_attention_ppo_learner/default_policy/vf_loss_unclipped,learners/differentiable_learners/intrinsic_attention_ppo_learner/default_policy/mean_kl_loss,learners/differentiable_learners/intrinsic_attention_ppo_learner/default_policy/vf_loss,learners/differentiable_learners/intrinsic_attention_ppo_learner/default_policy/diff_num_grad_updates_vs_sampler_policy,learners/differentiable_learners/intrinsic_attention_ppo_learner/default_policy/num_module_steps_trained,learners/differentiable_learners/intrinsic_attention_ppo_learner/default_policy/total_loss,learners/differentiable_learners/intrinsic_attention_ppo_learner/default_policy/module_train_batch_size_mean,learners/differentiable_learners/intrinsic_attention_ppo_learner/default_policy/use_intrinsic_rewards,learners/differentiable_learners/intrinsic_attention_ppo_learner/default_policy/entropy,learners/differentiable_learners/intrinsic_attention_ppo_learner/default_policy/weights_seq_no,learners/differentiable_learners/intrinsic_attention_ppo_learner/default_policy/policy_loss,learners/differentiable_learners/intrinsic_attention_ppo_learner/default_policy/num_module_steps_trained_lifetime,learners/differentiable_learners/intrinsic_attention_ppo_learner/default_policy/vf_explained_var,learners/differentiable_learners/intrinsic_attention_ppo_learner/__all_modules__/num_env_steps_trained,learners/differentiable_learners/intrinsic_attention_ppo_learner/__all_modules__/num_module_steps_trained_lifetime,learners/differentiable_learners/intrinsic_attention_ppo_learner/__all_modules__/num_env_steps_trained_lifetime,learners/differentiable_learners/intrinsic_attention_ppo_learner/__all_modules__/num_module_steps_trained,learners/differentiable_learners/intrinsic_attention_ppo_learner/__all_modules__/num_env_steps_trained_lifetime_throughput,evaluation/env_runners/env_to_module_connector/timers/connectors/add_observations_from_episodes_to_batch,evaluation/env_runners/env_to_module_connector/timers/connectors/numpy_to_tensor,evaluation/env_runners/env_to_module_connector/timers/connectors/batch_individual_items,evaluation/env_runners/env_to_module_connector/timers/connectors/add_time_dim_to_batch_and_zero_pad,evaluation/env_runners/env_to_module_connector/timers/connectors/add_states_from_episodes_to_batch,evaluation/env_runners/module_to_env_connector/timers/connectors/tensor_to_numpy,evaluation/env_runners/module_to_env_connector/timers/connectors/un_batch_to_individual_items,evaluation/env_runners/module_to_env_connector/timers/connectors/listify_data_for_vector_env,evaluation/env_runners/module_to_env_connector/timers/connectors/normalize_and_clip_actions,evaluation/env_runners/module_to_env_connector/timers/connectors/get_actions,evaluation/env_runners/module_to_env_connector/timers/connectors/remove_single_ts_time_rank_from_batch
1,2000,False,1,d1e1b_00000,2025-08-17_20-30-49,1755462649,92.0391616821289,92.0391616821289,685847,intrinsic-attention2,10.156.0.3,92.0391616821289,1,91.82731968699954,1.674299710430205e-05,91.827081757001,2.8610988309956156,88.64056118098961,0.0019772629893850535,0.0015238017195952124,1.75,0.0,-10.5,4.6460560888793594e-05,9.933563733981453e-05,0.0002576240076450631,1.0067001111072869,2,2000,2,1000,2.831073823006591,1.0067001111072869,2000,2.0,10.5,1000,705.1163913095477,2000,3000,"[array([[0.3497006 , 0.3008048 , 0.34949458],
       [0.48247698, 0.03973611, 0.47778693],
       [0.35066882, 0.29888156, 0.35044965]], dtype=float32), array([[0.32922614, 0.34081542, 0.32995844],
       [0.5312624 , 0.02848687, 0.44025072],
       [0.35136843, 0.30075562, 0.34787592]], dtype=float32), array([[0.31583858, 0.3638484 , 0.32031313],
       [0.5538984 , 0.03067227, 0.41542935],
       [0.35259134, 0.3003893 , 0.3470193 ]], dtype=float32), array([[0.3104927 , 0.37285832, 0.316649  ],
       [0.557513  , 0.03206777, 0.41041926],
       [0.3506769 , 0.30398044, 0.34534264]], dtype=float32), array([[0.35902768, 0.26969957, 0.3712727 ],
       [0.4105462 , 0.0287426 , 0.5607112 ],
       [0.33410755, 0.33147493, 0.33441752]], dtype=float32), array([[0.34227765, 0.30893388, 0.34878853],
       [0.38489702, 0.04576501, 0.56933796],
       [0.30658683, 0.40168208, 0.29173106]], dtype=float32), array([[0.33757225, 0.32326725, 0.3391605 ],
       [0.41619185, 0.02968606, 0.5541221 ],
       [0.30830666, 0.3912472 , 0.30044606]], dtype=float32), array([[0.33031228, 0.34054536, 0.32914236],
       [0.41525057, 0.04065748, 0.54409194],
       [0.30112335, 0.40822315, 0.2906535 ]], dtype=float32), array([[0.22782429, 0.50405174, 0.26812398],
       [0.6702733 , 0.01643722, 0.31328943],
       [0.35056868, 0.30803955, 0.34139177]], dtype=float32), array([[0.38479066, 0.22993438, 0.38527492],
       [0.4914268 , 0.01274268, 0.49583054],
       [0.384114  , 0.23129581, 0.3845902 ]], dtype=float32), array([[0.2499315 , 0.47048405, 0.2795845 ],
       [0.64190906, 0.01786241, 0.34022856],
       [0.34820646, 0.31057456, 0.34121895]], dtype=float32), array([[0.24091429, 0.5007011 , 0.2583846 ],
       [0.54730815, 0.03362212, 0.41906977],
       [0.28390932, 0.42125586, 0.29483476]], dtype=float32), array([[0.34186795, 0.31285593, 0.34527615],
       [0.4132707 , 0.02779889, 0.55893034],
       [0.31220943, 0.3826017 , 0.3051889 ]], dtype=float32), array([[0.34245268, 0.31143132, 0.34611604],
       [0.41274384, 0.02700771, 0.56024843],
       [0.31257883, 0.38176855, 0.3056527 ]], dtype=float32), array([[0.30571362, 0.3924235 , 0.30186284],
       [0.4505035 , 0.04018171, 0.50931484],
       [0.28982505, 0.4259606 , 0.28421438]], dtype=float32), array([[0.3604995 , 0.27942252, 0.36007795],
       [0.4972227 , 0.01369046, 0.4890868 ],
       [0.3620475 , 0.2763538 , 0.36159867]], dtype=float32), array([[0.28625494, 0.42700642, 0.28673863],
       [0.48479033, 0.03572759, 0.4794821 ],
       [0.28781006, 0.423909  , 0.28828096]], dtype=float32), array([[0.37099144, 0.2232444 , 0.40576413],
       [0.36665064, 0.01979961, 0.61354977],
       [0.34067404, 0.3136486 , 0.34567732]], dtype=float32), array([[0.39631546, 0.18710233, 0.41658223],
       [0.4339474 , 0.01055589, 0.5554967 ],
       [0.38278925, 0.22008097, 0.3971298 ]], dtype=float32), array([[0.33466196, 0.33069363, 0.33464438],
       [0.4921616 , 0.02232951, 0.48550883],
       [0.3361656 , 0.32770646, 0.3361279 ]], dtype=float32), array([[0.293004  , 0.40411147, 0.30288455],
       [0.5793468 , 0.01731365, 0.4033395 ],
       [0.34231448, 0.31796658, 0.33971894]], dtype=float32), array([[0.28181025, 0.43677378, 0.28141597],
       [0.48080164, 0.03432453, 0.48487383],
       [0.28060153, 0.43919832, 0.28020015]], dtype=float32), array([[0.27082095, 0.44015095, 0.28902814],
       [0.61082536, 0.01557029, 0.37360433],
       [0.3422345 , 0.31877193, 0.3389936 ]], dtype=float32), array([[0.27056974, 0.44067025, 0.28875992],
       [0.6110639 , 0.01529608, 0.37364003],
       [0.34200388, 0.31913513, 0.33886105]], dtype=float32), array([[0.27996612, 0.44032514, 0.27970865],
       [0.48212445, 0.03312085, 0.4847548 ],
       [0.2791827 , 0.44189492, 0.27892238]], dtype=float32), array([[0.3959464 , 0.1669378 , 0.4371158 ],
       [0.39384302, 0.01065624, 0.5955007 ],
       [0.3784484 , 0.21853647, 0.40301514]], dtype=float32), array([[0.39377692, 0.2108394 , 0.39538366],
       [0.488795  , 0.00978993, 0.501415  ],
       [0.39200917, 0.21443708, 0.39355373]], dtype=float32), array([[0.35217288, 0.29804775, 0.3497794 ],
       [0.53100723, 0.01287149, 0.45612124],
       [0.36774698, 0.26916623, 0.36308676]], dtype=float32), array([[0.3964907 , 0.18475752, 0.4187518 ],
       [0.43120208, 0.012144  , 0.55665386],
       [0.3830448 , 0.21817216, 0.39878306]], dtype=float32), array([[0.26908872, 0.4419536 , 0.2889577 ],
       [0.60563153, 0.02089237, 0.37347618],
       [0.3407362 , 0.32137722, 0.33788654]], dtype=float32), array([[0.28218403, 0.43629232, 0.28152367],
       [0.47465643, 0.04461406, 0.48072946],
       [0.28033498, 0.44000873, 0.27965632]], dtype=float32)]","[array([0., 0., 0.], dtype=float32), array([-0.0392702, -0.0392702, -0.0392702], dtype=float32), array([-0.02441726, -0.02441726, -0.02441726], dtype=float32), array([0.00184572, 0.00184572, 0.00184572], dtype=float32), array([0.03316035, 0.03316035, 0.03316035], dtype=float32), array([0.06610924, 0.06610924, 0.06610924], dtype=float32), array([0.07737336, 0.07737336, 0.07737336], dtype=float32), array([0.09768081, 0.09768081, 0.09768081], dtype=float32), array([0.12351046, 0.12351046, 0.12351046], dtype=float32), array([0.15053406, 0.15053406, 0.15053406], dtype=float32), array([0.17966485, 0.17966485, 0.17966485], dtype=float32), array([0.20269068, 0.20269068, 0.20269068], dtype=float32), array([0.22223467, 0.22223467, 0.22223467], dtype=float32), array([0.23988572, 0.23988572, 0.23988572], dtype=float32), array([0.2556202, 0.2556202, 0.2556202], dtype=float32), array([0.26479718, 0.26479718, 0.26479718], dtype=float32), array([0.2722214, 0.2722214, 0.2722214], dtype=float32), array([0.27931973, 0.27931973, 0.27931973], dtype=float32), array([0.28465274, 0.28465274, 0.28465274], dtype=float32), array([0.2890057, 0.2890057, 0.2890057], dtype=float32), array([0.29306883, 0.29306883, 0.29306883], dtype=float32), array([0.29607275, 0.29607275, 0.29607275], dtype=float32), array([0.2989739, 0.2989739, 0.2989739], dtype=float32), array([0.30099875, 0.30099875, 0.30099875], dtype=float32), array([0.30246544, 0.30246544, 0.30246544], dtype=float32), array([0.300611, 0.300611, 0.300611], dtype=float32), array([0.29880908, 0.29880908, 0.29880908], dtype=float32), array([0.29683113, 0.29683113, 0.29683113], dtype=float32), array([0.29471347, 0.29471347, 0.29471347], dtype=float32), array([0.29349965, 0.29349965, 0.29349965], dtype=float32), array([0.29555053, 0.29555053, 0.29555053], dtype=float32)]","[array([0., 0., 0.], dtype=float32), array([-0.0392702, -0.0392702, -0.0392702], dtype=float32), array([-0.02441726, -0.02441726, -0.02441726], dtype=float32), array([0.00184572, 0.00184572, 0.00184572], dtype=float32), array([0.03316035, 0.03316035, 0.03316035], dtype=float32), array([0.06610924, 0.06610924, 0.06610924], dtype=float32), array([0.07737337, 0.07737337, 0.07737337], dtype=float32), array([0.09768081, 0.09768081, 0.09768081], dtype=float32), array([0.12351046, 0.12351046, 0.12351046], dtype=float32), array([0.15053406, 0.15053406, 0.15053406], dtype=float32), array([0.17966485, 0.17966485, 0.17966485], dtype=float32), array([0.20269066, 0.20269066, 0.20269066], dtype=float32), array([0.22223467, 0.22223467, 0.22223467], dtype=float32), array([0.23988573, 0.23988573, 0.23988573], dtype=float32), array([0.25562018, 0.25562018, 0.25562018], dtype=float32), array([0.26479718, 0.26479718, 0.26479718], dtype=float32), array([0.27222142, 0.27222142, 0.27222142], dtype=float32), array([0.27931973, 0.27931973, 0.27931973], dtype=float32), array([0.28465274, 0.28465274, 0.28465274], dtype=float32), array([0.2890057, 0.2890057, 0.2890057], dtype=float32), array([0.29306883, 0.29306883, 0.29306883], dtype=float32), array([0.29607272, 0.29607272, 0.29607272], dtype=float32), array([0.2989739, 0.2989739, 0.2989739], dtype=float32), array([0.30099875, 0.30099875, 0.30099875], dtype=float32), array([0.30246547, 0.30246547, 0.30246547], dtype=float32), array([0.30061096, 0.30061096, 0.30061096], dtype=float32), array([0.29880908, 0.29880908, 0.29880908], dtype=float32), array([0.29683113, 0.29683113, 0.29683113], dtype=float32), array([0.29471347, 0.29471347, 0.29471347], dtype=float32), array([0.29349965, 0.29349965, 0.29349965], dtype=float32), array([0.29555053, 0.29555053, 0.29555053], dtype=float32)]",1,0,0,0,0,0,55.44166666666666,63.640151515151516,0.00016195829692289103,2000,0.0003637767355388293,1.75,2000,1.75,2000,2000,0.31497528101317585,-0.13091178238391876,30969,-0.004014253616333008,0.0013802934991,0.042323239147663116,81158,30969,94.87975311279297,0.4722185432910919,1.0,0.2404155135154724,1.0,0.22418057918548584,999.0,0.0,0.6504941582679749,354.5933771126442,0.0,999.0,30969,0.0013802934991,23810,30969,0.0393447157605,0.0,1.0,1.0,354.5947956941516,93000,93000,104968,61938,0,61938,1064.865434313618,6847080.878735316,6504742.7001549825,10.5,50,1.0,-10.5,0.7837645722890833,0.002384724520961754,0.00025515490718651287,0.0003454649995546788,0.7837645722890833,100,0.19269511400489137,2.74,2,50,2.0,9.432899122953936e-05,2,2100,0.0003771274766808843,0.0007832685348240839,100,100,2.74,100,100,2.74,6.929604279200885e-06,7.621880512089551e-06,4.4730845519955476e-05,3.361259796063436e-05,2.051207722399187e-05,2.8988318995374187e-05,4.854511046982618e-05,1.6375531845398974e-05,2.9006203985184622e-05,2.2049081190363015e-05,0.0001518160828150778,0.050512875997810625,0.006222018011612818,0.04886260099010542,0.16492343999561854,0.028172506994451396,0.015466699987882748,0.0001615149958524853,108066,31.0,108066,0.0,498.0,31.0,92.6487045288086,0.04270419105887413,0.4722185730934143,31.0,108066,0.20930108,498.0,1.0,0.653293788433075,31.0,-0.14584852755069733,108066,-0.0002777576446533203,651000,216132,651000,216132,12563.86364815014,1.8083137817241942e-05,0.0001195745990217262,5.767021155850916e-05,3.596464100414652e-05,1.0854422048369395e-05,0.00012060521055678704,3.131276960302891e-05,4.661650213972339e-05,5.773352520774899e-05,0.0003557593710721199,5.075517095239672e-05
1,4000,False,2,d1e1b_00000,2025-08-17_20-32-22,1755462742,93.32001757621765,185.35917925834656,685847,intrinsic-attention2,10.156.0.3,185.35917925834656,2,91.84070263941962,1.675299703492783e-05,91.8404634180211,2.8593235137255397,88.65558173699975,0.0019749919994501396,0.0016516113202669658,3.14,1.0,-10.5,4.982673537452831e-05,0.00010651191144566295,0.0002576240076450631,1.0067001111073661,2,2000,2,2000,2.8292891965265152,1.0067001111073661,4000,2.0,10.5,1000,703.4079964229289,2000.0,3000.0,"[array([[0.39623928, 0.1849836 , 0.4187771 ],
       [0.43091452, 0.01280108, 0.55628437],
       [0.3828669 , 0.21832518, 0.3988079 ]], dtype=float32), array([[0.23640043, 0.4922196 , 0.27138   ],
       [0.6443768 , 0.02008781, 0.3355354 ],
       [0.34086004, 0.32192567, 0.3372143 ]], dtype=float32), array([[0.3136843 , 0.36653513, 0.3197805 ],
       [0.6087367 , 0.01297387, 0.3782895 ],
       [0.3743606 , 0.26665425, 0.35898516]], dtype=float32), array([[0.33097836, 0.33744612, 0.33157548],
       [0.5769301 , 0.01427664, 0.40879312],
       [0.3715926 , 0.2679597 , 0.3604477 ]], dtype=float32), array([[0.23779684, 0.48963654, 0.27256665],
       [0.64094424, 0.02152069, 0.33753508],
       [0.34064722, 0.32225865, 0.33709413]], dtype=float32), array([[0.234567  , 0.5115779 , 0.25385514],
       [0.5431155 , 0.03996607, 0.4169185 ],
       [0.27838185, 0.4306512 , 0.290967  ]], dtype=float32), array([[0.2698519 , 0.44040185, 0.28974622],
       [0.6012491 , 0.02343213, 0.37531883],
       [0.33999693, 0.32259098, 0.33741206]], dtype=float32), array([[0.25492245, 0.4791798 , 0.26589775],
       [0.5190348 , 0.04209825, 0.438867  ],
       [0.28150746, 0.42895347, 0.28953907]], dtype=float32), array([[0.39313695, 0.17341179, 0.43345124],
       [0.3980613 , 0.01544353, 0.5864951 ],
       [0.37671483, 0.22205754, 0.40122762]], dtype=float32), array([[0.39267662, 0.17442943, 0.43289402],
       [0.39864096, 0.01638686, 0.5849722 ],
       [0.3764416 , 0.22258149, 0.4009769 ]], dtype=float32), array([[0.2891651 , 0.4110874 , 0.29974753],
       [0.5580235 , 0.02918616, 0.41279033],
       [0.33156708, 0.3363775 , 0.3320554 ]], dtype=float32), array([[0.3470439 , 0.2997745 , 0.35318166],
       [0.4105399 , 0.03179975, 0.55766034],
       [0.31887197, 0.36764386, 0.31348416]], dtype=float32), array([[0.3289674 , 0.34193674, 0.3290959 ],
       [0.4902563 , 0.03271125, 0.47703245],
       [0.3321042 , 0.33575493, 0.3321409 ]], dtype=float32), array([[0.2826787 , 0.433431  , 0.2838903 ],
       [0.4814766 , 0.04802574, 0.47049767],
       [0.28604507, 0.4267624 , 0.28719255]], dtype=float32), array([[0.28833956, 0.4110997 , 0.30056068],
       [0.57479954, 0.02568222, 0.3995182 ],
       [0.33958393, 0.32283622, 0.33757988]], dtype=float32), array([[0.21600452, 0.52207494, 0.26192054],
       [0.6652362 , 0.02123732, 0.31352654],
       [0.34177878, 0.32107523, 0.33714604]], dtype=float32), array([[0.32216072, 0.36047256, 0.3173667 ],
       [0.41023934, 0.06293665, 0.52682406],
       [0.293299  , 0.4278088 , 0.27889228]], dtype=float32), array([[0.35963556, 0.2821487 , 0.3582158 ],
       [0.5006585 , 0.02315176, 0.47618973],
       [0.36437064, 0.2729701 , 0.36265922]], dtype=float32), array([[0.3184312 , 0.36094776, 0.320621  ],
       [0.5097415 , 0.04427368, 0.44598478],
       [0.33510482, 0.33006778, 0.3348274 ]], dtype=float32), array([[0.3181678 , 0.36425212, 0.3175801 ],
       [0.46893415, 0.04717814, 0.48388773],
       [0.31434327, 0.37203667, 0.3136201 ]], dtype=float32), array([[0.22922514, 0.49576232, 0.2750126 ],
       [0.636797  , 0.03730248, 0.32590052],
       [0.34438363, 0.3177221 , 0.33789423]], dtype=float32), array([[0.33179963, 0.33632407, 0.33187625],
       [0.4770859 , 0.06212265, 0.46079147],
       [0.33574793, 0.32862678, 0.33562526]], dtype=float32), array([[0.32003698, 0.3576705 , 0.3222926 ],
       [0.4976801 , 0.06478585, 0.4375341 ],
       [0.33623675, 0.32804963, 0.33571354]], dtype=float32), array([[0.27450055, 0.44192958, 0.28356984],
       [0.4785675 , 0.09337794, 0.42805454],
       [0.29266408, 0.4079607 , 0.2993752 ]], dtype=float32), array([[0.3521865 , 0.29748145, 0.35033202],
       [0.49411207, 0.04686737, 0.45902056],
       [0.35952535, 0.28360653, 0.35686812]], dtype=float32), array([[0.25919983, 0.44815174, 0.29264843],
       [0.58972454, 0.05782931, 0.35244617],
       [0.34533182, 0.31605238, 0.3386158 ]], dtype=float32), array([[0.24089462, 0.47322553, 0.28587988],
       [0.60792786, 0.0576052 , 0.33446696],
       [0.3463458 , 0.31542468, 0.33822948]], dtype=float32), array([[0.3333296 , 0.33334062, 0.3333298 ],
       [0.46702963, 0.08256385, 0.4504065 ],
       [0.33741823, 0.32541892, 0.3371628 ]], dtype=float32), array([[0.29482782, 0.40825698, 0.29691514],
       [0.4487376 , 0.11552971, 0.43573272],
       [0.29927298, 0.39957333, 0.3011537 ]], dtype=float32), array([[0.32255632, 0.35278952, 0.3246541 ],
       [0.48473597, 0.08713242, 0.42813158],
       [0.3382032 , 0.32459697, 0.33719987]], dtype=float32), array([[0.29661188, 0.39347056, 0.30991763],
       [0.52276796, 0.08381378, 0.3934182 ],
       [0.33916622, 0.32405895, 0.33677483]], dtype=float32)]","[array([0.29773137, 0.29773137, 0.29773137], dtype=float32), array([0.30055717, 0.30055717, 0.30055717], dtype=float32), array([0.30296817, 0.30296817, 0.30296817], dtype=float32), array([0.30704445, 0.30704445, 0.30704445], dtype=float32), array([0.308513, 0.308513, 0.308513], dtype=float32), array([0.31246105, 0.31246105, 0.31246105], dtype=float32), array([0.31639525, 0.31639525, 0.31639525], dtype=float32), array([0.32142213, 0.32142213, 0.32142213], dtype=float32), array([0.32528844, 0.32528844, 0.32528844], dtype=float32), array([0.33055687, 0.33055687, 0.33055687], dtype=float32), array([0.32812414, 0.32812414, 0.32812414], dtype=float32), array([0.32572514, 0.32572514, 0.32572514], dtype=float32), array([0.31540945, 0.31540945, 0.31540945], dtype=float32), array([0.31213778, 0.31213778, 0.31213778], dtype=float32), array([0.30076057, 0.30076057, 0.30076057], dtype=float32), array([0.28933236, 0.28933236, 0.28933236], dtype=float32), array([0.27421525, 0.27421525, 0.27421525], dtype=float32), array([0.25673005, 0.25673005, 0.25673005], dtype=float32), array([0.24105375, 0.24105375, 0.24105375], dtype=float32), array([0.23231633, 0.23231633, 0.23231633], dtype=float32), array([0.22401802, 0.22401802, 0.22401802], dtype=float32), array([0.20844077, 0.20844077, 0.20844077], dtype=float32), array([0.19759867, 0.19759867, 0.19759867], dtype=float32), array([0.18450667, 0.18450667, 0.18450667], dtype=float32), array([0.17304555, 0.17304555, 0.17304555], dtype=float32), array([0.16537239, 0.16537239, 0.16537239], dtype=float32), array([0.16172028, 0.16172028, 0.16172028], dtype=float32), array([0.15929021, 0.15929021, 0.15929021], dtype=float32), array([0.15498064, 0.15498064, 0.15498064], dtype=float32), array([0.14804232, 0.14804232, 0.14804232], dtype=float32), array([0.13953419, 0.13953419, 0.13953419], dtype=float32)]","[array([0.29773137, 0.29773137, 0.29773137], dtype=float32), array([0.3005572, 0.3005572, 0.3005572], dtype=float32), array([0.3029682, 0.3029682, 0.3029682], dtype=float32), array([0.30704445, 0.30704445, 0.30704445], dtype=float32), array([0.30851302, 0.30851302, 0.30851302], dtype=float32), array([0.31246108, 0.31246108, 0.31246108], dtype=float32), array([0.31639525, 0.31639525, 0.31639525], dtype=float32), array([0.32142213, 0.32142213, 0.32142213], dtype=float32), array([0.32528844, 0.32528844, 0.32528844], dtype=float32), array([0.33055684, 0.33055684, 0.33055684], dtype=float32), array([0.3281241, 0.3281241, 0.3281241], dtype=float32), array([0.32572514, 0.32572514, 0.32572514], dtype=float32), array([0.31540948, 0.31540948, 0.31540948], dtype=float32), array([0.31213778, 0.31213778, 0.31213778], dtype=float32), array([0.30076057, 0.30076057, 0.30076057], dtype=float32), array([0.28933233, 0.28933233, 0.28933233], dtype=float32), array([0.27421528, 0.27421528, 0.27421528], dtype=float32), array([0.25673005, 0.25673005, 0.25673005], dtype=float32), array([0.24105375, 0.24105375, 0.24105375], dtype=float32), array([0.23231632, 0.23231632, 0.23231632], dtype=float32), array([0.22401802, 0.22401802, 0.22401802], dtype=float32), array([0.20844077, 0.20844077, 0.20844077], dtype=float32), array([0.19759867, 0.19759867, 0.19759867], dtype=float32), array([0.18450667, 0.18450667, 0.18450667], dtype=float32), array([0.17304555, 0.17304555, 0.17304555], dtype=float32), array([0.16537237, 0.16537237, 0.16537237], dtype=float32), array([0.16172028, 0.16172028, 0.16172028], dtype=float32), array([0.15929022, 0.15929022, 0.15929022], dtype=float32), array([0.15498064, 0.15498064, 0.15498064], dtype=float32), array([0.14804232, 0.14804232, 0.14804232], dtype=float32), array([0.1395342, 0.1395342, 0.1395342], dtype=float32)]",1,0,0,0,0,0,56.54962406015038,64.14135338345865,0.0001675564082337916,2000,0.0003928942809169217,3.14,4000,3.14,4000,2000,0.31513262876309456,-0.13516183197498322,61938,0.005507051944732666,0.0013802934991,0.06756329536437988,81158,30969,1122.4962158203125,0.4722185432910919,2.0,0.3606232702732086,1.0,0.22959280014038086,999.0,0.0,0.5038533210754395,354.21065054695754,0.0,999.0,61938,0.0013802934991,23810,30969,0.0393447157605,0.0,2.0,1.0,354.2120102065649,186000,93000,104968,61938,0,123876,1063.7152964575125,6812249.998597114,6504614.98606841,10.5,50,2.0,-10.5,0.9573306375970015,0.0020374031002575064,0.00014278404472895786,0.00034368102962616836,0.9573306375970015,100,0.19214626216475153,5.34,2,100,2.0,6.027437591454249e-05,2,4100,0.00021496774529451996,0.0004835161313824296,200,100,5.34,200,100,5.34,7.170508943334697e-06,8.246203700355037e-06,4.5893771690660594e-05,3.4830123586123936e-05,2.1352026707274912e-05,3.0737784912569274e-05,5.235543874578753e-05,1.777647425946001e-05,3.123354404196511e-05,2.366741251916853e-05,0.0001667854839571223,0.05056599158793688,0.006226741221471457,0.04887242592012626,0.1649975817356608,0.028184957484481854,0.015465217118035071,0.0001615579560166225,216132,61.0,108066,0.0,498.0,62.0,92.56400299072266,0.06324508786201477,0.4722185730934143,61.0,108066,0.22523451,498.0,1.0,0.5051673054695129,62.0,-0.13341177999973297,216132,-0.00014293193817138672,651000,432264,1302000,216132,12436.436309136088,1.0288369900834203e-05,6.264460611342801e-05,3.9905043245996395e-05,2.447351692691541e-05,7.715973163639167e-06,6.77643109698493e-05,2.0229664600497183e-05,3.400156831035767e-05,3.061257494160662e-05,0.00021331266659149642,3.489047163523636e-05
1,6000,False,3,d1e1b_00000,2025-08-17_20-33-54,1755462834,92.1117491722107,277.47092843055725,685847,intrinsic-attention2,10.156.0.3,277.47092843055725,3,91.84136512367543,1.6793957010668235e-05,91.84112376354095,2.857107274708228,88.65840920979984,0.0019884607894695362,0.0015599644296162296,7.14,2.0,-10.5,4.790832502329451e-05,0.00010241732280401581,0.0002576240076450631,1.0067001111073661,2,2000,2,3000,2.8270751833512446,1.0067001111073661,6000,2.0,10.5,1000,700.1612235456672,2000.0,3000.0,"[array([[0.30893064, 0.385519  , 0.30555037],
       [0.41974044, 0.13641705, 0.44384253],
       [0.30120942, 0.4018645 , 0.2969261 ]], dtype=float32), array([[0.26841906, 0.4470687 , 0.28451225],
       [0.4712297 , 0.12410323, 0.40466705],
       [0.29549208, 0.39873493, 0.30577293]], dtype=float32), array([[0.28250217, 0.4116583 , 0.30583954],
       [0.5478309 , 0.08359665, 0.36857247],
       [0.3466361 , 0.31390148, 0.3394624 ]], dtype=float32), array([[0.29767972, 0.40240335, 0.2999169 ],
       [0.43768948, 0.13706353, 0.425247  ],
       [0.30209827, 0.39380756, 0.30409417]], dtype=float32), array([[0.31641608, 0.36221412, 0.3213698 ],
       [0.4912704 , 0.09971897, 0.40901062],
       [0.34117034, 0.32014418, 0.33868545]], dtype=float32), array([[0.34272918, 0.23756228, 0.4197085 ],
       [0.32209045, 0.11875787, 0.55915165],
       [0.33418489, 0.32837364, 0.33744156]], dtype=float32), array([[0.3124121 , 0.37747613, 0.31011182],
       [0.41450104, 0.15473159, 0.43076742],
       [0.30713913, 0.3885291 , 0.30433172]], dtype=float32), array([[0.3127169 , 0.37682268, 0.31046048],
       [0.4119793 , 0.16070093, 0.42731982],
       [0.30768788, 0.38736355, 0.30494857]], dtype=float32), array([[0.32901025, 0.3451695 , 0.3258202 ],
       [0.3797763 , 0.17641725, 0.44380647],
       [0.31293598, 0.38741434, 0.29964978]], dtype=float32), array([[0.27637875, 0.4169146 , 0.3067066 ],
       [0.53821117, 0.10553762, 0.35625124],
       [0.34802392, 0.31313872, 0.33883733]], dtype=float32), array([[0.30108488, 0.39520043, 0.30371466],
       [0.42075425, 0.17047165, 0.40877405],
       [0.3056519 , 0.38639677, 0.30795133]], dtype=float32), array([[0.332758  , 0.33430558, 0.33293647],
       [0.49220613, 0.09890169, 0.40889212],
       [0.35544032, 0.29649043, 0.34806928]], dtype=float32), array([[0.320087  , 0.35566297, 0.32425   ],
       [0.46584165, 0.13423099, 0.39992738],
       [0.34079275, 0.32091632, 0.33829096]], dtype=float32), array([[0.29623196, 0.40162238, 0.30214563],
       [0.4204159 , 0.18148929, 0.3980948 ],
       [0.3054635 , 0.38447514, 0.3100613 ]], dtype=float32), array([[0.30757898, 0.37398607, 0.31843486],
       [0.47842154, 0.13790879, 0.38366964],
       [0.34114838, 0.32131043, 0.33754116]], dtype=float32), array([[0.36699453, 0.24201892, 0.39098653],
       [0.4009375 , 0.11286304, 0.4861995 ],
       [0.3577529 , 0.26853976, 0.37370735]], dtype=float32), array([[0.33442336, 0.33127785, 0.3342988 ],
       [0.42961618, 0.15743816, 0.4129457 ],
       [0.33891475, 0.32281998, 0.3382653 ]], dtype=float32), array([[0.31542748, 0.36081108, 0.3237614 ],
       [0.5087291 , 0.11198419, 0.37928665],
       [0.3577087 , 0.29721126, 0.34508   ]], dtype=float32), array([[0.32091907, 0.35408634, 0.32499456],
       [0.45176387, 0.15455732, 0.39367878],
       [0.33981296, 0.3226291 , 0.3375579 ]], dtype=float32), array([[0.3266752 , 0.35111535, 0.32220942],
       [0.3721767 , 0.21432185, 0.4135014 ],
       [0.3149719 , 0.38133898, 0.30368906]], dtype=float32), array([[0.3206231 , 0.3546265 , 0.32475033],
       [0.45440564, 0.15060425, 0.39499018],
       [0.33983296, 0.32257423, 0.33759284]], dtype=float32), array([[0.3026661 , 0.3917286 , 0.30560526],
       [0.41104904, 0.18964432, 0.39930665],
       [0.30736652, 0.38273123, 0.3099023 ]], dtype=float32), array([[0.31744394, 0.36918253, 0.3133736 ],
       [0.38961637, 0.19746603, 0.41291758],
       [0.3096212 , 0.38657665, 0.3038022 ]], dtype=float32), array([[0.30674386, 0.3755449 , 0.3177112 ],
       [0.4790192 , 0.13600649, 0.38497436],
       [0.34000936, 0.32299745, 0.33699316]], dtype=float32), array([[0.3252238 , 0.3542578 , 0.32051837],
       [0.37886605, 0.19793937, 0.42319456],
       [0.31256783, 0.38589147, 0.30154076]], dtype=float32), array([[0.30655608, 0.37591648, 0.3175275 ],
       [0.47975552, 0.1347946 , 0.38544983],
       [0.33983833, 0.32324383, 0.33691785]], dtype=float32), array([[0.2948345 , 0.40385112, 0.3013144 ],
       [0.42202967, 0.1800623 , 0.397908  ],
       [0.30487856, 0.38527247, 0.3098489 ]], dtype=float32), array([[0.31293407, 0.3759001 , 0.31116584],
       [0.4034553 , 0.18311739, 0.41342735],
       [0.3094709 , 0.38309288, 0.30743623]], dtype=float32), array([[0.31832722, 0.3586753 , 0.3229975 ],
       [0.4661257 , 0.13366021, 0.40021402],
       [0.33925524, 0.32345814, 0.33728665]], dtype=float32), array([[0.3182176 , 0.35890558, 0.3228769 ],
       [0.46905774, 0.12944739, 0.40149495],
       [0.3395029 , 0.32302824, 0.3374689 ]], dtype=float32), array([[0.31793022, 0.3594784 , 0.32259136],
       [0.474154  , 0.12210641, 0.4037397 ],
       [0.33982876, 0.3224499 , 0.33772138]], dtype=float32)]","[array([0.13052407, 0.13052407, 0.13052407], dtype=float32), array([0.12016416, 0.12016416, 0.12016416], dtype=float32), array([0.11018954, 0.11018954, 0.11018954], dtype=float32), array([0.10700997, 0.10700997, 0.10700997], dtype=float32), array([0.10587349, 0.10587349, 0.10587349], dtype=float32), array([0.10903927, 0.10903927, 0.10903927], dtype=float32), array([0.114764, 0.114764, 0.114764], dtype=float32), array([0.11778424, 0.11778424, 0.11778424], dtype=float32), array([0.12332533, 0.12332533, 0.12332533], dtype=float32), array([0.13245776, 0.13245776, 0.13245776], dtype=float32), array([0.1410555, 0.1410555, 0.1410555], dtype=float32), array([0.15365581, 0.15365581, 0.15365581], dtype=float32), array([0.16178857, 0.16178857, 0.16178857], dtype=float32), array([0.16474637, 0.16474637, 0.16474637], dtype=float32), array([0.17143992, 0.17143992, 0.17143992], dtype=float32), array([0.17313445, 0.17313445, 0.17313445], dtype=float32), array([0.17430167, 0.17430167, 0.17430167], dtype=float32), array([0.17494439, 0.17494439, 0.17494439], dtype=float32), array([0.16955088, 0.16955088, 0.16955088], dtype=float32), array([0.16940393, 0.16940393, 0.16940393], dtype=float32), array([0.16382922, 0.16382922, 0.16382922], dtype=float32), array([0.15564834, 0.15564834, 0.15564834], dtype=float32), array([0.15074752, 0.15074752, 0.15074752], dtype=float32), array([0.14174294, 0.14174294, 0.14174294], dtype=float32), array([0.13645674, 0.13645674, 0.13645674], dtype=float32), array([0.13426064, 0.13426064, 0.13426064], dtype=float32), array([0.13230494, 0.13230494, 0.13230494], dtype=float32), array([0.12530848, 0.12530848, 0.12530848], dtype=float32), array([0.12455595, 0.12455595, 0.12455595], dtype=float32), array([0.11808409, 0.11808409, 0.11808409], dtype=float32), array([0.11484217, 0.11484217, 0.11484217], dtype=float32)]","[array([0.13052407, 0.13052407, 0.13052407], dtype=float32), array([0.12016416, 0.12016416, 0.12016416], dtype=float32), array([0.11018955, 0.11018955, 0.11018955], dtype=float32), array([0.10700998, 0.10700998, 0.10700998], dtype=float32), array([0.1058735, 0.1058735, 0.1058735], dtype=float32), array([0.10903928, 0.10903928, 0.10903928], dtype=float32), array([0.114764, 0.114764, 0.114764], dtype=float32), array([0.11778423, 0.11778423, 0.11778423], dtype=float32), array([0.12332532, 0.12332532, 0.12332532], dtype=float32), array([0.13245776, 0.13245776, 0.13245776], dtype=float32), array([0.1410555, 0.1410555, 0.1410555], dtype=float32), array([0.15365581, 0.15365581, 0.15365581], dtype=float32), array([0.16178855, 0.16178855, 0.16178855], dtype=float32), array([0.16474636, 0.16474636, 0.16474636], dtype=float32), array([0.17143992, 0.17143992, 0.17143992], dtype=float32), array([0.17313442, 0.17313442, 0.17313442], dtype=float32), array([0.17430165, 0.17430165, 0.17430165], dtype=float32), array([0.17494439, 0.17494439, 0.17494439], dtype=float32), array([0.1695509, 0.1695509, 0.1695509], dtype=float32), array([0.16940396, 0.16940396, 0.16940396], dtype=float32), array([0.16382924, 0.16382924, 0.16382924], dtype=float32), array([0.15564832, 0.15564832, 0.15564832], dtype=float32), array([0.15074752, 0.15074752, 0.15074752], dtype=float32), array([0.14174296, 0.14174296, 0.14174296], dtype=float32), array([0.13645674, 0.13645674, 0.13645674], dtype=float32), array([0.13426062, 0.13426062, 0.13426062], dtype=float32), array([0.13230494, 0.13230494, 0.13230494], dtype=float32), array([0.12530848, 0.12530848, 0.12530848], dtype=float32), array([0.12455594, 0.12455594, 0.12455594], dtype=float32), array([0.11808408, 0.11808408, 0.11808408], dtype=float32), array([0.11484217, 0.11484217, 0.11484217], dtype=float32)]",1,0,0,0,0,0,56.329770992366406,64.37862595419847,0.00016006631547585458,2000,0.00037234521821627654,7.14,6000,7.14,6000,2000,0.31518720512539733,-0.06641451269388199,92907,0.0023533105850219727,0.0013802934991,0.0161266066133976,81158,30969,809.7281494140625,0.4722185432910919,3.0,0.3606232702732086,1.0,0.2880355417728424,999.0,0.0,0.41469135880470276,353.7325356368227,0.0,999.0,92907,0.0013802934991,23810,30969,0.0393447157605,0.0,3.0,1.0,353.7338254974433,279000,93000,104968,61938,0,185814,1062.2785866759775,6771590.64310439,6497324.721755516,10.5,50,3.0,-10.5,0.9957671529634575,0.0019986281196179333,0.00015207030539044131,0.00034232071927981454,0.9957671529634575,100,0.19209604788313445,7.74,2,150,2.0,6.379947839158064e-05,2,6100,0.00022982337171197922,0.0005268353601494089,300,100,7.74,300,100,7.74,6.760725160856235e-06,7.692025099201777e-06,4.3665020938447634e-05,3.337616901291626e-05,2.0577263585514783e-05,2.9454730158144958e-05,4.937637983195252e-05,1.6342083220101322e-05,2.9277560170893542e-05,2.2620625112595097e-05,0.000157764819660182,0.05058568961197161,0.006230525519275397,0.04886363260083453,0.165029375418296,0.028189688419637968,0.015464631326764356,0.00016164566649240443,324198,91.0,108066,0.0,498.0,93.0,92.64385223388672,0.015616376884281635,0.4722185730934143,91.0,108066,0.29274574,498.0,1.0,0.41945114731788635,93.0,-0.05838508903980255,324198,0.00037384033203125,651000,648396,1953000,216132,12290.851175206104,1.018572311148964e-05,6.27977042133322e-05,4.6336494364389084e-05,2.6911683485576066e-05,9.001656753640304e-06,7.139773483021817e-05,2.312880684524258e-05,4.027977959938656e-05,3.126244102153741e-05,0.0002204921305627874,4.1225090866522815e-05
1,8000,False,4,d1e1b_00000,2025-08-17_20-35-33,1755462933,98.25270819664001,375.72363662719727,685847,intrinsic-attention2,10.156.0.3,375.72363662719727,4,91.90400212135873,1.681895750107651e-05,91.9037588835355,2.8656770506111604,88.71042225287182,0.001988217561487923,0.0022699972307600545,8.45,3.0,-10.5,6.40528069325445e-05,0.00015382339239120742,0.0002576240076450631,1.0067001111073661,2,2000,2,4000,2.835455411697716,1.0067001111073661,8000,2.0,10.5,1000,695.5342423496667,2000.0,3000.0,"[array([[0.29114845, 0.41100132, 0.29785016],
       [0.4398761 , 0.15034102, 0.40978286],
       [0.3028279 , 0.3892823 , 0.30788982]], dtype=float32), array([[0.31264848, 0.37688458, 0.31046697],
       [0.42087442, 0.1405994 , 0.43852615],
       [0.30711815, 0.38845566, 0.3044262 ]], dtype=float32), array([[0.28823754, 0.4168489 , 0.29491356],
       [0.45564383, 0.124056  , 0.42030016],
       [0.30116647, 0.39266717, 0.30616632]], dtype=float32), array([[0.32329634, 0.3575361 , 0.31916755],
       [0.40146795, 0.13872665, 0.45980546],
       [0.30753362, 0.39456365, 0.29790273]], dtype=float32), array([[0.3744263 , 0.24849981, 0.37707388],
       [0.46192902, 0.05959354, 0.47847748],
       [0.37185577, 0.25384018, 0.374304  ]], dtype=float32), array([[0.34361312, 0.31447467, 0.3419122 ],
       [0.48863858, 0.07230742, 0.439054  ],
       [0.35513872, 0.29349408, 0.3513672 ]], dtype=float32), array([[0.32686424, 0.34495184, 0.32818395],
       [0.46969783, 0.10917675, 0.4211254 ],
       [0.34037122, 0.32076493, 0.33886388]], dtype=float32), array([[0.2882789 , 0.41634503, 0.2953761 ],
       [0.4496898 , 0.13502818, 0.415282  ],
       [0.30126926, 0.3921597 , 0.306571  ]], dtype=float32), array([[0.34928936, 0.24636374, 0.40434697],
       [0.3399233 , 0.10600667, 0.55407006],
       [0.33377558, 0.33148274, 0.33474165]], dtype=float32), array([[0.32408643, 0.35603812, 0.31987545],
       [0.39877352, 0.13991593, 0.46131057],
       [0.3074033 , 0.395814  , 0.29678273]], dtype=float32), array([[0.3393118 , 0.3216836 , 0.33900452],
       [0.4615355 , 0.08960001, 0.44886452],
       [0.3422908 , 0.31588483, 0.3418244 ]], dtype=float32), array([[0.32947156, 0.3403511 , 0.3301773 ],
       [0.47993377, 0.09017483, 0.42989135],
       [0.3426898 , 0.31641608, 0.34089416]], dtype=float32), array([[0.29923907, 0.38727567, 0.31348526],
       [0.5358016 , 0.08214317, 0.3820553 ],
       [0.34985992, 0.3081907 , 0.34194937]], dtype=float32), array([[0.29870486, 0.38784802, 0.31344718],
       [0.5338056 , 0.08546221, 0.38073215],
       [0.34968063, 0.3086066 , 0.34171277]], dtype=float32), array([[0.32820055, 0.34261993, 0.32917956],
       [0.47098386, 0.1046415 , 0.4243746 ],
       [0.3409024 , 0.31970775, 0.3393899 ]], dtype=float32), array([[0.33471859, 0.32861778, 0.3366636 ],
       [0.36541602, 0.16658497, 0.46799907],
       [0.31424606, 0.3928458 , 0.29290813]], dtype=float32), array([[0.3345143 , 0.3292948 , 0.3361909 ],
       [0.36493492, 0.16850981, 0.4665553 ],
       [0.31414673, 0.39338621, 0.29246703]], dtype=float32), array([[0.27205148, 0.440519  , 0.28742948],
       [0.46108976, 0.13732973, 0.4015805 ],
       [0.29688483, 0.39628577, 0.30682942]], dtype=float32), array([[0.334371  , 0.3297661 , 0.3358629 ],
       [0.36449972, 0.16892627, 0.46657395],
       [0.313868  , 0.39447024, 0.29166177]], dtype=float32), array([[0.27201432, 0.44051388, 0.2874718 ],
       [0.45935687, 0.13983883, 0.40080425],
       [0.296656  , 0.39664283, 0.3067012 ]], dtype=float32), array([[0.2493476 , 0.45462176, 0.29603067],
       [0.5875221 , 0.08005703, 0.3324209 ],
       [0.35341144, 0.30708474, 0.33950377]], dtype=float32), array([[0.31686097, 0.36144185, 0.32169715],
       [0.48585808, 0.1062514 , 0.40789056],
       [0.3405361 , 0.32120964, 0.33825427]], dtype=float32), array([[0.31735706, 0.36062086, 0.32202208],
       [0.4875245 , 0.1038589 , 0.40861657],
       [0.34113383, 0.32019126, 0.33867487]], dtype=float32), array([[0.33694857, 0.3263448 , 0.3367067 ],
       [0.4544326 , 0.10577058, 0.43979684],
       [0.34053287, 0.31942326, 0.34004384]], dtype=float32), array([[0.33779368, 0.32469454, 0.3375118 ],
       [0.4558435 , 0.10245081, 0.44170576],
       [0.34121466, 0.31807604, 0.34070933]], dtype=float32), array([[0.2841394 , 0.4234912 , 0.2923694 ],
       [0.45367378, 0.1311906 , 0.41513556],
       [0.29888228, 0.39614934, 0.30496842]], dtype=float32), array([[0.35226986, 0.26723197, 0.38049814],
       [0.36902526, 0.10049677, 0.530478  ],
       [0.33256465, 0.3357556 , 0.3316798 ]], dtype=float32), array([[0.34042478, 0.319501  , 0.34007418],
       [0.4608918 , 0.0902624 , 0.44884577],
       [0.34322912, 0.314037  , 0.34273392]], dtype=float32), array([[0.28312248, 0.42598677, 0.2908908 ],
       [0.46460816, 0.11246346, 0.42292842],
       [0.29830453, 0.3976546 , 0.30404085]], dtype=float32), array([[0.2644417 , 0.43708438, 0.29847398],
       [0.59922695, 0.05856939, 0.34220362],
       [0.35789427, 0.29930004, 0.3428057 ]], dtype=float32), array([[0.26844504, 0.44863117, 0.28292376],
       [0.48512772, 0.10148639, 0.41338593],
       [0.2956422 , 0.39947167, 0.30488607]], dtype=float32)]","[array([0.10555501, 0.10555501, 0.10555501], dtype=float32), array([0.09538655, 0.09538655, 0.09538655], dtype=float32), array([0.08361316, 0.08361316, 0.08361316], dtype=float32), array([0.07265248, 0.07265248, 0.07265248], dtype=float32), array([0.06039451, 0.06039451, 0.06039451], dtype=float32), array([0.04661096, 0.04661096, 0.04661096], dtype=float32), array([0.02724821, 0.02724821, 0.02724821], dtype=float32), array([0.00800535, 0.00800535, 0.00800535], dtype=float32), array([-0.01585205, -0.01585205, -0.01585205], dtype=float32), array([-0.03991393, -0.03991393, -0.03991393], dtype=float32), array([-0.06705386, -0.06705386, -0.06705386], dtype=float32), array([-0.09437644, -0.09437644, -0.09437644], dtype=float32), array([-0.11646725, -0.11646725, -0.11646725], dtype=float32), array([-0.13859165, -0.13859165, -0.13859165], dtype=float32), array([-0.1635562, -0.1635562, -0.1635562], dtype=float32), array([-0.18522707, -0.18522707, -0.18522707], dtype=float32), array([-0.2037878, -0.2037878, -0.2037878], dtype=float32), array([-0.22459744, -0.22459744, -0.22459744], dtype=float32), array([-0.24574469, -0.24574469, -0.24574469], dtype=float32), array([-0.27084768, -0.27084768, -0.27084768], dtype=float32), array([-0.29497457, -0.29497457, -0.29497457], dtype=float32), array([-0.3118061, -0.3118061, -0.3118061], dtype=float32), array([-0.33400244, -0.33400244, -0.33400244], dtype=float32), array([-0.35314792, -0.35314792, -0.35314792], dtype=float32), array([-0.36790422, -0.36790422, -0.36790422], dtype=float32), array([-0.38185474, -0.38185474, -0.38185474], dtype=float32), array([-0.3963989, -0.3963989, -0.3963989], dtype=float32), array([-0.40950608, -0.40950608, -0.40950608], dtype=float32), array([-0.42708564, -0.42708564, -0.42708564], dtype=float32), array([-0.4423699, -0.4423699, -0.4423699], dtype=float32), array([-0.4530391, -0.4530391, -0.4530391], dtype=float32)]","[array([0.10555503, 0.10555503, 0.10555503], dtype=float32), array([0.09538653, 0.09538653, 0.09538653], dtype=float32), array([0.08361317, 0.08361317, 0.08361317], dtype=float32), array([0.07265247, 0.07265247, 0.07265247], dtype=float32), array([0.06039452, 0.06039452, 0.06039452], dtype=float32), array([0.04661096, 0.04661096, 0.04661096], dtype=float32), array([0.02724821, 0.02724821, 0.02724821], dtype=float32), array([0.00800535, 0.00800535, 0.00800535], dtype=float32), array([-0.01585205, -0.01585205, -0.01585205], dtype=float32), array([-0.03991392, -0.03991392, -0.03991392], dtype=float32), array([-0.06705385, -0.06705385, -0.06705385], dtype=float32), array([-0.09437644, -0.09437644, -0.09437644], dtype=float32), array([-0.11646724, -0.11646724, -0.11646724], dtype=float32), array([-0.13859163, -0.13859163, -0.13859163], dtype=float32), array([-0.16355619, -0.16355619, -0.16355619], dtype=float32), array([-0.1852271, -0.1852271, -0.1852271], dtype=float32), array([-0.2037878, -0.2037878, -0.2037878], dtype=float32), array([-0.22459742, -0.22459742, -0.22459742], dtype=float32), array([-0.2457447, -0.2457447, -0.2457447], dtype=float32), array([-0.27084774, -0.27084774, -0.27084774], dtype=float32), array([-0.2949745, -0.2949745, -0.2949745], dtype=float32), array([-0.31180614, -0.31180614, -0.31180614], dtype=float32), array([-0.33400247, -0.33400247, -0.33400247], dtype=float32), array([-0.35314795, -0.35314795, -0.35314795], dtype=float32), array([-0.36790422, -0.36790422, -0.36790422], dtype=float32), array([-0.38185468, -0.38185468, -0.38185468], dtype=float32), array([-0.396399, -0.396399, -0.396399], dtype=float32), array([-0.4095062, -0.4095062, -0.4095062], dtype=float32), array([-0.4270858, -0.4270858, -0.4270858], dtype=float32), array([-0.44236994, -0.44236994, -0.44236994], dtype=float32), array([-0.45303908, -0.45303908, -0.45303908], dtype=float32)]",1,0,0,0,0,0,56.41702127659574,64.42978723404255,0.00022994114031244715,2000,0.0005271573260666837,8.45,8000,8.45,8000,2000,0.31723277178416326,-0.04605279490351677,123876,-0.021747708320617676,0.0013802934991,0.012913752347230911,81158,30969,608.8386840820312,0.4722185432910919,4.0,0.3606232702732086,1.0,0.3073490858078003,999.0,0.0,0.33466947078704834,352.8661425232714,0.0,999.0,123876,0.0013802934991,23810,30969,0.0393447157605,0.0,4.0,1.0,352.86736413072606,372000,93000,104968,61938,0,247752,1059.6758893750796,6730067.128710146,6485194.850509641,10.5,50,4.0,-10.5,1.0042789879865917,0.0019499185896711423,0.00011368839158919061,0.00034055758220714053,1.0042789879865917,100,0.19148010960440695,8.34,2,200,2.0,5.144435151242296e-05,2,8100,0.00017676474092853832,0.0004118683625664674,400,100,8.34,400,100,8.34,9.597948681483956e-06,1.0270607091025673e-05,6.273904095715101e-05,4.731457909829048e-05,2.8116638974810017e-05,4.210152581563092e-05,7.266740865613881e-05,2.4349983989611885e-05,4.198169088473378e-05,3.127044437637817e-05,0.00021575278942569917,0.050959657035851785,0.0062693446740762875,0.04923299267483533,0.1659774919240744,0.028385081895436683,0.015573656613465514,0.0001621086098285741,432264,121.0,108066,0.0,498.0,124.0,89.16325378417969,0.00986652635037899,0.4722185730934143,121.0,108066,0.30967742,498.0,1.0,0.33624112606048584,124.0,-0.04064668342471123,432264,0.001204848289489746,651000,864528,2604000,216132,12138.003374051095,8.1389330140598e-06,4.763023490005331e-05,3.668124188899225e-05,2.1857561988746457e-05,7.113200675440352e-06,5.4531109895358876e-05,1.801351737509625e-05,3.174982875398721e-05,2.4513904174596615e-05,0.00017455688197509354,3.2333366414822424e-05
1,10000,False,5,d1e1b_00000,2025-08-17_20-37-08,1755463028,94.93645119667053,470.6600878238678,685847,intrinsic-attention2,10.156.0.3,470.6600878238678,5,91.93229621284519,1.680158790450965e-05,91.93205070613011,2.870992590815136,88.7332284461032,0.001995472985845819,0.0016073343297466635,10.05,4.0,9.5,4.829217273511221e-05,0.0001035732321691005,0.0002576240076450631,1.0067001111073661,2,2000,2,5000,2.8407604522707,1.0067001111073661,10000,2.0,10.5,1000,689.670572993027,2000.0,3000.0,"[array([[0.33530638, 0.32969543, 0.33499813],
       [0.4867797 , 0.07395216, 0.43926808],
       [0.3470215 , 0.30819398, 0.34478456]], dtype=float32), array([[0.284051  , 0.42477646, 0.29117253],
       [0.46826354, 0.10470439, 0.42703202],
       [0.29867548, 0.39735597, 0.30396855]], dtype=float32), array([[0.27095863, 0.44391215, 0.28512913],
       [0.47802466, 0.11089472, 0.41108063],
       [0.29678503, 0.39735085, 0.3058641 ]], dtype=float32), array([[0.31302145, 0.36671114, 0.32026747],
       [0.5206426 , 0.08129411, 0.3980633 ],
       [0.35009268, 0.30648327, 0.34342405]], dtype=float32), array([[0.3265176 , 0.34502178, 0.3284606 ],
       [0.49236733, 0.09511901, 0.41251367],
       [0.34886932, 0.307026  , 0.3441047 ]], dtype=float32), array([[0.3159807 , 0.361277  , 0.32274225],
       [0.49874088, 0.109047  , 0.39221206],
       [0.34960744, 0.30775926, 0.34263328]], dtype=float32), array([[0.32802683, 0.3422918 , 0.32968137],
       [0.4689823 , 0.12855574, 0.40246192],
       [0.34753174, 0.30964556, 0.3428227 ]], dtype=float32), array([[0.31280553, 0.37635276, 0.3108417 ],
       [0.39663017, 0.19718754, 0.40618232],
       [0.30934694, 0.3835632 , 0.30708992]], dtype=float32), array([[0.29809052, 0.39755177, 0.30435777],
       [0.4000083 , 0.21724574, 0.382746  ],
       [0.30617782, 0.38267025, 0.31115192]], dtype=float32), array([[0.33152708, 0.33996055, 0.3285124 ],
       [0.35133225, 0.25248525, 0.39618254],
       [0.3213001 , 0.3749427 , 0.3037572 ]], dtype=float32), array([[0.28998095, 0.40539005, 0.30462903],
       [0.38946244, 0.2464308 , 0.36410683],
       [0.30517778, 0.3796802 , 0.31514207]], dtype=float32), array([[0.31487158, 0.37059468, 0.31453365],
       [0.3617453 , 0.27586272, 0.362392  ],
       [0.3145396 , 0.37126425, 0.31419614]], dtype=float32), array([[0.330461  , 0.34534588, 0.32419315],
       [0.33980092, 0.30308223, 0.35711685],
       [0.3255588 , 0.36447328, 0.30996785]], dtype=float32), array([[0.3328785 , 0.33407658, 0.33304495],
       [0.3666392 , 0.28018618, 0.35317463],
       [0.33766726, 0.3262742 , 0.33605862]], dtype=float32), array([[0.31359968, 0.36380664, 0.32259375],
       [0.33724535, 0.32740542, 0.33534923],
       [0.3181195 , 0.3567437 , 0.3251368 ]], dtype=float32), array([[0.32264635, 0.35130894, 0.3260447 ],
       [0.3320262 , 0.33551946, 0.33245432],
       [0.32380626, 0.34934688, 0.3268469 ]], dtype=float32), array([[0.32500115, 0.34335917, 0.33163962],
       [0.32887465, 0.33867705, 0.33244833],
       [0.32642546, 0.3416332 , 0.3319413 ]], dtype=float32), array([[0.32531062, 0.3352639 , 0.3394255 ],
       [0.326833  , 0.33490318, 0.3382638 ],
       [0.32745713, 0.33475453, 0.3377883 ]], dtype=float32), array([[0.33264485, 0.33218735, 0.33516777],
       [0.332441  , 0.33184895, 0.33571008],
       [0.33375835, 0.33404332, 0.33219835]], dtype=float32), array([[0.33455503, 0.3174216 , 0.3480234 ],
       [0.33485553, 0.31223798, 0.35290653],
       [0.33429578, 0.32133728, 0.34436694]], dtype=float32), array([[0.33415446, 0.32815453, 0.33769098],
       [0.33599347, 0.31549793, 0.3485086 ],
       [0.3329602 , 0.33560923, 0.33143055]], dtype=float32), array([[0.34254462, 0.3020839 , 0.35537153],
       [0.3488402 , 0.27861643, 0.3725434 ],
       [0.34054127, 0.30914703, 0.3503117 ]], dtype=float32), array([[0.34736013, 0.29299793, 0.35964194],
       [0.36001745, 0.253117  , 0.38686556],
       [0.34447393, 0.30156925, 0.35395688]], dtype=float32), array([[0.3375757 , 0.31452462, 0.34789968],
       [0.34630814, 0.26651967, 0.38717222],
       [0.33264542, 0.3362201 , 0.33113444]], dtype=float32), array([[0.35512275, 0.2741217 , 0.37075552],
       [0.37864333, 0.20043795, 0.42091876],
       [0.35025257, 0.2878757 , 0.3618717 ]], dtype=float32), array([[0.3226949 , 0.28769657, 0.38960853],
       [0.31215796, 0.25624254, 0.43159953],
       [0.33473033, 0.34174946, 0.3235202 ]], dtype=float32), array([[0.35776228, 0.26814917, 0.37408862],
       [0.38513258, 0.18256852, 0.4322989 ],
       [0.35225967, 0.28342542, 0.36431488]], dtype=float32), array([[0.35896277, 0.27081922, 0.370218  ],
       [0.39258507, 0.17974535, 0.4276696 ],
       [0.3543491 , 0.28237608, 0.36327487]], dtype=float32), array([[0.35964748, 0.26949102, 0.3708615 ],
       [0.39456117, 0.17531078, 0.43012804],
       [0.35495436, 0.28118262, 0.36386305]], dtype=float32), array([[0.34047636, 0.32396662, 0.33555707],
       [0.50188553, 0.14747117, 0.35064337],
       [0.38976824, 0.26290646, 0.3473252 ]], dtype=float32), array([[0.33869782, 0.3171523 , 0.3441499 ],
       [0.3623589 , 0.23513533, 0.4025058 ],
       [0.3313463 , 0.33918417, 0.32946953]], dtype=float32)]","[array([-0.46562514, -0.46562514, -0.46562514], dtype=float32), array([-0.47601405, -0.47601405, -0.47601405], dtype=float32), array([-0.4873272, -0.4873272, -0.4873272], dtype=float32), array([-0.495981, -0.495981, -0.495981], dtype=float32), array([-0.49198234, -0.49198234, -0.49198234], dtype=float32), array([-0.490085, -0.490085, -0.490085], dtype=float32), array([-0.49851704, -0.49851704, -0.49851704], dtype=float32), array([-0.50167733, -0.50167733, -0.50167733], dtype=float32), array([-0.5118644, -0.5118644, -0.5118644], dtype=float32), array([-0.5245046, -0.5245046, -0.5245046], dtype=float32), array([-0.541572, -0.541572, -0.541572], dtype=float32), array([-0.5647778, -0.5647778, -0.5647778], dtype=float32), array([-0.5843446, -0.5843446, -0.5843446], dtype=float32), array([-0.6042508, -0.6042508, -0.6042508], dtype=float32), array([-0.624979, -0.624979, -0.624979], dtype=float32), array([-0.65016204, -0.65016204, -0.65016204], dtype=float32), array([-0.6586286, -0.6586286, -0.6586286], dtype=float32), array([-0.6687761, -0.6687761, -0.6687761], dtype=float32), array([-0.6900426, -0.6900426, -0.6900426], dtype=float32), array([-0.70966, -0.70966, -0.70966], dtype=float32), array([-0.73110646, -0.73110646, -0.73110646], dtype=float32), array([-0.75955266, -0.75955266, -0.75955266], dtype=float32), array([-0.79012084, -0.79012084, -0.79012084], dtype=float32), array([-0.8159758, -0.8159758, -0.8159758], dtype=float32), array([-0.848278, -0.848278, -0.848278], dtype=float32), array([-0.8725716, -0.8725716, -0.8725716], dtype=float32), array([-0.90437686, -0.90437686, -0.90437686], dtype=float32), array([-0.9382384, -0.9382384, -0.9382384], dtype=float32), array([-0.9703899, -0.9703899, -0.9703899], dtype=float32), array([-1.0075088, -1.0075088, -1.0075088], dtype=float32), array([-1.0415549, -1.0415549, -1.0415549], dtype=float32)]","[array([-0.4656252, -0.4656252, -0.4656252], dtype=float32), array([-0.4760141, -0.4760141, -0.4760141], dtype=float32), array([-0.4873272, -0.4873272, -0.4873272], dtype=float32), array([-0.4959811, -0.4959811, -0.4959811], dtype=float32), array([-0.49198243, -0.49198243, -0.49198243], dtype=float32), array([-0.49008507, -0.49008507, -0.49008507], dtype=float32), array([-0.49851704, -0.49851704, -0.49851704], dtype=float32), array([-0.5016774, -0.5016774, -0.5016774], dtype=float32), array([-0.51186454, -0.51186454, -0.51186454], dtype=float32), array([-0.5245046, -0.5245046, -0.5245046], dtype=float32), array([-0.54157203, -0.54157203, -0.54157203], dtype=float32), array([-0.5647778, -0.5647778, -0.5647778], dtype=float32), array([-0.5843448, -0.5843448, -0.5843448], dtype=float32), array([-0.60425085, -0.60425085, -0.60425085], dtype=float32), array([-0.624979, -0.624979, -0.624979], dtype=float32), array([-0.65016204, -0.65016204, -0.65016204], dtype=float32), array([-0.6586285, -0.6586285, -0.6586285], dtype=float32), array([-0.6687762, -0.6687762, -0.6687762], dtype=float32), array([-0.6900426, -0.6900426, -0.6900426], dtype=float32), array([-0.7096599, -0.7096599, -0.7096599], dtype=float32), array([-0.7311065, -0.7311065, -0.7311065], dtype=float32), array([-0.7595527, -0.7595527, -0.7595527], dtype=float32), array([-0.79012084, -0.79012084, -0.79012084], dtype=float32), array([-0.81597596, -0.81597596, -0.81597596], dtype=float32), array([-0.848278, -0.848278, -0.848278], dtype=float32), array([-0.8725717, -0.8725717, -0.8725717], dtype=float32), array([-0.90437686, -0.90437686, -0.90437686], dtype=float32), array([-0.9382382, -0.9382382, -0.9382382], dtype=float32), array([-0.97039014, -0.97039014, -0.97039014], dtype=float32), array([-1.0075084, -1.0075084, -1.0075084], dtype=float32), array([-1.0415552, -1.0415552, -1.0415552], dtype=float32)]",1,0,0,0,0,0,56.254814814814814,64.48592592592591,0.000168511988361663,2000,0.00038243624384795213,10.05,10000,10.05,10000,2000,0.31740164619628075,-0.025396917015314102,154845,-0.026013612747192383,0.0013802934991,0.00814234558492899,81158,30969,38.33413314819336,0.4722185432910919,5.0,0.3606232702732086,1.0,0.32635369896888733,999.0,0.0,0.2844143509864807,351.9140675402276,0.0,999.0,154845,0.0013802934991,23810,30969,0.0393447157605,0.0,5.0,1.0,351.9152307218247,465000,93000,104968,61938,0,309690,1056.8159031127104,6681903.066910018,6466086.240117822,10.5,50,5.0,-10.5,1.006163949065147,0.0019101209403015673,0.00014240467723786982,0.00033906839641385133,1.006163949065147,100,0.19138219247838575,9.54,2,250,2.0,6.06153020531315e-05,2,10100,0.0002158752037207637,0.0004961955260389273,500,100,9.54,500,100,9.54,7.309408670594036e-06,7.903120817738196e-06,4.535472974564167e-05,3.540514838574187e-05,2.1562138415220527e-05,3.055167540194652e-05,5.11977345257143e-05,1.7622742336482383e-05,3.0255866846519686e-05,2.3294173390180673e-05,0.00015844953161616937,0.05097168504548984,0.006277771187238241,0.04927084551810382,0.1660649191148157,0.028398184116424623,0.015579147167300996,0.00016219177375608414,540330,151.0,108066,0.0,498.0,155.0,85.29241943359375,0.005541221238672733,0.4722185730934143,151.0,108066,0.31727433,498.0,1.0,0.2932029664516449,155.0,-0.03241593390703201,540330,0.0004267692565917969,651000,1080660,3255000,216132,11994.203734005665,9.497535968578627e-06,5.8699323144014004e-05,4.4411194186411057e-05,2.6019162065473176e-05,8.613140528060323e-06,6.719747311082221e-05,2.2717223003656112e-05,3.8747250241097e-05,2.9445812059187025e-05,0.00020471024664892682,3.969471949666371e-05
1,12000,False,6,d1e1b_00000,2025-08-17_20-38-41,1755463121,93.03264093399048,563.6927287578583,685847,intrinsic-attention2,10.156.0.3,563.6927287578583,6,91.94124765741681,1.6761391974294264e-05,91.94100097778885,2.870100790877064,88.74296961844215,0.001997991835871169,0.0015754195598128718,9.75,5.0,-9.5,4.78691883392929e-05,0.0001013648473803992,0.0002576240076450631,1.0067001111073661,2,2000,2,6000,2.839873260677873,1.0067001111073661,12000,2.0,10.5,1000,682.707418171014,2000.0,3000.0,"[array([[0.35749954, 0.27398416, 0.36851633],
       [0.38884938, 0.18892753, 0.42222306],
       [0.35310608, 0.28505883, 0.36183512]], dtype=float32), array([[0.33883703, 0.31161687, 0.34954607],
       [0.3527621 , 0.24054441, 0.4066935 ],
       [0.33138338, 0.3405905 , 0.32802615]], dtype=float32), array([[0.3530282 , 0.30419862, 0.34277326],
       [0.46611902, 0.15775977, 0.37612128],
       [0.37705562, 0.27001432, 0.3529301 ]], dtype=float32), array([[0.33870253, 0.3120282 , 0.34926933],
       [0.352726  , 0.2395358 , 0.40773818],
       [0.33104622, 0.34187385, 0.32707995]], dtype=float32), array([[0.34366682, 0.31926727, 0.33706594],
       [0.4727056 , 0.16756478, 0.35972956],
       [0.37904403, 0.2732213 , 0.34773466]], dtype=float32), array([[0.33338878, 0.3331944 , 0.33341685],
       [0.35962412, 0.26441282, 0.37596306],
       [0.32911697, 0.34384033, 0.32704267]], dtype=float32), array([[0.34830487, 0.29198715, 0.359708  ],
       [0.36301467, 0.24772944, 0.38925582],
       [0.34529364, 0.30054748, 0.3541589 ]], dtype=float32), array([[0.33851323, 0.3270476 , 0.33443922],
       [0.41021124, 0.24669968, 0.34308904],
       [0.36367825, 0.29744753, 0.3388742 ]], dtype=float32), array([[0.34137237, 0.30556518, 0.35306248],
       [0.3466638 , 0.28568026, 0.36765587],
       [0.33964404, 0.31175205, 0.34860384]], dtype=float32), array([[0.33845243, 0.31134364, 0.3502039 ],
       [0.34103364, 0.29917884, 0.35978752],
       [0.3373283 , 0.31638846, 0.34628326]], dtype=float32), array([[0.33256885, 0.33161658, 0.33581463],
       [0.3316601 , 0.32959753, 0.33874232],
       [0.3355654 , 0.33844647, 0.3259882 ]], dtype=float32), array([[0.3329528 , 0.3326971 , 0.33435014],
       [0.3324079 , 0.3317887 , 0.33580342],
       [0.335882  , 0.33763546, 0.32648262]], dtype=float32), array([[0.3339961 , 0.3327774 , 0.33322656],
       [0.35220236, 0.3177476 , 0.33005   ],
       [0.34543976, 0.3232764 , 0.33128387]], dtype=float32), array([[0.3325975 , 0.3324829 , 0.33491963],
       [0.33238685, 0.33223963, 0.33537352],
       [0.33681226, 0.33736616, 0.32582155]], dtype=float32), array([[0.3397035 , 0.32083765, 0.33945885],
       [0.34408468, 0.3122516 , 0.34366378],
       [0.33975914, 0.32072863, 0.3395123 ]], dtype=float32), array([[0.3331033 , 0.32187095, 0.3450258 ],
       [0.33300927, 0.31916863, 0.34782204],
       [0.33318397, 0.32464975, 0.34216627]], dtype=float32), array([[0.33197105, 0.32401356, 0.34401545],
       [0.3317234 , 0.32245716, 0.34581944],
       [0.3323248 , 0.32630318, 0.341372  ]], dtype=float32), array([[0.28534818, 0.35955706, 0.35509476],
       [0.34642044, 0.32626057, 0.32731906],
       [0.34296405, 0.32812548, 0.32891044]], dtype=float32), array([[0.3290287 , 0.32954618, 0.34142512],
       [0.32907525, 0.32958722, 0.34133753],
       [0.3301227 , 0.33051035, 0.33936694]], dtype=float32), array([[0.33476248, 0.33343711, 0.33180043],
       [0.3354608 , 0.33348617, 0.33105302],
       [0.33632752, 0.3335456 , 0.33012685]], dtype=float32), array([[0.32656825, 0.3365812 , 0.3368506 ],
       [0.34740177, 0.32656646, 0.32603174],
       [0.34796223, 0.32629654, 0.32574123]], dtype=float32), array([[0.28859875, 0.35978565, 0.35161567],
       [0.35583973, 0.32031554, 0.3238447 ],
       [0.34850463, 0.32453874, 0.3269567 ]], dtype=float32), array([[0.3316925 , 0.33809206, 0.33021542],
       [0.33213487, 0.33681366, 0.33105153],
       [0.33158892, 0.33839098, 0.33002013]], dtype=float32), array([[0.3299575 , 0.34029588, 0.32974657],
       [0.33126575, 0.33759847, 0.33113575],
       [0.32993034, 0.3403519 , 0.32971773]], dtype=float32), array([[0.33376887, 0.33291668, 0.33331436],
       [0.35800353, 0.31027922, 0.33171728],
       [0.34661734, 0.3207839 , 0.33259875]], dtype=float32), array([[0.33912566, 0.32539797, 0.33547634],
       [0.35355753, 0.3060064 , 0.34043604],
       [0.3429084 , 0.32026282, 0.33682877]], dtype=float32), array([[0.3402481 , 0.3232638 , 0.33648813],
       [0.35888064, 0.29674402, 0.34437537],
       [0.3443087 , 0.31740767, 0.33828363]], dtype=float32), array([[0.3080991 , 0.36917758, 0.3227233 ],
       [0.33712932, 0.32808414, 0.33478653],
       [0.315534  , 0.35844508, 0.32602087]], dtype=float32), array([[0.3332698 , 0.3342097 , 0.33252054],
       [0.33410266, 0.32056987, 0.3453274 ],
       [0.3323531 , 0.34526408, 0.3223828 ]], dtype=float32), array([[0.32083616, 0.3585048 , 0.3206591 ],
       [0.33887383, 0.32216707, 0.33895904],
       [0.32074413, 0.35869002, 0.32056585]], dtype=float32), array([[0.3031784 , 0.3786094 , 0.3182122 ],
       [0.3453005 , 0.31600365, 0.33869582],
       [0.31237653, 0.36455712, 0.3230663 ]], dtype=float32)]","[array([-1.0748672, -1.0748672, -1.0748672], dtype=float32), array([-1.105581, -1.105581, -1.105581], dtype=float32), array([-1.1341786, -1.1341786, -1.1341786], dtype=float32), array([-1.1627069, -1.1627069, -1.1627069], dtype=float32), array([-1.19065, -1.19065, -1.19065], dtype=float32), array([-1.214132, -1.214132, -1.214132], dtype=float32), array([-1.2351074, -1.2351074, -1.2351074], dtype=float32), array([-1.2542149, -1.2542149, -1.2542149], dtype=float32), array([-1.2731417, -1.2731417, -1.2731417], dtype=float32), array([-1.2921745, -1.2921745, -1.2921745], dtype=float32), array([-1.30983, -1.30983, -1.30983], dtype=float32), array([-1.3271577, -1.3271577, -1.3271577], dtype=float32), array([-1.3438033, -1.3438033, -1.3438033], dtype=float32), array([-1.359474, -1.359474, -1.359474], dtype=float32), array([-1.3744569, -1.3744569, -1.3744569], dtype=float32), array([-1.3892026, -1.3892026, -1.3892026], dtype=float32), array([-1.4051217, -1.4051217, -1.4051217], dtype=float32), array([-1.420713, -1.420713, -1.420713], dtype=float32), array([-1.436019, -1.436019, -1.436019], dtype=float32), array([-1.4506838, -1.4506838, -1.4506838], dtype=float32), array([-1.4631987, -1.4631987, -1.4631987], dtype=float32), array([-1.4765836, -1.4765836, -1.4765836], dtype=float32), array([-1.4887328, -1.4887328, -1.4887328], dtype=float32), array([-1.5011376, -1.5011376, -1.5011376], dtype=float32), array([-1.513698, -1.513698, -1.513698], dtype=float32), array([-1.5259205, -1.5259205, -1.5259205], dtype=float32), array([-1.5373268, -1.5373268, -1.5373268], dtype=float32), array([-1.5473559, -1.5473559, -1.5473559], dtype=float32), array([-1.5570562, -1.5570562, -1.5570562], dtype=float32), array([-1.567335, -1.567335, -1.567335], dtype=float32), array([-1.576537, -1.576537, -1.576537], dtype=float32)]","[array([-1.0748672, -1.0748672, -1.0748672], dtype=float32), array([-1.1055812, -1.1055812, -1.1055812], dtype=float32), array([-1.1341783, -1.1341783, -1.1341783], dtype=float32), array([-1.1627065, -1.1627065, -1.1627065], dtype=float32), array([-1.19065, -1.19065, -1.19065], dtype=float32), array([-1.2141321, -1.2141321, -1.2141321], dtype=float32), array([-1.2351074, -1.2351074, -1.2351074], dtype=float32), array([-1.254215, -1.254215, -1.254215], dtype=float32), array([-1.2731417, -1.2731417, -1.2731417], dtype=float32), array([-1.2921746, -1.2921746, -1.2921746], dtype=float32), array([-1.3098298, -1.3098298, -1.3098298], dtype=float32), array([-1.3271579, -1.3271579, -1.3271579], dtype=float32), array([-1.3438034, -1.3438034, -1.3438034], dtype=float32), array([-1.3594741, -1.3594741, -1.3594741], dtype=float32), array([-1.3744565, -1.3744565, -1.3744565], dtype=float32), array([-1.3892022, -1.3892022, -1.3892022], dtype=float32), array([-1.4051214, -1.4051214, -1.4051214], dtype=float32), array([-1.4207133, -1.4207133, -1.4207133], dtype=float32), array([-1.4360191, -1.4360191, -1.4360191], dtype=float32), array([-1.4506837, -1.4506837, -1.4506837], dtype=float32), array([-1.4631988, -1.4631988, -1.4631988], dtype=float32), array([-1.4765835, -1.4765835, -1.4765835], dtype=float32), array([-1.4887328, -1.4887328, -1.4887328], dtype=float32), array([-1.5011374, -1.5011374, -1.5011374], dtype=float32), array([-1.513698, -1.513698, -1.513698], dtype=float32), array([-1.5259207, -1.5259207, -1.5259207], dtype=float32), array([-1.5373268, -1.5373268, -1.5373268], dtype=float32), array([-1.5473558, -1.5473558, -1.5473558], dtype=float32), array([-1.5570562, -1.5570562, -1.5570562], dtype=float32), array([-1.567335, -1.567335, -1.567335], dtype=float32), array([-1.5765368, -1.5765368, -1.5765368], dtype=float32)]",1,0,0,0,0,0,56.277443609022555,64.5172932330827,0.00016326081317597407,2000,0.0003767926055898557,9.75,12000,9.75,12000,2000,0.3175173689543718,-0.02460605464875698,185814,-0.007273435592651367,0.0013802934991,0.0033675730228424072,81158,30969,62.33172607421875,0.4722185432910919,6.0,0.1803116351366043,1.0,0.3254703879356384,999.0,0.0,0.24979932606220245,351.26439400406485,0.0,999.0,185814,0.0013802934991,23810,30969,0.0393447157605,0.0,6.0,1.0,351.2654966839717,558000,93000,104968,61938,0,371628,1054.8640901499168,6656804.228300035,6471624.647253569,10.5,50,6.0,9.5,1.0065813770648688,0.002262347860378213,0.00015267786215478215,0.0003375897424336543,1.0065813770648688,100,0.19133459802362007,9.94,2,300,2.0,6.470070765865009e-05,2,12100,0.0002326538913283375,0.0005337131966269491,600,100,9.94,600,100,9.94,7.048553699888766e-06,7.89625853649044e-06,4.4562471848226836e-05,3.3911400545170465e-05,2.0879355019810968e-05,2.987666328514762e-05,4.990690132307487e-05,1.6681544086156888e-05,2.9719714275605233e-05,2.323986992243639e-05,0.00015860718133328488,0.05099845785504258,0.006279204605304344,0.049271954203009095,0.16614662125369847,0.028397942625247436,0.015580927225626663,0.00016221837599249237,648396,181.0,108066,0.0,498.0,186.0,81.156982421875,0.003733317833393812,0.4722185730934143,181.0,108066,0.32590702,498.0,1.0,0.24332140386104584,186.0,-0.02356233261525631,648396,0.000625908374786377,651000,1296792,3906000,216132,11860.884630637984,1.0186961353523354e-05,6.40945637193284e-05,4.836353498363502e-05,2.775051416767289e-05,9.064913054224877e-06,7.223702370967677e-05,2.391488642679227e-05,4.218272447484638e-05,3.134829669236215e-05,0.00021896827566260455,4.2824041510237524e-05
1,14000,False,7,d1e1b_00000,2025-08-17_20-40-12,1755463212,91.30957126617432,655.0023000240326,685847,intrinsic-attention2,10.156.0.3,655.0023000240326,7,91.93288110988262,1.6711607968057604e-05,91.9326333210109,2.868904288188279,88.73567746259779,0.001997481917482627,0.0016503468100563623,9.72,6.0,-10.5,5.220860168334611e-05,0.00011504591684440639,0.0002576240076450631,1.0067001111073661,2,2000,2,7000,2.838581269091201,1.0067001111073661,14000,2.0,10.5,1000,674.7701395395934,2000.0,3000.0,"[array([[0.30961365, 0.37293887, 0.31744742],
       [0.34573206, 0.31310678, 0.3411611 ],
       [0.31453308, 0.3646297 , 0.32083726]], dtype=float32), array([[0.32389316, 0.35619828, 0.31990853],
       [0.34213725, 0.31152442, 0.34633836],
       [0.32137278, 0.36222243, 0.31640482]], dtype=float32), array([[0.3457923 , 0.31241435, 0.34179333],
       [0.38643065, 0.246537  , 0.36703238],
       [0.35062003, 0.30439457, 0.34498543]], dtype=float32), array([[0.30728185, 0.37860405, 0.3141141 ],
       [0.35444915, 0.29757345, 0.34797734],
       [0.31238377, 0.36964372, 0.3179725 ]], dtype=float32), array([[0.316089  , 0.3682644 , 0.31564668],
       [0.35234618, 0.2947305 , 0.3529233 ],
       [0.31573808, 0.36897445, 0.3152875 ]], dtype=float32), array([[0.31499872, 0.3704808 , 0.31452045],
       [0.35647076, 0.2863261 , 0.35720316],
       [0.314585  , 0.3713182 , 0.3140968 ]], dtype=float32), array([[0.31069252, 0.3788809 , 0.31042656],
       [0.3751378 , 0.24906059, 0.37580156],
       [0.3103846 , 0.37949997, 0.31011543]], dtype=float32), array([[0.33497688, 0.33093348, 0.33408967],
       [0.5136095 , 0.11556825, 0.37082228],
       [0.3781321 , 0.27042943, 0.35143843]], dtype=float32), array([[0.36489153, 0.27227747, 0.36283106],
       [0.45694524, 0.09939469, 0.44366005],
       [0.3673092 , 0.26762408, 0.3650667 ]], dtype=float32), array([[0.36965176, 0.26186487, 0.3684834 ],
       [0.46660843, 0.07457449, 0.45881703],
       [0.37098822, 0.2592426 , 0.3697692 ]], dtype=float32), array([[0.29785907, 0.40392798, 0.29821298],
       [0.44738635, 0.10770399, 0.44490963],
       [0.29867163, 0.40230966, 0.29901868]], dtype=float32), array([[0.36378074, 0.28081042, 0.3554088 ],
       [0.53738916, 0.03857612, 0.4240347 ],
       [0.38732088, 0.24147296, 0.3712062 ]], dtype=float32), array([[0.36635506, 0.27604952, 0.35759544],
       [0.5471863 , 0.0281929 , 0.42462078],
       [0.39120913, 0.23435272, 0.37443817]], dtype=float32), array([[0.38487637, 0.22769059, 0.387433  ],
       [0.4784107 , 0.02504423, 0.49654517],
       [0.38223064, 0.23314807, 0.3846213 ]], dtype=float32), array([[0.25346556, 0.47997096, 0.26656353],
       [0.5297722 , 0.03901356, 0.43121418],
       [0.28602204, 0.4191965 , 0.29478145]], dtype=float32), array([[0.3003475 , 0.40118098, 0.29847142],
       [0.4709007 , 0.02885881, 0.50024045],
       [0.2923819 , 0.4174818 , 0.2901363 ]], dtype=float32), array([[0.3894447 , 0.22985616, 0.3806991 ],
       [0.54452664, 0.00625421, 0.44921914],
       [0.40510097, 0.20177937, 0.39311966]], dtype=float32), array([[0.33430424, 0.33166933, 0.33402646],
       [0.6271243 , 0.00401254, 0.36886314],
       [0.39539793, 0.23092471, 0.3736774 ]], dtype=float32), array([[0.41137734, 0.16517107, 0.42345157],
       [0.45830414, 0.00276026, 0.5389356 ],
       [0.40262526, 0.18467766, 0.41269714]], dtype=float32), array([[0.37048608, 0.23333979, 0.39617413],
       [0.35203174, 0.00555956, 0.6424087 ],
       [0.32632765, 0.35074067, 0.32293165]], dtype=float32), array([[0.34586358, 0.30333298, 0.3508035 ],
       [0.37692627, 0.00381345, 0.6192603 ],
       [0.2955635 , 0.4198782 , 0.28455833]], dtype=float32), array([[4.2179951e-01, 1.6480207e-01, 4.1339839e-01],
       [5.3809035e-01, 4.1280568e-04, 4.6149686e-01],
       [4.3118432e-01, 1.4742479e-01, 4.2139089e-01]], dtype=float32), array([[0.32011172, 0.36139467, 0.31849355],
       [0.43935886, 0.00136199, 0.55927914],
       [0.2916162 , 0.42121324, 0.28717056]], dtype=float32), array([[4.1567799e-01, 1.8691458e-01, 3.9740744e-01],
       [6.1238074e-01, 1.7855121e-04, 3.8744071e-01],
       [4.4809365e-01, 1.3333978e-01, 4.1856655e-01]], dtype=float32), array([[0.37390533, 0.12138308, 0.50471157],
       [0.19830102, 0.00105726, 0.8006417 ],
       [0.33569524, 0.3259668 , 0.33833793]], dtype=float32), array([[4.1714785e-01, 1.8418786e-01, 3.9866430e-01],
       [6.1266851e-01, 1.5560014e-04, 3.8717589e-01],
       [4.4923759e-01, 1.3116334e-01, 4.1959912e-01]], dtype=float32), array([[0.28846285, 0.42292273, 0.28861445],
       [0.50160635, 0.0010311 , 0.49736252],
       [0.28956378, 0.42072392, 0.28971234]], dtype=float32), array([[0.28812307, 0.42356268, 0.28831422],
       [0.50203216, 0.00115656, 0.49681127],
       [0.28948024, 0.42085302, 0.28966677]], dtype=float32), array([[0.23605262, 0.5172398 , 0.2467076 ],
       [0.5829311 , 0.00143034, 0.41563863],
       [0.28427085, 0.42495257, 0.29077652]], dtype=float32), array([[0.42381355, 0.13120103, 0.44498548],
       [0.43332878, 0.00070345, 0.5659677 ],
       [0.41227537, 0.15876433, 0.42896026]], dtype=float32), array([[0.360189  , 0.27163148, 0.36817956],
       [0.40412444, 0.00291843, 0.59295714],
       [0.32505986, 0.35187787, 0.32306227]], dtype=float32)]","[array([-1.5859135, -1.5859135, -1.5859135], dtype=float32), array([-1.5899788, -1.5899788, -1.5899788], dtype=float32), array([-1.5910064, -1.5910064, -1.5910064], dtype=float32), array([-1.594338, -1.594338, -1.594338], dtype=float32), array([-1.594941, -1.594941, -1.594941], dtype=float32), array([-1.5950187, -1.5950187, -1.5950187], dtype=float32), array([-1.5962263, -1.5962263, -1.5962263], dtype=float32), array([-1.5940598, -1.5940598, -1.5940598], dtype=float32), array([-1.5853162, -1.5853162, -1.5853162], dtype=float32), array([-1.5738896, -1.5738896, -1.5738896], dtype=float32), array([-1.5637677, -1.5637677, -1.5637677], dtype=float32), array([-1.5509473, -1.5509473, -1.5509473], dtype=float32), array([-1.5368322, -1.5368322, -1.5368322], dtype=float32), array([-1.5255625, -1.5255625, -1.5255625], dtype=float32), array([-1.5266625, -1.5266625, -1.5266625], dtype=float32), array([-1.5269933, -1.5269933, -1.5269933], dtype=float32), array([-1.5275939, -1.5275939, -1.5275939], dtype=float32), array([-1.5283281, -1.5283281, -1.5283281], dtype=float32), array([-1.5331677, -1.5331677, -1.5331677], dtype=float32), array([-1.5371369, -1.5371369, -1.5371369], dtype=float32), array([-1.5422262, -1.5422262, -1.5422262], dtype=float32), array([-1.5489542, -1.5489542, -1.5489542], dtype=float32), array([-1.5553279, -1.5553279, -1.5553279], dtype=float32), array([-1.5659524, -1.5659524, -1.5659524], dtype=float32), array([-1.5745174, -1.5745174, -1.5745174], dtype=float32), array([-1.5817735, -1.5817735, -1.5817735], dtype=float32), array([-1.5895494, -1.5895494, -1.5895494], dtype=float32), array([-1.5966853, -1.5966853, -1.5966853], dtype=float32), array([-1.6076615, -1.6076615, -1.6076615], dtype=float32), array([-1.6185611, -1.6185611, -1.6185611], dtype=float32), array([-1.6280515, -1.6280515, -1.6280515], dtype=float32)]","[array([-1.5859132, -1.5859132, -1.5859132], dtype=float32), array([-1.5899792, -1.5899792, -1.5899792], dtype=float32), array([-1.5910065, -1.5910065, -1.5910065], dtype=float32), array([-1.5943382, -1.5943382, -1.5943382], dtype=float32), array([-1.5949408, -1.5949408, -1.5949408], dtype=float32), array([-1.5950184, -1.5950184, -1.5950184], dtype=float32), array([-1.5962263, -1.5962263, -1.5962263], dtype=float32), array([-1.5940596, -1.5940596, -1.5940596], dtype=float32), array([-1.585316, -1.585316, -1.585316], dtype=float32), array([-1.5738893, -1.5738893, -1.5738893], dtype=float32), array([-1.5637678, -1.5637678, -1.5637678], dtype=float32), array([-1.5509473, -1.5509473, -1.5509473], dtype=float32), array([-1.5368325, -1.5368325, -1.5368325], dtype=float32), array([-1.5255624, -1.5255624, -1.5255624], dtype=float32), array([-1.5266627, -1.5266627, -1.5266627], dtype=float32), array([-1.5269929, -1.5269929, -1.5269929], dtype=float32), array([-1.5275939, -1.5275939, -1.5275939], dtype=float32), array([-1.5283281, -1.5283281, -1.5283281], dtype=float32), array([-1.5331674, -1.5331674, -1.5331674], dtype=float32), array([-1.5371367, -1.5371367, -1.5371367], dtype=float32), array([-1.5422262, -1.5422262, -1.5422262], dtype=float32), array([-1.548954, -1.548954, -1.548954], dtype=float32), array([-1.5553281, -1.5553281, -1.5553281], dtype=float32), array([-1.5659524, -1.5659524, -1.5659524], dtype=float32), array([-1.5745176, -1.5745176, -1.5745176], dtype=float32), array([-1.5817736, -1.5817736, -1.5817736], dtype=float32), array([-1.5895497, -1.5895497, -1.5895497], dtype=float32), array([-1.5966853, -1.5966853, -1.5966853], dtype=float32), array([-1.6076618, -1.6076618, -1.6076618], dtype=float32), array([-1.618561, -1.618561, -1.618561], dtype=float32), array([-1.6280515, -1.6280515, -1.6280515], dtype=float32)]",1,0,0,0,0,0,56.4145038167939,64.53282442748093,0.00018314909078351234,2000,0.0004178995469078536,9.72,14000,9.72,14000,2000,0.3176549004947377,-0.016572313383221626,216783,-0.02215421199798584,0.0013802934991,0.005364309996366501,81158,30969,79.38036346435547,0.4722185432910919,7.0,0.09015581756830215,1.0,0.3333069682121277,999.0,0.0,0.21359413862228394,350.8861549348943,0.0,999.0,216783,0.0013802934991,23810,30969,0.0393447157605,0.0,7.0,1.0,350.8872011100387,651000,93000,104968,61938,0,433566,1053.7274257698978,6630935.07913248,6475574.192038116,10.5,50,7.0,-10.5,1.0066738172414504,0.00229792727943277,0.00015568641665916012,0.00033622978498121546,1.0066738172414504,100,0.19129479130336127,9.74,2,350,2.0,6.53444638525228e-05,2,14100,0.000234702349300877,0.0005403365930165322,700,100,9.74,700,100,9.74,7.659191651623153e-06,8.498437636284776e-06,5.023887611742384e-05,3.79988246590202e-05,2.2817633979881276e-05,3.3555723757023944e-05,5.660491553809771e-05,1.8911546591104872e-05,3.3290545066686266e-05,2.5328857319362365e-05,0.0001730150906054846,0.05103243508652755,0.006283444049285725,0.04926033986099401,0.16623546665124667,0.028405096368952863,0.015590536893239084,0.0001622963121337831,756462,211.0,108066,0.0,498.0,217.0,81.68238067626953,0.0029244106262922287,0.4722185730934143,211.0,108066,0.32171124,498.0,1.0,0.25221091508865356,217.0,-0.027616208419203758,756462,0.0013063549995422363,651000,1512924,4557000,216132,11740.267001679962,1.0278938495200714e-05,6.40225467369963e-05,4.845396142520964e-05,2.7910983238174326e-05,9.208324756722132e-06,7.290262773460377e-05,2.4484709839793496e-05,4.237364528495178e-05,3.211678378265257e-05,0.00022231605223132426,4.316488500110742e-05
1,16000,False,8,d1e1b_00000,2025-08-17_20-41-44,1755463304,91.72405099868774,746.7263510227203,685847,intrinsic-attention2,10.156.0.3,746.7263510227203,8,91.9287394912937,1.6690201961788494e-05,91.92849035246068,2.8673459044463443,88.73294918488182,0.001997619228312946,0.0016197319894854444,10.08,7.0,9.5,4.871409495108823e-05,0.00010597376453119024,0.0002576240076450631,1.0067001111073661,2,2000,2,8000,2.8370025335402542,1.0067001111073661,16000,2.0,10.5,1000,665.9745620573296,2000.0,3000.0,"[array([[0.24076419, 0.5078001 , 0.2514357 ],
       [0.5726666 , 0.00325871, 0.4240747 ],
       [0.2841526 , 0.4249697 , 0.29087773]], dtype=float32), array([[0.41306457, 0.17962903, 0.4073064 ],
       [0.5258596 , 0.00099876, 0.47314164],
       [0.4199311 , 0.16663057, 0.4134383 ]], dtype=float32), array([[0.39835086, 0.21711351, 0.38453564],
       [0.5919803 , 0.00094597, 0.4070737 ],
       [0.4283173 , 0.16629596, 0.40538672]], dtype=float32), array([[0.24279061, 0.50386727, 0.25334206],
       [0.5707803 , 0.00369406, 0.42552567],
       [0.2852287 , 0.42292067, 0.29185063]], dtype=float32), array([[0.34811655, 0.2926346 , 0.35924882],
       [0.3288071 , 0.00679291, 0.6644    ],
       [0.28093296, 0.46240386, 0.25666317]], dtype=float32), array([[0.4158336 , 0.15108329, 0.43308312],
       [0.44255146, 0.00150751, 0.55594105],
       [0.40454525, 0.17728712, 0.4181677 ]], dtype=float32), array([[0.36852816, 0.2741821 , 0.35728973],
       [0.66536814, 0.0009151 , 0.33371678],
       [0.4367323 , 0.16809317, 0.39517453]], dtype=float32), array([[0.28598845, 0.42723513, 0.28677636],
       [0.50567544, 0.00464632, 0.4896783 ],
       [0.2902614 , 0.41874713, 0.29099146]], dtype=float32), array([[0.3738228 , 0.19779009, 0.4283871 ],
       [0.29365245, 0.00502722, 0.7013203 ],
       [0.32446674, 0.35778412, 0.3177492 ]], dtype=float32), array([[0.244252  , 0.5010894 , 0.2546586 ],
       [0.57008696, 0.00379199, 0.426121  ],
       [0.28625104, 0.42101333, 0.2927356 ]], dtype=float32), array([[0.36847636, 0.27419293, 0.35733077],
       [0.6641396 , 0.00091558, 0.3349449 ],
       [0.43610257, 0.16876733, 0.39513007]], dtype=float32), array([[0.24524559, 0.499192  , 0.25556245],
       [0.56880337, 0.004067  , 0.42712966],
       [0.2865946 , 0.4203743 , 0.29303107]], dtype=float32), array([[0.3735082 , 0.19842504, 0.42806682],
       [0.29407912, 0.0052379 , 0.70068294],
       [0.32433248, 0.35820588, 0.31746164]], dtype=float32), array([[0.41516718, 0.15221854, 0.43261424],
       [0.44159034, 0.00154838, 0.5568612 ],
       [0.4036155 , 0.17908616, 0.41729826]], dtype=float32), array([[0.39733002, 0.21849781, 0.3841721 ],
       [0.5914145 , 0.00080315, 0.40778235],
       [0.4272038 , 0.16753006, 0.40526608]], dtype=float32), array([[0.34896782, 0.29608718, 0.35494497],
       [0.37611318, 0.00294134, 0.62094545],
       [0.29898465, 0.41175827, 0.28925705]], dtype=float32), array([[2.1984702e-01, 5.2077222e-01, 2.5938073e-01],
       [8.2820052e-01, 2.2527727e-04, 1.7157416e-01],
       [4.4226041e-01, 1.8395202e-01, 3.7378752e-01]], dtype=float32), array([[2.7000144e-01, 4.3844047e-01, 2.9155809e-01],
       [7.8159320e-01, 2.4837320e-04, 2.1815839e-01],
       [4.3644691e-01, 1.8319272e-01, 3.8036039e-01]], dtype=float32), array([[4.2681116e-01, 1.1995957e-01, 4.5322925e-01],
       [4.1686398e-01, 3.5059295e-04, 5.8278537e-01],
       [4.1353193e-01, 1.5301724e-01, 4.3345079e-01]], dtype=float32), array([[0.3539324 , 0.28398478, 0.36208278],
       [0.35576424, 0.0011606 , 0.64307517],
       [0.2956603 , 0.4191598 , 0.28518   ]], dtype=float32), array([[4.3351677e-01, 9.9392787e-02, 4.6709043e-01],
       [3.9920142e-01, 1.2515672e-04, 6.0067350e-01],
       [4.2024618e-01, 1.3455632e-01, 4.4519749e-01]], dtype=float32), array([[4.2605358e-01, 1.6665724e-01, 4.0728921e-01],
       [6.1273873e-01, 4.3016844e-05, 3.8721827e-01],
       [4.5542693e-01, 1.1776617e-01, 4.2680684e-01]], dtype=float32), array([[3.6981890e-01, 2.4341470e-01, 3.8676634e-01],
       [3.0891907e-01, 1.6856319e-04, 6.9091237e-01],
       [2.9659268e-01, 4.1748109e-01, 2.8592622e-01]], dtype=float32), array([[3.4479660e-01, 3.0825317e-01, 3.4695014e-01],
       [3.8320416e-01, 7.3271636e-05, 6.1672258e-01],
       [2.9323757e-01, 4.1929501e-01, 2.8746739e-01]], dtype=float32), array([[4.4995070e-01, 1.2486200e-01, 4.2518732e-01],
       [6.3158923e-01, 3.1546558e-06, 3.6840758e-01],
       [4.7702175e-01, 8.1711277e-02, 4.4126689e-01]], dtype=float32), array([[4.6158701e-01, 6.6803589e-02, 4.7160941e-01],
       [4.6507102e-01, 1.5800672e-06, 5.3492743e-01],
       [4.5802316e-01, 7.4624330e-02, 4.6735254e-01]], dtype=float32), array([[4.6671912e-01, 5.2514333e-02, 4.8076653e-01],
       [4.5253524e-01, 3.6545580e-07, 5.4746443e-01],
       [4.6296370e-01, 6.1177827e-02, 4.7585845e-01]], dtype=float32), array([[3.8420579e-01, 4.9813658e-02, 5.6598061e-01],
       [1.0333432e-01, 1.1630267e-06, 8.9666456e-01],
       [3.5509342e-01, 2.7119073e-01, 3.7371585e-01]], dtype=float32), array([[3.9865908e-01, 2.1987152e-01, 3.8146943e-01],
       [7.8398848e-01, 2.1680492e-08, 2.1601146e-01],
       [4.9227181e-01, 7.8177392e-02, 4.2955077e-01]], dtype=float32), array([[4.0574315e-01, 1.3467628e-01, 4.5958066e-01],
       [1.8511389e-01, 3.7161774e-07, 8.1488574e-01],
       [3.0659473e-01, 3.9550480e-01, 2.9790041e-01]], dtype=float32), array([[4.8653552e-01, 6.3003518e-02, 4.5046097e-01],
       [6.6732365e-01, 6.3503491e-09, 3.3267635e-01],
       [5.0652695e-01, 3.5317972e-02, 4.5815510e-01]], dtype=float32)]","[array([-1.6389415, -1.6389415, -1.6389415], dtype=float32), array([-1.6416199, -1.6416199, -1.6416199], dtype=float32), array([-1.6447746, -1.6447746, -1.6447746], dtype=float32), array([nan, nan, nan], dtype=float32), array([-1.6501704, -1.6501704, -1.6501704], dtype=float32), array([-1.6394672, -1.6394672, -1.6394672], dtype=float32), array([-1.6279739, -1.6279739, -1.6279739], dtype=float32), array([-1.6149716, -1.6149716, -1.6149716], dtype=float32), array([-1.5981944, -1.5981944, -1.5981944], dtype=float32), array([-1.5847312, -1.5847312, -1.5847312], dtype=float32), array([-1.5689166, -1.5689166, -1.5689166], dtype=float32), array([-1.5552744, -1.5552744, -1.5552744], dtype=float32), array([-1.544648, -1.544648, -1.544648], dtype=float32), array([-1.5321878, -1.5321878, -1.5321878], dtype=float32), array([-1.5171762, -1.5171762, -1.5171762], dtype=float32), array([-1.4899477, -1.4899477, -1.4899477], dtype=float32), array([-1.4724525, -1.4724525, -1.4724525], dtype=float32), array([-1.4569353, -1.4569353, -1.4569353], dtype=float32), array([-1.4375514, -1.4375514, -1.4375514], dtype=float32), array([-1.412062, -1.412062, -1.412062], dtype=float32), array([-1.3956828, -1.3956828, -1.3956828], dtype=float32), array([-1.3808929, -1.3808929, -1.3808929], dtype=float32), array([-1.3580459, -1.3580459, -1.3580459], dtype=float32), array([-1.3320984, -1.3320984, -1.3320984], dtype=float32), array([-1.3136084, -1.3136084, -1.3136084], dtype=float32), array([-1.2903003, -1.2903003, -1.2903003], dtype=float32), array([-1.2751472, -1.2751472, -1.2751472], dtype=float32), array([-1.2598408, -1.2598408, -1.2598408], dtype=float32), array([-1.2491019, -1.2491019, -1.2491019], dtype=float32), array([-1.2360171, -1.2360171, -1.2360171], dtype=float32), array([-1.2226201, -1.2226201, -1.2226201], dtype=float32)]","[array([-1.6389412, -1.6389412, -1.6389412], dtype=float32), array([-1.6416202, -1.6416202, -1.6416202], dtype=float32), array([-1.644775, -1.644775, -1.644775], dtype=float32), array([-1.6469188, -1.6469188, -1.6469188], dtype=float32), array([-1.6501709, -1.6501709, -1.6501709], dtype=float32), array([-1.6394672, -1.6394672, -1.6394672], dtype=float32), array([-1.6279738, -1.6279738, -1.6279738], dtype=float32), array([-1.6149715, -1.6149715, -1.6149715], dtype=float32), array([-1.5981944, -1.5981944, -1.5981944], dtype=float32), array([-1.5847316, -1.5847316, -1.5847316], dtype=float32), array([-1.5689166, -1.5689166, -1.5689166], dtype=float32), array([-1.5552745, -1.5552745, -1.5552745], dtype=float32), array([-1.5446478, -1.5446478, -1.5446478], dtype=float32), array([-1.5321878, -1.5321878, -1.5321878], dtype=float32), array([-1.5171759, -1.5171759, -1.5171759], dtype=float32), array([-1.4899478, -1.4899478, -1.4899478], dtype=float32), array([-1.4724523, -1.4724523, -1.4724523], dtype=float32), array([-1.4569354, -1.4569354, -1.4569354], dtype=float32), array([-1.4375514, -1.4375514, -1.4375514], dtype=float32), array([-1.4120618, -1.4120618, -1.4120618], dtype=float32), array([-1.395683, -1.395683, -1.395683], dtype=float32), array([-1.3808931, -1.3808931, -1.3808931], dtype=float32), array([-1.3580457, -1.3580457, -1.3580457], dtype=float32), array([-1.3320982, -1.3320982, -1.3320982], dtype=float32), array([-1.3136083, -1.3136083, -1.3136083], dtype=float32), array([-1.2903003, -1.2903003, -1.2903003], dtype=float32), array([-1.2751472, -1.2751472, -1.2751472], dtype=float32), array([-1.2598407, -1.2598407, -1.2598407], dtype=float32), array([-1.2491016, -1.2491016, -1.2491016], dtype=float32), array([-1.2360171, -1.2360171, -1.2360171], dtype=float32), array([-1.2226201, -1.2226201, -1.2226201], dtype=float32)]",1,0,0,0,0,0,56.067938931297704,64.58473282442749,0.00016732810295450645,2000,0.00038530867811947475,10.08,16000,10.08,16000,2000,0.3178048556597536,-0.014555697329342365,247752,0.008019804954528809,0.0013802934991,0.0018731462769210339,81158,30969,86.84864044189453,0.4722185432910919,8.0,0.04507790878415108,1.0,0.3345608413219452,999.0,0.0,0.18777447938919067,350.5314802659442,0.0,999.0,247752,0.0013802934991,23810,30969,0.0393447157605,0.0,8.0,1.0,350.5324748975576,744000,93000,104968,61938,0,495504,1052.6615741408295,6605150.275999616,6478691.405211784,10.5,50,8.0,-10.5,1.0066942882837675,0.002289392619713908,0.00015401102241479638,0.00033486832716294517,1.0066942882837675,100,0.19123557186034182,9.74,2,400,2.0,6.513532537372245e-05,2,16100,0.0002338995017888142,0.0005361621284788551,800,100,9.74,800,100,9.74,7.097655135159653e-06,7.939602225262564e-06,4.528521573161077e-05,3.492072267366209e-05,2.139139457664344e-05,3.093727899020149e-05,5.130058392401987e-05,1.7244671808410185e-05,3.0304945305117393e-05,2.3830716023336438e-05,0.00016187440121009813,0.05107945802567643,0.006285683588869572,0.049264321892466705,0.16630425494464093,0.028410697295170297,0.015607223064192308,0.00016243201898113972,864528,241.0,108066,0.0,498.0,248.0,83.8958511352539,0.0012764728162437677,0.4722185730934143,241.0,108066,0.34966543,498.0,1.0,0.1912388652563095,248.0,0.0005179830477572978,864528,-0.001165628433227539,651000,1729056,5208000,216132,11623.782908990173,1.0294604977739834e-05,6.339149239740932e-05,4.92257143971122e-05,2.8342247390858356e-05,9.108609965965456e-06,7.25956771484788e-05,2.4293835488100764e-05,4.212022806478076e-05,3.202042711390528e-05,0.00022041501858053534,4.3382313505863975e-05
1,18000,False,9,d1e1b_00000,2025-08-17_20-43-21,1755463401,97.13970994949341,843.8660609722137,685847,intrinsic-attention2,10.156.0.3,843.8660609722137,9,91.97927060179069,1.6674680023831655e-05,91.97901962027619,2.8782704959419614,88.77042620491302,0.001999774336095483,0.00224965373010491,10.05,8.0,9.5,6.414323684980252e-05,0.0001528121665446258,0.0002576240076450631,1.0067001111073661,2,2000,2,9000,2.8477156959447405,1.0067001111073661,18000,2.0,10.5,1000,656.4253739147448,2000.0,3000.0,"[array([[3.2483065e-01, 1.8739194e-02, 6.5643013e-01],
       [4.0495031e-02, 1.0797496e-07, 9.5950490e-01],
       [3.6001995e-01, 2.4351975e-01, 3.9646032e-01]], dtype=float32), array([[4.8954752e-01, 5.7875525e-02, 4.5257697e-01],
       [6.6899121e-01, 3.2823091e-09, 3.3100882e-01],
       [5.0845474e-01, 3.2171685e-02, 4.5937356e-01]], dtype=float32), array([[4.3802091e-01, 1.4370921e-02, 5.4760820e-01],
       [2.4449386e-01, 7.7669808e-09, 7.5550610e-01],
       [4.4257638e-01, 3.5889972e-02, 5.2153373e-01]], dtype=float32), array([[3.0632836e-01, 3.8752154e-01, 3.0615014e-01],
       [4.9042648e-01, 9.3331586e-08, 5.0957352e-01],
       [3.0170193e-01, 3.9680070e-01, 3.0149740e-01]], dtype=float32), array([[4.9310884e-01, 5.2398171e-02, 4.5449293e-01],
       [6.6939265e-01, 2.5303490e-09, 3.3060735e-01],
       [5.1073879e-01, 2.9081680e-02, 4.6017954e-01]], dtype=float32), array([[4.08920616e-01, 1.21393695e-01, 4.69685674e-01],
       [1.68039665e-01, 1.36668419e-07, 8.31960201e-01],
       [3.07514340e-01, 3.93500119e-01, 2.98985541e-01]], dtype=float32), array([[4.3630603e-01, 1.2296408e-02, 5.5139750e-01],
       [2.3817007e-01, 4.7710200e-09, 7.6182991e-01],
       [4.4239289e-01, 3.1556766e-02, 5.2605033e-01]], dtype=float32), array([[4.7346088e-01, 1.9145453e-02, 5.0739366e-01],
       [3.9806643e-01, 1.8899535e-09, 6.0193360e-01],
       [4.7152120e-01, 2.6903877e-02, 5.0157487e-01]], dtype=float32), array([[4.8797122e-01, 8.3077259e-02, 4.2895150e-01],
       [8.2447106e-01, 4.8899246e-10, 1.7552896e-01],
       [5.4524112e-01, 2.2482045e-02, 4.3227687e-01]], dtype=float32), array([[2.1791035e-01, 5.5637234e-01, 2.2571732e-01],
       [6.5394747e-01, 2.8517135e-08, 3.4605253e-01],
       [3.0171415e-01, 3.9354602e-01, 3.0473983e-01]], dtype=float32), array([[4.3752187e-01, 1.1529321e-02, 5.5094874e-01],
       [2.4253297e-01, 3.8270969e-09, 7.5746703e-01],
       [4.4362777e-01, 2.8993744e-02, 5.2737850e-01]], dtype=float32), array([[2.1366140e-01, 5.6444520e-01, 2.2189343e-01],
       [6.5347248e-01, 5.4459793e-08, 3.4652740e-01],
       [2.9756233e-01, 4.0138912e-01, 3.0104855e-01]], dtype=float32), array([[2.1555218e-01, 5.6086534e-01, 2.2358249e-01],
       [6.5308958e-01, 4.2834266e-08, 3.4691027e-01],
       [2.9908472e-01, 3.9852858e-01, 3.0238667e-01]], dtype=float32), array([[4.3618259e-01, 1.0735368e-02, 5.5308199e-01],
       [2.3478475e-01, 2.3189717e-09, 7.6521528e-01],
       [4.4310209e-01, 2.8031394e-02, 5.2886647e-01]], dtype=float32), array([[4.1160297e-01, 1.1524606e-01, 4.7315097e-01],
       [1.6346587e-01, 5.4488233e-08, 8.3653408e-01],
       [3.1030428e-01, 3.8678592e-01, 3.0290976e-01]], dtype=float32), array([[4.1270053e-01, 1.1152135e-01, 4.7577807e-01],
       [1.6020805e-01, 3.8496033e-08, 8.3979189e-01],
       [3.1186172e-01, 3.8318014e-01, 3.0495811e-01]], dtype=float32), array([[4.9689469e-01, 4.7310743e-02, 4.5579451e-01],
       [6.8193245e-01, 6.4840705e-10, 3.1806758e-01],
       [5.1461411e-01, 2.4914408e-02, 4.6047151e-01]], dtype=float32), array([[4.3475428e-01, 1.0474033e-02, 5.5477172e-01],
       [2.2297210e-01, 1.1519894e-09, 7.7702785e-01],
       [4.4234651e-01, 2.9103709e-02, 5.2854985e-01]], dtype=float32), array([[4.1395700e-01, 1.1128209e-01, 4.7476095e-01],
       [1.5839535e-01, 1.7648569e-08, 8.4160471e-01],
       [3.1029063e-01, 3.8644242e-01, 3.0326685e-01]], dtype=float32), array([[4.6800330e-01, 2.1156702e-02, 5.1084000e-01],
       [3.6908630e-01, 2.1614934e-09, 6.3091379e-01],
       [4.6542683e-01, 3.2950088e-02, 5.0162309e-01]], dtype=float32), array([[4.8531237e-01, 6.5455019e-02, 4.4923255e-01],
       [6.7604363e-01, 3.5032826e-09, 3.2395640e-01],
       [5.0702929e-01, 3.5401106e-02, 4.5756960e-01]], dtype=float32), array([[4.6747541e-01, 3.0618327e-02, 5.0190616e-01],
       [3.9149255e-01, 1.7624609e-08, 6.0850745e-01],
       [4.6335635e-01, 4.3935571e-02, 4.9270800e-01]], dtype=float32), array([[4.4469574e-01, 2.4101317e-02, 5.3120291e-01],
       [2.8032812e-01, 5.4010648e-08, 7.1967185e-01],
       [4.4315180e-01, 5.1617950e-02, 5.0523019e-01]], dtype=float32), array([[4.6976170e-01, 9.1300398e-02, 4.3893787e-01],
       [6.6125447e-01, 6.4403110e-08, 3.3874542e-01],
       [4.9555019e-01, 5.2803423e-02, 4.5164645e-01]], dtype=float32), array([[1.7873202e-01, 6.3267207e-01, 1.8859594e-01],
       [6.2896490e-01, 2.5408733e-06, 3.7103251e-01],
       [2.4947807e-01, 4.9370128e-01, 2.5682062e-01]], dtype=float32), array([[4.5813689e-01, 1.1110579e-01, 4.3075734e-01],
       [6.5165287e-01, 3.6371358e-07, 3.4834677e-01],
       [4.8654631e-01, 6.7084722e-02, 4.4636905e-01]], dtype=float32), array([[3.1943363e-01, 3.6343673e-01, 3.1712964e-01],
       [3.6459249e-01, 1.8241897e-05, 6.3538921e-01],
       [2.5257921e-01, 5.0445420e-01, 2.4296659e-01]], dtype=float32), array([[4.4712943e-01, 1.3025115e-01, 4.2261934e-01],
       [6.4279979e-01, 1.6812249e-06, 3.5719854e-01],
       [4.7760606e-01, 8.1796750e-02, 4.4059724e-01]], dtype=float32), array([[3.3644310e-01, 3.2616654e-01, 3.3739042e-01],
       [3.1796366e-01, 7.0199872e-05, 6.8196619e-01],
       [2.4940868e-01, 5.1713467e-01, 2.3345675e-01]], dtype=float32), array([[4.1383502e-01, 1.9531161e-01, 3.9085332e-01],
       [7.0841342e-01, 6.0765819e-06, 2.9158056e-01],
       [4.7794282e-01, 9.8301917e-02, 4.2375529e-01]], dtype=float32), array([[4.26494867e-01, 1.66487649e-01, 4.07017559e-01],
       [6.28640592e-01, 1.57584564e-05, 3.71343642e-01],
       [4.60092098e-01, 1.11169904e-01, 4.28738028e-01]], dtype=float32)]","[array([-1.2100182, -1.2100182, -1.2100182], dtype=float32), array([-1.1993252, -1.1993252, -1.1993252], dtype=float32), array([nan, nan, nan], dtype=float32), array([-1.1566197, -1.1566197, -1.1566197], dtype=float32), array([nan, nan, nan], dtype=float32), array([-1.1115338, -1.1115338, -1.1115338], dtype=float32), array([nan, nan, nan], dtype=float32), array([-1.0831766, -1.0831766, -1.0831766], dtype=float32), array([nan, nan, nan], dtype=float32), array([nan, nan, nan], dtype=float32), array([-1.065865, -1.065865, -1.065865], dtype=float32), array([-1.058846, -1.058846, -1.058846], dtype=float32), array([-1.039932, -1.039932, -1.039932], dtype=float32), array([nan, nan, nan], dtype=float32), array([-0.97975874, -0.97975874, -0.97975874], dtype=float32), array([-0.94479483, -0.94479483, -0.94479483], dtype=float32), array([-0.91001564, -0.91001564, -0.91001564], dtype=float32), array([-0.8867478, -0.8867478, -0.8867478], dtype=float32), array([nan, nan, nan], dtype=float32), array([-0.85832596, -0.85832596, -0.85832596], dtype=float32), array([-0.8475236, -0.8475236, -0.8475236], dtype=float32), array([nan, nan, nan], dtype=float32), array([-0.8266083, -0.8266083, -0.8266083], dtype=float32), array([-0.8161561, -0.8161561, -0.8161561], dtype=float32), array([-0.80305165, -0.80305165, -0.80305165], dtype=float32), array([nan, nan, nan], dtype=float32), array([nan, nan, nan], dtype=float32), array([-0.7817446, -0.7817446, -0.7817446], dtype=float32), array([-0.7768103, -0.7768103, -0.7768103], dtype=float32), array([-0.77277946, -0.77277946, -0.77277946], dtype=float32), array([-0.76942056, -0.76942056, -0.76942056], dtype=float32)]","[array([-1.2100182, -1.2100182, -1.2100182], dtype=float32), array([-1.1993253, -1.1993253, -1.1993253], dtype=float32), array([-1.1768416, -1.1768416, -1.1768416], dtype=float32), array([-1.1566198, -1.1566198, -1.1566198], dtype=float32), array([-1.1380063, -1.1380063, -1.1380063], dtype=float32), array([-1.1115339, -1.1115339, -1.1115339], dtype=float32), array([-1.0996782, -1.0996782, -1.0996782], dtype=float32), array([-1.0831767, -1.0831767, -1.0831767], dtype=float32), array([-1.0780241, -1.0780241, -1.0780241], dtype=float32), array([-1.0716639, -1.0716639, -1.0716639], dtype=float32), array([-1.0658648, -1.0658648, -1.0658648], dtype=float32), array([-1.0588458, -1.0588458, -1.0588458], dtype=float32), array([-1.0399323, -1.0399323, -1.0399323], dtype=float32), array([-1.0135669, -1.0135669, -1.0135669], dtype=float32), array([-0.97975904, -0.97975904, -0.97975904], dtype=float32), array([-0.9447947, -0.9447947, -0.9447947], dtype=float32), array([-0.9100159, -0.9100159, -0.9100159], dtype=float32), array([-0.88674754, -0.88674754, -0.88674754], dtype=float32), array([-0.86634934, -0.86634934, -0.86634934], dtype=float32), array([-0.858326, -0.858326, -0.858326], dtype=float32), array([-0.84752357, -0.84752357, -0.84752357], dtype=float32), array([-0.8376465, -0.8376465, -0.8376465], dtype=float32), array([-0.8266084, -0.8266084, -0.8266084], dtype=float32), array([-0.8161562, -0.8161562, -0.8161562], dtype=float32), array([-0.80305177, -0.80305177, -0.80305177], dtype=float32), array([-0.7917308, -0.7917308, -0.7917308], dtype=float32), array([-0.7865661, -0.7865661, -0.7865661], dtype=float32), array([-0.7817447, -0.7817447, -0.7817447], dtype=float32), array([-0.77681035, -0.77681035, -0.77681035], dtype=float32), array([-0.77277946, -0.77277946, -0.77277946], dtype=float32), array([-0.76942056, -0.76942056, -0.76942056], dtype=float32)]",1,0,0,0,0,0,56.47122302158273,64.59136690647483,0.00023224895472000282,2000,0.0005319641267549836,10.05,18000,10.05,18000,2000,0.3199093471631537,-0.019799022004008293,278721,-0.0057517290115356445,0.0013802934991,0.00150985864456743,81158,30969,121.52593231201172,0.4722185432910919,9.0,0.02253895439207554,1.0,0.3292233347892761,999.0,0.0,0.1829647719860077,349.78376103732506,0.0,999.0,278721,0.0013802934991,23810,30969,0.0393447157605,0.0,9.0,1.0,349.7847184519393,837000,93000,104968,61938,0,557442,1050.4154237776677,6559857.462614948,6456937.463519509,10.5,50,9.0,9.5,1.0066988216326744,0.0019801435299450533,0.00011654296483683842,0.00033335316381877456,1.0066988216326744,100,0.19070949079173283,9.94,2,450,2.0,5.2038496570966155e-05,2,18100,0.0001811623055863004,0.0004195257929566251,900,100,9.94,900,100,9.94,9.475518174200371e-06,1.0366611816547225e-05,6.268834979433013e-05,4.836087260864304e-05,2.8108971814438993e-05,4.302559553582426e-05,7.31474203104698e-05,2.425370951989322e-05,4.258048907680475e-05,3.193093849707769e-05,0.0002167745950234109,0.051466628885364185,0.006328769422887529,0.049622096273555356,0.1673085764251068,0.02860571427228138,0.015714790573555987,0.00016320447882841666,972594,271.0,108066,0.0,498.0,279.0,87.25165557861328,0.004835855681449175,0.4722185730934143,271.0,108066,0.3234072,498.0,1.0,0.20282143354415894,279.0,-0.026294739916920662,972594,0.0006960630416870117,651000,1945188,5859000,216132,11498.350923061093,8.286818773331061e-06,4.859519798691868e-05,3.8198343738298495e-05,2.238423461156343e-05,7.235842816920651e-06,5.55305612734291e-05,1.8418136032410934e-05,3.316179167567825e-05,2.5348813366973873e-05,0.000175787630726704,3.326019600632898e-05
1,20000,False,10,d1e1b_00000,2025-08-17_20-44-54,1755463494,93.14976024627686,937.0158212184906,685847,intrinsic-attention2,10.156.0.3,937.0158212184906,10,91.98893662936278,1.6622103184900536e-05,91.98868483638333,2.876594390552648,88.77942249999384,0.0020028019927398094,0.0015947631794551852,9.95,9.0,9.5,4.801130844371729e-05,0.00010491699338058518,0.0002576240076450631,1.0067001111073661,2,2000,2,10000,2.8460256818553096,1.0067001111073661,20000,2.0,10.5,1000,646.2182761952258,2000.0,3000.0,"[array([[4.3565428e-01, 9.5346361e-02, 4.6899942e-01],
       [3.9450121e-01, 5.8061694e-05, 6.0544074e-01],
       [4.2191076e-01, 1.3163629e-01, 4.4645295e-01]], dtype=float32), array([[0.29989892, 0.40743035, 0.29267073],
       [0.3785934 , 0.00076202, 0.6206446 ],
       [0.23704737, 0.54097754, 0.22197498]], dtype=float32), array([[0.16646889, 0.65430933, 0.17922185],
       [0.5847991 , 0.00097678, 0.41422415],
       [0.21558568, 0.5574947 , 0.2269196 ]], dtype=float32), array([[3.9388439e-01, 2.2439575e-01, 3.8171989e-01],
       [6.0553610e-01, 2.7435733e-04, 3.9418954e-01],
       [4.2908657e-01, 1.6420254e-01, 4.0671095e-01]], dtype=float32), array([[0.27419898, 0.46080822, 0.26499286],
       [0.42437005, 0.00466542, 0.5709645 ],
       [0.23335783, 0.545975  , 0.22066711]], dtype=float32), array([[0.3470399 , 0.20645985, 0.44650024],
       [0.19660106, 0.01112174, 0.7922772 ],
       [0.2775676 , 0.51721853, 0.2052138 ]], dtype=float32), array([[0.39971337, 0.19005272, 0.41023389],
       [0.4538273 , 0.00259542, 0.54357725],
       [0.38824502, 0.21543641, 0.39631853]], dtype=float32), array([[0.36187622, 0.28206947, 0.3560543 ],
       [0.5822106 , 0.00316514, 0.41462424],
       [0.39563218, 0.22320609, 0.38116175]], dtype=float32), array([[0.34832293, 0.30685842, 0.34481874],
       [0.5905791 , 0.00511058, 0.40431026],
       [0.38903368, 0.23701245, 0.37395388]], dtype=float32), array([[0.37898722, 0.23959614, 0.38141662],
       [0.48178926, 0.00871929, 0.5094915 ],
       [0.3745305 , 0.24879818, 0.37667134]], dtype=float32), array([[0.3352088 , 0.2576699 , 0.40712124],
       [0.24737494, 0.06158391, 0.6910412 ],
       [0.2920213 , 0.51630074, 0.19167793]], dtype=float32), array([[0.24567355, 0.5139947 , 0.24033177],
       [0.45910007, 0.05065253, 0.49024737],
       [0.2347697 , 0.5361638 , 0.22906649]], dtype=float32), array([[0.3393084 , 0.3227059 , 0.33798563],
       [0.5558033 , 0.01823306, 0.42596364],
       [0.3693142 , 0.270244  , 0.36044177]], dtype=float32), array([[0.24265456, 0.51826656, 0.23907885],
       [0.45442557, 0.07482632, 0.47074816],
       [0.2364107 , 0.53089064, 0.23269868]], dtype=float32), array([[0.35993576, 0.2790892 , 0.36097497],
       [0.4762527 , 0.03283927, 0.49090797],
       [0.35720396, 0.28467208, 0.35812396]], dtype=float32), array([[0.24205473, 0.51792693, 0.24001835],
       [0.44729006, 0.09780347, 0.45490652],
       [0.23889633, 0.52428377, 0.2368199 ]], dtype=float32), array([[0.12768993, 0.6377171 , 0.2345929 ],
       [0.8172797 , 0.01283753, 0.16988277],
       [0.42178348, 0.23833147, 0.339885  ]], dtype=float32), array([[0.32857823, 0.34166965, 0.32975218],
       [0.5287814 , 0.0471452 , 0.42407343],
       [0.35534003, 0.29527572, 0.34938422]], dtype=float32), array([[0.24064818, 0.518855  , 0.24049684],
       [0.43634942, 0.12685953, 0.43679106],
       [0.2404434 , 0.51926476, 0.24029185]], dtype=float32), array([[0.241862  , 0.51585376, 0.24228418],
       [0.4291222 , 0.14284104, 0.42803678],
       [0.24239618, 0.5147869 , 0.24281688]], dtype=float32), array([[0.33122128, 0.32275635, 0.34602237],
       [0.3048647 , 0.2406716 , 0.4544637 ],
       [0.3374273 , 0.46918362, 0.19338906]], dtype=float32), array([[0.33526722, 0.32960048, 0.3351323 ],
       [0.44822088, 0.11750503, 0.43427405],
       [0.33878177, 0.32282218, 0.338396  ]], dtype=float32), array([[0.33028108, 0.33911762, 0.33060133],
       [0.43384337, 0.1490036 , 0.41715306],
       [0.33491954, 0.3303305 , 0.33474997]], dtype=float32), array([[0.33732444, 0.34023064, 0.3224449 ],
       [0.3273387 , 0.32331312, 0.34934822],
       [0.37571406, 0.4230937 , 0.20119216]], dtype=float32), array([[0.22670703, 0.5073028 , 0.26599014],
       [0.35340884, 0.30366132, 0.34292984],
       [0.2512205 , 0.46492684, 0.28385273]], dtype=float32), array([[0.2521547 , 0.47007212, 0.2777732 ],
       [0.3379398 , 0.32600313, 0.3360571 ],
       [0.26545757, 0.44672778, 0.28781468]], dtype=float32), array([[0.2378503 , 0.47909454, 0.28305525],
       [0.32929003, 0.33902693, 0.33168304],
       [0.25996745, 0.44321424, 0.29681835]], dtype=float32), array([[0.27451   , 0.43405792, 0.29143205],
       [0.32361966, 0.34949446, 0.32688588],
       [0.28096232, 0.42268777, 0.29634997]], dtype=float32), array([[0.32266346, 0.3511017 , 0.32623488],
       [0.35292128, 0.30134895, 0.34572974],
       [0.3266685 , 0.3444044 , 0.32892707]], dtype=float32), array([[0.27228263, 0.40690333, 0.32081404],
       [0.30368096, 0.36789775, 0.3284213 ],
       [0.2849489 , 0.39085764, 0.3241935 ]], dtype=float32), array([[0.295243  , 0.38161516, 0.32314187],
       [0.30995756, 0.36252102, 0.32752144],
       [0.3003992 , 0.37485966, 0.32474115]], dtype=float32)]","[array([-0.7651907, -0.7651907, -0.7651907], dtype=float32), array([-0.7621051, -0.7621051, -0.7621051], dtype=float32), array([-0.7566108, -0.7566108, -0.7566108], dtype=float32), array([nan, nan, nan], dtype=float32), array([-0.7499264, -0.7499264, -0.7499264], dtype=float32), array([-0.7458517, -0.7458517, -0.7458517], dtype=float32), array([nan, nan, nan], dtype=float32), array([-0.7428153, -0.7428153, -0.7428153], dtype=float32), array([-0.7413477, -0.7413477, -0.7413477], dtype=float32), array([-0.73912084, -0.73912084, -0.73912084], dtype=float32), array([nan, nan, nan], dtype=float32), array([-0.7306666, -0.7306666, -0.7306666], dtype=float32), array([-0.7169182, -0.7169182, -0.7169182], dtype=float32), array([-0.70173985, -0.70173985, -0.70173985], dtype=float32), array([nan, nan, nan], dtype=float32), array([-0.6724146, -0.6724146, -0.6724146], dtype=float32), array([nan, nan, nan], dtype=float32), array([-0.63240856, -0.63240856, -0.63240856], dtype=float32), array([-0.6264552, -0.6264552, -0.6264552], dtype=float32), array([nan, nan, nan], dtype=float32), array([-0.6057151, -0.6057151, -0.6057151], dtype=float32), array([-0.5864359, -0.5864359, -0.5864359], dtype=float32), array([-0.5640858, -0.5640858, -0.5640858], dtype=float32), array([nan, nan, nan], dtype=float32), array([-0.5164596, -0.5164596, -0.5164596], dtype=float32), array([nan, nan, nan], dtype=float32), array([-0.45228374, -0.45228374, -0.45228374], dtype=float32), array([-0.42072386, -0.42072386, -0.42072386], dtype=float32), array([-0.3909594, -0.3909594, -0.3909594], dtype=float32), array([-0.36765683, -0.36765683, -0.36765683], dtype=float32), array([-0.338448, -0.338448, -0.338448], dtype=float32)]","[array([-0.7651907, -0.7651907, -0.7651907], dtype=float32), array([-0.76210505, -0.76210505, -0.76210505], dtype=float32), array([-0.7566108, -0.7566108, -0.7566108], dtype=float32), array([-0.75397974, -0.75397974, -0.75397974], dtype=float32), array([-0.7499265, -0.7499265, -0.7499265], dtype=float32), array([-0.7458516, -0.7458516, -0.7458516], dtype=float32), array([-0.74551296, -0.74551296, -0.74551296], dtype=float32), array([-0.74281526, -0.74281526, -0.74281526], dtype=float32), array([-0.7413476, -0.7413476, -0.7413476], dtype=float32), array([-0.7391208, -0.7391208, -0.7391208], dtype=float32), array([-0.7361812, -0.7361812, -0.7361812], dtype=float32), array([-0.7306664, -0.7306664, -0.7306664], dtype=float32), array([-0.71691805, -0.71691805, -0.71691805], dtype=float32), array([-0.70173997, -0.70173997, -0.70173997], dtype=float32), array([-0.6858711, -0.6858711, -0.6858711], dtype=float32), array([-0.6724147, -0.6724147, -0.6724147], dtype=float32), array([-0.65299785, -0.65299785, -0.65299785], dtype=float32), array([-0.6324085, -0.6324085, -0.6324085], dtype=float32), array([-0.62645525, -0.62645525, -0.62645525], dtype=float32), array([-0.6193813, -0.6193813, -0.6193813], dtype=float32), array([-0.6057151, -0.6057151, -0.6057151], dtype=float32), array([-0.58643585, -0.58643585, -0.58643585], dtype=float32), array([-0.56408584, -0.56408584, -0.56408584], dtype=float32), array([-0.5435754, -0.5435754, -0.5435754], dtype=float32), array([-0.5164596, -0.5164596, -0.5164596], dtype=float32), array([-0.4834842, -0.4834842, -0.4834842], dtype=float32), array([-0.45228377, -0.45228377, -0.45228377], dtype=float32), array([-0.4207239, -0.4207239, -0.4207239], dtype=float32), array([-0.3909594, -0.3909594, -0.3909594], dtype=float32), array([-0.36765677, -0.36765677, -0.36765677], dtype=float32), array([-0.33844802, -0.33844802, -0.33844802], dtype=float32)]",1,0,0,0,0,0,56.45112781954887,64.61503759398497,0.00016546538672458628,2000,0.00038328721038497605,9.95,20000,9.95,20000,2000,0.32227069229159994,0.0004089057620149106,309690,-0.0154876708984375,0.0013802934991,0.000858909566886723,81158,30969,128.26914978027344,0.4722185432910919,10.0,0.01126947719603777,1.0,0.3493857979774475,999.0,0.0,0.18061593174934387,349.3191809774239,0.0,999.0,309690,0.0013802934991,23810,30969,0.0393447157605,0.0,10.0,1.0,349.3200838744809,930000,93000,104968,61938,0,619380,1049.0196097282058,6539373.069446278,6460682.335619769,10.5,50,10.0,9.5,1.0066998255508928,0.00198545821942389,0.00014450461187861353,0.0003320816622880682,1.0066998255508928,100,0.1906660718638002,9.94,2,500,2.0,6.258478458635503e-05,2,20100,0.00022188813571832975,0.0005131904613082341,1000,100,9.94,1000,100,9.94,7.07257840407321e-06,8.04019776588156e-06,4.467994332499456e-05,3.446710388703947e-05,2.1419755422984894e-05,3.026267374093647e-05,5.076066120398845e-05,1.7272484476638783e-05,3.0253303786193426e-05,2.349091381019712e-05,0.00016168557352447773,0.051514339956403254,0.006331215488642795,0.051896026220893225,0.16733085054081487,0.02860817438960943,0.01572346424783299,0.00016319638412387255,1080660,301.0,108066,0.0,498.0,310.0,91.23593139648438,0.0016543391393497586,0.4722185730934143,301.0,108066,0.32901827,498.0,1.0,0.18212945759296417,310.0,-0.02020232565701008,1080660,-0.0031529664993286133,651000,2161320,6510000,216132,11388.113726075602,1.0173303436666609e-05,5.9549339470402264e-05,4.596425503242239e-05,2.6653734854539714e-05,8.692504665996554e-06,6.889999810091609e-05,2.3178577770785703e-05,4.0445774776286215e-05,3.031394522813876e-05,0.0002118703791781238,4.132440062593877e-05
1,22000,False,11,d1e1b_00000,2025-08-17_20-46-27,1755463587,92.48708415031433,1029.502905368805,685847,intrinsic-attention2,10.156.0.3,1029.502905368805,11,91.99190731326911,1.6618292149898223e-05,91.99165364260945,2.8749553720771783,88.78178821759376,0.0020040553428033138,0.0015848203891073354,9.97,10.0,9.5,4.730681889578248e-05,0.00010258610105648132,0.0002576240076450631,1.0067001111073661,2,2000,2,11000,2.844375310246852,1.0067001111073661,22000,2.0,10.5,1000,635.4444682305597,2000.0,3000.0,"[array([[0.16717248, 0.44120955, 0.39161792],
       [0.40702796, 0.29033366, 0.30263835],
       [0.37122244, 0.31096843, 0.3178091 ]], dtype=float32), array([[0.32388732, 0.340862  , 0.33525062],
       [0.3302788 , 0.33575535, 0.33396584],
       [0.32819557, 0.33741397, 0.33439037]], dtype=float32), array([[0.30544934, 0.34999597, 0.3445547 ],
       [0.31041762, 0.34700176, 0.34258062],
       [0.30984357, 0.34734717, 0.3428093 ]], dtype=float32), array([[0.2877096 , 0.35838223, 0.35390827],
       [0.29849732, 0.35241687, 0.34908578],
       [0.29787412, 0.35276073, 0.34936514]], dtype=float32), array([[0.27756056, 0.37979692, 0.34264255],
       [0.2962244 , 0.36374313, 0.34003252],
       [0.29002467, 0.3690156 , 0.34095973]], dtype=float32), array([[0.25293237, 0.44060674, 0.30646083],
       [0.30434892, 0.3700234 , 0.32562765],
       [0.27035388, 0.41587073, 0.31377548]], dtype=float32), array([[0.24655108, 0.48104843, 0.2724005 ],
       [0.33269304, 0.334365  , 0.33294192],
       [0.2593404 , 0.45832747, 0.2823322 ]], dtype=float32), array([[0.2314582 , 0.5227575 , 0.24578428],
       [0.3723836 , 0.26450485, 0.36311153],
       [0.24217893, 0.5022639 , 0.2555572 ]], dtype=float32), array([[0.22845629, 0.5395036 , 0.23204015],
       [0.39814672, 0.20834987, 0.39350346],
       [0.23185103, 0.5327772 , 0.23537174]], dtype=float32), array([[0.17223524, 0.632566  , 0.1951988 ],
       [0.45536262, 0.13853316, 0.40610418],
       [0.20009725, 0.5782957 , 0.22160706]], dtype=float32), array([[0.33493716, 0.33050162, 0.33456132],
       [0.5415115 , 0.03188757, 0.42660108],
       [0.36266786, 0.2822417 , 0.35509035]], dtype=float32), array([[0.20222744, 0.5903503 , 0.20742229],
       [0.41706008, 0.17440043, 0.40853947],
       [0.20778994, 0.5793144 , 0.21289565]], dtype=float32), array([[0.15906505, 0.6431184 , 0.19781658],
       [0.39838374, 0.23478664, 0.3668296 ],
       [0.19304213, 0.57788724, 0.22907065]], dtype=float32), array([[0.31898764, 0.35637808, 0.32463437],
       [0.44683525, 0.1697928 , 0.3833719 ],
       [0.34101415, 0.32118976, 0.33779606]], dtype=float32), array([[0.32447106, 0.34689093, 0.32863796],
       [0.368011  , 0.28217816, 0.34981087],
       [0.33289215, 0.33400372, 0.33310416]], dtype=float32), array([[0.32543063, 0.33725065, 0.33731866],
       [0.33036315, 0.33480582, 0.3348311 ],
       [0.33039114, 0.3347919 , 0.33481693]], dtype=float32), array([[0.3330679 , 0.31334344, 0.35358873],
       [0.33256537, 0.30233973, 0.3650949 ],
       [0.33331397, 0.3242683 , 0.34241775]], dtype=float32), array([[0.33523217, 0.2791371 , 0.3856308 ],
       [0.33290327, 0.24132761, 0.42576918],
       [0.33483607, 0.30998045, 0.35518345]], dtype=float32), array([[0.35148177, 0.22493212, 0.42358613],
       [0.3470228 , 0.13024193, 0.52273524],
       [0.34509772, 0.27604234, 0.37885988]], dtype=float32), array([[0.36490518, 0.17274396, 0.4623508 ],
       [0.33954257, 0.05445001, 0.6060074 ],
       [0.35667548, 0.23784183, 0.40548268]], dtype=float32), array([[0.34018302, 0.10714588, 0.552671  ],
       [0.24878179, 0.01904444, 0.73217374],
       [0.35256442, 0.20116054, 0.446275  ]], dtype=float32), array([[0.40808207, 0.14593433, 0.4459836 ],
       [0.4178208 , 0.01124711, 0.5709321 ],
       [0.3969638 , 0.1774941 , 0.42554212]], dtype=float32), array([[0.3909763 , 0.10496356, 0.50406015],
       [0.32434496, 0.00770946, 0.6679456 ],
       [0.38365015, 0.16452257, 0.45182732]], dtype=float32), array([[2.9308507e-01, 1.3373500e-02, 6.9354147e-01],
       [1.8012188e-01, 7.9077523e-04, 8.1908727e-01],
       [3.2682025e-01, 2.8657956e-02, 6.4452183e-01]], dtype=float32), array([[0.01105202, 0.01184927, 0.97709864],
       [0.01186317, 0.0127046 , 0.9754322 ],
       [0.35360485, 0.35258827, 0.2938069 ]], dtype=float32), array([[0.39234042, 0.06572662, 0.541933  ],
       [0.2887002 , 0.00200073, 0.7092991 ],
       [0.39328632, 0.11718899, 0.48952472]], dtype=float32), array([[2.6233512e-01, 7.4359952e-03, 7.3022890e-01],
       [1.3824072e-01, 2.3702110e-04, 8.6152226e-01],
       [3.0565459e-01, 1.9397313e-02, 6.7494804e-01]], dtype=float32), array([[0.33475563, 0.04010584, 0.6251386 ],
       [0.18752563, 0.00129469, 0.8111797 ],
       [0.3655124 , 0.10143548, 0.53305215]], dtype=float32), array([[2.4445964e-01, 1.0148911e-02, 7.4539149e-01],
       [1.3334760e-01, 6.3986791e-04, 8.6601257e-01],
       [2.9172325e-01, 2.5795581e-02, 6.8248117e-01]], dtype=float32), array([[0.2698454 , 0.07320596, 0.6569486 ],
       [0.17280054, 0.01796413, 0.80923533],
       [0.32466277, 0.16942495, 0.50591224]], dtype=float32), array([[0.05034251, 0.0109152 , 0.93874234],
       [0.02819727, 0.00444591, 0.96735686],
       [0.13879223, 0.0553643 , 0.8058435 ]], dtype=float32)]","[array([nan, nan, nan], dtype=float32), array([nan, nan, nan], dtype=float32), array([nan, nan, nan], dtype=float32), array([nan, nan, nan], dtype=float32), array([nan, nan, nan], dtype=float32), array([nan, nan, nan], dtype=float32), array([nan, nan, nan], dtype=float32), array([nan, nan, nan], dtype=float32), array([nan, nan, nan], dtype=float32), array([nan, nan, nan], dtype=float32), array([nan, nan, nan], dtype=float32), array([nan, nan, nan], dtype=float32), array([nan, nan, nan], dtype=float32), array([nan, nan, nan], dtype=float32), array([nan, nan, nan], dtype=float32), array([nan, nan, nan], dtype=float32), array([nan, nan, nan], dtype=float32), array([nan, nan, nan], dtype=float32), array([nan, nan, nan], dtype=float32), array([nan, nan, nan], dtype=float32), array([nan, nan, nan], dtype=float32), array([nan, nan, nan], dtype=float32), array([nan, nan, nan], dtype=float32), array([nan, nan, nan], dtype=float32), array([nan, nan, nan], dtype=float32), array([nan, nan, nan], dtype=float32), array([nan, nan, nan], dtype=float32), array([nan, nan, nan], dtype=float32), array([nan, nan, nan], dtype=float32), array([nan, nan, nan], dtype=float32), array([nan, nan, nan], dtype=float32)]","[array([-0.31181124, -0.31181124, -0.31181124], dtype=float32), array([-0.28765705, -0.28765705, -0.28765705], dtype=float32), array([-0.25871065, -0.25871065, -0.25871065], dtype=float32), array([-0.23224023, -0.23224023, -0.23224023], dtype=float32), array([-0.21108821, -0.21108821, -0.21108821], dtype=float32), array([-0.18191694, -0.18191694, -0.18191694], dtype=float32), array([-0.15416671, -0.15416671, -0.15416671], dtype=float32), array([-0.12809798, -0.12809798, -0.12809798], dtype=float32), array([-0.09318551, -0.09318551, -0.09318551], dtype=float32), array([-0.06262375, -0.06262375, -0.06262375], dtype=float32), array([-0.04164761, -0.04164761, -0.04164761], dtype=float32), array([-0.01532749, -0.01532749, -0.01532749], dtype=float32), array([0.00722441, 0.00722441, 0.00722441], dtype=float32), array([0.02241868, 0.02241868, 0.02241868], dtype=float32), array([0.04699886, 0.04699886, 0.04699886], dtype=float32), array([0.07083135, 0.07083135, 0.07083135], dtype=float32), array([0.08616027, 0.08616027, 0.08616027], dtype=float32), array([0.1146926, 0.1146926, 0.1146926], dtype=float32), array([0.14537874, 0.14537874, 0.14537874], dtype=float32), array([0.1798613, 0.1798613, 0.1798613], dtype=float32), array([0.21016301, 0.21016301, 0.21016301], dtype=float32), array([0.25355318, 0.25355318, 0.25355318], dtype=float32), array([0.29355308, 0.29355308, 0.29355308], dtype=float32), array([0.3268748, 0.3268748, 0.3268748], dtype=float32), array([0.36505973, 0.36505973, 0.36505973], dtype=float32), array([0.3996116, 0.3996116, 0.3996116], dtype=float32), array([0.42987102, 0.42987102, 0.42987102], dtype=float32), array([0.45458326, 0.45458326, 0.45458326], dtype=float32), array([0.48516276, 0.48516276, 0.48516276], dtype=float32), array([0.5030102, 0.5030102, 0.5030102], dtype=float32), array([0.5124282, 0.5124282, 0.5124282], dtype=float32)]",1,0,0,0,0,0,56.35075757575757,64.6007575757576,0.00016294718096562897,2000,0.00037580021948682805,9.97,22000,9.97,22000,2000,0.3245326607886956,-0.00018515600822865963,340659,0.002054870128631592,0.0013802934991,0.0010321037843823433,81158,30969,123.28535461425781,0.4722185432910919,11.0,0.005634738598018885,1.0,0.3487575352191925,999.0,0.0,0.19978660345077515,348.9211081254489,0.0,999.0,340659,0.0013802934991,23810,30969,0.0393447157605,0.0,11.0,1.0,348.9219592226305,1023000,93000,104968,61938,0,681318,1047.8235443576452,6526156.174264451,6471099.526265428,10.5,50,11.0,9.5,1.006700047870376,0.002260776649345644,0.00015058548123235104,0.0003306936857610205,1.006700047870376,100,0.19057046514515286,9.94,2,550,2.0,6.296970264844624e-05,2,22100,0.00022401036932506106,0.0005165704702868004,1100,100,9.94,1100,100,9.94,6.936189964403595e-06,7.838239519052026e-06,4.3460140622667306e-05,3.4491726025738084e-05,2.0828761813913667e-05,3.0063578106444538e-05,5.0293063384126596e-05,1.6559660680122876e-05,2.941754817789562e-05,2.2639006645396006e-05,0.00015846569671162166,0.05152546344692243,0.006340289283799466,0.054145371368675005,0.16731634991541905,0.028614321555679407,0.01572049280530197,0.00016323470031752048,1188726,331.0,108066,0.0,498.0,341.0,97.60102081298828,0.00045614191913045943,0.4722185730934143,331.0,108066,0.347784,498.0,1.0,0.1914098858833313,341.0,-0.0012317048385739326,1188726,-0.006418466567993164,651000,2377452,7161000,216132,11286.104214670895,1.0045891068377514e-05,6.019093185158323e-05,4.640135295678859e-05,2.7304045670049927e-05,8.942600781306736e-06,7.026460090106894e-05,2.382588253036602e-05,4.108534734321655e-05,3.0483430621318398e-05,0.00021122608655867487,4.173674416656993e-05
1,24000,False,12,d1e1b_00000,2025-08-17_20-48-00,1755463680,93.0519449710846,1122.5548503398895,685847,intrinsic-attention2,10.156.0.3,1122.5548503398895,12,92.00100485755641,1.6600549095588395e-05,92.00074950599337,2.879544314656391,88.78344211099784,0.0020035196593723163,0.0016156639596738387,9.98,11.0,9.5,4.8570398638034804e-05,0.0001088636668725116,0.0002576240076450631,1.0067001111073661,2,2000,2,12000,2.848927849264462,1.0067001111073661,24000,2.0,10.5,1000,624.18616233385,2000.0,3000.0,"[array([[0.04041847, 0.00910181, 0.95047975],
       [0.02249713, 0.00379832, 0.9737046 ],
       [0.12700029, 0.05263684, 0.82036287]], dtype=float32), array([[0.22607371, 0.05430187, 0.7196244 ],
       [0.1371675 , 0.01453803, 0.8482945 ],
       [0.3009156 , 0.1404265 , 0.55865794]], dtype=float32), array([[0.19199994, 0.01491508, 0.793085  ],
       [0.10740808, 0.00237991, 0.89021206],
       [0.25239065, 0.03934011, 0.70826924]], dtype=float32), array([[0.03771757, 0.00519844, 0.95708406],
       [0.01724347, 0.00144873, 0.98130786],
       [0.1234329 , 0.03815355, 0.8384135 ]], dtype=float32), array([[0.2385024 , 0.0261615 , 0.73533607],
       [0.12326626, 0.00263633, 0.8740974 ],
       [0.30587515, 0.07716792, 0.61695695]], dtype=float32), array([[0.39426264, 0.03816719, 0.5675701 ],
       [0.308775  , 0.00179444, 0.6894306 ],
       [0.40089267, 0.06019316, 0.53891414]], dtype=float32), array([[0.1120117 , 0.00746251, 0.88052577],
       [0.04912169, 0.00100313, 0.9498752 ],
       [0.19509058, 0.03197217, 0.7729373 ]], dtype=float32), array([[0.11046053, 0.00770687, 0.8818326 ],
       [0.04884196, 0.00108823, 0.9500698 ],
       [0.19399369, 0.0329793 , 0.77302706]], dtype=float32), array([[0.40173465, 0.03488885, 0.56337655],
       [0.32630762, 0.0017651 , 0.67192733],
       [0.4069543 , 0.05189537, 0.54115033]], dtype=float32), array([[0.16361605, 0.01485105, 0.82153285],
       [0.08860707, 0.00278147, 0.9086115 ],
       [0.23300792, 0.04319295, 0.7237991 ]], dtype=float32), array([[0.11812375, 0.01725221, 0.864624  ],
       [0.06646636, 0.00519888, 0.9283347 ],
       [0.19882247, 0.05540968, 0.7457678 ]], dtype=float32), array([[0.12205973, 0.02328558, 0.85465467],
       [0.07501071, 0.00891222, 0.916077  ],
       [0.2009922 , 0.0668782 , 0.73212963]], dtype=float32), array([[0.16328788, 0.05039564, 0.78631645],
       [0.11133735, 0.02403553, 0.8646271 ],
       [0.24755237, 0.12321135, 0.6292363 ]], dtype=float32), array([[0.3871668 , 0.13113189, 0.4817013 ],
       [0.38327578, 0.06057214, 0.5561521 ],
       [0.38444394, 0.1518608 , 0.46369526]], dtype=float32), array([[0.02829756, 0.11318106, 0.85852134],
       [0.04935205, 0.15284908, 0.7977989 ],
       [0.10447198, 0.2226439 , 0.6728841 ]], dtype=float32), array([[0.34182432, 0.2584115 , 0.3997642 ],
       [0.3423462 , 0.2404198 , 0.417234  ],
       [0.34122443, 0.2688204 , 0.38995513]], dtype=float32), array([[0.31446663, 0.32763192, 0.35790142],
       [0.31537548, 0.3279277 , 0.35669678],
       [0.31733516, 0.32855815, 0.35410666]], dtype=float32), array([[0.28056657, 0.3904018 , 0.32903165],
       [0.3029171 , 0.36546198, 0.33162096],
       [0.29125586, 0.37832674, 0.3304174 ]], dtype=float32), array([[0.60916823, 0.22775671, 0.16307509],
       [0.8864717 , 0.07885457, 0.03467378],
       [0.9302458 , 0.05081801, 0.01893618]], dtype=float32), array([[0.27114776, 0.43494758, 0.2939046 ],
       [0.33272624, 0.3342826 , 0.33299115],
       [0.28166243, 0.41716236, 0.3011752 ]], dtype=float32), array([[0.06845298, 0.7352987 , 0.19624835],
       [0.21820006, 0.47396946, 0.30783048],
       [0.1193464 , 0.6308468 , 0.24980684]], dtype=float32), array([[0.23459911, 0.49120826, 0.27419263],
       [0.37786427, 0.27011412, 0.35202163],
       [0.26433352, 0.44115955, 0.29450697]], dtype=float32), array([[0.14336775, 0.6126081 , 0.24402416],
       [0.43773398, 0.22129162, 0.34097433],
       [0.23618853, 0.46187037, 0.30194107]], dtype=float32), array([[0.03405939, 0.8454145 , 0.12052605],
       [0.2677114 , 0.41436818, 0.31792045],
       [0.08596444, 0.7160762 , 0.19795933]], dtype=float32), array([[0.10736845, 0.6779177 , 0.21471378],
       [0.5128724 , 0.15785909, 0.32926852],
       [0.23087202, 0.46798214, 0.30114582]], dtype=float32), array([[0.00552765, 0.9291604 , 0.06531192],
       [0.29519272, 0.37397245, 0.33083487],
       [0.04821166, 0.7686983 , 0.18309008]], dtype=float32), array([[0.00980826, 0.9204246 , 0.06976712],
       [0.31726184, 0.35122663, 0.3315116 ],
       [0.05589248, 0.7704984 , 0.17360915]], dtype=float32), array([[0.00948568, 0.9255191 , 0.06499523],
       [0.33443624, 0.33210778, 0.33345595],
       [0.05480432, 0.7781156 , 0.16708012]], dtype=float32), array([[0.43265364, 0.42109856, 0.14624777],
       [0.43562874, 0.42352384, 0.14084744],
       [0.50305945, 0.4683239 , 0.02861666]], dtype=float32), array([[0.00415141, 0.9517895 , 0.04405915],
       [0.38440257, 0.2804306 , 0.33516687],
       [0.04270291, 0.8043355 , 0.15296163]], dtype=float32), array([[0.00699992, 0.95223874, 0.04076136],
       [0.45062742, 0.2079094 , 0.34146318],
       [0.04650164, 0.8231739 , 0.13032441]], dtype=float32)]","[array([0.5234738, 0.5234738, 0.5234738], dtype=float32), array([0.5411806, 0.5411806, 0.5411806], dtype=float32), array([nan, nan, nan], dtype=float32), array([0.49723378, 0.49723378, 0.49723378], dtype=float32), array([0.47729802, 0.47729802, 0.47729802], dtype=float32), array([nan, nan, nan], dtype=float32), array([0.45099628, 0.45099628, 0.45099628], dtype=float32), array([0.43982312, 0.43982312, 0.43982312], dtype=float32), array([nan, nan, nan], dtype=float32), array([0.4281752, 0.4281752, 0.4281752], dtype=float32), array([nan, nan, nan], dtype=float32), array([0.4357759, 0.4357759, 0.4357759], dtype=float32), array([0.43489832, 0.43489832, 0.43489832], dtype=float32), array([0.41870922, 0.41870922, 0.41870922], dtype=float32), array([0.40386355, 0.40386355, 0.40386355], dtype=float32), array([0.39306223, 0.39306223, 0.39306223], dtype=float32), array([nan, nan, nan], dtype=float32), array([0.36990446, 0.36990446, 0.36990446], dtype=float32), array([0.36617014, 0.36617014, 0.36617014], dtype=float32), array([nan, nan, nan], dtype=float32), array([0.3752361, 0.3752361, 0.3752361], dtype=float32), array([nan, nan, nan], dtype=float32), array([0.37992296, 0.37992296, 0.37992296], dtype=float32), array([0.38651478, 0.38651478, 0.38651478], dtype=float32), array([0.39313316, 0.39313316, 0.39313316], dtype=float32), array([0.40053126, 0.40053126, 0.40053126], dtype=float32), array([0.4055001, 0.4055001, 0.4055001], dtype=float32), array([0.40977377, 0.40977377, 0.40977377], dtype=float32), array([0.417716, 0.417716, 0.417716], dtype=float32), array([nan, nan, nan], dtype=float32), array([0.4243218, 0.4243218, 0.4243218], dtype=float32)]","[array([0.5234738, 0.5234738, 0.5234738], dtype=float32), array([0.54118055, 0.54118055, 0.54118055], dtype=float32), array([0.5185151, 0.5185151, 0.5185151], dtype=float32), array([0.49723384, 0.49723384, 0.49723384], dtype=float32), array([0.47729793, 0.47729793, 0.47729793], dtype=float32), array([0.4620191, 0.4620191, 0.4620191], dtype=float32), array([0.45099637, 0.45099637, 0.45099637], dtype=float32), array([0.4398231, 0.4398231, 0.4398231], dtype=float32), array([0.42938146, 0.42938146, 0.42938146], dtype=float32), array([0.42817518, 0.42817518, 0.42817518], dtype=float32), array([0.43194714, 0.43194714, 0.43194714], dtype=float32), array([0.43577585, 0.43577585, 0.43577585], dtype=float32), array([0.43489832, 0.43489832, 0.43489832], dtype=float32), array([0.41870922, 0.41870922, 0.41870922], dtype=float32), array([0.40386346, 0.40386346, 0.40386346], dtype=float32), array([0.39306217, 0.39306217, 0.39306217], dtype=float32), array([0.38150725, 0.38150725, 0.38150725], dtype=float32), array([0.3699045, 0.3699045, 0.3699045], dtype=float32), array([0.36617008, 0.36617008, 0.36617008], dtype=float32), array([0.36964747, 0.36964747, 0.36964747], dtype=float32), array([0.37523606, 0.37523606, 0.37523606], dtype=float32), array([0.37764117, 0.37764117, 0.37764117], dtype=float32), array([0.3799229, 0.3799229, 0.3799229], dtype=float32), array([0.38651472, 0.38651472, 0.38651472], dtype=float32), array([0.39313313, 0.39313313, 0.39313313], dtype=float32), array([0.40053126, 0.40053126, 0.40053126], dtype=float32), array([0.40550002, 0.40550002, 0.40550002], dtype=float32), array([0.40977377, 0.40977377, 0.40977377], dtype=float32), array([0.41771597, 0.41771597, 0.41771597], dtype=float32), array([0.4241606, 0.4241606, 0.4241606], dtype=float32), array([0.42432174, 0.42432174, 0.42432174], dtype=float32)]",1,0,0,0,0,0,56.452631578947376,64.6796992481203,0.00016652648739993854,2000,0.00038584544569910843,9.98,24000,9.98,24000,2000,0.32740229749090993,-0.02102837897837162,371628,-0.004332304000854492,0.0013802934991,0.003440191736444831,81158,30969,125.49048614501953,0.4722185432910919,12.0,0.0028173692990094423,1.0,0.3279642164707184,999.0,0.0,0.16925278306007385,348.6022122233626,0.0,999.0,371628,0.0013802934991,23810,30969,0.0393447157605,0.0,12.0,1.0,348.60302479774924,1116000,93000,104968,61938,0,743256,1046.8652608648895,6509436.617264385,6476980.724368875,10.5,50,12.0,9.5,1.0067000971034235,0.0019430192199070006,0.00011444201333749811,0.0003289986890004741,1.0067000971034235,100,0.19000973040368874,9.94,2,600,2.0,5.201069948671431e-05,2,24100,0.00017927528527293647,0.00041708307097900127,1200,100,9.94,1200,100,9.94,7.018860709185966e-06,7.943931984695114e-06,4.5017177452454104e-05,3.4829742561494174e-05,2.1245993041683257e-05,3.046172351317171e-05,5.2295386485956824e-05,1.7348066268686496e-05,3.056857817623637e-05,2.3481280277361965e-05,0.0001622824979024603,0.051696301062415004,0.0063569677409860284,0.05411467701502879,0.1673674594862594,0.031261943660171744,0.01573047441730567,0.00016323787333484508,1296792,361.0,108066,0.0,498.0,372.0,96.26915740966797,0.0026016768533736467,0.4722185730934143,361.0,108066,0.34660897,498.0,1.0,0.16940169036388397,372.0,-0.002781052142381668,1296792,0.0024437904357910156,651000,2593584,7812000,216132,11189.216635737786,8.221894209010542e-06,4.823343623484e-05,3.71989808579699e-05,2.2325592428538878e-05,7.42864179101615e-06,5.42065688140136e-05,1.8220607647096907e-05,3.2254340524076926e-05,2.4425704154581707e-05,0.0001740427740615867,3.2802243469405195e-05
1,26000,False,13,d1e1b_00000,2025-08-17_20-49-34,1755463774,93.81074643135071,1216.3655967712402,685847,intrinsic-attention2,10.156.0.3,1216.3655967712402,13,92.01705600739088,1.6553863634258182e-05,92.01679949910348,2.877164007029755,88.80185339245787,0.0020017878728122883,0.0015897054200468119,10.03,12.0,9.5,4.795941384383508e-05,0.00010264575669549533,0.0002576240076450631,1.0067001111073661,2,2000,2,13000,2.846560851391856,1.0067001111073661,26000,2.0,10.5,1000,612.5191829772984,2000.0,3000.0,"[array([[0.20811161, 0.5557144 , 0.23617391],
       [0.56682324, 0.03589246, 0.39728418],
       [0.26912442, 0.4438401 , 0.28703544]], dtype=float32), array([[0.08845431, 0.7573038 , 0.15424192],
       [0.7225298 , 0.01456538, 0.2629048 ],
       [0.25324988, 0.45243865, 0.29431146]], dtype=float32), array([[0.0218824 , 0.9366012 , 0.04151642],
       [0.5415437 , 0.07333138, 0.38512492],
       [0.05362323, 0.86031145, 0.08606536]], dtype=float32), array([[0.08363727, 0.7770735 , 0.13928922],
       [0.7712672 , 0.00355304, 0.2251798 ],
       [0.26688683, 0.4347067 , 0.2984065 ]], dtype=float32), array([[0.29085764, 0.41795617, 0.29118612],
       [0.501424  , 0.00446727, 0.49410874],
       [0.29278314, 0.41411743, 0.29309934]], dtype=float32), array([[0.00538807, 0.97853523, 0.01607668],
       [0.67184657, 0.01718997, 0.31096348],
       [0.03206261, 0.90327066, 0.06466676]], dtype=float32), array([[0.3060706 , 0.38818198, 0.30574745],
       [0.49282494, 0.00151619, 0.5056588 ],
       [0.3028922 , 0.39457133, 0.30253643]], dtype=float32), array([[2.1083143e-01, 5.5838674e-01, 2.3078179e-01],
       [6.6614068e-01, 3.8578582e-04, 3.3347359e-01],
       [3.0967560e-01, 3.7509042e-01, 3.1523395e-01]], dtype=float32), array([[4.8019915e-04, 9.9612373e-01, 3.3960249e-03],
       [8.3612102e-01, 1.3948473e-03, 1.6248418e-01],
       [1.6442522e-02, 9.3724477e-01, 4.6312675e-02]], dtype=float32), array([[2.1992339e-01, 5.4184842e-01, 2.3822826e-01],
       [6.9745040e-01, 5.6460136e-05, 3.0249310e-01],
       [3.3497813e-01, 3.3044797e-01, 3.3457398e-01]], dtype=float32), array([[0.32067522, 0.47315603, 0.20616877],
       [0.14319949, 0.03059613, 0.82620436],
       [0.06995739, 0.9263204 , 0.00372223]], dtype=float32), array([[2.1592195e-03, 9.9167645e-01, 6.1643682e-03],
       [7.6746714e-01, 7.0351921e-04, 2.3182927e-01],
       [1.9402931e-02, 9.4288218e-01, 3.7714913e-02]], dtype=float32), array([[2.3132713e-01, 5.2076733e-01, 2.4790552e-01],
       [7.0604289e-01, 2.4372535e-05, 2.9393271e-01],
       [3.4926462e-01, 3.0544212e-01, 3.4529334e-01]], dtype=float32), array([[0.32469043, 0.45083448, 0.22447503],
       [0.11716662, 0.01984485, 0.8629885 ],
       [0.06312683, 0.9338222 , 0.00305097]], dtype=float32), array([[1.9005958e-03, 9.9279153e-01, 5.3078602e-03],
       [7.7503234e-01, 4.0830133e-04, 2.2455940e-01],
       [1.7507194e-02, 9.4878238e-01, 3.3710465e-02]], dtype=float32), array([[5.93522009e-06, 9.98117805e-01, 1.87627622e-03],
       [9.99988437e-01, 4.77139751e-11, 1.15486455e-05],
       [9.14369643e-01, 5.61750075e-03, 8.00129324e-02]], dtype=float32), array([[2.5517642e-01, 4.7691247e-01, 2.6791108e-01],
       [7.0668691e-01, 8.8097895e-06, 2.9330423e-01],
       [3.6825296e-01, 2.7207309e-01, 3.5967398e-01]], dtype=float32), array([[6.8644120e-04, 9.8693675e-01, 1.2376787e-02],
       [9.9989903e-01, 9.0010756e-11, 1.0096787e-04],
       [8.6582911e-01, 6.9717309e-03, 1.2719913e-01]], dtype=float32), array([[8.3122151e-03, 9.8029858e-01, 1.1389223e-02],
       [6.4119118e-01, 9.6941512e-05, 3.5871187e-01],
       [1.9823791e-02, 9.5457387e-01, 2.5602333e-02]], dtype=float32), array([[1.0505203e-03, 9.9608457e-01, 2.8648546e-03],
       [8.2109970e-01, 2.4681263e-05, 1.7887568e-01],
       [1.2718111e-02, 9.6332198e-01, 2.3959870e-02]], dtype=float32), array([[7.5657880e-03, 9.8249328e-01, 9.9410350e-03],
       [6.4120489e-01, 2.0527097e-05, 3.5877454e-01],
       [1.7375534e-02, 9.6086168e-01, 2.1762772e-02]], dtype=float32), array([[2.8141674e-01, 4.2753330e-01, 2.9104990e-01],
       [7.8923935e-01, 5.9233880e-08, 2.1076058e-01],
       [4.3108708e-01, 1.6910177e-01, 3.9981121e-01]], dtype=float32), array([[1.6268588e-03, 9.9510610e-01, 3.2671224e-03],
       [7.9321283e-01, 3.3617553e-06, 2.0678379e-01],
       [1.2193562e-02, 9.6819144e-01, 1.9614995e-02]], dtype=float32), array([[2.4641645e-01, 5.9577727e-01, 1.5780625e-01],
       [4.5801580e-02, 1.1181912e-04, 9.5408660e-01],
       [1.2538450e-02, 9.8607695e-01, 1.3845906e-03]], dtype=float32), array([[3.8687882e-01, 2.3426139e-01, 3.7885979e-01],
       [6.8491977e-01, 5.7374283e-09, 3.1508020e-01],
       [4.4776526e-01, 1.2736616e-01, 4.2486855e-01]], dtype=float32), array([[1.6913646e-01, 6.3164508e-01, 1.9921845e-01],
       [9.3959999e-01, 2.3936311e-10, 6.0399927e-02],
       [4.9394634e-01, 1.0067388e-01, 4.0537977e-01]], dtype=float32), array([[3.2966697e-01, 3.5171017e-01, 3.1862289e-01],
       [1.3984427e-02, 4.3145669e-06, 9.8601127e-01],
       [1.2669349e-02, 9.8605078e-01, 1.2798157e-03]], dtype=float32), array([[3.3621192e-01, 3.2821348e-01, 3.3557457e-01],
       [8.6855990e-01, 3.4101531e-11, 1.3144010e-01],
       [4.9794877e-01, 7.3702164e-02, 4.2834902e-01]], dtype=float32), array([[4.7118610e-04, 9.9840850e-01, 1.1202745e-03],
       [9.0835524e-01, 1.4104928e-09, 9.1644779e-02],
       [1.0801605e-02, 9.7123307e-01, 1.7965391e-02]], dtype=float32), array([[2.21588835e-03, 9.85569894e-01, 1.22143067e-02],
       [9.99985099e-01, 5.76910253e-18, 1.49326415e-05],
       [8.66885126e-01, 1.04453624e-03, 1.32070348e-01]], dtype=float32), array([[5.0525297e-04, 9.9840564e-01, 1.0891805e-03],
       [9.2455971e-01, 1.6348744e-11, 7.5440265e-02],
       [1.2929400e-02, 9.6706063e-01, 2.0009980e-02]], dtype=float32)]","[array([nan, nan, nan], dtype=float32), array([0.42712185, 0.42712185, 0.42712185], dtype=float32), array([nan, nan, nan], dtype=float32), array([nan, nan, nan], dtype=float32), array([0.51809543, 0.51809543, 0.51809543], dtype=float32), array([nan, nan, nan], dtype=float32), array([0.61444986, 0.61444986, 0.61444986], dtype=float32), array([nan, nan, nan], dtype=float32), array([nan, nan, nan], dtype=float32), array([0.7940627, 0.7940627, 0.7940627], dtype=float32), array([nan, nan, nan], dtype=float32), array([nan, nan, nan], dtype=float32), array([nan, nan, nan], dtype=float32), array([1.064575, 1.064575, 1.064575], dtype=float32), array([nan, nan, nan], dtype=float32), array([nan, nan, nan], dtype=float32), array([nan, nan, nan], dtype=float32), array([1.2714363, 1.2714363, 1.2714363], dtype=float32), array([nan, nan, nan], dtype=float32), array([nan, nan, nan], dtype=float32), array([1.3556072, 1.3556072, 1.3556072], dtype=float32), array([nan, nan, nan], dtype=float32), array([1.3776734, 1.3776734, 1.3776734], dtype=float32), array([nan, nan, nan], dtype=float32), array([nan, nan, nan], dtype=float32), array([nan, nan, nan], dtype=float32), array([1.1644074, 1.1644074, 1.1644074], dtype=float32), array([nan, nan, nan], dtype=float32), array([0.93540347, 0.93540347, 0.93540347], dtype=float32), array([nan, nan, nan], dtype=float32), array([nan, nan, nan], dtype=float32)]","[array([0.42424223, 0.42424223, 0.42424223], dtype=float32), array([0.42712173, 0.42712173, 0.42712173], dtype=float32), array([0.46076104, 0.46076104, 0.46076104], dtype=float32), array([0.4915333, 0.4915333, 0.4915333], dtype=float32), array([0.51809543, 0.51809543, 0.51809543], dtype=float32), array([0.56781775, 0.56781775, 0.56781775], dtype=float32), array([0.61444986, 0.61444986, 0.61444986], dtype=float32), array([0.6845058, 0.6845058, 0.6845058], dtype=float32), array([0.74218434, 0.74218434, 0.74218434], dtype=float32), array([0.7940627, 0.7940627, 0.7940627], dtype=float32), array([0.86844933, 0.86844933, 0.86844933], dtype=float32), array([0.9334976, 0.9334976, 0.9334976], dtype=float32), array([0.9916383, 0.9916383, 0.9916383], dtype=float32), array([1.0645751, 1.0645751, 1.0645751], dtype=float32), array([1.1281118, 1.1281118, 1.1281118], dtype=float32), array([1.1842365, 1.1842365, 1.1842365], dtype=float32), array([1.2317262, 1.2317262, 1.2317262], dtype=float32), array([1.2714365, 1.2714365, 1.2714365], dtype=float32), array([1.3044823, 1.3044823, 1.3044823], dtype=float32), array([1.3321401, 1.3321401, 1.3321401], dtype=float32), array([1.3556074, 1.3556074, 1.3556074], dtype=float32), array([1.3676828, 1.3676828, 1.3676828], dtype=float32), array([1.3776735, 1.3776735, 1.3776735], dtype=float32), array([1.3732814, 1.3732814, 1.3732814], dtype=float32), array([1.336489, 1.336489, 1.336489], dtype=float32), array([1.2587968, 1.2587968, 1.2587968], dtype=float32), array([1.1644076, 1.1644076, 1.1644076], dtype=float32), array([1.0562218, 1.0562218, 1.0562218], dtype=float32), array([0.93540365, 0.93540365, 0.93540365], dtype=float32), array([0.80619055, 0.80619055, 0.80619055], dtype=float32), array([0.6996495, 0.6996495, 0.6996495], dtype=float32)]",1,0,0,0,0,0,56.497014925373136,64.69029850746269,0.000164151563226086,2000,0.0003766928757258069,10.03,26000,10.03,26000,2000,0.32743483459594636,-0.028297023847699165,402597,-0.0052373409271240234,0.0013802934991,0.04574664682149887,81158,30969,109.25665283203125,0.4722185432910919,13.0,0.004226054064929485,1.0,0.3207544982433319,999.0,0.0,0.2058826982975006,348.04469537895085,0.0,999.0,402597,0.0013802934991,23810,30969,0.0393447157605,0.0,13.0,1.0,348.0454673374552,1209000,93000,104968,61938,0,805194,1045.1904395722465,6490448.268205201,6477996.170796546,10.5,50,13.0,-9.5,1.0067001080061695,0.0019778417807538064,0.00014676256560429966,0.0003277478921138849,1.0067001080061695,100,0.18997667000976828,9.74,2,650,2.0,6.218194828449035e-05,2,26100,0.0002210957489496917,0.0005122815462105068,1300,100,9.74,1300,100,9.74,7.110699720374848e-06,7.721910307346907e-06,4.4932096619667944e-05,3.4381347908989204e-05,2.0708309647243693e-05,3.0042197669428733e-05,4.9887623342192145e-05,1.7051921211710995e-05,2.956983362245819e-05,2.2850541219474175e-05,0.00015850907938269967,0.05172241501181155,0.006361139653604331,0.05406068959474681,0.1674349519814733,0.031238430693578872,0.015738405523132205,0.0001633635945716716,1404858,391.0,108066,0.0,498.0,403.0,99.79193115234375,0.17549926042556763,0.4722185730934143,391.0,108066,0.33411497,498.0,1.0,0.2312224954366684,403.0,-0.04290114715695381,1404858,-0.12688028812408447,651000,2809716,8463000,216132,11096.368109139874,9.794484454546198e-06,5.99798324064769e-05,4.526109015611361e-05,2.678921567943565e-05,8.874884560402514e-06,6.833309254291307e-05,2.3475369592082567e-05,3.9637393521762695e-05,3.0038615552857922e-05,0.00021233742671685466,4.087250925617458e-05
1,28000,False,14,d1e1b_00000,2025-08-17_20-51-14,1755463874,99.99714827537537,1316.3627450466156,685847,intrinsic-attention2,10.156.0.3,1316.3627450466156,14,92.0948151817469,1.6505515063709293e-05,92.09455795389252,2.8749514979893926,88.8818395194233,0.00200139265397694,0.0015685219097940717,8.76,13.0,-10.5,4.766648053693805e-05,0.00010122706452584431,0.0002576240076450631,1.0067001111073661,2,2000,2,14000,2.8443496964779142,1.0067001111073661,28000,2.0,10.5,1000,600.5117040898632,2000.0,3000.0,"[array([[4.2274892e-01, 1.8053427e-01, 3.9671677e-01],
       [9.2852932e-01, 1.1441906e-15, 7.1470670e-02],
       [5.5140364e-01, 1.9314382e-02, 4.2928198e-01]], dtype=float32), array([[4.9028742e-01, 1.4342574e-02, 4.9536997e-01],
       [4.7495827e-01, 5.8445861e-16, 5.2504170e-01],
       [4.8969021e-01, 1.5673188e-02, 4.9463663e-01]], dtype=float32), array([[6.6126103e-04, 9.9809414e-01, 1.2445024e-03],
       [9.4253302e-01, 8.1640762e-15, 5.7467006e-02],
       [1.9493883e-02, 9.5322633e-01, 2.7279733e-02]], dtype=float32), array([[4.3469340e-01, 1.6440637e-01, 4.0090021e-01],
       [9.7215086e-01, 2.8220774e-19, 2.7849095e-02],
       [5.8735353e-01, 6.9001671e-03, 4.0574634e-01]], dtype=float32), array([[4.8081154e-01, 3.9871098e-03, 5.1520139e-01],
       [3.5786718e-01, 8.7071389e-19, 6.4213288e-01],
       [4.8135313e-01, 6.6841785e-03, 5.1196277e-01]], dtype=float32), array([[1.6682367e-01, 3.0789354e-03, 8.3009738e-01],
       [7.7519551e-05, 4.5931298e-15, 9.9992251e-01],
       [2.0385187e-02, 9.7530794e-01, 4.3068421e-03]], dtype=float32), array([[4.7203499e-01, 1.9075293e-03, 5.2605754e-01],
       [2.9653704e-01, 2.4586572e-20, 7.0346290e-01],
       [4.7469479e-01, 4.0833293e-03, 5.2122188e-01]], dtype=float32), array([[4.9591467e-01, 7.3612973e-02, 4.3047234e-01],
       [9.7617644e-01, 1.7950734e-22, 2.3823537e-02],
       [5.9874403e-01, 2.4987825e-03, 3.9875719e-01]], dtype=float32), array([[1.1396396e-03, 9.9699914e-01, 1.8612074e-03],
       [9.5675087e-01, 2.5625913e-19, 4.3249130e-02],
       [3.7772607e-02, 9.1465020e-01, 4.7577225e-02]], dtype=float32), array([[1.2782887e-03, 9.9667227e-01, 2.0494286e-03],
       [9.5757335e-01, 7.7147581e-20, 4.2426642e-02],
       [4.2034291e-02, 9.0571094e-01, 5.2254692e-02]], dtype=float32), array([[5.1940072e-01, 4.3613445e-02, 4.3698588e-01],
       [9.7740483e-01, 3.4012361e-24, 2.2595150e-02],
       [6.0346895e-01, 1.3923522e-03, 3.9513862e-01]], dtype=float32), array([[1.5099394e-03, 9.9613070e-01, 2.3594594e-03],
       [9.5886332e-01, 1.2380072e-20, 4.1136723e-02],
       [4.9181595e-02, 8.9079809e-01, 6.0020331e-02]], dtype=float32), array([[7.3790834e-05, 9.9983072e-01, 9.5446820e-05],
       [7.5228882e-01, 1.0959508e-18, 2.4771114e-01],
       [2.8972857e-04, 9.9934918e-01, 3.6114277e-04]], dtype=float32), array([[2.0069008e-01, 6.0522473e-01, 1.9408524e-01],
       [2.1711817e-01, 9.1990368e-20, 7.8288186e-01],
       [7.5910851e-02, 8.5354787e-01, 7.0541345e-02]], dtype=float32), array([[2.2693754e-03, 9.9433595e-01, 3.3946550e-03],
       [9.5687234e-01, 4.4526773e-21, 4.3127630e-02],
       [6.4984545e-02, 8.5792476e-01, 7.7090733e-02]], dtype=float32), array([[4.4196582e-01, 2.8948314e-04, 5.5774474e-01],
       [1.6677198e-01, 1.6198528e-23, 8.3322799e-01],
       [4.5235965e-01, 1.1730401e-03, 5.4646724e-01]], dtype=float32), array([[3.8668168e-01, 3.6242973e-02, 5.7707536e-01],
       [2.2110455e-03, 4.4579746e-19, 9.9778891e-01],
       [3.3433486e-02, 9.4757569e-01, 1.8990831e-02]], dtype=float32), array([[1.3854101e-01, 4.8935524e-04, 8.6096966e-01],
       [3.1261719e-05, 3.7396704e-19, 9.9996877e-01],
       [5.1093698e-02, 9.2891788e-01, 1.9988468e-02]], dtype=float32), array([[3.7793848e-01, 2.7902177e-02, 5.9415936e-01],
       [1.8679429e-03, 3.6177344e-19, 9.9813205e-01],
       [3.7502468e-02, 9.4106412e-01, 2.1433394e-02]], dtype=float32), array([[4.4984949e-01, 3.0795127e-04, 5.4984260e-01],
       [1.9689745e-01, 1.3491312e-23, 8.0310255e-01],
       [4.5773751e-01, 1.0456620e-03, 5.4121679e-01]], dtype=float32), array([[2.9588321e-01, 4.1211271e-01, 2.9200399e-01],
       [1.5588944e-01, 5.9634753e-20, 8.4411055e-01],
       [1.0455611e-01, 7.9902327e-01, 9.6420683e-02]], dtype=float32), array([[5.4207271e-01, 1.9462042e-02, 4.3846527e-01],
       [9.7272599e-01, 4.3880975e-25, 2.7274068e-02],
       [6.0457706e-01, 7.5242727e-04, 3.9467055e-01]], dtype=float32), array([[3.9937710e-05, 9.9990511e-01, 5.4906606e-05],
       [7.8326380e-01, 1.3808389e-18, 2.1673621e-01],
       [1.9835548e-04, 9.9954236e-01, 2.5930084e-04]], dtype=float32), array([[5.4190028e-01, 1.9418694e-02, 4.3868107e-01],
       [9.7231400e-01, 4.3667390e-25, 2.7685963e-02],
       [6.0393196e-01, 7.6122372e-04, 3.9530680e-01]], dtype=float32), array([[3.8955030e-01, 3.3833925e-02, 5.7661581e-01],
       [2.7045452e-03, 2.7534684e-19, 9.9729544e-01],
       [4.3015480e-02, 9.3072248e-01, 2.6261993e-02]], dtype=float32), array([[4.3497562e-01, 2.2733441e-04, 5.6479704e-01],
       [1.4674810e-01, 1.1146642e-23, 8.5325193e-01],
       [4.4738102e-01, 1.0470219e-03, 5.5157191e-01]], dtype=float32), array([[5.3900331e-01, 2.4736641e-02, 4.3626001e-01],
       [9.7993797e-01, 2.4212806e-25, 2.0062037e-02],
       [6.1349058e-01, 7.1216322e-04, 3.8579717e-01]], dtype=float32), array([[4.63745743e-03, 9.88863945e-01, 6.49857149e-03],
       [9.51773167e-01, 2.47651413e-21, 4.82268110e-02],
       [1.01548754e-01, 7.82975256e-01, 1.15475975e-01]], dtype=float32), array([[4.3450338e-01, 2.2701714e-04, 5.6526965e-01],
       [1.4583926e-01, 1.3014111e-23, 8.5416073e-01],
       [4.4704384e-01, 1.0515207e-03, 5.5190462e-01]], dtype=float32), array([[4.7623152e-03, 9.8857003e-01, 6.6676950e-03],
       [9.5118219e-01, 3.4004878e-21, 4.8817806e-02],
       [1.0260744e-01, 7.8077346e-01, 1.1661920e-01]], dtype=float32), array([[5.3770745e-01, 2.5723305e-02, 4.3656924e-01],
       [9.7863275e-01, 5.7521149e-25, 2.1367205e-02],
       [6.1163485e-01, 7.8685366e-04, 3.8757828e-01]], dtype=float32)]","[array([0.6061127, 0.6061127, 0.6061127], dtype=float32), array([0.5224716, 0.5224716, 0.5224716], dtype=float32), array([0.44898966, 0.44898966, 0.44898966], dtype=float32), array([0.3835088, 0.3835088, 0.3835088], dtype=float32), array([0.32473958, 0.32473958, 0.32473958], dtype=float32), array([0.2743194, 0.2743194, 0.2743194], dtype=float32), array([0.23035622, 0.23035622, 0.23035622], dtype=float32), array([0.19093591, 0.19093591, 0.19093591], dtype=float32), array([0.15582417, 0.15582417, 0.15582417], dtype=float32), array([0.12428241, 0.12428241, 0.12428241], dtype=float32), array([0.0964305, 0.0964305, 0.0964305], dtype=float32), array([0.07130577, 0.07130577, 0.07130577], dtype=float32), array([0.05005562, 0.05005562, 0.05005562], dtype=float32), array([0.03114507, 0.03114507, 0.03114507], dtype=float32), array([0.01417719, 0.01417719, 0.01417719], dtype=float32), array([-0.00078737, -0.00078737, -0.00078737], dtype=float32), array([-0.01314432, -0.01314432, -0.01314432], dtype=float32), array([-0.02227492, -0.02227492, -0.02227492], dtype=float32), array([-0.03031044, -0.03031044, -0.03031044], dtype=float32), array([-0.03741947, -0.03741947, -0.03741947], dtype=float32), array([-0.04350437, -0.04350437, -0.04350437], dtype=float32), array([-0.04888613, -0.04888613, -0.04888613], dtype=float32), array([-0.05359233, -0.05359233, -0.05359233], dtype=float32), array([-0.0567745, -0.0567745, -0.0567745], dtype=float32), array([-0.0595036, -0.0595036, -0.0595036], dtype=float32), array([-0.06188402, -0.06188402, -0.06188402], dtype=float32), array([-0.06270897, -0.06270897, -0.06270897], dtype=float32), array([-0.06300709, -0.06300709, -0.06300709], dtype=float32), array([-0.06316532, -0.06316532, -0.06316532], dtype=float32), array([-0.06197224, -0.06197224, -0.06197224], dtype=float32), array([-0.0601475, -0.0601475, -0.0601475], dtype=float32)]","[array([0.6061128, 0.6061128, 0.6061128], dtype=float32), array([0.52247155, 0.52247155, 0.52247155], dtype=float32), array([0.44898978, 0.44898978, 0.44898978], dtype=float32), array([0.3835087, 0.3835087, 0.3835087], dtype=float32), array([0.32473952, 0.32473952, 0.32473952], dtype=float32), array([0.2743194, 0.2743194, 0.2743194], dtype=float32), array([0.23035622, 0.23035622, 0.23035622], dtype=float32), array([0.19093587, 0.19093587, 0.19093587], dtype=float32), array([0.15582417, 0.15582417, 0.15582417], dtype=float32), array([0.1242824, 0.1242824, 0.1242824], dtype=float32), array([0.09643053, 0.09643053, 0.09643053], dtype=float32), array([0.07130576, 0.07130576, 0.07130576], dtype=float32), array([0.05005562, 0.05005562, 0.05005562], dtype=float32), array([0.03114507, 0.03114507, 0.03114507], dtype=float32), array([0.01417719, 0.01417719, 0.01417719], dtype=float32), array([-0.00078737, -0.00078737, -0.00078737], dtype=float32), array([-0.01314432, -0.01314432, -0.01314432], dtype=float32), array([-0.02227492, -0.02227492, -0.02227492], dtype=float32), array([-0.03031043, -0.03031043, -0.03031043], dtype=float32), array([-0.03741948, -0.03741948, -0.03741948], dtype=float32), array([-0.04350436, -0.04350436, -0.04350436], dtype=float32), array([-0.04888612, -0.04888612, -0.04888612], dtype=float32), array([-0.05359232, -0.05359232, -0.05359232], dtype=float32), array([-0.0567745, -0.0567745, -0.0567745], dtype=float32), array([-0.05950361, -0.05950361, -0.05950361], dtype=float32), array([-0.06188403, -0.06188403, -0.06188403], dtype=float32), array([-0.06270897, -0.06270897, -0.06270897], dtype=float32), array([-0.0630071, -0.0630071, -0.0630071], dtype=float32), array([-0.06316531, -0.06316531, -0.06316531], dtype=float32), array([-0.06197225, -0.06197225, -0.06197225], dtype=float32), array([-0.06014751, -0.06014751, -0.06014751], dtype=float32)]",1,0,0,0,0,0,56.19788732394367,64.69929577464788,0.00016431319418388511,2000,0.0003746253414214951,8.76,28000,8.76,28000,2000,0.3274347929498824,-0.0349678210914135,433566,0.0006123781204223633,0.0013802934991,0.02105957269668579,81158,30969,113.05472564697266,0.4722185432910919,14.0,0.004226054064929485,1.0,0.3141138255596161,999.0,0.0,0.1551884114742279,347.0860112008208,0.0,999.0,433566,0.0013802934991,23810,30969,0.0393447157605,0.0,14.0,1.0,347.0867392294019,1302000,93000,104968,61938,0,867132,1042.3109429744704,6464957.040019872,6469756.667915323,10.5,50,14.0,-10.5,1.0067001104206028,0.00228892892060685,0.00015070770419837082,0.000326321703191486,1.0067001104206028,100,0.18992385530972142,9.54,2,700,2.0,6.322458959483848e-05,2,28100,0.0002270384427271128,0.000525131540483809,1400,100,9.54,1400,100,9.54,6.935829348550129e-06,7.692872134970845e-06,4.509305327596395e-05,3.43678986353694e-05,2.0795613302728617e-05,2.9575426081090505e-05,4.997868795553264e-05,1.6602022439778762e-05,2.9117100523364215e-05,2.2560274839583022e-05,0.00015711409153525957,0.051753886611733205,0.006370011087069096,0.054013351428860004,0.16745217916161767,0.031206625106618976,0.01575508805787149,0.0001635195987082341,1512924,421.0,108066,0.0,498.0,434.0,92.84733581542969,0.012012251652777195,0.4722185730934143,421.0,108066,0.3033924,498.0,1.0,0.1470760554075241,434.0,-0.0475366935133934,1512924,-0.019425272941589355,651000,3025848,9114000,216132,10987.374687440104,9.965557368670308e-06,6.116745192507561e-05,4.719872345355747e-05,2.7285064945188188e-05,8.850852054858925e-06,7.092204587328459e-05,2.4162831456804204e-05,4.160607582630297e-05,3.068016631681186e-05,0.00021608026481790825,4.1982697485290125e-05
1,30000,False,15,d1e1b_00000,2025-08-17_20-52-50,1755463970,95.76414585113525,1412.1268908977509,685847,intrinsic-attention2,10.156.0.3,1412.1268908977509,15,92.1293955979795,1.6493329965333475e-05,92.12913667032355,2.8752921304895183,88.91602325358902,0.0020051766675216486,0.0016139355991617776,9.68,14.0,-9.5,4.792463587949475e-05,0.00010557905191771552,0.0002576240076450631,1.0067001111073661,2,2000,2,15000,2.844686047623124,1.0067001111073661,30000,2.0,10.5,1000,588.2235186774384,2000.0,3000.0,"[array([[5.3758848e-01, 2.5787381e-02, 4.3662414e-01],
       [9.7819889e-01, 7.4326036e-25, 2.1801172e-02],
       [6.1116773e-01, 8.0447528e-04, 3.8802776e-01]], dtype=float32), array([[5.30472444e-03, 9.87320185e-01, 7.37504382e-03],
       [9.49199975e-01, 6.45193648e-21, 5.08000106e-02],
       [1.07562631e-01, 7.70656586e-01, 1.21780686e-01]], dtype=float32), array([[4.4962609e-01, 3.4828665e-04, 5.5002552e-01],
       [1.9776608e-01, 4.8104290e-23, 8.0223393e-01],
       [4.5760497e-01, 1.1754215e-03, 5.4121959e-01]], dtype=float32), array([[5.72224380e-03, 9.86358345e-01, 7.91932829e-03],
       [9.47444558e-01, 1.18238990e-20, 5.25553748e-02],
       [1.10636316e-01, 7.64376640e-01, 1.24986991e-01]], dtype=float32), array([[5.4057908e-01, 2.0168098e-02, 4.3925279e-01],
       [9.6791929e-01, 3.5002524e-24, 3.2080729e-02],
       [6.0041910e-01, 9.1371278e-04, 3.9866722e-01]], dtype=float32), array([[6.0879942e-03, 9.8551846e-01, 8.3935549e-03],
       [9.4595855e-01, 1.9268927e-20, 5.4041512e-02],
       [1.1318128e-01, 7.5918716e-01, 1.2763162e-01]], dtype=float32), array([[4.3735003e-01, 3.0698156e-04, 5.6234300e-01],
       [1.5773782e-01, 1.5201914e-22, 8.4226221e-01],
       [4.4905987e-01, 1.3089604e-03, 5.4963118e-01]], dtype=float32), array([[4.3746144e-01, 3.1221705e-04, 5.6222636e-01],
       [1.5861760e-01, 1.8912885e-22, 8.4138244e-01],
       [4.4912073e-01, 1.3229711e-03, 5.4955626e-01]], dtype=float32), array([[6.8179560e-03, 9.8385149e-01, 9.3305297e-03],
       [9.4382310e-01, 3.5996425e-20, 5.6176916e-02],
       [1.1906191e-01, 7.4724537e-01, 1.3369273e-01]], dtype=float32), array([[9.6373148e-03, 9.7778523e-01, 1.2577535e-02],
       [9.2778295e-01, 5.3726786e-20, 7.2217025e-02],
       [1.2254095e-01, 7.4151969e-01, 1.3593942e-01]], dtype=float32), array([[9.9387337e-03, 9.7711366e-01, 1.2947590e-02],
       [9.2709255e-01, 6.4304226e-20, 7.2907425e-02],
       [1.2433350e-01, 7.3789209e-01, 1.3777441e-01]], dtype=float32), array([[7.5356727e-03, 9.8221725e-01, 1.0247082e-02],
       [9.4217139e-01, 5.8760972e-20, 5.7828654e-02],
       [1.2497469e-01, 7.3526257e-01, 1.3976264e-01]], dtype=float32), array([[4.5118415e-01, 4.2521686e-04, 5.4839057e-01],
       [2.0876771e-01, 4.5463031e-22, 7.9123223e-01],
       [4.5865560e-01, 1.3478700e-03, 5.3999656e-01]], dtype=float32), array([[5.4102480e-01, 1.9874340e-02, 4.3910086e-01],
       [9.6385992e-01, 2.5808790e-23, 3.6140025e-02],
       [5.9879678e-01, 1.0162080e-03, 4.0018705e-01]], dtype=float32), array([[3.4043542e-01, 3.1817880e-01, 3.4138572e-01],
       [1.6500852e-01, 1.3727330e-18, 8.3499146e-01],
       [1.5027751e-01, 7.0875382e-01, 1.4096865e-01]], dtype=float32), array([[4.3849868e-01, 3.4744418e-04, 5.6115389e-01],
       [1.6552553e-01, 7.5713052e-22, 8.3447444e-01],
       [4.4971159e-01, 1.4037340e-03, 5.4888463e-01]], dtype=float32), array([[4.3897715e-01, 3.5721064e-04, 5.6066567e-01],
       [1.6735923e-01, 9.2106319e-22, 8.3264083e-01],
       [4.5004085e-01, 1.4265277e-03, 5.4853266e-01]], dtype=float32), array([[1.1528262e-02, 9.7355515e-01, 1.4916566e-02],
       [9.2415202e-01, 1.8717120e-19, 7.5847968e-02],
       [1.3406566e-01, 7.1814108e-01, 1.4779329e-01]], dtype=float32), array([[3.3976758e-01, 3.1962141e-01, 3.4061101e-01],
       [1.7159043e-01, 2.3833838e-18, 8.2840961e-01],
       [1.5453839e-01, 7.0010889e-01, 1.4535268e-01]], dtype=float32), array([[1.3945898e-01, 6.0516474e-04, 8.5993582e-01],
       [6.3518673e-05, 1.7842512e-17, 9.9993646e-01],
       [7.9834752e-02, 8.8444382e-01, 3.5721473e-02]], dtype=float32), array([[4.5253384e-01, 5.0064304e-04, 5.4696554e-01],
       [2.1645980e-01, 1.8631617e-21, 7.8354019e-01],
       [4.5963705e-01, 1.5228854e-03, 5.3884012e-01]], dtype=float32), array([[4.4080487e-01, 4.0973647e-04, 5.5878544e-01],
       [1.7440972e-01, 2.3302601e-21, 8.2559025e-01],
       [4.5133904e-01, 1.5665926e-03, 5.4709429e-01]], dtype=float32), array([[5.3985304e-01, 2.1079058e-02, 4.3906790e-01],
       [9.6139282e-01, 1.1767423e-22, 3.8607214e-02],
       [5.9759706e-01, 1.1521137e-03, 4.0125087e-01]], dtype=float32), array([[5.3989297e-01, 2.1065498e-02, 4.3904155e-01],
       [9.6128702e-01, 1.2570882e-22, 3.8712911e-02],
       [5.9760171e-01, 1.1547313e-03, 4.0124354e-01]], dtype=float32), array([[3.1755888e-01, 3.6641806e-01, 3.1602308e-01],
       [2.1359047e-01, 4.1642241e-18, 7.8640950e-01],
       [1.6074562e-01, 6.8622094e-01, 1.5303344e-01]], dtype=float32), array([[9.8479614e-03, 9.7694790e-01, 1.3204182e-02],
       [9.3754774e-01, 3.3925252e-19, 6.2452298e-02],
       [1.4213403e-01, 7.0050800e-01, 1.5735796e-01]], dtype=float32), array([[1.2779811e-02, 9.7073823e-01, 1.6482078e-02],
       [9.2437845e-01, 2.8894719e-19, 7.5621478e-02],
       [1.4461331e-01, 6.9677722e-01, 1.5860946e-01]], dtype=float32), array([[5.4115605e-01, 2.0002516e-02, 4.3884143e-01],
       [9.6237302e-01, 6.7465959e-23, 3.7626971e-02],
       [5.9858942e-01, 1.0667478e-03, 4.0034381e-01]], dtype=float32), array([[4.3907750e-01, 3.5414737e-04, 5.6056839e-01],
       [1.6874021e-01, 1.0823746e-21, 8.3125979e-01],
       [4.5003825e-01, 1.4006268e-03, 5.4856116e-01]], dtype=float32), array([[1.2755189e-02, 9.7082931e-01, 1.6415508e-02],
       [9.2634237e-01, 1.2178746e-19, 7.3657639e-02],
       [1.4712575e-01, 6.9186813e-01, 1.6100612e-01]], dtype=float32), array([[4.3788287e-01, 3.2258866e-04, 5.6179452e-01],
       [1.6447051e-01, 6.0625452e-22, 8.3552945e-01],
       [4.4916940e-01, 1.3102517e-03, 5.4952031e-01]], dtype=float32)]","[array([-0.0584948, -0.0584948, -0.0584948], dtype=float32), array([-0.05651738, -0.05651738, -0.05651738], dtype=float32), array([-0.05430115, -0.05430115, -0.05430115], dtype=float32), array([-0.05258236, -0.05258236, -0.05258236], dtype=float32), array([-0.05105549, -0.05105549, -0.05105549], dtype=float32), array([-0.04966315, -0.04966315, -0.04966315], dtype=float32), array([-0.04740531, -0.04740531, -0.04740531], dtype=float32), array([-0.04488807, -0.04488807, -0.04488807], dtype=float32), array([-0.04211661, -0.04211661, -0.04211661], dtype=float32), array([-0.03988152, -0.03988152, -0.03988152], dtype=float32), array([-0.03740945, -0.03740945, -0.03740945], dtype=float32), array([-0.03508276, -0.03508276, -0.03508276], dtype=float32), array([-0.03331481, -0.03331481, -0.03331481], dtype=float32), array([-0.03120334, -0.03120334, -0.03120334], dtype=float32), array([-0.02879157, -0.02879157, -0.02879157], dtype=float32), array([-0.02598988, -0.02598988, -0.02598988], dtype=float32), array([-0.02320606, -0.02320606, -0.02320606], dtype=float32), array([-0.02015941, -0.02015941, -0.02015941], dtype=float32), array([-0.01749243, -0.01749243, -0.01749243], dtype=float32), array([-0.01438043, -0.01438043, -0.01438043], dtype=float32), array([-0.01173084, -0.01173084, -0.01173084], dtype=float32), array([-0.00895582, -0.00895582, -0.00895582], dtype=float32), array([-0.00607004, -0.00607004, -0.00607004], dtype=float32), array([-0.00338736, -0.00338736, -0.00338736], dtype=float32), array([-0.00103581, -0.00103581, -0.00103581], dtype=float32), array([0.00110042, 0.00110042, 0.00110042], dtype=float32), array([0.00271164, 0.00271164, 0.00271164], dtype=float32), array([0.00507011, 0.00507011, 0.00507011], dtype=float32), array([0.0076186, 0.0076186, 0.0076186], dtype=float32), array([0.01082151, 0.01082151, 0.01082151], dtype=float32), array([0.014032, 0.014032, 0.014032], dtype=float32)]","[array([-0.0584948, -0.0584948, -0.0584948], dtype=float32), array([-0.05651737, -0.05651737, -0.05651737], dtype=float32), array([-0.05430115, -0.05430115, -0.05430115], dtype=float32), array([-0.05258237, -0.05258237, -0.05258237], dtype=float32), array([-0.0510555, -0.0510555, -0.0510555], dtype=float32), array([-0.04966314, -0.04966314, -0.04966314], dtype=float32), array([-0.0474053, -0.0474053, -0.0474053], dtype=float32), array([-0.04488808, -0.04488808, -0.04488808], dtype=float32), array([-0.0421166, -0.0421166, -0.0421166], dtype=float32), array([-0.03988152, -0.03988152, -0.03988152], dtype=float32), array([-0.03740945, -0.03740945, -0.03740945], dtype=float32), array([-0.03508276, -0.03508276, -0.03508276], dtype=float32), array([-0.03331482, -0.03331482, -0.03331482], dtype=float32), array([-0.03120334, -0.03120334, -0.03120334], dtype=float32), array([-0.02879157, -0.02879157, -0.02879157], dtype=float32), array([-0.02598989, -0.02598989, -0.02598989], dtype=float32), array([-0.02320606, -0.02320606, -0.02320606], dtype=float32), array([-0.02015941, -0.02015941, -0.02015941], dtype=float32), array([-0.01749243, -0.01749243, -0.01749243], dtype=float32), array([-0.01438043, -0.01438043, -0.01438043], dtype=float32), array([-0.01173084, -0.01173084, -0.01173084], dtype=float32), array([-0.00895582, -0.00895582, -0.00895582], dtype=float32), array([-0.00607004, -0.00607004, -0.00607004], dtype=float32), array([-0.00338736, -0.00338736, -0.00338736], dtype=float32), array([-0.00103581, -0.00103581, -0.00103581], dtype=float32), array([0.00110042, 0.00110042, 0.00110042], dtype=float32), array([0.00271164, 0.00271164, 0.00271164], dtype=float32), array([0.00507011, 0.00507011, 0.00507011], dtype=float32), array([0.0076186, 0.0076186, 0.0076186], dtype=float32), array([0.01082151, 0.01082151, 0.01082151], dtype=float32), array([0.014032, 0.014032, 0.014032], dtype=float32)]",1,0,0,0,0,0,56.464963503649635,64.7065693430657,0.00016683888652928376,2000,0.00038656735222904355,9.68,30000,9.68,30000,2000,0.3274905106103638,-0.02858160436153412,464535,-0.00487065315246582,0.0013802934991,0.02379431389272213,81158,30969,133.22201538085938,0.4722185432910919,15.0,0.004226054064929485,1.0,0.3205550014972687,999.0,0.0,0.12374786287546158,346.1567842145977,0.0,999.0,464535,0.0013802934991,23810,30969,0.0393447157605,0.0,15.0,1.0,346.1574756443572,1395000,93000,104968,61938,0,929070,1039.5199267420599,6431226.191868525,6453688.253699306,10.5,50,15.0,-10.5,1.0067001109552822,0.0023053497502405662,0.00015462985657275778,0.00032493818615344974,1.0067001109552822,100,0.18992304864662807,9.74,2,750,2.0,6.579647813958686e-05,2,30100,0.00023409899521610453,0.0005412493138971205,1500,100,9.74,1500,100,9.74,7.083554447815991e-06,7.852910291727396e-06,4.4945378006169623e-05,3.52750080831296e-05,2.146778203837336e-05,3.0436249496195572e-05,5.199802971624576e-05,1.7566881046465748e-05,3.0086347895455692e-05,2.3294958714983667e-05,0.0001628948416720092,0.051783160165540985,0.006375049466279564,0.05397824942453659,0.16752158914003518,0.03118163353549815,0.01576267938717306,0.0001635407727257908,1620990,451.0,108066,0.0,498.0,465.0,92.74613952636719,0.00042347252019681036,0.4722185730934143,451.0,108066,0.33150506,498.0,1.0,0.16256320476531982,465.0,-0.017545251175761223,1620990,-0.005132555961608887,651000,3241980,9765000,216132,10896.080729152038,1.0363659749878031e-05,6.314190264898985e-05,4.821146591735846e-05,2.800294340443554e-05,9.100214664789058e-06,7.29015954213876e-05,2.4208675411211825e-05,4.315281295829671e-05,3.198900989418912e-05,0.00022286538184950301,4.286492056914125e-05
1,32000,False,16,d1e1b_00000,2025-08-17_20-54-25,1755464065,95.34774971008301,1507.4746406078339,685847,intrinsic-attention2,10.156.0.3,1507.4746406078339,16,92.16008313447982,1.6486426681562245e-05,92.15982262569034,2.877801544414608,88.9442285015332,0.0020067301408820013,0.0016365680895978586,9.83,15.0,-9.5,4.87966680039881e-05,0.00010366480326238334,0.0002576240076450631,1.0067001111073661,2,2000,2,16000,2.8472049720269923,1.0067001111073661,32000,2.0,10.5,1000,575.7149334433923,2000.0,3000.0,"[array([[5.4317909e-01, 1.8299730e-02, 4.3852115e-01],
       [9.6424872e-01, 2.0737132e-23, 3.5751238e-02],
       [6.0017139e-01, 9.2860661e-04, 3.9890003e-01]], dtype=float32), array([[9.3966639e-03, 9.7800660e-01, 1.2596745e-02],
       [9.4190186e-01, 6.2929833e-20, 5.8098108e-02],
       [1.4507860e-01, 6.9477302e-01, 1.6014841e-01]], dtype=float32), array([[1.22165885e-02, 9.72031116e-01, 1.57522578e-02],
       [9.27848935e-01, 7.39360463e-20, 7.21511096e-02],
       [1.45057172e-01, 6.96052611e-01, 1.58890232e-01]], dtype=float32), array([[5.4064351e-01, 2.2951052e-02, 4.3640542e-01],
       [9.7261375e-01, 1.3139320e-23, 2.7386229e-02],
       [6.0811329e-01, 9.0051122e-04, 3.9098617e-01]], dtype=float32), array([[1.2079204e-02, 9.7235221e-01, 1.5568528e-02],
       [9.2827135e-01, 5.4801498e-20, 7.1728721e-02],
       [1.4448000e-01, 6.9727165e-01, 1.5824834e-01]], dtype=float32), array([[4.4797331e-01, 3.5693505e-04, 5.5166978e-01],
       [1.9753379e-01, 2.7189789e-22, 8.0246621e-01],
       [4.5621434e-01, 1.1991236e-03, 5.4258651e-01]], dtype=float32), array([[5.4344088e-01, 1.7876102e-02, 4.3868300e-01],
       [9.6455985e-01, 1.2775219e-23, 3.5440166e-02],
       [6.0004920e-01, 8.9841126e-04, 3.9905235e-01]], dtype=float32), array([[8.88875872e-03, 9.79172170e-01, 1.19391605e-02],
       [9.42284763e-01, 4.41207993e-20, 5.77152185e-02],
       [1.40253708e-01, 7.04543173e-01, 1.55203059e-01]], dtype=float32), array([[5.4258507e-01, 1.8513061e-02, 4.3890184e-01],
       [9.6438509e-01, 1.4631644e-23, 3.5614971e-02],
       [5.9953320e-01, 9.3391258e-04, 3.9953291e-01]], dtype=float32), array([[5.4214919e-01, 1.8846296e-02, 4.3900457e-01],
       [9.6429825e-01, 1.5741801e-23, 3.5701703e-02],
       [5.9928012e-01, 9.5249881e-04, 3.9976737e-01]], dtype=float32), array([[1.1038495e-02, 9.7461265e-01, 1.4348835e-02],
       [9.2981309e-01, 6.2854922e-20, 7.0186906e-02],
       [1.3835931e-01, 7.0938915e-01, 1.5225156e-01]], dtype=float32), array([[3.4497324e-01, 3.0850396e-01, 3.4652284e-01],
       [1.6768821e-01, 7.5697795e-19, 8.3231181e-01],
       [1.5720749e-01, 6.9468147e-01, 1.4811108e-01]], dtype=float32), array([[3.2295886e-01, 3.5515183e-01, 3.2188934e-01],
       [1.9769377e-01, 7.4038496e-19, 8.0230618e-01],
       [1.5560062e-01, 6.9673240e-01, 1.4766704e-01]], dtype=float32), array([[4.4741970e-01, 3.9198750e-04, 5.5218828e-01],
       [1.9400907e-01, 3.9051551e-22, 8.0599093e-01],
       [4.5596617e-01, 1.3447026e-03, 5.4268914e-01]], dtype=float32), array([[1.0666998e-02, 9.7542167e-01, 1.3911308e-02],
       [9.3047935e-01, 6.4664573e-20, 6.9520712e-02],
       [1.3621958e-01, 7.1362734e-01, 1.5015303e-01]], dtype=float32), array([[5.3839254e-01, 2.4183625e-02, 4.3742380e-01],
       [9.7123712e-01, 1.4156827e-23, 2.8762879e-02],
       [6.0511887e-01, 9.9075644e-04, 3.9389038e-01]], dtype=float32), array([[4.4732335e-01, 3.9844480e-04, 5.5227816e-01],
       [1.9321576e-01, 3.9997906e-22, 8.0678427e-01],
       [4.5593163e-01, 1.3734874e-03, 5.4269487e-01]], dtype=float32), array([[1.0490757e-02, 9.7580552e-01, 1.3703688e-02],
       [9.3090910e-01, 6.4004418e-20, 6.9090940e-02],
       [1.3535386e-01, 7.1533644e-01, 1.4930969e-01]], dtype=float32), array([[3.1770283e-01, 3.6615294e-01, 3.1614423e-01],
       [2.0070507e-01, 9.5916152e-19, 7.9929489e-01],
       [1.5242051e-01, 7.0302260e-01, 1.4455688e-01]], dtype=float32), array([[5.3557545e-01, 2.6358301e-02, 4.3806618e-01],
       [9.6961671e-01, 2.8164338e-23, 3.0383287e-02],
       [6.0247707e-01, 1.1359330e-03, 3.9638695e-01]], dtype=float32), array([[4.4057569e-01, 4.1761267e-04, 5.5900669e-01],
       [1.6912495e-01, 1.0332727e-21, 8.3087510e-01],
       [4.5145220e-01, 1.6568989e-03, 5.4689091e-01]], dtype=float32), array([[3.8010830e-01, 3.2552585e-02, 5.8733910e-01],
       [2.9527857e-03, 1.5487154e-17, 9.9704725e-01],
       [4.9237039e-02, 9.2145139e-01, 2.9311478e-02]], dtype=float32), array([[9.4598513e-03, 9.7798365e-01, 1.2556509e-02],
       [9.3205750e-01, 2.1920121e-19, 6.7942470e-02],
       [1.2837969e-01, 7.2888255e-01, 1.4273776e-01]], dtype=float32), array([[3.1582403e-01, 3.7019098e-01, 3.1398505e-01],
       [1.9463567e-01, 3.2656143e-18, 8.0536431e-01],
       [1.4658670e-01, 7.1512395e-01, 1.3828929e-01]], dtype=float32), array([[1.4671303e-01, 8.0904260e-04, 8.5247797e-01],
       [6.7914130e-05, 3.2670991e-17, 9.9993205e-01],
       [6.5006949e-02, 9.0835994e-01, 2.6633104e-02]], dtype=float32), array([[5.3145397e-01, 2.8357882e-02, 4.4018814e-01],
       [9.6166307e-01, 1.6437260e-22, 3.8336992e-02],
       [5.9380001e-01, 1.5250037e-03, 4.0467492e-01]], dtype=float32), array([[2.9488027e-01, 4.1352439e-01, 2.9159528e-01],
       [2.1980183e-01, 5.4370023e-18, 7.8019816e-01],
       [1.4323270e-01, 7.2100198e-01, 1.3576527e-01]], dtype=float32), array([[4.4572431e-01, 6.1262964e-04, 5.5366302e-01],
       [1.8555398e-01, 5.5948320e-21, 8.1444597e-01],
       [4.5527422e-01, 2.2111440e-03, 5.4251468e-01]], dtype=float32), array([[2.9738942e-01, 4.0848461e-01, 2.9412597e-01],
       [2.1270686e-01, 9.5181729e-18, 7.8729308e-01],
       [1.4114168e-01, 7.2552508e-01, 1.3333330e-01]], dtype=float32), array([[8.5257394e-03, 9.7995102e-01, 1.1523278e-02],
       [9.3231034e-01, 1.0777454e-18, 6.7689657e-02],
       [1.2052727e-01, 7.4417537e-01, 1.3529736e-01]], dtype=float32), array([[2.8786996e-01, 4.2808443e-01, 2.8404564e-01],
       [2.2251794e-01, 1.6848121e-17, 7.7748203e-01],
       [1.3866976e-01, 7.3021114e-01, 1.3111909e-01]], dtype=float32)]","[array([0.01691068, 0.01691068, 0.01691068], dtype=float32), array([nan, nan, nan], dtype=float32), array([0.02477244, 0.02477244, 0.02477244], dtype=float32), array([0.03036319, 0.03036319, 0.03036319], dtype=float32), array([0.03610175, 0.03610175, 0.03610175], dtype=float32), array([nan, nan, nan], dtype=float32), array([0.04590625, 0.04590625, 0.04590625], dtype=float32), array([0.05017155, 0.05017155, 0.05017155], dtype=float32), array([0.05425272, 0.05425272, 0.05425272], dtype=float32), array([0.05801455, 0.05801455, 0.05801455], dtype=float32), array([nan, nan, nan], dtype=float32), array([0.06446322, 0.06446322, 0.06446322], dtype=float32), array([nan, nan, nan], dtype=float32), array([0.0697164, 0.0697164, 0.0697164], dtype=float32), array([0.07179948, 0.07179948, 0.07179948], dtype=float32), array([0.07367618, 0.07367618, 0.07367618], dtype=float32), array([0.07531883, 0.07531883, 0.07531883], dtype=float32), array([0.07679725, 0.07679725, 0.07679725], dtype=float32), array([0.07759827, 0.07759827, 0.07759827], dtype=float32), array([0.07807627, 0.07807627, 0.07807627], dtype=float32), array([0.0785573, 0.0785573, 0.0785573], dtype=float32), array([0.0789388, 0.0789388, 0.0789388], dtype=float32), array([0.07906792, 0.07906792, 0.07906792], dtype=float32), array([0.0789768, 0.0789768, 0.0789768], dtype=float32), array([nan, nan, nan], dtype=float32), array([0.07860684, 0.07860684, 0.07860684], dtype=float32), array([0.07833663, 0.07833663, 0.07833663], dtype=float32), array([0.07789765, 0.07789765, 0.07789765], dtype=float32), array([0.0773482, 0.0773482, 0.0773482], dtype=float32), array([0.07667587, 0.07667587, 0.07667587], dtype=float32), array([0.07593494, 0.07593494, 0.07593494], dtype=float32)]","[array([0.01691069, 0.01691069, 0.01691069], dtype=float32), array([0.02068054, 0.02068054, 0.02068054], dtype=float32), array([0.02477243, 0.02477243, 0.02477243], dtype=float32), array([0.03036318, 0.03036318, 0.03036318], dtype=float32), array([0.03610175, 0.03610175, 0.03610175], dtype=float32), array([0.04125131, 0.04125131, 0.04125131], dtype=float32), array([0.04590625, 0.04590625, 0.04590625], dtype=float32), array([0.05017155, 0.05017155, 0.05017155], dtype=float32), array([0.05425273, 0.05425273, 0.05425273], dtype=float32), array([0.05801456, 0.05801456, 0.05801456], dtype=float32), array([0.06133812, 0.06133812, 0.06133812], dtype=float32), array([0.06446321, 0.06446321, 0.06446321], dtype=float32), array([0.06727999, 0.06727999, 0.06727999], dtype=float32), array([0.0697164, 0.0697164, 0.0697164], dtype=float32), array([0.07179949, 0.07179949, 0.07179949], dtype=float32), array([0.07367618, 0.07367618, 0.07367618], dtype=float32), array([0.07531882, 0.07531882, 0.07531882], dtype=float32), array([0.07679725, 0.07679725, 0.07679725], dtype=float32), array([0.07759829, 0.07759829, 0.07759829], dtype=float32), array([0.07807626, 0.07807626, 0.07807626], dtype=float32), array([0.07855731, 0.07855731, 0.07855731], dtype=float32), array([0.0789388, 0.0789388, 0.0789388], dtype=float32), array([0.07906793, 0.07906793, 0.07906793], dtype=float32), array([0.0789768, 0.0789768, 0.0789768], dtype=float32), array([0.07888121, 0.07888121, 0.07888121], dtype=float32), array([0.07860684, 0.07860684, 0.07860684], dtype=float32), array([0.07833662, 0.07833662, 0.07833662], dtype=float32), array([0.07789765, 0.07789765, 0.07789765], dtype=float32), array([0.07734822, 0.07734822, 0.07734822], dtype=float32), array([0.07667588, 0.07667588, 0.07667588], dtype=float32), array([0.07593493, 0.07593493, 0.07593493], dtype=float32)]",1,0,0,0,0,0,56.586131386861325,64.73357664233576,0.00016831218813913773,2000,0.00038437268209929763,9.83,32000,9.83,32000,2000,0.3274776581441716,-0.0011713698040693998,495504,-0.003022909164428711,0.0013802934991,0.0031071121338754892,81158,30969,104.1961441040039,0.4722185432910919,16.0,0.0021130270324647427,1.0,0.34792619943618774,999.0,0.0,0.08867526799440384,345.4902689251392,0.0,999.0,495504,0.0013802934991,23810,30969,0.0393447157605,0.0,16.0,1.0,345.4909206018943,1488000,93000,104968,61938,0,991008,1037.5178732925733,6404949.676143439,6439626.839634292,10.5,50,16.0,9.5,1.0067001110736886,0.0019902908799122087,0.00011600361538201007,0.00032323369440229616,1.0067001110736886,100,0.18936795864023054,9.94,2,800,2.0,5.270608129023832e-05,2,32100,0.0001800725409441962,0.0004235871187106789,1600,100,9.94,1600,100,9.94,7.158251918765877e-06,8.16704556223821e-06,4.575997003890531e-05,3.498937135993032e-05,2.1584201304603732e-05,3.097952307357859e-05,5.103850177903105e-05,1.7258563725012352e-05,3.040351113713842e-05,2.3528998367172122e-05,0.0001606159219571339,0.051798059373967864,0.006382775421719405,0.05392861722042512,0.16754187077865257,0.031158818430119004,0.015775184903314615,0.00016360718500000468,1729056,481.0,108066,0.0,498.0,496.0,93.30107116699219,0.003110522171482444,0.4722185730934143,481.0,108066,0.3290368,498.0,1.0,0.10012222081422806,496.0,-0.020530372858047485,1729056,0.004825234413146973,651000,3458112,10416000,216132,10807.10271796728,8.242546443877926e-06,4.944337057509902e-05,3.770321463797445e-05,2.231583206083855e-05,7.271283309392326e-06,5.6341862162199436e-05,1.8553481499688323e-05,3.3202192037828644e-05,2.5038190439026368e-05,0.0001788437041764435,3.3863566382823526e-05
1,34000,False,17,d1e1b_00000,2025-08-17_20-55-59,1755464159,94.04106140136719,1601.515702009201,685847,intrinsic-attention2,10.156.0.3,1601.515702009201,17,92.17709195362498,1.6429172518188023e-05,92.17683067104348,2.8756834281304657,88.96342908180789,0.0020063112294803867,0.0015604711799824145,9.98,16.0,9.5,4.6847418749199e-05,0.00010012899480786048,0.0002576240076450631,1.0067001111073661,2,2000,2,17000,2.845085556626787,1.0067001111073661,34000,2.0,10.5,1000,563.0393127466425,2000.0,3000.0,"[array([[5.2317923e-01, 3.7631553e-02, 4.3918923e-01],
       [9.6131843e-01, 9.8901993e-22, 3.8681593e-02],
       [5.9193188e-01, 2.0408418e-03, 4.0602720e-01]], dtype=float32), array([[5.2332783e-01, 3.6897637e-02, 4.3977460e-01],
       [9.5908040e-01, 1.2455162e-21, 4.0919621e-02],
       [5.9007180e-01, 2.1122729e-03, 4.0781593e-01]], dtype=float32), array([[2.7682987e-01, 4.5068142e-01, 2.7248877e-01],
       [2.3413788e-01, 3.1608255e-17, 7.6586211e-01],
       [1.3592954e-01, 7.3538339e-01, 1.2868710e-01]], dtype=float32), array([[2.7260107e-01, 4.5930859e-01, 2.6809046e-01],
       [2.3836392e-01, 4.0002398e-17, 7.6163608e-01],
       [1.3474546e-01, 7.3763967e-01, 1.2761493e-01]], dtype=float32), array([[2.7003017e-01, 4.6448493e-01, 2.6548493e-01],
       [2.4278606e-01, 3.9943619e-17, 7.5721389e-01],
       [1.3504508e-01, 7.3689461e-01, 1.2806036e-01]], dtype=float32), array([[8.0789803e-03, 9.8086768e-01, 1.1053414e-02],
       [9.3219215e-01, 3.4968837e-18, 6.7807846e-02],
       [1.1649009e-01, 7.5193000e-01, 1.3157989e-01]], dtype=float32), array([[8.1543792e-03, 9.8070234e-01, 1.1143292e-02],
       [9.3207729e-01, 3.3398023e-18, 6.7922711e-02],
       [1.1706604e-01, 7.5078863e-01, 1.3214533e-01]], dtype=float32), array([[2.7247682e-01, 4.5946032e-01, 2.6806283e-01],
       [2.4237294e-01, 3.5434154e-17, 7.5762713e-01],
       [1.3686183e-01, 7.3327202e-01, 1.2986611e-01]], dtype=float32), array([[8.3014173e-03, 9.8037624e-01, 1.1322366e-02],
       [9.3179411e-01, 3.2486183e-18, 6.8205878e-02],
       [1.1812384e-01, 7.4867773e-01, 1.3319848e-01]], dtype=float32), array([[4.5385581e-01, 9.6270407e-04, 5.4518151e-01],
       [2.1655653e-01, 3.8507216e-20, 7.8344345e-01],
       [4.6108299e-01, 2.9455556e-03, 5.3597152e-01]], dtype=float32), array([[7.8643141e-03, 9.8128778e-01, 1.0847921e-02],
       [9.3376595e-01, 5.3196006e-18, 6.6234030e-02],
       [1.1698234e-01, 7.5060862e-01, 1.3240913e-01]], dtype=float32), array([[4.5648745e-01, 1.1487474e-03, 5.4236376e-01],
       [2.2816607e-01, 9.5915120e-20, 7.7183396e-01],
       [4.6295911e-01, 3.3170318e-03, 5.3372383e-01]], dtype=float32), array([[2.6595390e-01, 4.7260499e-01, 2.6144111e-01],
       [2.5759816e-01, 9.2781150e-17, 7.4240178e-01],
       [1.3962869e-01, 7.2743684e-01, 1.3293445e-01]], dtype=float32), array([[2.7694052e-01, 4.5032427e-01, 2.7273518e-01],
       [2.4699926e-01, 1.0268999e-16, 7.5300074e-01],
       [1.4318307e-01, 7.2073483e-01, 1.3608207e-01]], dtype=float32), array([[2.8056502e-01, 4.4288269e-01, 2.7655232e-01],
       [2.4675938e-01, 1.0807217e-16, 7.5324064e-01],
       [1.4620720e-01, 7.1472675e-01, 1.3906601e-01]], dtype=float32), array([[2.8390312e-01, 4.3602186e-01, 2.8007495e-01],
       [2.4644528e-01, 1.1245759e-16, 7.5355470e-01],
       [1.4898551e-01, 7.0920575e-01, 1.4180882e-01]], dtype=float32), array([[4.6130827e-01, 1.3501610e-03, 5.3734159e-01],
       [2.5027663e-01, 1.5095481e-19, 7.4972332e-01],
       [4.6643394e-01, 3.5107995e-03, 5.3005528e-01]], dtype=float32), array([[4.6184948e-01, 1.4161338e-03, 5.3673446e-01],
       [2.5291282e-01, 1.9314903e-19, 7.4708718e-01],
       [4.6682626e-01, 3.6383171e-03, 5.2953541e-01]], dtype=float32), array([[5.1373684e-01, 4.8817191e-02, 4.3744588e-01],
       [9.5797044e-01, 1.2650558e-20, 4.2029504e-02],
       [5.8814567e-01, 2.8796240e-03, 4.0897471e-01]], dtype=float32), array([[2.8523719e-01, 4.3322015e-01, 2.8154263e-01],
       [2.5226387e-01, 1.8821035e-16, 7.4773616e-01],
       [1.5349810e-01, 7.0010102e-01, 1.4640090e-01]], dtype=float32), array([[9.6015520e-03, 9.7721201e-01, 1.3186437e-02],
       [9.3301219e-01, 2.0068404e-17, 6.6987798e-02],
       [1.3436750e-01, 7.1493083e-01, 1.5070161e-01]], dtype=float32), array([[2.8380612e-01, 4.3611148e-01, 2.8008235e-01],
       [2.5706631e-01, 2.6196281e-16, 7.4293363e-01],
       [1.5492216e-01, 6.9715637e-01, 1.4792147e-01]], dtype=float32), array([[4.5815381e-01, 1.3789323e-03, 5.4046732e-01],
       [2.3576804e-01, 2.6659819e-19, 7.6423204e-01],
       [4.6414855e-01, 3.8385834e-03, 5.3201288e-01]], dtype=float32), array([[2.8503966e-01, 4.3333057e-01, 2.8162977e-01],
       [2.6568711e-01, 1.1422823e-16, 7.3431295e-01],
       [1.6098310e-01, 6.8459177e-01, 1.5442513e-01]], dtype=float32), array([[1.0248036e-02, 9.7578126e-01, 1.3970736e-02],
       [9.3580413e-01, 7.2711310e-18, 6.4195909e-02],
       [1.4484833e-01, 6.9401538e-01, 1.6113633e-01]], dtype=float32), array([[4.5588425e-01, 1.1277954e-03, 5.4298788e-01],
       [2.2592731e-01, 9.8979527e-20, 7.7407271e-01],
       [4.6251801e-01, 3.2914106e-03, 5.3419065e-01]], dtype=float32), array([[3.2166624e-01, 3.5784617e-01, 3.2048756e-01],
       [2.2366676e-01, 4.5426867e-17, 7.7633321e-01],
       [1.7152797e-01, 6.6476303e-01, 1.6370904e-01]], dtype=float32), array([[1.3561806e-02, 9.6869653e-01, 1.7741686e-02],
       [9.2649102e-01, 3.0279968e-18, 7.3509030e-02],
       [1.5555246e-01, 6.7385942e-01, 1.7058803e-01]], dtype=float32), array([[1.8903120e-01, 1.6667438e-03, 8.0930203e-01],
       [2.0111691e-04, 1.8967340e-16, 9.9979895e-01],
       [8.5270762e-02, 8.7301624e-01, 4.1712962e-02]], dtype=float32), array([[3.1098431e-01, 3.7989104e-01, 3.0912471e-01],
       [2.4877861e-01, 2.3978063e-17, 7.5122136e-01],
       [1.7629302e-01, 6.5420717e-01, 1.6949986e-01]], dtype=float32), array([[3.4050533e-01, 3.1814626e-01, 3.4134838e-01],
       [2.0674372e-01, 1.8861687e-17, 7.9325628e-01],
       [1.8080667e-01, 6.4658332e-01, 1.7260996e-01]], dtype=float32)]","[array([0.07531366, 0.07531366, 0.07531366], dtype=float32), array([nan, nan, nan], dtype=float32), array([nan, nan, nan], dtype=float32), array([nan, nan, nan], dtype=float32), array([0.07240079, 0.07240079, 0.07240079], dtype=float32), array([nan, nan, nan], dtype=float32), array([nan, nan, nan], dtype=float32), array([0.07064126, 0.07064126, 0.07064126], dtype=float32), array([0.07042351, 0.07042351, 0.07042351], dtype=float32), array([0.07015412, 0.07015412, 0.07015412], dtype=float32), array([nan, nan, nan], dtype=float32), array([0.06778332, 0.06778332, 0.06778332], dtype=float32), array([nan, nan, nan], dtype=float32), array([nan, nan, nan], dtype=float32), array([0.06378751, 0.06378751, 0.06378751], dtype=float32), array([0.06272656, 0.06272656, 0.06272656], dtype=float32), array([0.06052342, 0.06052342, 0.06052342], dtype=float32), array([nan, nan, nan], dtype=float32), array([nan, nan, nan], dtype=float32), array([nan, nan, nan], dtype=float32), array([0.0503478, 0.0503478, 0.0503478], dtype=float32), array([0.04829866, 0.04829866, 0.04829866], dtype=float32), array([nan, nan, nan], dtype=float32), array([0.04451638, 0.04451638, 0.04451638], dtype=float32), array([nan, nan, nan], dtype=float32), array([0.04052352, 0.04052352, 0.04052352], dtype=float32), array([nan, nan, nan], dtype=float32), array([nan, nan, nan], dtype=float32), array([0.03646318, 0.03646318, 0.03646318], dtype=float32), array([0.03512631, 0.03512631, 0.03512631], dtype=float32), array([nan, nan, nan], dtype=float32)]","[array([0.07531367, 0.07531367, 0.07531367], dtype=float32), array([0.07463208, 0.07463208, 0.07463208], dtype=float32), array([0.07396167, 0.07396167, 0.07396167], dtype=float32), array([0.07324886, 0.07324886, 0.07324886], dtype=float32), array([0.07240079, 0.07240079, 0.07240079], dtype=float32), array([0.071576, 0.071576, 0.071576], dtype=float32), array([0.07086827, 0.07086827, 0.07086827], dtype=float32), array([0.07064126, 0.07064126, 0.07064126], dtype=float32), array([0.07042349, 0.07042349, 0.07042349], dtype=float32), array([0.07015413, 0.07015413, 0.07015413], dtype=float32), array([0.06969612, 0.06969612, 0.06969612], dtype=float32), array([0.06778331, 0.06778331, 0.06778331], dtype=float32), array([0.06596983, 0.06596983, 0.06596983], dtype=float32), array([0.06482814, 0.06482814, 0.06482814], dtype=float32), array([0.06378751, 0.06378751, 0.06378751], dtype=float32), array([0.06272656, 0.06272656, 0.06272656], dtype=float32), array([0.0605234, 0.0605234, 0.0605234], dtype=float32), array([0.05759217, 0.05759217, 0.05759217], dtype=float32), array([0.05492513, 0.05492513, 0.05492513], dtype=float32), array([0.05251533, 0.05251533, 0.05251533], dtype=float32), array([0.0503478, 0.0503478, 0.0503478], dtype=float32), array([0.04829866, 0.04829866, 0.04829866], dtype=float32), array([0.0463259, 0.0463259, 0.0463259], dtype=float32), array([0.04451638, 0.04451638, 0.04451638], dtype=float32), array([0.04242982, 0.04242982, 0.04242982], dtype=float32), array([0.04052352, 0.04052352, 0.04052352], dtype=float32), array([0.03901792, 0.03901792, 0.03901792], dtype=float32), array([0.0379616, 0.0379616, 0.0379616], dtype=float32), array([0.03646318, 0.03646318, 0.03646318], dtype=float32), array([0.0351263, 0.0351263, 0.0351263], dtype=float32), array([0.03384521, 0.03384521, 0.03384521], dtype=float32)]",1,0,0,0,0,0,56.62761194029851,64.75522388059701,0.00016053072011469233,2000,0.00036953613791047417,9.98,34000,9.98,34000,2000,0.3274170261427088,0.00028791226213797927,526473,-0.01381981372833252,0.0013802934991,0.0003177158359903842,81158,30969,117.0361328125,0.4722185432910919,17.0,0.0010565135162323713,1.0,0.3493638038635254,999.0,0.0,0.09533514082431793,344.915779019423,0.0,999.0,526473,0.0013802934991,23810,30969,0.0393447157605,0.0,17.0,1.0,344.9163965090324,1581000,93000,104968,61938,0,1052946,1035.7921921561865,6393153.352265609,6442901.276195296,10.5,50,17.0,9.5,1.0067001110999096,0.0018257830395305063,0.0001311571031061393,0.000321767217528282,1.0067001110999096,100,0.18910761466377768,9.94,2,850,2.0,5.629329015670316e-05,2,34100,0.0001980097335202227,0.0004583981962893339,1700,100,9.94,1700,100,9.94,6.8246998822380055e-06,7.663548989894303e-06,4.3897500231608486e-05,3.3630287200659794e-05,2.0544140336074418e-05,2.9182970041602883e-05,4.913770880264203e-05,1.6674201440629653e-05,2.9438872648939212e-05,2.2584979065173426e-05,0.00015435388626686985,0.05181493020017134,0.006386595907576262,0.05386951694816259,0.16753261884087606,0.031142179925773422,0.01577507337423933,0.00016361311313835565,1837122,511.0,108066,0.0,498.0,527.0,93.51315307617188,0.00071802141610533,0.4722185730934143,511.0,108066,0.32942048,498.0,1.0,0.10268578678369522,527.0,-0.01975969597697258,1837122,0.004227161407470703,651000,3674244,11067000,216132,10724.07129510872,8.765481761319607e-06,5.670184588112828e-05,4.082008259502375e-05,2.3976066164904748e-05,7.570601825721148e-06,6.326294710364043e-05,2.0566292745186063e-05,3.585686160036591e-05,2.6891551875774074e-05,0.00019184498051836817,3.639850772071875e-05
1,36000,False,18,d1e1b_00000,2025-08-17_20-57-37,1755464257,97.56208109855652,1699.0777831077576,685847,intrinsic-attention2,10.156.0.3,1699.0777831077576,18,92.22918354675875,1.6415360838710313e-05,92.22892039502307,2.8746839639691046,89.01653325680981,0.0020103724971829574,0.001556784260465065,10.03,17.0,9.5,4.725452485005399e-05,0.0001007157282954284,0.0002576240076450631,1.0067001111073661,2,2000,2,18000,2.8441038400804777,1.0067001111073661,36000,2.0,10.5,1000,550.2450461528904,2000.0,3000.0,"[array([[4.5135543e-01, 7.7562151e-04, 5.4786897e-01],
       [2.0803355e-01, 1.7554286e-20, 7.9196644e-01],
       [4.5919704e-01, 2.4748312e-03, 5.3832811e-01]], dtype=float32), array([[3.5099822e-01, 2.9573497e-01, 3.5326681e-01],
       [1.9682764e-01, 1.1315911e-17, 8.0317241e-01],
       [1.8618888e-01, 6.3602793e-01, 1.7778313e-01]], dtype=float32), array([[1.1803650e-02, 9.7238648e-01, 1.5809868e-02],
       [9.4152963e-01, 5.6868962e-19, 5.8470365e-02],
       [1.6913643e-01, 6.4602524e-01, 1.8483831e-01]], dtype=float32), array([[4.0312302e-01, 4.8027202e-02, 5.4884970e-01],
       [7.7930661e-03, 2.3980504e-17, 9.9220699e-01],
       [7.7845082e-02, 8.6727947e-01, 5.4875437e-02]], dtype=float32), array([[4.6102515e-01, 6.5685640e-04, 5.3831798e-01],
       [2.5097016e-01, 2.0910494e-21, 7.4902982e-01],
       [4.6605578e-01, 1.6972525e-03, 5.3224701e-01]], dtype=float32), array([[4.4277620e-01, 4.0743907e-04, 5.5681640e-01],
       [1.7853492e-01, 1.0735329e-21, 8.2146508e-01],
       [4.5278132e-01, 1.5244203e-03, 5.4569423e-01]], dtype=float32), array([[4.5964831e-01, 4.9350440e-04, 5.3985816e-01],
       [2.4545144e-01, 4.5649248e-22, 7.5454861e-01],
       [4.6489474e-01, 1.3064346e-03, 5.3379881e-01]], dtype=float32), array([[5.4410708e-01, 1.7996978e-02, 4.3789598e-01],
       [9.6703625e-01, 8.9300190e-24, 3.2963816e-02],
       [6.0263336e-01, 8.4426068e-04, 3.9652240e-01]], dtype=float32), array([[2.1514855e-02, 9.5208126e-01, 2.6403960e-02],
       [9.2116040e-01, 1.6042546e-20, 7.8839578e-02],
       [1.9421591e-01, 5.9937525e-01, 2.0640875e-01]], dtype=float32), array([[5.4316384e-01, 2.3666985e-02, 4.3316922e-01],
       [9.8138970e-01, 1.4000111e-24, 1.8610310e-02],
       [6.2119019e-01, 6.4360909e-04, 3.7816626e-01]], dtype=float32), array([[5.4500920e-01, 2.2286428e-02, 4.3270439e-01],
       [9.8207331e-01, 8.0289992e-25, 1.7926719e-02],
       [6.2281269e-01, 5.8554945e-04, 3.7660179e-01]], dtype=float32), array([[5.4657930e-01, 2.1148192e-02, 4.3227252e-01],
       [9.8265356e-01, 4.9128211e-25, 1.7346429e-02],
       [6.2422001e-01, 5.3909206e-04, 3.7524089e-01]], dtype=float32), array([[4.5575538e-01, 2.5307242e-04, 5.4399151e-01],
       [2.3018645e-01, 1.4277109e-23, 7.6981354e-01],
       [4.6157897e-01, 7.1813149e-04, 5.3770286e-01]], dtype=float32), array([[4.2878520e-01, 1.5284901e-04, 5.7106197e-01],
       [1.3878138e-01, 1.5016693e-23, 8.6121863e-01],
       [4.4218045e-01, 7.3444808e-04, 5.5708504e-01]], dtype=float32), array([[4.1992706e-01, 1.3632812e-01, 4.4374481e-01],
       [1.0931401e-01, 2.8859311e-20, 8.9068598e-01],
       [2.2425389e-01, 5.6135917e-01, 2.1438691e-01]], dtype=float32), array([[3.9185336e-01, 2.0710133e-01, 4.0104529e-01],
       [1.7063801e-01, 2.2250687e-20, 8.2936198e-01],
       [2.2336382e-01, 5.6062263e-01, 2.1601349e-01]], dtype=float32), array([[2.5870437e-02, 9.4308138e-01, 3.1048167e-02],
       [9.1804510e-01, 1.9068284e-21, 8.1954882e-02],
       [2.0992965e-01, 5.6924313e-01, 2.2082721e-01]], dtype=float32), array([[4.2657599e-01, 1.3236688e-04, 5.7329166e-01],
       [1.3342084e-01, 8.3125989e-24, 8.6657917e-01],
       [4.4049978e-01, 6.6059292e-04, 5.5883962e-01]], dtype=float32), array([[3.9492112e-01, 2.0019302e-01, 4.0488586e-01],
       [1.6706409e-01, 1.5841014e-20, 8.3293587e-01],
       [2.2560090e-01, 5.5614185e-01, 2.1825729e-01]], dtype=float32), array([[5.5121499e-01, 1.8022815e-02, 4.3076217e-01],
       [9.8427224e-01, 1.1807444e-25, 1.5727738e-02],
       [6.2851340e-01, 4.2019438e-04, 3.7106642e-01]], dtype=float32), array([[1.4275786e-02, 9.6724641e-01, 1.8477835e-02],
       [9.5140088e-01, 7.4327363e-22, 4.8599172e-02],
       [2.1114959e-01, 5.6460100e-01, 2.2424945e-01]], dtype=float32), array([[5.5578393e-01, 9.8499926e-03, 4.3436611e-01],
       [9.7015262e-01, 1.7772621e-25, 2.9847393e-02],
       [6.0900217e-01, 4.2487861e-04, 3.9057294e-01]], dtype=float32), array([[2.7797429e-02, 9.3910700e-01, 3.3095498e-02],
       [9.1668910e-01, 8.8566406e-22, 8.3310954e-02],
       [2.1612640e-01, 5.5735779e-01, 2.2651580e-01]], dtype=float32), array([[4.2312318e-01, 1.0433355e-04, 5.7677239e-01],
       [1.2515411e-01, 2.8179119e-24, 8.7484592e-01],
       [4.3786928e-01, 5.5366958e-04, 5.6157702e-01]], dtype=float32), array([[3.7707105e-01, 1.2284660e-02, 6.1064422e-01],
       [3.6392305e-03, 1.7733841e-20, 9.9636072e-01],
       [1.3709323e-01, 7.5508857e-01, 1.0781823e-01]], dtype=float32), array([[4.5391902e-01, 1.6578528e-04, 5.4591519e-01],
       [2.2349827e-01, 1.4186258e-24, 7.7650172e-01],
       [4.5990899e-01, 4.8524424e-04, 5.3960580e-01]], dtype=float32), array([[3.0262046e-02, 9.3402445e-01, 3.5713546e-02],
       [9.1575670e-01, 3.2032877e-22, 8.4243305e-02],
       [2.2475806e-01, 5.4074913e-01, 2.3449281e-01]], dtype=float32), array([[3.76058042e-01, 1.12208435e-02, 6.12721145e-01],
       [3.56628234e-03, 8.98488590e-21, 9.96433735e-01],
       [1.44639418e-01, 7.40085363e-01, 1.15275182e-01]], dtype=float32), array([[4.1958615e-01, 8.0457496e-05, 5.8033335e-01],
       [1.1719914e-01, 8.4368585e-25, 8.8280088e-01],
       [4.3513888e-01, 4.5441749e-04, 5.6440675e-01]], dtype=float32), array([[4.5358184e-01, 1.4107999e-04, 5.4627711e-01],
       [2.2261167e-01, 5.7787079e-25, 7.7738833e-01],
       [4.5953745e-01, 4.1444140e-04, 5.4004818e-01]], dtype=float32), array([[5.5788338e-01, 1.4353971e-02, 4.2776263e-01],
       [9.8725277e-01, 9.1394304e-27, 1.2747228e-02],
       [6.3672143e-01, 2.7587105e-04, 3.6300269e-01]], dtype=float32)]","[array([nan, nan, nan], dtype=float32), array([nan, nan, nan], dtype=float32), array([nan, nan, nan], dtype=float32), array([nan, nan, nan], dtype=float32), array([nan, nan, nan], dtype=float32), array([nan, nan, nan], dtype=float32), array([nan, nan, nan], dtype=float32), array([nan, nan, nan], dtype=float32), array([nan, nan, nan], dtype=float32), array([nan, nan, nan], dtype=float32), array([nan, nan, nan], dtype=float32), array([nan, nan, nan], dtype=float32), array([nan, nan, nan], dtype=float32), array([nan, nan, nan], dtype=float32), array([nan, nan, nan], dtype=float32), array([nan, nan, nan], dtype=float32), array([nan, nan, nan], dtype=float32), array([nan, nan, nan], dtype=float32), array([nan, nan, nan], dtype=float32), array([nan, nan, nan], dtype=float32), array([nan, nan, nan], dtype=float32), array([nan, nan, nan], dtype=float32), array([nan, nan, nan], dtype=float32), array([nan, nan, nan], dtype=float32), array([nan, nan, nan], dtype=float32), array([nan, nan, nan], dtype=float32), array([nan, nan, nan], dtype=float32), array([nan, nan, nan], dtype=float32), array([nan, nan, nan], dtype=float32), array([nan, nan, nan], dtype=float32), array([nan, nan, nan], dtype=float32)]","[array([0.03265575, 0.03265575, 0.03265575], dtype=float32), array([0.03142282, 0.03142282, 0.03142282], dtype=float32), array([0.03021729, 0.03021729, 0.03021729], dtype=float32), array([0.02932182, 0.02932182, 0.02932182], dtype=float32), array([0.02851348, 0.02851348, 0.02851348], dtype=float32), array([0.02773782, 0.02773782, 0.02773782], dtype=float32), array([0.02706099, 0.02706099, 0.02706099], dtype=float32), array([0.02625606, 0.02625606, 0.02625606], dtype=float32), array([0.02560791, 0.02560791, 0.02560791], dtype=float32), array([0.02512592, 0.02512592, 0.02512592], dtype=float32), array([0.02467501, 0.02467501, 0.02467501], dtype=float32), array([0.02422127, 0.02422127, 0.02422127], dtype=float32), array([0.02381722, 0.02381722, 0.02381722], dtype=float32), array([0.02318692, 0.02318692, 0.02318692], dtype=float32), array([0.02260494, 0.02260494, 0.02260494], dtype=float32), array([0.02230346, 0.02230346, 0.02230346], dtype=float32), array([0.02199031, 0.02199031, 0.02199031], dtype=float32), array([0.02174488, 0.02174488, 0.02174488], dtype=float32), array([0.0215032, 0.0215032, 0.0215032], dtype=float32), array([0.02124382, 0.02124382, 0.02124382], dtype=float32), array([0.02097572, 0.02097572, 0.02097572], dtype=float32), array([0.02080978, 0.02080978, 0.02080978], dtype=float32), array([0.02053703, 0.02053703, 0.02053703], dtype=float32), array([0.02034018, 0.02034018, 0.02034018], dtype=float32), array([0.0201489, 0.0201489, 0.0201489], dtype=float32), array([0.02000261, 0.02000261, 0.02000261], dtype=float32), array([0.01984203, 0.01984203, 0.01984203], dtype=float32), array([0.01965315, 0.01965315, 0.01965315], dtype=float32), array([0.01974423, 0.01974423, 0.01974423], dtype=float32), array([0.01974913, 0.01974913, 0.01974913], dtype=float32), array([0.01952494, 0.01952494, 0.01952494], dtype=float32)]",1,0,0,0,0,0,55.296402877697844,63.20071942446042,0.00015957037893767032,2000,0.0003683086857820888,10.03,36000,10.03,36000,2000,0.32740306644124706,0.0003234416653867811,557442,-0.0007441043853759766,0.0013802934991,0.00010001390910474584,81158,30969,124.6307601928711,0.4722185432910919,18.0,0.0005282567581161857,1.0,0.3493970036506653,999.0,0.0,0.09663256257772446,344.1853780600985,0.0,999.0,557442,0.0013802934991,23810,30969,0.0393447157605,0.0,18.0,1.0,344.18596194163683,1674000,93000,104968,61938,0,1114884,1033.598336548375,6379779.898693424,6443023.046233167,10.5,50,18.0,9.5,1.0067001111057168,0.0019682504195952786,0.00012100069734249796,0.000320444135448616,1.0067001111057168,100,0.188781939007066,9.94,2,900,2.0,5.3068161161462675e-05,2,36100,0.00018638291953668843,0.0004292758947220568,1800,100,9.94,1800,100,9.94,6.877095969012397e-06,7.672753895600121e-06,4.2888945571618956e-05,3.3373302633189e-05,2.049637397449587e-05,2.927220327798791e-05,4.8785822764001e-05,1.636627763438254e-05,2.8940082646729135e-05,2.252109286470072e-05,0.00015473920546182275,0.0518245257382435,0.006388960248499505,0.053808240778770826,0.16755758526250675,0.031134035596599826,0.015788167250462507,0.00016364135207252707,1945188,541.0,108066,0.0,498.0,558.0,93.02496337890625,0.00012565097131300718,0.4722185730934143,541.0,108066,0.34867483,498.0,1.0,0.1049221009016037,558.0,-0.00040733383502811193,1945188,-0.009079456329345703,651000,3890376,11718000,216132,10640.987543455867,8.382530361444756e-06,5.17286876237703e-05,3.8613168043309795e-05,2.2574147998902634e-05,7.431361492215714e-06,5.707428821722016e-05,1.8786674400384427e-05,3.3581977356718475e-05,2.5496718653111935e-05,0.00018075828767424705,3.3831647168644976e-05
1,38000,False,19,d1e1b_00000,2025-08-17_20-59-11,1755464351,94.39377331733704,1793.4715564250946,685847,intrinsic-attention2,10.156.0.3,1793.4715564250946,19,92.24882686263116,1.6391097119719936e-05,92.24856211127279,2.8822468975894133,89.02857737153178,0.0020070291121424798,0.002068908319924958,10.07,18.0,9.5,5.643891690074851e-05,0.00012852610939636516,0.0002576240076450631,1.0067001111073661,2,2000,2,19000,2.8516641480497036,1.0067001111073661,38000,2.0,10.5,1000,537.373383716168,2000.0,3000.0,"[array([[4.1871560e-01, 7.4552772e-05, 5.8120990e-01],
       [1.1555689e-01, 6.1982384e-25, 8.8444316e-01],
       [4.3442297e-01, 4.2649909e-04, 5.6515050e-01]], dtype=float32), array([[4.5380834e-01, 1.3857467e-04, 5.4605311e-01],
       [2.2381522e-01, 5.3219678e-25, 7.7618480e-01],
       [4.5968994e-01, 4.0456600e-04, 5.3990543e-01]], dtype=float32), array([[4.3626118e-01, 8.8497199e-02, 4.7524157e-01],
       [8.0942109e-02, 1.7361675e-21, 9.1905791e-01],
       [2.4539822e-01, 5.1886564e-01, 2.3573613e-01]], dtype=float32), array([[4.5389628e-01, 1.3663129e-04, 5.4596704e-01],
       [2.2427520e-01, 4.9044276e-25, 7.7572477e-01],
       [4.5974526e-01, 3.9794901e-04, 5.3985673e-01]], dtype=float32), array([[4.3644148e-01, 8.7950610e-02, 4.7560799e-01],
       [8.0862649e-02, 1.7030199e-21, 9.1913736e-01],
       [2.4613090e-01, 5.1735467e-01, 2.3651445e-01]], dtype=float32), array([[4.5393264e-01, 1.3558695e-04, 5.4593182e-01],
       [2.2448699e-01, 4.7104364e-25, 7.7551299e-01],
       [4.5976636e-01, 3.9447082e-04, 5.3983915e-01]], dtype=float32), array([[4.1848025e-01, 7.2182826e-05, 5.8144754e-01],
       [1.1525881e-01, 5.5097650e-25, 8.8474119e-01],
       [4.3419686e-01, 4.1376328e-04, 5.6538939e-01]], dtype=float32), array([[4.1252086e-01, 1.5986849e-01, 4.2761064e-01],
       [1.4939630e-01, 1.7500737e-21, 8.5060370e-01],
       [2.4387792e-01, 5.1912791e-01, 2.3699410e-01]], dtype=float32), array([[1.5287271e-02, 9.6508247e-01, 1.9630212e-02],
       [9.5496053e-01, 9.8106270e-23, 4.5039460e-02],
       [2.2879340e-01, 5.3050655e-01, 2.4070004e-01]], dtype=float32), array([[4.5405176e-01, 1.3649387e-04, 5.4581177e-01],
       [2.2530764e-01, 5.2649933e-25, 7.7469236e-01],
       [4.5985106e-01, 3.9540385e-04, 5.3975356e-01]], dtype=float32), array([[4.1285279e-01, 1.5906586e-01, 4.2808133e-01],
       [1.4854065e-01, 1.6010738e-21, 8.5145932e-01],
       [2.4380477e-01, 5.1929176e-01, 2.3690350e-01]], dtype=float32), array([[4.5398688e-01, 1.3142948e-04, 5.4588163e-01],
       [2.2522111e-01, 4.3334812e-25, 7.7477890e-01],
       [4.5977306e-01, 3.8080814e-04, 5.3984618e-01]], dtype=float32), array([[5.6234473e-01, 6.7419996e-03, 4.3091318e-01],
       [9.7292352e-01, 1.3789185e-26, 2.7076434e-02],
       [6.1420619e-01, 2.6743990e-04, 3.8552633e-01]], dtype=float32), array([[1.5304215e-02, 9.6505505e-01, 1.9640669e-02],
       [9.5534879e-01, 7.6180430e-23, 4.4651248e-02],
       [2.2999984e-01, 5.2819592e-01, 2.4180426e-01]], dtype=float32), array([[3.3024594e-02, 9.2834324e-01, 3.8632076e-02],
       [9.1427314e-01, 1.2416142e-22, 8.5726820e-02],
       [2.3298429e-01, 5.2496207e-01, 2.4205363e-01]], dtype=float32), array([[4.1656858e-01, 6.2401290e-05, 5.8336896e-01],
       [1.1172345e-01, 3.1866233e-25, 8.8827652e-01],
       [4.3265906e-01, 3.6795950e-04, 5.6697297e-01]], dtype=float32), array([[4.3862408e-01, 7.9897337e-02, 4.8147854e-01],
       [7.4981369e-02, 8.7343194e-22, 9.2501861e-01],
       [2.4945727e-01, 5.1067966e-01, 2.3986302e-01]], dtype=float32), array([[1.5435840e-02, 9.6479666e-01, 1.9767452e-02],
       [9.5646811e-01, 3.5218193e-23, 4.3531850e-02],
       [2.3417717e-01, 5.2019513e-01, 2.4562776e-01]], dtype=float32), array([[4.1797316e-01, 1.4687185e-01, 4.3515497e-01],
       [1.4116500e-01, 6.1836017e-22, 8.5883498e-01],
       [2.4838032e-01, 5.1002848e-01, 2.4159113e-01]], dtype=float32), array([[5.6256181e-01, 1.1920634e-02, 4.2551750e-01],
       [9.8866338e-01, 1.6066543e-27, 1.1336595e-02],
       [6.4154446e-01, 2.0608315e-04, 3.5824943e-01]], dtype=float32), array([[3.9887097e-01, 1.6774124e-02, 5.8435488e-01],
       [6.0283053e-03, 2.4088808e-21, 9.9397165e-01],
       [1.5238741e-01, 7.2125888e-01, 1.2635373e-01]], dtype=float32), array([[4.0745050e-01, 1.7139299e-01, 4.2115650e-01],
       [1.4751671e-01, 1.6923686e-21, 8.5248333e-01],
       [2.3150173e-01, 5.4443806e-01, 2.2406016e-01]], dtype=float32), array([[5.6299663e-01, 6.5196077e-03, 4.3048373e-01],
       [9.7161317e-01, 3.1345940e-26, 2.8386872e-02],
       [6.1400229e-01, 2.7168082e-04, 3.8572600e-01]], dtype=float32), array([[4.18844759e-01, 7.51694461e-05, 5.81080079e-01],
       [1.19263515e-01, 1.58083298e-24, 8.80736470e-01],
       [4.34218973e-01, 4.14813432e-04, 5.65366209e-01]], dtype=float32), array([[5.6262743e-01, 6.6916258e-03, 4.3068093e-01],
       [9.7016191e-01, 8.1734057e-26, 2.9838080e-02],
       [6.1309326e-01, 2.9297394e-04, 3.8661376e-01]], dtype=float32), array([[3.8549513e-01, 2.2079183e-01, 3.9371306e-01],
       [1.5950248e-01, 1.3592251e-20, 8.4049761e-01],
       [2.0346214e-01, 6.0125107e-01, 1.9528675e-01]], dtype=float32), array([[4.2051366e-01, 1.3151805e-01, 4.4796821e-01],
       [8.8479616e-02, 2.1437361e-20, 9.1152036e-01],
       [2.0136489e-01, 6.0903877e-01, 1.8959631e-01]], dtype=float32), array([[4.2078841e-01, 8.9427303e-05, 5.7912213e-01],
       [1.2617554e-01, 7.0471887e-24, 8.7382442e-01],
       [4.3556464e-01, 4.6580230e-04, 5.6396955e-01]], dtype=float32), array([[4.5781517e-01, 1.7403261e-04, 5.4201078e-01],
       [2.4779603e-01, 7.9243334e-24, 7.5220394e-01],
       [4.6270069e-01, 4.5098731e-04, 5.3684837e-01]], dtype=float32), array([[1.2277696e-02, 9.5844942e-01, 2.9272817e-02],
       [9.9999833e-01, 9.8574669e-30, 1.6453930e-06],
       [8.7647408e-01, 4.7218735e-05, 1.2347868e-01]], dtype=float32), array([[3.8582635e-01, 2.5108087e-01, 3.6309275e-01],
       [9.9984503e-01, 1.1160649e-27, 1.5488884e-04],
       [7.8445798e-01, 8.4033723e-05, 2.1545789e-01]], dtype=float32)]","[array([nan, nan, nan], dtype=float32), array([nan, nan, nan], dtype=float32), array([nan, nan, nan], dtype=float32), array([nan, nan, nan], dtype=float32), array([nan, nan, nan], dtype=float32), array([nan, nan, nan], dtype=float32), array([nan, nan, nan], dtype=float32), array([nan, nan, nan], dtype=float32), array([nan, nan, nan], dtype=float32), array([nan, nan, nan], dtype=float32), array([nan, nan, nan], dtype=float32), array([nan, nan, nan], dtype=float32), array([nan, nan, nan], dtype=float32), array([nan, nan, nan], dtype=float32), array([nan, nan, nan], dtype=float32), array([nan, nan, nan], dtype=float32), array([nan, nan, nan], dtype=float32), array([nan, nan, nan], dtype=float32), array([nan, nan, nan], dtype=float32), array([nan, nan, nan], dtype=float32), array([nan, nan, nan], dtype=float32), array([nan, nan, nan], dtype=float32), array([nan, nan, nan], dtype=float32), array([nan, nan, nan], dtype=float32), array([nan, nan, nan], dtype=float32), array([nan, nan, nan], dtype=float32), array([nan, nan, nan], dtype=float32), array([nan, nan, nan], dtype=float32), array([nan, nan, nan], dtype=float32), array([nan, nan, nan], dtype=float32), array([nan, nan, nan], dtype=float32)]","[array([0.0193547, 0.0193547, 0.0193547], dtype=float32), array([0.01913475, 0.01913475, 0.01913475], dtype=float32), array([0.01900916, 0.01900916, 0.01900916], dtype=float32), array([0.01881004, 0.01881004, 0.01881004], dtype=float32), array([0.01866155, 0.01866155, 0.01866155], dtype=float32), array([0.01845249, 0.01845249, 0.01845249], dtype=float32), array([0.01803616, 0.01803616, 0.01803616], dtype=float32), array([0.01745601, 0.01745601, 0.01745601], dtype=float32), array([0.01658052, 0.01658052, 0.01658052], dtype=float32), array([0.0160309, 0.0160309, 0.0160309], dtype=float32), array([0.01559488, 0.01559488, 0.01559488], dtype=float32), array([0.0149535, 0.0149535, 0.0149535], dtype=float32), array([0.0143719, 0.0143719, 0.0143719], dtype=float32), array([0.01352105, 0.01352105, 0.01352105], dtype=float32), array([0.01247682, 0.01247682, 0.01247682], dtype=float32), array([0.01167175, 0.01167175, 0.01167175], dtype=float32), array([0.01050188, 0.01050188, 0.01050188], dtype=float32), array([0.00947535, 0.00947535, 0.00947535], dtype=float32), array([0.00715739, 0.00715739, 0.00715739], dtype=float32), array([-0.02113856, -0.02113856, -0.02113856], dtype=float32), array([-0.07011253, -0.07011253, -0.07011253], dtype=float32), array([-0.11361194, -0.11361194, -0.11361194], dtype=float32), array([-0.15275079, -0.15275079, -0.15275079], dtype=float32), array([-0.18796787, -0.18796787, -0.18796787], dtype=float32), array([-0.21937183, -0.21937183, -0.21937183], dtype=float32), array([-0.24742126, -0.24742126, -0.24742126], dtype=float32), array([-0.2727959, -0.2727959, -0.2727959], dtype=float32), array([-0.29610893, -0.29610893, -0.29610893], dtype=float32), array([-0.31713787, -0.31713787, -0.31713787], dtype=float32), array([-0.33644968, -0.33644968, -0.33644968], dtype=float32), array([-0.35448933, -0.35448933, -0.35448933], dtype=float32)]",1,0,0,0,0,0,55.318518518518516,62.48666666666667,0.00019705877136160516,2000,0.000452080860401705,10.07,38000,10.07,38000,2000,0.3274568304867469,-0.03326248750090599,588411,-0.010908126831054688,0.0013802934991,0.08336766809225082,81158,30969,69.59609985351562,0.4722185432910919,19.0,0.0007923851371742785,1.0,0.31574517488479614,999.0,0.0,0.17620013654232025,343.820887052716,0.0,999.0,588411,0.0013802934991,23810,30969,0.0393447157605,0.0,19.0,1.0,343.82143554024026,1767000,93000,104968,61938,0,1176822,1032.5033391526247,6362292.359923124,6443069.890716421,10.5,50,19.0,-10.5,1.0067001111070022,0.002106358489691047,0.0001412972609779807,0.0003194261541362694,1.0067001111070022,100,0.1887354897769592,9.14,2,950,2.0,5.879259519121952e-05,2,38100,0.00021354840231460398,0.0004895682820802663,1900,100,9.14,1900,100,9.14,8.283095825688583e-06,9.099349120064938e-06,5.384148666519645e-05,4.100834853512998e-05,2.4643373981930498e-05,3.5730238413581424e-05,6.144743758102775e-05,2.0472423603756554e-05,3.6288376518770476e-05,2.6909728480802238e-05,0.00018670690434592082,0.05187550706083453,0.0063923718360070865,0.05377649713100705,0.167606044489851,0.03110777676061195,0.01579285562797323,0.00016370248858478813,2053254,571.0,108066,0.0,498.0,589.0,94.9038314819336,0.12934251129627228,0.4722185730934143,571.0,108066,0.30479223,498.0,1.0,0.16542461514472961,589.0,-0.0649169310927391,2053254,-1.0,651000,4106508,12369000,216132,10576.333990626725,9.301400941151949e-06,5.820389594479002e-05,4.413741939102701e-05,2.5154109917863182e-05,8.525830677810732e-06,6.560171923772107e-05,2.1661766259142412e-05,3.931114874686359e-05,2.8742877798529577e-05,0.00020023362150072308,3.998616233494602e-05
1,40000,False,20,d1e1b_00000,2025-08-17_21-00-45,1755464445,94.05063819885254,1887.5221946239471,685847,intrinsic-attention2,10.156.0.3,1887.5221946239471,20,92.26480285683495,1.635401613055946e-05,92.26453700807005,2.8875345384734223,89.03809921190656,0.0020057384910839955,0.0019288536498788744,6.53,19.0,-10.5,6.122333401439152e-05,0.00014531076885984434,0.0002576240076450631,1.0067001111073661,2,2000,2,20000,2.8567577446393115,1.0067001111073661,40000,2.0,10.5,1000,524.4663542472363,2000.0,3000.0,"[array([[4.71098907e-03, 9.80824590e-01, 1.44645208e-02],
       [9.99999285e-01, 6.22277407e-30, 7.29147814e-07],
       [8.89241755e-01, 4.39666546e-05, 1.10714234e-01]], dtype=float32), array([[4.1136521e-01, 1.5446065e-01, 4.3417412e-01],
       [9.2088684e-02, 8.4016606e-20, 9.0791136e-01],
       [1.8380161e-01, 6.4467430e-01, 1.7152408e-01]], dtype=float32), array([[4.2157531e-01, 9.8333476e-05, 5.7832640e-01],
       [1.3054910e-01, 2.1433089e-23, 8.6945087e-01],
       [4.3602946e-01, 4.9376010e-04, 5.6347680e-01]], dtype=float32), array([[4.5927358e-01, 1.8992856e-04, 5.4053652e-01],
       [2.5658152e-01, 2.0688060e-23, 7.4341851e-01],
       [4.6382377e-01, 4.7220069e-04, 5.3570408e-01]], dtype=float32), array([[5.6241286e-01, 6.8010790e-03, 4.3078601e-01],
       [9.6550536e-01, 1.0548600e-24, 3.4494590e-02],
       [6.1083978e-01, 3.4454008e-04, 3.8881570e-01]], dtype=float32), array([[1.04596205e-02, 9.75784779e-01, 1.37555739e-02],
       [9.41937149e-01, 8.63514279e-21, 5.80628775e-02],
       [1.54657260e-01, 6.76272750e-01, 1.69070035e-01]], dtype=float32), array([[4.2187938e-01, 1.0157958e-04, 5.7801908e-01],
       [1.3210180e-01, 3.0833225e-23, 8.6789823e-01],
       [4.3621582e-01, 5.0364714e-04, 5.6328052e-01]], dtype=float32), array([[3.5428429e-01, 2.8867924e-01, 3.5703653e-01],
       [1.7171842e-01, 1.4157939e-19, 8.2828158e-01],
       [1.7094411e-01, 6.6668105e-01, 1.6237481e-01]], dtype=float32), array([[4.2199999e-01, 1.0274179e-04, 5.7789731e-01],
       [1.3257612e-01, 3.4098513e-23, 8.6742383e-01],
       [4.3629882e-01, 5.0751265e-04, 5.6319362e-01]], dtype=float32), array([[1.0096706e-02, 9.7659540e-01, 1.3307840e-02],
       [9.4104564e-01, 1.1351885e-20, 5.8954310e-02],
       [1.4938939e-01, 6.8680227e-01, 1.6380833e-01]], dtype=float32), array([[3.5100496e-01, 2.9570884e-01, 3.5328615e-01],
       [1.7259791e-01, 1.6759853e-19, 8.2740211e-01],
       [1.6774628e-01, 6.7308766e-01, 1.5916602e-01]], dtype=float32), array([[5.6237650e-01, 6.8197208e-03, 4.3080384e-01],
       [9.6469063e-01, 1.5938452e-24, 3.5309453e-02],
       [6.1047369e-01, 3.5371809e-04, 3.8917267e-01]], dtype=float32), array([[9.9323159e-03, 9.7696334e-01, 1.3104357e-02],
       [9.4054961e-01, 1.3132037e-20, 5.9450313e-02],
       [1.4683266e-01, 6.9192261e-01, 1.6124469e-01]], dtype=float32), array([[2.19881218e-02, 9.51877832e-01, 2.61339806e-02],
       [8.87151480e-01, 2.59402354e-20, 1.12848476e-01],
       [1.49121597e-01, 6.90898180e-01, 1.59980223e-01]], dtype=float32), array([[4.6019900e-01, 2.0120927e-04, 5.3959984e-01],
       [2.6202917e-01, 3.6723498e-23, 7.3797089e-01],
       [4.6454740e-01, 4.8786093e-04, 5.3496468e-01]], dtype=float32), array([[3.4749556e-01, 3.0321380e-01, 3.4929064e-01],
       [1.7348464e-01, 2.0067789e-19, 8.2651538e-01],
       [1.6437960e-01, 6.7982918e-01, 1.5579121e-01]], dtype=float32), array([[4.6025142e-01, 2.0213657e-04, 5.3954649e-01],
       [2.6232055e-01, 3.8079111e-23, 7.3767948e-01],
       [4.6458954e-01, 4.8946415e-04, 5.3492093e-01]], dtype=float32), array([[5.6240475e-01, 6.8095089e-03, 4.3078578e-01],
       [9.6432930e-01, 1.8968204e-24, 3.5670642e-02],
       [6.1034060e-01, 3.5687193e-04, 3.8930255e-01]], dtype=float32), array([[4.0100539e-01, 1.7967144e-01, 4.1932315e-01],
       [9.4998442e-02, 2.4120488e-19, 9.0500158e-01],
       [1.6648258e-01, 6.7956632e-01, 1.5395112e-01]], dtype=float32), array([[3.4551278e-01, 3.0744809e-01, 3.4703910e-01],
       [1.7441098e-01, 2.3021794e-19, 8.2558894e-01],
       [1.6284342e-01, 6.8289453e-01, 1.5426211e-01]], dtype=float32), array([[5.6233418e-01, 6.8484894e-03, 4.3081740e-01],
       [9.6411359e-01, 2.1703757e-24, 3.5886403e-02],
       [6.1022884e-01, 3.6107429e-04, 3.8941002e-01]], dtype=float32), array([[4.2257047e-01, 1.0805995e-04, 5.7732147e-01],
       [1.3489302e-01, 5.4505461e-23, 8.6510700e-01],
       [4.3668225e-01, 5.2419543e-04, 5.6279355e-01]], dtype=float32), array([[4.6060786e-01, 2.0854603e-04, 5.3918362e-01],
       [2.6420000e-01, 4.7390809e-23, 7.3580003e-01],
       [4.6487901e-01, 5.0076260e-04, 5.3462029e-01]], dtype=float32), array([[2.1326769e-02, 9.5327812e-01, 2.5395185e-02],
       [8.8614082e-01, 3.5704369e-20, 1.1385921e-01],
       [1.4496635e-01, 6.9919890e-01, 1.5583478e-01]], dtype=float32), array([[5.6209940e-01, 6.9736815e-03, 4.3092692e-01],
       [9.6407199e-01, 2.4268389e-24, 3.5928071e-02],
       [6.1013073e-01, 3.6796430e-04, 3.8950127e-01]], dtype=float32), array([[3.9841178e-01, 1.8601744e-01, 4.1557074e-01],
       [9.6858561e-02, 2.9662438e-19, 9.0314144e-01],
       [1.6399643e-01, 6.8447989e-01, 1.5152363e-01]], dtype=float32), array([[5.6012058e-01, 1.4192040e-02, 4.2568734e-01],
       [9.8395443e-01, 1.1289437e-24, 1.6045567e-02],
       [6.3653433e-01, 3.4606364e-04, 3.6311954e-01]], dtype=float32), array([[5.2017043e-03, 9.9115741e-01, 3.6409877e-03],
       [8.7713793e-02, 9.4474852e-17, 9.1228622e-01],
       [3.5299687e-04, 9.9944133e-01, 2.0568723e-04]], dtype=float32), array([[3.4055996e-01, 3.1800348e-01, 3.4143654e-01],
       [1.7701970e-01, 2.8616934e-19, 8.2298023e-01],
       [1.5932381e-01, 6.8987477e-01, 1.5080145e-01]], dtype=float32), array([[3.4006926e-01, 3.1904703e-01, 3.4088367e-01],
       [1.7724669e-01, 2.9063123e-19, 8.2275337e-01],
       [1.5895908e-01, 6.9059801e-01, 1.5044290e-01]], dtype=float32), array([[4.6089023e-01, 2.1660759e-04, 5.3889316e-01],
       [2.6528615e-01, 5.5236583e-23, 7.3471379e-01],
       [4.6512404e-01, 5.1777792e-04, 5.3435820e-01]], dtype=float32)]","[array([-0.37111562, -0.37111562, -0.37111562], dtype=float32), array([-0.38643897, -0.38643897, -0.38643897], dtype=float32), array([-0.3997753, -0.3997753, -0.3997753], dtype=float32), array([-0.41154745, -0.41154745, -0.41154745], dtype=float32), array([-0.4221149, -0.4221149, -0.4221149], dtype=float32), array([-0.4314575, -0.4314575, -0.4314575], dtype=float32), array([-0.4399535, -0.4399535, -0.4399535], dtype=float32), array([-0.4467129, -0.4467129, -0.4467129], dtype=float32), array([-0.45217052, -0.45217052, -0.45217052], dtype=float32), array([-0.45728552, -0.45728552, -0.45728552], dtype=float32), array([-0.46178156, -0.46178156, -0.46178156], dtype=float32), array([-0.466013, -0.466013, -0.466013], dtype=float32), array([-0.46971568, -0.46971568, -0.46971568], dtype=float32), array([-0.47289848, -0.47289848, -0.47289848], dtype=float32), array([-0.4758926, -0.4758926, -0.4758926], dtype=float32), array([-0.47842222, -0.47842222, -0.47842222], dtype=float32), array([-0.48092723, -0.48092723, -0.48092723], dtype=float32), array([-0.48307177, -0.48307177, -0.48307177], dtype=float32), array([-0.48457673, -0.48457673, -0.48457673], dtype=float32), array([-0.48564622, -0.48564622, -0.48564622], dtype=float32), array([-0.486568, -0.486568, -0.486568], dtype=float32), array([-0.48755667, -0.48755667, -0.48755667], dtype=float32), array([-0.4882992, -0.4882992, -0.4882992], dtype=float32), array([-0.48865053, -0.48865053, -0.48865053], dtype=float32), array([-0.48915336, -0.48915336, -0.48915336], dtype=float32), array([-0.48952916, -0.48952916, -0.48952916], dtype=float32), array([-0.48938063, -0.48938063, -0.48938063], dtype=float32), array([-0.48931804, -0.48931804, -0.48931804], dtype=float32), array([-0.48925915, -0.48925915, -0.48925915], dtype=float32), array([-0.4892017, -0.4892017, -0.4892017], dtype=float32), array([-0.489145, -0.489145, -0.489145], dtype=float32)]","[array([-0.37111565, -0.37111565, -0.37111565], dtype=float32), array([-0.3864389, -0.3864389, -0.3864389], dtype=float32), array([-0.3997754, -0.3997754, -0.3997754], dtype=float32), array([-0.4115475, -0.4115475, -0.4115475], dtype=float32), array([-0.42211488, -0.42211488, -0.42211488], dtype=float32), array([-0.4314575, -0.4314575, -0.4314575], dtype=float32), array([-0.4399535, -0.4399535, -0.4399535], dtype=float32), array([-0.44671294, -0.44671294, -0.44671294], dtype=float32), array([-0.45217052, -0.45217052, -0.45217052], dtype=float32), array([-0.45728555, -0.45728555, -0.45728555], dtype=float32), array([-0.46178153, -0.46178153, -0.46178153], dtype=float32), array([-0.466013, -0.466013, -0.466013], dtype=float32), array([-0.46971565, -0.46971565, -0.46971565], dtype=float32), array([-0.47289848, -0.47289848, -0.47289848], dtype=float32), array([-0.47589254, -0.47589254, -0.47589254], dtype=float32), array([-0.47842222, -0.47842222, -0.47842222], dtype=float32), array([-0.48092732, -0.48092732, -0.48092732], dtype=float32), array([-0.48307177, -0.48307177, -0.48307177], dtype=float32), array([-0.4845767, -0.4845767, -0.4845767], dtype=float32), array([-0.48564625, -0.48564625, -0.48564625], dtype=float32), array([-0.486568, -0.486568, -0.486568], dtype=float32), array([-0.48755655, -0.48755655, -0.48755655], dtype=float32), array([-0.48829922, -0.48829922, -0.48829922], dtype=float32), array([-0.48865044, -0.48865044, -0.48865044], dtype=float32), array([-0.4891534, -0.4891534, -0.4891534], dtype=float32), array([-0.48952916, -0.48952916, -0.48952916], dtype=float32), array([-0.48938072, -0.48938072, -0.48938072], dtype=float32), array([-0.48931798, -0.48931798, -0.48931798], dtype=float32), array([-0.4892592, -0.4892592, -0.4892592], dtype=float32), array([-0.4892017, -0.4892017, -0.4892017], dtype=float32), array([-0.48914492, -0.48914492, -0.48914492], dtype=float32)]",1,0,0,0,0,0,55.75895522388059,61.53731343283582,0.00021737071182423477,2000,0.000499067592041571,6.53,40000,6.53,40000,2000,0.32862830022177536,-0.07065887749195099,619380,0.0002200007438659668,0.0013802934991,0.014825552701950073,81158,30969,75.72306060791016,0.4722185432910919,20.0,0.0007923851371742785,1.0,0.27832216024398804,999.0,0.0,0.17211377620697021,343.6858051978477,0.0,999.0,619380,0.0013802934991,23810,30969,0.0393447157605,0.0,20.0,1.0,343.68632009063305,1860000,93000,104968,61938,0,1238760,1032.0972836137648,6363357.430419109,6460106.103623812,10.5,50,20.0,-10.5,1.0067001111072869,0.002276668359991163,0.00014965682814174506,0.0003181761725333772,1.0067001111072869,100,0.18869687148930767,8.94,2,1000,2.0,6.325005053243207e-05,2,40100,0.0002269968346465303,0.0005235898212080099,2000,100,8.94,2000,100,8.94,8.900605210744687e-06,9.796517321393836e-06,6.006789307830238e-05,4.523589944575766e-05,2.667144366466245e-05,3.9958378185569266e-05,6.906896229085725e-05,2.2971083286831456e-05,3.9727808479148105e-05,2.920710090712518e-05,0.00020544088504504266,0.052226790910191924,0.006429113427520891,0.05408584018969023,0.16808418561503588,0.031099858073073243,0.015791975841745413,0.0001637419736997745,2161320,601.0,108066,0.0,498.0,620.0,92.63785552978516,0.01705177314579487,0.4722185730934143,601.0,108066,0.30533653,498.0,1.0,0.15469805896282196,620.0,-0.046389780938625336,2161320,-0.060849905014038086,651000,4322640,13020000,216132,10514.976281837387,1.0001096984497535e-05,6.175696129149632e-05,4.658336988716654e-05,2.7233466885207766e-05,9.04111807888064e-06,7.042884482391982e-05,2.3735647190348902e-05,4.114446948589218e-05,3.074761250892102e-05,0.00021509223647980883,4.270215137780761e-05
1,42000,False,21,d1e1b_00000,2025-08-17_21-02-21,1755464541,96.01946258544922,1983.5416572093964,685847,intrinsic-attention2,10.156.0.3,1983.5416572093964,21,92.3009033851165,1.6324165869648394e-05,92.30063629937929,2.8989744281486582,89.06079031549758,0.0020051786261433284,0.002279177259770222,8.4,20.0,-10.5,6.479852138816635e-05,0.0001558883663018728,0.0002576240076450631,1.0067001111073661,2,2000,2,21000,2.8680249050228697,1.0067001111073661,42000,2.0,10.5,1000,511.55937557253463,2000.0,3000.0,"[array([[5.6170422e-01, 7.1807578e-03, 4.3111503e-01],
       [9.6417403e-01, 2.6552914e-24, 3.5826039e-02],
       [6.1002409e-01, 3.7754365e-04, 3.8959831e-01]], dtype=float32), array([[4.6082577e-01, 2.1616256e-04, 5.3895813e-01],
       [2.6488885e-01, 5.3561390e-23, 7.3511118e-01],
       [4.6507457e-01, 5.1765185e-04, 5.3440773e-01]], dtype=float32), array([[9.2343027e-03, 9.7850960e-01, 1.2256194e-02],
       [9.3979329e-01, 2.0725750e-20, 6.0206670e-02],
       [1.3852564e-01, 7.0851922e-01, 1.5295517e-01]], dtype=float32), array([[4.6077132e-01, 2.1635278e-04, 5.3901231e-01],
       [2.6450861e-01, 5.2463251e-23, 7.3549139e-01],
       [4.6503511e-01, 5.1902403e-04, 5.3444588e-01]], dtype=float32), array([[5.59675217e-01, 1.44165205e-02, 4.25908297e-01],
       [9.83949125e-01, 1.11514679e-24, 1.60508584e-02],
       [6.36223793e-01, 3.51301831e-04, 3.63424927e-01]], dtype=float32), array([[2.01736391e-02, 9.55703378e-01, 2.41230559e-02],
       [8.87774587e-01, 3.68235412e-20, 1.12225376e-01],
       [1.41129553e-01, 7.06800818e-01, 1.52069658e-01]], dtype=float32), array([[4.23500627e-01, 1.12449045e-04, 5.76386869e-01],
       [1.36743709e-01, 5.73766557e-23, 8.63256276e-01],
       [4.37394172e-01, 5.38700144e-04, 5.62067032e-01]], dtype=float32), array([[4.23435628e-01, 1.11835536e-04, 5.76452494e-01],
       [1.36570945e-01, 5.57095528e-23, 8.63429070e-01],
       [4.37343597e-01, 5.36423060e-04, 5.62119961e-01]], dtype=float32), array([[4.23177391e-01, 1.09867404e-04, 5.76712787e-01],
       [1.36022240e-01, 5.23811277e-23, 8.63977730e-01],
       [4.37138289e-01, 5.28957462e-04, 5.62332869e-01]], dtype=float32), array([[4.2292434e-01, 1.0799876e-04, 5.7696766e-01],
       [1.3548493e-01, 4.9361296e-23, 8.6451501e-01],
       [4.3693739e-01, 5.2187761e-04, 5.6254071e-01]], dtype=float32), array([[3.4064144e-01, 3.1782845e-01, 3.4153017e-01],
       [1.7531186e-01, 2.2576238e-19, 8.2468814e-01],
       [1.5813595e-01, 6.9226569e-01, 1.4959833e-01]], dtype=float32), array([[4.2250094e-01, 1.0494965e-04, 5.7739413e-01],
       [1.3460968e-01, 4.4909230e-23, 8.6539030e-01],
       [4.3659988e-01, 5.1018537e-04, 5.6288999e-01]], dtype=float32), array([[3.4185538e-01, 3.1524381e-01, 3.4290090e-01],
       [1.7441857e-01, 2.1074199e-19, 8.2558143e-01],
       [1.5878923e-01, 6.9098097e-01, 1.5022981e-01]], dtype=float32), array([[9.2680156e-03, 9.7844863e-01, 1.2283419e-02],
       [9.4031549e-01, 1.4669349e-20, 5.9684563e-02],
       [1.3968563e-01, 7.0625085e-01, 1.5406357e-01]], dtype=float32), array([[4.6035862e-01, 1.9480404e-04, 5.3944653e-01],
       [2.6334745e-01, 3.4059994e-23, 7.3665261e-01],
       [4.6464503e-01, 4.6935838e-04, 5.3488564e-01]], dtype=float32), array([[4.6033007e-01, 1.9413931e-04, 5.3947580e-01],
       [2.6328757e-01, 3.4054314e-23, 7.3671240e-01],
       [4.6461913e-01, 4.6784955e-04, 5.3491306e-01]], dtype=float32), array([[3.4364572e-01, 3.1142685e-01, 3.4492746e-01],
       [1.7335998e-01, 1.9968404e-19, 8.2664001e-01],
       [1.5996119e-01, 6.8866897e-01, 1.5136987e-01]], dtype=float32), array([[4.6028996e-01, 1.9342182e-04, 5.3951669e-01],
       [2.6323125e-01, 3.4527318e-23, 7.3676872e-01],
       [4.6458250e-01, 4.6618422e-04, 5.3495127e-01]], dtype=float32), array([[5.6189746e-01, 1.3268138e-02, 4.2483443e-01],
       [9.8441136e-01, 7.4879155e-25, 1.5588614e-02],
       [6.3814437e-01, 3.1560217e-04, 3.6153999e-01]], dtype=float32), array([[4.6027002e-01, 1.9405228e-04, 5.3953588e-01],
       [2.6322895e-01, 3.6146626e-23, 7.3677099e-01],
       [4.6456596e-01, 4.6767580e-04, 5.3496641e-01]], dtype=float32), array([[2.1284165e-02, 9.5339942e-01, 2.5316430e-02],
       [8.8561881e-01, 2.9309571e-20, 1.1438121e-01],
       [1.4411922e-01, 7.0097446e-01, 1.5490632e-01]], dtype=float32), array([[4.0023842e-01, 1.8144527e-01, 4.1831633e-01],
       [9.4181038e-02, 2.3417082e-19, 9.0581894e-01],
       [1.6406651e-01, 6.8444502e-01, 1.5148850e-01]], dtype=float32), array([[5.6333107e-01, 6.4615821e-03, 4.3020737e-01],
       [9.6431965e-01, 1.8013994e-24, 3.5680354e-02],
       [6.1096978e-01, 3.3953832e-04, 3.8869068e-01]], dtype=float32), array([[5.6336534e-01, 6.4436649e-03, 4.3019104e-01],
       [9.6430945e-01, 1.7839015e-24, 3.5690542e-02],
       [6.1097652e-01, 3.3871381e-04, 3.8868481e-01]], dtype=float32), array([[4.0035316e-01, 1.8116333e-01, 4.1848353e-01],
       [9.4063967e-02, 2.3032927e-19, 9.0593600e-01],
       [1.6413145e-01, 6.8431789e-01, 1.5155064e-01]], dtype=float32), array([[3.4462249e-01, 3.0934092e-01, 3.4603652e-01],
       [1.7293258e-01, 2.0442525e-19, 8.2706738e-01],
       [1.6072430e-01, 6.8716502e-01, 1.5211071e-01]], dtype=float32), array([[4.0048134e-01, 1.8085226e-01, 4.1866642e-01],
       [9.3779512e-02, 2.1687370e-19, 9.0622056e-01],
       [1.6399993e-01, 6.8458182e-01, 1.5141836e-01]], dtype=float32), array([[5.6203169e-01, 1.3122180e-02, 4.2484623e-01],
       [9.8436284e-01, 6.8904870e-25, 1.5637174e-02],
       [6.3798660e-01, 3.1303230e-04, 3.6170036e-01]], dtype=float32), array([[5.6336129e-01, 6.4148312e-03, 4.3022388e-01],
       [9.6452099e-01, 1.4993189e-24, 3.5478987e-02],
       [6.1099142e-01, 3.3510852e-04, 3.8867345e-01]], dtype=float32), array([[5.6341588e-01, 6.3867252e-03, 4.3019742e-01],
       [9.6455115e-01, 1.4442711e-24, 3.5448778e-02],
       [6.1102247e-01, 3.3338301e-04, 3.8864419e-01]], dtype=float32), array([[4.7158916e-03, 9.9199647e-01, 3.2876232e-03],
       [8.7313704e-02, 6.7602123e-17, 9.1268623e-01],
       [3.1689455e-04, 9.9949896e-01, 1.8404226e-04]], dtype=float32)]","[array([-0.4884749, -0.4884749, -0.4884749], dtype=float32), array([-0.48801738, -0.48801738, -0.48801738], dtype=float32), array([-0.48756367, -0.48756367, -0.48756367], dtype=float32), array([-0.4870718, -0.4870718, -0.4870718], dtype=float32), array([-0.48483816, -0.48483816, -0.48483816], dtype=float32), array([-0.4823604, -0.4823604, -0.4823604], dtype=float32), array([-0.48005816, -0.48005816, -0.48005816], dtype=float32), array([-0.4775864, -0.4775864, -0.4775864], dtype=float32), array([-0.47364092, -0.47364092, -0.47364092], dtype=float32), array([-0.4696195, -0.4696195, -0.4696195], dtype=float32), array([-0.46585196, -0.46585196, -0.46585196], dtype=float32), array([-0.46238008, -0.46238008, -0.46238008], dtype=float32), array([-0.45732728, -0.45732728, -0.45732728], dtype=float32), array([-0.4521549, -0.4521549, -0.4521549], dtype=float32), array([-0.4482162, -0.4482162, -0.4482162], dtype=float32), array([-0.44211993, -0.44211993, -0.44211993], dtype=float32), array([-0.43658578, -0.43658578, -0.43658578], dtype=float32), array([-0.43139097, -0.43139097, -0.43139097], dtype=float32), array([-0.42717987, -0.42717987, -0.42717987], dtype=float32), array([-0.42269042, -0.42269042, -0.42269042], dtype=float32), array([-0.41793478, -0.41793478, -0.41793478], dtype=float32), array([-0.41319957, -0.41319957, -0.41319957], dtype=float32), array([-0.40845704, -0.40845704, -0.40845704], dtype=float32), array([-0.4031224, -0.4031224, -0.4031224], dtype=float32), array([-0.39652538, -0.39652538, -0.39652538], dtype=float32), array([-0.3900433, -0.3900433, -0.3900433], dtype=float32), array([-0.38283283, -0.38283283, -0.38283283], dtype=float32), array([-0.37577727, -0.37577727, -0.37577727], dtype=float32), array([-0.36846682, -0.36846682, -0.36846682], dtype=float32), array([-0.36199468, -0.36199468, -0.36199468], dtype=float32), array([-0.3552206, -0.3552206, -0.3552206], dtype=float32)]","[array([-0.48847488, -0.48847488, -0.48847488], dtype=float32), array([-0.48801747, -0.48801747, -0.48801747], dtype=float32), array([-0.48756364, -0.48756364, -0.48756364], dtype=float32), array([-0.4870719, -0.4870719, -0.4870719], dtype=float32), array([-0.48483798, -0.48483798, -0.48483798], dtype=float32), array([-0.4823604, -0.4823604, -0.4823604], dtype=float32), array([-0.48005813, -0.48005813, -0.48005813], dtype=float32), array([-0.47758636, -0.47758636, -0.47758636], dtype=float32), array([-0.47364092, -0.47364092, -0.47364092], dtype=float32), array([-0.46961942, -0.46961942, -0.46961942], dtype=float32), array([-0.46585193, -0.46585193, -0.46585193], dtype=float32), array([-0.46238002, -0.46238002, -0.46238002], dtype=float32), array([-0.45732737, -0.45732737, -0.45732737], dtype=float32), array([-0.452155, -0.452155, -0.452155], dtype=float32), array([-0.44821632, -0.44821632, -0.44821632], dtype=float32), array([-0.44211996, -0.44211996, -0.44211996], dtype=float32), array([-0.43658587, -0.43658587, -0.43658587], dtype=float32), array([-0.43139094, -0.43139094, -0.43139094], dtype=float32), array([-0.42717984, -0.42717984, -0.42717984], dtype=float32), array([-0.4226904, -0.4226904, -0.4226904], dtype=float32), array([-0.41793486, -0.41793486, -0.41793486], dtype=float32), array([-0.41319954, -0.41319954, -0.41319954], dtype=float32), array([-0.4084572, -0.4084572, -0.4084572], dtype=float32), array([-0.4031224, -0.4031224, -0.4031224], dtype=float32), array([-0.39652538, -0.39652538, -0.39652538], dtype=float32), array([-0.39004326, -0.39004326, -0.39004326], dtype=float32), array([-0.38283285, -0.38283285, -0.38283285], dtype=float32), array([-0.37577727, -0.37577727, -0.37577727], dtype=float32), array([-0.36846682, -0.36846682, -0.36846682], dtype=float32), array([-0.3619947, -0.3619947, -0.3619947], dtype=float32), array([-0.35522065, -0.35522065, -0.35522065], dtype=float32)]",1,0,0,0,0,0,55.48905109489051,60.53795620437957,0.00023376106050427404,2000,0.000536532258819701,8.4,42000,8.4,42000,2000,0.3305884546295085,-0.04308081418275833,650349,0.0008990764617919922,0.0013802934991,0.010405839420855045,81158,30969,93.7552490234375,0.4722185432910919,21.0,0.0007923851371742785,1.0,0.3059313893318176,999.0,0.0,0.14698831737041473,343.50378727765366,0.0,999.0,650349,0.0013802934991,23810,30969,0.0393447157605,0.0,21.0,1.0,343.504263808769,1953000,93000,104968,61938,0,1300698,1031.5503153128348,6359189.2183663435,6470516.920657677,10.5,50,21.0,-9.5,1.0067001111073501,0.0019311688105517534,0.00011136493896552049,0.0003167664307037684,1.0067001111073501,100,0.1881061537344184,9.74,2,1050,2.0,5.093607355322305e-05,2,42100,0.00017639885540766275,0.00041030922742067927,2100,100,9.74,2100,100,9.74,9.612551228213918e-06,1.0356116243838643e-05,6.335100215680556e-05,4.834219520195689e-05,2.8691805930063984e-05,4.317620260256054e-05,7.411755025808477e-05,2.448893402756967e-05,4.245998011895655e-05,3.192555518119631e-05,0.00021883260517969227,0.0525638401209927,0.006472285143237544,0.05439982695775408,0.16911267066885693,0.031224686502420863,0.01589708408322731,0.00016433360396833006,2269386,631.0,108066,0.0,498.0,651.0,90.23020935058594,0.00832681730389595,0.4722185730934143,631.0,108066,0.32567477,498.0,1.0,0.11887497454881668,651.0,-0.024702617898583412,2269386,-0.026482462882995605,651000,4538772,13671000,216132,10457.452443288192,8.036730713706154e-06,4.7699805165998516e-05,3.683612005898927e-05,2.202441502311187e-05,7.113042098797282e-06,5.5357054179928426e-05,1.8143243531476552e-05,3.2439003294362036e-05,2.4449621083051724e-05,0.00017174982361440802,3.2449537446732464e-05
1,44000,False,22,d1e1b_00000,2025-08-17_21-03-54,1755464634,92.4166648387909,2075.9583220481873,685847,intrinsic-attention2,10.156.0.3,2075.9583220481873,22,92.30054520457539,1.630518418601087e-05,92.30027679278545,2.9040237393372283,89.0529706855426,0.002003714889888551,0.0015297035001276527,9.39,21.0,-10.5,4.6728147532862856e-05,0.00010013358050759842,0.0002576240076450631,1.0067001111073661,2,2000,2,22000,2.8730862319326524,1.0067001111073661,44000,2.0,10.5,1000,498.6843024238397,2000.0,3000.0,"[array([[5.6353199e-01, 6.3323779e-03, 4.3013558e-01],
       [9.6456647e-01, 1.3830107e-24, 3.5433576e-02],
       [6.1108029e-01, 3.3047821e-04, 3.8858929e-01]], dtype=float32), array([[9.4842240e-03, 9.7797966e-01, 1.2536082e-02],
       [9.4017595e-01, 1.2405724e-20, 5.9824027e-02],
       [1.4153783e-01, 7.0259774e-01, 1.5586448e-01]], dtype=float32), array([[5.6226200e-01, 1.2970163e-02, 4.2476788e-01],
       [9.8442703e-01, 6.1331589e-25, 1.5572978e-02],
       [6.3811642e-01, 3.0823512e-04, 3.6157531e-01]], dtype=float32), array([[4.0113413e-01, 1.7924254e-01, 4.1962335e-01],
       [9.2897557e-02, 1.8889164e-19, 9.0710247e-01],
       [1.6409166e-01, 6.8441564e-01, 1.5149264e-01]], dtype=float32), array([[4.5946652e-01, 1.8636914e-04, 5.4034710e-01],
       [2.5935173e-01, 2.9041192e-23, 7.4064833e-01],
       [4.6391803e-01, 4.5694676e-04, 5.3562504e-01]], dtype=float32), array([[2.11722367e-02, 9.53647017e-01, 2.51808483e-02],
       [8.86289120e-01, 2.31627357e-20, 1.13710865e-01],
       [1.44225061e-01, 7.00784445e-01, 1.54990464e-01]], dtype=float32), array([[3.4582046e-01, 3.0677894e-01, 3.4740061e-01],
       [1.7105165e-01, 1.6711172e-19, 8.2894838e-01],
       [1.6062458e-01, 6.8739647e-01, 1.5197892e-01]], dtype=float32), array([[5.62303603e-01, 1.29356403e-02, 4.24760699e-01],
       [9.84460652e-01, 5.82268341e-25, 1.55393295e-02],
       [6.38147831e-01, 3.06759932e-04, 3.61545444e-01]], dtype=float32), array([[9.4162934e-03, 9.7813213e-01, 1.2451539e-02],
       [9.4027692e-01, 1.2001409e-20, 5.9723075e-02],
       [1.4102189e-01, 7.0363492e-01, 1.5534313e-01]], dtype=float32), array([[4.0104699e-01, 1.7945568e-01, 4.1949734e-01],
       [9.2739485e-02, 1.8162460e-19, 9.0726054e-01],
       [1.6371834e-01, 6.8516088e-01, 1.5112072e-01]], dtype=float32), array([[2.1064943e-02, 9.5387524e-01, 2.5059829e-02],
       [8.8642478e-01, 2.2612376e-20, 1.1357527e-01],
       [1.4384639e-01, 7.0154262e-01, 1.5461099e-01]], dtype=float32), array([[9.43399500e-03, 9.78092790e-01, 1.24731380e-02],
       [9.40287232e-01, 1.19068715e-20, 5.97128160e-02],
       [1.41218916e-01, 7.03240812e-01, 1.55540243e-01]], dtype=float32), array([[4.5944852e-01, 1.8455369e-04, 5.4036695e-01],
       [2.5935972e-01, 2.7976321e-23, 7.4064034e-01],
       [4.6389702e-01, 4.5243965e-04, 5.3565055e-01]], dtype=float32), array([[2.1305900e-02, 9.5336467e-01, 2.5329418e-02],
       [8.8601720e-01, 2.3870991e-20, 1.1398281e-01],
       [1.4458199e-01, 7.0007569e-01, 1.5534225e-01]], dtype=float32), array([[5.6359774e-01, 6.3108001e-03, 4.3009147e-01],
       [9.6446270e-01, 1.4562927e-24, 3.5537288e-02],
       [6.1108702e-01, 3.3038924e-04, 3.8858262e-01]], dtype=float32), array([[5.6359231e-01, 6.3155135e-03, 4.3009225e-01],
       [9.6440250e-01, 1.5097174e-24, 3.5597563e-02],
       [6.1106426e-01, 3.3120421e-04, 3.8860446e-01]], dtype=float32), array([[4.2098966e-01, 9.7006887e-05, 5.7891333e-01],
       [1.3162723e-01, 3.7642331e-23, 8.6837280e-01],
       [4.3542302e-01, 4.8134979e-04, 5.6409562e-01]], dtype=float32), array([[4.5961103e-01, 1.8867035e-04, 5.4020029e-01],
       [2.6034042e-01, 3.3614919e-23, 7.3965961e-01],
       [4.6402910e-01, 4.6045257e-04, 5.3551048e-01]], dtype=float32), array([[2.1348367e-02, 9.5326328e-01, 2.5388384e-02],
       [8.8575077e-01, 2.8268581e-20, 1.1424924e-01],
       [1.4455709e-01, 7.0009822e-01, 1.5534467e-01]], dtype=float32), array([[5.6210798e-01, 1.3049462e-02, 4.2484260e-01],
       [9.8414963e-01, 7.8400655e-25, 1.5850313e-02],
       [6.3771337e-01, 3.1547653e-04, 3.6197117e-01]], dtype=float32), array([[2.13269703e-02, 9.53304231e-01, 2.53688153e-02],
       [8.85731399e-01, 2.97715066e-20, 1.14268586e-01],
       [1.44452691e-01, 7.00295866e-01, 1.55251443e-01]], dtype=float32), array([[2.1338191e-02, 9.5327938e-01, 2.5382470e-02],
       [8.8570184e-01, 3.0251100e-20, 1.1429812e-01],
       [1.4448015e-01, 7.0023841e-01, 1.5528145e-01]], dtype=float32), array([[5.6322843e-01, 6.4702486e-03, 4.3030125e-01],
       [9.6407884e-01, 1.8992453e-24, 3.5921182e-02],
       [6.1072922e-01, 3.4216468e-04, 3.8892862e-01]], dtype=float32), array([[3.9989054e-01, 1.8232810e-01, 4.1778141e-01],
       [9.4868049e-02, 2.5055686e-19, 9.0513194e-01],
       [1.6427246e-01, 6.8400794e-01, 1.5171959e-01]], dtype=float32), array([[5.6316912e-01, 6.4956071e-03, 4.3033528e-01],
       [9.6399784e-01, 1.9973512e-24, 3.6002181e-02],
       [6.1066258e-01, 3.4424424e-04, 3.8899320e-01]], dtype=float32), array([[3.9967823e-01, 1.8284971e-01, 4.1747203e-01],
       [9.5160991e-02, 2.6202717e-19, 9.0483904e-01],
       [1.6425031e-01, 6.8404633e-01, 1.5170336e-01]], dtype=float32), array([[4.5978424e-01, 1.9608470e-04, 5.4001963e-01],
       [2.6122358e-01, 4.3131759e-23, 7.3877639e-01],
       [4.6418074e-01, 4.7667447e-04, 5.3534263e-01]], dtype=float32), array([[4.2174357e-01, 1.0276091e-04, 5.7815373e-01],
       [1.3359636e-01, 5.1448385e-23, 8.6640358e-01],
       [4.3600029e-01, 5.0257007e-04, 5.6349713e-01]], dtype=float32), array([[5.6308877e-01, 6.5257573e-03, 4.3038553e-01],
       [9.6382272e-01, 2.1834291e-24, 3.6177304e-02],
       [6.1053509e-01, 3.4747450e-04, 3.8911742e-01]], dtype=float32), array([[2.1431917e-02, 9.5307392e-01, 2.5494076e-02],
       [8.8521826e-01, 3.5469779e-20, 1.1478179e-01],
       [1.4446117e-01, 7.0026273e-01, 1.5527609e-01]], dtype=float32), array([[2.1448908e-02, 9.5303690e-01, 2.5514198e-02],
       [8.8509750e-01, 3.6720903e-20, 1.1490248e-01],
       [1.4442411e-01, 7.0033485e-01, 1.5524103e-01]], dtype=float32)]","[array([-0.34895754, -0.34895754, -0.34895754], dtype=float32), array([-0.34402272, -0.34402272, -0.34402272], dtype=float32), array([-0.33986476, -0.33986476, -0.33986476], dtype=float32), array([-0.3364593, -0.3364593, -0.3364593], dtype=float32), array([-0.3333768, -0.3333768, -0.3333768], dtype=float32), array([-0.33105338, -0.33105338, -0.33105338], dtype=float32), array([-0.3293328, -0.3293328, -0.3293328], dtype=float32), array([-0.32794634, -0.32794634, -0.32794634], dtype=float32), array([-0.32694027, -0.32694027, -0.32694027], dtype=float32), array([-0.326557, -0.326557, -0.326557], dtype=float32), array([-0.3260615, -0.3260615, -0.3260615], dtype=float32), array([-0.32689846, -0.32689846, -0.32689846], dtype=float32), array([-0.3277711, -0.3277711, -0.3277711], dtype=float32), array([-0.32894823, -0.32894823, -0.32894823], dtype=float32), array([-0.33015597, -0.33015597, -0.33015597], dtype=float32), array([-0.3311443, -0.3311443, -0.3311443], dtype=float32), array([-0.33255035, -0.33255035, -0.33255035], dtype=float32), array([-0.33435264, -0.33435264, -0.33435264], dtype=float32), array([-0.33572385, -0.33572385, -0.33572385], dtype=float32), array([-0.33704588, -0.33704588, -0.33704588], dtype=float32), array([-0.33846128, -0.33846128, -0.33846128], dtype=float32), array([-0.3398812, -0.3398812, -0.3398812], dtype=float32), array([-0.34131238, -0.34131238, -0.34131238], dtype=float32), array([-0.34298617, -0.34298617, -0.34298617], dtype=float32), array([-0.34452018, -0.34452018, -0.34452018], dtype=float32), array([-0.34625396, -0.34625396, -0.34625396], dtype=float32), array([-0.3476232, -0.3476232, -0.3476232], dtype=float32), array([-0.34915188, -0.34915188, -0.34915188], dtype=float32), array([-0.35022253, -0.35022253, -0.35022253], dtype=float32), array([-0.35125154, -0.35125154, -0.35125154], dtype=float32), array([-0.35232443, -0.35232443, -0.35232443], dtype=float32)]","[array([-0.3489575, -0.3489575, -0.3489575], dtype=float32), array([-0.34402272, -0.34402272, -0.34402272], dtype=float32), array([-0.33986476, -0.33986476, -0.33986476], dtype=float32), array([-0.3364593, -0.3364593, -0.3364593], dtype=float32), array([-0.33337688, -0.33337688, -0.33337688], dtype=float32), array([-0.3310533, -0.3310533, -0.3310533], dtype=float32), array([-0.3293328, -0.3293328, -0.3293328], dtype=float32), array([-0.32794634, -0.32794634, -0.32794634], dtype=float32), array([-0.32694024, -0.32694024, -0.32694024], dtype=float32), array([-0.326557, -0.326557, -0.326557], dtype=float32), array([-0.32606143, -0.32606143, -0.32606143], dtype=float32), array([-0.32689855, -0.32689855, -0.32689855], dtype=float32), array([-0.32777116, -0.32777116, -0.32777116], dtype=float32), array([-0.32894823, -0.32894823, -0.32894823], dtype=float32), array([-0.33015588, -0.33015588, -0.33015588], dtype=float32), array([-0.33114433, -0.33114433, -0.33114433], dtype=float32), array([-0.33255032, -0.33255032, -0.33255032], dtype=float32), array([-0.3343526, -0.3343526, -0.3343526], dtype=float32), array([-0.33572385, -0.33572385, -0.33572385], dtype=float32), array([-0.33704582, -0.33704582, -0.33704582], dtype=float32), array([-0.33846134, -0.33846134, -0.33846134], dtype=float32), array([-0.33988127, -0.33988127, -0.33988127], dtype=float32), array([-0.34131238, -0.34131238, -0.34131238], dtype=float32), array([-0.34298614, -0.34298614, -0.34298614], dtype=float32), array([-0.34452012, -0.34452012, -0.34452012], dtype=float32), array([-0.3462539, -0.3462539, -0.3462539], dtype=float32), array([-0.3476233, -0.3476233, -0.3476233], dtype=float32), array([-0.34915194, -0.34915194, -0.34915194], dtype=float32), array([-0.35022256, -0.35022256, -0.35022256], dtype=float32), array([-0.35125157, -0.35125157, -0.35125157], dtype=float32), array([-0.35232446, -0.35232446, -0.35232446], dtype=float32)]",1,0,0,0,0,0,54.994696969696975,59.93030303030303,0.0001592366337098588,2000,0.0003659532506997097,9.39,44000,9.39,44000,2000,0.3330122647932392,-0.021187838166952133,681318,-0.0016753673553466797,0.0013802934991,0.011554948054254055,81158,30969,83.90731811523438,0.4722185432910919,22.0,0.0007923851371742785,1.0,0.32789546251296997,999.0,0.0,0.09612218290567398,343.54724858343707,0.0,999.0,681318,0.0013802934991,23810,30969,0.0393447157605,0.0,22.0,1.0,343.5476992186816,2046000,93000,104968,61938,0,1362636,1031.6804598097058,6358912.095594157,6481208.068711403,10.5,50,22.0,-10.5,1.0067001111073648,0.0016226453796843998,0.00010781108640839029,0.0003150928663939475,1.0067001111073648,100,0.18757819764703595,9.74,2,1100,2.0,4.997998123721747e-05,2,44100,0.00016969067621736404,0.00039370835711367467,2200,100,9.74,2200,100,9.74,6.782802833881438e-06,7.655790207618358e-06,4.248457889763064e-05,3.342434510813797e-05,2.073759307495739e-05,2.9196655421111708e-05,4.8607697204167965e-05,1.642059049200106e-05,2.9288392548854138e-05,2.2508715575331074e-05,0.00015344139465947026,0.05498358185979141,0.006475133201837541,0.05434437619820745,0.1691707277020531,0.03121222407739091,0.015904119212344803,0.00016438406793307874,2377452,661.0,108066,0.0,498.0,682.0,89.63493347167969,0.013996897265315056,0.4722185730934143,661.0,108066,0.3032617,498.0,1.0,0.09504079073667526,682.0,-0.04805732145905495,2377452,-0.012928605079650879,651000,4754904,14322000,216132,10407.184288458553,7.894810594605398e-06,4.67945694944739e-05,3.532623519493059e-05,2.1090139787944586e-05,6.950245839378514e-06,5.1990881732339806e-05,1.7248800649728992e-05,3.10384746376571e-05,2.362539229550123e-05,0.00016641547014016207,3.122718899852593e-05
1,46000,False,23,d1e1b_00000,2025-08-17_21-05-26,1755464726,91.97900390625,2167.9373259544373,685847,intrinsic-attention2,10.156.0.3,2167.9373259544373,23,92.29514719644962,1.628205235601201e-05,92.29487713835753,2.9038795736338163,89.04511608759722,0.002001030001027689,0.001609636100620264,9.87,22.0,-9.5,4.871220247398394e-05,0.00010667804801016892,0.0002576240076450631,1.0067001111073661,2,2000,2,23000,2.8729432360932643,1.0067001111073661,46000,2.0,10.5,1000,485.8722188357955,2000.0,3000.0,"[array([[4.21861589e-01, 1.03925995e-04, 5.78034461e-01],
       [1.34020820e-01, 5.62322520e-23, 8.65979195e-01],
       [4.36085254e-01, 5.06613636e-04, 5.63408136e-01]], dtype=float32), array([[5.6299955e-01, 6.5637957e-03, 4.3043661e-01],
       [9.6364516e-01, 2.4150263e-24, 3.6354806e-02],
       [6.1041147e-01, 3.5116635e-04, 3.8923734e-01]], dtype=float32), array([[2.13951822e-02, 9.53148007e-01, 2.54567824e-02],
       [8.84988129e-01, 3.89152127e-20, 1.15011804e-01],
       [1.44071281e-01, 7.01033890e-01, 1.54894903e-01]], dtype=float32), array([[4.5991984e-01, 2.0050468e-04, 5.3987968e-01],
       [2.6200259e-01, 5.0967328e-23, 7.3799735e-01],
       [4.6429357e-01, 4.8570216e-04, 5.3522074e-01]], dtype=float32), array([[3.4251347e-01, 3.1383756e-01, 3.4364900e-01],
       [1.7519727e-01, 2.9467146e-19, 8.2480270e-01],
       [1.6010931e-01, 6.8838125e-01, 1.5150934e-01]], dtype=float32), array([[4.2220944e-01, 1.0645379e-04, 5.7768410e-01],
       [1.3489890e-01, 6.3369228e-23, 8.6510104e-01],
       [4.3635073e-01, 5.1566132e-04, 5.6313360e-01]], dtype=float32), array([[3.9792353e-01, 1.8712400e-01, 4.1495243e-01],
       [9.6847177e-02, 3.3649064e-19, 9.0315282e-01],
       [1.6316658e-01, 6.8617779e-01, 1.5065558e-01]], dtype=float32), array([[4.22367454e-01, 1.07538785e-04, 5.77525020e-01],
       [1.35297224e-01, 6.65593311e-23, 8.64702761e-01],
       [4.36470330e-01, 5.19430090e-04, 5.63010216e-01]], dtype=float32), array([[4.2244050e-01, 1.0802501e-04, 5.7745141e-01],
       [1.3545367e-01, 6.7574879e-23, 8.6454630e-01],
       [4.3652746e-01, 5.2121608e-04, 5.6295127e-01]], dtype=float32), array([[9.5915627e-03, 9.7772515e-01, 1.2683328e-02],
       [9.3856537e-01, 2.3744817e-20, 6.1434653e-02],
       [1.3988821e-01, 7.0585209e-01, 1.5425973e-01]], dtype=float32), array([[3.9719713e-01, 1.8890242e-01, 4.1390035e-01],
       [9.7388521e-02, 3.4821298e-19, 9.0261155e-01],
       [1.6251908e-01, 6.8744701e-01, 1.5003388e-01]], dtype=float32), array([[2.0993982e-02, 9.5398384e-01, 2.5022179e-02],
       [8.8536137e-01, 4.4080994e-20, 1.1463859e-01],
       [1.4259684e-01, 7.0394057e-01, 1.5346256e-01]], dtype=float32), array([[4.22687441e-01, 1.09079025e-04, 5.77203393e-01],
       [1.35893345e-01, 6.73948484e-23, 8.64106655e-01],
       [4.36719209e-01, 5.24787698e-04, 5.62756062e-01]], dtype=float32), array([[9.5187658e-03, 9.7788543e-01, 1.2595851e-02],
       [9.3880051e-01, 2.3026971e-20, 6.1199471e-02],
       [1.3958667e-01, 7.0644599e-01, 1.5396735e-01]], dtype=float32), array([[3.4091973e-01, 3.1723341e-01, 3.4184688e-01],
       [1.7623751e-01, 3.0861424e-19, 8.2376248e-01],
       [1.5913998e-01, 6.9028783e-01, 1.5057227e-01]], dtype=float32), array([[3.9731476e-01, 1.8862115e-01, 4.1406408e-01],
       [9.7235352e-02, 3.3705757e-19, 9.0276462e-01],
       [1.6253482e-01, 6.8741578e-01, 1.5004942e-01]], dtype=float32), array([[3.9731023e-01, 1.8862993e-01, 4.1405979e-01],
       [9.7233109e-02, 3.3826533e-19, 9.0276682e-01],
       [1.6252592e-01, 6.8743479e-01, 1.5003933e-01]], dtype=float32), array([[4.6024784e-01, 2.0624613e-04, 5.3954589e-01],
       [2.6318771e-01, 5.4225825e-23, 7.3681229e-01],
       [4.6457323e-01, 4.9716834e-04, 5.3492963e-01]], dtype=float32), array([[2.09674854e-02, 9.54044044e-01, 2.49884799e-02],
       [8.85569990e-01, 4.06332960e-20, 1.14430025e-01],
       [1.42663702e-01, 7.03815758e-01, 1.53520584e-01]], dtype=float32), array([[4.6018893e-01, 2.0517322e-04, 5.3960586e-01],
       [2.6279873e-01, 5.1241246e-23, 7.3720133e-01],
       [4.6452740e-01, 4.9547176e-04, 5.3497714e-01]], dtype=float32), array([[3.4128663e-01, 3.1645185e-01, 3.4226158e-01],
       [1.7538562e-01, 2.7492097e-19, 8.2461435e-01],
       [1.5890186e-01, 6.9077283e-01, 1.5032533e-01]], dtype=float32), array([[4.22425956e-01, 1.07060056e-04, 5.77467024e-01],
       [1.34891003e-01, 5.67270256e-23, 8.65108967e-01],
       [4.36544776e-01, 5.19059424e-04, 5.62936127e-01]], dtype=float32), array([[4.2238665e-01, 1.0669250e-04, 5.7750660e-01],
       [1.3473590e-01, 5.5004374e-23, 8.6526418e-01],
       [4.3651810e-01, 5.1789824e-04, 5.6296408e-01]], dtype=float32), array([[5.6258142e-01, 6.7528407e-03, 4.3066570e-01],
       [9.6404946e-01, 2.1993424e-24, 3.5950515e-02],
       [6.1036777e-01, 3.5689765e-04, 3.8927531e-01]], dtype=float32), array([[5.6261885e-01, 6.7377989e-03, 4.3064335e-01],
       [9.6409100e-01, 2.1473240e-24, 3.5908997e-02],
       [6.1040890e-01, 3.5571825e-04, 3.8923535e-01]], dtype=float32), array([[3.4150895e-01, 3.1597832e-01, 3.4251276e-01],
       [1.7461765e-01, 2.4210292e-19, 8.2538241e-01],
       [1.5856640e-01, 6.9144678e-01, 1.4998680e-01]], dtype=float32), array([[5.6114846e-01, 1.3559243e-02, 4.2529231e-01],
       [9.8403889e-01, 8.9944934e-25, 1.5961114e-02],
       [6.3704187e-01, 3.2943263e-04, 3.6262870e-01]], dtype=float32), array([[3.9783281e-01, 1.8736865e-01, 4.1479856e-01],
       [9.5788740e-02, 2.5285477e-19, 9.0421122e-01],
       [1.6163719e-01, 6.8921745e-01, 1.4914536e-01]], dtype=float32), array([[4.2214057e-01, 1.0415852e-04, 5.7775527e-01],
       [1.3395000e-01, 4.6652051e-23, 8.6605000e-01],
       [4.3633217e-01, 5.0859118e-04, 5.6315923e-01]], dtype=float32), array([[3.4135625e-01, 3.1630328e-01, 3.4234053e-01],
       [1.7422675e-01, 2.2483134e-19, 8.2577330e-01],
       [1.5810512e-01, 6.9236845e-01, 1.4952649e-01]], dtype=float32), array([[3.4137151e-01, 3.1627050e-01, 3.4235805e-01],
       [1.7412637e-01, 2.2331485e-19, 8.2587361e-01],
       [1.5804656e-01, 6.9248784e-01, 1.4946555e-01]], dtype=float32)]","[array([-0.35359335, -0.35359335, -0.35359335], dtype=float32), array([-0.35462573, -0.35462573, -0.35462573], dtype=float32), array([-0.3555138, -0.3555138, -0.3555138], dtype=float32), array([-0.35609096, -0.35609096, -0.35609096], dtype=float32), array([-0.35660574, -0.35660574, -0.35660574], dtype=float32), array([-0.3568519, -0.3568519, -0.3568519], dtype=float32), array([-0.35682282, -0.35682282, -0.35682282], dtype=float32), array([-0.35658148, -0.35658148, -0.35658148], dtype=float32), array([-0.3555955, -0.3555955, -0.3555955], dtype=float32), array([-0.35404268, -0.35404268, -0.35404268], dtype=float32), array([-0.35259843, -0.35259843, -0.35259843], dtype=float32), array([-0.351296, -0.351296, -0.351296], dtype=float32), array([-0.3498278, -0.3498278, -0.3498278], dtype=float32), array([-0.34811667, -0.34811667, -0.34811667], dtype=float32), array([-0.34608874, -0.34608874, -0.34608874], dtype=float32), array([-0.344001, -0.344001, -0.344001], dtype=float32), array([-0.3417771, -0.3417771, -0.3417771], dtype=float32), array([-0.33926117, -0.33926117, -0.33926117], dtype=float32), array([-0.3365826, -0.3365826, -0.3365826], dtype=float32), array([-0.3334403, -0.3334403, -0.3334403], dtype=float32), array([-0.33052853, -0.33052853, -0.33052853], dtype=float32), array([-0.3279443, -0.3279443, -0.3279443], dtype=float32), array([-0.32534838, -0.32534838, -0.32534838], dtype=float32), array([-0.3228771, -0.3228771, -0.3228771], dtype=float32), array([-0.32024112, -0.32024112, -0.32024112], dtype=float32), array([-0.31757408, -0.31757408, -0.31757408], dtype=float32), array([-0.31515872, -0.31515872, -0.31515872], dtype=float32), array([-0.3123111, -0.3123111, -0.3123111], dtype=float32), array([-0.3091812, -0.3091812, -0.3091812], dtype=float32), array([-0.30628866, -0.30628866, -0.30628866], dtype=float32), array([-0.3032968, -0.3032968, -0.3032968], dtype=float32)]","[array([-0.35359335, -0.35359335, -0.35359335], dtype=float32), array([-0.35462573, -0.35462573, -0.35462573], dtype=float32), array([-0.35551375, -0.35551375, -0.35551375], dtype=float32), array([-0.356091, -0.356091, -0.356091], dtype=float32), array([-0.35660568, -0.35660568, -0.35660568], dtype=float32), array([-0.35685194, -0.35685194, -0.35685194], dtype=float32), array([-0.35682282, -0.35682282, -0.35682282], dtype=float32), array([-0.3565815, -0.3565815, -0.3565815], dtype=float32), array([-0.35559556, -0.35559556, -0.35559556], dtype=float32), array([-0.35404268, -0.35404268, -0.35404268], dtype=float32), array([-0.35259837, -0.35259837, -0.35259837], dtype=float32), array([-0.35129598, -0.35129598, -0.35129598], dtype=float32), array([-0.3498278, -0.3498278, -0.3498278], dtype=float32), array([-0.34811673, -0.34811673, -0.34811673], dtype=float32), array([-0.34608883, -0.34608883, -0.34608883], dtype=float32), array([-0.34400097, -0.34400097, -0.34400097], dtype=float32), array([-0.34177706, -0.34177706, -0.34177706], dtype=float32), array([-0.33926108, -0.33926108, -0.33926108], dtype=float32), array([-0.33658263, -0.33658263, -0.33658263], dtype=float32), array([-0.3334403, -0.3334403, -0.3334403], dtype=float32), array([-0.33052853, -0.33052853, -0.33052853], dtype=float32), array([-0.3279443, -0.3279443, -0.3279443], dtype=float32), array([-0.32534838, -0.32534838, -0.32534838], dtype=float32), array([-0.32287714, -0.32287714, -0.32287714], dtype=float32), array([-0.32024103, -0.32024103, -0.32024103], dtype=float32), array([-0.31757405, -0.31757405, -0.31757405], dtype=float32), array([-0.3151588, -0.3151588, -0.3151588], dtype=float32), array([-0.31231114, -0.31231114, -0.31231114], dtype=float32), array([-0.3091812, -0.3091812, -0.3091812], dtype=float32), array([-0.3062887, -0.3062887, -0.3062887], dtype=float32), array([-0.3032968, -0.3032968, -0.3032968], dtype=float32)]",1,0,0,0,0,0,55.76136363636363,60.04090909090909,0.00016522275153554405,2000,0.00038361542353029625,9.87,46000,9.87,46000,2000,0.33562836686540765,-0.031010080128908157,712287,-0.00048744678497314453,0.0013802934991,0.0014062364352867007,81158,30969,70.14664459228516,0.4722185432910919,23.0,0.00039619256858713925,1.0,0.3180769681930542,999.0,0.0,0.08756817132234573,343.57942220844006,0.0,999.0,712287,0.0013802934991,23810,30969,0.0393447157605,0.0,23.0,1.0,343.5798485165968,2139000,93000,104968,61938,0,1424574,1031.7767187338454,6348015.270773787,6479791.029900047,10.5,50,23.0,-10.5,1.0067001111073661,0.002060450759745436,0.00016170366020624863,0.0003138925576469053,1.0067001111073661,100,0.18770601456057096,9.74,2,1150,2.0,6.209870597879013e-05,2,46100,0.00023525867979749002,0.0005323793364140499,2300,100,9.74,2300,100,9.74,7.076504309159239e-06,8.115779543337013e-06,4.4429110332856374e-05,3.448854636660088e-05,2.137357185572202e-05,3.0459968052625634e-05,5.084080399279815e-05,1.7112044592092864e-05,3.0227946107853093e-05,2.312216121733191e-05,0.00016231635780669407,0.05499353409120709,0.006479163229697068,0.0545217301861892,0.16926028746494695,0.03352376843673749,0.01592194004023777,0.00016465641719369574,2485518,691.0,108066,0.0,498.0,713.0,90.0287094116211,0.0016987721901386976,0.4722185730934143,691.0,108066,0.31137815,498.0,1.0,0.09055999666452408,713.0,-0.03797595575451851,2485518,-0.009519219398498535,651000,4971036,14973000,216132,10362.713284940128,1.0262114816263604e-05,6.35744800191996e-05,4.872481087433569e-05,2.8341122080051324e-05,9.394700290286406e-06,7.31119215985329e-05,2.4580651451564875e-05,4.353417604984952e-05,3.114480880888931e-05,0.00021250927357523502,4.473775533906507e-05
1,48000,False,24,d1e1b_00000,2025-08-17_21-06-59,1755464819,93.01559257507324,2260.9529185295105,685847,intrinsic-attention2,10.156.0.3,2260.9529185295105,24,92.30028160482506,1.6238361814064677e-05,92.3000105955339,2.90221701004746,89.0495663197213,0.0019991869410678005,0.0015998358096112498,10.02,23.0,9.5,4.8195263323291254e-05,0.00010330052527293668,0.0002576240076450631,1.0067001111073661,2,2000,2,24000,2.871288077072299,1.0067001111073661,48000,2.0,10.5,1000,473.14905132144713,2000.0,3000.0,"[array([[3.4141579e-01, 3.1617603e-01, 3.4240818e-01],
       [1.7410171e-01, 2.2381189e-19, 8.2589823e-01],
       [1.5807649e-01, 6.9242954e-01, 1.4949401e-01]], dtype=float32), array([[5.6299758e-01, 6.5962500e-03, 4.3040615e-01],
       [9.6438062e-01, 1.8317547e-24, 3.5619322e-02],
       [6.1079282e-01, 3.4574012e-04, 3.8886151e-01]], dtype=float32), array([[9.2591234e-03, 9.7847098e-01, 1.2269908e-02],
       [9.3974644e-01, 1.6773404e-20, 6.0253561e-02],
       [1.3856871e-01, 7.0850664e-01, 1.5292463e-01]], dtype=float32), array([[4.6018380e-01, 2.0023521e-04, 5.3961599e-01],
       [2.6267329e-01, 4.2786011e-23, 7.3732680e-01],
       [4.6451530e-01, 4.8383776e-04, 5.3500092e-01]], dtype=float32), array([[9.2542525e-03, 9.7847682e-01, 1.2268899e-02],
       [9.3948543e-01, 1.9337185e-20, 6.0514532e-02],
       [1.3810000e-01, 7.0942742e-01, 1.5247262e-01]], dtype=float32), array([[5.6254327e-01, 6.8127224e-03, 4.3064401e-01],
       [9.6408170e-01, 2.4079131e-24, 3.5918240e-02],
       [6.1046016e-01, 3.5979951e-04, 3.8918000e-01]], dtype=float32), array([[3.3890674e-01, 3.2151470e-01, 3.3957863e-01],
       [1.7661297e-01, 2.9085837e-19, 8.2338703e-01],
       [1.5723754e-01, 6.9406188e-01, 1.4870062e-01]], dtype=float32), array([[5.6245464e-01, 6.8633910e-03, 4.3068191e-01],
       [9.6403575e-01, 2.5700589e-24, 3.5964273e-02],
       [6.1041898e-01, 3.6290125e-04, 3.8921809e-01]], dtype=float32), array([[5.6243211e-01, 6.8807979e-03, 4.3068710e-01],
       [9.6403742e-01, 2.6227036e-24, 3.5962570e-02],
       [6.1042446e-01, 3.6380251e-04, 3.8921180e-01]], dtype=float32), array([[4.6063441e-01, 2.0848108e-04, 5.3915709e-01],
       [2.6480871e-01, 5.3377320e-23, 7.3519129e-01],
       [4.6488777e-01, 4.9907778e-04, 5.3461313e-01]], dtype=float32), array([[2.0163525e-02, 9.5574063e-01, 2.4095824e-02],
       [8.8642567e-01, 4.1793029e-20, 1.1357425e-01],
       [1.3966548e-01, 7.0978177e-01, 1.5055278e-01]], dtype=float32), array([[9.0957601e-03, 9.7882366e-01, 1.2080658e-02],
       [9.3938011e-01, 2.2456152e-20, 6.0619857e-02],
       [1.3634811e-01, 7.1291280e-01, 1.5073912e-01]], dtype=float32), array([[2.0034200e-02, 9.5601475e-01, 2.3951011e-02],
       [8.8648272e-01, 4.2287421e-20, 1.1351724e-01],
       [1.3908997e-01, 7.1093178e-01, 1.4997831e-01]], dtype=float32), array([[4.6072188e-01, 2.0783377e-04, 5.3907031e-01],
       [2.6528355e-01, 5.2758197e-23, 7.3471642e-01],
       [4.6495393e-01, 4.9646647e-04, 5.3454953e-01]], dtype=float32), array([[3.3686069e-01, 3.2585889e-01, 3.3728039e-01],
       [1.7725770e-01, 2.9542706e-19, 8.2274228e-01],
       [1.5553044e-01, 6.9744915e-01, 1.4702037e-01]], dtype=float32), array([[4.6063891e-01, 2.0467023e-04, 5.3915638e-01],
       [2.6493007e-01, 4.8675697e-23, 7.3506993e-01],
       [4.6488100e-01, 4.8964267e-04, 5.3462934e-01]], dtype=float32), array([[5.6273603e-01, 6.7748991e-03, 4.3048906e-01],
       [9.6431988e-01, 2.3051947e-24, 3.5680179e-02],
       [6.1077493e-01, 3.5565367e-04, 3.8886943e-01]], dtype=float32), array([[1.99430715e-02, 9.56216395e-01, 2.38405000e-02],
       [8.86744082e-01, 3.72306853e-20, 1.13255866e-01],
       [1.38869345e-01, 7.11392879e-01, 1.49737790e-01]], dtype=float32), array([[5.6276399e-01, 6.7589437e-03, 4.3047708e-01],
       [9.6433008e-01, 2.2622797e-24, 3.5669938e-02],
       [6.1078590e-01, 3.5472718e-04, 3.8885933e-01]], dtype=float32), array([[3.9500999e-01, 1.9416262e-01, 4.1082743e-01],
       [9.7159974e-02, 2.9857307e-19, 9.0284002e-01],
       [1.5840019e-01, 6.9564116e-01, 1.4595865e-01]], dtype=float32), array([[8.9758439e-03, 9.7909755e-01, 1.1926684e-02],
       [9.3957603e-01, 1.9982341e-20, 6.0423926e-02],
       [1.3540174e-01, 7.1483767e-01, 1.4976056e-01]], dtype=float32), array([[4.6044916e-01, 2.0176443e-04, 5.3934908e-01],
       [2.6411703e-01, 4.6136546e-23, 7.3588294e-01],
       [4.6472302e-01, 4.8437476e-04, 5.3479260e-01]], dtype=float32), array([[3.3698627e-01, 3.2559121e-01, 3.3742255e-01],
       [1.7603654e-01, 2.6572864e-19, 8.2396346e-01],
       [1.5476556e-01, 6.9900143e-01, 1.4623296e-01]], dtype=float32), array([[1.9871900e-02, 9.5637840e-01, 2.3749704e-02],
       [8.8649577e-01, 3.5413544e-20, 1.1350424e-01],
       [1.3822985e-01, 7.1270365e-01, 1.4906655e-01]], dtype=float32), array([[4.6029577e-01, 1.9904024e-04, 5.3950512e-01],
       [2.6329720e-01, 4.1817523e-23, 7.3670280e-01],
       [4.6459851e-01, 4.7958971e-04, 5.3492182e-01]], dtype=float32), array([[8.9231199e-03, 9.7921991e-01, 1.1856966e-02],
       [9.3980759e-01, 1.7708682e-20, 6.0192354e-02],
       [1.3521788e-01, 7.1522552e-01, 1.4955661e-01]], dtype=float32), array([[8.9034475e-03, 9.7926259e-01, 1.1833945e-02],
       [9.3974400e-01, 1.8408935e-20, 6.0255952e-02],
       [1.3491255e-01, 7.1583366e-01, 1.4925371e-01]], dtype=float32), array([[4.22863275e-01, 1.07907355e-04, 5.77028811e-01],
       [1.35782629e-01, 5.48450685e-23, 8.64217341e-01],
       [4.36861128e-01, 5.19967289e-04, 5.62618852e-01]], dtype=float32), array([[4.23187852e-01, 1.10440546e-04, 5.76701701e-01],
       [1.36499867e-01, 5.99904674e-23, 8.63500059e-01],
       [4.37118620e-01, 5.29549725e-04, 5.62351823e-01]], dtype=float32), array([[4.6048012e-01, 2.1300808e-04, 5.3930688e-01],
       [2.6368430e-01, 5.6086092e-23, 7.3631573e-01],
       [4.6478513e-01, 5.1261624e-04, 5.3470224e-01]], dtype=float32), array([[4.23793733e-01, 1.15266164e-04, 5.76091051e-01],
       [1.37888804e-01, 7.13467891e-23, 8.62111270e-01],
       [4.37595069e-01, 5.47416799e-04, 5.61857522e-01]], dtype=float32)]","[array([-0.30033752, -0.30033752, -0.30033752], dtype=float32), array([-0.29789472, -0.29789472, -0.29789472], dtype=float32), array([-0.29523495, -0.29523495, -0.29523495], dtype=float32), array([-0.2932817, -0.2932817, -0.2932817], dtype=float32), array([-0.2912693, -0.2912693, -0.2912693], dtype=float32), array([-0.28938815, -0.28938815, -0.28938815], dtype=float32), array([-0.28782916, -0.28782916, -0.28782916], dtype=float32), array([-0.28611356, -0.28611356, -0.28611356], dtype=float32), array([-0.28483918, -0.28483918, -0.28483918], dtype=float32), array([-0.2833549, -0.2833549, -0.2833549], dtype=float32), array([-0.2825478, -0.2825478, -0.2825478], dtype=float32), array([-0.281842, -0.281842, -0.281842], dtype=float32), array([-0.28090847, -0.28090847, -0.28090847], dtype=float32), array([-0.27970085, -0.27970085, -0.27970085], dtype=float32), array([-0.2788884, -0.2788884, -0.2788884], dtype=float32), array([-0.2785464, -0.2785464, -0.2785464], dtype=float32), array([-0.27868187, -0.27868187, -0.27868187], dtype=float32), array([-0.2788107, -0.2788107, -0.2788107], dtype=float32), array([-0.2785098, -0.2785098, -0.2785098], dtype=float32), array([-0.2784848, -0.2784848, -0.2784848], dtype=float32), array([-0.2784477, -0.2784477, -0.2784477], dtype=float32), array([-0.27837965, -0.27837965, -0.27837965], dtype=float32), array([-0.27784136, -0.27784136, -0.27784136], dtype=float32), array([-0.27815998, -0.27815998, -0.27815998], dtype=float32), array([-0.27844778, -0.27844778, -0.27844778], dtype=float32), array([-0.27868792, -0.27868792, -0.27868792], dtype=float32), array([-0.27950957, -0.27950957, -0.27950957], dtype=float32), array([-0.27965283, -0.27965283, -0.27965283], dtype=float32), array([-0.2797365, -0.2797365, -0.2797365], dtype=float32), array([-0.28024113, -0.28024113, -0.28024113], dtype=float32), array([-0.2806731, -0.2806731, -0.2806731], dtype=float32)]","[array([-0.30033752, -0.30033752, -0.30033752], dtype=float32), array([-0.29789472, -0.29789472, -0.29789472], dtype=float32), array([-0.29523495, -0.29523495, -0.29523495], dtype=float32), array([-0.2932817, -0.2932817, -0.2932817], dtype=float32), array([-0.2912693, -0.2912693, -0.2912693], dtype=float32), array([-0.28938815, -0.28938815, -0.28938815], dtype=float32), array([-0.28782916, -0.28782916, -0.28782916], dtype=float32), array([-0.28611356, -0.28611356, -0.28611356], dtype=float32), array([-0.28483918, -0.28483918, -0.28483918], dtype=float32), array([-0.28335497, -0.28335497, -0.28335497], dtype=float32), array([-0.28254774, -0.28254774, -0.28254774], dtype=float32), array([-0.28184202, -0.28184202, -0.28184202], dtype=float32), array([-0.28090852, -0.28090852, -0.28090852], dtype=float32), array([-0.27970082, -0.27970082, -0.27970082], dtype=float32), array([-0.27888843, -0.27888843, -0.27888843], dtype=float32), array([-0.2785464, -0.2785464, -0.2785464], dtype=float32), array([-0.2786818, -0.2786818, -0.2786818], dtype=float32), array([-0.2788107, -0.2788107, -0.2788107], dtype=float32), array([-0.27850983, -0.27850983, -0.27850983], dtype=float32), array([-0.2784848, -0.2784848, -0.2784848], dtype=float32), array([-0.2784477, -0.2784477, -0.2784477], dtype=float32), array([-0.27837965, -0.27837965, -0.27837965], dtype=float32), array([-0.27784133, -0.27784133, -0.27784133], dtype=float32), array([-0.27816004, -0.27816004, -0.27816004], dtype=float32), array([-0.27844784, -0.27844784, -0.27844784], dtype=float32), array([-0.27868792, -0.27868792, -0.27868792], dtype=float32), array([-0.27950957, -0.27950957, -0.27950957], dtype=float32), array([-0.27965283, -0.27965283, -0.27965283], dtype=float32), array([-0.2797365, -0.2797365, -0.2797365], dtype=float32), array([-0.28024104, -0.28024104, -0.28024104], dtype=float32), array([-0.28067306, -0.28067306, -0.28067306], dtype=float32)]",1,0,0,0,0,0,55.06363636363636,60.07348484848485,0.00016581993293938822,2000,0.0003789345857573969,10.02,48000,10.02,48000,2000,0.337988698146678,-0.00020018569193780422,743256,-0.006120204925537109,0.0013802934991,0.001082884264178574,81158,30969,71.02996826171875,0.4722185432910919,24.0,0.00019809628429356962,1.0,0.3489235043525696,999.0,0.0,0.0605647973716259,343.5770518258992,0.0,999.0,743256,0.0013802934991,23810,30969,0.0393447157605,0.0,24.0,1.0,343.57745183499316,2232000,93000,104968,61938,0,1486512,1031.7692664606702,6342442.516664978,6485427.233574055,10.5,50,24.0,9.5,1.0067001111073661,0.0023999768510111607,0.00015799206727333653,0.0003129884820328421,1.0067001111073661,100,0.18772473395488354,9.94,2,1200,2.0,6.526074458998004e-05,2,48100,0.00023636904955505843,0.0005433665697119422,2400,100,9.94,2400,100,9.94,7.138800037087451e-06,7.886357422485665e-06,4.558211393372428e-05,3.449120353568512e-05,2.1173624673253725e-05,2.9965655091897536e-05,5.061420368424177e-05,1.70433037240305e-05,2.9695097944138632e-05,2.2874518644487612e-05,0.0001598150503182451,0.05499562246033772,0.006480146497394819,0.05447935289434004,0.1692555452603604,0.03347769526240181,0.018367962739797593,0.0001651170429608833,2593584,721.0,108066,0.0,498.0,744.0,90.2361068725586,0.001054193009622395,0.4722185730934143,721.0,108066,0.330168,498.0,1.0,0.06427720934152603,744.0,-0.01911906711757183,2593584,-0.007821202278137207,651000,5187168,15624000,216132,10313.84501566627,1.0430345151778115e-05,6.376428555251407e-05,4.873454076718036e-05,2.8596753265099464e-05,9.467217444282636e-06,7.345343652158134e-05,2.4420412425280407e-05,4.379069462578207e-05,3.1871065469917465e-05,0.00022223126544277018,4.389629573058645e-05
1,50000,False,25,d1e1b_00000,2025-08-17_21-08-33,1755464913,94.20233297348022,2355.1552515029907,685847,intrinsic-attention2,10.156.0.3,2355.1552515029907,25,92.31775764940676,1.6187188297673778e-05,92.31748586874852,2.900008845977021,89.069363525834,0.0019982850217310985,0.0016117178794229402,10.02,24.0,9.5,4.860021312538438e-05,0.00010512783301704759,0.0002576240076450631,1.0067001111073661,2,2000,2,25000,2.869084352141607,1.0067001111073661,50000,2.0,10.5,1000,460.5372740616521,2000.0,3000.0,"[array([[5.5959874e-01, 1.4400478e-02, 4.2600074e-01],
       [9.8351318e-01, 1.4738385e-24, 1.6486892e-02],
       [6.3556886e-01, 3.6015408e-04, 3.6407095e-01]], dtype=float32), array([[3.3214763e-01, 3.3584177e-01, 3.3201063e-01],
       [1.7973188e-01, 3.7855448e-19, 8.2026809e-01],
       [1.5241468e-01, 7.0362329e-01, 1.4396204e-01]], dtype=float32), array([[5.6114167e-01, 7.4581476e-03, 4.3140024e-01],
       [9.6378285e-01, 3.6884288e-24, 3.6217090e-02],
       [6.0959470e-01, 3.9602784e-04, 3.9000928e-01]], dtype=float32), array([[3.3139044e-01, 3.3744225e-01, 3.3116722e-01],
       [1.8071759e-01, 4.2234157e-19, 8.1928241e-01],
       [1.5234576e-01, 7.0374554e-01, 1.4390874e-01]], dtype=float32), array([[5.6091988e-01, 7.5506801e-03, 4.3152952e-01],
       [9.6372741e-01, 3.8480931e-24, 3.6272574e-02],
       [6.0942650e-01, 4.0134782e-04, 3.9017221e-01]], dtype=float32), array([[5.6082600e-01, 7.5930967e-03, 4.3158093e-01],
       [9.6371919e-01, 3.9147467e-24, 3.6280811e-02],
       [6.0936850e-01, 4.0361079e-04, 3.9022797e-01]], dtype=float32), array([[8.8558346e-03, 9.7934991e-01, 1.1794168e-02],
       [9.3895060e-01, 3.0098653e-20, 6.1049432e-02],
       [1.3320762e-01, 7.1918166e-01, 1.4761078e-01]], dtype=float32), array([[4.6066946e-01, 2.3000072e-04, 5.3910053e-01],
       [2.6389405e-01, 7.5680330e-23, 7.3610598e-01],
       [4.6498421e-01, 5.5336166e-04, 5.3446245e-01]], dtype=float32), array([[4.6064806e-01, 2.3068827e-04, 5.3912127e-01],
       [2.6367643e-01, 7.5047424e-23, 7.3632360e-01],
       [4.6497160e-01, 5.5560080e-04, 5.3447282e-01]], dtype=float32), array([[3.3179024e-01, 3.3659697e-01, 3.3161280e-01],
       [1.8051799e-01, 3.8973418e-19, 8.1948203e-01],
       [1.5261097e-01, 7.0320761e-01, 1.4418137e-01]], dtype=float32), array([[5.6031710e-01, 7.8146933e-03, 4.3186817e-01],
       [9.6389318e-01, 3.7866148e-24, 3.6106888e-02],
       [6.0912293e-01, 4.1288274e-04, 3.9046422e-01]], dtype=float32), array([[3.8896197e-01, 2.0877731e-01, 4.0226075e-01],
       [1.0333495e-01, 4.4345758e-19, 8.9666504e-01],
       [1.5563004e-01, 7.0089346e-01, 1.4347650e-01]], dtype=float32), array([[3.8866213e-01, 2.0949867e-01, 4.0183917e-01],
       [1.0370516e-01, 4.5160711e-19, 8.9629483e-01],
       [1.5557247e-01, 7.0099074e-01, 1.4343677e-01]], dtype=float32), array([[5.5979401e-01, 8.0605606e-03, 4.3214551e-01],
       [9.6383238e-01, 4.2071707e-24, 3.6167625e-02],
       [6.0879999e-01, 4.2611660e-04, 3.9077395e-01]], dtype=float32), array([[3.8797045e-01, 2.1115053e-01, 4.0087900e-01],
       [1.0443481e-01, 4.7053042e-19, 8.9556521e-01],
       [1.5530652e-01, 7.0148820e-01, 1.4320524e-01]], dtype=float32), array([[4.25782233e-01, 1.33288850e-04, 5.74084520e-01],
       [1.41499013e-01, 1.02194456e-22, 8.58500957e-01],
       [4.39239562e-01, 6.18738239e-04, 5.60141742e-01]], dtype=float32), array([[3.87562215e-01, 2.12127641e-01, 4.00310099e-01],
       [1.04849786e-01, 4.75023821e-19, 8.95150185e-01],
       [1.55129805e-01, 7.01817930e-01, 1.43052265e-01]], dtype=float32), array([[5.5944020e-01, 8.2132369e-03, 4.3234646e-01],
       [9.6384490e-01, 4.2588001e-24, 3.6155146e-02],
       [6.0857004e-01, 4.3366686e-04, 3.9099628e-01]], dtype=float32), array([[4.6056163e-01, 2.4328959e-04, 5.3919512e-01],
       [2.6231694e-01, 8.3685861e-23, 7.3768306e-01],
       [4.6495056e-01, 5.8996747e-04, 5.3445947e-01]], dtype=float32), array([[4.6056354e-01, 2.4260861e-04, 5.3919381e-01],
       [2.6229313e-01, 8.1501127e-23, 7.3770690e-01],
       [4.6495175e-01, 5.8839133e-04, 5.3445989e-01]], dtype=float32), array([[3.3094025e-01, 3.3839253e-01, 3.3066723e-01],
       [1.8143126e-01, 4.0086767e-19, 8.1856871e-01],
       [1.5239216e-01, 7.0361519e-01, 1.4399259e-01]], dtype=float32), array([[4.6057284e-01, 2.4285282e-04, 5.3918427e-01],
       [2.6229432e-01, 8.1085763e-23, 7.3770571e-01],
       [4.6496049e-01, 5.8900152e-04, 5.3445041e-01]], dtype=float32), array([[4.6062624e-01, 2.4566223e-04, 5.3912807e-01],
       [2.6251268e-01, 8.6128641e-23, 7.3748726e-01],
       [4.6500817e-01, 5.9526711e-04, 5.3439659e-01]], dtype=float32), array([[5.5633974e-01, 1.6092543e-02, 4.2756769e-01],
       [9.8280138e-01, 2.2245637e-24, 1.7198585e-02],
       [6.3255167e-01, 4.1662238e-04, 3.6703172e-01]], dtype=float32), array([[3.8532150e-01, 2.1742763e-01, 3.9725086e-01],
       [1.0737971e-01, 5.8864297e-19, 8.9262027e-01],
       [1.5450545e-01, 7.0297211e-01, 1.4252236e-01]], dtype=float32), array([[4.6091482e-01, 2.6821526e-04, 5.3881699e-01],
       [2.6359984e-01, 1.3742977e-22, 7.3640013e-01],
       [4.6527842e-01, 6.4702937e-04, 5.3407454e-01]], dtype=float32), array([[3.2510167e-01, 3.5069901e-01, 3.2419938e-01],
       [1.8679203e-01, 7.0839107e-19, 8.1320798e-01],
       [1.5028191e-01, 7.0773762e-01, 1.4198045e-01]], dtype=float32), array([[3.8022897e-01, 2.2930555e-01, 3.9046547e-01],
       [1.1244977e-01, 9.3511683e-19, 8.8755023e-01],
       [1.5249082e-01, 7.0682192e-01, 1.4068721e-01]], dtype=float32), array([[5.5668652e-01, 9.6317744e-03, 4.3368173e-01],
       [9.6246165e-01, 1.2351745e-23, 3.7538368e-02],
       [6.0650706e-01, 5.2536756e-04, 3.9296752e-01]], dtype=float32), array([[5.5627912e-01, 9.8523162e-03, 4.3386859e-01],
       [9.6221197e-01, 1.4640779e-23, 3.7788093e-02],
       [6.0618520e-01, 5.4059178e-04, 3.9327422e-01]], dtype=float32), array([[4.6125367e-01, 3.1307145e-04, 5.3843325e-01],
       [2.6484847e-01, 3.2840433e-22, 7.3515153e-01],
       [4.6561620e-01, 7.5148250e-04, 5.3363234e-01]], dtype=float32)]","[array([nan, nan, nan], dtype=float32), array([-0.2811411, -0.2811411, -0.2811411], dtype=float32), array([nan, nan, nan], dtype=float32), array([-0.28151003, -0.28151003, -0.28151003], dtype=float32), array([-0.28174096, -0.28174096, -0.28174096], dtype=float32), array([-0.2820463, -0.2820463, -0.2820463], dtype=float32), array([-0.2821487, -0.2821487, -0.2821487], dtype=float32), array([nan, nan, nan], dtype=float32), array([-0.2823458, -0.2823458, -0.2823458], dtype=float32), array([-0.28258735, -0.28258735, -0.28258735], dtype=float32), array([-0.2827626, -0.2827626, -0.2827626], dtype=float32), array([-0.28310817, -0.28310817, -0.28310817], dtype=float32), array([nan, nan, nan], dtype=float32), array([-0.28380322, -0.28380322, -0.28380322], dtype=float32), array([-0.28429082, -0.28429082, -0.28429082], dtype=float32), array([-0.28470477, -0.28470477, -0.28470477], dtype=float32), array([-0.28507015, -0.28507015, -0.28507015], dtype=float32), array([-0.28553033, -0.28553033, -0.28553033], dtype=float32), array([-0.28611788, -0.28611788, -0.28611788], dtype=float32), array([-0.28664774, -0.28664774, -0.28664774], dtype=float32), array([-0.28720853, -0.28720853, -0.28720853], dtype=float32), array([-0.28771985, -0.28771985, -0.28771985], dtype=float32), array([-0.2879828, -0.2879828, -0.2879828], dtype=float32), array([-0.28861246, -0.28861246, -0.28861246], dtype=float32), array([-0.28926608, -0.28926608, -0.28926608], dtype=float32), array([-0.28984046, -0.28984046, -0.28984046], dtype=float32), array([nan, nan, nan], dtype=float32), array([nan, nan, nan], dtype=float32), array([-0.29163983, -0.29163983, -0.29163983], dtype=float32), array([-0.29213825, -0.29213825, -0.29213825], dtype=float32), array([-0.29281896, -0.29281896, -0.29281896], dtype=float32)]","[array([-0.28092316, -0.28092316, -0.28092316], dtype=float32), array([-0.28114104, -0.28114104, -0.28114104], dtype=float32), array([-0.28133512, -0.28133512, -0.28133512], dtype=float32), array([-0.28151006, -0.28151006, -0.28151006], dtype=float32), array([-0.28174093, -0.28174093, -0.28174093], dtype=float32), array([-0.2820463, -0.2820463, -0.2820463], dtype=float32), array([-0.28214866, -0.28214866, -0.28214866], dtype=float32), array([-0.2822166, -0.2822166, -0.2822166], dtype=float32), array([-0.2823458, -0.2823458, -0.2823458], dtype=float32), array([-0.2825873, -0.2825873, -0.2825873], dtype=float32), array([-0.28276256, -0.28276256, -0.28276256], dtype=float32), array([-0.2831082, -0.2831082, -0.2831082], dtype=float32), array([-0.28340673, -0.28340673, -0.28340673], dtype=float32), array([-0.28380322, -0.28380322, -0.28380322], dtype=float32), array([-0.28429082, -0.28429082, -0.28429082], dtype=float32), array([-0.28470474, -0.28470474, -0.28470474], dtype=float32), array([-0.28507018, -0.28507018, -0.28507018], dtype=float32), array([-0.28553033, -0.28553033, -0.28553033], dtype=float32), array([-0.28611788, -0.28611788, -0.28611788], dtype=float32), array([-0.28664777, -0.28664777, -0.28664777], dtype=float32), array([-0.28720853, -0.28720853, -0.28720853], dtype=float32), array([-0.2877198, -0.2877198, -0.2877198], dtype=float32), array([-0.2879828, -0.2879828, -0.2879828], dtype=float32), array([-0.28861243, -0.28861243, -0.28861243], dtype=float32), array([-0.28926608, -0.28926608, -0.28926608], dtype=float32), array([-0.28984046, -0.28984046, -0.28984046], dtype=float32), array([-0.2903619, -0.2903619, -0.2903619], dtype=float32), array([-0.29110453, -0.29110453, -0.29110453], dtype=float32), array([-0.29163983, -0.29163983, -0.29163983], dtype=float32), array([-0.29213825, -0.29213825, -0.29213825], dtype=float32), array([-0.292819, -0.292819, -0.292819], dtype=float32)]",1,0,0,0,0,0,55.22222222222222,60.05777777777779,0.00016515718191324554,2000,0.0003802570608176413,10.02,50000,10.02,50000,2000,0.33789275250526185,-0.019177334383130074,774225,-0.004668831825256348,0.0013802934991,0.0019583930261433125,81158,30969,74.18586730957031,0.4722185432910919,25.0,9.904814214678481e-05,1.0,0.329953134059906,999.0,0.0,0.055616579949855804,343.2196558128743,0.0,999.0,774225,0.0013802934991,23810,30969,0.0393447157605,0.0,25.0,1.0,343.22003431080987,2325000,93000,104968,61938,0,1548450,1030.695676137598,6319045.351288577,6474672.293024213,10.5,50,25.0,9.5,1.0067001111073661,0.002015737090696348,0.0001221151709344401,0.00031153036721800055,1.0067001111073661,100,0.18723383128536172,9.94,2,1250,2.0,5.375493366915599e-05,2,50100,0.000184277191595185,0.00043160283665615257,2500,100,9.94,2500,100,9.94,7.008429612090369e-06,7.889361104165799e-06,4.4689888229660625e-05,3.4867007143201175e-05,2.135620294282086e-05,3.031015242101612e-05,5.0734674966998884e-05,1.7126271042985878e-05,3.0083408837836266e-05,2.3223505333029464e-05,0.000158375993338992,0.05496790509572845,0.006480470082444069,0.05442078857532449,0.16929715766773368,0.03344295357982517,0.018347596272409766,0.00016508257255980945,2701650,751.0,108066,0.0,498.0,775.0,89.90544891357422,0.001626658020541072,0.4722185730934143,751.0,108066,0.34769085,498.0,1.0,0.053940076380968094,775.0,-0.001702193752862513,2701650,-0.07836699485778809,651000,5403300,16275000,216132,10263.419603012655,8.423640215619289e-06,5.036447913081652e-05,3.815044311136591e-05,2.284757222739821e-05,7.419931921446839e-06,5.713694218165845e-05,1.88761301658513e-05,3.415563323871332e-05,2.5272145959766085e-05,0.00018307148408616887,3.383403829654707e-05
1,52000,False,26,d1e1b_00000,2025-08-17_21-10-07,1755465007,93.84684729576111,2449.002098798752,685847,intrinsic-attention2,10.156.0.3,2449.002098798752,26,92.33097588400273,1.6179036444326807e-05,92.33070216438104,2.899683320567259,89.08272452354574,0.0019980730915575987,0.0015949253698636311,9.95,25.0,9.5,4.8224316904150055e-05,0.00010424874503148732,0.0002576240076450631,1.0067001111073661,2,2000,2,26000,2.8687484826101084,1.0067001111073661,52000,2.0,10.5,1000,448.0567428400852,2000.0,3000.0,"[array([[5.5231994e-01, 1.8379122e-02, 4.2930087e-01],
       [9.8063135e-01, 9.3982790e-24, 1.9368609e-02],
       [6.2772727e-01, 5.3079473e-04, 3.7174192e-01]], dtype=float32), array([[4.6128735e-01, 3.2036283e-04, 5.3839225e-01],
       [2.6491290e-01, 3.7060090e-22, 7.3508710e-01],
       [4.6565428e-01, 7.6885195e-04, 5.3357685e-01]], dtype=float32), array([[8.7494962e-03, 9.7954112e-01, 1.1709381e-02],
       [9.3631279e-01, 1.1750198e-19, 6.3687235e-02],
       [1.2814815e-01, 7.2917634e-01, 1.4267549e-01]], dtype=float32), array([[3.1747070e-01, 3.6671072e-01, 3.1581864e-01],
       [1.9387871e-01, 1.5294261e-18, 8.0612129e-01],
       [1.4765598e-01, 7.1286482e-01, 1.3947918e-01]], dtype=float32), array([[5.5161643e-01, 1.8807536e-02, 4.2957607e-01],
       [9.8038381e-01, 1.0923835e-23, 1.9616168e-02],
       [6.2704837e-01, 5.4930197e-04, 3.7240231e-01]], dtype=float32), array([[8.7650372e-03, 9.7950500e-01, 1.1729972e-02],
       [9.3634582e-01, 1.1810878e-19, 6.3654147e-02],
       [1.2836981e-01, 7.2872370e-01, 1.4290650e-01]], dtype=float32), array([[3.7445623e-01, 2.4261281e-01, 3.8293090e-01],
       [1.1880903e-01, 1.5801219e-18, 8.8119102e-01],
       [1.5100260e-01, 7.0957518e-01, 1.3942222e-01]], dtype=float32), array([[8.7754494e-03, 9.7948301e-01, 1.1741528e-02],
       [9.3653107e-01, 1.1020119e-19, 6.3468985e-02],
       [1.2876090e-01, 7.2794032e-01, 1.4329872e-01]], dtype=float32), array([[4.6125871e-01, 3.2142238e-04, 5.3841990e-01],
       [2.6448905e-01, 3.5375683e-22, 7.3551095e-01],
       [4.6564054e-01, 7.7301468e-04, 5.3358650e-01]], dtype=float32), array([[3.1988856e-01, 3.6164328e-01, 3.1846818e-01],
       [1.9252349e-01, 1.3136200e-18, 8.0747652e-01],
       [1.4908153e-01, 7.1004260e-01, 1.4087582e-01]], dtype=float32), array([[5.5197245e-01, 1.8585075e-02, 4.2944247e-01],
       [9.8071164e-01, 8.7145456e-24, 1.9288389e-02],
       [6.2756890e-01, 5.3416530e-04, 3.7189695e-01]], dtype=float32), array([[8.88287928e-03, 9.79247034e-01, 1.18700955e-02],
       [9.36831534e-01, 9.40252325e-20, 6.31684363e-02],
       [1.30307198e-01, 7.24845171e-01, 1.44847557e-01]], dtype=float32), array([[1.7594796e-02, 9.6100664e-01, 2.1398529e-02],
       [8.9210314e-01, 1.5819020e-19, 1.0789688e-01],
       [1.3301365e-01, 7.2249120e-01, 1.4449508e-01]], dtype=float32), array([[5.5553490e-01, 1.0215037e-02, 4.3425003e-01],
       [9.6200436e-01, 1.6373982e-23, 3.7995595e-02],
       [6.0560817e-01, 5.6266255e-04, 3.9382917e-01]], dtype=float32), array([[5.5185431e-01, 1.8614380e-02, 4.2953128e-01],
       [9.8060900e-01, 8.8196440e-24, 1.9391017e-02],
       [6.2730920e-01, 5.3757598e-04, 3.7215322e-01]], dtype=float32), array([[5.5521631e-01, 1.0387623e-02, 4.3439606e-01],
       [9.6186042e-01, 1.8048850e-23, 3.8139563e-02],
       [6.0536802e-01, 5.7400198e-04, 3.9405802e-01]], dtype=float32), array([[1.73195023e-02, 9.61580515e-01, 2.10999958e-02],
       [8.92515898e-01, 1.77342638e-19, 1.07484125e-01],
       [1.32004261e-01, 7.24468589e-01, 1.43527135e-01]], dtype=float32), array([[5.5156153e-01, 1.8759253e-02, 4.2967919e-01],
       [9.8044181e-01, 9.3894753e-24, 1.9558229e-02],
       [6.2689680e-01, 5.4597802e-04, 3.7255713e-01]], dtype=float32), array([[8.8278940e-03, 9.7936857e-01, 1.1803540e-02],
       [9.3643904e-01, 1.0776105e-19, 6.3560963e-02],
       [1.2912747e-01, 7.2721654e-01, 1.4365594e-01]], dtype=float32), array([[5.5129564e-01, 1.8900339e-02, 4.2980400e-01],
       [9.8027521e-01, 1.0150486e-23, 1.9724788e-02],
       [6.2652850e-01, 5.5437617e-04, 3.7291712e-01]], dtype=float32), array([[4.3051779e-01, 1.9360379e-04, 5.6928861e-01],
       [1.5277559e-01, 4.6037352e-22, 8.4722441e-01],
       [4.4301668e-01, 8.3549833e-04, 5.5614781e-01]], dtype=float32), array([[3.7302172e-01, 2.4590607e-01, 3.8107225e-01],
       [1.2052796e-01, 1.7265636e-18, 8.7947202e-01],
       [1.5077679e-01, 7.0995468e-01, 1.3926858e-01]], dtype=float32), array([[1.6915629e-02, 9.6241730e-01, 2.0667054e-02],
       [8.9321089e-01, 2.1904996e-19, 1.0678911e-01],
       [1.3061148e-01, 7.2717530e-01, 1.4221320e-01]], dtype=float32), array([[8.7786261e-03, 9.7947228e-01, 1.1749088e-02],
       [9.3593252e-01, 1.3556499e-19, 6.4067505e-02],
       [1.2787192e-01, 7.2972041e-01, 1.4240776e-01]], dtype=float32), array([[4.3108320e-01, 2.0254772e-04, 5.6871426e-01],
       [1.5406571e-01, 5.3931954e-22, 8.4593433e-01],
       [4.4347355e-01, 8.6722447e-04, 5.5565923e-01]], dtype=float32), array([[3.73267114e-01, 2.45365188e-01, 3.81367773e-01],
       [1.20835684e-01, 1.73841518e-18, 8.79164338e-01],
       [1.51398033e-01, 7.08702505e-01, 1.39899477e-01]], dtype=float32), array([[5.5423945e-01, 1.0913778e-02, 4.3484676e-01],
       [9.6124709e-01, 2.5490639e-23, 3.8752913e-02],
       [6.0453862e-01, 6.1169092e-04, 3.9484972e-01]], dtype=float32), array([[4.6007755e-01, 3.1118665e-04, 5.3961128e-01],
       [2.5936794e-01, 3.5940705e-22, 7.4063212e-01],
       [4.6469751e-01, 7.6523871e-04, 5.3453720e-01]], dtype=float32), array([[3.8684598e-01, 2.1409316e-01, 3.9906082e-01],
       [1.1365115e-01, 1.2007777e-18, 8.8634890e-01],
       [1.6362382e-01, 6.8460685e-01, 1.5176934e-01]], dtype=float32), array([[1.0882710e-02, 9.7481585e-01, 1.4301465e-02],
       [9.3531370e-01, 7.6153814e-20, 6.4686306e-02],
       [1.4678048e-01, 6.9193465e-01, 1.6128492e-01]], dtype=float32), array([[3.4819186e-01, 3.0173171e-01, 3.5007641e-01],
       [1.8140331e-01, 7.8569942e-19, 8.1859666e-01],
       [1.7124757e-01, 6.6605079e-01, 1.6270159e-01]], dtype=float32)]","[array([-0.29352295, -0.29352295, -0.29352295], dtype=float32), array([-0.2945694, -0.2945694, -0.2945694], dtype=float32), array([nan, nan, nan], dtype=float32), array([nan, nan, nan], dtype=float32), array([-0.2972742, -0.2972742, -0.2972742], dtype=float32), array([-0.29805878, -0.29805878, -0.29805878], dtype=float32), array([-0.29876947, -0.29876947, -0.29876947], dtype=float32), array([nan, nan, nan], dtype=float32), array([-0.30037925, -0.30037925, -0.30037925], dtype=float32), array([-0.3012273, -0.3012273, -0.3012273], dtype=float32), array([-0.30201226, -0.30201226, -0.30201226], dtype=float32), array([nan, nan, nan], dtype=float32), array([nan, nan, nan], dtype=float32), array([-0.30380425, -0.30380425, -0.30380425], dtype=float32), array([nan, nan, nan], dtype=float32), array([nan, nan, nan], dtype=float32), array([-0.3055068, -0.3055068, -0.3055068], dtype=float32), array([-0.3059154, -0.3059154, -0.3059154], dtype=float32), array([-0.3063634, -0.3063634, -0.3063634], dtype=float32), array([-0.3071025, -0.3071025, -0.3071025], dtype=float32), array([nan, nan, nan], dtype=float32), array([nan, nan, nan], dtype=float32), array([-0.31003237, -0.31003237, -0.31003237], dtype=float32), array([-0.31220078, -0.31220078, -0.31220078], dtype=float32), array([-0.314927, -0.314927, -0.314927], dtype=float32), array([-0.31311125, -0.31311125, -0.31311125], dtype=float32), array([-0.30874294, -0.30874294, -0.30874294], dtype=float32), array([-0.31672707, -0.31672707, -0.31672707], dtype=float32), array([-0.32246304, -0.32246304, -0.32246304], dtype=float32), array([-0.32841635, -0.32841635, -0.32841635], dtype=float32), array([-0.3347431, -0.3347431, -0.3347431], dtype=float32)]","[array([-0.2935229, -0.2935229, -0.2935229], dtype=float32), array([-0.29456946, -0.29456946, -0.29456946], dtype=float32), array([-0.29552892, -0.29552892, -0.29552892], dtype=float32), array([-0.2963801, -0.2963801, -0.2963801], dtype=float32), array([-0.29727414, -0.29727414, -0.29727414], dtype=float32), array([-0.2980588, -0.2980588, -0.2980588], dtype=float32), array([-0.29876947, -0.29876947, -0.29876947], dtype=float32), array([-0.29942864, -0.29942864, -0.29942864], dtype=float32), array([-0.30037925, -0.30037925, -0.30037925], dtype=float32), array([-0.3012273, -0.3012273, -0.3012273], dtype=float32), array([-0.30201223, -0.30201223, -0.30201223], dtype=float32), array([-0.30276057, -0.30276057, -0.30276057], dtype=float32), array([-0.30320647, -0.30320647, -0.30320647], dtype=float32), array([-0.30380428, -0.30380428, -0.30380428], dtype=float32), array([-0.30446747, -0.30446747, -0.30446747], dtype=float32), array([-0.30524322, -0.30524322, -0.30524322], dtype=float32), array([-0.30550677, -0.30550677, -0.30550677], dtype=float32), array([-0.3059154, -0.3059154, -0.3059154], dtype=float32), array([-0.30636337, -0.30636337, -0.30636337], dtype=float32), array([-0.30710247, -0.30710247, -0.30710247], dtype=float32), array([-0.30758908, -0.30758908, -0.30758908], dtype=float32), array([-0.30832148, -0.30832148, -0.30832148], dtype=float32), array([-0.31003237, -0.31003237, -0.31003237], dtype=float32), array([-0.31220073, -0.31220073, -0.31220073], dtype=float32), array([-0.31492704, -0.31492704, -0.31492704], dtype=float32), array([-0.31311128, -0.31311128, -0.31311128], dtype=float32), array([-0.30874297, -0.30874297, -0.30874297], dtype=float32), array([-0.31672713, -0.31672713, -0.31672713], dtype=float32), array([-0.32246304, -0.32246304, -0.32246304], dtype=float32), array([-0.32841635, -0.32841635, -0.32841635], dtype=float32), array([-0.33474305, -0.33474305, -0.33474305], dtype=float32)]",1,0,0,0,0,0,55.31492537313433,60.062686567164185,0.00016678005126953292,2000,0.00038222383805658306,9.95,52000,9.95,52000,2000,0.33807393473016945,-0.016245735809206963,805194,0.002489805221557617,0.0013802934991,0.040905240923166275,81158,30969,99.87661743164062,0.4722185432910919,26.0,0.00014857221685815603,1.0,0.33277440071105957,999.0,0.0,0.1382095068693161,343.1850919635693,0.0,999.0,805194,0.0013802934991,23810,30969,0.0393447157605,0.0,26.0,1.0,343.1854475970901,2418000,93000,104968,61938,0,1610388,1030.5915561997435,6301365.653563362,6464513.245764825,10.5,50,26.0,-10.5,1.0067001111073661,0.001994214490405284,0.00014918874163454294,0.00031031352357777325,1.0067001111073661,100,0.18722039745254004,9.34,2,1300,2.0,6.2746988544382e-05,2,52100,0.00022375135632794245,0.0005154489182496625,2600,100,9.34,2600,100,9.34,7.43843716584335e-06,8.01566984155473e-06,4.551686474787799e-05,3.4585922243092246e-05,2.1445716775248125e-05,3.033205219991955e-05,5.086843930281473e-05,1.7214679498520434e-05,3.0132294290149787e-05,2.338555738741874e-05,0.00016121829078915176,0.054978715234727735,0.006489334211629038,0.05436276845957353,0.16938934348102427,0.03348032467411838,0.018430049969630626,0.00016555511675683996,2809716,781.0,108066,0.0,498.0,806.0,93.48876190185547,0.0510081946849823,0.4722185730934143,781.0,108066,0.3317464,498.0,1.0,0.1429908722639084,806.0,-0.025438498705625534,2809716,0.004221618175506592,651000,5619432,16926000,216132,10217.43965657659,1.0130047225596144e-05,6.08813584918041e-05,4.634464057580877e-05,2.6856711335997238e-05,9.036398087048671e-06,6.961985895634129e-05,2.2866313205466324e-05,4.053357715219918e-05,3.0268360770929816e-05,0.00021285507295508348,4.179212006604712e-05
1,54000,False,27,d1e1b_00000,2025-08-17_21-11-40,1755465100,92.40073204040527,2541.402830839157,685847,intrinsic-attention2,10.156.0.3,2541.402830839157,27,92.3296167145226,1.616393607926648e-05,92.32934125555724,2.8971454428414884,89.08402793034031,0.001995853600656829,0.0015665156705654227,7.97,26.0,-10.5,4.761667742395341e-05,0.00010132325212639305,0.0002576240076450631,1.0067001111073661,2,2000,2,27000,2.866221771973928,1.0067001111073661,54000,2.0,10.5,1000,435.72629151670867,2000.0,3000.0,"[array([[4.0031028e-01, 1.8198241e-01, 4.1770732e-01],
       [1.0584176e-01, 7.0935209e-19, 8.9415824e-01],
       [1.7816854e-01, 6.5576106e-01, 1.6607043e-01]], dtype=float32), array([[1.2373333e-02, 9.7154564e-01, 1.6080955e-02],
       [9.3549365e-01, 4.3177545e-20, 6.4506382e-02],
       [1.5986100e-01, 6.6597164e-01, 1.7416735e-01]], dtype=float32), array([[3.6130607e-01, 2.7350605e-01, 3.6518791e-01],
       [1.7471783e-01, 4.7511000e-19, 8.2528216e-01],
       [1.8213889e-01, 6.4434505e-01, 1.7351614e-01]], dtype=float32), array([[5.6038463e-01, 7.2790664e-03, 4.3233633e-01],
       [9.6051526e-01, 5.9513375e-24, 3.9484803e-02],
       [6.0670221e-01, 4.1990937e-04, 3.9287794e-01]], dtype=float32), array([[3.6801529e-01, 2.5892267e-01, 3.7306204e-01],
       [1.7143825e-01, 3.7292905e-19, 8.2856178e-01],
       [1.8837598e-01, 6.3187587e-01, 1.7974812e-01]], dtype=float32), array([[4.1254017e-01, 1.5131384e-01, 4.3614596e-01],
       [9.7304896e-02, 3.5525326e-19, 9.0269506e-01],
       [1.9395982e-01, 6.2425929e-01, 1.8178082e-01]], dtype=float32), array([[4.1422853e-01, 1.4692231e-01, 4.3884912e-01],
       [9.6003875e-02, 3.1562007e-19, 9.0399605e-01],
       [1.9644397e-01, 6.1928284e-01, 1.8427312e-01]], dtype=float32), array([[2.3015235e-05, 9.9994326e-01, 3.3762873e-05],
       [7.9421663e-01, 3.5837752e-17, 2.0578341e-01],
       [1.3027403e-04, 9.9969018e-01, 1.7958213e-04]], dtype=float32), array([[4.1913062e-01, 1.0386749e-04, 5.8076549e-01],
       [1.2763149e-01, 7.1913368e-23, 8.7236845e-01],
       [4.3427983e-01, 5.3087255e-04, 5.6518936e-01]], dtype=float32), array([[5.6247872e-01, 6.2448811e-03, 4.3127638e-01],
       [9.6067554e-01, 2.9157451e-24, 3.9324485e-02],
       [6.0768980e-01, 3.6019436e-04, 3.9195004e-01]], dtype=float32), array([[5.62511504e-01, 1.19234845e-02, 4.25565034e-01],
       [9.81729686e-01, 1.23341361e-24, 1.82703119e-02],
       [6.33279264e-01, 3.30206996e-04, 3.66390616e-01]], dtype=float32), array([[4.5467982e-01, 1.7837797e-04, 5.4514188e-01],
       [2.3939215e-01, 4.7591644e-23, 7.6060784e-01],
       [4.6013650e-01, 4.7837597e-04, 5.3938514e-01]], dtype=float32), array([[4.2104012e-01, 1.2864351e-01, 4.5031640e-01],
       [9.0420000e-02, 1.8732089e-19, 9.0957999e-01],
       [2.0765665e-01, 5.9674990e-01, 1.9559340e-01]], dtype=float32), array([[1.5954411e-02, 9.6374589e-01, 2.0299708e-02],
       [9.3632323e-01, 1.2428344e-20, 6.3676804e-02],
       [1.8868037e-01, 6.0919297e-01, 2.0212668e-01]], dtype=float32), array([[3.8685313e-01, 2.1731514e-01, 3.9583170e-01],
       [1.6109408e-01, 1.5650629e-19, 8.3890593e-01],
       [2.0755242e-01, 5.9339070e-01, 1.9905691e-01]], dtype=float32), array([[3.43667120e-02, 9.25831795e-01, 3.98014747e-02],
       [8.82274508e-01, 2.09976632e-20, 1.17725424e-01],
       [1.93962842e-01, 6.02029920e-01, 2.04007193e-01]], dtype=float32), array([[3.8881269e-01, 2.1291971e-01, 3.9826757e-01],
       [1.5999416e-01, 1.4254435e-19, 8.4000582e-01],
       [2.0979722e-01, 5.8886921e-01, 2.0133364e-01]], dtype=float32), array([[3.8968718e-01, 2.1095335e-01, 3.9935952e-01],
       [1.5945487e-01, 1.3553676e-19, 8.4054506e-01],
       [2.1077466e-01, 5.8689982e-01, 2.0232555e-01]], dtype=float32), array([[1.6730409e-02, 9.6206421e-01, 2.1205356e-02],
       [9.3653756e-01, 9.7236511e-21, 6.3462406e-02],
       [1.9446810e-01, 5.9785849e-01, 2.0767340e-01]], dtype=float32), array([[4.5379815e-01, 1.5956680e-04, 5.4604226e-01],
       [2.3649427e-01, 3.1479305e-23, 7.6350570e-01],
       [4.5936927e-01, 4.3338054e-04, 5.4019737e-01]], dtype=float32), array([[3.5938073e-02, 9.2257607e-01, 4.1485883e-02],
       [8.8171256e-01, 1.6719926e-20, 1.1828747e-01],
       [1.9869047e-01, 5.9277618e-01, 2.0853338e-01]], dtype=float32), array([[4.2565659e-01, 1.1555419e-01, 4.5878929e-01],
       [8.6160943e-02, 1.2466776e-19, 9.1383910e-01],
       [2.1661738e-01, 5.7866216e-01, 2.0472051e-01]], dtype=float32), array([[1.7111890e-02, 9.6123892e-01, 2.1649208e-02],
       [9.3673593e-01, 8.3919897e-21, 6.3264020e-02],
       [1.9743776e-01, 5.9205109e-01, 2.1051113e-01]], dtype=float32), array([[4.5355561e-01, 1.5409038e-04, 5.4629034e-01],
       [2.3569809e-01, 2.7316145e-23, 7.6430190e-01],
       [4.5915553e-01, 4.1997220e-04, 5.4042447e-01]], dtype=float32), array([[1.67640155e-05, 9.99958038e-01, 2.51182937e-05],
       [8.02592576e-01, 2.18646120e-17, 1.97407335e-01],
       [1.02101905e-04, 9.99754727e-01, 1.43149256e-04]], dtype=float32), array([[3.9398253e-01, 2.0125325e-01, 4.0476418e-01],
       [1.5680908e-01, 1.0430800e-19, 8.4319091e-01],
       [2.1575716e-01, 5.7684720e-01, 2.0739572e-01]], dtype=float32), array([[4.1482922e-01, 8.0045960e-05, 5.8509070e-01],
       [1.1917778e-01, 2.9595272e-23, 8.8082218e-01],
       [4.3092754e-01, 4.3572640e-04, 5.6863678e-01]], dtype=float32), array([[3.94548178e-01, 1.99969560e-01, 4.05482203e-01],
       [1.56494677e-01, 1.01612534e-19, 8.43505323e-01],
       [2.16469303e-01, 5.75408936e-01, 2.08121851e-01]], dtype=float32), array([[1.0371985e-01, 1.2141584e-04, 8.9615875e-01],
       [3.2386848e-05, 2.8613793e-19, 9.9996758e-01],
       [1.7193173e-01, 7.1922302e-01, 1.0884526e-01]], dtype=float32), array([[4.14585173e-01, 7.89027617e-05, 5.85335970e-01],
       [1.18778534e-01, 2.86456631e-23, 8.81221473e-01],
       [4.30731773e-01, 4.30765445e-04, 5.68837464e-01]], dtype=float32), array([[4.5334822e-01, 1.4916039e-04, 5.4650259e-01],
       [2.3511226e-01, 2.4340180e-23, 7.6488775e-01],
       [4.5896828e-01, 4.0753596e-04, 5.4062420e-01]], dtype=float32)]","[array([-0.34141725, -0.34141725, -0.34141725], dtype=float32), array([-0.34699365, -0.34699365, -0.34699365], dtype=float32), array([-0.35171467, -0.35171467, -0.35171467], dtype=float32), array([-0.35446456, -0.35446456, -0.35446456], dtype=float32), array([-0.35521647, -0.35521647, -0.35521647], dtype=float32), array([-0.35696733, -0.35696733, -0.35696733], dtype=float32), array([-0.35836774, -0.35836774, -0.35836774], dtype=float32), array([-0.3591687, -0.3591687, -0.3591687], dtype=float32), array([-0.3602426, -0.3602426, -0.3602426], dtype=float32), array([-0.36191177, -0.36191177, -0.36191177], dtype=float32), array([-0.36296627, -0.36296627, -0.36296627], dtype=float32), array([-0.36465207, -0.36465207, -0.36465207], dtype=float32), array([-0.36460525, -0.36460525, -0.36460525], dtype=float32), array([-0.364613, -0.364613, -0.364613], dtype=float32), array([-0.3647453, -0.3647453, -0.3647453], dtype=float32), array([-0.36582932, -0.36582932, -0.36582932], dtype=float32), array([-0.36771867, -0.36771867, -0.36771867], dtype=float32), array([-0.3685543, -0.3685543, -0.3685543], dtype=float32), array([-0.3694866, -0.3694866, -0.3694866], dtype=float32), array([-0.36929595, -0.36929595, -0.36929595], dtype=float32), array([-0.36917916, -0.36917916, -0.36917916], dtype=float32), array([-0.3689847, -0.3689847, -0.3689847], dtype=float32), array([-0.36842456, -0.36842456, -0.36842456], dtype=float32), array([-0.3683271, -0.3683271, -0.3683271], dtype=float32), array([-0.36794615, -0.36794615, -0.36794615], dtype=float32), array([-0.36724493, -0.36724493, -0.36724493], dtype=float32), array([-0.3663642, -0.3663642, -0.3663642], dtype=float32), array([-0.3652087, -0.3652087, -0.3652087], dtype=float32), array([-0.3635321, -0.3635321, -0.3635321], dtype=float32), array([-0.36203048, -0.36203048, -0.36203048], dtype=float32), array([-0.36011723, -0.36011723, -0.36011723], dtype=float32)]","[array([-0.3414173, -0.3414173, -0.3414173], dtype=float32), array([-0.34699363, -0.34699363, -0.34699363], dtype=float32), array([-0.35171464, -0.35171464, -0.35171464], dtype=float32), array([-0.3544646, -0.3544646, -0.3544646], dtype=float32), array([-0.35521647, -0.35521647, -0.35521647], dtype=float32), array([-0.3569673, -0.3569673, -0.3569673], dtype=float32), array([-0.35836777, -0.35836777, -0.35836777], dtype=float32), array([-0.3591687, -0.3591687, -0.3591687], dtype=float32), array([-0.36024266, -0.36024266, -0.36024266], dtype=float32), array([-0.36191177, -0.36191177, -0.36191177], dtype=float32), array([-0.36296618, -0.36296618, -0.36296618], dtype=float32), array([-0.36465207, -0.36465207, -0.36465207], dtype=float32), array([-0.36460528, -0.36460528, -0.36460528], dtype=float32), array([-0.364613, -0.364613, -0.364613], dtype=float32), array([-0.3647453, -0.3647453, -0.3647453], dtype=float32), array([-0.36582932, -0.36582932, -0.36582932], dtype=float32), array([-0.36771867, -0.36771867, -0.36771867], dtype=float32), array([-0.3685543, -0.3685543, -0.3685543], dtype=float32), array([-0.36948663, -0.36948663, -0.36948663], dtype=float32), array([-0.369296, -0.369296, -0.369296], dtype=float32), array([-0.36917922, -0.36917922, -0.36917922], dtype=float32), array([-0.36898473, -0.36898473, -0.36898473], dtype=float32), array([-0.36842456, -0.36842456, -0.36842456], dtype=float32), array([-0.36832708, -0.36832708, -0.36832708], dtype=float32), array([-0.36794618, -0.36794618, -0.36794618], dtype=float32), array([-0.36724484, -0.36724484, -0.36724484], dtype=float32), array([-0.36636415, -0.36636415, -0.36636415], dtype=float32), array([-0.36520866, -0.36520866, -0.36520866], dtype=float32), array([-0.36353207, -0.36353207, -0.36353207], dtype=float32), array([-0.36203045, -0.36203045, -0.36203045], dtype=float32), array([-0.3601173, -0.3601173, -0.3601173], dtype=float32)]",1,0,0,0,0,0,55.2469696969697,60.08257575757576,0.0001631171194207344,2000,0.0003716689769022822,7.97,54000,7.97,54000,2000,0.3379631992027932,-0.06772246956825256,836163,-0.014144539833068848,0.0013802934991,0.015252619050443172,81158,30969,285.0404052734375,0.46468180418014526,27.0,0.00014857221685815603,1.0,0.27575013041496277,999.0,0.0,0.11812188476324081,343.20729758057024,0.0,999.0,836163,0.0013802934991,23810,30969,0.0393447157605,0.0,27.0,1.0,343.2076292044974,2511000,93000,104968,61938,0,1672326,1030.6579530726908,6291659.957306772,6463870.174608363,10.5,50,27.0,-10.5,1.0067001111073661,0.0022901843703584746,0.00015159714045033147,0.0003090732482774953,1.0067001111073661,100,0.18720709012795203,8.94,2,1350,2.0,6.470861724583083e-05,2,54100,0.0002297322440496002,0.0005321924557765938,2700,100,8.94,2700,100,8.94,6.899600469266504e-06,7.781716914990108e-06,4.4387935892041755e-05,3.393804843548797e-05,2.1193312350667214e-05,2.9398479457163735e-05,4.952252944494211e-05,1.6650740064607966e-05,2.9505028127021057e-05,2.2502720158014608e-05,0.0001564056863681388,0.05496632680227865,0.006492499669465017,0.054301883624977135,0.1693958060561833,0.03344450607737579,0.018414652990032275,0.0001656431655945555,2917782,811.0,108066,0.0,498.0,837.0,91.71851348876953,0.01600857824087143,0.4722185730934143,811.0,108066,0.31397521,498.0,1.0,0.10183681547641754,837.0,-0.037656866014003754,2917782,-0.03350496292114258,651000,5835564,17577000,216132,10176.532994946076,1.00938682533938e-05,6.191658219844913e-05,4.741997903911581e-05,2.7571940499660645e-05,9.350891476052834e-06,7.181253079419385e-05,2.3726706766022676e-05,4.131747719315507e-05,3.1526427558082136e-05,0.00021952784271297537,4.312589791004293e-05
1,56000,False,28,d1e1b_00000,2025-08-17_21-13-12,1755465192,92.24846529960632,2633.6512961387634,685847,intrinsic-attention2,10.156.0.3,2633.6512961387634,28,92.3273527303073,1.6112156693528674e-05,92.32707654467166,2.8954538798630898,89.08361603011687,0.001993890394631465,0.0017593665995809715,9.64,27.0,-10.5,5.0964541966154215e-05,0.00011159511578882265,0.0002576240076450631,1.0067001111073661,2,2000,2,28000,2.864535735304165,1.0067001111073661,56000,2.0,10.5,1000,423.56277389801465,2000.0,3000.0,"[array([[3.4543693e-01, 7.6704179e-03, 6.4689261e-01],
       [2.3573271e-03, 2.7049052e-19, 9.9764270e-01],
       [1.4738975e-01, 7.3962140e-01, 1.1298884e-01]], dtype=float32), array([[4.1433042e-01, 7.7667442e-05, 5.8559191e-01],
       [1.1827844e-01, 2.6991504e-23, 8.8172156e-01],
       [4.3053401e-01, 4.2567402e-04, 5.6904042e-01]], dtype=float32), array([[3.9595002e-01, 1.9677550e-01, 4.0727443e-01],
       [1.5548453e-01, 9.3043699e-20, 8.4451550e-01],
       [2.1805103e-01, 5.7221925e-01, 2.0972973e-01]], dtype=float32), array([[5.6619352e-01, 1.0177691e-02, 4.2362869e-01],
       [9.8262411e-01, 5.1778636e-25, 1.7375911e-02],
       [6.3637364e-01, 2.7035613e-04, 3.6335599e-01]], dtype=float32), array([[3.9632311e-01, 1.9592209e-01, 4.0775475e-01],
       [1.5520187e-01, 9.1163957e-20, 8.4479815e-01],
       [2.1846695e-01, 5.7138139e-01, 2.1015158e-01]], dtype=float32), array([[5.6637996e-01, 1.0097440e-02, 4.2352262e-01],
       [9.8264873e-01, 5.0601103e-25, 1.7351223e-02],
       [6.3652039e-01, 2.6796537e-04, 3.6321169e-01]], dtype=float32), array([[3.8243257e-02, 9.1781473e-01, 4.3942086e-02],
       [8.8044196e-01, 1.2755902e-20, 1.1955808e-01],
       [2.0479533e-01, 5.8086187e-01, 2.1434282e-01]], dtype=float32), array([[4.5315653e-01, 1.4484930e-04, 5.4669863e-01],
       [2.3457655e-01, 2.2001902e-23, 7.6542348e-01],
       [4.5879531e-01, 3.9664761e-04, 5.4080808e-01]], dtype=float32), array([[3.83929163e-02, 9.17505622e-01, 4.41014916e-02],
       [8.80296886e-01, 1.27392123e-20, 1.19703144e-01],
       [2.05108806e-01, 5.80251396e-01, 2.14639753e-01]], dtype=float32), array([[5.66591442e-01, 1.00064995e-02, 4.23402131e-01],
       [9.82651293e-01, 5.02847009e-25, 1.73487049e-02],
       [6.36660755e-01, 2.65647046e-04, 3.63073647e-01]], dtype=float32), array([[4.1384438e-01, 7.5561737e-05, 5.8608001e-01],
       [1.1752733e-01, 2.5686619e-23, 8.8247269e-01],
       [4.3014261e-01, 4.1640890e-04, 5.6944096e-01]], dtype=float32), array([[4.5310432e-01, 1.4429286e-04, 5.4675132e-01],
       [2.3447922e-01, 2.2222589e-23, 7.6552075e-01],
       [4.5874915e-01, 3.9525967e-04, 5.4085553e-01]], dtype=float32), array([[4.1382930e-01, 7.5497483e-05, 5.8609515e-01],
       [1.1749487e-01, 2.5588979e-23, 8.8250512e-01],
       [4.3013129e-01, 4.1616301e-04, 5.6945246e-01]], dtype=float32), array([[1.7968975e-02, 9.5938736e-01, 2.2643555e-02],
       [9.3678457e-01, 6.7762789e-21, 6.3215427e-02],
       [2.0316552e-01, 5.8087528e-01, 2.1595922e-01]], dtype=float32), array([[3.8587473e-02, 9.1709524e-01, 4.4317272e-02],
       [8.8037616e-01, 1.2800914e-20, 1.1962382e-01],
       [2.0584372e-01, 5.7880002e-01, 2.1535628e-01]], dtype=float32), array([[3.9729694e-01, 1.9370140e-01, 4.0900168e-01],
       [1.5486328e-01, 9.0427268e-20, 8.4513670e-01],
       [2.1992987e-01, 5.6842124e-01, 2.1164896e-01]], dtype=float32), array([[5.6563830e-01, 4.9466584e-03, 4.2941505e-01],
       [9.6094239e-01, 1.1404849e-24, 3.9057653e-02],
       [6.0944754e-01, 2.8535150e-04, 3.9026713e-01]], dtype=float32), array([[3.8583308e-02, 9.1710168e-01, 4.4315010e-02],
       [8.8056302e-01, 1.2506797e-20, 1.1943694e-01],
       [2.0605092e-01, 5.7838857e-01, 2.1556051e-01]], dtype=float32), array([[4.13769692e-01, 7.50432082e-05, 5.86155236e-01],
       [1.17339775e-01, 2.46558586e-23, 8.82660270e-01],
       [4.30084527e-01, 4.14191571e-04, 5.69501281e-01]], dtype=float32), array([[4.2854261e-01, 1.0694413e-01, 4.6451327e-01],
       [8.3163485e-02, 9.3013649e-20, 9.1683644e-01],
       [2.2294028e-01, 5.6585681e-01, 2.1120292e-01]], dtype=float32), array([[4.5293820e-01, 1.4249994e-04, 5.4691935e-01],
       [2.3376460e-01, 2.0752849e-23, 7.6623541e-01],
       [4.5861468e-01, 3.9167213e-04, 5.4099363e-01]], dtype=float32), array([[4.1366810e-01, 7.4476106e-05, 5.8625746e-01],
       [1.1711130e-01, 2.3715181e-23, 8.8288867e-01],
       [4.3000621e-01, 4.1182345e-04, 5.6958199e-01]], dtype=float32), array([[4.5291761e-01, 1.4207888e-04, 5.4694027e-01],
       [2.3368348e-01, 2.0433894e-23, 7.6631653e-01],
       [4.5859697e-01, 3.9066176e-04, 5.4101229e-01]], dtype=float32), array([[5.6683445e-01, 9.8795285e-03, 4.2328599e-01],
       [9.8272198e-01, 4.5259938e-25, 1.7278092e-02],
       [6.3683021e-01, 2.6133115e-04, 3.6290854e-01]], dtype=float32), array([[4.13551211e-01, 7.39319148e-05, 5.86374879e-01],
       [1.16859846e-01, 2.29221159e-23, 8.83140147e-01],
       [4.29917574e-01, 4.09642904e-04, 5.69672823e-01]], dtype=float32), array([[1.8065047e-02, 9.5918161e-01, 2.2753447e-02],
       [9.3707955e-01, 6.0128134e-21, 6.2920406e-02],
       [2.0438021e-01, 5.7850587e-01, 2.1711394e-01]], dtype=float32), array([[1.8090000e-02, 9.5912772e-01, 2.2782160e-02],
       [9.3710750e-01, 5.9216220e-21, 6.2892467e-02],
       [2.0459712e-01, 5.7808322e-01, 2.1731973e-01]], dtype=float32), array([[3.89246158e-02, 9.16398883e-01, 4.46765348e-02],
       [8.80731106e-01, 1.10500174e-20, 1.19268946e-01],
       [2.07326606e-01, 5.75896204e-01, 2.16777146e-01]], dtype=float32), array([[5.6587774e-01, 4.8552221e-03, 4.2926699e-01],
       [9.6116424e-01, 9.6229710e-25, 3.8835801e-02],
       [6.0965562e-01, 2.7861283e-04, 3.9006573e-01]], dtype=float32), array([[4.1331768e-01, 7.2903626e-05, 5.8660948e-01],
       [1.1635589e-01, 2.1479400e-23, 8.8364416e-01],
       [4.2974186e-01, 4.0559919e-04, 5.6985253e-01]], dtype=float32), array([[4.29254025e-01, 1.04793645e-01, 4.65952337e-01],
       [8.23455304e-02, 8.28947806e-20, 9.17654455e-01],
       [2.24504843e-01, 5.62675953e-01, 2.12819189e-01]], dtype=float32)]","[array([-0.3574886, -0.3574886, -0.3574886], dtype=float32), array([-0.3543281, -0.3543281, -0.3543281], dtype=float32), array([-0.3511466, -0.3511466, -0.3511466], dtype=float32), array([-0.3473896, -0.3473896, -0.3473896], dtype=float32), array([-0.34257278, -0.34257278, -0.34257278], dtype=float32), array([-0.3384904, -0.3384904, -0.3384904], dtype=float32), array([-0.33492243, -0.33492243, -0.33492243], dtype=float32), array([-0.33171102, -0.33171102, -0.33171102], dtype=float32), array([-0.3277803, -0.3277803, -0.3277803], dtype=float32), array([-0.32359493, -0.32359493, -0.32359493], dtype=float32), array([-0.31942943, -0.31942943, -0.31942943], dtype=float32), array([-0.3143818, -0.3143818, -0.3143818], dtype=float32), array([-0.30891973, -0.30891973, -0.30891973], dtype=float32), array([-0.30416128, -0.30416128, -0.30416128], dtype=float32), array([-0.29942468, -0.29942468, -0.29942468], dtype=float32), array([-0.29534134, -0.29534134, -0.29534134], dtype=float32), array([-0.29210016, -0.29210016, -0.29210016], dtype=float32), array([-0.2876572, -0.2876572, -0.2876572], dtype=float32), array([-0.28437567, -0.28437567, -0.28437567], dtype=float32), array([-0.28151575, -0.28151575, -0.28151575], dtype=float32), array([-0.2789567, -0.2789567, -0.2789567], dtype=float32), array([-0.27648833, -0.27648833, -0.27648833], dtype=float32), array([-0.2741328, -0.2741328, -0.2741328], dtype=float32), array([-0.27156705, -0.27156705, -0.27156705], dtype=float32), array([-0.26839316, -0.26839316, -0.26839316], dtype=float32), array([-0.2655551, -0.2655551, -0.2655551], dtype=float32), array([-0.26286834, -0.26286834, -0.26286834], dtype=float32), array([-0.25993708, -0.25993708, -0.25993708], dtype=float32), array([-0.25665197, -0.25665197, -0.25665197], dtype=float32), array([-0.25319606, -0.25319606, -0.25319606], dtype=float32), array([-0.24947709, -0.24947709, -0.24947709], dtype=float32)]","[array([-0.35748863, -0.35748863, -0.35748863], dtype=float32), array([-0.35432813, -0.35432813, -0.35432813], dtype=float32), array([-0.35114667, -0.35114667, -0.35114667], dtype=float32), array([-0.34738967, -0.34738967, -0.34738967], dtype=float32), array([-0.3425727, -0.3425727, -0.3425727], dtype=float32), array([-0.33849046, -0.33849046, -0.33849046], dtype=float32), array([-0.33492237, -0.33492237, -0.33492237], dtype=float32), array([-0.331711, -0.331711, -0.331711], dtype=float32), array([-0.32778028, -0.32778028, -0.32778028], dtype=float32), array([-0.3235949, -0.3235949, -0.3235949], dtype=float32), array([-0.3194294, -0.3194294, -0.3194294], dtype=float32), array([-0.31438184, -0.31438184, -0.31438184], dtype=float32), array([-0.3089197, -0.3089197, -0.3089197], dtype=float32), array([-0.30416125, -0.30416125, -0.30416125], dtype=float32), array([-0.2994247, -0.2994247, -0.2994247], dtype=float32), array([-0.2953413, -0.2953413, -0.2953413], dtype=float32), array([-0.29210016, -0.29210016, -0.29210016], dtype=float32), array([-0.2876572, -0.2876572, -0.2876572], dtype=float32), array([-0.28437567, -0.28437567, -0.28437567], dtype=float32), array([-0.28151578, -0.28151578, -0.28151578], dtype=float32), array([-0.2789567, -0.2789567, -0.2789567], dtype=float32), array([-0.27648833, -0.27648833, -0.27648833], dtype=float32), array([-0.2741328, -0.2741328, -0.2741328], dtype=float32), array([-0.27156708, -0.27156708, -0.27156708], dtype=float32), array([-0.26839307, -0.26839307, -0.26839307], dtype=float32), array([-0.2655551, -0.2655551, -0.2655551], dtype=float32), array([-0.2628684, -0.2628684, -0.2628684], dtype=float32), array([-0.25993708, -0.25993708, -0.25993708], dtype=float32), array([-0.25665194, -0.25665194, -0.25665194], dtype=float32), array([-0.25319603, -0.25319603, -0.25319603], dtype=float32), array([-0.24947713, -0.24947713, -0.24947713], dtype=float32)]",1,0,0,0,0,0,55.336641221374045,60.08473282442748,0.0001765966197423831,2000,0.0004031089691225765,9.64,56000,9.64,56000,2000,0.33781682382073014,-0.03363293036818504,867132,-0.0093461275100708,0.0013802934991,0.011681433767080307,81158,30969,92.85675048828125,0.4722185432910919,28.0,0.00014857221685815603,1.0,0.3154803216457367,999.0,0.0,0.0690687969326973,343.48550936312813,0.0,999.0,867132,0.0013802934991,23810,30969,0.0393447157605,0.0,28.0,1.0,343.4858199944492,2604000,93000,104968,61938,0,1734264,1031.4931508213238,6282756.267277627,6463267.555425592,10.5,50,28.0,-10.5,1.0067001111073661,0.0019389046994911041,0.00011251601345163541,0.00030794542582266197,1.0067001111073661,100,0.18663620464668834,9.54,2,1400,2.0,5.130305831884014e-05,2,56100,0.00017674105748344225,0.0004121497629440525,2800,100,9.54,2800,100,9.54,7.335881036817705e-06,8.31634177225776e-06,5.050456799924957e-05,3.600723060453004e-05,2.192593139144935e-05,3.1960779868217644e-05,5.377323935252809e-05,1.796356696441048e-05,3.1679773206633234e-05,2.4246208467690137e-05,0.00016982979728149959,0.05495786767428268,0.006493173042753857,0.054249356738767816,0.16938679679557853,0.03339551347654086,0.018384866050073983,0.00016561651395614795,3025848,841.0,108066,0.0,498.0,868.0,92.28580474853516,0.015734657645225525,0.4722185730934143,841.0,108066,0.337356,498.0,1.0,0.06865017861127853,868.0,-0.014277958311140537,3025848,-0.01748049259185791,651000,6051696,18228000,216132,10145.529938636359,8.089236993980438e-06,4.740727805152621e-05,3.687706965109871e-05,2.2298838816408276e-05,7.286285556481069e-06,5.450773487725778e-05,1.807958108349191e-05,3.1838330701599564e-05,2.4572066417915175e-05,0.0001738173435722292,3.3044217705485296e-05
1,58000,False,29,d1e1b_00000,2025-08-17_21-14-45,1755465285,92.84574961662292,2726.4970457553864,685847,intrinsic-attention2,10.156.0.3,2726.4970457553864,29,92.33106201798424,1.608308517166083e-05,92.33078469527493,2.8932193191845497,89.08967820557561,0.0019906633206429355,0.0015468319405044894,9.63,28.0,-10.5,4.6616731223219225e-05,9.86946440139304e-05,0.0002576240076450631,1.0067001111073661,2,2000,2,29000,2.8623111129012027,1.0067001111073661,58000,2.0,10.5,1000,411.58050122109245,2000.0,3000.0,"[array([[1.8215755e-02, 9.5885599e-01, 2.2928193e-02],
       [9.3716699e-01, 5.6810478e-21, 6.2833056e-02],
       [2.0552748e-01, 5.7626867e-01, 2.1820380e-01]], dtype=float32), array([[3.9220512e-02, 9.1578501e-01, 4.4994406e-02],
       [8.8066500e-01, 1.0755627e-20, 1.1933500e-01],
       [2.0819442e-01, 5.7419741e-01, 2.1760811e-01]], dtype=float32), array([[4.29360420e-01, 1.04469486e-01, 4.66170043e-01],
       [8.22733268e-02, 8.24889968e-20, 9.17726636e-01],
       [2.24828035e-01, 5.62017441e-01, 2.13154495e-01]], dtype=float32), array([[5.6598198e-01, 4.8222314e-03, 4.2919582e-01],
       [9.6118265e-01, 9.4342193e-25, 3.8817346e-02],
       [6.0973382e-01, 2.7666407e-04, 3.8998955e-01]], dtype=float32), array([[4.1320685e-01, 7.2246876e-05, 5.8672088e-01],
       [1.1620300e-01, 2.0982496e-23, 8.8379699e-01],
       [4.2964613e-01, 4.0237705e-04, 5.6995153e-01]], dtype=float32), array([[3.9354645e-02, 9.1551197e-01, 4.5133341e-02],
       [8.8063985e-01, 1.0219745e-20, 1.1936017e-01],
       [2.0857880e-01, 5.7345307e-01, 2.1796817e-01]], dtype=float32), array([[4.29702014e-01, 1.03389904e-01, 4.66908038e-01],
       [8.16361234e-02, 7.57452583e-20, 9.18363929e-01],
       [2.25264817e-01, 5.61141610e-01, 2.13593528e-01]], dtype=float32), array([[4.2981055e-01, 1.0304537e-01, 4.6714413e-01],
       [8.1417568e-02, 7.3435376e-20, 9.1858244e-01],
       [2.2538044e-01, 5.6091082e-01, 2.1370871e-01]], dtype=float32), array([[4.1276979e-01, 6.9837020e-05, 5.8716041e-01],
       [1.1529965e-01, 1.7919902e-23, 8.8470030e-01],
       [4.2930022e-01, 3.9179419e-04, 5.7030791e-01]], dtype=float32), array([[1.8211750e-02, 9.5887011e-01, 2.2918124e-02],
       [9.3767655e-01, 4.6679260e-21, 6.2323514e-02],
       [2.0652753e-01, 5.7432485e-01, 2.1914756e-01]], dtype=float32), array([[4.5253190e-01, 1.3293377e-04, 5.4733515e-01],
       [2.3220503e-01, 1.4399337e-23, 7.6779491e-01],
       [4.5825687e-01, 3.6801395e-04, 5.4137516e-01]], dtype=float32), array([[4.1248327e-01, 6.8193323e-05, 5.8744854e-01],
       [1.1462854e-01, 1.5684297e-23, 8.8537151e-01],
       [4.2907864e-01, 3.8471710e-04, 5.7053673e-01]], dtype=float32), array([[4.0087655e-01, 1.8549900e-01, 4.1362453e-01],
       [1.5131566e-01, 5.5713193e-20, 8.4868431e-01],
       [2.2328573e-01, 5.6164068e-01, 2.1507357e-01]], dtype=float32), array([[4.0106004e-01, 1.8507627e-01, 4.1386378e-01],
       [1.5107636e-01, 5.3804131e-20, 8.4892362e-01],
       [2.2340915e-01, 5.6139219e-01, 2.1519876e-01]], dtype=float32), array([[5.6674838e-01, 4.5766123e-03, 4.2867500e-01],
       [9.6193343e-01, 5.9681523e-25, 3.8066544e-02],
       [6.1052114e-01, 2.5793797e-04, 3.8922092e-01]], dtype=float32), array([[4.1213527e-01, 6.6363180e-05, 5.8779836e-01],
       [1.1383487e-01, 1.3531901e-23, 8.8616520e-01],
       [4.2881069e-01, 3.7688043e-04, 5.7081240e-01]], dtype=float32), array([[4.3070409e-01, 1.0024326e-01, 4.6905270e-01],
       [7.9657249e-02, 5.4627499e-20, 9.2034280e-01],
       [2.2636229e-01, 5.5893564e-01, 2.1470214e-01]], dtype=float32), array([[4.12082583e-01, 6.60413425e-05, 5.87851346e-01],
       [1.13701157e-01, 1.31301125e-23, 8.86298895e-01],
       [4.28770185e-01, 3.75480944e-04, 5.70854366e-01]], dtype=float32), array([[4.0153608e-01, 1.8398456e-01, 4.1447940e-01],
       [1.5055288e-01, 4.9246030e-20, 8.4944713e-01],
       [2.2381914e-01, 5.6056106e-01, 2.1561977e-01]], dtype=float32), array([[3.95633578e-02, 9.15104985e-01, 4.53316830e-02],
       [8.81459415e-01, 6.84810793e-21, 1.18540525e-01],
       [2.10128292e-01, 5.70450783e-01, 2.19420865e-01]], dtype=float32), array([[4.52324301e-01, 1.27874606e-04, 5.47547817e-01],
       [2.31230110e-01, 1.11954374e-23, 7.68769920e-01],
       [4.58077639e-01, 3.55675176e-04, 5.41566730e-01]], dtype=float32), array([[5.6814706e-01, 9.3478579e-03, 4.2250505e-01],
       [9.8348320e-01, 2.4006487e-25, 1.6516818e-02],
       [6.3850105e-01, 2.3724728e-04, 3.6126170e-01]], dtype=float32), array([[5.6683826e-01, 4.5560719e-03, 4.2860565e-01],
       [9.6212941e-01, 5.4968701e-25, 3.7870634e-02],
       [6.1067563e-01, 2.5551263e-04, 3.8906887e-01]], dtype=float32), array([[4.30761635e-01, 1.00109555e-01, 4.69128877e-01],
       [7.96334818e-02, 5.28091684e-20, 9.20366526e-01],
       [2.26505607e-01, 5.58633924e-01, 2.14860424e-01]], dtype=float32), array([[4.0149549e-01, 1.8408775e-01, 4.1441679e-01],
       [1.5066977e-01, 4.8865947e-20, 8.4933025e-01],
       [2.2384277e-01, 5.6050712e-01, 2.1565017e-01]], dtype=float32), array([[4.5236227e-01, 1.2871610e-04, 5.4750901e-01],
       [2.3133345e-01, 1.1472029e-23, 7.6866657e-01],
       [4.5811242e-01, 3.5785980e-04, 5.4152972e-01]], dtype=float32), array([[4.3063483e-01, 1.0055757e-01, 4.6880767e-01],
       [8.0010138e-02, 5.4812115e-20, 9.1998982e-01],
       [2.2649944e-01, 5.5863124e-01, 2.1486928e-01]], dtype=float32), array([[1.8120058e-02, 9.5906907e-01, 2.2810865e-02],
       [9.3842530e-01, 3.7805514e-21, 6.1574690e-02],
       [2.0749605e-01, 5.7242769e-01, 2.2007625e-01]], dtype=float32), array([[1.8125750e-02, 9.5905536e-01, 2.2818856e-02],
       [9.3838137e-01, 3.8736420e-21, 6.1618540e-02],
       [2.0744763e-01, 5.7251942e-01, 2.2003303e-01]], dtype=float32), array([[4.5247370e-01, 1.3175818e-04, 5.4739457e-01],
       [2.3169105e-01, 1.2811554e-23, 7.6830900e-01],
       [4.5821542e-01, 3.6574068e-04, 5.4141891e-01]], dtype=float32), array([[1.8132366e-02, 9.5903862e-01, 2.2829069e-02],
       [9.3830407e-01, 4.0489235e-21, 6.1695971e-02],
       [2.0734029e-01, 5.7272357e-01, 2.1993618e-01]], dtype=float32)]","[array([-0.24627435, -0.24627435, -0.24627435], dtype=float32), array([nan, nan, nan], dtype=float32), array([-0.24150042, -0.24150042, -0.24150042], dtype=float32), array([-0.2395273, -0.2395273, -0.2395273], dtype=float32), array([-0.23710321, -0.23710321, -0.23710321], dtype=float32), array([-0.23550975, -0.23550975, -0.23550975], dtype=float32), array([nan, nan, nan], dtype=float32), array([-0.23317143, -0.23317143, -0.23317143], dtype=float32), array([-0.23236597, -0.23236597, -0.23236597], dtype=float32), array([-0.23198438, -0.23198438, -0.23198438], dtype=float32), array([-0.23194541, -0.23194541, -0.23194541], dtype=float32), array([-0.23218738, -0.23218738, -0.23218738], dtype=float32), array([-0.23223285, -0.23223285, -0.23223285], dtype=float32), array([-0.23236233, -0.23236233, -0.23236233], dtype=float32), array([nan, nan, nan], dtype=float32), array([-0.23278148, -0.23278148, -0.23278148], dtype=float32), array([-0.23288167, -0.23288167, -0.23288167], dtype=float32), array([-0.23335046, -0.23335046, -0.23335046], dtype=float32), array([-0.23418117, -0.23418117, -0.23418117], dtype=float32), array([-0.23514599, -0.23514599, -0.23514599], dtype=float32), array([nan, nan, nan], dtype=float32), array([-0.23659143, -0.23659143, -0.23659143], dtype=float32), array([-0.23721154, -0.23721154, -0.23721154], dtype=float32), array([-0.23779516, -0.23779516, -0.23779516], dtype=float32), array([nan, nan, nan], dtype=float32), array([-0.24024782, -0.24024782, -0.24024782], dtype=float32), array([-0.24097116, -0.24097116, -0.24097116], dtype=float32), array([-0.2419186, -0.2419186, -0.2419186], dtype=float32), array([nan, nan, nan], dtype=float32), array([-0.24425249, -0.24425249, -0.24425249], dtype=float32), array([-0.2449847, -0.2449847, -0.2449847], dtype=float32)]","[array([-0.24627443, -0.24627443, -0.24627443], dtype=float32), array([-0.24375199, -0.24375199, -0.24375199], dtype=float32), array([-0.24150042, -0.24150042, -0.24150042], dtype=float32), array([-0.23952726, -0.23952726, -0.23952726], dtype=float32), array([-0.2371032, -0.2371032, -0.2371032], dtype=float32), array([-0.23550983, -0.23550983, -0.23550983], dtype=float32), array([-0.2343817, -0.2343817, -0.2343817], dtype=float32), array([-0.23317142, -0.23317142, -0.23317142], dtype=float32), array([-0.23236606, -0.23236606, -0.23236606], dtype=float32), array([-0.23198438, -0.23198438, -0.23198438], dtype=float32), array([-0.23194544, -0.23194544, -0.23194544], dtype=float32), array([-0.23218732, -0.23218732, -0.23218732], dtype=float32), array([-0.23223282, -0.23223282, -0.23223282], dtype=float32), array([-0.23236229, -0.23236229, -0.23236229], dtype=float32), array([-0.23243265, -0.23243265, -0.23243265], dtype=float32), array([-0.23278147, -0.23278147, -0.23278147], dtype=float32), array([-0.23288159, -0.23288159, -0.23288159], dtype=float32), array([-0.2333505, -0.2333505, -0.2333505], dtype=float32), array([-0.23418117, -0.23418117, -0.23418117], dtype=float32), array([-0.235146, -0.235146, -0.235146], dtype=float32), array([-0.23592018, -0.23592018, -0.23592018], dtype=float32), array([-0.23659138, -0.23659138, -0.23659138], dtype=float32), array([-0.23721153, -0.23721153, -0.23721153], dtype=float32), array([-0.23779511, -0.23779511, -0.23779511], dtype=float32), array([-0.23873517, -0.23873517, -0.23873517], dtype=float32), array([-0.24024777, -0.24024777, -0.24024777], dtype=float32), array([-0.24097115, -0.24097115, -0.24097115], dtype=float32), array([-0.2419186, -0.2419186, -0.2419186], dtype=float32), array([-0.24317831, -0.24317831, -0.24317831], dtype=float32), array([-0.24425247, -0.24425247, -0.24425247], dtype=float32), array([-0.24498469, -0.24498469, -0.24498469], dtype=float32)]",1,0,0,0,0,0,55.517293233082704,60.10075187969925,0.00015927446169295765,2000,0.0003647203558777684,9.63,58000,9.63,58000,2000,0.3377127537524545,0.000126215789350681,898101,-0.0003911256790161133,0.0013802934991,0.0017105820588767529,81158,30969,100.49061584472656,0.4722185432910919,29.0,7.428610842907801e-05,1.0,0.3492720425128937,999.0,0.0,0.04440681263804436,343.4204789506624,0.0,999.0,898101,0.0013802934991,23810,30969,0.0393447157605,0.0,29.0,1.0,343.4207717273828,2697000,93000,104968,61938,0,1796202,1031.2976042732798,6275472.36529665,6465645.868052517,10.5,50,29.0,9.5,1.0067001111073661,0.001607116160012083,0.00010805953262838481,0.0003064075115328924,1.0067001111073661,100,0.18610512210012967,9.94,2,1450,2.0,4.9270683502001756e-05,2,58100,0.00016671254053156464,0.0003917905162062696,2900,100,9.94,2900,100,9.94,6.876524503931663e-06,7.652522149692272e-06,4.2855120995670205e-05,3.338318812826968e-05,2.0334541487740577e-05,2.9024285248214174e-05,4.878015587582442e-05,1.6299041340790496e-05,2.928559489653442e-05,2.2534934612174655e-05,0.00015194126369023957,0.05493465291761101,0.006495713162233043,0.05419149569132704,0.16944089102764737,0.03334024501183804,0.01835831740950103,0.00016556425887578893,3133914,871.0,108066,0.0,498.0,899.0,91.0558853149414,0.0017642560414969921,0.4722185730934143,871.0,108066,0.35002846,498.0,1.0,0.046022891998291016,899.0,0.0006024119211360812,3133914,-0.040267109870910645,651000,6267828,18879000,216132,10108.149494357198,7.819453892685436e-06,4.544042989004803e-05,3.475119530013797e-05,2.0781874040032607e-05,6.7113256250913446e-06,5.162825537500972e-05,1.6927825740433264e-05,3.0069379184089312e-05,2.3071099263317004e-05,0.00016845069224104175,3.0466515172003794e-05
1,60000,False,30,d1e1b_00000,2025-08-17_21-16-15,1755465375,90.1780059337616,2816.675051689148,685847,intrinsic-attention2,10.156.0.3,2816.675051689148,30,92.30732015780436,1.6069794296695655e-05,92.30704169143216,2.8910785513627335,89.06827731273982,0.0019906663175004277,0.0015682781004579737,10.07,29.0,9.5,4.751082810798195e-05,9.965231613094827e-05,0.0002576240076450631,1.0067001111073661,2,2000,2,30000,2.8601787251521658,1.0067001111073661,60000,2.0,10.5,1000,399.7913641544759,2000.0,3000.0,"[array([[4.1281277e-01, 6.9123358e-05, 5.8711815e-01],
       [1.1505111e-01, 1.5462287e-23, 8.8494897e-01],
       [4.2934230e-01, 3.8880410e-04, 5.7026893e-01]], dtype=float32), array([[5.6754827e-01, 9.5871547e-03, 4.2286462e-01],
       [9.8326170e-01, 2.8924667e-25, 1.6738243e-02],
       [6.3786060e-01, 2.4618147e-04, 3.6189321e-01]], dtype=float32), array([[4.1272700e-01, 6.8683155e-05, 5.8720434e-01],
       [1.1488832e-01, 1.5065273e-23, 8.8511169e-01],
       [4.2927364e-01, 3.8682815e-04, 5.7033956e-01]], dtype=float32), array([[4.3023914e-01, 1.0187169e-01, 4.6788916e-01],
       [8.1001841e-02, 6.2278066e-20, 9.1899818e-01],
       [2.2630101e-01, 5.5900639e-01, 2.1469261e-01]], dtype=float32), array([[5.6735647e-01, 9.7288154e-03, 4.2291471e-01],
       [9.8305410e-01, 3.8792938e-25, 1.6945856e-02],
       [6.3768357e-01, 2.5287067e-04, 3.6206362e-01]], dtype=float32), array([[4.1385412e-01, 7.3637828e-05, 5.8607227e-01],
       [1.1780392e-01, 2.3561371e-23, 8.8219613e-01],
       [4.3007955e-01, 4.0467238e-04, 5.6951582e-01]], dtype=float32), array([[4.14267302e-01, 7.56049194e-05, 5.85657120e-01],
       [1.18833736e-01, 2.75226975e-23, 8.81166279e-01],
       [4.30381685e-01, 4.11982444e-04, 5.69206357e-01]], dtype=float32), array([[3.9485776e-01, 1.9932006e-01, 4.0582213e-01],
       [1.5811205e-01, 1.1787074e-19, 8.4188795e-01],
       [2.1846400e-01, 5.7132655e-01, 2.1020952e-01]], dtype=float32), array([[4.1594288e-01, 8.4195839e-05, 5.8397287e-01],
       [1.2248589e-01, 4.4894506e-23, 8.7751406e-01],
       [4.3166232e-01, 4.4587246e-04, 5.6789190e-01]], dtype=float32), array([[1.7370708e-02, 9.6064150e-01, 2.1987798e-02],
       [9.3570840e-01, 1.4838442e-20, 6.4291559e-02],
       [1.9729404e-01, 5.9225309e-01, 2.1045285e-01]], dtype=float32), array([[3.8917485e-01, 2.1217968e-01, 3.9864546e-01],
       [1.6346706e-01, 2.1126963e-19, 8.3653289e-01],
       [2.1345502e-01, 5.8140153e-01, 2.0514338e-01]], dtype=float32), array([[1.7165057e-02, 9.6107537e-01, 2.1759592e-02],
       [9.3562657e-01, 1.7539006e-20, 6.4373411e-02],
       [1.9582710e-01, 5.9509128e-01, 2.0908163e-01]], dtype=float32), array([[4.1833970e-01, 9.6741489e-05, 5.8156353e-01],
       [1.2781802e-01, 8.1475151e-23, 8.7218201e-01],
       [4.3347350e-01, 4.9203180e-04, 5.6603444e-01]], dtype=float32), array([[3.5281241e-02, 9.2383820e-01, 4.0880494e-02],
       [8.8170505e-01, 4.0557169e-20, 1.1829495e-01],
       [1.9672391e-01, 5.9645772e-01, 2.0681830e-01]], dtype=float32), array([[1.6876062e-02, 9.6167773e-01, 2.1446187e-02],
       [9.3533927e-01, 2.4935610e-20, 6.4660735e-02],
       [1.9345014e-01, 5.9968072e-01, 2.0686914e-01]], dtype=float32), array([[4.5663744e-01, 1.9604623e-04, 5.4316652e-01],
       [2.4950360e-01, 1.0653288e-22, 7.5049645e-01],
       [4.6165198e-01, 5.0120096e-04, 5.3784686e-01]], dtype=float32), array([[3.44533287e-02, 9.25521433e-01, 4.00252156e-02],
       [8.81770194e-01, 6.15263660e-20, 1.18229754e-01],
       [1.94048747e-01, 6.01637900e-01, 2.04313353e-01]], dtype=float32), array([[1.6605474e-02, 9.6224022e-01, 2.1154370e-02],
       [9.3466830e-01, 3.9426934e-20, 6.5331712e-02],
       [1.9044511e-01, 6.0550779e-01, 2.0404707e-01]], dtype=float32), array([[3.3752680e-02, 9.2694998e-01, 3.9297398e-02],
       [8.8196176e-01, 8.3447202e-20, 1.1803826e-01],
       [1.9189677e-01, 6.0580599e-01, 2.0229720e-01]], dtype=float32), array([[4.2246133e-01, 1.2368908e-04, 5.7741499e-01],
       [1.3761489e-01, 2.4267893e-22, 8.6238509e-01],
       [4.3658769e-01, 5.8607064e-04, 5.6282616e-01]], dtype=float32), array([[5.6066680e-01, 1.3259434e-02, 4.2607379e-01],
       [9.8042148e-01, 6.4290484e-24, 1.9578483e-02],
       [6.3186723e-01, 3.9267421e-04, 3.6774012e-01]], dtype=float32), array([[3.7542567e-01, 2.4284911e-01, 3.8172522e-01],
       [1.7852275e-01, 7.9084102e-19, 8.2147729e-01],
       [2.0461459e-01, 5.9899652e-01, 1.9638887e-01]], dtype=float32), array([[1.4338714e-01, 3.7168132e-04, 8.5624111e-01],
       [8.7223074e-05, 2.5866459e-18, 9.9991274e-01],
       [1.5165006e-01, 7.5465387e-01, 9.3696080e-02]], dtype=float32), array([[4.5892286e-01, 2.3657863e-04, 5.4084051e-01],
       [2.5944197e-01, 2.6181160e-22, 7.4055809e-01],
       [4.6353254e-01, 5.7876908e-04, 5.3588867e-01]], dtype=float32), array([[5.6129539e-01, 7.1390751e-03, 4.3156555e-01],
       [9.5944542e-01, 1.4619806e-23, 4.0554576e-02],
       [6.0740763e-01, 4.2471205e-04, 3.9216766e-01]], dtype=float32), array([[3.2806281e-02, 9.2888302e-01, 3.8310632e-02],
       [8.8225716e-01, 1.2363635e-19, 1.1774282e-01],
       [1.8897218e-01, 6.1147529e-01, 1.9955252e-01]], dtype=float32), array([[3.2747116e-02, 9.2900360e-01, 3.8249344e-02],
       [8.8227326e-01, 1.2723576e-19, 1.1772677e-01],
       [1.8878579e-01, 6.1183584e-01, 1.9937831e-01]], dtype=float32), array([[5.6005561e-01, 1.3839489e-02, 4.2610490e-01],
       [9.8075348e-01, 7.5867727e-24, 1.9246476e-02],
       [6.3237923e-01, 4.0306253e-04, 3.6721763e-01]], dtype=float32), array([[1.5980359e-02, 9.6355116e-01, 2.0468427e-02],
       [9.3445998e-01, 7.2125083e-20, 6.5539971e-02],
       [1.8599550e-01, 6.1409891e-01, 1.9990557e-01]], dtype=float32), array([[1.5960041e-02, 9.6359420e-01, 2.0445773e-02],
       [9.3452412e-01, 7.1978859e-20, 6.5475903e-02],
       [1.8598227e-01, 6.1412013e-01, 1.9989760e-01]], dtype=float32), array([[3.7307256e-01, 2.4806041e-01, 3.7886703e-01],
       [1.8166798e-01, 8.9416435e-19, 8.1833196e-01],
       [2.0369524e-01, 6.0076225e-01, 1.9554257e-01]], dtype=float32)]","[array([-0.245583, -0.245583, -0.245583], dtype=float32), array([nan, nan, nan], dtype=float32), array([nan, nan, nan], dtype=float32), array([nan, nan, nan], dtype=float32), array([nan, nan, nan], dtype=float32), array([-0.28235254, -0.28235254, -0.28235254], dtype=float32), array([nan, nan, nan], dtype=float32), array([nan, nan, nan], dtype=float32), array([-0.33037773, -0.33037773, -0.33037773], dtype=float32), array([-0.34450045, -0.34450045, -0.34450045], dtype=float32), array([nan, nan, nan], dtype=float32), array([nan, nan, nan], dtype=float32), array([-0.37984583, -0.37984583, -0.37984583], dtype=float32), array([nan, nan, nan], dtype=float32), array([nan, nan, nan], dtype=float32), array([nan, nan, nan], dtype=float32), array([nan, nan, nan], dtype=float32), array([-0.41763026, -0.41763026, -0.41763026], dtype=float32), array([nan, nan, nan], dtype=float32), array([-0.42807916, -0.42807916, -0.42807916], dtype=float32), array([nan, nan, nan], dtype=float32), array([-0.43601823, -0.43601823, -0.43601823], dtype=float32), array([nan, nan, nan], dtype=float32), array([nan, nan, nan], dtype=float32), array([nan, nan, nan], dtype=float32), array([-0.44965708, -0.44965708, -0.44965708], dtype=float32), array([nan, nan, nan], dtype=float32), array([nan, nan, nan], dtype=float32), array([nan, nan, nan], dtype=float32), array([-0.45828286, -0.45828286, -0.45828286], dtype=float32), array([-0.4597271, -0.4597271, -0.4597271], dtype=float32)]","[array([-0.24558304, -0.24558304, -0.24558304], dtype=float32), array([-0.24611668, -0.24611668, -0.24611668], dtype=float32), array([-0.24656443, -0.24656443, -0.24656443], dtype=float32), array([-0.2483659, -0.2483659, -0.2483659], dtype=float32), array([-0.26427415, -0.26427415, -0.26427415], dtype=float32), array([-0.2823525, -0.2823525, -0.2823525], dtype=float32), array([-0.29855898, -0.29855898, -0.29855898], dtype=float32), array([-0.31494066, -0.31494066, -0.31494066], dtype=float32), array([-0.33037773, -0.33037773, -0.33037773], dtype=float32), array([-0.3445005, -0.3445005, -0.3445005], dtype=float32), array([-0.3568767, -0.3568767, -0.3568767], dtype=float32), array([-0.36899394, -0.36899394, -0.36899394], dtype=float32), array([-0.37984577, -0.37984577, -0.37984577], dtype=float32), array([-0.38972285, -0.38972285, -0.38972285], dtype=float32), array([-0.39785826, -0.39785826, -0.39785826], dtype=float32), array([-0.40516424, -0.40516424, -0.40516424], dtype=float32), array([-0.4117689, -0.4117689, -0.4117689], dtype=float32), array([-0.41763026, -0.41763026, -0.41763026], dtype=float32), array([-0.42309955, -0.42309955, -0.42309955], dtype=float32), array([-0.42807916, -0.42807916, -0.42807916], dtype=float32), array([-0.43246168, -0.43246168, -0.43246168], dtype=float32), array([-0.4360182, -0.4360182, -0.4360182], dtype=float32), array([-0.43987322, -0.43987322, -0.43987322], dtype=float32), array([-0.44351155, -0.44351155, -0.44351155], dtype=float32), array([-0.44678792, -0.44678792, -0.44678792], dtype=float32), array([-0.44965702, -0.44965702, -0.44965702], dtype=float32), array([-0.45219037, -0.45219037, -0.45219037], dtype=float32), array([-0.45446956, -0.45446956, -0.45446956], dtype=float32), array([-0.4564987, -0.4564987, -0.4564987], dtype=float32), array([-0.4582829, -0.4582829, -0.4582829], dtype=float32), array([-0.4597272, -0.4597272, -0.4597272], dtype=float32)]",1,0,0,0,0,0,55.51317829457364,60.100775193798455,0.00016348748529450822,2000,0.0003728885737437256,10.07,60000,10.07,60000,2000,0.3375271860350458,-0.02854469232261181,929070,-0.488037109375,0.0013802934991,0.06874081492424011,81158,30969,105.61357116699219,0.4722185432910919,30.0,0.00011142916628159583,1.0,0.32050949335098267,999.0,0.0,0.11427479237318039,343.7360620831133,0.0,999.0,929070,0.0013802934991,23810,30969,0.0393447157605,0.0,30.0,1.0,343.73633510246447,2790000,93000,104968,61938,0,1858140,1032.2450598857638,6270520.856696601,6469634.0586303165,10.5,50,30.0,-10.5,1.0067001111073661,0.0020688974313088694,0.00015858666287955285,0.00030528624646707683,1.0067001111073661,100,0.1862779660891712,9.54,2,1500,2.0,6.645156888789327e-05,2,60100,0.00023827967200359856,0.0005540509395055561,3000,100,9.54,3000,100,9.54,7.018179436627668e-06,7.866193593426558e-06,4.493999071785915e-05,3.3778106410621695e-05,2.084177737110064e-05,2.9549507598418438e-05,4.956398359978176e-05,1.66990953800619e-05,2.9825356325995734e-05,2.2970415191902227e-05,0.00015663919385110737,0.054901854358472106,0.006496322060563319,0.05412917052446138,0.16943038651734982,0.03328687235172996,0.018329274505419987,0.00016559044632255361,3241980,901.0,108066,0.0,498.0,930.0,105.92636108398438,0.10007090866565704,0.4722185730934143,901.0,108066,0.30835113,498.0,1.0,0.11205817759037018,930.0,-0.0567401647567749,3241980,-0.3929450511932373,651000,6483960,19530000,216132,10083.626404548195,1.094319969943441e-05,6.660930065480255e-05,4.9566121198599875e-05,2.8209826123300757e-05,9.347896766951066e-06,7.61372272960265e-05,2.4212060232956597e-05,4.3190332069190984e-05,3.196542971956921e-05,0.00023046122937578773,4.45133643981346e-05
1,62000,False,31,d1e1b_00000,2025-08-17_21-17-50,1755465470,94.61970210075378,2911.2947537899017,685847,intrinsic-attention2,10.156.0.3,2911.2947537899017,31,92.32842659213642,1.6044146421639625e-05,92.32814700820789,2.8911870149491987,89.08916657290243,0.001993174314232068,0.001554960049543297,7.98,30.0,-10.5,4.9142178962971915e-05,0.00010291209429082398,0.0002576240076450631,1.0067001111073661,2,2000,2,31000,2.860301036180716,1.0067001111073661,62000,2.0,10.5,1000,388.20747360963855,2000.0,3000.0,"[array([[5.6126940e-01, 7.2380221e-03, 4.3149257e-01],
       [9.5975113e-01, 1.5532780e-23, 4.0248845e-02],
       [6.0769868e-01, 4.2749353e-04, 3.9187384e-01]], dtype=float32), array([[1.5899561e-02, 9.6372330e-01, 2.0377113e-02],
       [9.3472433e-01, 7.0598282e-20, 6.5275684e-02],
       [1.8595447e-01, 6.1416376e-01, 1.9988173e-01]], dtype=float32), array([[2.7697326e-05, 9.9993253e-01, 3.9824627e-05],
       [7.7889794e-01, 1.2240557e-16, 2.2110201e-01],
       [1.4025712e-04, 9.9966908e-01, 1.9065839e-04]], dtype=float32), array([[1.5863424e-02, 9.6380103e-01, 2.0335559e-02],
       [9.3483549e-01, 6.9632245e-20, 6.5164469e-02],
       [1.8591873e-01, 6.1422890e-01, 1.9985229e-01]], dtype=float32), array([[2.7703374e-05, 9.9993253e-01, 3.9824434e-05],
       [7.7874368e-01, 1.2291048e-16, 2.2125638e-01],
       [1.4013071e-04, 9.9966943e-01, 1.9045782e-04]], dtype=float32), array([[4.1439024e-01, 1.4692730e-01, 4.3868250e-01],
       [1.0394146e-01, 9.7475956e-19, 8.9605856e-01],
       [2.0700674e-01, 5.9770155e-01, 1.9529167e-01]], dtype=float32), array([[4.2455381e-01, 1.3344323e-04, 5.7531267e-01],
       [1.4306800e-01, 3.3306851e-22, 8.5693204e-01],
       [4.3807870e-01, 6.0862344e-04, 5.6131274e-01]], dtype=float32), array([[5.60277939e-01, 1.39011955e-02, 4.25820827e-01],
       [9.81159449e-01, 7.37781057e-24, 1.88405942e-02],
       [6.33299470e-01, 3.96999007e-04, 3.66303533e-01]], dtype=float32), array([[5.6029952e-01, 1.3897231e-02, 4.2580324e-01],
       [9.8116630e-01, 7.4203688e-24, 1.8833654e-02],
       [6.3333613e-01, 3.9677616e-04, 3.6626714e-01]], dtype=float32), array([[5.6033248e-01, 1.3886221e-02, 4.2578134e-01],
       [9.8117745e-01, 7.4282708e-24, 1.8822564e-02],
       [6.3338137e-01, 3.9627240e-04, 3.6622241e-01]], dtype=float32), array([[4.2457855e-01, 1.3328900e-04, 5.7528818e-01],
       [1.4325429e-01, 3.3935925e-22, 8.5674572e-01],
       [4.3808439e-01, 6.0703151e-04, 5.6130862e-01]], dtype=float32), array([[2.7758615e-05, 9.9993229e-01, 3.9887029e-05],
       [7.7825433e-01, 1.2870505e-16, 2.2174568e-01],
       [1.3995367e-04, 9.9966991e-01, 1.9016879e-04]], dtype=float32), array([[1.6112396e-02, 9.6324944e-01, 2.0638224e-02],
       [9.3478656e-01, 7.2819986e-20, 6.5213479e-02],
       [1.8761347e-01, 6.1087954e-01, 2.0150703e-01]], dtype=float32), array([[4.14923996e-01, 1.45534888e-01, 4.39541131e-01],
       [1.03800334e-01, 9.96016654e-19, 8.96199644e-01],
       [2.08221123e-01, 5.95248699e-01, 1.96530208e-01]], dtype=float32), array([[5.6042278e-01, 1.3859690e-02, 4.2571747e-01],
       [9.8122084e-01, 7.4196502e-24, 1.8779198e-02],
       [6.3352591e-01, 3.9473586e-04, 3.6607930e-01]], dtype=float32), array([[5.6155729e-01, 7.1641677e-03, 4.3127859e-01],
       [9.5987403e-01, 1.5825160e-23, 4.0125944e-02],
       [6.0803044e-01, 4.2222478e-04, 3.9154732e-01]], dtype=float32), array([[1.6152866e-02, 9.6315986e-01, 2.0687250e-02],
       [9.3482590e-01, 7.2325280e-20, 6.5174103e-02],
       [1.8797715e-01, 6.1016196e-01, 2.0186089e-01]], dtype=float32), array([[3.34923752e-02, 9.27445710e-01, 3.90618928e-02],
       [8.81613493e-01, 1.31733605e-19, 1.18386485e-01],
       [1.90713227e-01, 6.08051062e-01, 2.01235697e-01]], dtype=float32), array([[3.7400907e-01, 2.4603920e-01, 3.7995175e-01],
       [1.8249317e-01, 9.1288790e-19, 8.1750685e-01],
       [2.0569685e-01, 5.9668928e-01, 1.9761379e-01]], dtype=float32), array([[1.6180798e-02, 9.6309757e-01, 2.0721581e-02],
       [9.3481779e-01, 7.2987619e-20, 6.5182269e-02],
       [1.8816273e-01, 6.0979426e-01, 2.0204301e-01]], dtype=float32), array([[3.7400901e-01, 2.4604118e-01, 3.7994981e-01],
       [1.8260744e-01, 9.2137312e-19, 8.1739253e-01],
       [2.0578764e-01, 5.9650350e-01, 1.9770896e-01]], dtype=float32), array([[3.7405658e-01, 2.4593741e-01, 3.8000599e-01],
       [1.8261899e-01, 9.2329528e-19, 8.1738102e-01],
       [2.0586605e-01, 5.9634489e-01, 1.9778912e-01]], dtype=float32), array([[5.60452461e-01, 1.38578005e-02, 4.25689757e-01],
       [9.81218994e-01, 7.58050680e-24, 1.87809989e-02],
       [6.33573592e-01, 3.94776114e-04, 3.66031587e-01]], dtype=float32), array([[3.7408486e-01, 2.4587670e-01, 3.8003850e-01],
       [1.8264048e-01, 9.2180697e-19, 8.1735951e-01],
       [2.0592360e-01, 5.9622741e-01, 1.9784904e-01]], dtype=float32), array([[3.3591237e-02, 9.2723572e-01, 3.9172936e-02],
       [8.8160801e-01, 1.3331154e-19, 1.1839201e-01],
       [1.9106756e-01, 6.0734838e-01, 2.0158410e-01]], dtype=float32), array([[4.2463878e-01, 1.3306743e-04, 5.7522810e-01],
       [1.4353549e-01, 3.4401497e-22, 8.5646451e-01],
       [4.3811283e-01, 6.0473848e-04, 5.6128240e-01]], dtype=float32), array([[5.6047225e-01, 1.3849577e-02, 4.2567822e-01],
       [9.8123413e-01, 7.5197085e-24, 1.8765807e-02],
       [6.3360518e-01, 3.9424724e-04, 3.6600059e-01]], dtype=float32), array([[1.6188405e-02, 9.6307915e-01, 2.0732442e-02],
       [9.3488634e-01, 7.2723652e-20, 6.5113612e-02],
       [1.8835725e-01, 6.0940635e-01, 2.0223631e-01]], dtype=float32), array([[5.6046790e-01, 1.3851137e-02, 4.2568094e-01],
       [9.8124641e-01, 7.4453615e-24, 1.8753549e-02],
       [6.3361251e-01, 3.9403114e-04, 3.6599335e-01]], dtype=float32), array([[5.6160426e-01, 7.1625602e-03, 4.3123311e-01],
       [9.5995247e-01, 1.5829412e-23, 4.0047526e-02],
       [6.0812968e-01, 4.2138412e-04, 3.9144889e-01]], dtype=float32), array([[4.6069252e-01, 2.4402454e-04, 5.3906345e-01],
       [2.6785204e-01, 2.8820701e-22, 7.3214799e-01],
       [4.6493080e-01, 5.7528896e-04, 5.3449398e-01]], dtype=float32)]","[array([-0.4609777, -0.4609777, -0.4609777], dtype=float32), array([-0.46222454, -0.46222454, -0.46222454], dtype=float32), array([-0.463661, -0.463661, -0.463661], dtype=float32), array([-0.4650932, -0.4650932, -0.4650932], dtype=float32), array([-0.4594987, -0.4594987, -0.4594987], dtype=float32), array([-0.454608, -0.454608, -0.454608], dtype=float32), array([-0.4503488, -0.4503488, -0.4503488], dtype=float32), array([-0.44659695, -0.44659695, -0.44659695], dtype=float32), array([-0.4432685, -0.4432685, -0.4432685], dtype=float32), array([-0.43993562, -0.43993562, -0.43993562], dtype=float32), array([-0.43711966, -0.43711966, -0.43711966], dtype=float32), array([-0.43428037, -0.43428037, -0.43428037], dtype=float32), array([-0.4317264, -0.4317264, -0.4317264], dtype=float32), array([-0.4290318, -0.4290318, -0.4290318], dtype=float32), array([-0.42683983, -0.42683983, -0.42683983], dtype=float32), array([-0.4244242, -0.4244242, -0.4244242], dtype=float32), array([-0.42238992, -0.42238992, -0.42238992], dtype=float32), array([-0.42012957, -0.42012957, -0.42012957], dtype=float32), array([-0.41821885, -0.41821885, -0.41821885], dtype=float32), array([-0.41624922, -0.41624922, -0.41624922], dtype=float32), array([-0.41456303, -0.41456303, -0.41456303], dtype=float32), array([-0.41275278, -0.41275278, -0.41275278], dtype=float32), array([-0.4110212, -0.4110212, -0.4110212], dtype=float32), array([-0.4095346, -0.4095346, -0.4095346], dtype=float32), array([-0.40823692, -0.40823692, -0.40823692], dtype=float32), array([-0.407177, -0.407177, -0.407177], dtype=float32), array([-0.40624094, -0.40624094, -0.40624094], dtype=float32), array([-0.40557435, -0.40557435, -0.40557435], dtype=float32), array([-0.40485978, -0.40485978, -0.40485978], dtype=float32), array([-0.40436107, -0.40436107, -0.40436107], dtype=float32), array([-0.40392178, -0.40392178, -0.40392178], dtype=float32)]","[array([-0.46097764, -0.46097764, -0.46097764], dtype=float32), array([-0.46222454, -0.46222454, -0.46222454], dtype=float32), array([-0.46366107, -0.46366107, -0.46366107], dtype=float32), array([-0.46509317, -0.46509317, -0.46509317], dtype=float32), array([-0.45949876, -0.45949876, -0.45949876], dtype=float32), array([-0.45460796, -0.45460796, -0.45460796], dtype=float32), array([-0.4503488, -0.4503488, -0.4503488], dtype=float32), array([-0.44659698, -0.44659698, -0.44659698], dtype=float32), array([-0.44326842, -0.44326842, -0.44326842], dtype=float32), array([-0.43993562, -0.43993562, -0.43993562], dtype=float32), array([-0.4371196, -0.4371196, -0.4371196], dtype=float32), array([-0.43428037, -0.43428037, -0.43428037], dtype=float32), array([-0.43172643, -0.43172643, -0.43172643], dtype=float32), array([-0.42903182, -0.42903182, -0.42903182], dtype=float32), array([-0.42683983, -0.42683983, -0.42683983], dtype=float32), array([-0.4244242, -0.4244242, -0.4244242], dtype=float32), array([-0.42238998, -0.42238998, -0.42238998], dtype=float32), array([-0.42012963, -0.42012963, -0.42012963], dtype=float32), array([-0.4182188, -0.4182188, -0.4182188], dtype=float32), array([-0.41624922, -0.41624922, -0.41624922], dtype=float32), array([-0.41456306, -0.41456306, -0.41456306], dtype=float32), array([-0.41275275, -0.41275275, -0.41275275], dtype=float32), array([-0.4110212, -0.4110212, -0.4110212], dtype=float32), array([-0.40953457, -0.40953457, -0.40953457], dtype=float32), array([-0.40823695, -0.40823695, -0.40823695], dtype=float32), array([-0.40717697, -0.40717697, -0.40717697], dtype=float32), array([-0.40624094, -0.40624094, -0.40624094], dtype=float32), array([-0.40557435, -0.40557435, -0.40557435], dtype=float32), array([-0.40485987, -0.40485987, -0.40485987], dtype=float32), array([-0.40436113, -0.40436113, -0.40436113], dtype=float32), array([-0.40392172, -0.40392172, -0.40392172], dtype=float32)]",1,0,0,0,0,0,55.539259259259254,60.15037037037037,0.00016969419569983277,2000,0.0003810443072398745,7.98,62000,7.98,62000,2000,0.33762610721456937,-0.05240644887089729,960039,-0.0003470182418823242,0.0013802934991,0.015342333354055882,81158,30969,145.603515625,0.4722185432910919,31.0,0.00011142916628159583,1.0,0.29662492871284485,999.0,0.0,0.1283322423696518,343.3843879044749,0.0,999.0,960039,0.0013802934991,23810,30969,0.0393447157605,0.0,31.0,1.0,343.3846468362154,2883000,93000,104968,61938,0,1920078,1031.188746183091,6249030.470187831,6456922.910285612,10.5,50,31.0,-10.5,1.0067001111073661,0.0023917992803035304,0.00015353725897828077,0.00030441665411920835,1.0067001111073661,100,0.18625723855822077,9.54,2,1550,2.0,6.521712819364405e-05,2,62100,0.00023220681144317054,0.0005362162698848803,3100,100,9.54,3100,100,9.54,7.0378183842020465e-06,7.970418012692721e-06,4.7586699869272014e-05,3.511017505998509e-05,2.1570819997869927e-05,3.0409280019845974e-05,5.103719369938497e-05,1.7243458119134046e-05,3.0240582292548518e-05,2.3011652382936644e-05,0.00015936704262431027,0.054888343014853035,0.006498837689917711,0.054071650899259166,0.1694183670422936,0.033365506598304194,0.018420934360377388,0.00016639227186575464,3350046,931.0,108066,0.0,498.0,961.0,100.9570541381836,0.017670517787337303,0.4722185730934143,931.0,108066,0.30581233,498.0,1.0,0.12258673459291458,961.0,-0.046057507395744324,3350046,-0.1435070037841797,651000,6700092,20181000,216132,10046.775384891518,1.0424731555543332e-05,6.302439044106319e-05,4.832693513396756e-05,2.755915328656795e-05,9.151590561914845e-06,7.284159619736462e-05,2.416136831098724e-05,4.225027489844746e-05,3.181642319556428e-05,0.00022073244320391848,4.303132576513509e-05
1,64000,False,32,d1e1b_00000,2025-08-17_21-19-22,1755465562,92.35431385040283,3003.6490676403046,685847,intrinsic-attention2,10.156.0.3,3003.6490676403046,32,92.32665361675514,1.599601503844509e-05,92.32637344203577,2.890186728169712,89.08638977789342,0.0019945333910943983,0.002290437620395096,7.72,31.0,-10.5,6.473735736106781e-05,0.00015550513894169908,0.0002576240076450631,1.0067001111073661,2,2000,2,32000,2.8591141746289157,1.0067001111073661,64000,2.0,10.5,1000,376.8353780619524,2000.0,3000.0,"[array([[5.6159443e-01, 7.1688551e-03, 4.3123668e-01],
       [9.5998740e-01, 1.5682552e-23, 4.0012591e-02],
       [6.0814160e-01, 4.2137571e-04, 3.9143699e-01]], dtype=float32), array([[1.6135769e-02, 9.6319348e-01, 2.0670814e-02],
       [9.3501139e-01, 7.1255884e-20, 6.4988635e-02],
       [1.8823463e-01, 6.0964364e-01, 2.0212176e-01]], dtype=float32), array([[2.7790638e-05, 9.9993229e-01, 3.9903578e-05],
       [7.7787298e-01, 1.2786164e-16, 2.2212699e-01],
       [1.3970294e-04, 9.9967062e-01, 1.8972764e-04]], dtype=float32), array([[3.4478148e-06, 9.9995649e-01, 4.0005445e-05],
       [9.9997687e-01, 1.6474874e-24, 2.3167739e-05],
       [4.0353328e-01, 2.3368725e-01, 3.6277953e-01]], dtype=float32), array([[5.6153667e-01, 7.2038402e-03, 4.3125942e-01],
       [9.5998621e-01, 1.6150810e-23, 4.0013772e-02],
       [6.0812825e-01, 4.2341399e-04, 3.9144832e-01]], dtype=float32), array([[4.2484260e-01, 1.3412435e-04, 5.7502329e-01],
       [1.4398523e-01, 3.4856618e-22, 8.5601485e-01],
       [4.3826601e-01, 6.0774741e-04, 5.6112623e-01]], dtype=float32), array([[3.4714803e-06, 9.9995625e-01, 4.0242448e-05],
       [9.9997675e-01, 1.6832911e-24, 2.3224655e-05],
       [4.0395978e-01, 2.3312791e-01, 3.6291233e-01]], dtype=float32), array([[1.6089482e-02, 9.6329105e-01, 2.0619486e-02],
       [9.3495816e-01, 7.4984123e-20, 6.5041840e-02],
       [1.8782714e-01, 6.1043429e-01, 2.0173854e-01]], dtype=float32), array([[5.6023449e-01, 1.3982543e-02, 4.2578301e-01],
       [9.8118985e-01, 7.8749428e-24, 1.8810160e-02],
       [6.3343334e-01, 3.9878421e-04, 3.6616787e-01]], dtype=float32), array([[3.7315866e-01, 2.4791452e-01, 3.7892681e-01],
       [1.8349610e-01, 9.5568147e-19, 8.1650394e-01],
       [2.0525669e-01, 5.9755152e-01, 1.9719180e-01]], dtype=float32), array([[5.6140608e-01, 7.2724405e-03, 4.3132150e-01],
       [9.5997345e-01, 1.6938726e-23, 4.0026519e-02],
       [6.0807061e-01, 4.2748582e-04, 3.9150190e-01]], dtype=float32), array([[4.6086332e-01, 2.4928569e-04, 5.3888738e-01],
       [2.6855350e-01, 3.1661408e-22, 7.3144656e-01],
       [4.6507701e-01, 5.8597105e-04, 5.3433704e-01]], dtype=float32), array([[4.14113730e-01, 1.47754058e-01, 4.38132167e-01],
       [1.05305366e-01, 1.08840094e-18, 8.94694686e-01],
       [2.07932010e-01, 5.95771790e-01, 1.96296185e-01]], dtype=float32), array([[3.7265888e-01, 2.4901190e-01, 3.7832925e-01],
       [1.8409672e-01, 1.0067169e-18, 8.1590325e-01],
       [2.0501319e-01, 5.9803212e-01, 1.9695467e-01]], dtype=float32), array([[2.8813691e-05, 9.9992990e-01, 4.1267052e-05],
       [7.7655858e-01, 1.3949137e-16, 2.2344142e-01],
       [1.4338315e-04, 9.9966228e-01, 1.9433608e-04]], dtype=float32), array([[3.9320660e-01, 2.4101780e-01, 3.6577564e-01],
       [9.9983156e-01, 2.8709832e-26, 1.6837879e-04],
       [7.9330504e-01, 8.8030865e-05, 2.0660697e-01]], dtype=float32), array([[2.8665094e-05, 9.9993026e-01, 4.1065436e-05],
       [7.7692473e-01, 1.3250356e-16, 2.2307527e-01],
       [1.4298415e-04, 9.9966311e-01, 1.9382946e-04]], dtype=float32), array([[5.6107104e-01, 7.4150846e-03, 4.3151388e-01],
       [9.6006793e-01, 1.6832687e-23, 3.9932050e-02],
       [6.0789609e-01, 4.3448058e-04, 3.9166939e-01]], dtype=float32), array([[4.6065187e-01, 2.4974853e-04, 5.3909838e-01],
       [2.6707983e-01, 2.8950319e-22, 7.3292011e-01],
       [4.6492299e-01, 5.9105945e-04, 5.3448600e-01]], dtype=float32), array([[3.7357104e-01, 2.4701625e-01, 3.7941271e-01],
       [1.8273346e-01, 8.2947382e-19, 8.1726658e-01],
       [2.0523395e-01, 5.9759718e-01, 1.9716887e-01]], dtype=float32), array([[1.5876280e-02, 9.6376008e-01, 2.0363631e-02],
       [9.3566477e-01, 6.2062146e-20, 6.4335272e-02],
       [1.8767565e-01, 6.1073184e-01, 2.0159253e-01]], dtype=float32), array([[5.5953228e-01, 1.4259614e-02, 4.2620811e-01],
       [9.8130715e-01, 6.3035615e-24, 1.8692851e-02],
       [6.3289338e-01, 4.0335464e-04, 3.6670333e-01]], dtype=float32), array([[1.5808256e-02, 9.6391088e-01, 2.0280924e-02],
       [9.3590593e-01, 5.7629912e-20, 6.4094089e-02],
       [1.8765123e-01, 6.1078244e-01, 2.0156625e-01]], dtype=float32), array([[1.5785448e-02, 9.6396148e-01, 2.0253064e-02],
       [9.3600208e-01, 5.5917358e-20, 6.3997872e-02],
       [1.8767229e-01, 6.1074227e-01, 2.0158544e-01]], dtype=float32), array([[1.5812706e-02, 9.6390182e-01, 2.0285482e-02],
       [9.3601054e-01, 5.5612807e-20, 6.3989416e-02],
       [1.8788326e-01, 6.1032778e-01, 2.0178899e-01]], dtype=float32), array([[4.2493260e-01, 1.3563989e-04, 5.7493174e-01],
       [1.4285037e-01, 2.7224892e-22, 8.5714960e-01],
       [4.3844238e-01, 6.2066753e-04, 5.6093693e-01]], dtype=float32), array([[5.6073087e-01, 7.5084041e-03, 4.3176073e-01],
       [9.6057320e-01, 1.2532487e-23, 3.9426759e-02],
       [6.0776258e-01, 4.3380909e-04, 3.9180356e-01]], dtype=float32), array([[4.14960235e-01, 1.45718351e-01, 4.39321458e-01],
       [1.04398385e-01, 7.86916821e-19, 8.95601630e-01],
       [2.08766103e-01, 5.94035923e-01, 1.97198004e-01]], dtype=float32), array([[1.5918324e-02, 9.6366924e-01, 2.0412417e-02],
       [9.3590015e-01, 5.7309697e-20, 6.4099774e-02],
       [1.8842606e-01, 6.0925895e-01, 2.0231503e-01]], dtype=float32), array([[1.5928276e-02, 9.6364748e-01, 2.0424234e-02],
       [9.3586940e-01, 5.7722925e-20, 6.4130589e-02],
       [1.8843648e-01, 6.0923874e-01, 2.0232472e-01]], dtype=float32), array([[4.6028778e-01, 2.4888769e-04, 5.3946334e-01],
       [2.6470143e-01, 2.4741402e-22, 7.3529857e-01],
       [4.6465203e-01, 5.9549278e-04, 5.3475243e-01]], dtype=float32)]","[array([-0.40358144, -0.40358144, -0.40358144], dtype=float32), array([-0.4029198, -0.4029198, -0.4029198], dtype=float32), array([-0.40135822, -0.40135822, -0.40135822], dtype=float32), array([-0.3985828, -0.3985828, -0.3985828], dtype=float32), array([-0.3960695, -0.3960695, -0.3960695], dtype=float32), array([-0.3936338, -0.3936338, -0.3936338], dtype=float32), array([-0.39088586, -0.39088586, -0.39088586], dtype=float32), array([-0.38682732, -0.38682732, -0.38682732], dtype=float32), array([-0.38322648, -0.38322648, -0.38322648], dtype=float32), array([-0.3793402, -0.3793402, -0.3793402], dtype=float32), array([-0.3752856, -0.3752856, -0.3752856], dtype=float32), array([-0.36866733, -0.36866733, -0.36866733], dtype=float32), array([-0.36119884, -0.36119884, -0.36119884], dtype=float32), array([-0.35442767, -0.35442767, -0.35442767], dtype=float32), array([-0.34704277, -0.34704277, -0.34704277], dtype=float32), array([-0.33775425, -0.33775425, -0.33775425], dtype=float32), array([-0.32687593, -0.32687593, -0.32687593], dtype=float32), array([-0.3151116, -0.3151116, -0.3151116], dtype=float32), array([-0.30073243, -0.30073243, -0.30073243], dtype=float32), array([-0.28549477, -0.28549477, -0.28549477], dtype=float32), array([-0.26868877, -0.26868877, -0.26868877], dtype=float32), array([-0.2506372, -0.2506372, -0.2506372], dtype=float32), array([-0.23120262, -0.23120262, -0.23120262], dtype=float32), array([-0.21084832, -0.21084832, -0.21084832], dtype=float32), array([-0.18938026, -0.18938026, -0.18938026], dtype=float32), array([-0.16849837, -0.16849837, -0.16849837], dtype=float32), array([-0.14606442, -0.14606442, -0.14606442], dtype=float32), array([-0.12188448, -0.12188448, -0.12188448], dtype=float32), array([-0.09581737, -0.09581737, -0.09581737], dtype=float32), array([-0.06914053, -0.06914053, -0.06914053], dtype=float32), array([-0.04217909, -0.04217909, -0.04217909], dtype=float32)]","[array([-0.4035815, -0.4035815, -0.4035815], dtype=float32), array([-0.4029198, -0.4029198, -0.4029198], dtype=float32), array([-0.40135816, -0.40135816, -0.40135816], dtype=float32), array([-0.39858288, -0.39858288, -0.39858288], dtype=float32), array([-0.3960695, -0.3960695, -0.3960695], dtype=float32), array([-0.3936338, -0.3936338, -0.3936338], dtype=float32), array([-0.39088586, -0.39088586, -0.39088586], dtype=float32), array([-0.38682732, -0.38682732, -0.38682732], dtype=float32), array([-0.38322642, -0.38322642, -0.38322642], dtype=float32), array([-0.37934023, -0.37934023, -0.37934023], dtype=float32), array([-0.37528563, -0.37528563, -0.37528563], dtype=float32), array([-0.3686673, -0.3686673, -0.3686673], dtype=float32), array([-0.3611989, -0.3611989, -0.3611989], dtype=float32), array([-0.35442767, -0.35442767, -0.35442767], dtype=float32), array([-0.3470427, -0.3470427, -0.3470427], dtype=float32), array([-0.33775425, -0.33775425, -0.33775425], dtype=float32), array([-0.32687595, -0.32687595, -0.32687595], dtype=float32), array([-0.31511164, -0.31511164, -0.31511164], dtype=float32), array([-0.30073243, -0.30073243, -0.30073243], dtype=float32), array([-0.28549477, -0.28549477, -0.28549477], dtype=float32), array([-0.26868874, -0.26868874, -0.26868874], dtype=float32), array([-0.2506372, -0.2506372, -0.2506372], dtype=float32), array([-0.23120262, -0.23120262, -0.23120262], dtype=float32), array([-0.21084833, -0.21084833, -0.21084833], dtype=float32), array([-0.18938024, -0.18938024, -0.18938024], dtype=float32), array([-0.16849835, -0.16849835, -0.16849835], dtype=float32), array([-0.14606443, -0.14606443, -0.14606443], dtype=float32), array([-0.12188447, -0.12188447, -0.12188447], dtype=float32), array([-0.09581736, -0.09581736, -0.09581736], dtype=float32), array([-0.06914054, -0.06914054, -0.06914054], dtype=float32), array([-0.0421791, -0.0421791, -0.0421791], dtype=float32)]",1,0,0,0,0,0,55.76893939393939,60.19545454545454,0.0002395971064588589,2000,0.0005331345467791293,7.72,64000,7.72,64000,2000,0.3396230136324574,-0.018657328560948372,991008,-0.43274593353271484,0.0013802934991,0.004553969018161297,81158,30969,15369.439453125,0.4722185432910919,32.0,5.571458314079791e-05,1.0,0.33037909865379333,999.0,0.0,0.12382537126541138,343.393280538908,0.0,999.0,991008,0.0013802934991,23810,30969,0.0393447157605,0.0,32.0,1.0,343.3935218037449,2976000,93000,104968,61938,0,1982016,1031.2152349873807,6238524.49091839,6455420.051133172,10.5,50,32.0,-10.5,1.0067001111073661,0.0022762692693504504,0.00015269151577133582,0.0003036100575844166,1.0067001111073661,100,0.18624913919270505,9.54,2,1600,2.0,6.32894765569344e-05,2,64100,0.00023333074237275175,0.0005287338967635933,3200,100,9.54,3200,100,9.54,1.005017582223109e-05,1.08523311276165e-05,6.413618269936343e-05,4.9000544317297675e-05,3.100279302512065e-05,4.2790794767603626e-05,7.274225165376811e-05,2.4243244823067023e-05,4.3471150899836854e-05,3.121325374786569e-05,0.0002173677885496132,0.055254046204615055,0.00653274424314305,0.054383562340346775,0.17052806987191238,0.03347730523226127,0.018478925796822344,0.00016677025919450714,3458112,961.0,108066,0.0,498.0,992.0,96.89985656738281,0.004467291291803122,0.4722185730934143,961.0,108066,0.31232834,498.0,1.0,0.11722777038812637,992.0,-0.03743269294500351,3458112,-0.07938742637634277,651000,6916224,20832000,216132,10015.892826041403,1.04528167371759e-05,6.170575005749121e-05,4.836251619977658e-05,2.7871015299488992e-05,9.333739917810262e-06,7.169180679611313e-05,2.466666364541066e-05,4.2764165382475116e-05,3.138807652241152e-05,0.00021409994721516165,4.401391102036848e-05
1,66000,False,33,d1e1b_00000,2025-08-17_21-20-56,1755465656,94.30095362663269,3097.9500212669373,685847,intrinsic-attention2,10.156.0.3,3097.9500212669373,33,92.3445417216275,1.5970544852754424e-05,92.34426075106535,2.888352156877997,89.10620124181462,0.0019929164972389384,0.0016238688096927945,8.5,32.0,-10.5,4.927867363159526e-05,0.00010747740691720681,0.0002576240076450631,1.0067001111073661,2,2000,2,33000,2.8572833809326377,1.0067001111073661,66000,2.0,10.5,1000,365.68411834830476,2000.0,3000.0,"[array([[3.8525045e-01, 2.0087160e-02, 5.9466237e-01],
       [5.4834983e-03, 2.3487570e-18, 9.9451643e-01],
       [1.2670259e-01, 7.7622491e-01, 9.7072497e-02]], dtype=float32), array([[4.6019527e-01, 2.4756015e-04, 5.3955722e-01],
       [2.6422337e-01, 2.3843216e-22, 7.3577666e-01],
       [4.6457824e-01, 5.9357687e-04, 5.3482819e-01]], dtype=float32), array([[3.29969525e-02, 9.28450406e-01, 3.85525487e-02],
       [8.84380937e-01, 9.93056756e-20, 1.15619026e-01],
       [1.92182854e-01, 6.05076611e-01, 2.02740505e-01]], dtype=float32), array([[4.6012411e-01, 2.4692703e-04, 5.3962892e-01],
       [2.6381892e-01, 2.3186553e-22, 7.3618108e-01],
       [4.6452317e-01, 5.9314363e-04, 5.3488368e-01]], dtype=float32), array([[3.30304690e-02, 9.28379536e-01, 3.85900401e-02],
       [8.84510398e-01, 9.68796648e-20, 1.15489595e-01],
       [1.92456231e-01, 6.04536295e-01, 2.03007519e-01]], dtype=float32), array([[3.29811200e-02, 9.28480029e-01, 3.85388359e-02],
       [8.84637892e-01, 9.68086565e-20, 1.15362085e-01],
       [1.92432880e-01, 6.04575932e-01, 2.02991128e-01]], dtype=float32), array([[4.15616453e-01, 1.44030154e-01, 4.40353453e-01],
       [1.04049176e-01, 7.55020736e-19, 8.95950794e-01],
       [2.10018054e-01, 5.91499031e-01, 1.98482886e-01]], dtype=float32), array([[3.7593338e-01, 2.4184382e-01, 3.8222277e-01],
       [1.8104716e-01, 6.7757120e-19, 8.1895286e-01],
       [2.0732586e-01, 5.9338838e-01, 1.9928581e-01]], dtype=float32), array([[4.2486152e-01, 1.3640981e-04, 5.7500201e-01],
       [1.4229609e-01, 2.6044905e-22, 8.5770398e-01],
       [4.3843091e-01, 6.2693411e-04, 5.6094217e-01]], dtype=float32), array([[1.6049897e-02, 9.6338385e-01, 2.0566167e-02],
       [9.3617767e-01, 5.1143059e-20, 6.3822307e-02],
       [1.8988709e-01, 6.0639495e-01, 2.0371798e-01]], dtype=float32), array([[1.6028641e-02, 9.6343189e-01, 2.0539589e-02],
       [9.3627924e-01, 4.9279285e-20, 6.3720770e-02],
       [1.8992962e-01, 6.0631418e-01, 2.0375624e-01]], dtype=float32), array([[3.7632835e-01, 2.4097699e-01, 3.8269466e-01],
       [1.8048178e-01, 6.2393861e-19, 8.1951821e-01],
       [2.0744905e-01, 5.9314352e-01, 1.9940744e-01]], dtype=float32), array([[4.5992577e-01, 2.4680464e-04, 5.3982747e-01],
       [2.6239786e-01, 2.0801863e-22, 7.3760211e-01],
       [4.6438017e-01, 5.9680745e-04, 5.3502303e-01]], dtype=float32), array([[3.2791276e-02, 9.2887551e-01, 3.8333103e-02],
       [8.8543731e-01, 8.4943539e-20, 1.1456268e-01],
       [1.9267680e-01, 6.0408539e-01, 2.0323782e-01]], dtype=float32), array([[4.1607106e-01, 1.4288102e-01, 4.4104794e-01],
       [1.0340059e-01, 6.5399872e-19, 8.9659935e-01],
       [2.1033581e-01, 5.9085000e-01, 1.9881418e-01]], dtype=float32), array([[4.5986938e-01, 2.4580912e-04, 5.3988481e-01],
       [2.6204833e-01, 1.9942950e-22, 7.3795164e-01],
       [4.6433648e-01, 5.9535546e-04, 5.3506809e-01]], dtype=float32), array([[1.6001046e-02, 9.6349508e-01, 2.0503951e-02],
       [9.3650639e-01, 4.5280872e-20, 6.3493587e-02],
       [1.9016740e-01, 6.0585314e-01, 2.0397946e-01]], dtype=float32), array([[3.7680036e-01, 2.3993838e-01, 3.8326126e-01],
       [1.7985740e-01, 5.7751057e-19, 8.2014263e-01],
       [2.0764156e-01, 5.9276175e-01, 1.9959675e-01]], dtype=float32), array([[5.5879194e-01, 1.4542789e-02, 4.2666525e-01],
       [9.8144031e-01, 4.8380808e-24, 1.8559622e-02],
       [6.3230342e-01, 4.0755971e-04, 3.6728904e-01]], dtype=float32), array([[4.5981163e-01, 2.4465052e-04, 5.3994375e-01],
       [2.6170528e-01, 1.9101759e-22, 7.3829472e-01],
       [4.6429110e-01, 5.9347897e-04, 5.3511542e-01]], dtype=float32), array([[5.5879593e-01, 1.4537308e-02, 4.2666680e-01],
       [9.8145121e-01, 4.7754432e-24, 1.8548738e-02],
       [6.3230878e-01, 4.0716439e-04, 3.6728403e-01]], dtype=float32), array([[4.1640097e-01, 1.4199920e-01, 4.4159976e-01],
       [1.0284868e-01, 6.1418827e-19, 8.9715135e-01],
       [2.1051869e-01, 5.9049290e-01, 1.9898841e-01]], dtype=float32), array([[3.2834735e-02, 9.2879343e-01, 3.8371876e-02],
       [8.8550526e-01, 7.8111131e-20, 1.1449477e-01],
       [1.9288932e-01, 6.0368276e-01, 2.0342796e-01]], dtype=float32), array([[5.5877787e-01, 1.4545679e-02, 4.2667645e-01],
       [9.8146951e-01, 4.7019790e-24, 1.8530505e-02],
       [6.3231200e-01, 4.0698380e-04, 3.6728102e-01]], dtype=float32), array([[3.7697625e-01, 2.3954912e-01, 3.8347468e-01],
       [1.7953917e-01, 5.5901409e-19, 8.2046080e-01],
       [2.0764525e-01, 5.9275949e-01, 1.9959527e-01]], dtype=float32), array([[4.5981765e-01, 2.4498539e-04, 5.3993744e-01],
       [2.6165754e-01, 1.8900254e-22, 7.3834240e-01],
       [4.6429843e-01, 5.9445429e-04, 5.3510714e-01]], dtype=float32), array([[5.5869639e-01, 1.4593349e-02, 4.2671031e-01],
       [9.8145491e-01, 4.7793430e-24, 1.8545121e-02],
       [6.3225520e-01, 4.0857680e-04, 3.6733618e-01]], dtype=float32), array([[5.5869478e-01, 1.4591415e-02, 4.2671382e-01],
       [9.8147285e-01, 4.6963840e-24, 1.8527124e-02],
       [6.3226521e-01, 4.0812162e-04, 3.6732671e-01]], dtype=float32), array([[5.6033927e-01, 7.6099918e-03, 4.3205082e-01],
       [9.6092743e-01, 9.6724918e-24, 3.9072543e-02],
       [6.0750699e-01, 4.3509263e-04, 3.9205793e-01]], dtype=float32), array([[3.3888775e-06, 9.9995792e-01, 3.8721817e-05],
       [9.9997735e-01, 9.5792257e-25, 2.2631308e-05],
       [4.0228727e-01, 2.3511575e-01, 3.6259696e-01]], dtype=float32), array([[5.6028777e-01, 7.6364558e-03, 4.3207577e-01],
       [9.6102750e-01, 9.3813500e-24, 3.8972545e-02],
       [6.0752249e-01, 4.3542896e-04, 3.9204210e-01]], dtype=float32)]","[array([-0.0140796, -0.0140796, -0.0140796], dtype=float32), array([0.01159906, 0.01159906, 0.01159906], dtype=float32), array([0.03530429, 0.03530429, 0.03530429], dtype=float32), array([0.05755775, 0.05755775, 0.05755775], dtype=float32), array([0.07839357, 0.07839357, 0.07839357], dtype=float32), array([0.09873068, 0.09873068, 0.09873068], dtype=float32), array([0.11841516, 0.11841516, 0.11841516], dtype=float32), array([0.13803618, 0.13803618, 0.13803618], dtype=float32), array([0.15703358, 0.15703358, 0.15703358], dtype=float32), array([0.17535123, 0.17535123, 0.17535123], dtype=float32), array([0.19326356, 0.19326356, 0.19326356], dtype=float32), array([0.21100336, 0.21100336, 0.21100336], dtype=float32), array([0.2269848, 0.2269848, 0.2269848], dtype=float32), array([0.24133345, 0.24133345, 0.24133345], dtype=float32), array([0.25477922, 0.25477922, 0.25477922], dtype=float32), array([0.26682714, 0.26682714, 0.26682714], dtype=float32), array([0.2781583, 0.2781583, 0.2781583], dtype=float32), array([0.28821766, 0.28821766, 0.28821766], dtype=float32), array([0.29745772, 0.29745772, 0.29745772], dtype=float32), array([0.3058418, 0.3058418, 0.3058418], dtype=float32), array([0.313291, 0.313291, 0.313291], dtype=float32), array([0.3207891, 0.3207891, 0.3207891], dtype=float32), array([0.32833666, 0.32833666, 0.32833666], dtype=float32), array([0.33637953, 0.33637953, 0.33637953], dtype=float32), array([0.34342155, 0.34342155, 0.34342155], dtype=float32), array([0.35009134, 0.35009134, 0.35009134], dtype=float32), array([0.35650477, 0.35650477, 0.35650477], dtype=float32), array([0.3633926, 0.3633926, 0.3633926], dtype=float32), array([0.3690333, 0.3690333, 0.3690333], dtype=float32), array([0.3758, 0.3758, 0.3758], dtype=float32), array([0.3828126, 0.3828126, 0.3828126], dtype=float32)]","[array([-0.0140796, -0.0140796, -0.0140796], dtype=float32), array([0.01159906, 0.01159906, 0.01159906], dtype=float32), array([0.0353043, 0.0353043, 0.0353043], dtype=float32), array([0.05755776, 0.05755776, 0.05755776], dtype=float32), array([0.07839356, 0.07839356, 0.07839356], dtype=float32), array([0.09873068, 0.09873068, 0.09873068], dtype=float32), array([0.11841513, 0.11841513, 0.11841513], dtype=float32), array([0.13803616, 0.13803616, 0.13803616], dtype=float32), array([0.15703355, 0.15703355, 0.15703355], dtype=float32), array([0.17535122, 0.17535122, 0.17535122], dtype=float32), array([0.19326355, 0.19326355, 0.19326355], dtype=float32), array([0.21100333, 0.21100333, 0.21100333], dtype=float32), array([0.22698475, 0.22698475, 0.22698475], dtype=float32), array([0.24133345, 0.24133345, 0.24133345], dtype=float32), array([0.25477928, 0.25477928, 0.25477928], dtype=float32), array([0.26682714, 0.26682714, 0.26682714], dtype=float32), array([0.27815822, 0.27815822, 0.27815822], dtype=float32), array([0.2882176, 0.2882176, 0.2882176], dtype=float32), array([0.29745772, 0.29745772, 0.29745772], dtype=float32), array([0.30584186, 0.30584186, 0.30584186], dtype=float32), array([0.31329104, 0.31329104, 0.31329104], dtype=float32), array([0.32078916, 0.32078916, 0.32078916], dtype=float32), array([0.32833672, 0.32833672, 0.32833672], dtype=float32), array([0.33637953, 0.33637953, 0.33637953], dtype=float32), array([0.3434215, 0.3434215, 0.3434215], dtype=float32), array([0.3500914, 0.3500914, 0.3500914], dtype=float32), array([0.35650477, 0.35650477, 0.35650477], dtype=float32), array([0.36339265, 0.36339265, 0.36339265], dtype=float32), array([0.3690333, 0.3690333, 0.3690333], dtype=float32), array([0.3758001, 0.3758001, 0.3758001], dtype=float32), array([0.38281253, 0.38281253, 0.38281253], dtype=float32)]",1,0,0,0,0,0,56.492592592592594,60.237777777777765,0.0001685682845710759,2000,0.0003916913757366345,8.5,66000,8.5,66000,2000,0.3395459285160557,-0.02662457898259163,1021977,-0.0064318180084228516,0.0013802934991,0.005436494015157223,81158,30969,2819.873779296875,0.4722185432910919,33.0,2.7857291570398957e-05,1.0,0.32243233919143677,999.0,0.0,0.10882168263196945,342.9292555428388,0.0,999.0,1021977,0.0013802934991,23810,30969,0.0393447157605,0.0,33.0,1.0,342.92948515411007,3069000,93000,104968,61938,0,2043954,1029.8215501038992,6207667.359959754,6433175.815968287,10.5,50,33.0,-10.5,1.0067001111073661,0.0021742024496779777,0.00013656210241979388,0.00030239728710291174,1.0067001111073661,100,0.18606921504069163,9.54,2,1650,2.0,5.98326241599917e-05,2,66100,0.00021230189550333257,0.0004914959279818348,3300,100,9.54,3300,100,9.54,7.196796024253372e-06,7.98721349000048e-06,4.587631899747822e-05,3.511386385761262e-05,2.154872535473844e-05,3.1253757996332036e-05,5.2186428657963825e-05,1.742373179338737e-05,3.0813938293005804e-05,2.3503319933494243e-05,0.00016479448737498692,0.055262523682477104,0.00653341531067443,0.054331551606848126,0.17056650905322585,0.03342111788997755,0.01845968154880383,0.0001668542965126673,3566178,991.0,108066,0.0,498.0,1023.0,98.7844467163086,0.004901678767055273,0.4722185730934143,991.0,108066,0.29925147,498.0,1.0,0.11694317311048508,1023.0,-0.050579577684402466,3566178,-0.04971027374267578,651000,7132356,21483000,216132,9980.165390842196,9.608502496339655e-06,5.5750922664258845e-05,4.4473480369145645e-05,2.6034644273308157e-05,8.518677812956714e-06,6.612109605098144e-05,2.2716734467401984e-05,3.9180700813493305e-05,2.9292759012719382e-05,0.00020103004759836749,4.0575567286080256e-05
1,68000,False,34,d1e1b_00000,2025-08-17_21-22-28,1755465748,91.74636483192444,3189.6963860988617,685847,intrinsic-attention2,10.156.0.3,3189.6963860988617,34,92.3366039682912,1.5936139397896493e-05,92.3363220207647,2.8882551324792933,89.09747784323643,0.001992865082285626,0.002104257419123314,8.82,33.0,-10.5,5.966906738692144e-05,0.00014096152051752266,0.0002576240076450631,1.0067001111073661,2,2000,2,34000,2.8569933331433015,1.0067001111073661,68000,2.0,10.5,1000,354.75879775125804,2000.0,3000.0,"[array([[4.5971248e-01, 2.4415486e-04, 5.4004335e-01],
       [2.6092499e-01, 1.7579512e-22, 7.3907495e-01],
       [4.6422100e-01, 5.9447595e-04, 5.3518456e-01]], dtype=float32), array([[5.6025380e-01, 7.6529938e-03, 4.3209332e-01],
       [9.6110475e-01, 9.1287946e-24, 3.8895197e-02],
       [6.0753500e-01, 4.3546222e-04, 3.9202946e-01]], dtype=float32), array([[5.5852526e-01, 1.4658070e-02, 4.2681667e-01],
       [9.8154026e-01, 4.3047315e-24, 1.8459782e-02],
       [6.3216794e-01, 4.0830640e-04, 3.6742380e-01]], dtype=float32), array([[5.5849344e-01, 1.4671226e-02, 4.2683533e-01],
       [9.8154849e-01, 4.2523602e-24, 1.8451475e-02],
       [6.3214689e-01, 4.0845404e-04, 3.6744466e-01]], dtype=float32), array([[3.2289602e-02, 9.2992574e-01, 3.7784688e-02],
       [8.8673043e-01, 6.9055862e-20, 1.1326962e-01],
       [1.9235104e-01, 6.0471261e-01, 2.0293628e-01]], dtype=float32), array([[3.7692508e-01, 2.3966783e-01, 3.8340712e-01],
       [1.7910822e-01, 4.9615854e-19, 8.2089180e-01],
       [2.0720632e-01, 5.9363967e-01, 1.9915400e-01]], dtype=float32), array([[5.5841357e-01, 1.4702910e-02, 4.2688352e-01],
       [9.8156458e-01, 4.1297488e-24, 1.8435370e-02],
       [6.3208646e-01, 4.0888693e-04, 3.6750469e-01]], dtype=float32), array([[4.2463991e-01, 1.3406840e-04, 5.7522601e-01],
       [1.4070424e-01, 1.9002307e-22, 8.5929573e-01],
       [4.3833369e-01, 6.2391837e-04, 5.6104243e-01]], dtype=float32), array([[1.5734416e-02, 9.6408159e-01, 2.0184016e-02],
       [9.3726492e-01, 3.6815508e-20, 6.2735133e-02],
       [1.8975498e-01, 6.0666341e-01, 2.0358160e-01]], dtype=float32), array([[4.5953482e-01, 2.4301907e-04, 5.4022217e-01],
       [2.5978878e-01, 1.6053578e-22, 7.4021125e-01],
       [4.6408817e-01, 5.9484446e-04, 5.3531694e-01]], dtype=float32), array([[5.5835217e-01, 1.4719629e-02, 4.2692819e-01],
       [9.8160422e-01, 3.9119005e-24, 1.8395813e-02],
       [6.3204902e-01, 4.0839022e-04, 3.6754256e-01]], dtype=float32), array([[4.5946452e-01, 2.4289489e-04, 5.4029256e-01],
       [2.5932014e-01, 1.5542809e-22, 7.4067986e-01],
       [4.6403688e-01, 5.9584895e-04, 5.3536731e-01]], dtype=float32), array([[4.1609374e-01, 1.4296478e-01, 4.4094151e-01],
       [1.0297425e-01, 4.9865823e-19, 8.9702576e-01],
       [2.0966227e-01, 5.9216756e-01, 1.9817020e-01]], dtype=float32), array([[3.7687778e-01, 2.3977634e-01, 3.8334587e-01],
       [1.7876251e-01, 4.5152724e-19, 8.2123744e-01],
       [2.0684502e-01, 5.9436464e-01, 1.9879036e-01]], dtype=float32), array([[3.1710785e-02, 9.3112534e-01, 3.7163787e-02],
       [8.8807321e-01, 6.1572895e-20, 1.1192682e-01],
       [1.9182113e-01, 6.0571754e-01, 2.0246126e-01]], dtype=float32), array([[4.15899992e-01, 1.43507063e-01, 4.40592974e-01],
       [1.03224784e-01, 4.92363491e-19, 8.96775246e-01],
       [2.09430903e-01, 5.92619479e-01, 1.97949663e-01]], dtype=float32), array([[4.5936736e-01, 2.4413239e-04, 5.4038852e-01],
       [2.5861260e-01, 1.5195583e-22, 7.4138743e-01],
       [4.6397018e-01, 6.0090335e-04, 5.3542894e-01]], dtype=float32), array([[1.5505354e-02, 9.6458232e-01, 1.9912319e-02],
       [9.3767035e-01, 3.4015202e-20, 6.2329698e-02],
       [1.8891318e-01, 6.0830945e-01, 2.0277742e-01]], dtype=float32), array([[3.7638804e-01, 2.4085426e-01, 3.8275769e-01],
       [1.7895308e-01, 4.4858491e-19, 8.2104689e-01],
       [2.0627016e-01, 5.9551895e-01, 1.9821085e-01]], dtype=float32), array([[5.5978346e-01, 7.8672944e-03, 4.3234921e-01],
       [9.6161389e-01, 7.7305568e-24, 3.8386159e-02],
       [6.0745645e-01, 4.4124495e-04, 3.9210227e-01]], dtype=float32), array([[4.5933151e-01, 2.4459988e-04, 5.4042381e-01],
       [2.5832918e-01, 1.4989255e-22, 7.4167079e-01],
       [4.6394622e-01, 6.0287525e-04, 5.3545088e-01]], dtype=float32), array([[5.5787283e-01, 1.4937319e-02, 4.2718989e-01],
       [9.8157287e-01, 3.7506695e-24, 1.8427094e-02],
       [6.3162118e-01, 4.1461259e-04, 3.6796409e-01]], dtype=float32), array([[3.1431682e-02, 9.3170339e-01, 3.6864966e-02],
       [8.8852811e-01, 6.1108944e-20, 1.1147196e-01],
       [1.9133219e-01, 6.0666144e-01, 2.0200638e-01]], dtype=float32), array([[3.14540379e-02, 9.31656063e-01, 3.68899368e-02],
       [8.88484836e-01, 6.17079774e-20, 1.11515164e-01],
       [1.91366538e-01, 6.06593370e-01, 2.02040017e-01]], dtype=float32), array([[3.7641394e-01, 2.4079891e-01, 3.8278711e-01],
       [1.7906995e-01, 4.5488094e-19, 8.2093006e-01],
       [2.0640352e-01, 5.9524775e-01, 1.9834875e-01]], dtype=float32), array([[4.15671229e-01, 1.44128919e-01, 4.40199852e-01],
       [1.03526786e-01, 4.96663900e-19, 8.96473169e-01],
       [2.09189042e-01, 5.93095601e-01, 1.97715312e-01]], dtype=float32), array([[3.7651560e-01, 2.4057567e-01, 3.8290876e-01],
       [1.7904399e-01, 4.5567508e-19, 8.2095599e-01],
       [2.0653346e-01, 5.9498620e-01, 1.9848032e-01]], dtype=float32), array([[3.7657645e-01, 2.4044186e-01, 3.8298166e-01],
       [1.7903593e-01, 4.5696776e-19, 8.2096410e-01],
       [2.0661758e-01, 5.9481692e-01, 1.9856547e-01]], dtype=float32), array([[4.1587955e-01, 1.4357641e-01, 4.4054401e-01],
       [1.0336882e-01, 4.9592026e-19, 8.9663118e-01],
       [2.0954660e-01, 5.9237766e-01, 1.9807577e-01]], dtype=float32), array([[4.1604435e-01, 1.4314230e-01, 4.4081336e-01],
       [1.0321491e-01, 4.9008083e-19, 8.9678502e-01],
       [2.0978889e-01, 5.9189075e-01, 1.9832033e-01]], dtype=float32), array([[4.16221261e-01, 1.42679960e-01, 4.41098809e-01],
       [1.03080936e-01, 4.84432535e-19, 8.96919072e-01],
       [2.10086644e-01, 5.91289937e-01, 1.98623419e-01]], dtype=float32)]","[array([0.3894461, 0.3894461, 0.3894461], dtype=float32), array([0.39542672, 0.39542672, 0.39542672], dtype=float32), array([0.40078005, 0.40078005, 0.40078005], dtype=float32), array([0.4055787, 0.4055787, 0.4055787], dtype=float32), array([0.40972275, 0.40972275, 0.40972275], dtype=float32), array([0.4134672, 0.4134672, 0.4134672], dtype=float32), array([0.41655165, 0.41655165, 0.41655165], dtype=float32), array([0.41894028, 0.41894028, 0.41894028], dtype=float32), array([0.420885, 0.420885, 0.420885], dtype=float32), array([0.42287993, 0.42287993, 0.42287993], dtype=float32), array([0.42427766, 0.42427766, 0.42427766], dtype=float32), array([0.42657194, 0.42657194, 0.42657194], dtype=float32), array([0.42901978, 0.42901978, 0.42901978], dtype=float32), array([0.43204248, 0.43204248, 0.43204248], dtype=float32), array([0.4356197, 0.4356197, 0.4356197], dtype=float32), array([0.43876693, 0.43876693, 0.43876693], dtype=float32), array([0.44193637, 0.44193637, 0.44193637], dtype=float32), array([0.44535977, 0.44535977, 0.44535977], dtype=float32), array([0.4493135, 0.4493135, 0.4493135], dtype=float32), array([0.45374343, 0.45374343, 0.45374343], dtype=float32), array([0.4586475, 0.4586475, 0.4586475], dtype=float32), array([0.46386045, 0.46386045, 0.46386045], dtype=float32), array([0.4694822, 0.4694822, 0.4694822], dtype=float32), array([0.47455138, 0.47455138, 0.47455138], dtype=float32), array([0.47938606, 0.47938606, 0.47938606], dtype=float32), array([0.48359182, 0.48359182, 0.48359182], dtype=float32), array([0.48699555, 0.48699555, 0.48699555], dtype=float32), array([0.48993373, 0.48993373, 0.48993373], dtype=float32), array([0.49349552, 0.49349552, 0.49349552], dtype=float32), array([0.49745673, 0.49745673, 0.49745673], dtype=float32), array([0.50201565, 0.50201565, 0.50201565], dtype=float32)]","[array([0.38944614, 0.38944614, 0.38944614], dtype=float32), array([0.39542672, 0.39542672, 0.39542672], dtype=float32), array([0.4007801, 0.4007801, 0.4007801], dtype=float32), array([0.40557867, 0.40557867, 0.40557867], dtype=float32), array([0.40972272, 0.40972272, 0.40972272], dtype=float32), array([0.41346732, 0.41346732, 0.41346732], dtype=float32), array([0.41655165, 0.41655165, 0.41655165], dtype=float32), array([0.41894022, 0.41894022, 0.41894022], dtype=float32), array([0.42088503, 0.42088503, 0.42088503], dtype=float32), array([0.42287996, 0.42287996, 0.42287996], dtype=float32), array([0.42427772, 0.42427772, 0.42427772], dtype=float32), array([0.42657185, 0.42657185, 0.42657185], dtype=float32), array([0.4290198, 0.4290198, 0.4290198], dtype=float32), array([0.43204254, 0.43204254, 0.43204254], dtype=float32), array([0.43561974, 0.43561974, 0.43561974], dtype=float32), array([0.4387669, 0.4387669, 0.4387669], dtype=float32), array([0.44193643, 0.44193643, 0.44193643], dtype=float32), array([0.44535974, 0.44535974, 0.44535974], dtype=float32), array([0.44931355, 0.44931355, 0.44931355], dtype=float32), array([0.45374343, 0.45374343, 0.45374343], dtype=float32), array([0.45864764, 0.45864764, 0.45864764], dtype=float32), array([0.46386048, 0.46386048, 0.46386048], dtype=float32), array([0.46948233, 0.46948233, 0.46948233], dtype=float32), array([0.47455132, 0.47455132, 0.47455132], dtype=float32), array([0.47938594, 0.47938594, 0.47938594], dtype=float32), array([0.4835919, 0.4835919, 0.4835919], dtype=float32), array([0.4869956, 0.4869956, 0.4869956], dtype=float32), array([0.4899339, 0.4899339, 0.4899339], dtype=float32), array([0.49349555, 0.49349555, 0.49349555], dtype=float32), array([0.4974566, 0.4974566, 0.4974566], dtype=float32), array([0.50201565, 0.50201565, 0.50201565], dtype=float32)]",1,0,0,0,0,0,55.911450381679394,60.23206106870229,0.00022225861367478994,2000,0.0004997145809470032,8.82,68000,8.82,68000,2000,0.3404267766109549,-0.02516370452940464,1052946,-0.02128279209136963,0.0013802934991,0.0019109915010631084,81158,30969,1873.173583984375,0.4722185432910919,34.0,1.3928645785199478e-05,1.0,0.32393938302993774,999.0,0.0,0.07521466165781021,342.91495337325165,0.0,999.0,1052946,0.0013802934991,23810,30969,0.0393447157605,0.0,34.0,1.0,342.91516831427725,3162000,93000,104968,61938,0,2105892,1029.7784041580323,6200969.241721698,6433489.518088508,10.5,50,34.0,-9.5,1.0067001111073661,0.002125590860086959,0.00014512162517324266,0.0003012424543374374,1.0067001111073661,100,0.18599432502031915,9.74,2,1700,2.0,6.159705766301611e-05,2,68100,0.00021903990081926489,0.0005060389699576225,3400,100,9.74,3400,100,9.74,9.073090685744705e-06,1.004312774873447e-05,5.7512880210289795e-05,4.6097916873826986e-05,2.73471172947668e-05,4.229205836398683e-05,6.791247783239419e-05,2.363154407094429e-05,3.994576669311528e-05,2.999550827756751e-05,0.0002006018731550898,0.05557907212576433,0.006574054357538007,0.054690180300833995,0.170793835372688,0.03337531231108167,0.01843735496323677,0.00016689869354055334,3674244,1021.0,108066,0.0,498.0,1054.0,98.97598266601562,0.001931315753608942,0.4722185730934143,1021.0,108066,0.32140952,498.0,1.0,0.0816073790192604,1054.0,-0.027994215488433838,3674244,-0.02397453784942627,651000,7348488,22134000,216132,9950.347752411764,9.787189893331082e-06,5.979805422192268e-05,4.60403699809452e-05,2.6578564151482083e-05,8.641467003356714e-06,7.00005132601885e-05,2.3129218608843943e-05,4.0404589954928654e-05,2.948018475483696e-05,0.00020815914512534468,4.0911705474874186e-05
1,70000,False,35,d1e1b_00000,2025-08-17_21-24-04,1755465844,95.2113881111145,3284.907774209976,685847,intrinsic-attention2,10.156.0.3,3284.907774209976,35,92.36383212917819,1.589439807880622e-05,92.36354901229696,2.8894260440745416,89.12164383354401,0.001993469851491866,0.002251206019136589,9.67,34.0,-9.5,6.450909078096056e-05,0.00015219304624437396,0.0002576240076450631,1.0067001111073661,2,2000,2,35000,2.857971319541826,1.0067001111073661,70000,2.0,10.5,1000,344.06619449211064,2000.0,3000.0,"[array([[3.3885906e-06, 9.9995816e-01, 3.8472848e-05],
       [9.9997771e-01, 7.6227324e-25, 2.2271104e-05],
       [4.0342367e-01, 2.3352863e-01, 3.6304772e-01]], dtype=float32), array([[5.5816483e-01, 1.4777900e-02, 4.2705727e-01],
       [9.8161364e-01, 3.6408376e-24, 1.8386317e-02],
       [6.3184375e-01, 4.0953408e-04, 3.6774674e-01]], dtype=float32), array([[5.5809247e-01, 1.4817641e-02, 4.2708978e-01],
       [9.8158443e-01, 3.7227892e-24, 1.8415533e-02],
       [6.3177103e-01, 4.1122179e-04, 3.6781773e-01]], dtype=float32), array([[3.4185132e-06, 9.9995780e-01, 3.8718234e-05],
       [9.9997759e-01, 7.7630604e-25, 2.2422519e-05],
       [4.0336788e-01, 2.3359370e-01, 3.6303833e-01]], dtype=float32), array([[4.1616288e-01, 1.4287904e-01, 4.4095805e-01],
       [1.0347413e-01, 4.9238810e-19, 8.9652586e-01],
       [2.1039169e-01, 5.9065086e-01, 1.9895753e-01]], dtype=float32), array([[4.2495051e-01, 1.3650516e-04, 5.7491297e-01],
       [1.4095730e-01, 1.8222884e-22, 8.5904270e-01],
       [4.3860650e-01, 6.3467131e-04, 5.6075877e-01]], dtype=float32), array([[4.2517623e-01, 1.3839648e-04, 5.7468534e-01],
       [1.4144169e-01, 1.8990347e-22, 8.5855836e-01],
       [4.3878356e-01, 6.4141251e-04, 5.6057501e-01]], dtype=float32), array([[3.12799588e-02, 9.31999028e-01, 3.67210507e-02],
       [8.89064670e-01, 6.58074393e-20, 1.10935286e-01],
       [1.91464782e-01, 6.06353223e-01, 2.02181950e-01]], dtype=float32), array([[5.5930215e-01, 8.1193130e-03, 4.3257859e-01],
       [9.6156871e-01, 8.8777341e-24, 3.8431332e-02],
       [6.0721415e-01, 4.5551374e-04, 3.9233032e-01]], dtype=float32), array([[5.5924428e-01, 8.1503801e-03, 4.3260530e-01],
       [9.6161860e-01, 8.8139784e-24, 3.8381327e-02],
       [6.0720825e-01, 4.5660511e-04, 3.9233515e-01]], dtype=float32), array([[3.7515852e-01, 2.4357291e-01, 3.8126859e-01],
       [1.8043499e-01, 4.8274969e-19, 8.1956506e-01],
       [2.0564741e-01, 5.9673822e-01, 1.9761434e-01]], dtype=float32), array([[4.1563237e-01, 1.4439946e-01, 4.3996817e-01],
       [1.0413262e-01, 4.4852525e-19, 8.9586735e-01],
       [2.0967647e-01, 5.9203988e-01, 1.9828363e-01]], dtype=float32), array([[1.5508873e-02, 9.6457404e-01, 1.9917140e-02],
       [9.3856746e-01, 2.6517625e-20, 6.1432533e-02],
       [1.9075775e-01, 6.0467786e-01, 2.0456436e-01]], dtype=float32), array([[3.7976560e-01, 2.3344210e-01, 3.8679227e-01],
       [1.7648655e-01, 3.0963986e-19, 8.2351345e-01],
       [2.0929597e-01, 5.8941513e-01, 2.0128888e-01]], dtype=float32), array([[3.1664364e-02, 9.3120515e-01, 3.7130482e-02],
       [8.9117408e-01, 3.6250415e-20, 1.0882598e-01],
       [1.9543885e-01, 5.9854388e-01, 2.0601733e-01]], dtype=float32), array([[4.1879651e-01, 1.3616098e-01, 4.4504252e-01],
       [1.0070854e-01, 2.6778887e-19, 8.9929146e-01],
       [2.1371602e-01, 5.8387828e-01, 2.0240578e-01]], dtype=float32), array([[3.19271088e-02, 9.30661440e-01, 3.74114327e-02],
       [8.91782582e-01, 2.90869371e-20, 1.08217485e-01],
       [1.97159111e-01, 5.95172167e-01, 2.07668677e-01]], dtype=float32), array([[5.5827010e-01, 1.4485517e-02, 4.2724442e-01],
       [9.8220575e-01, 1.6280662e-24, 1.7794186e-02],
       [6.3196093e-01, 3.8817120e-04, 3.6765084e-01]], dtype=float32), array([[5.6017846e-01, 7.5751343e-03, 4.3224639e-01],
       [9.6300262e-01, 3.0818764e-24, 3.6997333e-02],
       [6.0800838e-01, 4.0936581e-04, 3.9158222e-01]], dtype=float32), array([[5.6025678e-01, 7.5278813e-03, 4.3221539e-01],
       [9.6311915e-01, 2.8150833e-24, 3.6880795e-02],
       [6.0807621e-01, 4.0555579e-04, 3.9151824e-01]], dtype=float32), array([[3.8603595e-01, 2.1954826e-01, 3.9441583e-01],
       [1.7088294e-01, 1.6112064e-19, 8.2911712e-01],
       [2.1442199e-01, 5.7911146e-01, 2.0646665e-01]], dtype=float32), array([[3.25181074e-02, 9.29437995e-01, 3.80438715e-02],
       [8.92673194e-01, 1.98142909e-20, 1.07326776e-01],
       [2.00438872e-01, 5.88753343e-01, 2.10807770e-01]], dtype=float32), array([[1.6012087e-02, 9.6350312e-01, 2.0484751e-02],
       [9.4059908e-01, 1.0488152e-20, 5.9400909e-02],
       [1.9849077e-01, 5.8959162e-01, 2.1191759e-01]], dtype=float32), array([[5.6046391e-01, 7.4064499e-03, 4.3212968e-01],
       [9.6336901e-01, 2.2876690e-24, 3.6630936e-02],
       [6.0823828e-01, 3.9639216e-04, 3.9136529e-01]], dtype=float32), array([[5.6049579e-01, 7.3873340e-03, 4.3211690e-01],
       [9.6339822e-01, 2.2225939e-24, 3.6601726e-02],
       [6.0825837e-01, 3.9506642e-04, 3.9134654e-01]], dtype=float32), array([[4.2239639e-01, 1.2654610e-01, 4.5105746e-01],
       [9.6964806e-02, 1.5638771e-19, 9.0303516e-01],
       [2.1920972e-01, 5.7275283e-01, 2.0803742e-01]], dtype=float32), array([[3.3226311e-02, 9.2795414e-01, 3.8819641e-02],
       [8.9245039e-01, 1.9216142e-20, 1.0754960e-01],
       [2.0278239e-01, 5.8415794e-01, 2.1305966e-01]], dtype=float32), array([[4.2259824e-01, 1.2600176e-01, 4.5140010e-01],
       [9.7172923e-02, 1.6583595e-19, 9.0282708e-01],
       [2.2012703e-01, 5.7088381e-01, 2.0898926e-01]], dtype=float32), array([[3.3558045e-02, 9.2725551e-01, 3.9186362e-02],
       [8.9214998e-01, 2.0345729e-20, 1.0785003e-01],
       [2.0363043e-01, 5.8249140e-01, 2.1387823e-01]], dtype=float32), array([[4.2271969e-01, 1.2567571e-01, 4.5160460e-01],
       [9.7377174e-02, 1.7437011e-19, 9.0262282e-01],
       [2.2078888e-01, 5.6953353e-01, 2.0967753e-01]], dtype=float32), array([[5.6067711e-01, 7.3107597e-03, 4.3201208e-01],
       [9.6293086e-01, 2.7207785e-24, 3.7069134e-02],
       [6.0818279e-01, 3.9620331e-04, 3.9142099e-01]], dtype=float32)]","[array([0.5071078, 0.5071078, 0.5071078], dtype=float32), array([0.51206386, 0.51206386, 0.51206386], dtype=float32), array([0.52311444, 0.52311444, 0.52311444], dtype=float32), array([0.53314054, 0.53314054, 0.53314054], dtype=float32), array([0.541736, 0.541736, 0.541736], dtype=float32), array([0.549395, 0.549395, 0.549395], dtype=float32), array([0.56242126, 0.56242126, 0.56242126], dtype=float32), array([0.5741176, 0.5741176, 0.5741176], dtype=float32), array([0.58527416, 0.58527416, 0.58527416], dtype=float32), array([0.5961827, 0.5961827, 0.5961827], dtype=float32), array([0.6056253, 0.6056253, 0.6056253], dtype=float32), array([0.62410814, 0.62410814, 0.62410814], dtype=float32), array([0.64062613, 0.64062613, 0.64062613], dtype=float32), array([0.65554214, 0.65554214, 0.65554214], dtype=float32), array([0.66954666, 0.66954666, 0.66954666], dtype=float32), array([0.68253523, 0.68253523, 0.68253523], dtype=float32), array([0.69426644, 0.69426644, 0.69426644], dtype=float32), array([0.70543516, 0.70543516, 0.70543516], dtype=float32), array([0.7158716, 0.7158716, 0.7158716], dtype=float32), array([0.72517943, 0.72517943, 0.72517943], dtype=float32), array([0.73410773, 0.73410773, 0.73410773], dtype=float32), array([0.7426944, 0.7426944, 0.7426944], dtype=float32), array([0.7506154, 0.7506154, 0.7506154], dtype=float32), array([0.75824946, 0.75824946, 0.75824946], dtype=float32), array([0.7651201, 0.7651201, 0.7651201], dtype=float32), array([0.78055394, 0.78055394, 0.78055394], dtype=float32), array([0.79453844, 0.79453844, 0.79453844], dtype=float32), array([0.8071628, 0.8071628, 0.8071628], dtype=float32), array([0.81889015, 0.81889015, 0.81889015], dtype=float32), array([0.8295168, 0.8295168, 0.8295168], dtype=float32), array([0.83975595, 0.83975595, 0.83975595], dtype=float32)]","[array([0.50710773, 0.50710773, 0.50710773], dtype=float32), array([0.51206386, 0.51206386, 0.51206386], dtype=float32), array([0.52311426, 0.52311426, 0.52311426], dtype=float32), array([0.5331406, 0.5331406, 0.5331406], dtype=float32), array([0.54173607, 0.54173607, 0.54173607], dtype=float32), array([0.5493951, 0.5493951, 0.5493951], dtype=float32), array([0.56242126, 0.56242126, 0.56242126], dtype=float32), array([0.5741176, 0.5741176, 0.5741176], dtype=float32), array([0.58527404, 0.58527404, 0.58527404], dtype=float32), array([0.5961828, 0.5961828, 0.5961828], dtype=float32), array([0.6056252, 0.6056252, 0.6056252], dtype=float32), array([0.6241082, 0.6241082, 0.6241082], dtype=float32), array([0.640626, 0.640626, 0.640626], dtype=float32), array([0.65554225, 0.65554225, 0.65554225], dtype=float32), array([0.6695468, 0.6695468, 0.6695468], dtype=float32), array([0.68253523, 0.68253523, 0.68253523], dtype=float32), array([0.6942664, 0.6942664, 0.6942664], dtype=float32), array([0.7054351, 0.7054351, 0.7054351], dtype=float32), array([0.7158717, 0.7158717, 0.7158717], dtype=float32), array([0.72517955, 0.72517955, 0.72517955], dtype=float32), array([0.73410785, 0.73410785, 0.73410785], dtype=float32), array([0.7426945, 0.7426945, 0.7426945], dtype=float32), array([0.7506153, 0.7506153, 0.7506153], dtype=float32), array([0.75824934, 0.75824934, 0.75824934], dtype=float32), array([0.7651202, 0.7651202, 0.7651202], dtype=float32), array([0.7805539, 0.7805539, 0.7805539], dtype=float32), array([0.79453844, 0.79453844, 0.79453844], dtype=float32), array([0.807163, 0.807163, 0.807163], dtype=float32), array([0.81889045, 0.81889045, 0.81889045], dtype=float32), array([0.8295166, 0.8295166, 0.8295166], dtype=float32), array([0.8397559, 0.8397559, 0.8397559], dtype=float32)]",1,0,0,0,0,0,56.237500000000004,59.9389705882353,0.0002354752953906217,2000,0.0005365229774466681,9.67,70000,9.67,70000,2000,0.3423003674848835,-0.01971808634698391,1083915,0.002345740795135498,0.0013802934991,0.001397430314682424,81158,30969,1610.0118408203125,0.4722185432910919,35.0,6.964322892599739e-06,1.0,0.3294040858745575,999.0,0.0,0.06135712191462517,342.84696558246645,0.0,999.0,1083915,0.0013802934991,23810,30969,0.0393447157605,0.0,35.0,1.0,342.84716156062393,3255000,93000,104968,61938,0,2167830,1029.5740596782503,6210074.230913806,6446014.4659594735,10.5,50,35.0,-9.5,1.0067001111073661,0.0019384868597262538,0.00011670846123776503,0.00029969970978577774,1.0067001111073661,100,0.18550767487001177,9.74,2,1750,2.0,5.272516049873771e-05,2,70100,0.0001801711888488598,0.00042080684509047223,3500,100,9.74,3500,100,9.74,9.72124127131813e-06,1.0531760610192278e-05,6.331091718876466e-05,4.8802674989290215e-05,2.8846653039761533e-05,4.338974307640186e-05,7.267906286062313e-05,2.451778776202034e-05,4.305387890356463e-05,3.176051823841592e-05,0.0002184126689515811,0.05589459806455675,0.006622012593858995,0.05499375494782142,0.17178056441902576,0.033499500267919646,0.018524536413676514,0.0001674211065859499,3782310,1051.0,108066,0.0,498.0,1085.0,99.9095458984375,0.0013266507303342223,0.4722185730934143,1051.0,108066,0.31688443,498.0,1.0,0.06590798497200012,1085.0,-0.03244409337639809,3782310,-0.018030405044555664,651000,7564620,22785000,216132,9920.27846919615,8.237992006315858e-06,4.990531227183766e-05,3.7593398808987235e-05,2.2467631423901592e-05,7.089758428641585e-06,5.567056241722511e-05,1.8361336598128756e-05,3.3084699693500313e-05,2.5148757967826552e-05,0.00017905270918085558,3.2844736360842066e-05
1,72000,False,36,d1e1b_00000,2025-08-17_21-25-38,1755465938,94.77949976921082,3379.687273979187,685847,intrinsic-attention2,10.156.0.3,3379.687273979187,36,92.38642090884652,1.584751403161724e-05,92.386136901784,2.889767687223666,89.14404088998857,0.001990467412872786,0.0039451644898508675,9.94,35.0,9.5,4.917461142744288e-05,0.0002249241213198835,0.0002576240076450631,1.0067001111073661,2,2000,2,36000,2.8583218639564527,1.0067001111073661,72000,2.0,10.5,1000,333.6084790160371,2000.0,3000.0,"[array([[1.6685752e-02, 9.6202689e-01, 2.1287384e-02],
       [9.3998981e-01, 1.2074191e-20, 6.0010191e-02],
       [2.0198515e-01, 5.8275533e-01, 2.1525952e-01]], dtype=float32), array([[5.6066984e-01, 7.3165307e-03, 4.3201363e-01],
       [9.6283209e-01, 2.8673867e-24, 3.7167933e-02],
       [6.0814393e-01, 3.9758679e-04, 3.9145854e-01]], dtype=float32), array([[4.2240235e-01, 1.1657608e-04, 5.7748109e-01],
       [1.3346103e-01, 6.8308217e-23, 8.6653894e-01],
       [4.3676934e-01, 5.7247601e-04, 5.6265813e-01]], dtype=float32), array([[4.5706600e-01, 2.1127998e-04, 5.4272270e-01],
       [2.4730015e-01, 6.0512536e-23, 7.5269985e-01],
       [4.6213889e-01, 5.4758345e-04, 5.3731346e-01]], dtype=float32), array([[3.39871198e-02, 9.26343560e-01, 3.96692790e-02],
       [8.91755342e-01, 2.34166317e-20, 1.08244635e-01],
       [2.04731286e-01, 5.80313683e-01, 2.14955106e-01]], dtype=float32), array([[3.8877773e-01, 2.1345007e-01, 3.9777213e-01],
       [1.7099339e-01, 1.8182650e-19, 8.2900667e-01],
       [2.1902026e-01, 5.6980342e-01, 2.1117634e-01]], dtype=float32), array([[3.40341441e-02, 9.26241994e-01, 3.97238210e-02],
       [8.91716659e-01, 2.40426992e-20, 1.08283356e-01],
       [2.04861313e-01, 5.80053806e-01, 2.15084881e-01]], dtype=float32), array([[5.6062526e-01, 7.3434375e-03, 4.3203136e-01],
       [9.6264935e-01, 3.1890325e-24, 3.7350640e-02],
       [6.0805911e-01, 4.0101408e-04, 3.9153987e-01]], dtype=float32), array([[5.5910939e-01, 1.3932089e-02, 4.2695850e-01],
       [9.8206449e-01, 1.5477403e-24, 1.7935561e-02],
       [6.3211274e-01, 3.7670409e-04, 3.6751059e-01]], dtype=float32), array([[5.5911177e-01, 1.3929920e-02, 4.2695832e-01],
       [9.8205078e-01, 1.5620607e-24, 1.7949257e-02],
       [6.3209879e-01, 3.7692991e-04, 3.6752430e-01]], dtype=float32), array([[1.6903743e-02, 9.6154535e-01, 2.1550933e-02],
       [9.3960285e-01, 1.3871993e-20, 6.0397148e-02],
       [2.0270187e-01, 5.8134466e-01, 2.1595351e-01]], dtype=float32), array([[4.2257315e-01, 1.1812009e-04, 5.7730871e-01],
       [1.3407573e-01, 7.6229485e-23, 8.6592424e-01],
       [4.3688685e-01, 5.7731802e-04, 5.6253582e-01]], dtype=float32), array([[3.8878107e-01, 2.1344618e-01, 3.9777276e-01],
       [1.7137018e-01, 1.9258245e-19, 8.2862979e-01],
       [2.1934895e-01, 5.6913358e-01, 2.1151750e-01]], dtype=float32), array([[4.2260975e-01, 1.1844825e-04, 5.7727188e-01],
       [1.3418941e-01, 7.7692531e-23, 8.6581051e-01],
       [4.3691337e-01, 5.7842612e-04, 5.6250829e-01]], dtype=float32), array([[4.2263532e-01, 1.1867021e-04, 5.7724601e-01],
       [1.3426307e-01, 7.8589965e-23, 8.6573690e-01],
       [4.3693224e-01, 5.7919405e-04, 5.6248856e-01]], dtype=float32), array([[3.8860551e-01, 2.1383917e-01, 3.9755532e-01],
       [1.7160362e-01, 1.9851019e-19, 8.2839644e-01],
       [2.1925688e-01, 5.6931782e-01, 2.1142536e-01]], dtype=float32), array([[4.5709032e-01, 2.1433280e-04, 5.4269534e-01],
       [2.4762595e-01, 6.9749876e-23, 7.5237405e-01],
       [4.6215889e-01, 5.5457652e-04, 5.3728652e-01]], dtype=float32), array([[1.6933646e-02, 9.6147722e-01, 2.1589097e-02],
       [9.3939871e-01, 1.5035408e-20, 6.0601257e-02],
       [2.0248970e-01, 5.8175379e-01, 2.1575648e-01]], dtype=float32), array([[3.4059431e-02, 9.2617625e-01, 3.9764322e-02],
       [8.9152461e-01, 2.7479266e-20, 1.0847541e-01],
       [2.0474848e-01, 5.8025479e-01, 2.1499677e-01]], dtype=float32), array([[3.4045704e-02, 9.2620450e-01, 3.9749805e-02],
       [8.9147198e-01, 2.7942100e-20, 1.0852804e-01],
       [2.0463455e-01, 5.8047765e-01, 2.1488780e-01]], dtype=float32), array([[5.5891925e-01, 1.4037512e-02, 4.2704323e-01],
       [9.8186249e-01, 1.8225574e-24, 1.8137557e-02],
       [6.3180733e-01, 3.8364655e-04, 3.6780897e-01]], dtype=float32), array([[5.6043988e-01, 7.4360659e-03, 4.3212411e-01],
       [9.6235895e-01, 3.8211996e-24, 3.7641034e-02],
       [6.0785431e-01, 4.0912727e-04, 3.9173654e-01]], dtype=float32), array([[4.2189419e-01, 1.2799843e-01, 4.5010743e-01],
       [9.9578291e-02, 2.3871784e-19, 9.0042174e-01],
       [2.2116873e-01, 5.6871331e-01, 2.1011797e-01]], dtype=float32), array([[3.8772222e-01, 2.1581075e-01, 3.9646694e-01],
       [1.7248379e-01, 2.2226684e-19, 8.2751620e-01],
       [2.1854854e-01, 5.7074511e-01, 2.1070637e-01]], dtype=float32), array([[5.6037945e-01, 7.4639483e-03, 4.3215659e-01],
       [9.6229559e-01, 3.9735208e-24, 3.7704408e-02],
       [6.0779494e-01, 4.1130930e-04, 3.9179370e-01]], dtype=float32), array([[3.8758647e-01, 2.1611258e-01, 3.9630097e-01],
       [1.7258778e-01, 2.2586704e-19, 8.2741225e-01],
       [2.1841457e-01, 5.7101619e-01, 2.1056919e-01]], dtype=float32), array([[4.2298940e-01, 1.2194670e-04, 5.7688874e-01],
       [1.3523047e-01, 9.1693986e-23, 8.6476958e-01],
       [4.3720022e-01, 5.9099507e-04, 5.6220883e-01]], dtype=float32), array([[3.8754639e-01, 2.1620044e-01, 3.9625320e-01],
       [1.7259175e-01, 2.2700959e-19, 8.2740825e-01],
       [2.1835338e-01, 5.7114130e-01, 2.1050537e-01]], dtype=float32), array([[5.6034672e-01, 7.4735163e-03, 4.3217975e-01],
       [9.6225750e-01, 4.0169815e-24, 3.7742481e-02],
       [6.0774910e-01, 4.1221542e-04, 3.9183858e-01]], dtype=float32), array([[3.8752705e-01, 2.1624243e-01, 3.9623055e-01],
       [1.7258811e-01, 2.2771484e-19, 8.2741189e-01],
       [2.1831951e-01, 5.7121068e-01, 2.1046977e-01]], dtype=float32), array([[3.8750896e-01, 2.1628231e-01, 3.9620873e-01],
       [1.7260219e-01, 2.2850283e-19, 8.2739788e-01],
       [2.1830221e-01, 5.7124597e-01, 2.1045184e-01]], dtype=float32)]","[array([0.8497837, 0.8497837, 0.8497837], dtype=float32), array([0.8589844, 0.8589844, 0.8589844], dtype=float32), array([0.8673466, 0.8673466, 0.8673466], dtype=float32), array([0.8749425, 0.8749425, 0.8749425], dtype=float32), array([0.8818609, 0.8818609, 0.8818609], dtype=float32), array([0.88817054, 0.88817054, 0.88817054], dtype=float32), array([0.89390254, 0.89390254, 0.89390254], dtype=float32), array([0.89910823, 0.89910823, 0.89910823], dtype=float32), array([0.9040284, 0.9040284, 0.9040284], dtype=float32), array([0.90856963, 0.90856963, 0.90856963], dtype=float32), array([0.9127267, 0.9127267, 0.9127267], dtype=float32), array([0.9165827, 0.9165827, 0.9165827], dtype=float32), array([0.9210256, 0.9210256, 0.9210256], dtype=float32), array([0.92616343, 0.92616343, 0.92616343], dtype=float32), array([0.9310357, 0.9310357, 0.9310357], dtype=float32), array([0.9355439, 0.9355439, 0.9355439], dtype=float32), array([0.9396884, 0.9396884, 0.9396884], dtype=float32), array([0.94456124, 0.94456124, 0.94456124], dtype=float32), array([0.9496886, 0.9496886, 0.9496886], dtype=float32), array([0.95578766, 0.95578766, 0.95578766], dtype=float32), array([0.96154886, 0.96154886, 0.96154886], dtype=float32), array([0.9666725, 0.9666725, 0.9666725], dtype=float32), array([0.971277, 0.971277, 0.971277], dtype=float32), array([0.9756921, 0.9756921, 0.9756921], dtype=float32), array([0.97977006, 0.97977006, 0.97977006], dtype=float32), array([0.9850125, 0.9850125, 0.9850125], dtype=float32), array([0.98991936, 0.98991936, 0.98991936], dtype=float32), array([0.9941988, 0.9941988, 0.9941988], dtype=float32), array([0.9984445, 0.9984445, 0.9984445], dtype=float32), array([1.0024703, 1.0024703, 1.0024703], dtype=float32), array([1.0065626, 1.0065626, 1.0065626], dtype=float32)]","[array([0.8497839, 0.8497839, 0.8497839], dtype=float32), array([0.8589842, 0.8589842, 0.8589842], dtype=float32), array([0.8673467, 0.8673467, 0.8673467], dtype=float32), array([0.8749426, 0.8749426, 0.8749426], dtype=float32), array([0.88186085, 0.88186085, 0.88186085], dtype=float32), array([0.8881705, 0.8881705, 0.8881705], dtype=float32), array([0.8939027, 0.8939027, 0.8939027], dtype=float32), array([0.8991082, 0.8991082, 0.8991082], dtype=float32), array([0.9040282, 0.9040282, 0.9040282], dtype=float32), array([0.9085695, 0.9085695, 0.9085695], dtype=float32), array([0.9127266, 0.9127266, 0.9127266], dtype=float32), array([0.9165828, 0.9165828, 0.9165828], dtype=float32), array([0.9210254, 0.9210254, 0.9210254], dtype=float32), array([0.9261635, 0.9261635, 0.9261635], dtype=float32), array([0.9310358, 0.9310358, 0.9310358], dtype=float32), array([0.9355439, 0.9355439, 0.9355439], dtype=float32), array([0.93968856, 0.93968856, 0.93968856], dtype=float32), array([0.9445611, 0.9445611, 0.9445611], dtype=float32), array([0.94968873, 0.94968873, 0.94968873], dtype=float32), array([0.95578766, 0.95578766, 0.95578766], dtype=float32), array([0.96154886, 0.96154886, 0.96154886], dtype=float32), array([0.96667266, 0.96667266, 0.96667266], dtype=float32), array([0.9712772, 0.9712772, 0.9712772], dtype=float32), array([0.97569203, 0.97569203, 0.97569203], dtype=float32), array([0.9797699, 0.9797699, 0.9797699], dtype=float32), array([0.9850123, 0.9850123, 0.9850123], dtype=float32), array([0.98991954, 0.98991954, 0.98991954], dtype=float32), array([0.9941988, 0.9941988, 0.9941988], dtype=float32), array([0.99844444, 0.99844444, 0.99844444], dtype=float32), array([1.0024701, 1.0024701, 1.0024701], dtype=float32), array([1.0065624, 1.0065624, 1.0065624], dtype=float32)]",1,0,0,0,0,0,55.79259259259259,59.71037037037036,0.0001673802741302566,2000,0.00038459752221026345,9.94,72000,9.94,72000,2000,0.3421627328998975,-0.025559158995747566,1114884,-0.020923614501953125,0.0013802934991,0.0017027128487825394,81158,30969,1225.1304931640625,0.4722185432910919,36.0,3.4821614462998696e-06,1.0,0.32357174158096313,999.0,0.0,0.05501800402998924,342.54249753218033,0.0,999.0,1114884,0.0013802934991,23810,30969,0.0393447157605,0.0,36.0,1.0,342.5426800451511,3348000,93000,104968,61938,0,2229768,1028.6595643915728,6198170.175594944,6440623.881962084,10.5,50,36.0,9.5,1.0067001111073661,0.0017168033895723057,0.0001141268800254294,0.0002983793626781787,1.0067001111073661,100,0.18506883429135537,9.94,2,1800,2.0,5.2056452452498825e-05,2,72100,0.00017559292953590736,0.0004130159658720336,3600,100,9.94,3600,100,9.94,7.120894182471122e-06,8.000604460660786e-06,4.49605582273512e-05,3.5387112552603e-05,2.1537742425103285e-05,3.061700226448788e-05,5.112854185874589e-05,1.702489210180101e-05,3.057675659419599e-05,2.3652959632407494e-05,0.00016181066965154277,0.05588228350391327,0.006625750957832501,0.054937694938336466,0.17178747766487196,0.033442789575283544,0.018498551939608,0.00016755553560152586,3890376,1081.0,108066,0.0,498.0,1116.0,103.46238708496094,0.0020424393005669117,0.4722185730934143,1081.0,108066,0.31950593,498.0,1.0,0.05556553974747658,1116.0,-0.029951561242341995,3890376,-0.007328987121582031,651000,7780752,23436000,216132,9886.846361514,8.210982586174425e-06,4.859973239828384e-05,3.662162977969268e-05,2.190138581861499e-05,6.999700905814032e-06,5.48313548647761e-05,1.8188096103871707e-05,3.222980229248158e-05,2.4742233814689816e-05,0.00017578616155897536,3.252987321539874e-05
1,74000,False,37,d1e1b_00000,2025-08-17_21-27-16,1755466036,97.66628670692444,3477.3535606861115,685847,intrinsic-attention2,10.156.0.3,3477.3535606861115,37,92.43712978236806,1.5859058957735587e-05,92.43684440121616,2.8948003495914616,89.18758750331874,0.0019896487087237,0.0015139132892363705,9.62,36.0,-9.5,4.686993966188801e-05,9.922420637025026e-05,0.0002576240076450631,1.0067001111073661,2,2000,2,37000,2.8633849280368895,1.0067001111073661,74000,2.0,10.5,1000,323.3888343399545,2000.0,3000.0,"[array([[3.3946712e-02, 9.2640966e-01, 3.9643630e-02],
       [8.9124477e-01, 3.0143673e-20, 1.0875527e-01],
       [2.0400016e-01, 5.8171940e-01, 2.1428040e-01]], dtype=float32), array([[3.8753533e-01, 2.1622290e-01, 3.9624172e-01],
       [1.7256798e-01, 2.2792463e-19, 8.2743204e-01],
       [2.1831691e-01, 5.7121688e-01, 2.1046625e-01]], dtype=float32), array([[4.22935456e-01, 1.21800505e-04, 5.76942742e-01],
       [1.35132626e-01, 9.22105381e-23, 8.64867389e-01],
       [4.37160134e-01, 5.90671494e-04, 5.62249184e-01]], dtype=float32), array([[5.6041485e-01, 7.4366275e-03, 4.3214846e-01],
       [9.6220577e-01, 4.0194786e-24, 3.7794199e-02],
       [6.0775483e-01, 4.1079806e-04, 3.9183435e-01]], dtype=float32), array([[3.8786930e-01, 2.1547464e-01, 3.9665613e-01],
       [1.7239848e-01, 2.2860268e-19, 8.2760155e-01],
       [2.1872719e-01, 5.7039094e-01, 2.1088187e-01]], dtype=float32), array([[5.6036592e-01, 7.4668471e-03, 4.3216723e-01],
       [9.6204102e-01, 4.4399865e-24, 3.7958939e-02],
       [6.0767812e-01, 4.1426587e-04, 3.9190760e-01]], dtype=float32), array([[5.6028259e-01, 7.5118626e-03, 4.3220562e-01],
       [9.6191591e-01, 4.8301961e-24, 3.8084041e-02],
       [6.0759538e-01, 4.1809762e-04, 3.9198652e-01]], dtype=float32), array([[3.8593990e-01, 2.1977563e-01, 3.9428443e-01],
       [1.7440204e-01, 2.9358941e-19, 8.2559788e-01],
       [2.1727362e-01, 5.7331580e-01, 2.0941065e-01]], dtype=float32), array([[5.5878705e-01, 1.4116173e-02, 4.2709681e-01],
       [9.8142850e-01, 2.5659576e-24, 1.8571490e-02],
       [6.3132799e-01, 3.9485155e-04, 3.6827719e-01]], dtype=float32), array([[3.3908643e-02, 9.2648047e-01, 3.9610878e-02],
       [8.9043695e-01, 3.8509558e-20, 1.0956306e-01],
       [2.0288602e-01, 5.8389539e-01, 2.1321854e-01]], dtype=float32), array([[4.2331558e-01, 1.2478356e-04, 5.7655972e-01],
       [1.3664991e-01, 1.1777619e-22, 8.6335009e-01],
       [4.3740335e-01, 5.9809850e-04, 5.6199855e-01]], dtype=float32), array([[5.6047916e-01, 7.4461568e-03, 4.3207458e-01],
       [9.6182603e-01, 5.1396091e-24, 3.8173959e-02],
       [6.0772514e-01, 4.1567223e-04, 3.9185911e-01]], dtype=float32), array([[5.6015915e-01, 7.6012323e-03, 4.3223959e-01],
       [9.6155721e-01, 6.1989542e-24, 3.8442757e-02],
       [6.0745305e-01, 4.2708221e-04, 3.9211988e-01]], dtype=float32), array([[3.8318288e-01, 2.2589549e-01, 3.9092162e-01],
       [1.7682178e-01, 3.9270211e-19, 8.2317829e-01],
       [2.1489681e-01, 5.7810408e-01, 2.0699912e-01]], dtype=float32), array([[1.6757768e-02, 9.6183825e-01, 2.1403886e-02],
       [9.3727088e-01, 3.4318531e-20, 6.2729165e-02],
       [1.9699182e-01, 5.9246397e-01, 2.1054415e-01]], dtype=float32), array([[5.5767632e-01, 1.4722184e-02, 4.2760161e-01],
       [9.8057544e-01, 4.8416606e-24, 1.9424548e-02],
       [6.2985396e-01, 4.2957874e-04, 3.6971653e-01]], dtype=float32), array([[3.8012329e-01, 2.3266253e-01, 3.8721409e-01],
       [1.7969069e-01, 5.4785811e-19, 8.2030934e-01],
       [2.1250677e-01, 5.8290815e-01, 2.0458511e-01]], dtype=float32), array([[3.7937021e-01, 2.3432344e-01, 3.8630641e-01],
       [1.8034689e-01, 5.9022899e-19, 8.1965315e-01],
       [2.1189202e-01, 5.8414406e-01, 2.0396389e-01]], dtype=float32), array([[3.2183778e-02, 9.3002015e-01, 3.7796013e-02],
       [8.9017731e-01, 8.5473232e-20, 1.0982268e-01],
       [1.9645520e-01, 5.9638327e-01, 2.0716150e-01]], dtype=float32), array([[1.6545769e-02, 9.6228701e-01, 2.1167120e-02],
       [9.3618721e-01, 5.3698087e-20, 6.3812807e-02],
       [1.9343363e-01, 5.9940493e-01, 2.0716143e-01]], dtype=float32), array([[3.1883780e-02, 9.3063748e-01, 3.7478741e-02],
       [8.9006954e-01, 9.8948256e-20, 1.0993051e-01],
       [1.9523616e-01, 5.9875631e-01, 2.0600758e-01]], dtype=float32), array([[4.13737267e-01, 1.49612680e-01, 4.36650038e-01],
       [1.10259436e-01, 8.49147273e-19, 8.89740527e-01],
       [2.12203637e-01, 5.86726069e-01, 2.01070294e-01]], dtype=float32), array([[4.1334876e-01, 1.5060957e-01, 4.3604168e-01],
       [1.1070754e-01, 8.9365760e-19, 8.8929248e-01],
       [2.1177661e-01, 5.8758396e-01, 2.0063950e-01]], dtype=float32), array([[3.8520485e-01, 2.1235520e-02, 5.9355968e-01],
       [5.3320103e-03, 3.2058170e-18, 9.9466801e-01],
       [1.1866101e-01, 7.9194272e-01, 8.9396276e-02]], dtype=float32), array([[4.12545711e-01, 1.52665377e-01, 4.34788942e-01],
       [1.11697584e-01, 1.00230075e-18, 8.88302386e-01],
       [2.10987926e-01, 5.89164674e-01, 1.99847445e-01]], dtype=float32), array([[3.1403903e-02, 9.3162501e-01, 3.6971129e-02],
       [8.8973147e-01, 1.2989615e-19, 1.1026857e-01],
       [1.9307443e-01, 6.0297036e-01, 2.0395528e-01]], dtype=float32), array([[4.1192248e-01, 1.5425391e-01, 4.3382353e-01],
       [1.1243195e-01, 1.0885942e-18, 8.8756806e-01],
       [2.1035030e-01, 5.9044319e-01, 1.9920647e-01]], dtype=float32), array([[3.7410346e-01, 2.4587749e-01, 3.8001901e-01],
       [1.8468408e-01, 1.0342108e-18, 8.1531596e-01],
       [2.0756072e-01, 5.9286410e-01, 1.9957513e-01]], dtype=float32), array([[4.1141400e-01, 1.5554704e-01, 4.3303901e-01],
       [1.1302971e-01, 1.1625100e-18, 8.8697022e-01],
       [2.0983727e-01, 5.9147131e-01, 1.9869147e-01]], dtype=float32), array([[4.5826852e-01, 2.7851918e-04, 5.4145294e-01],
       [2.5408119e-01, 4.3541300e-22, 7.4591881e-01],
       [4.6316567e-01, 6.9943874e-04, 5.3613490e-01]], dtype=float32), array([[5.5605555e-01, 1.5561212e-02, 4.2838323e-01],
       [9.7904944e-01, 1.2634027e-23, 2.0950597e-02],
       [6.2736654e-01, 4.8766786e-04, 3.7214574e-01]], dtype=float32)]","[array([1.0101637, 1.0101637, 1.0101637], dtype=float32), array([1.0146823, 1.0146823, 1.0146823], dtype=float32), array([1.016835, 1.016835, 1.016835], dtype=float32), array([1.0190187, 1.0190187, 1.0190187], dtype=float32), array([1.0190432, 1.0190432, 1.0190432], dtype=float32), array([nan, nan, nan], dtype=float32), array([1.022515, 1.022515, 1.022515], dtype=float32), array([1.0228335, 1.0228335, 1.0228335], dtype=float32), array([1.0243962, 1.0243962, 1.0243962], dtype=float32), array([1.0248699, 1.0248699, 1.0248699], dtype=float32), array([1.0253276, 1.0253276, 1.0253276], dtype=float32), array([1.0241393, 1.0241393, 1.0241393], dtype=float32), array([nan, nan, nan], dtype=float32), array([1.0233988, 1.0233988, 1.0233988], dtype=float32), array([1.0226609, 1.0226609, 1.0226609], dtype=float32), array([1.0223128, 1.0223128, 1.0223128], dtype=float32), array([1.0220228, 1.0220228, 1.0220228], dtype=float32), array([1.0206681, 1.0206681, 1.0206681], dtype=float32), array([1.0197806, 1.0197806, 1.0197806], dtype=float32), array([1.0191176, 1.0191176, 1.0191176], dtype=float32), array([nan, nan, nan], dtype=float32), array([nan, nan, nan], dtype=float32), array([1.012999, 1.012999, 1.012999], dtype=float32), array([1.0107117, 1.0107117, 1.0107117], dtype=float32), array([nan, nan, nan], dtype=float32), array([1.0059583, 1.0059583, 1.0059583], dtype=float32), array([1.002865, 1.002865, 1.002865], dtype=float32), array([nan, nan, nan], dtype=float32), array([0.99639845, 0.99639845, 0.99639845], dtype=float32), array([0.992776, 0.992776, 0.992776], dtype=float32), array([nan, nan, nan], dtype=float32)]","[array([1.0101634, 1.0101634, 1.0101634], dtype=float32), array([1.0146825, 1.0146825, 1.0146825], dtype=float32), array([1.0168351, 1.0168351, 1.0168351], dtype=float32), array([1.0190184, 1.0190184, 1.0190184], dtype=float32), array([1.0190431, 1.0190431, 1.0190431], dtype=float32), array([1.0208386, 1.0208386, 1.0208386], dtype=float32), array([1.0225152, 1.0225152, 1.0225152], dtype=float32), array([1.0228337, 1.0228337, 1.0228337], dtype=float32), array([1.024396, 1.024396, 1.024396], dtype=float32), array([1.0248699, 1.0248699, 1.0248699], dtype=float32), array([1.0253276, 1.0253276, 1.0253276], dtype=float32), array([1.0241393, 1.0241393, 1.0241393], dtype=float32), array([1.0242978, 1.0242978, 1.0242978], dtype=float32), array([1.0233986, 1.0233986, 1.0233986], dtype=float32), array([1.022661, 1.022661, 1.022661], dtype=float32), array([1.022313, 1.022313, 1.022313], dtype=float32), array([1.0220231, 1.0220231, 1.0220231], dtype=float32), array([1.0206681, 1.0206681, 1.0206681], dtype=float32), array([1.0197809, 1.0197809, 1.0197809], dtype=float32), array([1.0191175, 1.0191175, 1.0191175], dtype=float32), array([1.016717, 1.016717, 1.016717], dtype=float32), array([1.0145997, 1.0145997, 1.0145997], dtype=float32), array([1.0129988, 1.0129988, 1.0129988], dtype=float32), array([1.0107117, 1.0107117, 1.0107117], dtype=float32), array([1.0079534, 1.0079534, 1.0079534], dtype=float32), array([1.0059584, 1.0059584, 1.0059584], dtype=float32), array([1.002865, 1.002865, 1.002865], dtype=float32), array([0.99945545, 0.99945545, 0.99945545], dtype=float32), array([0.99639875, 0.99639875, 0.99639875], dtype=float32), array([0.992776, 0.992776, 0.992776], dtype=float32), array([0.9886865, 0.9886865, 0.9886865], dtype=float32)]",1,0,0,0,0,0,56.69136690647482,59.65395683453236,0.00015966938155607797,2000,0.0003684028703472171,9.62,74000,9.62,74000,2000,0.3443057906708605,-0.007583228871226311,1145853,-0.00016641616821289062,0.0013802934991,0.0016175934579223394,81158,30969,1069.7088623046875,0.4722185432910919,37.0,1.7410807231499348e-06,1.0,0.34157028794288635,999.0,0.0,0.038624148815870285,342.0409060287278,0.0,999.0,1145853,0.0013802934991,23810,30969,0.0393447157605,0.0,37.0,1.0,342.04107845031206,3441000,93000,104968,61938,0,2291706,1027.153097842651,6192904.519329465,6438418.852511692,10.5,50,37.0,9.5,1.0067001111073661,0.002037661510257749,0.00014851462351692216,0.0002973281591453262,1.0067001111073661,100,0.18512320165838175,9.94,2,1850,2.0,6.246300571820437e-05,2,74100,0.00022155428808992418,0.000517033031832483,3700,100,9.94,3700,100,9.94,7.018601739228839e-06,7.680573580999257e-06,4.1963798010430195e-05,3.355218027364321e-05,2.0897059987561624e-05,2.9551597550225015e-05,4.858860691438229e-05,1.6524813909183797e-05,2.914984091822984e-05,2.2595374169745995e-05,0.0001544124313327984,0.05583577835888292,0.006621956598351932,0.05712477954893304,0.17185935206824818,0.03339869173961901,0.018474754390291403,0.0001674638102624086,3998442,1111.0,108066,0.0,498.0,1147.0,103.93437957763672,0.0010258916299790144,0.4722185730934143,1111.0,108066,0.33087075,498.0,1.0,0.04030810669064522,1147.0,-0.018444888293743134,3998442,-0.025831937789916992,651000,7996884,24087000,216132,9852.216627005137,9.876814317366144e-06,6.017677539714698e-05,4.5574343973694296e-05,2.6713377078865545e-05,9.002831212163775e-06,6.905973613312748e-05,2.2964214735297668e-05,4.027133057323853e-05,3.068651885786985e-05,0.0002150681472879216,4.179695700115113e-05
1,76000,False,38,d1e1b_00000,2025-08-17_21-28-50,1755466130,94.26730418205261,3571.620864868164,685847,intrinsic-attention2,10.156.0.3,3571.620864868164,38,92.4533959457244,1.581766832925428e-05,92.45310986246405,2.891909894705517,89.2043925819855,0.0019890131815981475,0.0015324989592772908,10.0,37.0,9.5,4.6565466403747104e-05,9.890068225393249e-05,0.0002576240076450631,1.0067001111073661,2,2000,2,38000,2.8605121539965275,1.0067001111073661,76000,2.0,10.5,1000,313.40871332317266,2000.0,3000.0,"[array([[3.1078096e-02, 9.3229377e-01, 3.6628149e-02],
       [8.8958448e-01, 1.5579701e-19, 1.1041552e-01],
       [1.9170401e-01, 6.0563660e-01, 2.0265932e-01]], dtype=float32), array([[1.6391454e-02, 9.6261197e-01, 2.0996524e-02],
       [9.3458462e-01, 9.3808666e-20, 6.5415375e-02],
       [1.8930714e-01, 6.0748065e-01, 2.0321217e-01]], dtype=float32), array([[1.6408036e-02, 9.6257585e-01, 2.1016078e-02],
       [9.3456835e-01, 9.3940963e-20, 6.5431595e-02],
       [1.8938990e-01, 6.0731882e-01, 2.0329134e-01]], dtype=float32), array([[4.2711219e-01, 1.6526236e-04, 5.7272255e-01],
       [1.4721885e-01, 5.4325142e-22, 8.5278118e-01],
       [4.4027647e-01, 7.3591730e-04, 5.5898762e-01]], dtype=float32), array([[4.2710108e-01, 1.6506371e-04, 5.7273394e-01],
       [1.4720692e-01, 5.4198596e-22, 8.5279304e-01],
       [4.4026613e-01, 7.3507067e-04, 5.5899882e-01]], dtype=float32), array([[1.18825205e-01, 2.53712118e-04, 8.80921066e-01],
       [5.43569186e-05, 4.41182570e-18, 9.99945641e-01],
       [1.45368725e-01, 7.70188570e-01, 8.44427198e-02]], dtype=float32), array([[3.1169709e-02, 9.3210244e-01, 3.6727771e-02],
       [8.8935804e-01, 1.6016246e-19, 1.1064203e-01],
       [1.9177784e-01, 6.0549605e-01, 2.0272616e-01]], dtype=float32), array([[3.12015396e-02, 9.32036877e-01, 3.67615856e-02],
       [8.89270425e-01, 1.61100093e-19, 1.10729605e-01],
       [1.91790402e-01, 6.05474412e-01, 2.02735215e-01]], dtype=float32), array([[4.5839310e-01, 2.8089431e-04, 5.4132599e-01],
       [2.5486469e-01, 4.7854802e-22, 7.4513531e-01],
       [4.6325982e-01, 7.0280448e-04, 5.3603733e-01]], dtype=float32), array([[1.6442861e-02, 9.6249944e-01, 2.1057658e-02],
       [9.3447131e-01, 9.6245334e-20, 6.5528721e-02],
       [1.8944502e-01, 6.0721081e-01, 2.0334414e-01]], dtype=float32), array([[3.7314048e-01, 2.4798127e-01, 3.7887830e-01],
       [1.8568960e-01, 1.1983354e-18, 8.1431037e-01],
       [2.0696868e-01, 5.9405446e-01, 1.9897689e-01]], dtype=float32), array([[5.5622864e-01, 1.5493013e-02, 4.2827824e-01],
       [9.7899562e-01, 1.3670002e-23, 2.1004356e-02],
       [6.2749267e-01, 4.8702006e-04, 3.7202027e-01]], dtype=float32), array([[5.5805945e-01, 8.6739054e-03, 4.3326664e-01],
       [9.5916843e-01, 2.6801795e-23, 4.0831532e-02],
       [6.0546505e-01, 5.1599916e-04, 3.9401898e-01]], dtype=float32), array([[4.5845279e-01, 2.8115456e-04, 5.4126608e-01],
       [2.5525537e-01, 4.9262220e-22, 7.4474466e-01],
       [4.6330312e-01, 7.0215337e-04, 5.3599471e-01]], dtype=float32), array([[3.7298340e-01, 2.4832402e-01, 3.7869263e-01],
       [1.8588689e-01, 1.2364524e-18, 8.1411308e-01],
       [2.0689966e-01, 5.9419310e-01, 1.9890727e-01]], dtype=float32), array([[4.1085672e-01, 1.5691549e-01, 4.3222776e-01],
       [1.1375413e-01, 1.3549749e-18, 8.8624591e-01],
       [2.0941989e-01, 5.9232235e-01, 1.9825768e-01]], dtype=float32), array([[5.5806923e-01, 8.6713033e-03, 4.3325940e-01],
       [9.5910800e-01, 2.7573519e-23, 4.0892024e-02],
       [6.0545242e-01, 5.1663886e-04, 3.9403096e-01]], dtype=float32), array([[4.1083500e-01, 1.5696631e-01, 4.3219867e-01],
       [1.1377621e-01, 1.3666259e-18, 8.8622379e-01],
       [2.0939916e-01, 5.9236574e-01, 1.9823508e-01]], dtype=float32), array([[4.1082969e-01, 1.5697795e-01, 4.3219236e-01],
       [1.1378058e-01, 1.3707646e-18, 8.8621938e-01],
       [2.0939375e-01, 5.9237731e-01, 1.9822888e-01]], dtype=float32), array([[3.1364065e-02, 9.3169963e-01, 3.6936268e-02],
       [8.8870358e-01, 1.7264003e-19, 1.1129648e-01],
       [1.9171712e-01, 6.0563165e-01, 2.0265117e-01]], dtype=float32), array([[4.5849651e-01, 2.8178439e-04, 5.4122168e-01],
       [2.5554073e-01, 5.0805722e-22, 7.4445927e-01],
       [4.6333557e-01, 7.0277858e-04, 5.3596163e-01]], dtype=float32), array([[4.5849821e-01, 2.8177147e-04, 5.4122001e-01],
       [2.5555596e-01, 5.0876631e-22, 7.4444401e-01],
       [4.6333665e-01, 7.0269284e-04, 5.3596067e-01]], dtype=float32), array([[3.7286696e-01, 2.4857710e-01, 3.7855589e-01],
       [1.8601829e-01, 1.2690749e-18, 8.1398171e-01],
       [2.0683758e-01, 5.9431905e-01, 1.9884337e-01]], dtype=float32), array([[3.1385072e-02, 9.3165660e-01, 3.6958411e-02],
       [8.8863462e-01, 1.7350864e-19, 1.1136535e-01],
       [1.9171171e-01, 6.0564476e-01, 2.0264350e-01]], dtype=float32), array([[3.1389773e-02, 9.3164688e-01, 3.6963325e-02],
       [8.8862211e-01, 1.7353996e-19, 1.1137788e-01],
       [1.9171372e-01, 6.0564137e-01, 2.0264484e-01]], dtype=float32), array([[1.6496485e-02, 9.6238196e-01, 2.1121588e-02],
       [9.3422210e-01, 1.0251795e-19, 6.5777890e-02],
       [1.8933865e-01, 6.0742134e-01, 2.0324005e-01]], dtype=float32), array([[1.6497448e-02, 9.6237993e-01, 2.1122664e-02],
       [9.3421894e-01, 1.0253793e-19, 6.5780990e-02],
       [1.8933898e-01, 6.0742092e-01, 2.0324014e-01]], dtype=float32), array([[3.7290397e-01, 2.4849547e-01, 3.7860057e-01],
       [1.8597150e-01, 1.2676479e-18, 8.1402856e-01],
       [2.0685460e-01, 5.9428608e-01, 1.9885929e-01]], dtype=float32), array([[1.6500555e-02, 9.6237344e-01, 2.1126105e-02],
       [9.3422663e-01, 1.0208488e-19, 6.5773398e-02],
       [1.8937352e-01, 6.0735375e-01, 2.0327283e-01]], dtype=float32), array([[4.2702141e-01, 1.6431771e-04, 5.7281435e-01],
       [1.4736785e-01, 5.7653080e-22, 8.5263216e-01],
       [4.4018036e-01, 7.3056715e-04, 5.5908912e-01]], dtype=float32), array([[3.7301391e-01, 2.4825484e-01, 3.7873125e-01],
       [1.8586762e-01, 1.2538806e-18, 8.1413233e-01],
       [2.0693113e-01, 5.9413296e-01, 1.9893594e-01]], dtype=float32)]","[array([0.984214, 0.984214, 0.984214], dtype=float32), array([0.98020214, 0.98020214, 0.98020214], dtype=float32), array([0.977614, 0.977614, 0.977614], dtype=float32), array([0.9754068, 0.9754068, 0.9754068], dtype=float32), array([0.9736512, 0.9736512, 0.9736512], dtype=float32), array([nan, nan, nan], dtype=float32), array([0.9706164, 0.9706164, 0.9706164], dtype=float32), array([0.9687077, 0.9687077, 0.9687077], dtype=float32), array([nan, nan, nan], dtype=float32), array([0.965531, 0.965531, 0.965531], dtype=float32), array([0.9641865, 0.9641865, 0.9641865], dtype=float32), array([0.9629858, 0.9629858, 0.9629858], dtype=float32), array([0.9618773, 0.9618773, 0.9618773], dtype=float32), array([0.9608866, 0.9608866, 0.9608866], dtype=float32), array([0.9599829, 0.9599829, 0.9599829], dtype=float32), array([nan, nan, nan], dtype=float32), array([0.95844054, 0.95844054, 0.95844054], dtype=float32), array([0.9577443, 0.9577443, 0.9577443], dtype=float32), array([0.9571418, 0.9571418, 0.9571418], dtype=float32), array([0.95654076, 0.95654076, 0.95654076], dtype=float32), array([0.95602834, 0.95602834, 0.95602834], dtype=float32), array([nan, nan, nan], dtype=float32), array([0.9551142, 0.9551142, 0.9551142], dtype=float32), array([0.95473903, 0.95473903, 0.95473903], dtype=float32), array([0.9544198, 0.9544198, 0.9544198], dtype=float32), array([0.95412225, 0.95412225, 0.95412225], dtype=float32), array([0.9538742, 0.9538742, 0.9538742], dtype=float32), array([0.9536372, 0.9536372, 0.9536372], dtype=float32), array([0.95344675, 0.95344675, 0.95344675], dtype=float32), array([nan, nan, nan], dtype=float32), array([0.9531777, 0.9531777, 0.9531777], dtype=float32)]","[array([0.98421395, 0.98421395, 0.98421395], dtype=float32), array([0.9802019, 0.9802019, 0.9802019], dtype=float32), array([0.9776143, 0.9776143, 0.9776143], dtype=float32), array([0.9754067, 0.9754067, 0.9754067], dtype=float32), array([0.973651, 0.973651, 0.973651], dtype=float32), array([0.9720251, 0.9720251, 0.9720251], dtype=float32), array([0.97061646, 0.97061646, 0.97061646], dtype=float32), array([0.96870786, 0.96870786, 0.96870786], dtype=float32), array([0.96700644, 0.96700644, 0.96700644], dtype=float32), array([0.9655311, 0.9655311, 0.9655311], dtype=float32), array([0.96418655, 0.96418655, 0.96418655], dtype=float32), array([0.9629859, 0.9629859, 0.9629859], dtype=float32), array([0.9618771, 0.9618771, 0.9618771], dtype=float32), array([0.9608868, 0.9608868, 0.9608868], dtype=float32), array([0.9599829, 0.9599829, 0.9599829], dtype=float32), array([0.9591539, 0.9591539, 0.9591539], dtype=float32), array([0.95844066, 0.95844066, 0.95844066], dtype=float32), array([0.9577443, 0.9577443, 0.9577443], dtype=float32), array([0.9571417, 0.9571417, 0.9571417], dtype=float32), array([0.9565409, 0.9565409, 0.9565409], dtype=float32), array([0.9560282, 0.9560282, 0.9560282], dtype=float32), array([0.95555705, 0.95555705, 0.95555705], dtype=float32), array([0.9551142, 0.9551142, 0.9551142], dtype=float32), array([0.95473886, 0.95473886, 0.95473886], dtype=float32), array([0.9544199, 0.9544199, 0.9544199], dtype=float32), array([0.9541224, 0.9541224, 0.9541224], dtype=float32), array([0.9538744, 0.9538744, 0.9538744], dtype=float32), array([0.9536372, 0.9536372, 0.9536372], dtype=float32), array([0.95344657, 0.95344657, 0.95344657], dtype=float32), array([0.95330334, 0.95330334, 0.95330334], dtype=float32), array([0.9531776, 0.9531776, 0.9531776], dtype=float32)]",1,0,0,0,0,0,55.32740740740741,57.73407407407409,0.00015975201011952047,2000,0.0003647662960030307,10.0,76000,10.0,76000,2000,0.34667134630414537,-0.014402162283658981,1176822,-0.0003082752227783203,0.0013802934991,0.000450895051471889,81158,30969,841.9142456054688,0.4722185432910919,38.0,8.705403615749674e-07,1.0,0.33476078510284424,999.0,0.0,0.03180240839719772,341.745350228009,0.0,999.0,1176822,0.0013802934991,23810,30969,0.0393447157605,0.0,38.0,1.0,341.74551340228345,3534000,93000,104968,61938,0,2353644,1026.2653685158646,6181846.347840759,6431877.28276436,10.5,50,38.0,9.5,1.0067001111073661,0.002307324370194692,0.00015178576969271732,0.0002962521475301983,1.0067001111073661,100,0.18511889110188975,9.94,2,1900,2.0,6.332281063964879e-05,2,76100,0.00022932723180359773,0.0005295372868743412,3800,100,9.94,3800,100,9.94,6.784146029003554e-06,7.594377603920155e-06,4.23963090580355e-05,3.36276151187258e-05,2.069682295660356e-05,2.9340584163317776e-05,4.830725211926128e-05,1.6867230785463e-05,2.949022665237517e-05,2.2681590147301888e-05,0.00015093234026167552,0.05582816359528821,0.006628342202357814,0.05703583975336241,0.17197644037754556,0.03337406019219559,0.020834624926380267,0.0001674538222041885,4106508,1141.0,108066,0.0,498.0,1178.0,102.95616149902344,0.0006228474667295814,0.4722185730934143,1141.0,108066,0.32844132,498.0,1.0,0.03437706455588341,1178.0,-0.020817866548895836,4106508,-0.012163281440734863,651000,8213016,24738000,216132,9818.313169155957,1.0205034106967752e-05,6.202584821588688e-05,4.75401870195124e-05,2.7328987066117704e-05,9.203779328993025e-06,7.235232192998368e-05,2.4009030951485603e-05,4.155208454514028e-05,3.118409634579564e-05,0.00021770515432541508,4.241324650439142e-05
1,78000,False,39,d1e1b_00000,2025-08-17_21-30-24,1755466224,93.86731123924255,3665.4881761074066,685847,intrinsic-attention2,10.156.0.3,3665.4881761074066,39,92.46566744970725,1.5808341586122023e-05,92.4653796858695,2.9003267613984023,89.20832790807567,0.001988531079839259,0.0020674535394937265,10.0,38.0,9.5,5.4974036462620506e-05,0.00012493877402439726,0.0002576240076450631,1.0067001111073661,2,2000,2,39000,2.868940753836556,1.0067001111073661,78000,2.0,10.5,1000,303.6705122644427,2000.0,3000.0,"[array([[4.2699611e-01, 1.6401190e-04, 5.7283986e-01],
       [1.4730525e-01, 5.7198363e-22, 8.5269475e-01],
       [4.4016048e-01, 7.2950515e-04, 5.5910999e-01]], dtype=float32), array([[3.1454008e-02, 9.3151540e-01, 3.7030555e-02],
       [8.8855314e-01, 1.7048662e-19, 1.1144684e-01],
       [1.9186424e-01, 6.0535252e-01, 2.0278321e-01]], dtype=float32), array([[5.5834085e-01, 8.5151419e-03, 4.3314397e-01],
       [9.5922285e-01, 2.4305658e-23, 4.0777154e-02],
       [6.0560691e-01, 5.0611323e-04, 3.9388695e-01]], dtype=float32), array([[1.6457634e-02, 9.6247935e-01, 2.1062957e-02],
       [9.3459189e-01, 8.3923884e-20, 6.5408096e-02],
       [1.8971497e-01, 6.0671329e-01, 2.0357177e-01]], dtype=float32), array([[5.5844611e-01, 8.4449276e-03, 4.3310899e-01],
       [9.5930940e-01, 2.2291166e-23, 4.0690608e-02],
       [6.0566205e-01, 5.0091522e-04, 3.9383703e-01]], dtype=float32), array([[5.5842805e-01, 8.4533719e-03, 4.3311864e-01],
       [9.5929283e-01, 2.2483099e-23, 4.0707130e-02],
       [6.0564452e-01, 5.0160300e-04, 3.9385381e-01]], dtype=float32), array([[5.5842805e-01, 8.4527880e-03, 4.3311918e-01],
       [9.5929086e-01, 2.2476880e-23, 4.0709116e-02],
       [6.0564268e-01, 5.0159165e-04, 3.9385578e-01]], dtype=float32), array([[1.6420454e-02, 9.6256149e-01, 2.1018025e-02],
       [9.3455857e-01, 8.4435314e-20, 6.5441422e-02],
       [1.8939045e-01, 6.0735291e-01, 2.0325667e-01]], dtype=float32), array([[3.1358935e-02, 9.3173379e-01, 3.6907196e-02],
       [8.8880533e-01, 1.4293592e-19, 1.1119463e-01],
       [1.9174983e-01, 6.0561001e-01, 2.0264022e-01]], dtype=float32), array([[5.5680990e-01, 1.5110926e-02, 4.2807925e-01],
       [9.7918254e-01, 1.1156962e-23, 2.0817421e-02],
       [6.2789434e-01, 4.7121270e-04, 3.7163448e-01]], dtype=float32), array([[3.1397093e-02, 9.3165857e-01, 3.6944371e-02],
       [8.8883090e-01, 1.3671730e-19, 1.1116909e-01],
       [1.9191065e-01, 6.0530239e-01, 2.0278695e-01]], dtype=float32), array([[5.5861074e-01, 8.3440142e-03, 4.3304533e-01],
       [9.5936644e-01, 2.0443089e-23, 4.0633582e-02],
       [6.0573584e-01, 4.9433979e-04, 3.9376980e-01]], dtype=float32), array([[4.2594752e-01, 1.5437204e-04, 5.7389802e-01],
       [1.4438532e-01, 4.2090586e-22, 8.5561466e-01],
       [4.3938777e-01, 7.0038589e-04, 5.5991191e-01]], dtype=float32), array([[4.1273290e-01, 1.5207900e-01, 4.3518811e-01],
       [1.1088365e-01, 1.0154902e-18, 8.8911635e-01],
       [2.1057548e-01, 5.9005296e-01, 1.9937153e-01]], dtype=float32), array([[4.12956685e-01, 1.51507124e-01, 4.35536236e-01],
       [1.10672265e-01, 9.94350816e-19, 8.89327765e-01],
       [2.10872173e-01, 5.89455664e-01, 1.99672207e-01]], dtype=float32), array([[3.7635696e-01, 2.4089678e-01, 3.8274628e-01],
       [1.8183458e-01, 8.8799369e-19, 8.1816548e-01],
       [2.0861889e-01, 5.9079707e-01, 2.0058399e-01]], dtype=float32), array([[4.1355443e-01, 1.4997317e-01, 4.3647239e-01],
       [1.0999073e-01, 9.2163575e-19, 8.9000928e-01],
       [2.1153268e-01, 5.8812934e-01, 2.0033796e-01]], dtype=float32), array([[5.5751377e-01, 1.4604896e-02, 4.2788133e-01],
       [9.7932762e-01, 8.5368610e-24, 2.0672325e-02],
       [6.2820542e-01, 4.5262478e-04, 3.7134194e-01]], dtype=float32), array([[4.2509922e-01, 1.4736575e-04, 5.7475340e-01],
       [1.4213397e-01, 3.3898219e-22, 8.5786605e-01],
       [4.3876106e-01, 6.7899231e-04, 5.6055993e-01]], dtype=float32), array([[4.2495826e-01, 1.4621674e-04, 5.7489556e-01],
       [1.4175878e-01, 3.2648588e-22, 8.5824126e-01],
       [4.3865713e-01, 6.7544926e-04, 5.6066746e-01]], dtype=float32), array([[3.2312982e-02, 9.2976362e-01, 3.7923429e-02],
       [8.8893044e-01, 9.8860840e-20, 1.1106958e-01],
       [1.9538426e-01, 5.9852439e-01, 2.0609134e-01]], dtype=float32), array([[4.1496968e-01, 1.4631003e-01, 4.3872023e-01],
       [1.0829630e-01, 7.6696150e-19, 8.9170372e-01],
       [2.1306269e-01, 5.8506060e-01, 2.0187669e-01]], dtype=float32), array([[4.15169418e-01, 1.45791128e-01, 4.39039439e-01],
       [1.08046345e-01, 7.44938542e-19, 8.91953647e-01],
       [2.13270709e-01, 5.84643185e-01, 2.02086046e-01]], dtype=float32), array([[5.5799150e-01, 1.4257858e-02, 4.2775065e-01],
       [9.7946173e-01, 6.8450242e-24, 2.0538265e-02],
       [6.2842965e-01, 4.3923515e-04, 3.7113115e-01]], dtype=float32), array([[5.5931610e-01, 7.8878878e-03, 4.3279606e-01],
       [9.5959032e-01, 1.3298674e-23, 4.0409740e-02],
       [6.0598087e-01, 4.6508978e-04, 3.9355409e-01]], dtype=float32), array([[4.2437944e-01, 1.4197596e-04, 5.7547861e-01],
       [1.4018744e-01, 2.8178520e-22, 8.5981256e-01],
       [4.3823746e-01, 6.6311652e-04, 5.6109941e-01]], dtype=float32), array([[5.5801201e-01, 1.4219178e-02, 4.2776886e-01],
       [9.7943306e-01, 6.6993105e-24, 2.0567006e-02],
       [6.2835771e-01, 4.3859991e-04, 3.7120375e-01]], dtype=float32), array([[5.5929625e-01, 7.8825206e-03, 4.3282121e-01],
       [9.5955521e-01, 1.3137694e-23, 4.0444847e-02],
       [6.0592532e-01, 4.6512409e-04, 3.9360964e-01]], dtype=float32), array([[3.2637570e-02, 9.2909074e-01, 3.8271714e-02],
       [8.8905382e-01, 8.7688939e-20, 1.1094619e-01],
       [1.9671182e-01, 5.9592980e-01, 2.0735829e-01]], dtype=float32), array([[4.1573617e-01, 1.4433207e-01, 4.3993184e-01],
       [1.0756902e-01, 7.0301651e-19, 8.9243102e-01],
       [2.1414553e-01, 5.8287299e-01, 2.0298141e-01]], dtype=float32), array([[4.1576511e-01, 1.4425883e-01, 4.3997604e-01],
       [1.0756746e-01, 7.0276567e-19, 8.9243257e-01],
       [2.1421807e-01, 5.8272541e-01, 2.0305660e-01]], dtype=float32)]","[array([nan, nan, nan], dtype=float32), array([0.9530862, 0.9530862, 0.9530862], dtype=float32), array([nan, nan, nan], dtype=float32), array([nan, nan, nan], dtype=float32), array([nan, nan, nan], dtype=float32), array([0.97270674, 0.97270674, 0.97270674], dtype=float32), array([nan, nan, nan], dtype=float32), array([0.9823731, 0.9823731, 0.9823731], dtype=float32), array([nan, nan, nan], dtype=float32), array([nan, nan, nan], dtype=float32), array([nan, nan, nan], dtype=float32), array([0.99979573, 0.99979573, 0.99979573], dtype=float32), array([nan, nan, nan], dtype=float32), array([1.0114591, 1.0114591, 1.0114591], dtype=float32), array([nan, nan, nan], dtype=float32), array([nan, nan, nan], dtype=float32), array([nan, nan, nan], dtype=float32), array([1.0305952, 1.0305952, 1.0305952], dtype=float32), array([nan, nan, nan], dtype=float32), array([nan, nan, nan], dtype=float32), array([1.0432804, 1.0432804, 1.0432804], dtype=float32), array([1.0470254, 1.0470254, 1.0470254], dtype=float32), array([nan, nan, nan], dtype=float32), array([nan, nan, nan], dtype=float32), array([nan, nan, nan], dtype=float32), array([1.0608708, 1.0608708, 1.0608708], dtype=float32), array([nan, nan, nan], dtype=float32), array([nan, nan, nan], dtype=float32), array([1.0697916, 1.0697916, 1.0697916], dtype=float32), array([nan, nan, nan], dtype=float32), array([1.0751151, 1.0751151, 1.0751151], dtype=float32)]","[array([0.9530867, 0.9530867, 0.9530867], dtype=float32), array([0.95308614, 0.95308614, 0.95308614], dtype=float32), array([0.9568862, 0.9568862, 0.9568862], dtype=float32), array([0.9607761, 0.9607761, 0.9607761], dtype=float32), array([0.96705145, 0.96705145, 0.96705145], dtype=float32), array([0.97270674, 0.97270674, 0.97270674], dtype=float32), array([0.97769725, 0.97769725, 0.97769725], dtype=float32), array([0.9823732, 0.9823732, 0.9823732], dtype=float32), array([0.9865658, 0.9865658, 0.9865658], dtype=float32), array([0.98962, 0.98962, 0.98962], dtype=float32), array([0.9926596, 0.9926596, 0.9926596], dtype=float32), array([0.99979585, 0.99979585, 0.99979585], dtype=float32), array([1.0058059, 1.0058059, 1.0058059], dtype=float32), array([1.0114592, 1.0114592, 1.0114592], dtype=float32), array([1.0165255, 1.0165255, 1.0165255], dtype=float32), array([1.0214807, 1.0214807, 1.0214807], dtype=float32), array([1.0262727, 1.0262727, 1.0262727], dtype=float32), array([1.030595, 1.030595, 1.030595], dtype=float32), array([1.0352346, 1.0352346, 1.0352346], dtype=float32), array([1.0394372, 1.0394372, 1.0394372], dtype=float32), array([1.0432806, 1.0432806, 1.0432806], dtype=float32), array([1.0470256, 1.0470256, 1.0470256], dtype=float32), array([1.050543, 1.050543, 1.050543], dtype=float32), array([1.0541726, 1.0541726, 1.0541726], dtype=float32), array([1.0575798, 1.0575798, 1.0575798], dtype=float32), array([1.0608709, 1.0608709, 1.0608709], dtype=float32), array([1.063897, 1.063897, 1.063897], dtype=float32), array([1.066784, 1.066784, 1.066784], dtype=float32), array([1.0697917, 1.0697917, 1.0697917], dtype=float32), array([1.0725509, 1.0725509, 1.0725509], dtype=float32), array([1.0751151, 1.0751151, 1.0751151], dtype=float32)]",1,0,0,0,0,0,54.83731343283582,56.405970149253726,0.00019329642492090378,2000,0.0004452194843636452,10.0,78000,10.0,78000,2000,0.3466014933311331,-0.0133249182254076,1207791,-0.03655803203582764,0.0013802934991,0.00036617822479456663,81158,30969,816.1096801757812,0.4722185432910919,39.0,4.352701807874837e-07,1.0,0.33584511280059814,999.0,0.0,0.026663731783628464,341.75452773509033,0.0,999.0,1207791,0.0013802934991,23810,30969,0.0393447157605,0.0,39.0,1.0,341.75467985971045,3627000,93000,104968,61938,0,2415582,1026.292775857566,6187135.4702927545,6442128.594770241,10.5,50,39.0,9.5,1.0067001111073661,0.002195383539510658,0.0001371082584189544,0.0002952864159973918,1.0067001111073661,100,0.1849821016509046,9.94,2,1950,2.0,5.907770927331073e-05,2,78100,0.00020803725370561866,0.0004837753887670889,3900,100,9.94,3900,100,9.94,8.054874970039411e-06,8.817812160777865e-06,5.277945196976328e-05,4.0501372913528234e-05,2.42317031867762e-05,3.480835403261061e-05,6.000647929744757e-05,1.9953504036896015e-05,3.5177390193895856e-05,2.6386838472740814e-05,0.00018678795042007028,0.055819981849286854,0.006627677180301443,0.05699458483575899,0.17200974526375917,0.0333440203902692,0.02080766825707335,0.00016755099406759634,4214574,1171.0,108066,0.0,498.0,1209.0,103.87604522705078,0.00029617297695949674,0.4722185730934143,1171.0,108066,0.34828496,498.0,1.0,0.026964548975229263,1209.0,-0.0009321161196567118,4214574,-0.18795275688171387,651000,8429148,25389000,216132,9799.828453939614,9.23762903440402e-06,5.613861329373042e-05,4.338161564312713e-05,2.5086575958629714e-05,8.284040263039478e-06,6.459875673733425e-05,2.1570656695168915e-05,3.737945262691692e-05,2.9142205012658088e-05,0.00020157030693126584,3.835186112590984e-05
1,80000,False,40,d1e1b_00000,2025-08-17_21-31-55,1755466315,90.14159893989563,3755.6297750473022,685847,intrinsic-attention2,10.156.0.3,3755.6297750473022,40,92.4404249500501,1.5767028267781003e-05,92.44013654556083,2.8978356662543745,89.183360146035,0.0019881622290563047,0.0015567424501932692,9.94,39.0,9.5,4.809087791444502e-05,0.00010394425902228155,0.0002576240076450631,1.0067001111073661,2,2000,2,40000,2.8664694045682144,1.0067001111073661,80000,2.0,10.5,1000,294.1764648768628,2000.0,3000.0,"[array([[3.8045913e-01, 2.3183274e-01, 3.8770816e-01],
       [1.7805831e-01, 6.5492072e-19, 8.2194173e-01],
       [2.1176101e-01, 5.8451360e-01, 2.0372537e-01]], dtype=float32), array([[5.5789912e-01, 1.4251355e-02, 4.2784953e-01],
       [9.7932762e-01, 6.8983180e-24, 2.0672403e-02],
       [6.2813425e-01, 4.4165246e-04, 3.7142411e-01]], dtype=float32), array([[5.5916846e-01, 7.9288157e-03, 4.3290266e-01],
       [9.5943511e-01, 1.3684938e-23, 4.0564865e-02],
       [6.0577685e-01, 4.6909988e-04, 3.9375407e-01]], dtype=float32), array([[4.1550764e-01, 1.4494625e-01, 4.3954605e-01],
       [1.0810194e-01, 7.4550040e-19, 8.9189804e-01],
       [2.1419352e-01, 5.8276135e-01, 2.0304513e-01]], dtype=float32), array([[4.1537616e-01, 1.4529362e-01, 4.3933022e-01],
       [1.0832968e-01, 7.6453461e-19, 8.9167035e-01],
       [2.1412797e-01, 5.8288896e-01, 2.0298310e-01]], dtype=float32), array([[4.2460725e-01, 1.4561338e-04, 5.7524711e-01],
       [1.4071873e-01, 3.1769701e-22, 8.5928130e-01],
       [4.3842986e-01, 6.7768904e-04, 5.6089246e-01]], dtype=float32), array([[3.26320045e-02, 9.29086864e-01, 3.82811464e-02],
       [8.88966799e-01, 9.99150880e-20, 1.11033194e-01],
       [1.96631163e-01, 5.96061289e-01, 2.07307562e-01]], dtype=float32), array([[4.2473662e-01, 1.4706768e-04, 5.7511634e-01],
       [1.4105982e-01, 3.3417266e-22, 8.5894018e-01],
       [4.3852943e-01, 6.8284117e-04, 5.6078774e-01]], dtype=float32), array([[1.7145529e-02, 9.6100646e-01, 2.1847991e-02],
       [9.3454295e-01, 6.1632639e-20, 6.5457091e-02],
       [1.9413921e-01, 5.9811592e-01, 2.0774485e-01]], dtype=float32), array([[1.7146004e-02, 9.6100426e-01, 2.1849688e-02],
       [9.3447196e-01, 6.3419518e-20, 6.5527998e-02],
       [1.9401081e-01, 5.9836525e-01, 2.0762393e-01]], dtype=float32), array([[4.1454005e-01, 1.4748754e-01, 4.3797240e-01],
       [1.0965790e-01, 8.8379296e-19, 8.9034206e-01],
       [2.1358126e-01, 5.8396745e-01, 2.0245132e-01]], dtype=float32), array([[4.5654714e-01, 2.5603699e-04, 5.4319680e-01],
       [2.4674486e-01, 3.2544776e-22, 7.5325519e-01],
       [4.6178925e-01, 6.6448207e-04, 5.3754628e-01]], dtype=float32), array([[4.2508510e-01, 1.5071555e-04, 5.7476413e-01],
       [1.4199696e-01, 3.7905723e-22, 8.5800302e-01],
       [4.3879312e-01, 6.9524540e-04, 5.6051165e-01]], dtype=float32), array([[3.2449491e-02, 9.2945260e-01, 3.8097877e-02],
       [8.8890922e-01, 1.1661224e-19, 1.1109082e-01],
       [1.9593637e-01, 5.9739572e-01, 2.0666790e-01]], dtype=float32), array([[1.7150320e-02, 9.6099269e-01, 2.1856936e-02],
       [9.3449432e-01, 6.4152955e-20, 6.5505683e-02],
       [1.9409367e-01, 5.9819698e-01, 2.0770934e-01]], dtype=float32), array([[5.5750090e-01, 1.4483306e-02, 4.2801574e-01],
       [9.7912520e-01, 8.1028763e-24, 2.0874785e-02],
       [6.2774736e-01, 4.5287309e-04, 3.7179977e-01]], dtype=float32), array([[5.5763263e-01, 1.4420864e-02, 4.2794648e-01],
       [9.7925341e-01, 7.5319761e-24, 2.0746557e-02],
       [6.2795842e-01, 4.4831532e-04, 3.7159321e-01]], dtype=float32), array([[3.8061070e-01, 2.3151165e-01, 3.8787767e-01],
       [1.7855209e-01, 6.7449837e-19, 8.2144791e-01],
       [2.1239293e-01, 5.8322120e-01, 2.0438588e-01]], dtype=float32), array([[5.5786312e-01, 1.4313227e-02, 4.2782366e-01],
       [9.7948277e-01, 6.6085004e-24, 2.0517217e-02],
       [6.2833619e-01, 4.4033866e-04, 3.7122345e-01]], dtype=float32), array([[3.3070952e-02, 9.2818421e-01, 3.8744740e-02],
       [8.8914233e-01, 8.0677239e-20, 1.1085772e-01],
       [1.9840482e-01, 5.9260905e-01, 2.0898615e-01]], dtype=float32), array([[4.2407432e-01, 1.3876642e-04, 5.7578695e-01],
       [1.3921708e-01, 2.4142640e-22, 8.6078286e-01],
       [4.3801627e-01, 6.5270031e-04, 5.6133103e-01]], dtype=float32), array([[4.5649442e-01, 2.3811247e-04, 5.4326755e-01],
       [2.4631773e-01, 1.9770421e-22, 7.5368226e-01],
       [4.6171635e-01, 6.1920774e-04, 5.3766441e-01]], dtype=float32), array([[5.5968899e-01, 7.6985201e-03, 4.3261260e-01],
       [9.6011090e-01, 9.7681254e-24, 3.9889045e-02],
       [6.0636240e-01, 4.4830373e-04, 3.9318925e-01]], dtype=float32), array([[5.5853850e-01, 1.3989073e-02, 4.2747247e-01],
       [9.8008758e-01, 4.5930689e-24, 1.9912422e-02],
       [6.2937051e-01, 4.1845258e-04, 3.7021098e-01]], dtype=float32), array([[5.5863583e-01, 1.3943102e-02, 4.2742106e-01],
       [9.8017454e-01, 4.3567537e-24, 1.9825440e-02],
       [6.2952161e-01, 4.1536856e-04, 3.7006307e-01]], dtype=float32), array([[3.3649724e-02, 9.2700285e-01, 3.9347511e-02],
       [8.8931954e-01, 5.8232623e-20, 1.1068040e-01],
       [2.0063637e-01, 5.8828294e-01, 2.1108066e-01]], dtype=float32), array([[5.5879784e-01, 1.3867141e-02, 4.2733502e-01],
       [9.8031974e-01, 3.9883525e-24, 1.9680269e-02],
       [6.2977469e-01, 4.1026750e-04, 3.6981505e-01]], dtype=float32), array([[5.6008065e-01, 7.5160866e-03, 4.3240324e-01],
       [9.6050644e-01, 7.7324414e-24, 3.9493609e-02],
       [6.0673678e-01, 4.3364085e-04, 3.9282963e-01]], dtype=float32), array([[4.1928297e-01, 1.3494714e-01, 4.4576988e-01],
       [1.0318010e-01, 4.3028185e-19, 8.9681995e-01],
       [2.1832548e-01, 5.7446903e-01, 2.0720547e-01]], dtype=float32), array([[5.58975220e-01, 1.37844635e-02, 4.27240342e-01],
       [9.80478585e-01, 3.61867892e-24, 1.95214432e-02],
       [6.30053103e-01, 4.04733204e-04, 3.69542092e-01]], dtype=float32), array([[3.8529277e-01, 2.2114131e-01, 3.9356595e-01],
       [1.7419127e-01, 3.7924210e-19, 8.2580870e-01],
       [2.1612152e-01, 5.7570958e-01, 2.0816885e-01]], dtype=float32)]","[array([nan, nan, nan], dtype=float32), array([nan, nan, nan], dtype=float32), array([nan, nan, nan], dtype=float32), array([nan, nan, nan], dtype=float32), array([nan, nan, nan], dtype=float32), array([nan, nan, nan], dtype=float32), array([nan, nan, nan], dtype=float32), array([nan, nan, nan], dtype=float32), array([nan, nan, nan], dtype=float32), array([nan, nan, nan], dtype=float32), array([nan, nan, nan], dtype=float32), array([nan, nan, nan], dtype=float32), array([nan, nan, nan], dtype=float32), array([nan, nan, nan], dtype=float32), array([nan, nan, nan], dtype=float32), array([nan, nan, nan], dtype=float32), array([nan, nan, nan], dtype=float32), array([nan, nan, nan], dtype=float32), array([nan, nan, nan], dtype=float32), array([nan, nan, nan], dtype=float32), array([nan, nan, nan], dtype=float32), array([nan, nan, nan], dtype=float32), array([nan, nan, nan], dtype=float32), array([nan, nan, nan], dtype=float32), array([nan, nan, nan], dtype=float32), array([nan, nan, nan], dtype=float32), array([nan, nan, nan], dtype=float32), array([nan, nan, nan], dtype=float32), array([nan, nan, nan], dtype=float32), array([nan, nan, nan], dtype=float32), array([nan, nan, nan], dtype=float32)]","[array([1.0774488, 1.0774488, 1.0774488], dtype=float32), array([1.0795995, 1.0795995, 1.0795995], dtype=float32), array([1.0815592, 1.0815592, 1.0815592], dtype=float32), array([1.0830927, 1.0830927, 1.0830927], dtype=float32), array([1.0846282, 1.0846282, 1.0846282], dtype=float32), array([1.0860425, 1.0860425, 1.0860425], dtype=float32), array([1.0873787, 1.0873787, 1.0873787], dtype=float32), array([1.0885745, 1.0885745, 1.0885745], dtype=float32), array([1.0897379, 1.0897379, 1.0897379], dtype=float32), array([1.0909053, 1.0909053, 1.0909053], dtype=float32), array([1.091985, 1.091985, 1.091985], dtype=float32), array([1.092889, 1.092889, 1.092889], dtype=float32), array([1.0939295, 1.0939295, 1.0939295], dtype=float32), array([1.0948917, 1.0948917, 1.0948917], dtype=float32), array([1.0959797, 1.0959797, 1.0959797], dtype=float32), array([1.0970384, 1.0970384, 1.0970384], dtype=float32), array([1.0980004, 1.0980004, 1.0980004], dtype=float32), array([1.0989267, 1.0989267, 1.0989267], dtype=float32), array([1.0996875, 1.0996875, 1.0996875], dtype=float32), array([1.1001443, 1.1001443, 1.1001443], dtype=float32), array([1.1004704, 1.1004704, 1.1004704], dtype=float32), array([1.1007193, 1.1007193, 1.1007193], dtype=float32), array([1.1010244, 1.1010244, 1.1010244], dtype=float32), array([1.1012337, 1.1012337, 1.1012337], dtype=float32), array([1.1015731, 1.1015731, 1.1015731], dtype=float32), array([1.1018618, 1.1018618, 1.1018618], dtype=float32), array([1.1021186, 1.1021186, 1.1021186], dtype=float32), array([1.1023424, 1.1023424, 1.1023424], dtype=float32), array([1.1024657, 1.1024657, 1.1024657], dtype=float32), array([1.1025809, 1.1025809, 1.1025809], dtype=float32), array([1.1027308, 1.1027308, 1.1027308], dtype=float32)]",1,0,0,0,0,0,54.71937984496123,55.58294573643411,0.0001620368132062312,2000,0.00037384626088954266,9.94,80000,9.94,80000,2000,0.3488177878579204,0.0010860145557671785,1238760,-1.0,0.0013802934991,0.0006698454963043332,81158,30969,839.6405029296875,0.4722185432910919,40.0,2.1763509039374185e-07,1.0,0.3502691984176636,999.0,0.0,0.017121750861406326,342.20102928503985,0.0,999.0,1238760,0.0013802934991,23810,30969,0.0393447157605,0.0,40.0,1.0,342.201168130546,3720000,93000,104968,61938,0,2477520,1027.6334792942937,6197903.600445305,6457122.272821314,10.5,50,40.0,9.5,1.0067001111073661,0.0021743040592991747,0.00014803050392389768,0.00029426403175812,1.0067001111073661,100,0.18495392453443446,9.94,2,2000,2.0,6.299074597449331e-05,2,80100,0.00022568873523343895,0.0005180327117290385,4000,100,9.94,4000,100,9.94,6.983173231905131e-06,7.758923565924509e-06,4.412665741603116e-05,3.3964731032472534e-05,2.0859648715899708e-05,2.946506834155001e-05,4.9623475076317115e-05,1.6527283062996538e-05,2.9453737678845862e-05,2.265138404494737e-05,0.0001576291979944624,0.05578903316090946,0.006626725478525458,0.05690918195733581,0.17197494227116117,0.03330209173638833,0.023210978254575954,0.00016793042410474506,4322640,1201.0,108066,0.0,498.0,1240.0,104.83025360107422,0.0007635898073203862,0.4722185730934143,1201.0,108066,0.34848228,498.0,1.0,0.016578471288084984,1240.0,-0.000824037822894752,4322640,-0.4669649600982666,651000,8645280,26040000,216132,9790.360798304675,9.915240163276653e-06,6.130704086250785e-05,4.698122661388349e-05,2.690365184360879e-05,8.898604704193576e-06,6.976392582543646e-05,2.3804152280279896e-05,4.118919160942307e-05,3.050564070284022e-05,0.00021375341392717014,4.1642604103463405e-05
1,82000,False,41,d1e1b_00000,2025-08-17_21-33-26,1755466406,91.50243258476257,3847.132207632065,685847,intrinsic-attention2,10.156.0.3,3847.132207632065,41,92.42897916972962,1.5765777977084432e-05,92.42868922680512,2.901914666761722,89.16808462860462,0.001987858246816298,0.0015247165803157258,10.0,40.0,9.5,4.573209222707511e-05,9.768298348293819e-05,0.0002576240076450631,1.0067001111073661,2,2000,2,41000,2.870567183662415,1.0067001111073661,82000,2.0,10.5,1000,284.9276804875849,2000.0,3000.0,"[array([[5.6023347e-01, 7.4462541e-03, 4.3232021e-01],
       [9.6066475e-01, 7.0492618e-24, 3.9335232e-02],
       [6.0688609e-01, 4.2800567e-04, 3.9268586e-01]], dtype=float32), array([[3.39617245e-02, 9.26364660e-01, 3.96736711e-02],
       [8.89384985e-01, 4.97262824e-20, 1.10615045e-01],
       [2.01797798e-01, 5.86030483e-01, 2.12171674e-01]], dtype=float32), array([[4.5639837e-01, 2.2411850e-04, 5.4337746e-01],
       [2.4576993e-01, 1.3209713e-22, 7.5423008e-01],
       [4.6161431e-01, 5.8429322e-04, 5.3780133e-01]], dtype=float32), array([[3.8561192e-01, 2.2043309e-01, 3.9395502e-01],
       [1.7392068e-01, 3.6439775e-19, 8.2607937e-01],
       [2.1640591e-01, 5.7513493e-01, 2.0845917e-01]], dtype=float32), array([[4.5639890e-01, 2.2350968e-04, 5.4337752e-01],
       [2.4576372e-01, 1.2957087e-22, 7.5423622e-01],
       [4.6161360e-01, 5.8272429e-04, 5.3780365e-01]], dtype=float32), array([[5.5913061e-01, 1.3716656e-02, 4.2715275e-01],
       [9.8063582e-01, 3.2992723e-24, 1.9364201e-02],
       [6.3032418e-01, 3.9968791e-04, 3.6927617e-01]], dtype=float32), array([[1.7296569e-02, 9.6069467e-01, 2.2008782e-02],
       [9.3690836e-01, 2.7238502e-20, 6.3091666e-02],
       [1.9975063e-01, 5.8715451e-01, 2.1309483e-01]], dtype=float32), array([[5.5914843e-01, 1.3709263e-02, 4.2714232e-01],
       [9.8065889e-01, 3.2543125e-24, 1.9341143e-02],
       [6.3036066e-01, 3.9902012e-04, 3.6924025e-01]], dtype=float32), array([[5.6033790e-01, 7.4003795e-03, 4.3226171e-01],
       [9.6079731e-01, 6.5676319e-24, 3.9202739e-02],
       [6.0700107e-01, 4.2401531e-04, 3.9257485e-01]], dtype=float32), array([[4.5640162e-01, 2.2268842e-04, 5.4337573e-01],
       [2.4575303e-01, 1.2588692e-22, 7.5424695e-01],
       [4.6161434e-01, 5.8061868e-04, 5.3780502e-01]], dtype=float32), array([[3.4070116e-02, 9.2614239e-01, 3.9787497e-02],
       [8.8944399e-01, 4.6897134e-20, 1.1055600e-01],
       [2.0224580e-01, 5.8515948e-01, 2.1259472e-01]], dtype=float32), array([[5.5916947e-01, 1.3701430e-02, 4.2712912e-01],
       [9.8069006e-01, 3.1970387e-24, 1.9309966e-02],
       [6.3040942e-01, 3.9817989e-04, 3.6919242e-01]], dtype=float32), array([[3.8596806e-01, 2.1964267e-01, 3.9438933e-01],
       [1.7362161e-01, 3.4832663e-19, 8.2637846e-01],
       [2.1672688e-01, 5.7448602e-01, 2.0878707e-01]], dtype=float32), array([[3.8598090e-01, 2.1961410e-01, 3.9440498e-01],
       [1.7361070e-01, 3.4765553e-19, 8.2638937e-01],
       [2.1673836e-01, 5.7446271e-01, 2.0879887e-01]], dtype=float32), array([[4.20120835e-01, 1.32687226e-01, 4.47191954e-01],
       [1.02028996e-01, 3.76292293e-19, 8.97970974e-01],
       [2.19263405e-01, 5.72584987e-01, 2.08151609e-01]], dtype=float32), array([[4.5640662e-01, 2.2214546e-04, 5.4337120e-01],
       [2.4576071e-01, 1.2347479e-22, 7.5423920e-01],
       [4.6161735e-01, 5.7918765e-04, 5.3780347e-01]], dtype=float32), array([[1.7297741e-02, 9.6069247e-01, 2.2009766e-02],
       [9.3702537e-01, 2.6263526e-20, 6.2974632e-02],
       [1.9999403e-01, 5.8667856e-01, 2.1332741e-01]], dtype=float32), array([[4.20142263e-01, 1.32629856e-01, 4.47227836e-01],
       [1.02000214e-01, 3.74742932e-19, 8.97999823e-01],
       [2.19287932e-01, 5.72535515e-01, 2.08176583e-01]], dtype=float32), array([[3.8604581e-01, 2.1947058e-01, 3.9448366e-01],
       [1.7355712e-01, 3.4414170e-19, 8.2644284e-01],
       [2.1679729e-01, 5.7434320e-01, 2.0885950e-01]], dtype=float32), array([[3.40956822e-02, 9.26090240e-01, 3.98140401e-02],
       [8.89473438e-01, 4.59994816e-20, 1.10526554e-01],
       [2.02369511e-01, 5.84919035e-01, 2.12711394e-01]], dtype=float32), array([[3.4105960e-02, 9.2606932e-01, 3.9824761e-02],
       [8.8947654e-01, 4.5745033e-20, 1.1052340e-01],
       [2.0240869e-01, 5.8484310e-01, 2.1274820e-01]], dtype=float32), array([[3.8611394e-01, 2.1931943e-01, 3.9456671e-01],
       [1.7349982e-01, 3.4101472e-19, 8.2650018e-01],
       [2.1685873e-01, 5.7421893e-01, 2.0892240e-01]], dtype=float32), array([[3.4116812e-02, 9.2604703e-01, 3.9836138e-02],
       [8.8948286e-01, 4.5472723e-20, 1.1051708e-01],
       [2.0245397e-01, 5.8475500e-01, 2.1279095e-01]], dtype=float32), array([[4.2280826e-01, 1.2534247e-04, 5.7706636e-01],
       [1.3580491e-01, 1.3873322e-22, 8.6419511e-01],
       [4.3704441e-01, 6.0408050e-04, 5.6235152e-01]], dtype=float32), array([[1.7296193e-02, 9.6069574e-01, 2.2008013e-02],
       [9.3708259e-01, 2.5865225e-20, 6.2917337e-02],
       [2.0010045e-01, 5.8646971e-01, 2.1342982e-01]], dtype=float32), array([[3.4108922e-02, 9.2606294e-01, 3.9828055e-02],
       [8.8950098e-01, 4.5509923e-20, 1.1049907e-01],
       [2.0244932e-01, 5.8476311e-01, 2.1278760e-01]], dtype=float32), array([[1.7292341e-02, 9.6070391e-01, 2.2003762e-02],
       [9.3707907e-01, 2.5968839e-20, 6.2921003e-02],
       [2.0006871e-01, 5.8653110e-01, 2.1340021e-01]], dtype=float32), array([[4.5643491e-01, 2.2199124e-04, 5.4334313e-01],
       [2.4585646e-01, 1.2178177e-22, 7.5414354e-01],
       [4.6163949e-01, 5.7854527e-04, 5.3778189e-01]], dtype=float32), array([[5.59173048e-01, 1.37091605e-02, 4.27117854e-01],
       [9.80745912e-01, 3.11518509e-24, 1.92540530e-02],
       [6.30483866e-01, 3.97285796e-04, 3.69118840e-01]], dtype=float32), array([[5.5915791e-01, 1.3717185e-02, 4.2712486e-01],
       [9.8073995e-01, 3.1295783e-24, 1.9260094e-02],
       [6.3046908e-01, 3.9762954e-04, 3.6913323e-01]], dtype=float32), array([[4.2014274e-01, 1.3263746e-01, 4.4721973e-01],
       [1.0203261e-01, 3.7339664e-19, 8.9796746e-01],
       [2.1932155e-01, 5.7246399e-01, 2.0821445e-01]], dtype=float32)]","[array([nan, nan, nan], dtype=float32), array([nan, nan, nan], dtype=float32), array([nan, nan, nan], dtype=float32), array([nan, nan, nan], dtype=float32), array([nan, nan, nan], dtype=float32), array([nan, nan, nan], dtype=float32), array([nan, nan, nan], dtype=float32), array([nan, nan, nan], dtype=float32), array([nan, nan, nan], dtype=float32), array([nan, nan, nan], dtype=float32), array([nan, nan, nan], dtype=float32), array([nan, nan, nan], dtype=float32), array([nan, nan, nan], dtype=float32), array([nan, nan, nan], dtype=float32), array([nan, nan, nan], dtype=float32), array([nan, nan, nan], dtype=float32), array([nan, nan, nan], dtype=float32), array([nan, nan, nan], dtype=float32), array([nan, nan, nan], dtype=float32), array([nan, nan, nan], dtype=float32), array([nan, nan, nan], dtype=float32), array([nan, nan, nan], dtype=float32), array([nan, nan, nan], dtype=float32), array([nan, nan, nan], dtype=float32), array([nan, nan, nan], dtype=float32), array([nan, nan, nan], dtype=float32), array([nan, nan, nan], dtype=float32), array([nan, nan, nan], dtype=float32), array([nan, nan, nan], dtype=float32), array([nan, nan, nan], dtype=float32), array([nan, nan, nan], dtype=float32)]","[array([1.1027422, 1.1027422, 1.1027422], dtype=float32), array([1.1027986, 1.1027986, 1.1027986], dtype=float32), array([1.1028024, 1.1028024, 1.1028024], dtype=float32), array([1.1027105, 1.1027105, 1.1027105], dtype=float32), array([1.1028291, 1.1028291, 1.1028291], dtype=float32), array([1.1032457, 1.1032457, 1.1032457], dtype=float32), array([1.1035491, 1.1035491, 1.1035491], dtype=float32), array([1.1036584, 1.1036584, 1.1036584], dtype=float32), array([1.1035966, 1.1035966, 1.1035966], dtype=float32), array([1.1035336, 1.1035336, 1.1035336], dtype=float32), array([1.1035185, 1.1035185, 1.1035185], dtype=float32), array([1.103553, 1.103553, 1.103553], dtype=float32), array([1.1035479, 1.1035479, 1.1035479], dtype=float32), array([1.1035776, 1.1035776, 1.1035776], dtype=float32), array([1.1036233, 1.1036233, 1.1036233], dtype=float32), array([1.1040457, 1.1040457, 1.1040457], dtype=float32), array([1.1044694, 1.1044694, 1.1044694], dtype=float32), array([1.1049088, 1.1049088, 1.1049088], dtype=float32), array([1.1051863, 1.1051863, 1.1051863], dtype=float32), array([1.1054003, 1.1054003, 1.1054003], dtype=float32), array([1.1058122, 1.1058122, 1.1058122], dtype=float32), array([1.1061717, 1.1061717, 1.1061717], dtype=float32), array([1.1064979, 1.1064979, 1.1064979], dtype=float32), array([1.1066674, 1.1066674, 1.1066674], dtype=float32), array([1.1069453, 1.1069453, 1.1069453], dtype=float32), array([1.1070777, 1.1070777, 1.1070777], dtype=float32), array([1.1072568, 1.1072568, 1.1072568], dtype=float32), array([1.1074847, 1.1074847, 1.1074847], dtype=float32), array([1.1075763, 1.1075763, 1.1075763], dtype=float32), array([1.1077392, 1.1077392, 1.1077392], dtype=float32), array([1.1079082, 1.1079082, 1.1079082], dtype=float32)]",1,0,0,0,0,0,54.399230769230776,55.60000000000001,0.00015980642900381974,2000,0.0003608945212400016,10.0,82000,10.0,82000,2000,0.34857990755928464,0.0003497722209431231,1269729,-0.4249899387359619,0.0013802934991,9.140157635556534e-05,81158,30969,902.8250732421875,0.4722185432910919,41.0,1.0881754519687092e-07,1.0,0.34953829646110535,999.0,0.0,0.013280287384986877,342.67489685013084,0.0,999.0,1269729,0.0013802934991,23810,30969,0.0393447157605,0.0,41.0,1.0,342.675025330371,3813000,93000,104968,61938,0,2539458,1029.0563622858222,6207048.497289871,6472556.361875986,10.5,50,41.0,9.5,1.0067001111073661,0.0022709264188597446,0.0001534126603372825,0.0002933362714509313,1.0067001111073661,100,0.1849860590590573,9.94,2,2050,2.0,6.489215311107387e-05,2,82100,0.0002334477107987208,0.0005337078534630251,4100,100,9.94,4100,100,9.94,6.763719058181762e-06,7.542633910615176e-06,4.26617648119982e-05,3.3830641582151616e-05,2.0614617591539025e-05,2.8860715835149526e-05,4.799038112861707e-05,1.633771093448404e-05,2.8687541888062466e-05,2.2243516477334435e-05,0.00014988312268139918,0.05576144070918672,0.006627415213789424,0.05681565206768733,0.17195653442849612,0.03326649539893678,0.023145365102147958,0.00016782301978393393,4430706,1231.0,108066,0.0,498.0,1271.0,106.02860260009766,9.786503505893052e-05,0.4722185730934143,1231.0,108066,0.34951296,498.0,1.0,0.012323220260441303,1271.0,0.0003074312407989055,4430706,-0.4083017110824585,651000,8861412,26691000,216132,9783.709397384817,1.0398508601095602e-05,6.279190756436871e-05,4.865514563385672e-05,2.8143931138482922e-05,9.134218037641201e-06,7.22673720952801e-05,2.4000639117446253e-05,4.239593846348254e-05,3.16146865285031e-05,0.000219415686202289,4.307560652968399e-05
1,84000,False,42,d1e1b_00000,2025-08-17_21-34-56,1755466496,90.24183368682861,3937.3740413188934,685847,intrinsic-attention2,10.156.0.3,3937.3740413188934,42,92.40509381925234,1.57665902631122e-05,92.40480272793711,2.899132907404207,89.14718568250848,0.001985748834429145,0.0015861459889856633,10.06,41.0,9.5,4.8100384274927644e-05,0.00010110701644547854,0.0002576240076450631,1.0067001111073661,2,2000,2,42000,2.867788507165769,1.0067001111073661,84000,2.0,10.5,1000,275.9233537821233,2000.0,3000.0,"[array([[5.6033581e-01, 7.4068690e-03, 4.3225735e-01],
       [9.6088040e-01, 6.4081463e-24, 3.9119624e-02],
       [6.0704404e-01, 4.2348480e-04, 3.9253250e-01]], dtype=float32), array([[1.7284038e-02, 9.6072084e-01, 2.1995082e-02],
       [9.3706065e-01, 2.6377673e-20, 6.2939353e-02],
       [1.9998132e-01, 5.8669919e-01, 2.1331950e-01]], dtype=float32), array([[4.2006516e-01, 1.3285173e-01, 4.4708312e-01],
       [1.0216057e-01, 3.7789418e-19, 8.9783943e-01],
       [2.1925621e-01, 5.7259321e-01, 2.0815058e-01]], dtype=float32), array([[4.20038909e-01, 1.32924125e-01, 4.47036982e-01],
       [1.02203265e-01, 3.79405827e-19, 8.97796750e-01],
       [2.19233453e-01, 5.72638333e-01, 2.08128244e-01]], dtype=float32), array([[5.6027657e-01, 7.4355369e-03, 4.3228790e-01],
       [9.6084946e-01, 6.5792222e-24, 3.9150506e-02],
       [6.0700160e-01, 4.2541372e-04, 3.9257303e-01]], dtype=float32), array([[4.5648402e-01, 2.2406485e-04, 5.4329193e-01],
       [2.4604359e-01, 1.2766026e-22, 7.5395644e-01],
       [4.6168306e-01, 5.8347033e-04, 5.3773344e-01]], dtype=float32), array([[3.8565263e-01, 2.2035244e-01, 3.9399496e-01],
       [1.7405041e-01, 3.5792377e-19, 8.2594955e-01],
       [2.1657231e-01, 5.7478929e-01, 2.0863847e-01]], dtype=float32), array([[4.2325091e-01, 1.2878886e-04, 5.7662034e-01],
       [1.3679680e-01, 1.5325641e-22, 8.6320323e-01],
       [4.3738613e-01, 6.1643956e-04, 5.6199747e-01]], dtype=float32), array([[4.5664099e-01, 2.2875066e-04, 5.4313028e-01],
       [2.4658464e-01, 1.3830869e-22, 7.5341535e-01],
       [4.6181908e-01, 5.9429079e-04, 5.3758663e-01]], dtype=float32), array([[1.7147683e-02, 9.6101350e-01, 2.1838846e-02],
       [9.3727863e-01, 2.6223664e-20, 6.2721364e-02],
       [1.9953078e-01, 5.8756566e-01, 2.1290360e-01]], dtype=float32), array([[3.3726227e-02, 9.2686319e-01, 3.9410632e-02],
       [8.9016712e-01, 4.1454683e-20, 1.0983289e-01],
       [2.0189281e-01, 5.8584654e-01, 2.1226059e-01]], dtype=float32), array([[5.6162727e-01, 1.2991147e-02, 4.2538160e-01],
       [9.7913319e-01, 2.1550265e-23, 2.0866780e-02],
       [6.3184351e-01, 4.1123660e-04, 3.6774522e-01]], dtype=float32), array([[3.8512170e-01, 2.2143012e-01, 3.9344814e-01],
       [1.8930614e-01, 8.5601100e-18, 8.1069386e-01],
       [2.2848219e-01, 5.5067301e-01, 2.2084481e-01]], dtype=float32), array([[3.8682339e-01, 2.1391243e-01, 3.9926416e-01],
       [1.6776186e-01, 1.6139720e-14, 8.3223808e-01],
       [2.1706316e-01, 5.7692069e-01, 2.0601615e-01]], dtype=float32), array([[2.8112128e-01, 4.4154260e-01, 2.7733618e-01],
       [3.4307039e-01, 1.3759220e-10, 6.5692967e-01],
       [1.9937417e-01, 6.0781384e-01, 1.9281195e-01]], dtype=float32), array([[4.7278515e-01, 1.4612917e-02, 5.1260197e-01],
       [3.9251617e-01, 2.7427065e-09, 6.0748380e-01],
       [4.7183156e-01, 2.0817116e-02, 5.0735134e-01]], dtype=float32), array([[4.7015062e-01, 4.3994267e-02, 4.8585516e-01],
       [4.5649967e-01, 1.5752428e-06, 5.4349875e-01],
       [4.6746820e-01, 5.0396401e-02, 4.8213544e-01]], dtype=float32), array([[4.3394023e-01, 1.6866468e-01, 3.9739507e-01],
       [6.9240338e-01, 1.1312852e-04, 3.0748343e-01],
       [4.8909578e-01, 9.2184551e-02, 4.1871968e-01]], dtype=float32), array([[0.16327906, 0.62780064, 0.20892033],
       [0.44794682, 0.17492852, 0.3771247 ],
       [0.2120873 , 0.53655493, 0.2513578 ]], dtype=float32), array([[0.32347506, 0.3377281 , 0.33879685],
       [0.32675406, 0.336269  , 0.33697698],
       [0.326995  , 0.33616164, 0.33684334]], dtype=float32), array([[0.19613615, 0.06523605, 0.73862785],
       [0.13933824, 0.03170543, 0.82895637],
       [0.27053455, 0.14214969, 0.5873158 ]], dtype=float32), array([[1.2656862e-01, 3.4210710e-03, 8.7001032e-01],
       [3.0901555e-02, 4.8654714e-05, 9.6904981e-01],
       [2.3921973e-01, 2.9498519e-02, 7.3128170e-01]], dtype=float32), array([[7.0410155e-02, 9.5513860e-05, 9.2949432e-01],
       [4.6025324e-03, 4.8740687e-09, 9.9539751e-01],
       [1.8353520e-01, 4.0788637e-03, 8.1238598e-01]], dtype=float32), array([[7.8709096e-02, 5.3020613e-06, 9.2128563e-01],
       [2.2385507e-03, 1.0148116e-13, 9.9776149e-01],
       [1.7822456e-01, 4.5717036e-04, 8.2131827e-01]], dtype=float32), array([[1.9166321e-02, 3.3407368e-08, 9.8083365e-01],
       [6.6228684e-05, 5.4964678e-19, 9.9993372e-01],
       [9.5565334e-02, 4.9144139e-05, 9.0438551e-01]], dtype=float32), array([[9.4934981e-03, 4.3735160e-10, 9.9050647e-01],
       [6.6323423e-06, 9.9876880e-25, 9.9999332e-01],
       [6.6243917e-02, 4.4101093e-06, 9.3375164e-01]], dtype=float32), array([[9.6016057e-02, 5.2778129e-12, 9.0398401e-01],
       [1.4614341e-03, 1.9965915e-33, 9.9853861e-01],
       [1.3756946e-01, 5.4878380e-10, 8.6243051e-01]], dtype=float32), array([[3.5803912e-03, 5.2881186e-13, 9.9641967e-01],
       [2.1174442e-07, 3.0584322e-34, 9.9999976e-01],
       [3.8906042e-02, 9.7513116e-08, 9.6109384e-01]], dtype=float32), array([[6.3905795e-03, 1.7803695e-13, 9.9360943e-01],
       [3.7513465e-07, 4.2433534e-38, 9.9999964e-01],
       [4.6436738e-02, 2.2180309e-08, 9.5356321e-01]], dtype=float32), array([[7.2289854e-01, 2.2527375e-12, 2.7710146e-01],
       [9.7970277e-01, 0.0000000e+00, 2.0297201e-02],
       [7.4354750e-01, 1.2523402e-13, 2.5645247e-01]], dtype=float32), array([[7.07197993e-04, 1.01276466e-19, 9.99292731e-01],
       [9.69255165e-09, 0.00000000e+00, 1.00000000e+00],
       [6.51575113e-03, 6.81302684e-14, 9.93484199e-01]], dtype=float32)]","[array([nan, nan, nan], dtype=float32), array([nan, nan, nan], dtype=float32), array([nan, nan, nan], dtype=float32), array([nan, nan, nan], dtype=float32), array([nan, nan, nan], dtype=float32), array([nan, nan, nan], dtype=float32), array([nan, nan, nan], dtype=float32), array([nan, nan, nan], dtype=float32), array([nan, nan, nan], dtype=float32), array([nan, nan, nan], dtype=float32), array([nan, nan, nan], dtype=float32), array([nan, nan, nan], dtype=float32), array([nan, nan, nan], dtype=float32), array([nan, nan, nan], dtype=float32), array([nan, nan, nan], dtype=float32), array([nan, nan, nan], dtype=float32), array([nan, nan, nan], dtype=float32), array([nan, nan, nan], dtype=float32), array([nan, nan, nan], dtype=float32), array([nan, nan, nan], dtype=float32), array([nan, nan, nan], dtype=float32), array([nan, nan, nan], dtype=float32), array([nan, nan, nan], dtype=float32), array([nan, nan, nan], dtype=float32), array([nan, nan, nan], dtype=float32), array([nan, nan, nan], dtype=float32), array([nan, nan, nan], dtype=float32), array([nan, nan, nan], dtype=float32), array([nan, nan, nan], dtype=float32), array([nan, nan, nan], dtype=float32), array([nan, nan, nan], dtype=float32)]","[array([1.1080282, 1.1080282, 1.1080282], dtype=float32), array([1.1081202, 1.1081202, 1.1081202], dtype=float32), array([1.1084527, 1.1084527, 1.1084527], dtype=float32), array([1.1093291, 1.1093291, 1.1093291], dtype=float32), array([1.1120656, 1.1120656, 1.1120656], dtype=float32), array([1.1137229, 1.1137229, 1.1137229], dtype=float32), array([1.1238958, 1.1238958, 1.1238958], dtype=float32), array([1.1677331, 1.1677331, 1.1677331], dtype=float32), array([1.2025725, 1.2025725, 1.2025725], dtype=float32), array([1.3035514, 1.3035514, 1.3035514], dtype=float32), array([1.3940107, 1.3940107, 1.3940107], dtype=float32), array([1.4232863, 1.4232863, 1.4232863], dtype=float32), array([1.4540957, 1.4540957, 1.4540957], dtype=float32), array([1.4609545, 1.4609545, 1.4609545], dtype=float32), array([1.4275609, 1.4275609, 1.4275609], dtype=float32), array([1.3984368, 1.3984368, 1.3984368], dtype=float32), array([1.3737507, 1.3737507, 1.3737507], dtype=float32), array([1.3521612, 1.3521612, 1.3521612], dtype=float32), array([1.348955, 1.348955, 1.348955], dtype=float32), array([1.3473588, 1.3473588, 1.3473588], dtype=float32), array([1.3513647, 1.3513647, 1.3513647], dtype=float32), array([1.3553765, 1.3553765, 1.3553765], dtype=float32), array([1.359293, 1.359293, 1.359293], dtype=float32), array([1.3697389, 1.3697389, 1.3697389], dtype=float32), array([1.3793641, 1.3793641, 1.3793641], dtype=float32), array([1.382593, 1.382593, 1.382593], dtype=float32), array([1.385523, 1.385523, 1.385523], dtype=float32), array([1.3871199, 1.3871199, 1.3871199], dtype=float32), array([1.3889891, 1.3889891, 1.3889891], dtype=float32), array([1.3912951, 1.3912951, 1.3912951], dtype=float32), array([1.3934667, 1.3934667, 1.3934667], dtype=float32)]",1,0,0,0,0,0,54.44806201550388,55.60000000000001,0.00016312460267144653,2000,0.00037471437663101246,10.06,84000,10.06,84000,2000,0.3483887355436413,0.03888652101159096,1300698,-1.0,0.0013802934991,0.12343107908964157,81158,30969,3695.853515625,0.4722185432910919,42.0,1.6322631779530639e-07,1.0,0.3878287374973297,999.0,0.0,0.19167736172676086,343.0695792279623,0.0,999.0,1300698,0.0013802934991,23810,30969,0.0393447157605,0.0,42.0,1.0,343.06969568954815,3906000,93000,104968,61938,0,2601396,1030.241462250432,6204521.63671716,6478680.981963592,10.5,50,42.0,-10.5,1.0067001111073661,0.0022822715585061816,0.0001522834227098925,0.00029240860867109266,1.0067001111073661,100,0.18497298243853258,9.74,2,2100,2.0,6.386272819277539e-05,2,84100,0.00022733761873111513,0.0005261703779948381,4200,100,9.74,4200,100,9.74,6.928738721560191e-06,7.834410321126872e-06,4.423722600399685e-05,3.408771929424255e-05,2.0867935463724202e-05,2.9503979027649558e-05,4.995335652084491e-05,1.6682203880487956e-05,2.9426227695182593e-05,2.2846406190095927e-05,0.0001583266119248126,0.05572421874203417,0.006628710011540921,0.05672807537704718,0.17197094446411357,0.03324999661488884,0.023077098631131956,0.0001679166396609688,4538772,1261.0,108066,0.0,498.0,1302.0,115.34805297851562,0.07196179032325745,0.4722185730934143,1261.0,108066,0.25945914,498.0,1.0,0.1527007520198822,1302.0,-0.10107072442770004,4538772,-0.7292318344116211,651000,9077544,27342000,216132,9775.474236250553,1.007528761567066e-05,6.168267985903567e-05,4.68399225462378e-05,2.774067374769396e-05,8.92722106379808e-06,7.121451780619323e-05,2.346746725212669e-05,4.165608973324007e-05,3.1396439350068813e-05,0.00021796482808643183,4.2206057271897615e-05
1,86000,False,43,d1e1b_00000,2025-08-17_21-36-28,1755466588,91.21413135528564,4028.588172674179,685847,intrinsic-attention2,10.156.0.3,4028.588172674179,43,92.39115517584983,1.5861874336610534e-05,92.3908632413777,2.89648252208013,89.13619191570344,0.001987051416112544,0.0015323800995247438,9.8,42.0,-9.5,4.6834991158398776e-05,0.00010070191970845552,0.0002576240076450631,1.0067001111073661,2,2000,2,43000,2.865153177514101,1.0067001111073661,86000,2.0,10.5,1000,267.16250538655123,2000.0,3000.0,"[array([[1.4785088e-04, 2.8519103e-24, 9.9985218e-01],
       [1.3851391e-10, 0.0000000e+00, 1.0000000e+00],
       [2.1883466e-03, 4.5063149e-17, 9.9781173e-01]], dtype=float32), array([[3.0418575e-02, 1.6843662e-23, 9.6958143e-01],
       [1.7409966e-05, 0.0000000e+00, 9.9998260e-01],
       [5.0613906e-02, 5.0502643e-20, 9.4938606e-01]], dtype=float32), array([[6.59352168e-02, 1.10105753e-18, 9.34064806e-01],
       [1.49915995e-05, 0.00000000e+00, 9.99984980e-01],
       [1.11992903e-01, 8.80579518e-15, 8.88007104e-01]], dtype=float32), array([[1.5696529e-09, 1.9417459e-34, 1.0000000e+00],
       [6.8634105e-23, 0.0000000e+00, 1.0000000e+00],
       [8.2779123e-05, 2.3419130e-16, 9.9991727e-01]], dtype=float32), array([[2.7592470e-05, 6.1999085e-30, 9.9997246e-01],
       [1.9635596e-15, 0.0000000e+00, 1.0000000e+00],
       [2.0745511e-03, 6.5505425e-18, 9.9792540e-01]], dtype=float32), array([[9.8188317e-01, 5.8538667e-37, 1.8116849e-02],
       [9.9999940e-01, 0.0000000e+00, 6.4293766e-07],
       [9.8883748e-01, 2.0543035e-41, 1.1162493e-02]], dtype=float32), array([[5.4139728e-06, 7.3381830e-35, 9.9999464e-01],
       [6.3344739e-18, 0.0000000e+00, 1.0000000e+00],
       [8.1269728e-04, 9.4147662e-21, 9.9918729e-01]], dtype=float32), array([[2.4650961e-02, 7.5352856e-28, 9.7534901e-01],
       [9.1807884e-08, 0.0000000e+00, 9.9999988e-01],
       [5.2459583e-02, 4.4145509e-22, 9.4754034e-01]], dtype=float32), array([[1.3338051e-06, 3.8843153e-39, 9.9999869e-01],
       [4.3910392e-20, 0.0000000e+00, 1.0000000e+00],
       [3.6261219e-04, 3.2076732e-23, 9.9963737e-01]], dtype=float32), array([[5.2450649e-03, 7.0064923e-45, 9.9475491e-01],
       [2.2869187e-08, 0.0000000e+00, 1.0000000e+00],
       [1.0219081e-02, 3.2549613e-39, 9.8978090e-01]], dtype=float32), array([[3.1336638e-14, 0.0000000e+00, 1.0000000e+00],
       [7.1074820e-36, 0.0000000e+00, 1.0000000e+00],
       [6.3282801e-07, 2.7252331e-25, 9.9999940e-01]], dtype=float32), array([[9.9998903e-01, 2.8320242e-42, 1.0936068e-05],
       [1.0000000e+00, 0.0000000e+00, 4.3265502e-24],
       [9.9999988e-01, 0.0000000e+00, 6.9413204e-08]], dtype=float32), array([[1.5286242e-03, 0.0000000e+00, 9.9847132e-01],
       [4.2438361e-10, 0.0000000e+00, 1.0000000e+00],
       [3.7447782e-03, 6.4459729e-44, 9.9625516e-01]], dtype=float32), array([[9.9999404e-01, 9.8090893e-45, 6.0137977e-06],
       [1.0000000e+00, 0.0000000e+00, 2.0281604e-25],
       [1.0000000e+00, 0.0000000e+00, 2.9540676e-08]], dtype=float32), array([[9.8312670e-01, 2.6890918e-42, 1.6873321e-02],
       [1.0000000e+00, 0.0000000e+00, 1.4408458e-08],
       [9.9061537e-01, 0.0000000e+00, 9.3846386e-03]], dtype=float32), array([[1.0407032e-03, 0.0000000e+00, 9.9895930e-01],
       [1.0382527e-10, 0.0000000e+00, 1.0000000e+00],
       [2.6616708e-03, 0.0000000e+00, 9.9733835e-01]], dtype=float32), array([[1.8274825e-08, 0.0000000e+00, 1.0000000e+00],
       [2.1213696e-26, 0.0000000e+00, 1.0000000e+00],
       [3.4443347e-05, 1.2547026e-29, 9.9996555e-01]], dtype=float32), array([[1.3882563e-08, 0.0000000e+00, 1.0000000e+00],
       [7.7132215e-27, 0.0000000e+00, 1.0000000e+00],
       [2.9360275e-05, 3.8616645e-30, 9.9997067e-01]], dtype=float32), array([[7.774227e-04, 0.000000e+00, 9.992225e-01],
       [3.585095e-11, 0.000000e+00, 1.000000e+00],
       [2.053259e-03, 0.000000e+00, 9.979468e-01]], dtype=float32), array([[1.8181474e-08, 0.0000000e+00, 1.0000000e+00],
       [7.7145165e-27, 0.0000000e+00, 1.0000000e+00],
       [3.0204923e-05, 4.9495680e-31, 9.9996984e-01]], dtype=float32), array([[7.1289366e-09, 0.0000000e+00, 1.0000000e+00],
       [6.5086485e-28, 0.0000000e+00, 1.0000000e+00],
       [1.9927424e-05, 2.1463847e-31, 9.9998009e-01]], dtype=float32), array([[9.904739e-01, 0.000000e+00, 9.526048e-03],
       [1.000000e+00, 0.000000e+00, 9.047898e-10],
       [9.952507e-01, 0.000000e+00, 4.749318e-03]], dtype=float32), array([[7.5777438e-03, 4.0878679e-40, 9.9242228e-01],
       [1.7628964e-10, 0.0000000e+00, 1.0000000e+00],
       [2.0312268e-02, 4.7460502e-32, 9.7968781e-01]], dtype=float32), array([[7.661060e-18, 0.000000e+00, 1.000000e+00],
       [0.000000e+00, 0.000000e+00, 1.000000e+00],
       [1.509242e-08, 2.615979e-32, 1.000000e+00]], dtype=float32), array([[7.1942443e-03, 9.6001556e-41, 9.9280578e-01],
       [1.3164356e-10, 0.0000000e+00, 1.0000000e+00],
       [1.9450609e-02, 1.4287264e-32, 9.8054940e-01]], dtype=float32), array([[9.9218315e-01, 0.0000000e+00, 7.8168353e-03],
       [1.0000000e+00, 0.0000000e+00, 3.4538489e-10],
       [9.9625432e-01, 0.0000000e+00, 3.7456036e-03]], dtype=float32), array([[9.7309123e-04, 0.0000000e+00, 9.9902689e-01],
       [5.2130997e-11, 0.0000000e+00, 1.0000000e+00],
       [2.3151923e-03, 0.0000000e+00, 9.9768484e-01]], dtype=float32), array([[2.8656155e-09, 0.0000000e+00, 1.0000000e+00],
       [2.1012717e-29, 0.0000000e+00, 1.0000000e+00],
       [1.1735768e-05, 3.8663108e-33, 9.9998832e-01]], dtype=float32), array([[2.6486997e-09, 0.0000000e+00, 1.0000000e+00],
       [1.5481281e-29, 0.0000000e+00, 1.0000000e+00],
       [1.1219305e-05, 2.7272940e-33, 9.9998879e-01]], dtype=float32), array([[6.5421960e-03, 8.4035869e-42, 9.9345785e-01],
       [7.7079315e-11, 0.0000000e+00, 1.0000000e+00],
       [1.8012270e-02, 1.9765137e-33, 9.8198777e-01]], dtype=float32), array([[2.3373401e-09, 0.0000000e+00, 1.0000000e+00],
       [9.4471423e-30, 0.0000000e+00, 1.0000000e+00],
       [1.0441805e-05, 1.5415086e-33, 9.9998951e-01]], dtype=float32)]","[array([1.3975625, 1.3975625, 1.3975625], dtype=float32), array([1.4034854, 1.4034854, 1.4034854], dtype=float32), array([1.4088627, 1.4088627, 1.4088627], dtype=float32), array([1.413716, 1.413716, 1.413716], dtype=float32), array([1.4181327, 1.4181327, 1.4181327], dtype=float32), array([1.4220592, 1.4220592, 1.4220592], dtype=float32), array([1.4256345, 1.4256345, 1.4256345], dtype=float32), array([1.4288274, 1.4288274, 1.4288274], dtype=float32), array([1.4317937, 1.4317937, 1.4317937], dtype=float32), array([1.4344273, 1.4344273, 1.4344273], dtype=float32), array([1.4367837, 1.4367837, 1.4367837], dtype=float32), array([1.4390236, 1.4390236, 1.4390236], dtype=float32), array([1.4409919, 1.4409919, 1.4409919], dtype=float32), array([1.4427981, 1.4427981, 1.4427981], dtype=float32), array([1.4444578, 1.4444578, 1.4444578], dtype=float32), array([1.4459049, 1.4459049, 1.4459049], dtype=float32), array([1.4471754, 1.4471754, 1.4471754], dtype=float32), array([nan, nan, nan], dtype=float32), array([1.4494085, 1.4494085, 1.4494085], dtype=float32), array([nan, nan, nan], dtype=float32), array([1.4512329, 1.4512329, 1.4512329], dtype=float32), array([1.4520053, 1.4520053, 1.4520053], dtype=float32), array([1.4526792, 1.4526792, 1.4526792], dtype=float32), array([1.4532697, 1.4532697, 1.4532697], dtype=float32), array([1.4538612, 1.4538612, 1.4538612], dtype=float32), array([1.4544126, 1.4544126, 1.4544126], dtype=float32), array([1.4548966, 1.4548966, 1.4548966], dtype=float32), array([1.4553436, 1.4553436, 1.4553436], dtype=float32), array([1.4557649, 1.4557649, 1.4557649], dtype=float32), array([1.4561548, 1.4561548, 1.4561548], dtype=float32), array([1.4565091, 1.4565091, 1.4565091], dtype=float32)]","[array([1.3975623, 1.3975623, 1.3975623], dtype=float32), array([1.4034857, 1.4034857, 1.4034857], dtype=float32), array([1.408863, 1.408863, 1.408863], dtype=float32), array([1.413716, 1.413716, 1.413716], dtype=float32), array([1.4181327, 1.4181327, 1.4181327], dtype=float32), array([1.4220594, 1.4220594, 1.4220594], dtype=float32), array([1.4256345, 1.4256345, 1.4256345], dtype=float32), array([1.4288274, 1.4288274, 1.4288274], dtype=float32), array([1.4317933, 1.4317933, 1.4317933], dtype=float32), array([1.4344273, 1.4344273, 1.4344273], dtype=float32), array([1.4367834, 1.4367834, 1.4367834], dtype=float32), array([1.4390239, 1.4390239, 1.4390239], dtype=float32), array([1.4409921, 1.4409921, 1.4409921], dtype=float32), array([1.4427985, 1.4427985, 1.4427985], dtype=float32), array([1.4444579, 1.4444579, 1.4444579], dtype=float32), array([1.4459052, 1.4459052, 1.4459052], dtype=float32), array([1.4471755, 1.4471755, 1.4471755], dtype=float32), array([1.4483477, 1.4483477, 1.4483477], dtype=float32), array([1.4494087, 1.4494087, 1.4494087], dtype=float32), array([1.4503862, 1.4503862, 1.4503862], dtype=float32), array([1.4512329, 1.4512329, 1.4512329], dtype=float32), array([1.4520051, 1.4520051, 1.4520051], dtype=float32), array([1.4526789, 1.4526789, 1.4526789], dtype=float32), array([1.4532698, 1.4532698, 1.4532698], dtype=float32), array([1.4538612, 1.4538612, 1.4538612], dtype=float32), array([1.4544127, 1.4544127, 1.4544127], dtype=float32), array([1.4548968, 1.4548968, 1.4548968], dtype=float32), array([1.4553434, 1.4553434, 1.4553434], dtype=float32), array([1.4557648, 1.4557648, 1.4557648], dtype=float32), array([1.4561546, 1.4561546, 1.4561546], dtype=float32), array([1.4565089, 1.4565089, 1.4565089], dtype=float32)]",1,0,0,0,0,0,54.52384615384616,55.60000000000001,0.00015957021974349387,2000,0.000367721456861965,9.8,86000,9.8,86000,2000,0.3481040243381424,-0.0046601854264736176,1331667,-0.02066636085510254,0.0013802934991,0.0024601409677416086,81158,30969,2937.600341796875,0.4722185432910919,43.0,8.161315889765319e-08,1.0,0.34433436393737793,999.0,0.0,0.1537901759147644,343.2482980304979,0.0,999.0,1331667,0.0013802934991,23810,30969,0.0393447157605,0.0,43.0,1.0,343.2484041050249,3999000,93000,104968,61938,0,2663334,1030.7780296797148,6200183.105681031,6479917.715096505,10.5,50,43.0,-10.5,1.0067001111073661,0.0022715099391643887,0.00015289541065293994,0.0002916682724778291,1.0067001111073661,100,0.18498004800405096,9.74,2,2150,2.0,6.518337246402593e-05,2,86100,0.00023177736818414725,0.000535781432691486,4300,100,9.74,4300,100,9.74,6.826256497258774e-06,7.769238893137117e-06,4.29079101479134e-05,3.359028851333035e-05,2.0486247318064205e-05,2.9203959481641973e-05,4.892842972527879e-05,1.654955099891024e-05,2.8905736211357148e-05,2.273793377082749e-05,0.00015422306550354618,0.05569183194457208,0.006630442451474648,0.0566376920432891,0.1719243424994915,0.033203058398800826,0.023004938204849685,0.00016788001327428426,4646838,1291.0,108066,0.0,498.0,1333.0,116.77867126464844,0.0019359563011676073,0.4722185730934143,1291.0,108066,0.34685,498.0,1.0,0.1731051653623581,1333.0,-0.0024281926453113556,4646838,-0.12168729305267334,651000,9293676,27993000,216132,9758.905331505197,1.0201228041611815e-05,6.210788187176747e-05,4.799142729443718e-05,2.8086412680137152e-05,9.355190769332976e-06,7.271471747429156e-05,2.4158371714856874e-05,4.2756338487355395e-05,3.1871381714119094e-05,0.00022038360224573315,4.2571973314918594e-05
1,88000,False,44,d1e1b_00000,2025-08-17_21-37-59,1755466679,91.17777585983276,4119.765948534012,685847,intrinsic-attention2,10.156.0.3,4119.765948534012,44,92.37704429384145,1.5827385612929682e-05,92.37675186221392,2.8942328842793787,89.12427650290637,0.001985926351876027,0.0015775093606498558,10.02,43.0,9.5,4.780492145458403e-05,0.00010420680125186108,0.0002576240076450631,1.0067001111073661,2,2000,2,44000,2.8629005613788348,1.0067001111073661,88000,2.0,10.5,1000,258.64269473917653,2000.0,3000.0,"[array([[9.9364603e-01, 0.0000000e+00, 6.3540293e-03],
       [1.0000000e+00, 0.0000000e+00, 1.0675970e-08],
       [9.9594396e-01, 0.0000000e+00, 4.0559978e-03]], dtype=float32), array([[2.1108657e-09, 0.0000000e+00, 1.0000000e+00],
       [6.3124363e-30, 0.0000000e+00, 1.0000000e+00],
       [9.8489736e-06, 9.6853103e-34, 9.9999011e-01]], dtype=float32), array([[9.9339867e-01, 0.0000000e+00, 6.6013942e-03],
       [1.0000000e+00, 0.0000000e+00, 1.5104182e-10],
       [9.9692971e-01, 0.0000000e+00, 3.0703449e-03]], dtype=float32), array([[9.968225e-06, 0.000000e+00, 9.999900e-01],
       [2.898291e-15, 0.000000e+00, 1.000000e+00],
       [4.423747e-05, 0.000000e+00, 9.999558e-01]], dtype=float32), array([[9.9016494e-01, 0.0000000e+00, 9.8351203e-03],
       [9.9999988e-01, 0.0000000e+00, 5.9933186e-08],
       [9.9316686e-01, 0.0000000e+00, 6.8331650e-03]], dtype=float32), array([[1.1879126e-18, 0.0000000e+00, 1.0000000e+00],
       [0.0000000e+00, 0.0000000e+00, 1.0000000e+00],
       [6.6388188e-09, 6.1426720e-34, 1.0000000e+00]], dtype=float32), array([[6.2818364e-03, 1.8665296e-42, 9.9371815e-01],
       [5.8171863e-11, 0.0000000e+00, 1.0000000e+00],
       [1.7390391e-02, 5.6126104e-34, 9.8260963e-01]], dtype=float32), array([[1.0831713e-05, 0.0000000e+00, 9.9998915e-01],
       [3.4281780e-15, 0.0000000e+00, 1.0000000e+00],
       [4.6994584e-05, 0.0000000e+00, 9.9995303e-01]], dtype=float32), array([[1.9508768e-09, 0.0000000e+00, 1.0000000e+00],
       [4.1204808e-30, 0.0000000e+00, 1.0000000e+00],
       [9.2840446e-06, 4.7419392e-34, 9.9999070e-01]], dtype=float32), array([[3.7026926e-09, 0.0000000e+00, 1.0000000e+00],
       [1.9103854e-29, 0.0000000e+00, 1.0000000e+00],
       [1.2034688e-05, 4.5867147e-34, 9.9998796e-01]], dtype=float32), array([[9.9999952e-01, 0.0000000e+00, 5.1554997e-07],
       [1.0000000e+00, 0.0000000e+00, 3.4889434e-31],
       [1.0000000e+00, 0.0000000e+00, 7.7201179e-10]], dtype=float32), array([[2.4680885e-12, 0.0000000e+00, 1.0000000e+00],
       [1.2485703e-32, 0.0000000e+00, 1.0000000e+00],
       [8.0351015e-09, 0.0000000e+00, 1.0000000e+00]], dtype=float32), array([[9.9324811e-01, 0.0000000e+00, 6.7518936e-03],
       [1.0000000e+00, 0.0000000e+00, 1.2964119e-10],
       [9.9688715e-01, 0.0000000e+00, 3.1128933e-03]], dtype=float32), array([[2.3978693e-05, 0.0000000e+00, 9.9997604e-01],
       [2.7078508e-14, 0.0000000e+00, 1.0000000e+00],
       [8.7594490e-05, 0.0000000e+00, 9.9991238e-01]], dtype=float32), array([[6.6630421e-03, 2.9385229e-42, 9.9333692e-01],
       [7.5894152e-11, 0.0000000e+00, 1.0000000e+00],
       [1.8092029e-02, 7.0520675e-34, 9.8190802e-01]], dtype=float32), array([[9.9681205e-01, 0.0000000e+00, 3.1879810e-03],
       [1.0000000e+00, 0.0000000e+00, 5.9626187e-10],
       [9.9825341e-01, 0.0000000e+00, 1.7465815e-03]], dtype=float32), array([[2.0186042e-18, 0.0000000e+00, 1.0000000e+00],
       [0.0000000e+00, 0.0000000e+00, 1.0000000e+00],
       [8.0821660e-09, 1.0190489e-33, 1.0000000e+00]], dtype=float32), array([[5.5652153e-04, 0.0000000e+00, 9.9944347e-01],
       [6.3650621e-12, 0.0000000e+00, 1.0000000e+00],
       [1.5314915e-03, 0.0000000e+00, 9.9846846e-01]], dtype=float32), array([[2.1783146e-18, 0.0000000e+00, 1.0000000e+00],
       [0.0000000e+00, 0.0000000e+00, 1.0000000e+00],
       [8.4251637e-09, 1.1806663e-33, 1.0000000e+00]], dtype=float32), array([[9.9632508e-01, 0.0000000e+00, 3.6748755e-03],
       [1.0000000e+00, 0.0000000e+00, 1.0068739e-09],
       [9.9792898e-01, 0.0000000e+00, 2.0709764e-03]], dtype=float32), array([[5.1314046e-04, 0.0000000e+00, 9.9948680e-01],
       [4.7232608e-12, 0.0000000e+00, 1.0000000e+00],
       [1.4486312e-03, 0.0000000e+00, 9.9855131e-01]], dtype=float32), array([[1.94248767e-18, 0.00000000e+00, 1.00000000e+00],
       [0.00000000e+00, 0.00000000e+00, 1.00000000e+00],
       [8.12033196e-09, 1.05264105e-33, 1.00000000e+00]], dtype=float32), array([[3.8669712e-09, 0.0000000e+00, 1.0000000e+00],
       [2.4891044e-29, 0.0000000e+00, 1.0000000e+00],
       [1.2900985e-05, 1.2311252e-33, 9.9998713e-01]], dtype=float32), array([[9.9999928e-01, 0.0000000e+00, 6.9776905e-07],
       [1.0000000e+00, 0.0000000e+00, 6.4078534e-31],
       [1.0000000e+00, 0.0000000e+00, 1.0427225e-09]], dtype=float32), array([[6.1013428e-03, 6.5706885e-42, 9.9389863e-01],
       [5.3000038e-11, 0.0000000e+00, 1.0000000e+00],
       [1.7307149e-02, 2.1589675e-33, 9.8269284e-01]], dtype=float32), array([[3.0658051e-18, 0.0000000e+00, 1.0000000e+00],
       [0.0000000e+00, 0.0000000e+00, 1.0000000e+00],
       [1.0219232e-08, 2.6223420e-33, 1.0000000e+00]], dtype=float32), array([[6.0981273e-04, 0.0000000e+00, 9.9939013e-01],
       [7.3822493e-12, 0.0000000e+00, 1.0000000e+00],
       [1.6801096e-03, 0.0000000e+00, 9.9831980e-01]], dtype=float32), array([[5.6579704e-03, 4.8765187e-42, 9.9434197e-01],
       [3.9129304e-11, 0.0000000e+00, 1.0000000e+00],
       [1.6480885e-02, 2.0660536e-33, 9.8351914e-01]], dtype=float32), array([[3.5539849e-09, 0.0000000e+00, 1.0000000e+00],
       [2.0920580e-29, 0.0000000e+00, 1.0000000e+00],
       [1.2765432e-05, 1.8152842e-33, 9.9998724e-01]], dtype=float32), array([[4.2606422e-04, 0.0000000e+00, 9.9957389e-01],
       [2.4263230e-12, 0.0000000e+00, 1.0000000e+00],
       [1.2791075e-03, 0.0000000e+00, 9.9872082e-01]], dtype=float32), array([[9.9451315e-01, 0.0000000e+00, 5.4868776e-03],
       [1.0000000e+00, 0.0000000e+00, 4.6457318e-09],
       [9.9665159e-01, 0.0000000e+00, 3.3484497e-03]], dtype=float32)]","[array([1.4568312, 1.4568312, 1.4568312], dtype=float32), array([nan, nan, nan], dtype=float32), array([nan, nan, nan], dtype=float32), array([nan, nan, nan], dtype=float32), array([nan, nan, nan], dtype=float32), array([1.4583852, 1.4583852, 1.4583852], dtype=float32), array([nan, nan, nan], dtype=float32), array([nan, nan, nan], dtype=float32), array([1.4590654, 1.4590654, 1.4590654], dtype=float32), array([nan, nan, nan], dtype=float32), array([1.4594557, 1.4594557, 1.4594557], dtype=float32), array([nan, nan, nan], dtype=float32), array([nan, nan, nan], dtype=float32), array([nan, nan, nan], dtype=float32), array([1.4601144, 1.4601144, 1.4601144], dtype=float32), array([nan, nan, nan], dtype=float32), array([1.4605231, 1.4605231, 1.4605231], dtype=float32), array([nan, nan, nan], dtype=float32), array([nan, nan, nan], dtype=float32), array([nan, nan, nan], dtype=float32), array([1.4613215, 1.4613215, 1.4613215], dtype=float32), array([nan, nan, nan], dtype=float32), array([nan, nan, nan], dtype=float32), array([1.4619027, 1.4619027, 1.4619027], dtype=float32), array([1.4620631, 1.4620631, 1.4620631], dtype=float32), array([nan, nan, nan], dtype=float32), array([nan, nan, nan], dtype=float32), array([nan, nan, nan], dtype=float32), array([nan, nan, nan], dtype=float32), array([1.4627483, 1.4627483, 1.4627483], dtype=float32), array([nan, nan, nan], dtype=float32)]","[array([1.4568311, 1.4568311, 1.4568311], dtype=float32), array([1.4571794, 1.4571794, 1.4571794], dtype=float32), array([1.4575213, 1.4575213, 1.4575213], dtype=float32), array([1.4578152, 1.4578152, 1.4578152], dtype=float32), array([1.4581152, 1.4581152, 1.4581152], dtype=float32), array([1.4583853, 1.4583853, 1.4583853], dtype=float32), array([1.4586349, 1.4586349, 1.4586349], dtype=float32), array([1.4588395, 1.4588395, 1.4588395], dtype=float32), array([1.4590653, 1.4590653, 1.4590653], dtype=float32), array([1.4592664, 1.4592664, 1.4592664], dtype=float32), array([1.4594556, 1.4594556, 1.4594556], dtype=float32), array([1.4596323, 1.4596323, 1.4596323], dtype=float32), array([1.4598047, 1.4598047, 1.4598047], dtype=float32), array([1.4599591, 1.4599591, 1.4599591], dtype=float32), array([1.4601141, 1.4601141, 1.4601141], dtype=float32), array([1.4603165, 1.4603165, 1.4603165], dtype=float32), array([1.4605234, 1.4605234, 1.4605234], dtype=float32), array([1.4607046, 1.4607046, 1.4607046], dtype=float32), array([1.4608713, 1.4608713, 1.4608713], dtype=float32), array([1.4611093, 1.4611093, 1.4611093], dtype=float32), array([1.4613214, 1.4613214, 1.4613214], dtype=float32), array([1.4615226, 1.4615226, 1.4615226], dtype=float32), array([1.4617196, 1.4617196, 1.4617196], dtype=float32), array([1.4619027, 1.4619027, 1.4619027], dtype=float32), array([1.462063, 1.462063, 1.462063], dtype=float32), array([1.462213, 1.462213, 1.462213], dtype=float32), array([1.4623584, 1.4623584, 1.4623584], dtype=float32), array([1.4624953, 1.4624953, 1.4624953], dtype=float32), array([1.4626244, 1.4626244, 1.4626244], dtype=float32), array([1.4627482, 1.4627482, 1.4627482], dtype=float32), array([1.4628752, 1.4628752, 1.4628752], dtype=float32)]",1,0,0,0,0,0,54.54076923076923,55.603076923076934,0.00016501974583331275,2000,0.00037600924092364986,10.02,88000,10.02,88000,2000,0.3481706125548346,-0.0043542650528252125,1362636,0.005157947540283203,0.0013802934991,0.0019464929355308414,81158,30969,1780.002197265625,0.4722185432910919,44.0,4.0806579448826596e-08,1.0,0.3446177840232849,999.0,0.0,0.17011380195617676,343.40246386904624,0.0,999.0,1362636,0.0013802934991,23810,30969,0.0393447157605,0.0,44.0,1.0,343.40255773780683,4092000,93000,104968,61938,0,2725272,1031.2408736152222,6200970.5739998,6485956.262752115,10.5,50,44.0,9.5,1.0067001111073661,0.0022513665004225913,0.0001532441356172506,0.00029067721981144556,1.0067001111073661,100,0.18493239700392816,9.94,2,2200,2.0,6.410110213503199e-05,2,88100,0.00022947730078079904,0.0005314605780869408,4400,100,9.94,4400,100,9.94,6.984268188353516e-06,7.888557887137521e-06,4.4341714176401876e-05,3.448272654364755e-05,2.1430472249505387e-05,3.0138285203461808e-05,4.977631690029965e-05,1.704127477354366e-05,2.9761863817345787e-05,2.3134017106881364e-05,0.00015748280200543873,0.05587039852519578,0.006653156297042207,0.05657679482278825,0.17195157867446606,0.03316988983480316,0.022934479452720154,0.00016790854308019527,4754904,1321.0,108066,0.0,498.0,1364.0,117.58782196044922,0.002312102122232318,0.4722185730934143,1321.0,108066,0.35011873,498.0,1.0,0.15773700177669525,1364.0,0.0007590386085212231,4754904,-0.30954861640930176,651000,9509808,28644000,216132,9742.249081622067,1.031274482590812e-05,6.176657398512652e-05,4.716867909941219e-05,2.7753646258799625e-05,9.21206154894228e-06,7.172162552499501e-05,2.4318476684577685e-05,4.228327091928242e-05,3.0811542437955075e-05,0.00021926181205267654,4.2358722624965776e-05
1,90000,False,45,d1e1b_00000,2025-08-17_21-39-31,1755466771,92.08188486099243,4211.847833395004,685847,intrinsic-attention2,10.156.0.3,4211.847833395004,45,92.37227038645314,1.5816981770989198e-05,92.3719767230919,2.895670435236606,89.1182918935073,0.0019848280183182567,0.0016038591800315771,10.03,44.0,9.5,4.780443593319852e-05,0.00010232140662027474,0.0002576240076450631,1.0067001111073661,2,2000,2,45000,2.8643517986149907,1.0067001111073661,90000,2.0,10.5,1000,250.36154352539566,2000.0,3000.0,"[array([[2.5585312e-09, 0.0000000e+00, 1.0000000e+00],
       [9.0232647e-30, 0.0000000e+00, 1.0000000e+00],
       [1.1152185e-05, 1.6384617e-33, 9.9998879e-01]], dtype=float32), array([[2.4562201e-09, 0.0000000e+00, 1.0000000e+00],
       [7.9974030e-30, 0.0000000e+00, 1.0000000e+00],
       [1.0933794e-05, 1.5143128e-33, 9.9998903e-01]], dtype=float32), array([[2.8298175e-12, 0.0000000e+00, 1.0000000e+00],
       [1.1861699e-32, 0.0000000e+00, 1.0000000e+00],
       [1.1316276e-08, 0.0000000e+00, 1.0000000e+00]], dtype=float32), array([[9.9999917e-01, 0.0000000e+00, 8.2928528e-07],
       [1.0000000e+00, 0.0000000e+00, 1.7591702e-30],
       [1.0000000e+00, 0.0000000e+00, 1.4857150e-09]], dtype=float32), array([[2.88599804e-05, 0.00000000e+00, 9.99971151e-01],
       [3.82795771e-14, 0.00000000e+00, 1.00000000e+00],
       [1.04641724e-04, 0.00000000e+00, 9.99895334e-01]], dtype=float32), array([[3.0249341e-05, 0.0000000e+00, 9.9996972e-01],
       [4.3415514e-14, 0.0000000e+00, 1.0000000e+00],
       [1.0871762e-04, 0.0000000e+00, 9.9989128e-01]], dtype=float32), array([[9.9445939e-01, 0.0000000e+00, 5.5406136e-03],
       [1.0000000e+00, 0.0000000e+00, 4.7042255e-09],
       [9.9662292e-01, 0.0000000e+00, 3.3770488e-03]], dtype=float32), array([[4.1504329e-04, 0.0000000e+00, 9.9958497e-01],
       [2.1460635e-12, 0.0000000e+00, 1.0000000e+00],
       [1.2666591e-03, 0.0000000e+00, 9.9873334e-01]], dtype=float32), array([[1.7635685e-18, 0.0000000e+00, 1.0000000e+00],
       [0.0000000e+00, 0.0000000e+00, 1.0000000e+00],
       [8.4261922e-09, 1.6052329e-33, 1.0000000e+00]], dtype=float32), array([[3.5841647e-04, 0.0000000e+00, 9.9964154e-01],
       [1.4244695e-12, 0.0000000e+00, 1.0000000e+00],
       [1.1155041e-03, 0.0000000e+00, 9.9888450e-01]], dtype=float32), array([[1.8762651e-09, 0.0000000e+00, 1.0000000e+00],
       [3.5043514e-30, 0.0000000e+00, 1.0000000e+00],
       [9.5712985e-06, 8.3351320e-34, 9.9999046e-01]], dtype=float32), array([[4.5089107e-03, 6.4880119e-43, 9.9549109e-01],
       [1.4822829e-11, 0.0000000e+00, 1.0000000e+00],
       [1.4094895e-02, 6.1979101e-34, 9.8590511e-01]], dtype=float32), array([[1.5226464e-12, 0.0000000e+00, 1.0000000e+00],
       [2.8295067e-33, 0.0000000e+00, 1.0000000e+00],
       [7.1189494e-09, 0.0000000e+00, 1.0000000e+00]], dtype=float32), array([[1.5644797e-12, 0.0000000e+00, 1.0000000e+00],
       [3.0358029e-33, 0.0000000e+00, 1.0000000e+00],
       [7.1991568e-09, 0.0000000e+00, 1.0000000e+00]], dtype=float32), array([[3.1917804e-04, 0.0000000e+00, 9.9968088e-01],
       [1.0674320e-12, 0.0000000e+00, 1.0000000e+00],
       [9.9889666e-04, 0.0000000e+00, 9.9900109e-01]], dtype=float32), array([[1.5603730e-12, 0.0000000e+00, 1.0000000e+00],
       [3.0431771e-33, 0.0000000e+00, 1.0000000e+00],
       [7.0337034e-09, 0.0000000e+00, 1.0000000e+00]], dtype=float32), array([[4.6826582e-03, 5.3809861e-43, 9.9531734e-01],
       [1.6529502e-11, 0.0000000e+00, 1.0000000e+00],
       [1.4417493e-02, 4.7122483e-34, 9.8558247e-01]], dtype=float32), array([[1.5445957e-09, 0.0000000e+00, 1.0000000e+00],
       [1.8223941e-30, 0.0000000e+00, 1.0000000e+00],
       [8.7043245e-06, 5.0834428e-34, 9.9999130e-01]], dtype=float32), array([[4.7649769e-03, 6.3759080e-43, 9.9523503e-01],
       [1.7699505e-11, 0.0000000e+00, 1.0000000e+00],
       [1.4599527e-02, 5.2862440e-34, 9.8540050e-01]], dtype=float32), array([[4.7292560e-03, 4.8765187e-43, 9.9527079e-01],
       [1.7144480e-11, 0.0000000e+00, 1.0000000e+00],
       [1.4488730e-02, 4.1495607e-34, 9.8551130e-01]], dtype=float32), array([[9.9999940e-01, 0.0000000e+00, 5.9153427e-07],
       [1.0000000e+00, 0.0000000e+00, 5.4081533e-31],
       [1.0000000e+00, 0.0000000e+00, 1.0034154e-09]], dtype=float32), array([[1.0909378e-12, 0.0000000e+00, 1.0000000e+00],
       [1.2820119e-33, 0.0000000e+00, 1.0000000e+00],
       [5.3144440e-09, 0.0000000e+00, 1.0000000e+00]], dtype=float32), array([[1.5713573e-09, 0.0000000e+00, 1.0000000e+00],
       [1.4108932e-30, 0.0000000e+00, 1.0000000e+00],
       [8.0363207e-06, 9.8191373e-35, 9.9999201e-01]], dtype=float32), array([[7.7445556e-10, 0.0000000e+00, 1.0000000e+00],
       [2.4225354e-31, 0.0000000e+00, 1.0000000e+00],
       [5.8868159e-06, 6.1491734e-35, 9.9999416e-01]], dtype=float32), array([[6.5488676e-10, 0.0000000e+00, 1.0000000e+00],
       [1.4796803e-31, 0.0000000e+00, 1.0000000e+00],
       [5.3664949e-06, 3.7952830e-35, 9.9999464e-01]], dtype=float32), array([[5.6940647e-10, 0.0000000e+00, 1.0000000e+00],
       [9.7255495e-32, 0.0000000e+00, 1.0000000e+00],
       [4.9840683e-06, 2.6251687e-35, 9.9999499e-01]], dtype=float32), array([[9.6906122e-20, 0.0000000e+00, 1.0000000e+00],
       [0.0000000e+00, 0.0000000e+00, 1.0000000e+00],
       [2.3656948e-09, 1.8840939e-35, 1.0000000e+00]], dtype=float32), array([[7.9292758e-20, 0.0000000e+00, 1.0000000e+00],
       [0.0000000e+00, 0.0000000e+00, 1.0000000e+00],
       [2.1719355e-09, 1.4178334e-35, 1.0000000e+00]], dtype=float32), array([[3.6178883e-03, 4.2038954e-45, 9.9638212e-01],
       [5.5024535e-12, 0.0000000e+00, 1.0000000e+00],
       [1.1716728e-02, 1.0318250e-35, 9.8828328e-01]], dtype=float32), array([[9.8953259e-01, 0.0000000e+00, 1.0467417e-02],
       [9.9999988e-01, 0.0000000e+00, 8.1506251e-08],
       [9.9248648e-01, 0.0000000e+00, 7.5135389e-03]], dtype=float32), array([[4.1769047e-20, 0.0000000e+00, 1.0000000e+00],
       [0.0000000e+00, 0.0000000e+00, 1.0000000e+00],
       [1.6313249e-09, 5.2925622e-36, 1.0000000e+00]], dtype=float32)]","[array([nan, nan, nan], dtype=float32), array([nan, nan, nan], dtype=float32), array([nan, nan, nan], dtype=float32), array([nan, nan, nan], dtype=float32), array([nan, nan, nan], dtype=float32), array([nan, nan, nan], dtype=float32), array([nan, nan, nan], dtype=float32), array([nan, nan, nan], dtype=float32), array([nan, nan, nan], dtype=float32), array([nan, nan, nan], dtype=float32), array([nan, nan, nan], dtype=float32), array([nan, nan, nan], dtype=float32), array([nan, nan, nan], dtype=float32), array([nan, nan, nan], dtype=float32), array([nan, nan, nan], dtype=float32), array([nan, nan, nan], dtype=float32), array([nan, nan, nan], dtype=float32), array([nan, nan, nan], dtype=float32), array([nan, nan, nan], dtype=float32), array([nan, nan, nan], dtype=float32), array([nan, nan, nan], dtype=float32), array([nan, nan, nan], dtype=float32), array([nan, nan, nan], dtype=float32), array([nan, nan, nan], dtype=float32), array([nan, nan, nan], dtype=float32), array([nan, nan, nan], dtype=float32), array([nan, nan, nan], dtype=float32), array([nan, nan, nan], dtype=float32), array([nan, nan, nan], dtype=float32), array([nan, nan, nan], dtype=float32), array([nan, nan, nan], dtype=float32)]","[array([1.4629973, 1.4629973, 1.4629973], dtype=float32), array([1.4630846, 1.4630846, 1.4630846], dtype=float32), array([1.4632415, 1.4632415, 1.4632415], dtype=float32), array([1.4633485, 1.4633485, 1.4633485], dtype=float32), array([1.4634417, 1.4634417, 1.4634417], dtype=float32), array([1.463545, 1.463545, 1.463545], dtype=float32), array([1.4636573, 1.4636573, 1.4636573], dtype=float32), array([1.4637036, 1.4637036, 1.4637036], dtype=float32), array([1.463887, 1.463887, 1.463887], dtype=float32), array([1.4639834, 1.4639834, 1.4639834], dtype=float32), array([1.4641286, 1.4641286, 1.4641286], dtype=float32), array([1.464197, 1.464197, 1.464197], dtype=float32), array([1.4642786, 1.4642786, 1.4642786], dtype=float32), array([1.4644374, 1.4644374, 1.4644374], dtype=float32), array([1.4645195, 1.4645195, 1.4645195], dtype=float32), array([1.4645857, 1.4645857, 1.4645857], dtype=float32), array([1.4646853, 1.4646853, 1.4646853], dtype=float32), array([1.4647433, 1.4647433, 1.4647433], dtype=float32), array([1.4648019, 1.4648019, 1.4648019], dtype=float32), array([1.4649577, 1.4649577, 1.4649577], dtype=float32), array([1.4650861, 1.4650861, 1.4650861], dtype=float32), array([1.4651304, 1.4651304, 1.4651304], dtype=float32), array([1.4652117, 1.4652117, 1.4652117], dtype=float32), array([1.4652894, 1.4652894, 1.4652894], dtype=float32), array([1.4653375, 1.4653375, 1.4653375], dtype=float32), array([1.4654294, 1.4654294, 1.4654294], dtype=float32), array([1.4654981, 1.4654981, 1.4654981], dtype=float32), array([1.4655439, 1.4655439, 1.4655439], dtype=float32), array([1.4655629, 1.4655629, 1.4655629], dtype=float32), array([1.465519, 1.465519, 1.465519], dtype=float32), array([1.4655709, 1.4655709, 1.4655709], dtype=float32)]",1,0,0,0,0,0,54.64393939393939,55.606818181818184,0.00016397420205198988,2000,0.0003769753192184901,10.03,90000,10.03,90000,2000,0.34795653189932085,-0.0004968041903339326,1393605,-0.06987941265106201,0.0013802934991,0.000778028042986989,81158,30969,1438.4571533203125,0.4722185432910919,45.0,2.0403289724413298e-08,1.0,0.3484742045402527,999.0,0.0,0.17088399827480316,343.4513562536338,0.0,999.0,1393605,0.0013802934991,23810,30969,0.0393447157605,0.0,45.0,1.0,343.4514427548231,4185000,93000,104968,61938,0,2787210,1031.3875872998035,6204792.031551198,6492174.485217134,10.5,50,45.0,9.5,1.0067001111073661,0.0021324733512301463,0.00013141039948747765,0.00028974822766136805,1.0067001111073661,100,0.1847473444138845,9.94,2,2250,2.0,5.7420037187851684e-05,2,90100,0.00020367094822709142,0.00047185187412962,4500,100,9.94,4500,100,9.94,6.944461614516773e-06,8.083741991678759e-06,4.4832851121076904e-05,3.445149574415186e-05,2.0769895729347103e-05,3.0105265778368762e-05,5.004383793453066e-05,1.6727492349185267e-05,2.9993209734268048e-05,2.2660576118366633e-05,0.00015874730165657249,0.055858917439857145,0.006652940033990427,0.05651428450460403,0.17193284778774337,0.03312295157651612,0.02285763999813117,0.0001679232676946468,4862970,1351.0,108066,0.0,498.0,1395.0,116.66373443603516,0.0005683229537680745,0.4722185730934143,1351.0,108066,0.34827363,498.0,1.0,0.18934030830860138,1395.0,-0.0007629566825926304,4862970,-0.3685181140899658,651000,9725940,29295000,216132,9723.007125304543,9.77766419113575e-06,5.4703117125447803e-05,4.178531484586111e-05,2.5039563216862287e-05,8.074506047693007e-06,6.268838618800212e-05,2.1088620905456314e-05,3.6900133938324206e-05,2.7729453310801722e-05,0.00019723917167364404,3.756110635955742e-05
1,92000,False,46,d1e1b_00000,2025-08-17_21-41-06,1755466866,95.40657377243042,4307.254407167435,685847,intrinsic-attention2,10.156.0.3,4307.254407167435,46,92.40058789312862,1.5792701942508226e-05,92.40029344429101,2.8942134351541067,89.1482434134423,0.001983759868038536,0.0016959574293287005,10.03,45.0,9.5,4.984511821270547e-05,0.00010785553811772078,0.0002576240076450631,1.0067001111073661,2,2000,2,46000,2.862904277638826,1.0067001111073661,92000,2.0,10.5,1000,242.31633904035084,2000.0,3000.0,"[array([[3.4545709e-03, 1.4012985e-45, 9.9654549e-01],
       [4.4967315e-12, 0.0000000e+00, 1.0000000e+00],
       [1.1230319e-02, 3.2961625e-36, 9.8876965e-01]], dtype=float32), array([[7.3726880e-10, 0.0000000e+00, 1.0000000e+00],
       [1.1603516e-31, 0.0000000e+00, 1.0000000e+00],
       [5.0901212e-06, 4.4177623e-36, 9.9999487e-01]], dtype=float32), array([[3.6055055e-03, 2.8025969e-45, 9.9639446e-01],
       [5.1740877e-12, 0.0000000e+00, 1.0000000e+00],
       [1.1622730e-02, 5.2707085e-36, 9.8837727e-01]], dtype=float32), array([[2.6891483e-13, 0.0000000e+00, 1.0000000e+00],
       [6.3342500e-35, 0.0000000e+00, 1.0000000e+00],
       [1.6909697e-09, 0.0000000e+00, 1.0000000e+00]], dtype=float32), array([[4.0472778e-03, 8.4077908e-45, 9.9595273e-01],
       [8.1049082e-12, 0.0000000e+00, 1.0000000e+00],
       [1.2667891e-02, 1.3814646e-35, 9.8733217e-01]], dtype=float32), array([[9.9999964e-01, 0.0000000e+00, 3.8434652e-07],
       [1.0000000e+00, 0.0000000e+00, 2.3884555e-31],
       [1.0000000e+00, 0.0000000e+00, 7.1470541e-10]], dtype=float32), array([[1.3005981e-09, 0.0000000e+00, 1.0000000e+00],
       [5.6881424e-31, 0.0000000e+00, 1.0000000e+00],
       [7.0911155e-06, 2.6071400e-35, 9.9999297e-01]], dtype=float32), array([[6.3978589e-10, 0.0000000e+00, 1.0000000e+00],
       [1.0813109e-31, 0.0000000e+00, 1.0000000e+00],
       [5.3919703e-06, 3.2653795e-35, 9.9999464e-01]], dtype=float32), array([[4.6718251e-03, 4.3440252e-44, 9.9532819e-01],
       [1.4052616e-11, 0.0000000e+00, 1.0000000e+00],
       [1.4093702e-02, 4.3420701e-35, 9.8590624e-01]], dtype=float32), array([[1.5826398e-09, 0.0000000e+00, 1.0000000e+00],
       [9.7433417e-31, 0.0000000e+00, 1.0000000e+00],
       [7.9752881e-06, 4.9447606e-35, 9.9999201e-01]], dtype=float32), array([[4.8201145e-03, 6.5861028e-44, 9.9517989e-01],
       [1.5689988e-11, 0.0000000e+00, 1.0000000e+00],
       [1.4445733e-02, 6.0903223e-35, 9.8555422e-01]], dtype=float32), array([[8.402227e-10, 0.000000e+00, 1.000000e+00],
       [2.211287e-31, 0.000000e+00, 1.000000e+00],
       [6.288763e-06, 6.695467e-35, 9.999937e-01]], dtype=float32), array([[6.4808255e-13, 0.0000000e+00, 1.0000000e+00],
       [4.7560051e-34, 0.0000000e+00, 1.0000000e+00],
       [3.1330800e-09, 0.0000000e+00, 1.0000000e+00]], dtype=float32), array([[9.9999952e-01, 0.0000000e+00, 5.1381630e-07],
       [1.0000000e+00, 0.0000000e+00, 8.0045711e-31],
       [1.0000000e+00, 0.0000000e+00, 1.0933892e-09]], dtype=float32), array([[2.9602772e-06, 0.0000000e+00, 9.9999702e-01],
       [9.4216163e-17, 0.0000000e+00, 1.0000000e+00],
       [1.6941791e-05, 0.0000000e+00, 9.9998307e-01]], dtype=float32), array([[2.4205735e-19, 0.0000000e+00, 1.0000000e+00],
       [0.0000000e+00, 0.0000000e+00, 1.0000000e+00],
       [3.7691450e-09, 7.5985344e-35, 1.0000000e+00]], dtype=float32), array([[8.4738783e-10, 0.0000000e+00, 1.0000000e+00],
       [2.0545523e-31, 0.0000000e+00, 1.0000000e+00],
       [6.3315615e-06, 6.1913976e-35, 9.9999368e-01]], dtype=float32), array([[7.4891909e-10, 0.0000000e+00, 1.0000000e+00],
       [1.3495893e-31, 0.0000000e+00, 1.0000000e+00],
       [5.9513241e-06, 4.3867773e-35, 9.9999404e-01]], dtype=float32), array([[9.8196449e-07, 0.0000000e+00, 9.9999905e-01],
       [5.3321274e-18, 0.0000000e+00, 1.0000000e+00],
       [7.2713169e-06, 0.0000000e+00, 9.9999273e-01]], dtype=float32), array([[6.7580014e-10, 0.0000000e+00, 1.0000000e+00],
       [8.9786874e-32, 0.0000000e+00, 1.0000000e+00],
       [5.6837898e-06, 3.2921192e-35, 9.9999428e-01]], dtype=float32), array([[1.4045501e-09, 0.0000000e+00, 1.0000000e+00],
       [5.2574620e-31, 0.0000000e+00, 1.0000000e+00],
       [7.7452942e-06, 4.1658771e-35, 9.9999225e-01]], dtype=float32), array([[3.7672472e-13, 0.0000000e+00, 1.0000000e+00],
       [1.6766886e-34, 0.0000000e+00, 1.0000000e+00],
       [2.0080455e-09, 0.0000000e+00, 1.0000000e+00]], dtype=float32), array([[9.6681112e-01, 0.0000000e+00, 3.3188891e-02],
       [9.9999368e-01, 0.0000000e+00, 6.2830682e-06],
       [9.7220391e-01, 0.0000000e+00, 2.7796034e-02]], dtype=float32), array([[9.9448377e-01, 0.0000000e+00, 5.5161803e-03],
       [1.0000000e+00, 0.0000000e+00, 9.1144398e-11],
       [9.9741143e-01, 0.0000000e+00, 2.5886442e-03]], dtype=float32), array([[4.3283771e-03, 2.9427268e-44, 9.9567163e-01],
       [8.6117806e-12, 0.0000000e+00, 1.0000000e+00],
       [1.3539534e-02, 4.6614065e-35, 9.8646045e-01]], dtype=float32), array([[1.0248975e-09, 0.0000000e+00, 1.0000000e+00],
       [1.9317084e-31, 0.0000000e+00, 1.0000000e+00],
       [6.7783271e-06, 2.7454661e-35, 9.9999321e-01]], dtype=float32), array([[2.5872272e-04, 0.0000000e+00, 9.9974126e-01],
       [9.7826098e-13, 0.0000000e+00, 1.0000000e+00],
       [7.4202369e-04, 0.0000000e+00, 9.9925798e-01]], dtype=float32), array([[3.2118598e-03, 1.4012985e-45, 9.9678814e-01],
       [2.4044493e-12, 0.0000000e+00, 1.0000000e+00],
       [1.0959990e-02, 5.8909845e-36, 9.8904002e-01]], dtype=float32), array([[3.5390399e-14, 0.0000000e+00, 1.0000000e+00],
       [1.1218761e-36, 0.0000000e+00, 1.0000000e+00],
       [3.4774605e-10, 0.0000000e+00, 1.0000000e+00]], dtype=float32), array([[9.9601871e-01, 0.0000000e+00, 3.9813076e-03],
       [1.0000000e+00, 0.0000000e+00, 5.0118597e-11],
       [9.9810696e-01, 0.0000000e+00, 1.8930456e-03]], dtype=float32), array([[2.3618171e-03, 0.0000000e+00, 9.9763823e-01],
       [6.5161261e-13, 0.0000000e+00, 1.0000000e+00],
       [8.8004293e-03, 5.9866452e-37, 9.9119955e-01]], dtype=float32)]","[array([1.4656361, 1.4656361, 1.4656361], dtype=float32), array([nan, nan, nan], dtype=float32), array([nan, nan, nan], dtype=float32), array([nan, nan, nan], dtype=float32), array([nan, nan, nan], dtype=float32), array([1.4632487, 1.4632487, 1.4632487], dtype=float32), array([nan, nan, nan], dtype=float32), array([1.4614758, 1.4614758, 1.4614758], dtype=float32), array([nan, nan, nan], dtype=float32), array([1.4592645, 1.4592645, 1.4592645], dtype=float32), array([1.4575738, 1.4575738, 1.4575738], dtype=float32), array([nan, nan, nan], dtype=float32), array([1.4543422, 1.4543422, 1.4543422], dtype=float32), array([nan, nan, nan], dtype=float32), array([nan, nan, nan], dtype=float32), array([1.4496984, 1.4496984, 1.4496984], dtype=float32), array([nan, nan, nan], dtype=float32), array([1.4447778, 1.4447778, 1.4447778], dtype=float32), array([nan, nan, nan], dtype=float32), array([1.4406121, 1.4406121, 1.4406121], dtype=float32), array([nan, nan, nan], dtype=float32), array([nan, nan, nan], dtype=float32), array([1.4348714, 1.4348714, 1.4348714], dtype=float32), array([1.4324692, 1.4324692, 1.4324692], dtype=float32), array([nan, nan, nan], dtype=float32), array([1.4296185, 1.4296185, 1.4296185], dtype=float32), array([nan, nan, nan], dtype=float32), array([nan, nan, nan], dtype=float32), array([1.4243798, 1.4243798, 1.4243798], dtype=float32), array([1.4224277, 1.4224277, 1.4224277], dtype=float32), array([1.420544, 1.420544, 1.420544], dtype=float32)]","[array([1.4656359, 1.4656359, 1.4656359], dtype=float32), array([1.4663092, 1.4663092, 1.4663092], dtype=float32), array([1.4665178, 1.4665178, 1.4665178], dtype=float32), array([1.4652156, 1.4652156, 1.4652156], dtype=float32), array([1.4642364, 1.4642364, 1.4642364], dtype=float32), array([1.463249, 1.463249, 1.463249], dtype=float32), array([1.4623057, 1.4623057, 1.4623057], dtype=float32), array([1.4614756, 1.4614756, 1.4614756], dtype=float32), array([1.4606187, 1.4606187, 1.4606187], dtype=float32), array([1.4592646, 1.4592646, 1.4592646], dtype=float32), array([1.4575735, 1.4575735, 1.4575735], dtype=float32), array([1.4558367, 1.4558367, 1.4558367], dtype=float32), array([1.454342, 1.454342, 1.454342], dtype=float32), array([1.4531074, 1.4531074, 1.4531074], dtype=float32), array([1.4513785, 1.4513785, 1.4513785], dtype=float32), array([1.4496987, 1.4496987, 1.4496987], dtype=float32), array([1.4468232, 1.4468232, 1.4468232], dtype=float32), array([1.4447778, 1.4447778, 1.4447778], dtype=float32), array([1.442856, 1.442856, 1.442856], dtype=float32), array([1.4406122, 1.4406122, 1.4406122], dtype=float32), array([1.43891, 1.43891, 1.43891], dtype=float32), array([1.4371301, 1.4371301, 1.4371301], dtype=float32), array([1.4348716, 1.4348716, 1.4348716], dtype=float32), array([1.432469, 1.432469, 1.432469], dtype=float32), array([1.4309523, 1.4309523, 1.4309523], dtype=float32), array([1.4296187, 1.4296187, 1.4296187], dtype=float32), array([1.4280283, 1.4280283, 1.4280283], dtype=float32), array([1.4262574, 1.4262574, 1.4262574], dtype=float32), array([1.4243796, 1.4243796, 1.4243796], dtype=float32), array([1.4224279, 1.4224279, 1.4224279], dtype=float32), array([1.4205438, 1.4205438, 1.4205438], dtype=float32)]",1,0,0,0,0,0,54.516176470588235,55.64044117647059,0.00017175850188024932,2000,0.00039481601554463826,10.03,92000,10.03,92000,2000,0.3477870651803776,0.002815114799886942,1424574,-0.0057964324951171875,0.0013802934991,0.0014656275743618608,81158,30969,564.0244140625,0.4722185432910919,46.0,1.0201644862206649e-08,1.0,0.35180145502090454,999.0,0.0,0.15971161425113678,343.08216645027187,0.0,999.0,1424574,0.0013802934991,23810,30969,0.0393447157605,0.0,46.0,1.0,343.08224635055996,4278000,93000,104968,61938,0,2849148,1030.2787980607993,6180691.155156828,6470266.402352066,10.5,50,46.0,9.5,1.0067001111073661,0.0021596896201663187,0.00014617964951906296,0.0002887908153086302,1.0067001111073661,100,0.18474892326969475,9.94,2,2300,2.0,6.238504820235759e-05,2,92100,0.0002244419158023302,0.0005200352088631533,4600,100,9.94,4600,100,9.94,7.157237332926695e-06,8.166601353005297e-06,4.6730838208914355e-05,3.585901388028932e-05,2.1735166936066e-05,3.188370761225287e-05,5.3021764198655426e-05,1.7788988180688942e-05,3.145357400171631e-05,2.404425974134836e-05,0.00016379990509420933,0.05585786251542368,0.006657124523668464,0.056451457129488174,0.17192586343993055,0.03308181889074554,0.02279237987823615,0.00016795196493181908,4971036,1381.0,108066,0.0,498.0,1426.0,116.51160430908203,0.008490078151226044,0.4722185730934143,1381.0,108066,0.33648828,498.0,1.0,0.1294175088405609,1426.0,-0.013900692574679852,4971036,-0.037754178047180176,651000,9942072,29946000,216132,9687.755548913603,1.0083906775507625e-05,5.942872449582173e-05,4.622127177012016e-05,2.7147618222269445e-05,8.781375958833783e-06,6.95215681073188e-05,2.3074099951483186e-05,4.082434421350538e-05,3.049615542450008e-05,0.00021444811595807415,4.181127821980849e-05
1,94000,False,47,d1e1b_00000,2025-08-17_21-42-39,1755466959,92.9328465461731,4400.187253713608,685847,intrinsic-attention2,10.156.0.3,4400.187253713608,47,92.40389733927731,1.5774724911889764e-05,92.40360167175814,2.892410778332565,89.15318453644797,0.001983563449327918,0.0015566986589692533,9.94,46.0,9.5,4.717426647705618e-05,0.00010110918109985649,0.0002576240076450631,1.0067001111073661,2,2000,2,47000,2.8611062118824373,1.0067001111073661,94000,2.0,10.5,1000,234.5021489295316,2000.0,3000.0,"[array([[8.1212672e-15, 0.0000000e+00, 1.0000000e+00],
       [4.9173105e-38, 0.0000000e+00, 1.0000000e+00],
       [1.1643370e-10, 0.0000000e+00, 1.0000000e+00]], dtype=float32), array([[1.5644752e-10, 0.0000000e+00, 1.0000000e+00],
       [5.7784804e-34, 0.0000000e+00, 1.0000000e+00],
       [2.5153911e-06, 1.6103285e-37, 9.9999750e-01]], dtype=float32), array([[9.9675047e-01, 0.0000000e+00, 3.2495914e-03],
       [1.0000000e+00, 0.0000000e+00, 3.2741934e-11],
       [9.9844897e-01, 0.0000000e+00, 1.5510279e-03]], dtype=float32), array([[5.7661845e-22, 0.0000000e+00, 1.0000000e+00],
       [0.0000000e+00, 0.0000000e+00, 1.0000000e+00],
       [3.4100248e-10, 3.4216710e-38, 1.0000000e+00]], dtype=float32), array([[1.2390185e-03, 0.0000000e+00, 9.9876094e-01],
       [5.1172760e-14, 0.0000000e+00, 1.0000000e+00],
       [5.5148834e-03, 5.1987346e-39, 9.9448508e-01]], dtype=float32), array([[2.5777926e-23, 0.0000000e+00, 1.0000000e+00],
       [0.0000000e+00, 0.0000000e+00, 1.0000000e+00],
       [8.8855256e-11, 6.1687120e-40, 1.0000000e+00]], dtype=float32), array([[2.2352762e-12, 0.0000000e+00, 1.0000000e+00],
       [9.2133076e-39, 0.0000000e+00, 1.0000000e+00],
       [3.1089911e-07, 1.2881716e-40, 9.9999964e-01]], dtype=float32), array([[1.1159313e-12, 0.0000000e+00, 1.0000000e+00],
       [1.5020939e-39, 0.0000000e+00, 1.0000000e+00],
       [2.1656288e-07, 2.9514148e-41, 9.9999976e-01]], dtype=float32), array([[9.9789762e-01, 0.0000000e+00, 2.1023923e-03],
       [1.0000000e+00, 0.0000000e+00, 1.5640628e-11],
       [9.9896300e-01, 0.0000000e+00, 1.0370373e-03]], dtype=float32), array([[1.9782609e-12, 0.0000000e+00, 1.0000000e+00],
       [4.1751604e-39, 0.0000000e+00, 1.0000000e+00],
       [2.1196585e-07, 8.5759466e-43, 9.9999976e-01]], dtype=float32), array([[9.9777740e-01, 0.0000000e+00, 2.2225978e-03],
       [1.0000000e+00, 0.0000000e+00, 1.8384785e-11],
       [9.9888629e-01, 0.0000000e+00, 1.1137160e-03]], dtype=float32), array([[9.99999881e-01, 0.00000000e+00, 1.47945002e-07],
       [1.00000000e+00, 0.00000000e+00, 1.14111755e-29],
       [1.00000000e+00, 0.00000000e+00, 1.46469126e-09]], dtype=float32), array([[6.8829328e-26, 0.0000000e+00, 1.0000000e+00],
       [0.0000000e+00, 0.0000000e+00, 1.0000000e+00],
       [6.5433926e-12, 3.0968696e-43, 1.0000000e+00]], dtype=float32), array([[1.1551112e-13, 0.0000000e+00, 1.0000000e+00],
       [4.9970303e-42, 0.0000000e+00, 1.0000000e+00],
       [6.6986409e-08, 3.3070644e-43, 9.9999988e-01]], dtype=float32), array([[1.9009671e-26, 0.0000000e+00, 1.0000000e+00],
       [0.0000000e+00, 0.0000000e+00, 1.0000000e+00],
       [4.0745875e-12, 9.8090893e-44, 1.0000000e+00]], dtype=float32), array([[3.4441583e-14, 0.0000000e+00, 1.0000000e+00],
       [2.0458958e-43, 0.0000000e+00, 1.0000000e+00],
       [3.9385142e-08, 7.4268819e-44, 1.0000000e+00]], dtype=float32), array([[2.6271022e-07, 0.0000000e+00, 9.9999976e-01],
       [6.6401584e-21, 0.0000000e+00, 1.0000000e+00],
       [2.8463501e-06, 0.0000000e+00, 9.9999714e-01]], dtype=float32), array([[1.8070261e-07, 0.0000000e+00, 9.9999976e-01],
       [2.2980713e-21, 0.0000000e+00, 1.0000000e+00],
       [2.1792457e-06, 0.0000000e+00, 9.9999785e-01]], dtype=float32), array([[1.2191649e-07, 0.0000000e+00, 9.9999988e-01],
       [8.0054322e-22, 0.0000000e+00, 1.0000000e+00],
       [1.6224468e-06, 0.0000000e+00, 9.9999833e-01]], dtype=float32), array([[9.8765880e-01, 0.0000000e+00, 1.2341167e-02],
       [1.0000000e+00, 0.0000000e+00, 3.7134519e-08],
       [9.9099874e-01, 0.0000000e+00, 9.0012718e-03]], dtype=float32), array([[9.8208380e-01, 0.0000000e+00, 1.7916204e-02],
       [9.9999988e-01, 0.0000000e+00, 1.7045262e-07],
       [9.8620856e-01, 0.0000000e+00, 1.3791420e-02]], dtype=float32), array([[5.2217260e-08, 0.0000000e+00, 1.0000000e+00],
       [6.7528027e-23, 0.0000000e+00, 1.0000000e+00],
       [9.4494419e-07, 0.0000000e+00, 9.9999905e-01]], dtype=float32), array([[9.9999237e-01, 0.0000000e+00, 7.6811521e-06],
       [1.0000000e+00, 0.0000000e+00, 2.5719511e-21],
       [9.9999928e-01, 0.0000000e+00, 7.3839249e-07]], dtype=float32), array([[2.1743590e-14, 0.0000000e+00, 1.0000000e+00],
       [1.9313130e-36, 0.0000000e+00, 1.0000000e+00],
       [2.7471945e-11, 0.0000000e+00, 1.0000000e+00]], dtype=float32), array([[9.3645510e-14, 0.0000000e+00, 1.0000000e+00],
       [1.1953076e-42, 0.0000000e+00, 1.0000000e+00],
       [1.0473097e-07, 4.7548859e-41, 9.9999988e-01]], dtype=float32), array([[1.9013075e-19, 0.0000000e+00, 1.0000000e+00],
       [0.0000000e+00, 0.0000000e+00, 1.0000000e+00],
       [1.9654425e-13, 0.0000000e+00, 1.0000000e+00]], dtype=float32), array([[9.3370403e-08, 0.0000000e+00, 9.9999988e-01],
       [2.3928347e-22, 0.0000000e+00, 1.0000000e+00],
       [1.7190600e-06, 0.0000000e+00, 9.9999833e-01]], dtype=float32), array([[7.4001960e-08, 0.0000000e+00, 9.9999988e-01],
       [1.1838343e-22, 0.0000000e+00, 1.0000000e+00],
       [1.5404854e-06, 0.0000000e+00, 9.9999845e-01]], dtype=float32), array([[9.775046e-19, 0.000000e+00, 1.000000e+00],
       [0.000000e+00, 0.000000e+00, 1.000000e+00],
       [7.631037e-13, 0.000000e+00, 1.000000e+00]], dtype=float32), array([[1.8107247e-07, 0.0000000e+00, 9.9999976e-01],
       [9.4535980e-22, 0.0000000e+00, 1.0000000e+00],
       [3.1910447e-06, 0.0000000e+00, 9.9999678e-01]], dtype=float32), array([[9.9965608e-01, 0.0000000e+00, 3.4396438e-04],
       [1.0000000e+00, 0.0000000e+00, 7.5335559e-15],
       [9.9989927e-01, 0.0000000e+00, 1.0073129e-04]], dtype=float32)]","[array([nan, nan, nan], dtype=float32), array([nan, nan, nan], dtype=float32), array([nan, nan, nan], dtype=float32), array([nan, nan, nan], dtype=float32), array([nan, nan, nan], dtype=float32), array([nan, nan, nan], dtype=float32), array([nan, nan, nan], dtype=float32), array([nan, nan, nan], dtype=float32), array([nan, nan, nan], dtype=float32), array([nan, nan, nan], dtype=float32), array([nan, nan, nan], dtype=float32), array([nan, nan, nan], dtype=float32), array([nan, nan, nan], dtype=float32), array([nan, nan, nan], dtype=float32), array([nan, nan, nan], dtype=float32), array([nan, nan, nan], dtype=float32), array([nan, nan, nan], dtype=float32), array([nan, nan, nan], dtype=float32), array([nan, nan, nan], dtype=float32), array([nan, nan, nan], dtype=float32), array([nan, nan, nan], dtype=float32), array([nan, nan, nan], dtype=float32), array([nan, nan, nan], dtype=float32), array([nan, nan, nan], dtype=float32), array([nan, nan, nan], dtype=float32), array([nan, nan, nan], dtype=float32), array([nan, nan, nan], dtype=float32), array([nan, nan, nan], dtype=float32), array([nan, nan, nan], dtype=float32), array([nan, nan, nan], dtype=float32), array([nan, nan, nan], dtype=float32)]","[array([1.4184614, 1.4184614, 1.4184614], dtype=float32), array([1.4167043, 1.4167043, 1.4167043], dtype=float32), array([1.4152303, 1.4152303, 1.4152303], dtype=float32), array([1.4139018, 1.4139018, 1.4139018], dtype=float32), array([1.4127218, 1.4127218, 1.4127218], dtype=float32), array([1.4116862, 1.4116862, 1.4116862], dtype=float32), array([1.4108042, 1.4108042, 1.4108042], dtype=float32), array([1.4100095, 1.4100095, 1.4100095], dtype=float32), array([1.4093246, 1.4093246, 1.4093246], dtype=float32), array([1.4087484, 1.4087484, 1.4087484], dtype=float32), array([1.4082469, 1.4082469, 1.4082469], dtype=float32), array([1.4078193, 1.4078193, 1.4078193], dtype=float32), array([1.407435, 1.407435, 1.407435], dtype=float32), array([1.4070925, 1.4070925, 1.4070925], dtype=float32), array([1.40679, 1.40679, 1.40679], dtype=float32), array([1.4065222, 1.4065222, 1.4065222], dtype=float32), array([1.406281, 1.406281, 1.406281], dtype=float32), array([1.4060647, 1.4060647, 1.4060647], dtype=float32), array([1.4058691, 1.4058691, 1.4058691], dtype=float32), array([1.4056966, 1.4056966, 1.4056966], dtype=float32), array([1.4055327, 1.4055327, 1.4055327], dtype=float32), array([1.4053731, 1.4053731, 1.4053731], dtype=float32), array([1.4052179, 1.4052179, 1.4052179], dtype=float32), array([1.4050783, 1.4050783, 1.4050783], dtype=float32), array([1.4049331, 1.4049331, 1.4049331], dtype=float32), array([1.4047811, 1.4047811, 1.4047811], dtype=float32), array([1.4046377, 1.4046377, 1.4046377], dtype=float32), array([1.4045064, 1.4045064, 1.4045064], dtype=float32), array([1.4043657, 1.4043657, 1.4043657], dtype=float32), array([1.4042219, 1.4042219, 1.4042219], dtype=float32), array([1.4040865, 1.4040865, 1.4040865], dtype=float32)]",1,0,0,0,0,0,54.49548872180451,55.660902255639094,0.0001621986611902221,2000,0.00037040826165887775,9.94,94000,9.94,94000,2000,0.34796793875862536,-0.0033763048704713583,1455543,-0.18418776988983154,0.0013802934991,0.0041584293358027935,81158,30969,698.33349609375,0.4722185432910919,47.0,5.1008224311033246e-09,1.0,0.34559428691864014,999.0,0.0,0.17114010453224182,342.8644916286945,0.0,999.0,1455543,0.0013802934991,23810,30969,0.0393447157605,0.0,47.0,1.0,342.8645620619384,4371000,93000,104968,61938,0,2911086,1029.6250184904286,6164407.397154713,6455890.7725359,10.5,50,47.0,9.5,1.0067001111073661,0.0022670539699902294,0.00015210906351087575,0.0002880068971285097,1.0067001111073661,100,0.18473795001695556,9.94,2,2350,2.0,6.385988293689103e-05,2,94100,0.00022810219730930054,0.0005291436253975581,4700,100,9.94,4700,100,9.94,6.856552128690822e-06,7.701319921306262e-06,4.4679135347505214e-05,3.364348734068436e-05,2.068493838110966e-05,2.962677593946992e-05,4.8776658067866226e-05,1.672526183680885e-05,2.902781426840729e-05,2.266124875091582e-05,0.00015572606892065027,0.05582017696033043,0.006654506178377213,0.0564632329081932,0.17225062819557568,0.033033350201741,0.02272211105944761,0.00016827050531615756,5079102,1411.0,108066,0.0,498.0,1457.0,114.16659545898438,0.0038948820438236,0.4722185730934143,1411.0,108066,0.3462304,498.0,1.0,0.19494231045246124,1457.0,-0.0033316153567284346,5079102,-0.1108471155166626,651000,10158204,30597000,216132,9666.267378941482,1.030436761218604e-05,6.130119955806217e-05,4.7393885086791284e-05,2.761780508082776e-05,8.866201089826805e-06,7.163728335878041e-05,2.3549234272694567e-05,4.2132147293199036e-05,3.0545435504137716e-05,0.0002192914431321912,4.220308155203519e-05
1,96000,False,48,d1e1b_00000,2025-08-17_21-44-10,1755467050,90.62465333938599,4490.811907052994,685847,intrinsic-attention2,10.156.0.3,4490.811907052994,48,92.38406754702457,1.5766817715243294e-05,92.38377058526056,2.8964581780591767,89.12938313759344,0.00198255383478485,0.0015516534200287423,9.97,47.0,9.5,4.6978655023187095e-05,0.00010215571098568954,0.0002576240076450631,1.0067001111073661,2,2000,2,48000,2.8651675755836683,1.0067001111073661,96000,2.0,10.5,1000,226.91702194915877,2000.0,3000.0,"[array([[7.3957935e-08, 0.0000000e+00, 9.9999988e-01],
       [7.0916854e-23, 0.0000000e+00, 1.0000000e+00],
       [1.8657298e-06, 0.0000000e+00, 9.9999809e-01]], dtype=float32), array([[1.4133925e-23, 0.0000000e+00, 1.0000000e+00],
       [0.0000000e+00, 0.0000000e+00, 1.0000000e+00],
       [2.7493083e-10, 4.0072289e-37, 1.0000000e+00]], dtype=float32), array([[6.3683350e-05, 0.0000000e+00, 9.9993634e-01],
       [3.1630019e-19, 0.0000000e+00, 1.0000000e+00],
       [1.1489235e-03, 4.0434774e-37, 9.9885106e-01]], dtype=float32), array([[1.7246180e-23, 0.0000000e+00, 1.0000000e+00],
       [0.0000000e+00, 0.0000000e+00, 1.0000000e+00],
       [2.9490765e-10, 4.3635331e-37, 1.0000000e+00]], dtype=float32), array([[6.2024984e-13, 0.0000000e+00, 1.0000000e+00],
       [1.1055544e-40, 0.0000000e+00, 1.0000000e+00],
       [4.5317324e-07, 4.3209278e-37, 9.9999952e-01]], dtype=float32), array([[6.3369538e-05, 0.0000000e+00, 9.9993658e-01],
       [3.0478922e-19, 0.0000000e+00, 1.0000000e+00],
       [1.1386621e-03, 3.0118886e-37, 9.9886131e-01]], dtype=float32), array([[5.8890528e-13, 0.0000000e+00, 1.0000000e+00],
       [9.0631781e-41, 0.0000000e+00, 1.0000000e+00],
       [4.2976757e-07, 2.7019673e-37, 9.9999952e-01]], dtype=float32), array([[2.5948755e-12, 0.0000000e+00, 1.0000000e+00],
       [2.4308577e-39, 0.0000000e+00, 1.0000000e+00],
       [7.1738970e-07, 2.1757342e-37, 9.9999928e-01]], dtype=float32), array([[2.6243976e-07, 0.0000000e+00, 9.9999976e-01],
       [1.1411744e-21, 0.0000000e+00, 1.0000000e+00],
       [4.6618902e-06, 0.0000000e+00, 9.9999535e-01]], dtype=float32), array([[6.3921810e-08, 0.0000000e+00, 9.9999988e-01],
       [2.6905095e-23, 0.0000000e+00, 1.0000000e+00],
       [1.7653934e-06, 0.0000000e+00, 9.9999821e-01]], dtype=float32), array([[2.4557030e-18, 0.0000000e+00, 1.0000000e+00],
       [0.0000000e+00, 0.0000000e+00, 1.0000000e+00],
       [2.0215695e-12, 0.0000000e+00, 1.0000000e+00]], dtype=float32), array([[0.79575485, 0.        , 0.20424516],
       [0.995814  , 0.        , 0.00418593],
       [0.8016164 , 0.        , 0.19838369]], dtype=float32), array([[4.2871782e-03, 0.0000000e+00, 9.9571288e-01],
       [1.5389768e-08, 0.0000000e+00, 1.0000000e+00],
       [6.1578252e-03, 0.0000000e+00, 9.9384212e-01]], dtype=float32), array([[2.6621285e-07, 0.0000000e+00, 9.9999976e-01],
       [1.1177881e-21, 0.0000000e+00, 1.0000000e+00],
       [4.4423032e-06, 0.0000000e+00, 9.9999559e-01]], dtype=float32), array([[1.05512335e-07, 0.00000000e+00, 9.99999881e-01],
       [9.13652390e-23, 0.00000000e+00, 1.00000000e+00],
       [2.41341968e-06, 0.00000000e+00, 9.99997616e-01]], dtype=float32), array([[1.4139666e-12, 0.0000000e+00, 1.0000000e+00],
       [3.6204928e-40, 0.0000000e+00, 1.0000000e+00],
       [4.6053364e-07, 8.8695453e-39, 9.9999952e-01]], dtype=float32), array([[3.76049205e-24, 0.00000000e+00, 1.00000000e+00],
       [0.00000000e+00, 0.00000000e+00, 1.00000000e+00],
       [1.16354655e-10, 6.68477661e-39, 1.00000000e+00]], dtype=float32), array([[3.4534660e-18, 0.0000000e+00, 1.0000000e+00],
       [0.0000000e+00, 0.0000000e+00, 1.0000000e+00],
       [2.2298767e-12, 0.0000000e+00, 1.0000000e+00]], dtype=float32), array([[3.55909980e-24, 0.00000000e+00, 1.00000000e+00],
       [0.00000000e+00, 0.00000000e+00, 1.00000000e+00],
       [1.10471896e-10, 5.13032604e-39, 1.00000000e+00]], dtype=float32), array([[8.7956476e-01, 0.0000000e+00, 1.2043518e-01],
       [9.9970204e-01, 0.0000000e+00, 2.9796388e-04],
       [8.8775122e-01, 0.0000000e+00, 1.1224876e-01]], dtype=float32), array([[5.3450798e-18, 0.0000000e+00, 1.0000000e+00],
       [0.0000000e+00, 0.0000000e+00, 1.0000000e+00],
       [3.0293801e-12, 0.0000000e+00, 1.0000000e+00]], dtype=float32), array([[2.5129298e-12, 0.0000000e+00, 1.0000000e+00],
       [1.6020961e-39, 0.0000000e+00, 1.0000000e+00],
       [6.0527458e-07, 2.2938196e-38, 9.9999940e-01]], dtype=float32), array([[8.68711114e-01, 0.00000000e+00, 1.31288916e-01],
       [9.99569356e-01, 0.00000000e+00, 4.30655607e-04],
       [8.76852930e-01, 0.00000000e+00, 1.23147145e-01]], dtype=float32), array([[4.4274478e-07, 0.0000000e+00, 9.9999952e-01],
       [3.8639024e-21, 0.0000000e+00, 1.0000000e+00],
       [6.3131474e-06, 0.0000000e+00, 9.9999368e-01]], dtype=float32), array([[7.9769356e-13, 0.0000000e+00, 1.0000000e+00],
       [5.1106756e-41, 0.0000000e+00, 1.0000000e+00],
       [3.0868389e-07, 4.3653810e-40, 9.9999964e-01]], dtype=float32), array([[1.3786604e-25, 0.0000000e+00, 1.0000000e+00],
       [0.0000000e+00, 0.0000000e+00, 1.0000000e+00],
       [2.2928421e-11, 1.2718185e-41, 1.0000000e+00]], dtype=float32), array([[9.9687696e-08, 0.0000000e+00, 9.9999988e-01],
       [7.3041950e-23, 0.0000000e+00, 1.0000000e+00],
       [1.8894010e-06, 0.0000000e+00, 9.9999809e-01]], dtype=float32), array([[9.9998522e-01, 0.0000000e+00, 1.4770670e-05],
       [1.0000000e+00, 0.0000000e+00, 2.4274322e-21],
       [9.9999869e-01, 0.0000000e+00, 1.3158943e-06]], dtype=float32), array([[5.7025207e-25, 0.0000000e+00, 1.0000000e+00],
       [0.0000000e+00, 0.0000000e+00, 1.0000000e+00],
       [3.8097466e-11, 6.8516488e-41, 1.0000000e+00]], dtype=float32), array([[1.1873675e-13, 0.0000000e+00, 1.0000000e+00],
       [8.3657518e-43, 0.0000000e+00, 1.0000000e+00],
       [1.2787685e-07, 6.2233066e-41, 9.9999988e-01]], dtype=float32), array([[4.0286286e-05, 0.0000000e+00, 9.9995971e-01],
       [7.3660162e-20, 0.0000000e+00, 1.0000000e+00],
       [7.2252721e-04, 8.8161292e-41, 9.9927753e-01]], dtype=float32)]","[array([nan, nan, nan], dtype=float32), array([nan, nan, nan], dtype=float32), array([1.4036266, 1.4036266, 1.4036266], dtype=float32), array([nan, nan, nan], dtype=float32), array([nan, nan, nan], dtype=float32), array([1.403522, 1.403522, 1.403522], dtype=float32), array([nan, nan, nan], dtype=float32), array([nan, nan, nan], dtype=float32), array([1.4034986, 1.4034986, 1.4034986], dtype=float32), array([nan, nan, nan], dtype=float32), array([1.4034915, 1.4034915, 1.4034915], dtype=float32), array([nan, nan, nan], dtype=float32), array([nan, nan, nan], dtype=float32), array([1.403492, 1.403492, 1.403492], dtype=float32), array([nan, nan, nan], dtype=float32), array([nan, nan, nan], dtype=float32), array([1.4035064, 1.4035064, 1.4035064], dtype=float32), array([nan, nan, nan], dtype=float32), array([nan, nan, nan], dtype=float32), array([1.4035236, 1.4035236, 1.4035236], dtype=float32), array([nan, nan, nan], dtype=float32), array([1.403531, 1.403531, 1.403531], dtype=float32), array([nan, nan, nan], dtype=float32), array([nan, nan, nan], dtype=float32), array([nan, nan, nan], dtype=float32), array([nan, nan, nan], dtype=float32), array([1.4035589, 1.4035589, 1.4035589], dtype=float32), array([nan, nan, nan], dtype=float32), array([nan, nan, nan], dtype=float32), array([1.4035397, 1.4035397, 1.4035397], dtype=float32), array([nan, nan, nan], dtype=float32)]","[array([1.4039534, 1.4039534, 1.4039534], dtype=float32), array([1.403803, 1.403803, 1.403803], dtype=float32), array([1.4036268, 1.4036268, 1.4036268], dtype=float32), array([1.4035335, 1.4035335, 1.4035335], dtype=float32), array([1.4035445, 1.4035445, 1.4035445], dtype=float32), array([1.4035223, 1.4035223, 1.4035223], dtype=float32), array([1.4035103, 1.4035103, 1.4035103], dtype=float32), array([1.4035075, 1.4035075, 1.4035075], dtype=float32), array([1.4034988, 1.4034988, 1.4034988], dtype=float32), array([1.4034957, 1.4034957, 1.4034957], dtype=float32), array([1.4034917, 1.4034917, 1.4034917], dtype=float32), array([1.4034922, 1.4034922, 1.4034922], dtype=float32), array([1.4034938, 1.4034938, 1.4034938], dtype=float32), array([1.403492, 1.403492, 1.403492], dtype=float32), array([1.4035009, 1.4035009, 1.4035009], dtype=float32), array([1.4035035, 1.4035035, 1.4035035], dtype=float32), array([1.4035066, 1.4035066, 1.4035066], dtype=float32), array([1.4035127, 1.4035127, 1.4035127], dtype=float32), array([1.4035188, 1.4035188, 1.4035188], dtype=float32), array([1.4035238, 1.4035238, 1.4035238], dtype=float32), array([1.4035263, 1.4035263, 1.4035263], dtype=float32), array([1.4035307, 1.4035307, 1.4035307], dtype=float32), array([1.4035372, 1.4035372, 1.4035372], dtype=float32), array([1.4035447, 1.4035447, 1.4035447], dtype=float32), array([1.4035512, 1.4035512, 1.4035512], dtype=float32), array([1.403557, 1.403557, 1.403557], dtype=float32), array([1.4035589, 1.4035589, 1.4035589], dtype=float32), array([1.4035574, 1.4035574, 1.4035574], dtype=float32), array([1.4035498, 1.4035498, 1.4035498], dtype=float32), array([1.4035397, 1.4035397, 1.4035397], dtype=float32), array([1.4035269, 1.4035269, 1.4035269], dtype=float32)]",1,0,0,0,0,0,54.54651162790697,55.641085271317834,0.00016370428721472727,2000,0.0003737220754712905,9.97,96000,9.97,96000,2000,0.34789966560104596,-0.0036025061272084713,1486512,-0.34823834896087646,0.0013802934991,0.006970513612031937,81158,30969,337.0228271484375,0.4722185432910919,48.0,5.1008224311033246e-09,1.0,0.34537339210510254,999.0,0.0,0.1673092246055603,343.19989665980967,0.0,999.0,1486512,0.0013802934991,23810,30969,0.0393447157605,0.0,48.0,1.0,343.1999605484307,4464000,93000,104968,61938,0,2973024,1030.6321483656736,6171723.928383226,6466193.372114063,10.5,50,48.0,9.5,1.0067001111073661,0.002266229940432822,0.00015311788928878836,0.0002870840581360952,1.0067001111073661,100,0.18473925122674037,9.94,2,2400,2.0,6.465800833891435e-05,2,96100,0.0002301823281274582,0.0005328008287272991,4800,100,9.94,4800,100,9.94,6.901575479789272e-06,7.756174428486098e-06,4.398492966601102e-05,3.4443670256353507e-05,2.1160246932637607e-05,2.9775030340868996e-05,4.955200977363465e-05,1.6767928061228416e-05,2.9903529382579976e-05,2.296736623409223e-05,0.00015617192392549482,0.05581939629082018,0.006656042056557134,0.05641559388912273,0.1723315270235875,0.03299103063973125,0.022658559698889337,0.0001686573502181908,5187168,1441.0,108066,0.0,498.0,1488.0,116.57807922363281,0.006437542848289013,0.4722185730934143,1441.0,108066,0.34579107,498.0,1.0,0.17200803756713867,1488.0,-0.004210093058645725,5187168,-0.010433316230773926,651000,10374336,31248000,216132,9661.077925281686,1.0343702862157272e-05,6.188965901268834e-05,4.773345865069592e-05,2.7752244292563803e-05,9.138057471579893e-06,7.208138986858932e-05,2.3579189819495197e-05,4.205723016261998e-05,3.066500898292689e-05,0.00022025899661858904,4.292757204156679e-05
1,98000,False,49,d1e1b_00000,2025-08-17_21-45-40,1755467140,90.24386382102966,4581.055770874023,685847,intrinsic-attention2,10.156.0.3,4581.055770874023,49,92.36064410667429,1.575255953578133e-05,92.36034607869802,2.8996883112085223,89.10284506302754,0.0019844486464876015,0.0017169581310008653,9.79,48.0,-9.5,4.786617753299545e-05,0.00010509751823912495,0.0002576240076450631,1.0067001111073661,2,2000,2,49000,2.8684230261878514,1.0067001111073661,98000,2.0,10.5,1000,219.5593388636283,2000.0,3000.0,"[array([[9.99985456e-01, 0.00000000e+00, 1.45297545e-05],
       [1.00000000e+00, 0.00000000e+00, 8.51069290e-22],
       [9.99998927e-01, 0.00000000e+00, 1.08105542e-06]], dtype=float32), array([[1.9496603e-24, 0.0000000e+00, 1.0000000e+00],
       [0.0000000e+00, 0.0000000e+00, 1.0000000e+00],
       [5.5394918e-11, 2.2946262e-40, 1.0000000e+00]], dtype=float32), array([[3.7236917e-24, 0.0000000e+00, 1.0000000e+00],
       [0.0000000e+00, 0.0000000e+00, 1.0000000e+00],
       [6.9681726e-11, 5.2280624e-40, 1.0000000e+00]], dtype=float32), array([[1.05806119e-23, 0.00000000e+00, 1.00000000e+00],
       [0.00000000e+00, 0.00000000e+00, 1.00000000e+00],
       [1.12472774e-10, 3.18802127e-39, 1.00000000e+00]], dtype=float32), array([[3.6155141e-12, 0.0000000e+00, 1.0000000e+00],
       [1.3891198e-38, 0.0000000e+00, 1.0000000e+00],
       [5.8950684e-07, 1.5850685e-38, 9.9999940e-01]], dtype=float32), array([[4.3794564e-08, 0.0000000e+00, 1.0000000e+00],
       [1.4285529e-24, 0.0000000e+00, 1.0000000e+00],
       [2.5066599e-06, 0.0000000e+00, 9.9999750e-01]], dtype=float32), array([[2.5520099e-09, 0.0000000e+00, 1.0000000e+00],
       [1.7825953e-25, 0.0000000e+00, 1.0000000e+00],
       [1.3423660e-07, 0.0000000e+00, 9.9999988e-01]], dtype=float32), array([[4.3826298e-05, 0.0000000e+00, 9.9995613e-01],
       [2.7653310e-19, 0.0000000e+00, 1.0000000e+00],
       [9.1666030e-04, 2.0337471e-36, 9.9908328e-01]], dtype=float32), array([[7.1902399e-08, 0.0000000e+00, 9.9999988e-01],
       [4.1534446e-24, 0.0000000e+00, 1.0000000e+00],
       [4.8882089e-06, 0.0000000e+00, 9.9999511e-01]], dtype=float32), array([[1.9463104e-15, 0.0000000e+00, 1.0000000e+00],
       [3.8053661e-41, 0.0000000e+00, 1.0000000e+00],
       [8.7499419e-10, 0.0000000e+00, 1.0000000e+00]], dtype=float32), array([[9.2487941e-11, 0.0000000e+00, 1.0000000e+00],
       [4.3907735e-34, 0.0000000e+00, 1.0000000e+00],
       [3.4074321e-06, 4.0334618e-34, 9.9999654e-01]], dtype=float32), array([[3.2513276e-12, 0.0000000e+00, 1.0000000e+00],
       [4.4934337e-37, 0.0000000e+00, 1.0000000e+00],
       [1.0920735e-06, 1.6574254e-33, 9.9999893e-01]], dtype=float32), array([[4.3736460e-12, 0.0000000e+00, 1.0000000e+00],
       [1.3797207e-36, 0.0000000e+00, 1.0000000e+00],
       [1.3028404e-06, 5.9428083e-33, 9.9999869e-01]], dtype=float32), array([[2.6725189e-10, 0.0000000e+00, 1.0000000e+00],
       [1.5488405e-32, 0.0000000e+00, 1.0000000e+00],
       [6.0154725e-06, 1.2754635e-32, 9.9999404e-01]], dtype=float32), array([[5.8871577e-05, 0.0000000e+00, 9.9994111e-01],
       [2.5059147e-18, 0.0000000e+00, 1.0000000e+00],
       [1.2907683e-03, 2.0859061e-32, 9.9870920e-01]], dtype=float32), array([[4.5454356e-12, 0.0000000e+00, 1.0000000e+00],
       [2.6716630e-36, 0.0000000e+00, 1.0000000e+00],
       [1.4452780e-06, 2.7680000e-32, 9.9999857e-01]], dtype=float32), array([[4.25272356e-06, 0.00000000e+00, 9.99995708e-01],
       [1.44837089e-19, 0.00000000e+00, 1.00000000e+00],
       [1.00465564e-04, 6.30584309e-44, 9.99899507e-01]], dtype=float32), array([[1.07636436e-06, 0.00000000e+00, 9.99998927e-01],
       [9.63775118e-19, 0.00000000e+00, 1.00000000e+00],
       [1.31656725e-05, 0.00000000e+00, 9.99986887e-01]], dtype=float32), array([[4.9576588e-14, 0.0000000e+00, 1.0000000e+00],
       [7.1176226e-38, 0.0000000e+00, 1.0000000e+00],
       [1.4495066e-08, 9.2906088e-43, 1.0000000e+00]], dtype=float32), array([[5.8447591e-14, 0.0000000e+00, 1.0000000e+00],
       [1.0589865e-37, 0.0000000e+00, 1.0000000e+00],
       [1.6550979e-08, 2.1594009e-42, 1.0000000e+00]], dtype=float32), array([[6.804187e-14, 0.000000e+00, 1.000000e+00],
       [1.529467e-37, 0.000000e+00, 1.000000e+00],
       [1.869568e-08, 4.674732e-42, 1.000000e+00]], dtype=float32), array([[4.5694404e-10, 0.0000000e+00, 1.0000000e+00],
       [1.1730894e-31, 0.0000000e+00, 1.0000000e+00],
       [9.0321610e-06, 4.0234101e-31, 9.9999094e-01]], dtype=float32), array([[0.15770254, 0.        , 0.84229743],
       [0.00242635, 0.        , 0.9975737 ],
       [0.1649663 , 0.        , 0.83503366]], dtype=float32), array([[0.74444157, 0.        , 0.2555584 ],
       [0.9831335 , 0.        , 0.01686652],
       [0.7490951 , 0.        , 0.2509049 ]], dtype=float32), array([[7.3464733e-12, 0.0000000e+00, 1.0000000e+00],
       [1.4704156e-35, 0.0000000e+00, 1.0000000e+00],
       [2.2226175e-06, 7.9984482e-31, 9.9999774e-01]], dtype=float32), array([[9.9969876e-01, 0.0000000e+00, 3.0122628e-04],
       [1.0000000e+00, 0.0000000e+00, 2.0019415e-17],
       [9.9996698e-01, 0.0000000e+00, 3.2971067e-05]], dtype=float32), array([[6.3832380e-07, 0.0000000e+00, 9.9999940e-01],
       [2.2478721e-19, 0.0000000e+00, 1.0000000e+00],
       [1.0106215e-05, 0.0000000e+00, 9.9998987e-01]], dtype=float32), array([[7.8943916e-02, 1.4012985e-45, 9.2105615e-01],
       [2.1814580e-05, 0.0000000e+00, 9.9997818e-01],
       [9.4837718e-02, 4.0105162e-42, 9.0516233e-01]], dtype=float32), array([[4.7311727e-10, 0.0000000e+00, 1.0000000e+00],
       [1.0617321e-31, 0.0000000e+00, 1.0000000e+00],
       [1.0688148e-05, 2.0478099e-30, 9.9998927e-01]], dtype=float32), array([[7.4883603e-02, 1.4012985e-45, 9.2511642e-01],
       [1.7659053e-05, 0.0000000e+00, 9.9998236e-01],
       [9.0703703e-02, 3.6377708e-42, 9.0929627e-01]], dtype=float32), array([[1.0260524e-07, 0.0000000e+00, 9.9999988e-01],
       [9.1432481e-24, 0.0000000e+00, 1.0000000e+00],
       [1.3904756e-05, 3.8031240e-42, 9.9998605e-01]], dtype=float32)]","[array([nan, nan, nan], dtype=float32), array([1.4032102, 1.4032102, 1.4032102], dtype=float32), array([1.4046057, 1.4046057, 1.4046057], dtype=float32), array([nan, nan, nan], dtype=float32), array([1.407177, 1.407177, 1.407177], dtype=float32), array([1.4079933, 1.4079933, 1.4079933], dtype=float32), array([nan, nan, nan], dtype=float32), array([1.4093999, 1.4093999, 1.4093999], dtype=float32), array([nan, nan, nan], dtype=float32), array([nan, nan, nan], dtype=float32), array([nan, nan, nan], dtype=float32), array([1.4122715, 1.4122715, 1.4122715], dtype=float32), array([1.4128948, 1.4128948, 1.4128948], dtype=float32), array([1.4133116, 1.4133116, 1.4133116], dtype=float32), array([nan, nan, nan], dtype=float32), array([1.4139514, 1.4139514, 1.4139514], dtype=float32), array([nan, nan, nan], dtype=float32), array([nan, nan, nan], dtype=float32), array([1.4136975, 1.4136975, 1.4136975], dtype=float32), array([1.4129227, 1.4129227, 1.4129227], dtype=float32), array([nan, nan, nan], dtype=float32), array([nan, nan, nan], dtype=float32), array([1.4107792, 1.4107792, 1.4107792], dtype=float32), array([1.4104428, 1.4104428, 1.4104428], dtype=float32), array([1.4101338, 1.4101338, 1.4101338], dtype=float32), array([nan, nan, nan], dtype=float32), array([1.4098612, 1.4098612, 1.4098612], dtype=float32), array([nan, nan, nan], dtype=float32), array([1.4098002, 1.4098002, 1.4098002], dtype=float32), array([nan, nan, nan], dtype=float32), array([1.4099013, 1.4099013, 1.4099013], dtype=float32)]","[array([1.4035136, 1.4035136, 1.4035136], dtype=float32), array([1.4032099, 1.4032099, 1.4032099], dtype=float32), array([1.4046057, 1.4046057, 1.4046057], dtype=float32), array([1.4059772, 1.4059772, 1.4059772], dtype=float32), array([1.407177, 1.407177, 1.407177], dtype=float32), array([1.4079933, 1.4079933, 1.4079933], dtype=float32), array([1.408731, 1.408731, 1.408731], dtype=float32), array([1.4093996, 1.4093996, 1.4093996], dtype=float32), array([1.4101981, 1.4101981, 1.4101981], dtype=float32), array([1.4110571, 1.4110571, 1.4110571], dtype=float32), array([1.4117128, 1.4117128, 1.4117128], dtype=float32), array([1.4122715, 1.4122715, 1.4122715], dtype=float32), array([1.4128951, 1.4128951, 1.4128951], dtype=float32), array([1.4133116, 1.4133116, 1.4133116], dtype=float32), array([1.4136732, 1.4136732, 1.4136732], dtype=float32), array([1.4139516, 1.4139516, 1.4139516], dtype=float32), array([1.4144309, 1.4144309, 1.4144309], dtype=float32), array([1.4141603, 1.4141603, 1.4141603], dtype=float32), array([1.4136976, 1.4136976, 1.4136976], dtype=float32), array([1.4129225, 1.4129225, 1.4129225], dtype=float32), array([1.412213, 1.412213, 1.412213], dtype=float32), array([1.411466, 1.411466, 1.411466], dtype=float32), array([1.4107794, 1.4107794, 1.4107794], dtype=float32), array([1.4104426, 1.4104426, 1.4104426], dtype=float32), array([1.4101336, 1.4101336, 1.4101336], dtype=float32), array([1.4100382, 1.4100382, 1.4100382], dtype=float32), array([1.4098612, 1.4098612, 1.4098612], dtype=float32), array([1.4097894, 1.4097894, 1.4097894], dtype=float32), array([1.4098, 1.4098, 1.4098], dtype=float32), array([1.4098588, 1.4098588, 1.4098588], dtype=float32), array([1.4099013, 1.4099013, 1.4099013], dtype=float32)]",1,0,0,0,0,0,54.531007751937985,55.679844961240306,0.00017043903279891133,2000,0.00038135270664395803,9.79,98000,9.79,98000,2000,0.34779439497500314,-0.012746450491249561,1517481,-0.024328231811523438,0.0013802934991,0.005579120945185423,81158,30969,437.363037109375,0.4710463285446167,49.0,2.5504112155516623e-09,1.0,0.3353453576564789,999.0,0.0,0.17979784309864044,343.6193458231281,0.0,999.0,1517481,0.0013802934991,23810,30969,0.0393447157605,0.0,49.0,1.0,343.61940163699757,4557000,93000,104968,61938,0,3034962,1031.891664578702,6177887.534181595,6476637.448218081,10.5,50,49.0,9.5,1.0067001111073661,0.002278102050040616,0.00015428379068589993,0.00028609304749721586,1.0067001111073661,100,0.18474257702434296,9.94,2,2450,2.0,6.391221482159504e-05,2,98100,0.0002315318969146284,0.0005316363537598518,4900,100,9.94,4900,100,9.94,7.204049592638609e-06,8.101860516862234e-06,4.6640023272945976e-05,3.52912454097833e-05,2.1531086094131838e-05,3.069434661260171e-05,5.1225725312913075e-05,1.71739877998654e-05,3.0422748774850697e-05,2.32310662085557e-05,0.0001580707112934179,0.05581433249792224,0.006653210795874786,0.05635139832015675,0.17241403411338993,0.03294506197327047,0.022587387381908804,0.00016857129661552062,5295234,1471.0,108066,0.0,498.0,1519.0,115.9303970336914,0.0031522789504379034,0.4722185730934143,1471.0,108066,0.34043044,498.0,1.0,0.1837034821510315,1519.0,-0.009028038010001183,5295234,-0.11855411529541016,651000,10590468,31899000,216132,9659.5311880964,1.034596750227927e-05,6.239511234969648e-05,4.786641439472154e-05,2.791933463876345e-05,8.98803519068034e-06,7.174214669566158e-05,2.3586809886928098e-05,4.18164031596908e-05,3.0798601302504044e-05,0.00021972523801605263,4.259874723655246e-05
1,100000,True,50,d1e1b_00000,2025-08-17_21-47-12,1755467232,91.18397331237793,4672.239744186401,685847,intrinsic-attention2,10.156.0.3,4672.239744186401,50,92.34742546427753,1.5713593923516806e-05,92.34712656318104,2.899106028416394,89.09034760405721,0.001982348879975769,0.00161252667021472,10.01,49.0,9.5,4.8175203333225154e-05,0.00010736777203793257,0.0002576240076450631,1.0067001111073661,2,2000,2,50000,2.8678412846860235,1.0067001111073661,100000,2.0,10.5,1000,212.42573535471396,2000.0,3000.0,"[array([[4.7143526e-02, 0.0000000e+00, 9.5285642e-01],
       [2.3765610e-05, 0.0000000e+00, 9.9997628e-01],
       [5.5446554e-02, 0.0000000e+00, 9.4455349e-01]], dtype=float32), array([[7.8764903e-12, 0.0000000e+00, 1.0000000e+00],
       [1.3871149e-35, 0.0000000e+00, 1.0000000e+00],
       [2.8133661e-06, 5.0592622e-30, 9.9999714e-01]], dtype=float32), array([[2.1559561e-07, 0.0000000e+00, 9.9999976e-01],
       [1.3342655e-20, 0.0000000e+00, 1.0000000e+00],
       [5.1869611e-06, 0.0000000e+00, 9.9999475e-01]], dtype=float32), array([[9.9924707e-01, 0.0000000e+00, 7.5300800e-04],
       [1.0000000e+00, 0.0000000e+00, 2.8695558e-15],
       [9.9986362e-01, 0.0000000e+00, 1.3639302e-04]], dtype=float32), array([[8.7236364e-12, 0.0000000e+00, 1.0000000e+00],
       [2.2043092e-35, 0.0000000e+00, 1.0000000e+00],
       [3.0852693e-06, 1.1298435e-29, 9.9999690e-01]], dtype=float32), array([[3.5110725e-06, 0.0000000e+00, 9.9999654e-01],
       [1.0911794e-19, 0.0000000e+00, 1.0000000e+00],
       [1.0182938e-04, 1.3697692e-41, 9.9989820e-01]], dtype=float32), array([[7.4286082e-19, 0.0000000e+00, 1.0000000e+00],
       [0.0000000e+00, 0.0000000e+00, 1.0000000e+00],
       [2.5731064e-08, 1.1132728e-29, 1.0000000e+00]], dtype=float32), array([[1.7035383e-07, 0.0000000e+00, 9.9999988e-01],
       [7.1738095e-21, 0.0000000e+00, 1.0000000e+00],
       [4.5170118e-06, 0.0000000e+00, 9.9999547e-01]], dtype=float32), array([[7.1559677e-12, 0.0000000e+00, 1.0000000e+00],
       [1.1230628e-35, 0.0000000e+00, 1.0000000e+00],
       [2.8672630e-06, 8.1147102e-30, 9.9999714e-01]], dtype=float32), array([[0.37375706, 0.        , 0.62624294],
       [0.12726909, 0.        , 0.87273085],
       [0.3750714 , 0.        , 0.6249286 ]], dtype=float32), array([[3.8002848e-10, 0.0000000e+00, 1.0000000e+00],
       [4.8541078e-32, 0.0000000e+00, 1.0000000e+00],
       [1.0954323e-05, 4.8772980e-30, 9.9998903e-01]], dtype=float32), array([[2.7733324e-02, 0.0000000e+00, 9.7226667e-01],
       [3.6175541e-06, 0.0000000e+00, 9.9999642e-01],
       [3.4837380e-02, 0.0000000e+00, 9.6516263e-01]], dtype=float32), array([[5.0083692e-12, 0.0000000e+00, 1.0000000e+00],
       [3.3000199e-36, 0.0000000e+00, 1.0000000e+00],
       [2.4178889e-06, 3.0765222e-30, 9.9999762e-01]], dtype=float32), array([[5.9826050e-08, 0.0000000e+00, 9.9999988e-01],
       [2.0254939e-24, 0.0000000e+00, 1.0000000e+00],
       [9.7990769e-06, 5.4230251e-43, 9.9999022e-01]], dtype=float32), array([[4.1277021e-05, 1.4012985e-45, 9.9995875e-01],
       [5.7009939e-19, 0.0000000e+00, 1.0000000e+00],
       [1.2953866e-03, 2.4397045e-30, 9.9870455e-01]], dtype=float32), array([[2.4600906e-06, 0.0000000e+00, 9.9999750e-01],
       [3.4109636e-20, 0.0000000e+00, 1.0000000e+00],
       [7.7339537e-05, 6.9084014e-43, 9.9992263e-01]], dtype=float32), array([[3.0262068e-10, 0.0000000e+00, 1.0000000e+00],
       [2.2325521e-32, 0.0000000e+00, 1.0000000e+00],
       [9.8119717e-06, 2.6261947e-30, 9.9999022e-01]], dtype=float32), array([[6.0170293e-02, 0.0000000e+00, 9.3982971e-01],
       [6.9724629e-06, 0.0000000e+00, 9.9999309e-01],
       [7.5449638e-02, 9.0664011e-43, 9.2455035e-01]], dtype=float32), array([[1.04197184e-07, 0.00000000e+00, 9.99999881e-01],
       [1.78066864e-21, 0.00000000e+00, 1.00000000e+00],
       [3.17976833e-06, 0.00000000e+00, 9.99996781e-01]], dtype=float32), array([[5.4462476e-12, 0.0000000e+00, 1.0000000e+00],
       [4.4622279e-36, 0.0000000e+00, 1.0000000e+00],
       [2.5668987e-06, 4.7214037e-30, 9.9999738e-01]], dtype=float32), array([[4.4359640e-05, 4.2038954e-45, 9.9995565e-01],
       [8.1417857e-19, 0.0000000e+00, 1.0000000e+00],
       [1.3785240e-03, 6.7038424e-30, 9.9862146e-01]], dtype=float32), array([[2.9628645e-06, 0.0000000e+00, 9.9999702e-01],
       [6.1921687e-20, 0.0000000e+00, 1.0000000e+00],
       [9.2144815e-05, 9.6297230e-42, 9.9990785e-01]], dtype=float32), array([[1.6214648e-07, 0.0000000e+00, 9.9999988e-01],
       [6.1762890e-21, 0.0000000e+00, 1.0000000e+00],
       [4.5013589e-06, 0.0000000e+00, 9.9999547e-01]], dtype=float32), array([[5.5444838e-10, 0.0000000e+00, 1.0000000e+00],
       [1.9411488e-31, 0.0000000e+00, 1.0000000e+00],
       [1.3978508e-05, 3.0328266e-29, 9.9998605e-01]], dtype=float32), array([[2.9286949e-02, 0.0000000e+00, 9.7071302e-01],
       [4.3420800e-06, 0.0000000e+00, 9.9999571e-01],
       [3.6823280e-02, 0.0000000e+00, 9.6317679e-01]], dtype=float32), array([[9.7515416e-12, 0.0000000e+00, 1.0000000e+00],
       [3.7360353e-35, 0.0000000e+00, 1.0000000e+00],
       [3.6372408e-06, 5.0218996e-29, 9.9999630e-01]], dtype=float32), array([[9.6612891e-12, 0.0000000e+00, 1.0000000e+00],
       [3.8034489e-35, 0.0000000e+00, 1.0000000e+00],
       [3.6169090e-06, 5.0852465e-29, 9.9999642e-01]], dtype=float32), array([[9.9887937e-01, 0.0000000e+00, 1.1205865e-03],
       [1.0000000e+00, 0.0000000e+00, 1.9398554e-14],
       [9.9976271e-01, 0.0000000e+00, 2.3730744e-04]], dtype=float32), array([[4.5610152e-05, 2.9427268e-44, 9.9995434e-01],
       [1.2028925e-18, 0.0000000e+00, 1.0000000e+00],
       [1.4535380e-03, 3.5375511e-29, 9.9854642e-01]], dtype=float32), array([[5.3154553e-10, 0.0000000e+00, 1.0000000e+00],
       [1.8580743e-31, 0.0000000e+00, 1.0000000e+00],
       [1.3556607e-05, 2.6908341e-29, 9.9998641e-01]], dtype=float32), array([[8.4593383e-19, 0.0000000e+00, 1.0000000e+00],
       [0.0000000e+00, 0.0000000e+00, 1.0000000e+00],
       [2.9000045e-08, 2.2300955e-29, 1.0000000e+00]], dtype=float32)]","[array([nan, nan, nan], dtype=float32), array([nan, nan, nan], dtype=float32), array([nan, nan, nan], dtype=float32), array([nan, nan, nan], dtype=float32), array([nan, nan, nan], dtype=float32), array([nan, nan, nan], dtype=float32), array([nan, nan, nan], dtype=float32), array([nan, nan, nan], dtype=float32), array([nan, nan, nan], dtype=float32), array([nan, nan, nan], dtype=float32), array([nan, nan, nan], dtype=float32), array([nan, nan, nan], dtype=float32), array([nan, nan, nan], dtype=float32), array([nan, nan, nan], dtype=float32), array([nan, nan, nan], dtype=float32), array([nan, nan, nan], dtype=float32), array([nan, nan, nan], dtype=float32), array([nan, nan, nan], dtype=float32), array([nan, nan, nan], dtype=float32), array([nan, nan, nan], dtype=float32), array([nan, nan, nan], dtype=float32), array([nan, nan, nan], dtype=float32), array([nan, nan, nan], dtype=float32), array([nan, nan, nan], dtype=float32), array([nan, nan, nan], dtype=float32), array([nan, nan, nan], dtype=float32), array([nan, nan, nan], dtype=float32), array([nan, nan, nan], dtype=float32), array([nan, nan, nan], dtype=float32), array([nan, nan, nan], dtype=float32), array([nan, nan, nan], dtype=float32)]","[array([1.4099635, 1.4099635, 1.4099635], dtype=float32), array([1.4100589, 1.4100589, 1.4100589], dtype=float32), array([1.4099725, 1.4099725, 1.4099725], dtype=float32), array([1.4098907, 1.4098907, 1.4098907], dtype=float32), array([1.4098154, 1.4098154, 1.4098154], dtype=float32), array([1.4097365, 1.4097365, 1.4097365], dtype=float32), array([1.4096584, 1.4096584, 1.4096584], dtype=float32), array([1.4095765, 1.4095765, 1.4095765], dtype=float32), array([1.4095434, 1.4095434, 1.4095434], dtype=float32), array([1.4095113, 1.4095113, 1.4095113], dtype=float32), array([1.4094768, 1.4094768, 1.4094768], dtype=float32), array([1.4094526, 1.4094526, 1.4094526], dtype=float32), array([1.4094944, 1.4094944, 1.4094944], dtype=float32), array([1.4095346, 1.4095346, 1.4095346], dtype=float32), array([1.4095572, 1.4095572, 1.4095572], dtype=float32), array([1.4095025, 1.4095025, 1.4095025], dtype=float32), array([1.4095, 1.4095, 1.4095], dtype=float32), array([1.4094964, 1.4094964, 1.4094964], dtype=float32), array([1.4094919, 1.4094919, 1.4094919], dtype=float32), array([1.4094625, 1.4094625, 1.4094625], dtype=float32), array([1.4094614, 1.4094614, 1.4094614], dtype=float32), array([1.4094595, 1.4094595, 1.4094595], dtype=float32), array([1.4094467, 1.4094467, 1.4094467], dtype=float32), array([1.4094429, 1.4094429, 1.4094429], dtype=float32), array([1.4094969, 1.4094969, 1.4094969], dtype=float32), array([1.409546, 1.409546, 1.409546], dtype=float32), array([1.4095752, 1.4095752, 1.4095752], dtype=float32), array([1.4095552, 1.4095552, 1.4095552], dtype=float32), array([1.4095073, 1.4095073, 1.4095073], dtype=float32), array([1.4094644, 1.4094644, 1.4094644], dtype=float32), array([1.4094118, 1.4094118, 1.4094118], dtype=float32)]",1,0,0,0,0,0,54.48076923076923,55.16615384615384,0.0001667636115925601,2000,0.00038317360085744507,10.01,100000,10.01,100000,2000,0.3476550153152779,-0.0018745055422186852,1548450,-0.03494679927825928,0.0013802934991,0.002364242682233453,81158,30969,574.3154907226562,0.4722185432910919,50.0,1.2752056077758311e-09,1.0,0.34711503982543945,999.0,0.0,0.15742391347885132,343.7411780409245,0.0,999.0,1548450,0.0013802934991,23810,30969,0.0393447157605,0.0,50.0,1.0,343.74123065551345,4650000,93000,104968,61938,0,3096900,1032.2574282796488,6154361.658571004,6455007.343660271,10.5,50,50.0,9.5,1.0067001111073661,0.0019365365203702822,0.00011298720700782734,0.00028482398697230534,1.0067001111073661,100,0.18419140290415517,9.94,2,2500,2.0,5.137361255484811e-05,2,100100,0.00017744477023463968,0.00041050976560564885,5000,100,9.94,5000,100,9.94,7.046340964027865e-06,7.919132522910177e-06,4.517457056563545e-05,3.504299903644791e-05,2.137914739257735e-05,3.0324523025810612e-05,5.098163670971084e-05,1.727564649776383e-05,3.03889905769105e-05,2.3070871909291997e-05,0.00016139464819744058,0.05582575493288565,0.006656583747852028,0.056319792596973284,0.1724082038522881,0.03289023757344484,0.022522531248118625,0.0001685465036013389,5403300,1501.0,108066,0.0,498.0,1550.0,116.17131042480469,0.001745690475217998,0.4722185730934143,1501.0,108066,0.34552854,498.0,1.0,0.1544901430606842,1550.0,-0.003744872286915779,5403300,-0.11517882347106934,651000,10806600,32550000,216132,9653.681168477251,8.152542836927816e-06,4.810869977675672e-05,3.6954650223004995e-05,2.2154307401479595e-05,7.303631042827689e-06,5.417338016956838e-05,1.7798813676830342e-05,3.199778071714284e-05,2.4400954251447815e-05,0.00017373921971257104,3.2406848124273395e-05
