num_training_step_calls_per_iteration,num_env_steps_sampled_lifetime,done,training_iteration,trial_id,date,timestamp,time_this_iter_s,time_total_s,pid,hostname,node_ip,time_since_restore,iterations_since_restore,timers/training_iteration,timers/restore_env_runners,timers/training_step,timers/env_runner_sampling_timer,timers/learner_update_timer,timers/synch_weights,env_runners/sample,env_runners/env_reset_timer,env_runners/episode_return_mean,env_runners/episode_len_min,env_runners/num_env_steps_sampled,env_runners/episode_return_max,env_runners/episode_len_max,env_runners/num_env_steps_sampled_lifetime,env_runners/rlmodule_inference_timer,env_runners/num_episodes,env_runners/env_step_timer,env_runners/env_to_module_sum_episodes_length_out,env_runners/env_to_module_sum_episodes_length_in,env_runners/weights_seq_no,env_runners/episode_duration_sec_mean,env_runners/episode_len_mean,env_runners/num_episodes_lifetime,env_runners/episode_return_min,env_runners/num_env_steps_sampled_lifetime_throughput,__all_modules__/learner_connector_sum_episodes_length_in,__all_modules__/learner_connector_sum_episodes_length_out,learners/IntrinsicRewardsPositive,learners/IntrinsicAttentionMask,learners/IntrinsicRewardsNegative,evaluation/num_healthy_workers,evaluation/actor_manager_num_outstanding_async_reqs,evaluation/num_remote_worker_restarts,fault_tolerance/num_healthy_workers,fault_tolerance/num_remote_worker_restarts,env_runner_group/actor_manager_num_outstanding_async_reqs,perf/cpu_util_percent,perf/ram_util_percent,env_runners/env_to_module_connector/connector_pipeline_timer,env_runners/module_to_env_connector/connector_pipeline_timer,env_runners/module_episode_return_mean/default_policy,env_runners/agent_episode_return_mean/default_agent,env_runners/num_module_steps_sampled/default_policy,env_runners/num_module_steps_sampled_lifetime/default_policy,env_runners/num_agent_steps_sampled_lifetime/default_agent,env_runners/num_agent_steps_sampled/default_agent,__all_modules__/learner_connector/connector_pipeline_timer,learners/default_policy/curr_kl_coeff,learners/default_policy/vf_loss,learners/default_policy/vf_loss_unclipped,learners/default_policy/diff_num_grad_updates_vs_sampler_policy,learners/default_policy/curr_entropy_coeff,learners/default_policy/weights_seq_no,learners/default_policy/num_module_steps_trained_lifetime,learners/default_policy/entropy,learners/default_policy/vf_explained_var,learners/default_policy/total_loss,learners/default_policy/num_trainable_parameters,learners/default_policy/mean_kl_loss,learners/default_policy/use_intrinsic_rewards,learners/default_policy/module_train_batch_size_mean,learners/default_policy/num_module_steps_trained,learners/default_policy/policy_loss,learners/default_policy/num_module_steps_trained_lifetime_throughput,learners/intrinsic_reward_module/diff_num_grad_updates_vs_sampler_policy,learners/intrinsic_reward_module/default_optimizer_learning_rate,learners/intrinsic_reward_module/gradients_default_optimizer_global_norm,learners/intrinsic_reward_module/curr_entropy_coeff,learners/intrinsic_reward_module/weights_seq_no,learners/intrinsic_reward_module/num_module_steps_trained_lifetime,learners/intrinsic_reward_module/total_loss,learners/intrinsic_reward_module/num_module_steps_trained,learners/intrinsic_reward_module/num_trainable_parameters,learners/intrinsic_reward_module/module_train_batch_size_mean,learners/intrinsic_reward_module/num_module_steps_trained_lifetime_throughput,learners/__all_modules__/num_env_steps_trained,learners/__all_modules__/num_non_trainable_parameters,learners/__all_modules__/num_env_steps_trained_lifetime,learners/__all_modules__/num_module_steps_trained,learners/__all_modules__/num_trainable_parameters,learners/__all_modules__/num_module_steps_trained_lifetime,learners/__all_modules__/num_env_steps_trained_lifetime_throughput,learners/__all_modules__/num_module_steps_trained_throughput,learners/__all_modules__/num_module_steps_trained_lifetime_throughput,evaluation/env_runners/episode_len_mean,evaluation/env_runners/episode_return_min,evaluation/env_runners/episode_len_min,evaluation/env_runners/num_episodes,evaluation/env_runners/episode_duration_sec_mean,evaluation/env_runners/num_episodes_lifetime,evaluation/env_runners/episode_return_mean,evaluation/env_runners/weights_seq_no,evaluation/env_runners/sample,evaluation/env_runners/env_reset_timer,evaluation/env_runners/num_env_steps_sampled,evaluation/env_runners/episode_return_max,evaluation/env_runners/num_env_steps_sampled_lifetime,evaluation/env_runners/env_step_timer,evaluation/env_runners/env_to_module_sum_episodes_length_out,evaluation/env_runners/env_to_module_sum_episodes_length_in,evaluation/env_runners/episode_len_max,evaluation/env_runners/rlmodule_inference_timer,evaluation/env_runners/module_episode_return_mean/default_policy,evaluation/env_runners/module_to_env_connector/connector_pipeline_timer,evaluation/env_runners/env_to_module_connector/connector_pipeline_timer,evaluation/env_runners/num_agent_steps_sampled_lifetime/default_agent,evaluation/env_runners/agent_episode_return_mean/default_agent,evaluation/env_runners/num_module_steps_sampled_lifetime/default_policy,evaluation/env_runners/num_module_steps_sampled/default_policy,evaluation/env_runners/num_agent_steps_sampled/default_agent,env_runners/env_to_module_connector/timers/connectors/add_states_from_episodes_to_batch,env_runners/env_to_module_connector/timers/connectors/batch_individual_items,env_runners/env_to_module_connector/timers/connectors/add_time_dim_to_batch_and_zero_pad,env_runners/env_to_module_connector/timers/connectors/add_observations_from_episodes_to_batch,env_runners/env_to_module_connector/timers/connectors/numpy_to_tensor,env_runners/module_to_env_connector/timers/connectors/remove_single_ts_time_rank_from_batch,env_runners/module_to_env_connector/timers/connectors/get_actions,env_runners/module_to_env_connector/timers/connectors/tensor_to_numpy,env_runners/module_to_env_connector/timers/connectors/un_batch_to_individual_items,env_runners/module_to_env_connector/timers/connectors/listify_data_for_vector_env,env_runners/module_to_env_connector/timers/connectors/normalize_and_clip_actions,__all_modules__/learner_connector/timers/connectors/add_one_ts_to_episodes_and_truncate,__all_modules__/learner_connector/timers/connectors/add_observations_from_episodes_to_batch,__all_modules__/learner_connector/timers/connectors/add_columns_from_episodes_to_train_batch,__all_modules__/learner_connector/timers/connectors/add_time_dim_to_batch_and_zero_pad,__all_modules__/learner_connector/timers/connectors/add_states_from_episodes_to_batch,__all_modules__/learner_connector/timers/connectors/batch_individual_items,__all_modules__/learner_connector/timers/connectors/numpy_to_tensor,learners/differentiable_learners/intrinsic_attention_ppo_learner/default_policy/vf_explained_var,learners/differentiable_learners/intrinsic_attention_ppo_learner/default_policy/num_module_steps_trained,learners/differentiable_learners/intrinsic_attention_ppo_learner/default_policy/use_intrinsic_rewards,learners/differentiable_learners/intrinsic_attention_ppo_learner/default_policy/module_train_batch_size_mean,learners/differentiable_learners/intrinsic_attention_ppo_learner/default_policy/vf_loss_unclipped,learners/differentiable_learners/intrinsic_attention_ppo_learner/default_policy/vf_loss,learners/differentiable_learners/intrinsic_attention_ppo_learner/default_policy/diff_num_grad_updates_vs_sampler_policy,learners/differentiable_learners/intrinsic_attention_ppo_learner/default_policy/weights_seq_no,learners/differentiable_learners/intrinsic_attention_ppo_learner/default_policy/policy_loss,learners/differentiable_learners/intrinsic_attention_ppo_learner/default_policy/num_module_steps_trained_lifetime,learners/differentiable_learners/intrinsic_attention_ppo_learner/default_policy/entropy,learners/differentiable_learners/intrinsic_attention_ppo_learner/default_policy/total_loss,learners/differentiable_learners/intrinsic_attention_ppo_learner/default_policy/mean_kl_loss,learners/differentiable_learners/intrinsic_attention_ppo_learner/__all_modules__/num_module_steps_trained_lifetime,learners/differentiable_learners/intrinsic_attention_ppo_learner/__all_modules__/num_env_steps_trained,learners/differentiable_learners/intrinsic_attention_ppo_learner/__all_modules__/num_env_steps_trained_lifetime,learners/differentiable_learners/intrinsic_attention_ppo_learner/__all_modules__/num_module_steps_trained,learners/differentiable_learners/intrinsic_attention_ppo_learner/__all_modules__/num_env_steps_trained_lifetime_throughput,learners/differentiable_learners/intrinsic_attention_ppo_learner/intrinsic_reward_module/module_train_batch_size_mean,learners/differentiable_learners/intrinsic_attention_ppo_learner/intrinsic_reward_module/num_module_steps_trained,learners/differentiable_learners/intrinsic_attention_ppo_learner/intrinsic_reward_module/diff_num_grad_updates_vs_sampler_policy,learners/differentiable_learners/intrinsic_attention_ppo_learner/intrinsic_reward_module/weights_seq_no,learners/differentiable_learners/intrinsic_attention_ppo_learner/intrinsic_reward_module/num_module_steps_trained_lifetime,learners/differentiable_learners/intrinsic_attention_ppo_learner/intrinsic_reward_module/total_loss,evaluation/env_runners/module_to_env_connector/timers/connectors/remove_single_ts_time_rank_from_batch,evaluation/env_runners/module_to_env_connector/timers/connectors/tensor_to_numpy,evaluation/env_runners/module_to_env_connector/timers/connectors/get_actions,evaluation/env_runners/module_to_env_connector/timers/connectors/normalize_and_clip_actions,evaluation/env_runners/module_to_env_connector/timers/connectors/listify_data_for_vector_env,evaluation/env_runners/module_to_env_connector/timers/connectors/un_batch_to_individual_items,evaluation/env_runners/env_to_module_connector/timers/connectors/batch_individual_items,evaluation/env_runners/env_to_module_connector/timers/connectors/add_observations_from_episodes_to_batch,evaluation/env_runners/env_to_module_connector/timers/connectors/add_states_from_episodes_to_batch,evaluation/env_runners/env_to_module_connector/timers/connectors/add_time_dim_to_batch_and_zero_pad,evaluation/env_runners/env_to_module_connector/timers/connectors/numpy_to_tensor
1,2000,False,1,cf747_00000,2025-08-17_23-22-14,1755472934,87.55381274223328,87.55381274223328,760236,intrinsic-attention2,10.156.0.3,87.55381274223328,1,87.3800339520094,1.6588994185440242e-05,87.37981077699806,2.531531027998426,84.51367377499992,0.0019963569939136505,2.502767835991108,0.0002679699973668903,-0.62,2,2000,10.5,2,2000,9.831518394758173e-05,1000,4.65096894084671e-05,1.0067001111072869,1.0067001111072869,0.0,0.0015095135688898153,2.0,1000,-10.5,796.9961822800742,2000,3000,"[array([0., 0., 0.], dtype=float32), array([0.0393246, 0.0393246, 0.0393246], dtype=float32), array([0.07853043, 0.07853043, 0.07853043], dtype=float32), array([0.11664046, 0.11664046, 0.11664046], dtype=float32), array([0.15480424, 0.15480424, 0.15480424], dtype=float32), array([0.1574571, 0.1574571, 0.1574571], dtype=float32), array([0.16878882, 0.16878882, 0.16878882], dtype=float32), array([0.19097431, 0.19097431, 0.19097431], dtype=float32), array([0.18807696, 0.18807696, 0.18807696], dtype=float32), array([0.18563977, 0.18563977, 0.18563977], dtype=float32), array([0.17718412, 0.17718412, 0.17718412], dtype=float32), array([0.16930148, 0.16930148, 0.16930148], dtype=float32), array([0.16167596, 0.16167596, 0.16167596], dtype=float32), array([0.15409335, 0.15409335, 0.15409335], dtype=float32), array([0.14705968, 0.14705968, 0.14705968], dtype=float32), array([0.14293863, 0.14293863, 0.14293863], dtype=float32), array([0.14097548, 0.14097548, 0.14097548], dtype=float32), array([0.13772985, 0.13772985, 0.13772985], dtype=float32), array([0.13355266, 0.13355266, 0.13355266], dtype=float32), array([0.12987563, 0.12987563, 0.12987563], dtype=float32), array([0.12423804, 0.12423804, 0.12423804], dtype=float32), array([0.11557304, 0.11557304, 0.11557304], dtype=float32), array([0.10705196, 0.10705196, 0.10705196], dtype=float32), array([0.09743131, 0.09743131, 0.09743131], dtype=float32), array([0.08576202, 0.08576202, 0.08576202], dtype=float32), array([0.07868315, 0.07868315, 0.07868315], dtype=float32), array([0.06770872, 0.06770872, 0.06770872], dtype=float32), array([0.05863499, 0.05863499, 0.05863499], dtype=float32), array([0.04970125, 0.04970125, 0.04970125], dtype=float32), array([0.03950001, 0.03950001, 0.03950001], dtype=float32), array([0.0289413, 0.0289413, 0.0289413], dtype=float32)]","[array([[0.3361156 , 0.3291782 , 0.33470622],
       [0.3206495 , 0.35252032, 0.32683015],
       [0.33300784, 0.33382073, 0.33317146]], dtype=float32), array([[0.3366195 , 0.32793212, 0.3354484 ],
       [0.32422382, 0.34842616, 0.32734996],
       [0.33497703, 0.33062878, 0.3343942 ]], dtype=float32), array([[0.3316036 , 0.33940902, 0.32898745],
       [0.3277867 , 0.352411  , 0.31980237],
       [0.33285308, 0.33503252, 0.33211437]], dtype=float32), array([[0.33534864, 0.33004415, 0.3346072 ],
       [0.32453835, 0.34779087, 0.32767078],
       [0.33385518, 0.3324808 , 0.33366406]], dtype=float32), array([[0.3358256 , 0.3296315 , 0.3345429 ],
       [0.32214123, 0.35014927, 0.32770953],
       [0.3330188 , 0.3338016 , 0.33317956]], dtype=float32), array([[0.33166635, 0.3370988 , 0.3312349 ],
       [0.32497776, 0.35212678, 0.3228954 ],
       [0.33219373, 0.33590832, 0.33189788]], dtype=float32), array([[0.3368466 , 0.32863155, 0.33452183],
       [0.3233389 , 0.34688404, 0.329777  ],
       [0.3330558 , 0.33370614, 0.33323807]], dtype=float32), array([[0.33254933, 0.33479553, 0.3326551 ],
       [0.3264622 , 0.3461704 , 0.32736737],
       [0.3322636 , 0.33532867, 0.33240774]], dtype=float32), array([[0.332521  , 0.3351762 , 0.3323028 ],
       [0.32958087, 0.34182933, 0.32858983],
       [0.33276185, 0.33462995, 0.33260816]], dtype=float32), array([[0.33374527, 0.33272234, 0.3335324 ],
       [0.3301383 , 0.33808672, 0.33177492],
       [0.33299598, 0.33383402, 0.33317   ]], dtype=float32), array([[0.33319092, 0.33436677, 0.3324423 ],
       [0.3328792 , 0.33658907, 0.3305318 ],
       [0.33338562, 0.33295098, 0.33366343]], dtype=float32), array([[0.33340085, 0.3331685 , 0.33343068],
       [0.33241642, 0.3355699 , 0.33201373],
       [0.3335268 , 0.33286083, 0.33361238]], dtype=float32), array([[0.33309412, 0.3338529 , 0.33305305],
       [0.33157572, 0.33714774, 0.33127654],
       [0.33317608, 0.33367485, 0.33314908]], dtype=float32), array([[0.3334022 , 0.33321404, 0.33338374],
       [0.3312432 , 0.33695793, 0.3317989 ],
       [0.33319092, 0.33358002, 0.33322904]], dtype=float32), array([[0.33350253, 0.33307788, 0.33341965],
       [0.33160633, 0.33594534, 0.33244836],
       [0.33313274, 0.33363628, 0.3332309 ]], dtype=float32), array([[0.3332454 , 0.33365917, 0.3330954 ],
       [0.3327806 , 0.33537504, 0.33184433],
       [0.33341303, 0.33303767, 0.33354932]], dtype=float32), array([[0.33374366, 0.33279565, 0.33346075],
       [0.33138946, 0.33588663, 0.3327239 ],
       [0.3330417 , 0.33371583, 0.33324254]], dtype=float32), array([[0.33332255, 0.33349124, 0.33318618],
       [0.3332521 , 0.33450806, 0.3322398 ],
       [0.3333781 , 0.33266973, 0.33395213]], dtype=float32), array([[0.33333263, 0.33333886, 0.33332855],
       [0.33318996, 0.33442083, 0.33238918],
       [0.3334246 , 0.33263353, 0.33394185]], dtype=float32), array([[0.33332816, 0.33334112, 0.33333075],
       [0.33194908, 0.33541372, 0.3326372 ],
       [0.3330532 , 0.33375397, 0.33319286]], dtype=float32), array([[0.33337787, 0.33319837, 0.3334237 ],
       [0.33286795, 0.33474025, 0.33239186],
       [0.33350757, 0.3328055 , 0.33368698]], dtype=float32), array([[0.33322707, 0.3335417 , 0.33323124],
       [0.33235833, 0.33524513, 0.33239657],
       [0.33321556, 0.33356434, 0.33322018]], dtype=float32), array([[0.33316076, 0.33359736, 0.33324185],
       [0.33167124, 0.33587933, 0.33244938],
       [0.332884  , 0.33402094, 0.33309504]], dtype=float32), array([[0.3336048 , 0.33285037, 0.3335448 ],
       [0.3321561 , 0.33542892, 0.33241495],
       [0.33348987, 0.33305487, 0.33345526]], dtype=float32), array([[0.3334151 , 0.33309188, 0.333493  ],
       [0.3328664 , 0.3347098 , 0.33242387],
       [0.33354682, 0.33270273, 0.33375046]], dtype=float32), array([[0.3330819 , 0.3336843 , 0.33323383],
       [0.33125576, 0.33623794, 0.33250633],
       [0.33262098, 0.334328  , 0.33305103]], dtype=float32), array([[0.33368036, 0.33274037, 0.33357924],
       [0.33214897, 0.33535874, 0.3324923 ],
       [0.333516  , 0.33302116, 0.3334628 ]], dtype=float32), array([[0.33336812, 0.33321947, 0.33341247],
       [0.33291534, 0.33469942, 0.3323852 ],
       [0.33350256, 0.33277875, 0.3337187 ]], dtype=float32), array([[0.33351856, 0.33288956, 0.33359185],
       [0.33276471, 0.33469442, 0.3325409 ],
       [0.3336061 , 0.33267987, 0.33371404]], dtype=float32), array([[0.33327836, 0.33340213, 0.33331954],
       [0.3310175 , 0.33623683, 0.33274567],
       [0.33252558, 0.33434448, 0.3331299 ]], dtype=float32), array([[0.33339092, 0.33316103, 0.33344802],
       [0.33288887, 0.33466077, 0.33245033],
       [0.3335152 , 0.33278918, 0.3336957 ]], dtype=float32)]","[array([0., 0., 0.], dtype=float32), array([0.0393246, 0.0393246, 0.0393246], dtype=float32), array([0.07853043, 0.07853043, 0.07853043], dtype=float32), array([0.11664046, 0.11664046, 0.11664046], dtype=float32), array([0.15480424, 0.15480424, 0.15480424], dtype=float32), array([0.1574571, 0.1574571, 0.1574571], dtype=float32), array([0.16878882, 0.16878882, 0.16878882], dtype=float32), array([0.1909743, 0.1909743, 0.1909743], dtype=float32), array([0.18807694, 0.18807694, 0.18807694], dtype=float32), array([0.18563977, 0.18563977, 0.18563977], dtype=float32), array([0.17718412, 0.17718412, 0.17718412], dtype=float32), array([0.16930147, 0.16930147, 0.16930147], dtype=float32), array([0.16167596, 0.16167596, 0.16167596], dtype=float32), array([0.15409335, 0.15409335, 0.15409335], dtype=float32), array([0.1470597, 0.1470597, 0.1470597], dtype=float32), array([0.14293863, 0.14293863, 0.14293863], dtype=float32), array([0.14097548, 0.14097548, 0.14097548], dtype=float32), array([0.13772985, 0.13772985, 0.13772985], dtype=float32), array([0.13355266, 0.13355266, 0.13355266], dtype=float32), array([0.12987562, 0.12987562, 0.12987562], dtype=float32), array([0.12423804, 0.12423804, 0.12423804], dtype=float32), array([0.11557304, 0.11557304, 0.11557304], dtype=float32), array([0.10705196, 0.10705196, 0.10705196], dtype=float32), array([0.09743132, 0.09743132, 0.09743132], dtype=float32), array([0.08576201, 0.08576201, 0.08576201], dtype=float32), array([0.07868315, 0.07868315, 0.07868315], dtype=float32), array([0.06770872, 0.06770872, 0.06770872], dtype=float32), array([0.05863499, 0.05863499, 0.05863499], dtype=float32), array([0.04970125, 0.04970125, 0.04970125], dtype=float32), array([0.0395, 0.0395, 0.0395], dtype=float32), array([0.0289413, 0.0289413, 0.0289413], dtype=float32)]",1,0,0,0,0,0,49.496,30.168799999999987,0.00016010112892879242,0.0003564968922134448,-0.62,-0.62,2000,2000,2000,2000,0.3240108079917263,0.2404155135154724,0.4722185432910919,111.37689971923828,1.0,0.0013802934991,1.0,30969,0.6574268937110901,0.0018984675407409668,0.2142527550458908,81158,0.034625034779310226,0.0,999.0,30969,-0.13959619402885437,370.31627715463634,1.0,0.0393447157605,0.0,0.0013802934991,1.0,30969,0.0,30969,23810,999.0,370.31536155471343,93000,0,93000,61938,104968,61938,1112.0705354818501,6388653.889611102,6586097.669230693,2.0,-10.5,2,50,0.0019044585397932677,50,1.24,1.0,0.15464583899301942,0.00033870099287014455,100,10.5,2100,7.357474419371686e-05,0.7837645722890833,0.7837645722890833,2,0.00020114240787279367,1.24,0.0006490656600519316,0.00031765305019779567,100,1.24,100,100,100,6.800260094854714e-06,3.297537377038101e-05,1.9918222086755878e-05,7.595738115304333e-06,4.5100786616333734e-05,2.857244258244527e-05,0.0001500089067615502,4.669727041611083e-05,1.6241267137770772e-05,2.8526096610916205e-05,2.1547672184922658e-05,0.05215381699963473,0.0066563790023792535,0.0489741149940528,0.16553525399649516,0.033380082008079626,0.016338348999852315,0.00017496501095592976,0.00013267993927001953,108066,1.0,498.0,93.0248031616211,0.4722185730934143,31.0,31.0,-0.13064570724964142,108066,0.65543532371521,0.22338173,0.035721421241760254,216132,651000,651000,216132,13477.24996231719,498.0,108066,31.0,31.0,108066,0.0,4.029561984099248e-05,0.00010259556297447824,0.00029265940141855054,5.106156673108108e-05,3.772086094195479e-05,2.3817332771397324e-05,4.7511906986461934e-05,1.1758035175813596e-05,8.631267896605858e-06,2.9081857392677457e-05,9.46712088118921e-05
1,4000,False,2,cf747_00000,2025-08-17_23-23-40,1755473020,85.99187541007996,173.54568815231323,760236,intrinsic-attention2,10.156.0.3,173.54568815231323,2,87.36466635300938,1.6609894373686984e-05,87.36444099364802,2.5315849085983064,84.49840792549993,0.0019955089040740856,2.5028240363411896,0.0002679699973668903,2.61,2,2000,10.5,2,4000,9.632762631345607e-05,1000,4.590960280760724e-05,1.0067001111073661,1.0067001111073661,1.0,0.0015000730099563953,2.0,2000,-10.5,795.0607607084237,2000.0,3000.0,"[array([0.01960785, 0.01960785, 0.01960785], dtype=float32), array([0.01467406, 0.01467406, 0.01467406], dtype=float32), array([0.01017884, 0.01017884, 0.01017884], dtype=float32), array([0.00499606, 0.00499606, 0.00499606], dtype=float32), array([-0.00290386, -0.00290386, -0.00290386], dtype=float32), array([-0.00459819, -0.00459819, -0.00459819], dtype=float32), array([0.00481976, 0.00481976, 0.00481976], dtype=float32), array([0.0160411, 0.0160411, 0.0160411], dtype=float32), array([0.02837605, 0.02837605, 0.02837605], dtype=float32), array([0.03916448, 0.03916448, 0.03916448], dtype=float32), array([0.05168522, 0.05168522, 0.05168522], dtype=float32), array([0.05860417, 0.05860417, 0.05860417], dtype=float32), array([0.06122697, 0.06122697, 0.06122697], dtype=float32), array([0.06381132, 0.06381132, 0.06381132], dtype=float32), array([0.06580831, 0.06580831, 0.06580831], dtype=float32), array([0.07246674, 0.07246674, 0.07246674], dtype=float32), array([0.08021592, 0.08021592, 0.08021592], dtype=float32), array([0.08558394, 0.08558394, 0.08558394], dtype=float32), array([0.0879691, 0.0879691, 0.0879691], dtype=float32), array([0.0944048, 0.0944048, 0.0944048], dtype=float32), array([0.09036885, 0.09036885, 0.09036885], dtype=float32), array([0.08518422, 0.08518422, 0.08518422], dtype=float32), array([0.08649085, 0.08649085, 0.08649085], dtype=float32), array([0.0800543, 0.0800543, 0.0800543], dtype=float32), array([0.08134364, 0.08134364, 0.08134364], dtype=float32), array([0.07782573, 0.07782573, 0.07782573], dtype=float32), array([0.07025561, 0.07025561, 0.07025561], dtype=float32), array([0.06018645, 0.06018645, 0.06018645], dtype=float32), array([0.05572815, 0.05572815, 0.05572815], dtype=float32), array([0.04821337, 0.04821337, 0.04821337], dtype=float32), array([0.04012956, 0.04012956, 0.04012956], dtype=float32)]","[array([[0.3332982 , 0.33338454, 0.33331725],
       [0.33183092, 0.33552718, 0.3326419 ],
       [0.33297494, 0.33385614, 0.33316892]], dtype=float32), array([[0.3333624 , 0.33323476, 0.3334028 ],
       [0.33296043, 0.3345945 , 0.33244506],
       [0.33348912, 0.33280507, 0.33370584]], dtype=float32), array([[0.3334496 , 0.3331971 , 0.33335334],
       [0.33085322, 0.33624798, 0.33289883],
       [0.33245966, 0.3343584 , 0.33318198]], dtype=float32), array([[0.33344656, 0.33320072, 0.33335274],
       [0.3308728 , 0.33622307, 0.3329041 ],
       [0.33246407, 0.33435258, 0.33318338]], dtype=float32), array([[0.33342275, 0.33321404, 0.33336318],
       [0.33163726, 0.3355996 , 0.33276317],
       [0.3329132 , 0.333894  , 0.3331928 ]], dtype=float32), array([[0.33342454, 0.3332117 , 0.33336374],
       [0.33163717, 0.33559927, 0.33276355],
       [0.3329142 , 0.33389255, 0.33319324]], dtype=float32), array([[0.33306727, 0.33380994, 0.33312282],
       [0.33223337, 0.33530435, 0.33246225],
       [0.3330049 , 0.3339217 , 0.33307344]], dtype=float32), array([[0.33341908, 0.33315513, 0.33342585],
       [0.3327384 , 0.33457008, 0.33269155],
       [0.3334365 , 0.33311883, 0.33344463]], dtype=float32), array([[0.33322698, 0.33348367, 0.3332894 ],
       [0.33242622, 0.33461598, 0.3329578 ],
       [0.3330321 , 0.33375904, 0.33320886]], dtype=float32), array([[0.33328488, 0.33339816, 0.3333169 ],
       [0.33269244, 0.33419198, 0.33311555],
       [0.33311749, 0.33362246, 0.33326012]], dtype=float32), array([[0.33329937, 0.33337554, 0.33332512],
       [0.33287585, 0.33390185, 0.33322236],
       [0.33315617, 0.33355343, 0.33329043]], dtype=float32), array([[0.3333142 , 0.3333706 , 0.33331516],
       [0.3332342 , 0.33352667, 0.3332391 ],
       [0.33331284, 0.33337322, 0.33331385]], dtype=float32), array([[0.33330363, 0.33336565, 0.3333307 ],
       [0.3331138 , 0.3335724 , 0.33331376],
       [0.33322084, 0.33345586, 0.33332336]], dtype=float32), array([[0.33329746, 0.3333884 , 0.33331418],
       [0.33325377, 0.33345535, 0.33329082],
       [0.33328944, 0.3334007 , 0.3333099 ]], dtype=float32), array([[0.33331913, 0.33334434, 0.3333365 ],
       [0.33294407, 0.33363575, 0.3334202 ],
       [0.33306083, 0.333545  , 0.33339417]], dtype=float32), array([[0.33330172, 0.33338097, 0.33331725],
       [0.33326027, 0.33344352, 0.33329624],
       [0.33329362, 0.33339328, 0.33331317]], dtype=float32), array([[0.3333193 , 0.33334458, 0.33333617],
       [0.3329438 , 0.33364466, 0.33341157],
       [0.33306855, 0.3335449 , 0.3333865 ]], dtype=float32), array([[0.33330372, 0.3333868 , 0.33330947],
       [0.33327103, 0.33344585, 0.3332831 ],
       [0.33330145, 0.3333909 , 0.33330765]], dtype=float32), array([[0.33332628, 0.33331522, 0.33335844],
       [0.33334464, 0.33336237, 0.33329293],
       [0.33327284, 0.33317798, 0.3335492 ]], dtype=float32), array([[0.33334076, 0.33332518, 0.333334  ],
       [0.33307052, 0.33362043, 0.33330905],
       [0.3332235 , 0.33345333, 0.3333232 ]], dtype=float32), array([[0.33345821, 0.33321908, 0.3333227 ],
       [0.3328954 , 0.33373418, 0.3333704 ],
       [0.3331393 , 0.3335109 , 0.3333498 ]], dtype=float32), array([[0.33332816, 0.3333379 , 0.33333397],
       [0.33288166, 0.3337311 , 0.3333872 ],
       [0.33306226, 0.33357203, 0.3333657 ]], dtype=float32), array([[0.33333582, 0.33333108, 0.33333316],
       [0.33315566, 0.33349687, 0.3333475 ],
       [0.33323446, 0.3334243 , 0.33334124]], dtype=float32), array([[0.33348823, 0.33322743, 0.33328435],
       [0.33289102, 0.33363593, 0.3334731 ],
       [0.3330214 , 0.33354673, 0.33343193]], dtype=float32), array([[0.3333259 , 0.33335948, 0.33331463],
       [0.33330104, 0.33344686, 0.33325204],
       [0.33333424, 0.33333012, 0.33333564]], dtype=float32), array([[0.3333632 , 0.33331627, 0.33332056],
       [0.3331187 , 0.3334562 , 0.33342513],
       [0.33314118, 0.3334433 , 0.33341554]], dtype=float32), array([[0.33348703, 0.33326635, 0.33324665],
       [0.33325872, 0.33336586, 0.33337542],
       [0.3332383 , 0.33337474, 0.33338693]], dtype=float32), array([[0.33333617, 0.3333497 , 0.3333141 ],
       [0.333337  , 0.3333545 , 0.33330846],
       [0.33333483, 0.3333419 , 0.3333233 ]], dtype=float32), array([[0.33354962, 0.33328274, 0.33316767],
       [0.33324492, 0.333354  , 0.33340108],
       [0.3331135 , 0.3333847 , 0.33350176]], dtype=float32), array([[0.3333569 , 0.33333987, 0.33330324],
       [0.3333403 , 0.33333528, 0.3333245 ],
       [0.33330446, 0.3333253 , 0.33337024]], dtype=float32), array([[0.33334213, 0.33334026, 0.33331767],
       [0.3333418 , 0.33334   , 0.33331817],
       [0.3333383 , 0.33333722, 0.33332452]], dtype=float32)]","[array([0.01960784, 0.01960784, 0.01960784], dtype=float32), array([0.01467406, 0.01467406, 0.01467406], dtype=float32), array([0.01017883, 0.01017883, 0.01017883], dtype=float32), array([0.00499606, 0.00499606, 0.00499606], dtype=float32), array([-0.00290386, -0.00290386, -0.00290386], dtype=float32), array([-0.00459819, -0.00459819, -0.00459819], dtype=float32), array([0.00481976, 0.00481976, 0.00481976], dtype=float32), array([0.0160411, 0.0160411, 0.0160411], dtype=float32), array([0.02837605, 0.02837605, 0.02837605], dtype=float32), array([0.03916447, 0.03916447, 0.03916447], dtype=float32), array([0.05168522, 0.05168522, 0.05168522], dtype=float32), array([0.05860417, 0.05860417, 0.05860417], dtype=float32), array([0.06122697, 0.06122697, 0.06122697], dtype=float32), array([0.06381131, 0.06381131, 0.06381131], dtype=float32), array([0.06580831, 0.06580831, 0.06580831], dtype=float32), array([0.07246674, 0.07246674, 0.07246674], dtype=float32), array([0.08021592, 0.08021592, 0.08021592], dtype=float32), array([0.08558394, 0.08558394, 0.08558394], dtype=float32), array([0.08796912, 0.08796912, 0.08796912], dtype=float32), array([0.09440479, 0.09440479, 0.09440479], dtype=float32), array([0.09036885, 0.09036885, 0.09036885], dtype=float32), array([0.08518422, 0.08518422, 0.08518422], dtype=float32), array([0.08649086, 0.08649086, 0.08649086], dtype=float32), array([0.0800543, 0.0800543, 0.0800543], dtype=float32), array([0.08134364, 0.08134364, 0.08134364], dtype=float32), array([0.07782573, 0.07782573, 0.07782573], dtype=float32), array([0.07025561, 0.07025561, 0.07025561], dtype=float32), array([0.06018645, 0.06018645, 0.06018645], dtype=float32), array([0.05572816, 0.05572816, 0.05572816], dtype=float32), array([0.04821337, 0.04821337, 0.04821337], dtype=float32), array([0.04012956, 0.04012956, 0.04012956], dtype=float32)]",1,0,0,0,0,0,47.73658536585366,29.232520325203254,0.00015588273727297762,0.00035241664823545504,2.61,2.61,2000,4000,4000,2000,0.3238751500817307,0.3606232702732086,0.4722185432910919,94.47480010986328,1.0,0.0013802934991,2.0,61938,0.5123594403266907,-0.0005956888198852539,0.2351735383272171,81158,0.06945276260375977,0.0,999.0,30969,-0.13002361357212067,370.2049935297274,1.0,0.0393447157605,0.0,0.0013802934991,2.0,61938,0.0,30969,23810,999.0,370.2041182449663,93000,0,186000,61938,104968,123876,1111.7359503660728,6379523.084085882,6587802.382610311,2.0,-10.5,2,50,0.0017601741194084753,100,4.64,2.0,0.15442085585309542,0.0003369563729211222,100,10.5,4100,5.237699094911382e-05,0.9573306375970015,0.9573306375970015,2,0.0001258843600519092,4.64,0.00044068354218614844,0.00019893191973257253,200,4.64,200,100,100,6.65894409426116e-06,3.262064528604199e-05,1.97275116172481e-05,7.3972870826840924e-06,4.173336883560272e-05,2.8410659467271946e-05,0.0001478898067859087,4.627623300729228e-05,1.5487433065270465e-05,2.7905162995583137e-05,2.1360547162328066e-05,0.05216549560966087,0.006651349912426667,0.04894335088407388,0.16549280630642896,0.033326658467995,0.016321269649924943,0.0001748388308624271,-0.0003814697265625,108066,1.0,498.0,92.29249572753906,0.4722185730934143,61.0,62.0,-0.13159526884555817,216132,0.5188177227973938,0.22743383,0.06575100868940353,432264,651000,1302000,216132,13341.779426660987,498.0,108066,61.0,62.0,216132,0.0,3.218141941475917e-05,6.06010035552589e-05,0.00018962619169882335,2.90368055073117e-05,3.187303923578182e-05,1.8398186167454793e-05,3.7449147491487956e-05,8.526971719140006e-06,6.969582950038543e-06,2.2068620585804292e-05,5.4721757516931845e-05
1,6000,False,3,cf747_00000,2025-08-17_23-25-07,1755473107,86.65140509605408,260.1970932483673,760236,intrinsic-attention2,10.156.0.3,260.1970932483673,3,87.35609135890932,1.6627675322524737e-05,87.35586431676148,2.5318557912222412,84.4897287410049,0.0019970198350041752,2.5030946323577297,0.0002679699973668903,7.24,2,2000,10.5,2,6000,0.00010598069673952318,1000,4.8714353663226425e-05,1.0067001111073661,1.0067001111073661,2.0,0.001560899430187419,2.0,3000,-10.5,791.3844832268657,2000.0,3000.0,"[array([0.02492713, 0.02492713, 0.02492713], dtype=float32), array([0.00607504, 0.00607504, 0.00607504], dtype=float32), array([-0.00982664, -0.00982664, -0.00982664], dtype=float32), array([-0.01677924, -0.01677924, -0.01677924], dtype=float32), array([-0.02094135, -0.02094135, -0.02094135], dtype=float32), array([-0.02157074, -0.02157074, -0.02157074], dtype=float32), array([-0.02161091, -0.02161091, -0.02161091], dtype=float32), array([-0.02250799, -0.02250799, -0.02250799], dtype=float32), array([-0.02000095, -0.02000095, -0.02000095], dtype=float32), array([-0.01798397, -0.01798397, -0.01798397], dtype=float32), array([-0.01889797, -0.01889797, -0.01889797], dtype=float32), array([-0.01932311, -0.01932311, -0.01932311], dtype=float32), array([-0.01548615, -0.01548615, -0.01548615], dtype=float32), array([-0.01763147, -0.01763147, -0.01763147], dtype=float32), array([-0.01406398, -0.01406398, -0.01406398], dtype=float32), array([-0.00715459, -0.00715459, -0.00715459], dtype=float32), array([0.00040966, 0.00040966, 0.00040966], dtype=float32), array([0.00759222, 0.00759222, 0.00759222], dtype=float32), array([0.02148813, 0.02148813, 0.02148813], dtype=float32), array([0.04260243, 0.04260243, 0.04260243], dtype=float32), array([0.06378119, 0.06378119, 0.06378119], dtype=float32), array([0.07939323, 0.07939323, 0.07939323], dtype=float32), array([0.09991195, 0.09991195, 0.09991195], dtype=float32), array([0.11974917, 0.11974917, 0.11974917], dtype=float32), array([0.13586877, 0.13586877, 0.13586877], dtype=float32), array([0.1465247, 0.1465247, 0.1465247], dtype=float32), array([0.1556577, 0.1556577, 0.1556577], dtype=float32), array([0.17500833, 0.17500833, 0.17500833], dtype=float32), array([0.19923879, 0.19923879, 0.19923879], dtype=float32), array([0.22253676, 0.22253676, 0.22253676], dtype=float32), array([0.23952653, 0.23952653, 0.23952653], dtype=float32)]","[array([[0.33336106, 0.33335692, 0.33328202],
       [0.33335856, 0.33335477, 0.33328664],
       [0.3333134 , 0.3333164 , 0.33337015]], dtype=float32), array([[0.3333177 , 0.333406  , 0.3332763 ],
       [0.33330584, 0.33346114, 0.333233  ],
       [0.3333233 , 0.33338016, 0.3332966 ]], dtype=float32), array([[0.333368  , 0.3333851 , 0.33324686],
       [0.33337322, 0.3333929 , 0.33323392],
       [0.3333312 , 0.33333012, 0.33333868]], dtype=float32), array([[0.33351234, 0.33336353, 0.33312407],
       [0.33343065, 0.3333498 , 0.33321962],
       [0.33329904, 0.33332753, 0.33337343]], dtype=float32), array([[0.33341727, 0.33328357, 0.3332992 ],
       [0.3333097 , 0.33334735, 0.33334297],
       [0.3333223 , 0.33333987, 0.3333378 ]], dtype=float32), array([[0.33336723, 0.33338603, 0.33324677],
       [0.33337402, 0.3333966 , 0.33322936],
       [0.33332363, 0.33331823, 0.33335817]], dtype=float32), array([[0.33353764, 0.33338517, 0.33307716],
       [0.3334617 , 0.3333659 , 0.33317235],
       [0.33330822, 0.33332697, 0.33336484]], dtype=float32), array([[0.3335174 , 0.33339518, 0.33308747],
       [0.3334591 , 0.3333756 , 0.33316532],
       [0.33331227, 0.33332628, 0.33336148]], dtype=float32), array([[0.3337872 , 0.33307037, 0.3331424 ],
       [0.33305562, 0.33349428, 0.33345014],
       [0.33312917, 0.33345166, 0.3334192 ]], dtype=float32), array([[0.3336391 , 0.3333387 , 0.3330222 ],
       [0.3334121 , 0.3333347 , 0.33325315],
       [0.33317277, 0.33333042, 0.33349675]], dtype=float32), array([[0.33354744, 0.33339468, 0.3330579 ],
       [0.33347523, 0.333374  , 0.33315077],
       [0.33331597, 0.33332837, 0.3333557 ]], dtype=float32), array([[0.33343667, 0.33336952, 0.33319378],
       [0.33338177, 0.33335033, 0.333268  ],
       [0.33323795, 0.3332999 , 0.33346212]], dtype=float32), array([[0.33337107, 0.33340484, 0.3332241 ],
       [0.33338088, 0.33342344, 0.3331957 ],
       [0.33332834, 0.33332387, 0.33334786]], dtype=float32), array([[0.333371  , 0.33340672, 0.3332222 ],
       [0.3333812 , 0.33342656, 0.33319226],
       [0.3333286 , 0.33332413, 0.33334723]], dtype=float32), array([[0.33342052, 0.33337903, 0.33320045],
       [0.33338833, 0.3333622 , 0.3332495 ],
       [0.33324972, 0.33328947, 0.33346087]], dtype=float32), array([[0.33351135, 0.333217  , 0.3332717 ],
       [0.3331195 , 0.33347315, 0.3334074 ],
       [0.33319235, 0.33342555, 0.3333822 ]], dtype=float32), array([[0.33341676, 0.33338398, 0.3331992 ],
       [0.33339208, 0.33336902, 0.33323893],
       [0.33325267, 0.33328432, 0.333463  ]], dtype=float32), array([[0.33336273, 0.33342996, 0.3332073 ],
       [0.33337685, 0.33347642, 0.33314672],
       [0.33333007, 0.33332255, 0.33334738]], dtype=float32), array([[0.3333999 , 0.33325833, 0.33334178],
       [0.33334583, 0.33331925, 0.3333349 ],
       [0.3333777 , 0.33328333, 0.33333895]], dtype=float32), array([[0.3333547 , 0.33344305, 0.33320224],
       [0.33336613, 0.33350167, 0.33313227],
       [0.33333504, 0.33334193, 0.33332312]], dtype=float32), array([[0.33350334, 0.3334432 , 0.33305347],
       [0.33347896, 0.33342743, 0.33309355],
       [0.33332098, 0.33332533, 0.33335367]], dtype=float32), array([[0.33345005, 0.33323762, 0.33331233],
       [0.3332674 , 0.3333874 , 0.33334517],
       [0.33333164, 0.3333347 , 0.33333364]], dtype=float32), array([[0.3333548 , 0.33343875, 0.33320647],
       [0.33336622, 0.33349496, 0.33313882],
       [0.33333457, 0.3333394 , 0.33332604]], dtype=float32), array([[0.33331785, 0.33337525, 0.3333069 ],
       [0.33325094, 0.33355612, 0.3331929 ],
       [0.33333054, 0.33334082, 0.3333286 ]], dtype=float32), array([[0.33362526, 0.3333723 , 0.33300242],
       [0.33344582, 0.33334836, 0.33320582],
       [0.33318323, 0.3333132 , 0.33350354]], dtype=float32), array([[0.33335295, 0.3334146 , 0.3332325 ],
       [0.33336458, 0.33346286, 0.33317247],
       [0.33333015, 0.33332014, 0.33334967]], dtype=float32), array([[0.33380917, 0.33303326, 0.3331576 ],
       [0.33299062, 0.33354956, 0.33345982],
       [0.33312184, 0.33346674, 0.3334114 ]], dtype=float32), array([[0.33361202, 0.3334071 , 0.33298084],
       [0.33347705, 0.3333714 , 0.33315155],
       [0.333196  , 0.3332969 , 0.33350706]], dtype=float32), array([[0.3332763 , 0.33342153, 0.3333022 ],
       [0.33292866, 0.33395898, 0.33311233],
       [0.33321422, 0.33351743, 0.3332683 ]], dtype=float32), array([[0.33336622, 0.33328286, 0.33335096],
       [0.33322996, 0.33349216, 0.3332779 ],
       [0.33334127, 0.33332112, 0.33333758]], dtype=float32), array([[0.33341998, 0.33363265, 0.33294737],
       [0.33346003, 0.33377135, 0.33276862],
       [0.33333066, 0.33332416, 0.33334512]], dtype=float32)]","[array([0.02492713, 0.02492713, 0.02492713], dtype=float32), array([0.00607504, 0.00607504, 0.00607504], dtype=float32), array([-0.00982664, -0.00982664, -0.00982664], dtype=float32), array([-0.01677924, -0.01677924, -0.01677924], dtype=float32), array([-0.02094135, -0.02094135, -0.02094135], dtype=float32), array([-0.02157075, -0.02157075, -0.02157075], dtype=float32), array([-0.02161091, -0.02161091, -0.02161091], dtype=float32), array([-0.02250799, -0.02250799, -0.02250799], dtype=float32), array([-0.02000095, -0.02000095, -0.02000095], dtype=float32), array([-0.01798397, -0.01798397, -0.01798397], dtype=float32), array([-0.01889797, -0.01889797, -0.01889797], dtype=float32), array([-0.01932311, -0.01932311, -0.01932311], dtype=float32), array([-0.01548616, -0.01548616, -0.01548616], dtype=float32), array([-0.01763147, -0.01763147, -0.01763147], dtype=float32), array([-0.01406398, -0.01406398, -0.01406398], dtype=float32), array([-0.00715459, -0.00715459, -0.00715459], dtype=float32), array([0.00040966, 0.00040966, 0.00040966], dtype=float32), array([0.00759222, 0.00759222, 0.00759222], dtype=float32), array([0.02148813, 0.02148813, 0.02148813], dtype=float32), array([0.04260243, 0.04260243, 0.04260243], dtype=float32), array([0.0637812, 0.0637812, 0.0637812], dtype=float32), array([0.07939323, 0.07939323, 0.07939323], dtype=float32), array([0.09991194, 0.09991194, 0.09991194], dtype=float32), array([0.11974916, 0.11974916, 0.11974916], dtype=float32), array([0.13586877, 0.13586877, 0.13586877], dtype=float32), array([0.1465247, 0.1465247, 0.1465247], dtype=float32), array([0.15565768, 0.15565768, 0.15565768], dtype=float32), array([0.17500833, 0.17500833, 0.17500833], dtype=float32), array([0.19923879, 0.19923879, 0.19923879], dtype=float32), array([0.22253679, 0.22253679, 0.22253679], dtype=float32), array([0.2395265, 0.2395265, 0.2395265], dtype=float32)]",1,0,0,0,0,0,47.811290322580646,29.27741935483872,0.00017007068616834906,0.00038383805620191086,7.24,7.24,2000,6000,6000,2000,0.3237288195709101,0.3606232702732086,0.4722185432910919,98.66754913330078,1.0,0.0013802934991,3.0,92907,0.4073694050312042,0.0008375644683837891,0.28354611992836,81158,0.021842513233423233,0.0,999.0,30969,-0.07297538220882416,369.9754174162126,1.0,0.0393447157605,0.0,0.0013802934991,3.0,92907,0.0,30969,23810,999.0,369.9745812958866,93000,0,279000,61938,104968,185814,1111.0460889807905,6382977.310010498,6600898.175073443,2.0,-10.5,2,50,0.0015940846988814882,150,8.44,3.0,0.1541707121945583,0.0003353208692526095,100,10.5,6100,4.742653252700707e-05,0.9957671529634575,0.9957671529634575,2,0.00010623775959577893,8.44,0.0003883667388135259,0.0001709621909139617,300,8.44,300,100,100,7.191581325954135e-06,3.5527405641098186e-05,2.113444218619963e-05,7.925960380704019e-06,4.7144814480715004e-05,3.0546886639736466e-05,0.00015901953693756946,5.16063454675964e-05,1.71762352699561e-05,3.055576972609175e-05,2.313891871987648e-05,0.052154316723613016,0.006651748743232747,0.048912409565315465,0.16546490621346308,0.03326495757322409,0.01630567104337242,0.00017473820248123953,-0.00013566017150878906,108066,1.0,498.0,92.99237823486328,0.4722185730934143,91.0,93.0,-0.0585348904132843,324198,0.3952850103378296,0.29416496,0.025197675451636314,648396,651000,1953000,216132,13182.643240529187,498.0,108066,91.0,93.0,324198,0.0,3.022221650228591e-05,5.009268686442903e-05,0.00016331670148666923,2.380999799096087e-05,2.987951804677904e-05,1.7002688458337245e-05,3.4817453191119555e-05,7.762336574398431e-06,6.72655268570683e-06,2.0606546980111855e-05,4.508041012491868e-05
1,8000,False,4,cf747_00000,2025-08-17_23-26-34,1755473194,87.16370844841003,347.36080169677734,760236,intrinsic-attention2,10.156.0.3,347.36080169677734,4,87.35271223584024,1.6623498610351815e-05,87.3524837488139,2.532091015289998,84.48626545616487,0.001996238086605022,2.5033253732441567,0.0002679699973668903,8.79,2,2000,10.5,2,8000,0.00010042735284672548,1000,4.6959139007396274e-05,1.0067001111073661,1.0067001111073661,3.0,0.0015367474308004602,2.0,4000,-10.5,786.1458497951053,2000.0,3000.0,"[array([0.25803614, 0.25803614, 0.25803614], dtype=float32), array([0.27342913, 0.27342913, 0.27342913], dtype=float32), array([0.28053266, 0.28053266, 0.28053266], dtype=float32), array([0.3008994, 0.3008994, 0.3008994], dtype=float32), array([0.31500357, 0.31500357, 0.31500357], dtype=float32), array([0.32586333, 0.32586333, 0.32586333], dtype=float32), array([0.32954141, 0.32954141, 0.32954141], dtype=float32), array([0.33224723, 0.33224723, 0.33224723], dtype=float32), array([0.33702773, 0.33702773, 0.33702773], dtype=float32), array([0.33390334, 0.33390334, 0.33390334], dtype=float32), array([0.3231468, 0.3231468, 0.3231468], dtype=float32), array([0.30724663, 0.30724663, 0.30724663], dtype=float32), array([0.28649116, 0.28649116, 0.28649116], dtype=float32), array([0.26021168, 0.26021168, 0.26021168], dtype=float32), array([0.23162083, 0.23162083, 0.23162083], dtype=float32), array([0.20070773, 0.20070773, 0.20070773], dtype=float32), array([0.16623826, 0.16623826, 0.16623826], dtype=float32), array([0.13013193, 0.13013193, 0.13013193], dtype=float32), array([0.09152101, 0.09152101, 0.09152101], dtype=float32), array([0.05269367, 0.05269367, 0.05269367], dtype=float32), array([0.01100418, 0.01100418, 0.01100418], dtype=float32), array([-0.03207076, -0.03207076, -0.03207076], dtype=float32), array([-0.0753922, -0.0753922, -0.0753922], dtype=float32), array([-0.12021919, -0.12021919, -0.12021919], dtype=float32), array([-0.16493747, -0.16493747, -0.16493747], dtype=float32), array([-0.20987463, -0.20987463, -0.20987463], dtype=float32), array([-0.25440142, -0.25440142, -0.25440142], dtype=float32), array([-0.30106536, -0.30106536, -0.30106536], dtype=float32), array([-0.34739685, -0.34739685, -0.34739685], dtype=float32), array([-0.39419124, -0.39419124, -0.39419124], dtype=float32), array([-0.44197074, -0.44197074, -0.44197074], dtype=float32)]","[array([[0.3332609 , 0.3334471 , 0.333292  ],
       [0.33251256, 0.33462316, 0.33286428],
       [0.3331359 , 0.33364347, 0.33322066]], dtype=float32), array([[0.3334162 , 0.33381552, 0.33276823],
       [0.3334671 , 0.33411315, 0.3324198 ],
       [0.3333331 , 0.333332  , 0.33333486]], dtype=float32), array([[0.33322254, 0.33386213, 0.3329153 ],
       [0.3330485 , 0.33468956, 0.33226195],
       [0.3333059 , 0.33346444, 0.33322966]], dtype=float32), array([[0.3331939 , 0.33393386, 0.33287227],
       [0.33295318, 0.33496597, 0.33208075],
       [0.33329818, 0.33348498, 0.33321688]], dtype=float32), array([[0.33312675, 0.33393365, 0.33293968],
       [0.3325553 , 0.33558998, 0.3318547 ],
       [0.3332589 , 0.33354965, 0.33319145]], dtype=float32), array([[0.33320123, 0.33359516, 0.33320358],
       [0.3318675 , 0.336239  , 0.3318935 ],
       [0.33319327, 0.33361098, 0.33319578]], dtype=float32), array([[0.33313546, 0.33426416, 0.33260038],
       [0.33275408, 0.33604413, 0.33120173],
       [0.33331504, 0.33341965, 0.33326533]], dtype=float32), array([[0.3330721 , 0.3341967 , 0.3327312 ],
       [0.33231804, 0.33667684, 0.33100513],
       [0.3332996 , 0.333445  , 0.33325544]], dtype=float32), array([[0.33305416, 0.33443388, 0.33251193],
       [0.33241612, 0.33693027, 0.33065367],
       [0.3333032 , 0.33345234, 0.33324447]], dtype=float32), array([[0.33308086, 0.33479533, 0.33212388],
       [0.33266285, 0.3371787 , 0.33015853],
       [0.3333111 , 0.33346274, 0.33322617]], dtype=float32), array([[0.3330763 , 0.33475208, 0.33217165],
       [0.3326223 , 0.33722195, 0.3301558 ],
       [0.3333183 , 0.3334168 , 0.33326492]], dtype=float32), array([[0.33306083, 0.33417597, 0.33276322],
       [0.33204308, 0.33730796, 0.33064896],
       [0.333331  , 0.33334067, 0.33332837]], dtype=float32), array([[0.33312747, 0.33442694, 0.33244562],
       [0.33269498, 0.33669698, 0.33060804],
       [0.33335176, 0.33323494, 0.33341324]], dtype=float32), array([[0.33333892, 0.33332244, 0.33333865],
       [0.33124095, 0.33741704, 0.331342  ],
       [0.33330435, 0.33338982, 0.33330578]], dtype=float32), array([[0.3339522 , 0.33250195, 0.33354586],
       [0.3303842 , 0.3373089 , 0.3323069 ],
       [0.33295393, 0.33384347, 0.33320254]], dtype=float32), array([[0.33331034, 0.33340117, 0.33328858],
       [0.3323625 , 0.3361846 , 0.33145285],
       [0.33353612, 0.3327356 , 0.33372828]], dtype=float32), array([[0.33327308, 0.3334607 , 0.33326626],
       [0.33179334, 0.33658716, 0.3316195 ],
       [0.333327  , 0.33334672, 0.33332628]], dtype=float32), array([[0.3335333 , 0.33294243, 0.33352432],
       [0.33192587, 0.3360856 , 0.3319886 ],
       [0.33350897, 0.33299   , 0.3335011 ]], dtype=float32), array([[0.3333808 , 0.33321652, 0.33340263],
       [0.3324499 , 0.33550385, 0.3320463 ],
       [0.33350408, 0.33291325, 0.33358267]], dtype=float32), array([[0.3333304 , 0.33334664, 0.3333229 ],
       [0.33296865, 0.33498842, 0.3320429 ],
       [0.33349562, 0.332592  , 0.33391243]], dtype=float32), array([[0.33361027, 0.33279404, 0.3335957 ],
       [0.3319463 , 0.33603498, 0.33201873],
       [0.33358067, 0.33285168, 0.33356768]], dtype=float32), array([[0.33335593, 0.33325255, 0.33339146],
       [0.33273757, 0.335452  , 0.33181047],
       [0.3335668 , 0.33249885, 0.3339344 ]], dtype=float32), array([[0.33335808, 0.33326095, 0.3333809 ],
       [0.33243626, 0.33594796, 0.33161575],
       [0.3335736 , 0.33263057, 0.33379576]], dtype=float32), array([[0.33362335, 0.33277196, 0.3336047 ],
       [0.33146352, 0.3369538 , 0.33158273],
       [0.33357623, 0.33286327, 0.33356062]], dtype=float32), array([[0.33332458, 0.33335838, 0.33331704],
       [0.33216166, 0.33667612, 0.3311622 ],
       [0.33358243, 0.33261994, 0.33379766]], dtype=float32), array([[0.33330488, 0.3334186 , 0.33327657],
       [0.3321931 , 0.33673373, 0.3310732 ],
       [0.33357933, 0.33259642, 0.33382428]], dtype=float32), array([[0.3332503 , 0.3335699 , 0.33317977],
       [0.33213753, 0.33673054, 0.33113185],
       [0.33349445, 0.33287397, 0.3336316 ]], dtype=float32), array([[0.33342063, 0.33308375, 0.33349565],
       [0.33242476, 0.33592415, 0.33165112],
       [0.33364093, 0.3324533 , 0.33390576]], dtype=float32), array([[0.33372706, 0.33260018, 0.3336728 ],
       [0.33172458, 0.33633074, 0.33194464],
       [0.33363095, 0.33277914, 0.3335899 ]], dtype=float32), array([[0.33374166, 0.33254844, 0.33370993],
       [0.33217928, 0.3355523 , 0.33226845],
       [0.33370024, 0.33262804, 0.33367172]], dtype=float32), array([[0.3334986 , 0.33282548, 0.3336759 ],
       [0.332922  , 0.33459446, 0.33248347],
       [0.33364964, 0.3323609 , 0.33398947]], dtype=float32)]","[array([0.25803614, 0.25803614, 0.25803614], dtype=float32), array([0.27342913, 0.27342913, 0.27342913], dtype=float32), array([0.28053266, 0.28053266, 0.28053266], dtype=float32), array([0.3008994, 0.3008994, 0.3008994], dtype=float32), array([0.3150036, 0.3150036, 0.3150036], dtype=float32), array([0.3258633, 0.3258633, 0.3258633], dtype=float32), array([0.3295414, 0.3295414, 0.3295414], dtype=float32), array([0.33224723, 0.33224723, 0.33224723], dtype=float32), array([0.3370278, 0.3370278, 0.3370278], dtype=float32), array([0.3339034, 0.3339034, 0.3339034], dtype=float32), array([0.32314667, 0.32314667, 0.32314667], dtype=float32), array([0.3072466, 0.3072466, 0.3072466], dtype=float32), array([0.28649116, 0.28649116, 0.28649116], dtype=float32), array([0.2602117, 0.2602117, 0.2602117], dtype=float32), array([0.2316209, 0.2316209, 0.2316209], dtype=float32), array([0.20070775, 0.20070775, 0.20070775], dtype=float32), array([0.16623826, 0.16623826, 0.16623826], dtype=float32), array([0.13013192, 0.13013192, 0.13013192], dtype=float32), array([0.09152099, 0.09152099, 0.09152099], dtype=float32), array([0.05269365, 0.05269365, 0.05269365], dtype=float32), array([0.01100418, 0.01100418, 0.01100418], dtype=float32), array([-0.03207076, -0.03207076, -0.03207076], dtype=float32), array([-0.0753922, -0.0753922, -0.0753922], dtype=float32), array([-0.12021917, -0.12021917, -0.12021917], dtype=float32), array([-0.16493748, -0.16493748, -0.16493748], dtype=float32), array([-0.20987459, -0.20987459, -0.20987459], dtype=float32), array([-0.25440142, -0.25440142, -0.25440142], dtype=float32), array([-0.30106533, -0.30106533, -0.30106533], dtype=float32), array([-0.34739685, -0.34739685, -0.34739685], dtype=float32), array([-0.39419124, -0.39419124, -0.39419124], dtype=float32), array([-0.44197065, -0.44197065, -0.44197065], dtype=float32)]",1,0,0,0,0,0,47.83225806451612,29.295161290322593,0.00015773346559937472,0.00036246084196427125,8.79,8.79,2000,8000,8000,2000,0.32359690261514534,0.3606232702732086,0.4722185432910919,135.38829040527344,1.0,0.0013802934991,4.0,123876,0.30862024426460266,0.001042485237121582,0.3138853907585144,81158,0.01522428821772337,0.0,999.0,30969,-0.04038574546575546,369.64845684110463,1.0,0.0393447157605,0.0,0.0013802934991,4.0,123876,0.0,30969,23810,999.0,369.6476569489104,93000,0,372000,61938,104968,247752,1110.0637910328549,6390507.534120595,6616603.9490779275,2.0,-10.5,2,50,0.0015772462289896795,200,9.24,4.0,0.1539319453725509,0.0003338852105220285,100,10.5,8100,4.615554055537419e-05,1.0042789879865917,1.0042789879865917,2,0.00010290381623962583,9.24,0.00037686751175863836,0.00016476661390159268,400,9.24,400,100,100,6.821058535803744e-06,3.27620630787285e-05,2.0189858593225108e-05,7.597380214835782e-06,4.279305131375959e-05,2.871943744593684e-05,0.00015312954302324934,4.7655327040357364e-05,1.6245043573106336e-05,2.8384230799997652e-05,2.1953930061507184e-05,0.05216503129635526,0.006647420255818826,0.048892738379700255,0.16540618156124973,0.03320898851738352,0.016298865432917968,0.0001745955304344097,-0.0010894536972045898,108066,1.0,498.0,90.00023651123047,0.4722185730934143,121.0,124.0,-0.05393035337328911,432264,0.30999860167503357,0.29725432,0.01500974502414465,864528,651000,2604000,216132,13022.44168557383,498.0,108066,121.0,124.0,432264,0.0,2.986448152222708e-05,4.790757101284614e-05,0.00015789314492922966,2.2936141234788796e-05,2.922617689774665e-05,1.671049795879015e-05,3.405851632538829e-05,7.68159681965044e-06,6.476495330223678e-06,2.022299195618723e-05,4.319023045865958e-05
1,10000,False,5,cf747_00000,2025-08-17_23-28-01,1755473281,86.94144749641418,434.3022491931915,760236,intrinsic-attention2,10.156.0.3,434.3022491931915,5,87.34661859727179,1.6597563732135314e-05,87.34638798346583,2.5322031406870384,84.48014407214328,0.001996752105834476,2.503443839621722,0.0002679699973668903,9.17,2,2000,10.5,2,10000,9.54284808822984e-05,1000,4.557703514055016e-05,1.0067001111073661,1.0067001111073661,4.0,0.0014775524697324726,2.0,5000,-10.5,779.5099609186612,2000.0,3000.0,"[array([-0.4906054, -0.4906054, -0.4906054], dtype=float32), array([-0.5338312, -0.5338312, -0.5338312], dtype=float32), array([-0.5649873, -0.5649873, -0.5649873], dtype=float32), array([-0.58702, -0.58702, -0.58702], dtype=float32), array([-0.6012396, -0.6012396, -0.6012396], dtype=float32), array([-0.61039674, -0.61039674, -0.61039674], dtype=float32), array([-0.6162378, -0.6162378, -0.6162378], dtype=float32), array([-0.6154568, -0.6154568, -0.6154568], dtype=float32), array([-0.6101509, -0.6101509, -0.6101509], dtype=float32), array([-0.6038612, -0.6038612, -0.6038612], dtype=float32), array([-0.5980454, -0.5980454, -0.5980454], dtype=float32), array([-0.5868778, -0.5868778, -0.5868778], dtype=float32), array([-0.57131284, -0.57131284, -0.57131284], dtype=float32), array([-0.55397636, -0.55397636, -0.55397636], dtype=float32), array([-0.53315264, -0.53315264, -0.53315264], dtype=float32), array([-0.5127558, -0.5127558, -0.5127558], dtype=float32), array([-0.49037308, -0.49037308, -0.49037308], dtype=float32), array([-0.46400973, -0.46400973, -0.46400973], dtype=float32), array([-0.4371861, -0.4371861, -0.4371861], dtype=float32), array([-0.40910015, -0.40910015, -0.40910015], dtype=float32), array([-0.37900308, -0.37900308, -0.37900308], dtype=float32), array([-0.34676138, -0.34676138, -0.34676138], dtype=float32), array([-0.3134656, -0.3134656, -0.3134656], dtype=float32), array([-0.27784872, -0.27784872, -0.27784872], dtype=float32), array([-0.24220371, -0.24220371, -0.24220371], dtype=float32), array([-0.20594624, -0.20594624, -0.20594624], dtype=float32), array([-0.16941833, -0.16941833, -0.16941833], dtype=float32), array([-0.13505195, -0.13505195, -0.13505195], dtype=float32), array([-0.10069272, -0.10069272, -0.10069272], dtype=float32), array([-0.06669862, -0.06669862, -0.06669862], dtype=float32), array([-0.03283009, -0.03283009, -0.03283009], dtype=float32)]","[array([[0.3333799 , 0.3331018 , 0.33351827],
       [0.33310992, 0.33443913, 0.332451  ],
       [0.3335131 , 0.33243775, 0.33404908]], dtype=float32), array([[0.3336688 , 0.33253998, 0.3337912 ],
       [0.33285573, 0.33446187, 0.3326824 ],
       [0.3337566 , 0.3323323 , 0.3339111 ]], dtype=float32), array([[0.33354524, 0.3327029 , 0.33375186],
       [0.33320388, 0.3337181 , 0.3330781 ],
       [0.33362865, 0.33245456, 0.33391684]], dtype=float32), array([[0.33376318, 0.33227497, 0.33396178],
       [0.33360064, 0.3326753 , 0.33372402],
       [0.3337848 , 0.33222172, 0.33399343]], dtype=float32), array([[0.33361277, 0.33218563, 0.33420157],
       [0.3336372 , 0.332085  , 0.33427778],
       [0.33360273, 0.33222705, 0.33417025]], dtype=float32), array([[0.33372596, 0.33203998, 0.33423406],
       [0.33382264, 0.33172077, 0.33445656],
       [0.33369693, 0.33213592, 0.33416724]], dtype=float32), array([[0.33413985, 0.33176064, 0.33409947],
       [0.3345106 , 0.33103788, 0.33445153],
       [0.33414614, 0.33174843, 0.33410543]], dtype=float32), array([[0.3342433 , 0.33155796, 0.33419868],
       [0.33476847, 0.33053365, 0.33469793],
       [0.33425203, 0.33154103, 0.334207  ]], dtype=float32), array([[0.33390057, 0.33144015, 0.33465928],
       [0.33416772, 0.33054495, 0.3352874 ],
       [0.3338184 , 0.33171514, 0.33446652]], dtype=float32), array([[0.33441028, 0.33122718, 0.33436254],
       [0.33526763, 0.32955086, 0.33518156],
       [0.3344231 , 0.33120212, 0.3343748 ]], dtype=float32), array([[0.33411437, 0.33106706, 0.33481863],
       [0.33461228, 0.32961664, 0.33577102],
       [0.33399954, 0.33140078, 0.33459964]], dtype=float32), array([[0.33433384, 0.3309611 , 0.33470505],
       [0.33527792, 0.32871827, 0.33600375],
       [0.3342302 , 0.33120704, 0.33456275]], dtype=float32), array([[0.33422917, 0.3305889 , 0.3351819 ],
       [0.33491674, 0.32847032, 0.33661294],
       [0.33404952, 0.3311407 , 0.33480978]], dtype=float32), array([[0.33429408, 0.33092585, 0.33478007],
       [0.33531073, 0.32837108, 0.3363182 ],
       [0.33414766, 0.3312932 , 0.33455917]], dtype=float32), array([[0.33441564, 0.33088377, 0.33470058],
       [0.33553562, 0.32834527, 0.33611915],
       [0.33432555, 0.33108783, 0.33458662]], dtype=float32), array([[0.33391684, 0.33119404, 0.33488905],
       [0.33433917, 0.32963535, 0.3360255 ],
       [0.3337661 , 0.33174837, 0.33448553]], dtype=float32), array([[0.3336747 , 0.3317229 , 0.33460245],
       [0.3338611 , 0.33083686, 0.33530205],
       [0.33358604, 0.3321426 , 0.3342714 ]], dtype=float32), array([[0.33367005, 0.33156466, 0.3347653 ],
       [0.33381778, 0.33078152, 0.33540067],
       [0.33359316, 0.33197045, 0.3344364 ]], dtype=float32), array([[0.33371043, 0.33188942, 0.33440015],
       [0.3339282 , 0.33105168, 0.3350201 ],
       [0.333628  , 0.3322058 , 0.33416623]], dtype=float32), array([[0.33338085, 0.33196306, 0.33465606],
       [0.3333985 , 0.33142662, 0.3351749 ],
       [0.33336458, 0.3324439 , 0.33419153]], dtype=float32), array([[0.333799  , 0.3316717 , 0.3345293 ],
       [0.33410084, 0.3305895 , 0.33530965],
       [0.33369547, 0.332042  , 0.33426255]], dtype=float32), array([[0.3337656 , 0.33132586, 0.33490855],
       [0.33402622, 0.33010423, 0.33586958],
       [0.33364338, 0.33189577, 0.33446082]], dtype=float32), array([[0.3346716 , 0.33013505, 0.33519343],
       [0.33579934, 0.32743275, 0.33676794],
       [0.33454236, 0.33044422, 0.33501342]], dtype=float32), array([[0.33336833, 0.32976395, 0.3368677 ],
       [0.33337605, 0.32808852, 0.3385354 ],
       [0.33335564, 0.33137622, 0.33526817]], dtype=float32), array([[0.33472764, 0.32856035, 0.33671203],
       [0.33580887, 0.32480836, 0.33938277],
       [0.33437997, 0.32975724, 0.3358628 ]], dtype=float32), array([[0.33375114, 0.32818052, 0.33806828],
       [0.3339841 , 0.32502455, 0.3409913 ],
       [0.33356085, 0.33059853, 0.3358406 ]], dtype=float32), array([[0.33598304, 0.32677507, 0.3372419 ],
       [0.33914688, 0.31888255, 0.34197056],
       [0.3355521 , 0.3278448 , 0.33660308]], dtype=float32), array([[0.33610666, 0.32498723, 0.33890614],
       [0.33894968, 0.31626093, 0.34478936],
       [0.33539066, 0.32715714, 0.33745226]], dtype=float32), array([[0.3365612 , 0.32381475, 0.339624  ],
       [0.34005204, 0.3132932 , 0.34665477],
       [0.3357216 , 0.32630923, 0.33796915]], dtype=float32), array([[0.3376187 , 0.32433262, 0.33804867],
       [0.3452438 , 0.30827042, 0.34648576],
       [0.33737314, 0.3248489 , 0.33777797]], dtype=float32), array([[0.33807412, 0.32336342, 0.33856252],
       [0.34678543, 0.30498055, 0.34823403],
       [0.33778617, 0.3239696 , 0.33824426]], dtype=float32)]","[array([-0.4906054, -0.4906054, -0.4906054], dtype=float32), array([-0.53383124, -0.53383124, -0.53383124], dtype=float32), array([-0.56498736, -0.56498736, -0.56498736], dtype=float32), array([-0.58702004, -0.58702004, -0.58702004], dtype=float32), array([-0.6012397, -0.6012397, -0.6012397], dtype=float32), array([-0.61039674, -0.61039674, -0.61039674], dtype=float32), array([-0.6162378, -0.6162378, -0.6162378], dtype=float32), array([-0.6154569, -0.6154569, -0.6154569], dtype=float32), array([-0.61015093, -0.61015093, -0.61015093], dtype=float32), array([-0.6038613, -0.6038613, -0.6038613], dtype=float32), array([-0.59804547, -0.59804547, -0.59804547], dtype=float32), array([-0.5868778, -0.5868778, -0.5868778], dtype=float32), array([-0.57131284, -0.57131284, -0.57131284], dtype=float32), array([-0.55397636, -0.55397636, -0.55397636], dtype=float32), array([-0.5331526, -0.5331526, -0.5331526], dtype=float32), array([-0.51275575, -0.51275575, -0.51275575], dtype=float32), array([-0.4903731, -0.4903731, -0.4903731], dtype=float32), array([-0.46400973, -0.46400973, -0.46400973], dtype=float32), array([-0.43718603, -0.43718603, -0.43718603], dtype=float32), array([-0.40910023, -0.40910023, -0.40910023], dtype=float32), array([-0.37900308, -0.37900308, -0.37900308], dtype=float32), array([-0.34676147, -0.34676147, -0.34676147], dtype=float32), array([-0.3134656, -0.3134656, -0.3134656], dtype=float32), array([-0.27784872, -0.27784872, -0.27784872], dtype=float32), array([-0.24220371, -0.24220371, -0.24220371], dtype=float32), array([-0.20594628, -0.20594628, -0.20594628], dtype=float32), array([-0.16941833, -0.16941833, -0.16941833], dtype=float32), array([-0.13505194, -0.13505194, -0.13505194], dtype=float32), array([-0.1006927, -0.1006927, -0.1006927], dtype=float32), array([-0.06669863, -0.06669863, -0.06669863], dtype=float32), array([-0.03283009, -0.03283009, -0.03283009], dtype=float32)]",1,0,0,0,0,0,47.8848,29.300000000000015,0.00015647301803947483,0.0003508799660252054,9.17,9.17,2000,10000,10000,2000,0.323528546698975,0.1803116351366043,0.4722185432910919,109.29724884033203,1.0,0.0013802934991,5.0,154845,0.283480703830719,0.0014404654502868652,0.3175323009490967,81158,0.004862544126808643,0.0,999.0,30969,-0.03303680941462517,369.34984982599354,1.0,0.0393447157605,0.0,0.0013802934991,5.0,154845,0.0,30969,23810,999.0,369.34908546931297,93000,0,465000,61938,104968,309690,1109.1666540191716,6392070.938533463,6625746.693709106,2.0,-10.5,2,50,0.0019180573790799826,250,9.44,5.0,0.15422072219890356,0.00033257422833984847,100,10.5,10100,5.780608608829759e-05,1.006163949065147,1.006163949065147,2,0.00013875642941081382,9.44,0.0004831160600020074,0.00021160298988923997,500,9.44,500,100,100,6.858641030282349e-06,3.282731758041836e-05,1.9847470291290362e-05,7.506868213460935e-06,4.173539605310608e-05,2.8175972041557486e-05,0.000145865603827903,4.633690558629135e-05,1.5611782198358625e-05,2.7861591602430876e-05,2.1432037727561514e-05,0.052177793403339036,0.006643853143292878,0.04886287980591754,0.16539785078568098,0.03318037521222088,0.016286250648571803,0.00017453867515691712,0.000770866870880127,108066,1.0,498.0,91.90910339355469,0.4722185730934143,151.0,155.0,-0.03795723617076874,540330,0.2730802893638611,0.31163555,0.004759605973958969,1080660,651000,3255000,216132,12870.2946362199,498.0,108066,151.0,155.0,540330,0.0,3.82353158432392e-05,6.295963240188844e-05,0.00019846359441861474,2.8455297583092263e-05,3.772238605682556e-05,2.2120995014623543e-05,4.3371026793598246e-05,9.499510132038715e-06,8.297369178195633e-06,2.5181238023702248e-05,5.655001148143387e-05
1,12000,False,6,cf747_00000,2025-08-17_23-29-28,1755473368,87.41290044784546,521.715149641037,760236,intrinsic-attention2,10.156.0.3,521.715149641037,6,87.34562086770906,1.6554588158281733e-05,87.34538893578117,2.5324511222600465,84.47901485278172,0.001995616304857056,2.503693509325527,0.0002679699973668903,9.61,2,2000,10.5,2,12000,9.94086597524072e-05,1000,4.642648846154127e-05,1.0067001111073661,1.0067001111073661,5.0,0.0015208888609777205,2.0,6000,-10.5,771.6297646681535,2000.0,3000.0,"[array([0.00116223, 0.00116223, 0.00116223], dtype=float32), array([0.03236583, 0.03236583, 0.03236583], dtype=float32), array([0.06410944, 0.06410944, 0.06410944], dtype=float32), array([0.09193654, 0.09193654, 0.09193654], dtype=float32), array([0.11719834, 0.11719834, 0.11719834], dtype=float32), array([0.14106943, 0.14106943, 0.14106943], dtype=float32), array([0.16837786, 0.16837786, 0.16837786], dtype=float32), array([0.19307773, 0.19307773, 0.19307773], dtype=float32), array([0.22107174, 0.22107174, 0.22107174], dtype=float32), array([0.24822423, 0.24822423, 0.24822423], dtype=float32), array([0.27060893, 0.27060893, 0.27060893], dtype=float32), array([0.29593968, 0.29593968, 0.29593968], dtype=float32), array([0.31843656, 0.31843656, 0.31843656], dtype=float32), array([0.34265316, 0.34265316, 0.34265316], dtype=float32), array([0.36526483, 0.36526483, 0.36526483], dtype=float32), array([0.38687804, 0.38687804, 0.38687804], dtype=float32), array([0.40967077, 0.40967077, 0.40967077], dtype=float32), array([0.43654343, 0.43654343, 0.43654343], dtype=float32), array([0.4584795, 0.4584795, 0.4584795], dtype=float32), array([0.4779525, 0.4779525, 0.4779525], dtype=float32), array([0.50040823, 0.50040823, 0.50040823], dtype=float32), array([0.52390873, 0.52390873, 0.52390873], dtype=float32), array([0.54823834, 0.54823834, 0.54823834], dtype=float32), array([0.57136106, 0.57136106, 0.57136106], dtype=float32), array([0.5956163, 0.5956163, 0.5956163], dtype=float32), array([0.6161928, 0.6161928, 0.6161928], dtype=float32), array([0.63952935, 0.63952935, 0.63952935], dtype=float32), array([0.6647944, 0.6647944, 0.6647944], dtype=float32), array([0.6892288, 0.6892288, 0.6892288], dtype=float32), array([0.70978445, 0.70978445, 0.70978445], dtype=float32), array([0.73517406, 0.73517406, 0.73517406], dtype=float32)]","[array([[0.33832768, 0.32418308, 0.33748925],
       [0.35115632, 0.30082914, 0.34801453],
       [0.3390838 , 0.32280055, 0.33811566]], dtype=float32), array([[0.3371892 , 0.32261723, 0.34019363],
       [0.3435045 , 0.304599  , 0.35189646],
       [0.335872  , 0.3263004 , 0.33782753]], dtype=float32), array([[0.33714336, 0.3217511 , 0.3411056 ],
       [0.3427726 , 0.30401558, 0.3532118 ],
       [0.33567002, 0.32626674, 0.33806318]], dtype=float32), array([[0.33955693, 0.32050085, 0.3399422 ],
       [0.35126275, 0.29629904, 0.35243818],
       [0.3393217 , 0.32098633, 0.33969194]], dtype=float32), array([[0.33887023, 0.3231826 , 0.33794713],
       [0.35430962, 0.29509032, 0.3506001 ],
       [0.3397746 , 0.32152832, 0.33869705]], dtype=float32), array([[0.33889514, 0.32314035, 0.33796442],
       [0.35453662, 0.2946932 , 0.35077018],
       [0.33981514, 0.3214582 , 0.33872667]], dtype=float32), array([[0.33876014, 0.32337612, 0.3378638 ],
       [0.35417286, 0.2953054 , 0.35052174],
       [0.33965448, 0.32173872, 0.33860686]], dtype=float32), array([[0.33860213, 0.31916142, 0.3422365 ],
       [0.34600165, 0.29868704, 0.3553113 ],
       [0.3372103 , 0.3229355 , 0.3398542 ]], dtype=float32), array([[0.33690938, 0.32381096, 0.33927962],
       [0.34317333, 0.30678502, 0.3500417 ],
       [0.33576575, 0.326871  , 0.33736327]], dtype=float32), array([[0.3364495 , 0.3247798 , 0.33877072],
       [0.34145987, 0.3107562 , 0.34778398],
       [0.33544576, 0.32754835, 0.33700594]], dtype=float32), array([[0.33688048, 0.32577297, 0.3373465 ],
       [0.34330532, 0.31203485, 0.34465984],
       [0.3366119 , 0.3263461 , 0.33704203]], dtype=float32), array([[0.33553186, 0.32856882, 0.33589923],
       [0.33813226, 0.32292244, 0.33894533],
       [0.33539543, 0.3288649 , 0.33573973]], dtype=float32), array([[0.33421683, 0.33142543, 0.33435774],
       [0.33252686, 0.3350738 , 0.33239937],
       [0.33430144, 0.3312426 , 0.3344559 ]], dtype=float32), array([[0.33339483, 0.3331718 , 0.3334334 ],
       [0.3310198 , 0.33938545, 0.32959473],
       [0.33380115, 0.3321034 , 0.3340955 ]], dtype=float32), array([[0.33334786, 0.33330643, 0.33334574],
       [0.32606512, 0.34684545, 0.3270894 ],
       [0.33298078, 0.33398739, 0.33303183]], dtype=float32), array([[0.33156496, 0.33683416, 0.33160093],
       [0.32126576, 0.35723382, 0.3215004 ],
       [0.33149505, 0.33697253, 0.33153242]], dtype=float32), array([[0.33053002, 0.34052506, 0.32894495],
       [0.32214084, 0.36168015, 0.31617898],
       [0.33184227, 0.33716673, 0.33099103]], dtype=float32), array([[0.33101085, 0.33829734, 0.33069184],
       [0.31483006, 0.37268284, 0.312487  ],
       [0.33170694, 0.33681035, 0.33148274]], dtype=float32), array([[0.3283495 , 0.34603193, 0.32561854],
       [0.3148506 , 0.3795272 , 0.3056222 ],
       [0.3304026 , 0.34082457, 0.3287728 ]], dtype=float32), array([[0.32929096, 0.34357828, 0.32713073],
       [0.31495795, 0.37898847, 0.30605358],
       [0.33140755, 0.33822966, 0.33036277]], dtype=float32), array([[0.3391786 , 0.3231068 , 0.3377147 ],
       [0.31971717, 0.35737768, 0.3229052 ],
       [0.33746916, 0.32609138, 0.33643946]], dtype=float32), array([[0.33187202, 0.33672008, 0.33140793],
       [0.3228904 , 0.35736442, 0.3197452 ],
       [0.33271864, 0.3347589 , 0.33252242]], dtype=float32), array([[0.3319335 , 0.33688527, 0.33118123],
       [0.326586  , 0.35031968, 0.32309434],
       [0.33273676, 0.33484888, 0.33241433]], dtype=float32), array([[0.33269006, 0.33470577, 0.3326042 ],
       [0.32770213, 0.3453286 , 0.32696927],
       [0.33290118, 0.33425543, 0.33284342]], dtype=float32), array([[0.33308464, 0.33390918, 0.3330062 ],
       [0.33064032, 0.3395564 , 0.32980335],
       [0.33331588, 0.3333737 , 0.3333104 ]], dtype=float32), array([[0.33368656, 0.33274946, 0.33356395],
       [0.3315954 , 0.3362099 , 0.33219478],
       [0.3334136 , 0.33320063, 0.33338577]], dtype=float32), array([[0.3334197 , 0.33317244, 0.33340788],
       [0.3325393 , 0.33481297, 0.3326478 ],
       [0.33337757, 0.33325088, 0.33337152]], dtype=float32), array([[0.33341074, 0.33313468, 0.33345455],
       [0.3332272 , 0.3336056 , 0.3331672 ],
       [0.33343986, 0.33306   , 0.33350015]], dtype=float32), array([[0.33357066, 0.33289158, 0.3335378 ],
       [0.33388665, 0.3323035 , 0.3338099 ],
       [0.33358592, 0.3328631 , 0.33355093]], dtype=float32), array([[0.33357722, 0.33281234, 0.33361045],
       [0.33415157, 0.33158502, 0.33426335],
       [0.33355224, 0.33286563, 0.33358207]], dtype=float32), array([[0.33373755, 0.33229467, 0.3339678 ],
       [0.33444262, 0.33047947, 0.33507785],
       [0.333625  , 0.33258405, 0.333791  ]], dtype=float32)]","[array([0.00116223, 0.00116223, 0.00116223], dtype=float32), array([0.03236583, 0.03236583, 0.03236583], dtype=float32), array([0.06410944, 0.06410944, 0.06410944], dtype=float32), array([0.09193653, 0.09193653, 0.09193653], dtype=float32), array([0.11719835, 0.11719835, 0.11719835], dtype=float32), array([0.14106943, 0.14106943, 0.14106943], dtype=float32), array([0.16837786, 0.16837786, 0.16837786], dtype=float32), array([0.1930777, 0.1930777, 0.1930777], dtype=float32), array([0.22107176, 0.22107176, 0.22107176], dtype=float32), array([0.2482242, 0.2482242, 0.2482242], dtype=float32), array([0.27060896, 0.27060896, 0.27060896], dtype=float32), array([0.29593965, 0.29593965, 0.29593965], dtype=float32), array([0.3184365, 0.3184365, 0.3184365], dtype=float32), array([0.3426531, 0.3426531, 0.3426531], dtype=float32), array([0.36526477, 0.36526477, 0.36526477], dtype=float32), array([0.3868781, 0.3868781, 0.3868781], dtype=float32), array([0.40967062, 0.40967062, 0.40967062], dtype=float32), array([0.43654346, 0.43654346, 0.43654346], dtype=float32), array([0.45847955, 0.45847955, 0.45847955], dtype=float32), array([0.47795257, 0.47795257, 0.47795257], dtype=float32), array([0.5004084, 0.5004084, 0.5004084], dtype=float32), array([0.5239088, 0.5239088, 0.5239088], dtype=float32), array([0.5482384, 0.5482384, 0.5482384], dtype=float32), array([0.57136106, 0.57136106, 0.57136106], dtype=float32), array([0.5956162, 0.5956162, 0.5956162], dtype=float32), array([0.6161928, 0.6161928, 0.6161928], dtype=float32), array([0.6395293, 0.6395293, 0.6395293], dtype=float32), array([0.6647944, 0.6647944, 0.6647944], dtype=float32), array([0.6892287, 0.6892287, 0.6892287], dtype=float32), array([0.7097842, 0.7097842, 0.7097842], dtype=float32), array([0.7351741, 0.7351741, 0.7351741], dtype=float32)]",1,0,0,0,0,0,47.624193548387105,29.06290322580646,0.00015864748428569443,0.0003616586259027011,9.61,9.61,2000,12000,12000,2000,0.3234311389819629,0.09015581756830215,0.4722185432910919,111.34016418457031,1.0,0.0013802934991,6.0,185814,0.24667911231517792,-0.0071070194244384766,0.31985074281692505,81158,0.0031699640676379204,0.0,999.0,30969,-0.029587186872959137,369.0248089853375,1.0,0.0393447157605,0.0,0.0013802934991,6.0,185814,0.0,30969,23810,999.0,369.0240785374358,93000,0,558000,61938,104968,371628,1108.1901575764648,6394721.811767924,6634494.799903703,2.0,-9.5,2,50,0.0020400733793212566,300,9.44,6.0,0.15416664052686402,0.0003312008961499587,100,10.5,12100,5.031626169461125e-05,1.0065813770648688,1.0065813770648688,2,0.00011549783922442792,9.44,0.0004166873901912156,0.0001838295258683703,600,9.44,600,100,100,7.044667696985026e-06,3.259074494726914e-05,1.998547848912117e-05,7.541154493214421e-06,4.3297141778198254e-05,2.8179673569434758e-05,0.00015369459222956732,4.724949161856187e-05,1.583810397349449e-05,2.8409280143286575e-05,2.1798734992663493e-05,0.05218293367924933,0.006642035321750682,0.04884408305786124,0.1653733706877173,0.03312441247010551,0.016282189302082157,0.00017451738840766842,-0.00044548511505126953,108066,1.0,498.0,97.45177459716797,0.4722185730934143,181.0,186.0,-0.017893409356474876,648396,0.23754343390464783,0.33169734,0.004441064782440662,1296792,651000,3906000,216132,12724.700937044663,498.0,108066,181.0,186.0,648396,0.0,3.368620035242909e-05,5.335038983829629e-05,0.00016995845286594285,2.490976064736961e-05,3.3416516106570844e-05,1.892030925375596e-05,3.820407034800411e-05,8.412714842620803e-06,7.353353234567535e-06,2.269221395335036e-05,4.758197699675658e-05
1,14000,False,7,cf747_00000,2025-08-17_23-30-55,1755473455,86.86991310119629,608.5850627422333,760236,intrinsic-attention2,10.156.0.3,608.5850627422333,7,87.33938969837193,1.6515132293846278e-05,87.33915676104331,2.532049670307523,84.47332687093399,0.001993964141776824,2.503297157812311,0.0002679699973668903,9.81,2,2000,10.5,2,14000,9.587923117566578e-05,1000,4.553744416474781e-05,1.0067001111073661,1.0067001111073661,6.0,0.0014906166803848465,2.0,7000,-9.5,762.6460292746649,2000.0,3000.0,"[array([0.7641242, 0.7641242, 0.7641242], dtype=float32), array([0.78678215, 0.78678215, 0.78678215], dtype=float32), array([0.8126716, 0.8126716, 0.8126716], dtype=float32), array([0.84332454, 0.84332454, 0.84332454], dtype=float32), array([0.8666098, 0.8666098, 0.8666098], dtype=float32), array([0.88903797, 0.88903797, 0.88903797], dtype=float32), array([0.9051752, 0.9051752, 0.9051752], dtype=float32), array([0.9172813, 0.9172813, 0.9172813], dtype=float32), array([0.9308862, 0.9308862, 0.9308862], dtype=float32), array([0.9380835, 0.9380835, 0.9380835], dtype=float32), array([0.9472935, 0.9472935, 0.9472935], dtype=float32), array([0.95480144, 0.95480144, 0.95480144], dtype=float32), array([0.96652436, 0.96652436, 0.96652436], dtype=float32), array([0.9822042, 0.9822042, 0.9822042], dtype=float32), array([1.0034094, 1.0034094, 1.0034094], dtype=float32), array([1.0090016, 1.0090016, 1.0090016], dtype=float32), array([1.0261134, 1.0261134, 1.0261134], dtype=float32), array([1.026085, 1.026085, 1.026085], dtype=float32), array([1.0263107, 1.0263107, 1.0263107], dtype=float32), array([1.028202, 1.028202, 1.028202], dtype=float32), array([1.0273105, 1.0273105, 1.0273105], dtype=float32), array([1.0314634, 1.0314634, 1.0314634], dtype=float32), array([1.0481527, 1.0481527, 1.0481527], dtype=float32), array([1.0607623, 1.0607623, 1.0607623], dtype=float32), array([1.0791304, 1.0791304, 1.0791304], dtype=float32), array([1.0946094, 1.0946094, 1.0946094], dtype=float32), array([1.1211842, 1.1211842, 1.1211842], dtype=float32), array([1.1469516, 1.1469516, 1.1469516], dtype=float32), array([1.1768148, 1.1768148, 1.1768148], dtype=float32), array([1.2153524, 1.2153524, 1.2153524], dtype=float32), array([1.2470168, 1.2470168, 1.2470168], dtype=float32)]","[array([[0.33391932, 0.3318245 , 0.33425623],
       [0.33503735, 0.3289372 , 0.3360254 ],
       [0.33373925, 0.33228835, 0.33397236]], dtype=float32), array([[0.33415046, 0.33143133, 0.33441824],
       [0.3358512 , 0.32746392, 0.3366849 ],
       [0.3339829 , 0.33182156, 0.33419555]], dtype=float32), array([[0.33379006, 0.33235446, 0.33385548],
       [0.33560407, 0.32846346, 0.33593246],
       [0.33370724, 0.33253196, 0.3337608 ]], dtype=float32), array([[0.3338028 , 0.33212265, 0.33407456],
       [0.33474648, 0.3296832 , 0.33557037],
       [0.33365   , 0.33251694, 0.3338331 ]], dtype=float32), array([[0.33355007, 0.33277473, 0.33367518],
       [0.33412376, 0.3312944 , 0.3345819 ],
       [0.33345744, 0.3330136 , 0.333529  ]], dtype=float32), array([[0.33343023, 0.33301142, 0.33355835],
       [0.33360842, 0.33241853, 0.333973  ],
       [0.33337566, 0.33319277, 0.3334316 ]], dtype=float32), array([[0.33331504, 0.33338043, 0.33330452],
       [0.33326524, 0.33350873, 0.33322608],
       [0.33332306, 0.33335978, 0.33331716]], dtype=float32), array([[0.33315068, 0.3336573 , 0.33319202],
       [0.33227563, 0.33521023, 0.33251414],
       [0.33307934, 0.33378386, 0.33313677]], dtype=float32), array([[0.33304   , 0.33408725, 0.33287278],
       [0.3322144 , 0.33620512, 0.3315804 ],
       [0.3331716 , 0.33374906, 0.3330793 ]], dtype=float32), array([[0.33251274, 0.33543646, 0.3320508 ],
       [0.33077568, 0.33987015, 0.32935417],
       [0.33278665, 0.33473507, 0.3324783 ]], dtype=float32), array([[0.33228427, 0.3360158 , 0.33169997],
       [0.32918677, 0.34388503, 0.3269282 ],
       [0.33276662, 0.33478352, 0.33244985]], dtype=float32), array([[0.3285337 , 0.34537572, 0.32609066],
       [0.31330106, 0.38260776, 0.30409116],
       [0.33069983, 0.33996123, 0.3293389 ]], dtype=float32), array([[0.3171211 , 0.36654028, 0.3163386 ],
       [0.2637991 , 0.4750355 , 0.2611654 ],
       [0.31798634, 0.364771  , 0.31724265]], dtype=float32), array([[0.3060385 , 0.39098325, 0.30297822],
       [0.21641406, 0.57568693, 0.20789903],
       [0.30950984, 0.38369682, 0.30679333]], dtype=float32), array([[0.29892147, 0.40576866, 0.29530984],
       [0.18711916, 0.63463444, 0.17824638],
       [0.30319202, 0.3968449 , 0.2999631 ]], dtype=float32), array([[0.30706152, 0.40966874, 0.2832697 ],
       [0.2355347 , 0.5815507 , 0.18291461],
       [0.32350302, 0.36333278, 0.31316426]], dtype=float32), array([[0.32080615, 0.36402005, 0.3151738 ],
       [0.27343604, 0.47337317, 0.25319088],
       [0.32678694, 0.34948787, 0.32372516]], dtype=float32), array([[0.32669625, 0.34986567, 0.3234381 ],
       [0.30235675, 0.40828335, 0.28935978],
       [0.33001545, 0.34163544, 0.3283491 ]], dtype=float32), array([[0.33085963, 0.33966228, 0.32947809],
       [0.32148734, 0.36321747, 0.31529516],
       [0.33230284, 0.335976  , 0.3317212 ]], dtype=float32), array([[0.33304593, 0.33385986, 0.3330942 ],
       [0.33002275, 0.3394044 , 0.3305728 ],
       [0.33286682, 0.33418798, 0.33294514]], dtype=float32), array([[0.33343023, 0.3331298 , 0.33343998],
       [0.33360502, 0.33276266, 0.33363238],
       [0.33342457, 0.3331417 , 0.33343375]], dtype=float32), array([[0.33195686, 0.3362243 , 0.3318189 ],
       [0.32866123, 0.34313834, 0.32820046],
       [0.33206347, 0.33600038, 0.33193612]], dtype=float32), array([[0.32842368, 0.34361228, 0.32796407],
       [0.3156782 , 0.37019765, 0.31412414],
       [0.3288105 , 0.34280318, 0.3283863 ]], dtype=float32), array([[0.32682616, 0.3538386 , 0.31933525],
       [0.313212  , 0.3938389 , 0.29294914],
       [0.33047047, 0.34248754, 0.32704192]], dtype=float32), array([[0.31783223, 0.36579895, 0.3163689 ],
       [0.27488214, 0.45474124, 0.2703766 ],
       [0.3191752 , 0.36299482, 0.31782994]], dtype=float32), array([[0.31501707, 0.36690527, 0.31807765],
       [0.24074844, 0.50686514, 0.25238642],
       [0.3104248 , 0.37538746, 0.31418777]], dtype=float32), array([[0.2922461 , 0.43177047, 0.27598345],
       [0.2037053 , 0.6234163 , 0.17287837],
       [0.3042293 , 0.40393296, 0.29183775]], dtype=float32), array([[0.29895267, 0.41628462, 0.2847627 ],
       [0.18404439, 0.6635073 , 0.15244828],
       [0.3141511 , 0.38040465, 0.30544424]], dtype=float32), array([[0.26656154, 0.513732  , 0.21970649],
       [0.11901347, 0.8134324 , 0.06755414],
       [0.30795655, 0.40873244, 0.283311  ]], dtype=float32), array([[0.20929855, 0.5861726 , 0.20452885],
       [0.02173326, 0.95829964, 0.01996716],
       [0.21684301, 0.5709627 , 0.21219425]], dtype=float32), array([[0.20365742, 0.57871896, 0.21762362],
       [0.00510762, 0.98775685, 0.00713556],
       [0.17235342, 0.6403118 , 0.18733479]], dtype=float32)]","[array([0.7641243, 0.7641243, 0.7641243], dtype=float32), array([0.786782, 0.786782, 0.786782], dtype=float32), array([0.81267166, 0.81267166, 0.81267166], dtype=float32), array([0.84332454, 0.84332454, 0.84332454], dtype=float32), array([0.86661, 0.86661, 0.86661], dtype=float32), array([0.889038, 0.889038, 0.889038], dtype=float32), array([0.9051754, 0.9051754, 0.9051754], dtype=float32), array([0.91728157, 0.91728157, 0.91728157], dtype=float32), array([0.9308861, 0.9308861, 0.9308861], dtype=float32), array([0.9380834, 0.9380834, 0.9380834], dtype=float32), array([0.9472937, 0.9472937, 0.9472937], dtype=float32), array([0.95480144, 0.95480144, 0.95480144], dtype=float32), array([0.9665246, 0.9665246, 0.9665246], dtype=float32), array([0.982204, 0.982204, 0.982204], dtype=float32), array([1.0034093, 1.0034093, 1.0034093], dtype=float32), array([1.0090014, 1.0090014, 1.0090014], dtype=float32), array([1.0261134, 1.0261134, 1.0261134], dtype=float32), array([1.0260849, 1.0260849, 1.0260849], dtype=float32), array([1.0263106, 1.0263106, 1.0263106], dtype=float32), array([1.028202, 1.028202, 1.028202], dtype=float32), array([1.0273105, 1.0273105, 1.0273105], dtype=float32), array([1.0314631, 1.0314631, 1.0314631], dtype=float32), array([1.0481524, 1.0481524, 1.0481524], dtype=float32), array([1.0607622, 1.0607622, 1.0607622], dtype=float32), array([1.0791305, 1.0791305, 1.0791305], dtype=float32), array([1.0946096, 1.0946096, 1.0946096], dtype=float32), array([1.1211842, 1.1211842, 1.1211842], dtype=float32), array([1.1469517, 1.1469517, 1.1469517], dtype=float32), array([1.1768147, 1.1768147, 1.1768147], dtype=float32), array([1.2153524, 1.2153524, 1.2153524], dtype=float32), array([1.2470168, 1.2470168, 1.2470168], dtype=float32)]",1,0,0,0,0,0,43.476,28.002399999999998,0.00015738704256325174,0.0003509720371429468,9.81,9.81,2000,14000,14000,2000,0.3233052322720948,0.04507790878415108,0.4722185432910919,111.79369354248047,1.0,0.0013802934991,7.0,216783,0.22762320935726166,-0.0013207197189331055,0.326616495847702,81158,0.005822400562465191,0.0,999.0,30969,-0.022801095619797707,368.70228433819545,1.0,0.0393447157605,0.0,0.0013802934991,7.0,216783,0.0,30969,23810,999.0,368.7015864233543,93000,0,651000,61938,104968,433566,1107.2212128064796,6395035.09069372,6640794.439898475,2.0,-9.5,2,50,0.0017174864804837852,350,9.84,7.0,0.1539457316416021,0.00032953878726606846,100,10.5,14100,4.737328160090511e-05,1.0066738172414504,1.0066738172414504,2,0.00010661407227714276,9.84,0.0003860647646099611,0.00016790185447939097,700,9.84,700,100,100,6.757778783048422e-06,3.270882368614581e-05,1.9974588992240917e-05,7.483375522009431e-06,4.248302836297174e-05,2.7948453734954205e-05,0.00014658144872229626,4.619744227322163e-05,1.5681165430798737e-05,2.761558935587595e-05,2.1575119849034095e-05,0.05219133692251535,0.006658269338586381,0.04881927335725177,0.16531820204081607,0.03306722724536307,0.0162675852390534,0.00017454799448869254,0.0026926398277282715,108066,1.0,498.0,102.2620849609375,0.4722185730934143,211.0,217.0,-0.01831626519560814,756462,0.26255232095718384,0.33112976,0.003753464901819825,1512924,651000,4557000,216132,12586.857950520378,498.0,108066,211.0,217.0,756462,0.0,3.0752479552313305e-05,4.911462069291914e-05,0.0001597650502000757,2.3414162128900508e-05,3.061708741330357e-05,1.7597364059432873e-05,3.476852363481288e-05,7.884284935716665e-06,6.8905175752607754e-06,2.0676053359243886e-05,4.411971598485821e-05
1,16000,False,8,cf747_00000,2025-08-17_23-32-21,1755473541,85.96975421905518,694.5548169612885,760236,intrinsic-attention2,10.156.0.3,694.5548169612885,8,87.32395106200829,1.6473081006033207e-05,87.32371700891292,2.5319477342644436,84.45779809268461,0.001991352480381002,2.5031955857642205,0.0002679699973668903,10.0,2,2000,10.5,2,16000,9.847684942135217e-05,1000,4.639479397634063e-05,1.0067001111073661,1.0067001111073661,7.0,0.0015121563716093077,2.0,8000,9.5,752.6891053422478,2000.0,3000.0,"[array([1.3085272, 1.3085272, 1.3085272], dtype=float32), array([1.3751107, 1.3751107, 1.3751107], dtype=float32), array([1.4376665, 1.4376665, 1.4376665], dtype=float32), array([1.493536, 1.493536, 1.493536], dtype=float32), array([1.5460477, 1.5460477, 1.5460477], dtype=float32), array([1.5922517, 1.5922517, 1.5922517], dtype=float32), array([1.633509, 1.633509, 1.633509], dtype=float32), array([1.6650966, 1.6650966, 1.6650966], dtype=float32), array([1.6944762, 1.6944762, 1.6944762], dtype=float32), array([1.7191806, 1.7191806, 1.7191806], dtype=float32), array([1.7418199, 1.7418199, 1.7418199], dtype=float32), array([1.7536999, 1.7536999, 1.7536999], dtype=float32), array([1.766251, 1.766251, 1.766251], dtype=float32), array([1.7690511, 1.7690511, 1.7690511], dtype=float32), array([1.7713647, 1.7713647, 1.7713647], dtype=float32), array([1.7669373, 1.7669373, 1.7669373], dtype=float32), array([1.7634966, 1.7634966, 1.7634966], dtype=float32), array([1.753109, 1.753109, 1.753109], dtype=float32), array([1.7451003, 1.7451003, 1.7451003], dtype=float32), array([1.7204009, 1.7204009, 1.7204009], dtype=float32), array([1.6947573, 1.6947573, 1.6947573], dtype=float32), array([1.6675178, 1.6675178, 1.6675178], dtype=float32), array([1.6425778, 1.6425778, 1.6425778], dtype=float32), array([1.6188717, 1.6188717, 1.6188717], dtype=float32), array([1.5985432, 1.5985432, 1.5985432], dtype=float32), array([1.5823083, 1.5823083, 1.5823083], dtype=float32), array([1.5685023, 1.5685023, 1.5685023], dtype=float32), array([1.555842, 1.555842, 1.555842], dtype=float32), array([1.543364, 1.543364, 1.543364], dtype=float32), array([1.5321915, 1.5321915, 1.5321915], dtype=float32), array([1.5233347, 1.5233347, 1.5233347], dtype=float32)]","[array([[0.14444213, 0.71768266, 0.13787512],
       [0.00262835, 0.9951593 , 0.00221234],
       [0.1577423 , 0.69113636, 0.15112129]], dtype=float32), array([[0.22365871, 0.58080554, 0.19553578],
       [0.01714964, 0.973139  , 0.00971133],
       [0.27690068, 0.4657493 , 0.25735006]], dtype=float32), array([[0.25755945, 0.5040915 , 0.23834898],
       [0.03623825, 0.9388727 , 0.02488904],
       [0.29322156, 0.425925  , 0.28085345]], dtype=float32), array([[0.26428384, 0.47864565, 0.25707048],
       [0.04933356, 0.9075926 , 0.04307388],
       [0.27752432, 0.45116407, 0.2713116 ]], dtype=float32), array([[0.2712197 , 0.4768202 , 0.25196007],
       [0.04938345, 0.91689205, 0.03372453],
       [0.30680093, 0.39650083, 0.29669818]], dtype=float32), array([[0.28122357, 0.45432276, 0.26445365],
       [0.06242159, 0.89319664, 0.04438181],
       [0.3128756 , 0.38217026, 0.3049541 ]], dtype=float32), array([[0.28735065, 0.44037318, 0.27227613],
       [0.07021381, 0.8787472 , 0.05103893],
       [0.31691086, 0.3725868 , 0.3105024 ]], dtype=float32), array([[0.28806156, 0.43912455, 0.27281383],
       [0.03840453, 0.93615794, 0.02543744],
       [0.32702088, 0.34864858, 0.3243306 ]], dtype=float32), array([[0.2763038 , 0.44921252, 0.27448362],
       [0.00761052, 0.98526615, 0.00712344],
       [0.28360352, 0.43443298, 0.28196347]], dtype=float32), array([[0.27580038, 0.45016196, 0.27403766],
       [0.00181552, 0.99651283, 0.00167166],
       [0.2851327 , 0.4312745 , 0.28359282]], dtype=float32), array([[2.0598182e-01, 6.0282981e-01, 1.9118840e-01],
       [4.7179233e-04, 9.9925083e-01, 2.7728124e-04],
       [2.6238409e-01, 4.8622820e-01, 2.5138775e-01]], dtype=float32), array([[2.2869860e-01, 5.4501694e-01, 2.2628440e-01],
       [5.5832457e-05, 9.9989462e-01, 4.9535058e-05],
       [2.4226870e-01, 5.1770037e-01, 2.4003096e-01]], dtype=float32), array([[1.0403388e-01, 8.2359701e-01, 7.2369069e-02],
       [5.1351712e-05, 9.9993956e-01, 9.0804069e-06],
       [2.5661156e-01, 5.1640248e-01, 2.2698599e-01]], dtype=float32), array([[7.4739769e-02, 8.7646800e-01, 4.8792176e-02],
       [8.0333775e-06, 9.9999094e-01, 1.0527806e-06],
       [2.3717631e-01, 5.5833721e-01, 2.0448650e-01]], dtype=float32), array([[1.3592222e-01, 7.5345963e-01, 1.1061812e-01],
       [1.4302049e-06, 9.9999833e-01, 2.8338789e-07],
       [3.0173072e-01, 4.0722680e-01, 2.9104251e-01]], dtype=float32), array([[6.9045633e-02, 8.8018322e-01, 5.0771151e-02],
       [2.5792099e-07, 9.9999976e-01, 4.1276131e-08],
       [2.1466433e-01, 5.9556365e-01, 1.8977202e-01]], dtype=float32), array([[8.7121874e-02, 8.3997017e-01, 7.2907962e-02],
       [3.7393590e-08, 1.0000000e+00, 9.7504778e-09],
       [2.0319864e-01, 6.1043274e-01, 1.8636857e-01]], dtype=float32), array([[6.3837208e-02, 8.8439912e-01, 5.1763657e-02],
       [3.0011065e-09, 1.0000000e+00, 6.2738259e-10],
       [1.8264361e-01, 6.5234697e-01, 1.6500941e-01]], dtype=float32), array([[8.3627008e-02, 8.3472592e-01, 8.1647068e-02],
       [2.1485917e-11, 1.0000000e+00, 1.6636251e-11],
       [1.0106449e-01, 8.0002534e-01, 9.8910227e-02]], dtype=float32), array([[1.7544298e-01, 6.4448208e-01, 1.8007495e-01],
       [8.6854298e-13, 1.0000000e+00, 1.5147905e-12],
       [1.2078335e-01, 7.5392109e-01, 1.2529553e-01]], dtype=float32), array([[2.4257530e-02, 9.5498890e-01, 2.0753561e-02],
       [2.0719099e-13, 1.0000000e+00, 5.9928665e-14],
       [6.5765120e-02, 8.7531716e-01, 5.8917806e-02]], dtype=float32), array([[2.3812279e-03, 9.9670166e-01, 9.1716787e-04],
       [5.7306427e-13, 1.0000000e+00, 6.6599405e-15],
       [6.9934055e-02, 8.8322532e-01, 4.6840608e-02]], dtype=float32), array([[2.9264104e-03, 9.9562174e-01, 1.4518739e-03],
       [3.7575286e-14, 1.0000000e+00, 9.1355457e-16],
       [5.4391138e-02, 9.0682948e-01, 3.8779400e-02]], dtype=float32), array([[6.6978242e-03, 9.8962140e-01, 3.6806748e-03],
       [2.7064722e-14, 1.0000000e+00, 6.4033086e-16],
       [1.2251335e-01, 7.7933824e-01, 9.8148450e-02]], dtype=float32), array([[2.1834729e-02, 9.5711863e-01, 2.1046622e-02],
       [6.1426545e-17, 1.0000000e+00, 4.2727842e-17],
       [2.9762093e-02, 9.4145894e-01, 2.8779011e-02]], dtype=float32), array([[1.4997886e-01, 6.9646913e-01, 1.5355203e-01],
       [3.1256780e-17, 1.0000000e+00, 5.5979243e-17],
       [9.8465316e-02, 7.9985535e-01, 1.0167931e-01]], dtype=float32), array([[1.3735603e-01, 7.0491987e-01, 1.5772407e-01],
       [2.7989831e-20, 1.0000000e+00, 1.2591306e-18],
       [4.9111233e-03, 9.8739922e-01, 7.6897074e-03]], dtype=float32), array([[1.6865400e-03, 9.9791533e-01, 3.9821496e-04],
       [2.8862773e-14, 1.0000000e+00, 2.5031837e-17],
       [2.4923012e-01, 5.4166597e-01, 2.0910387e-01]], dtype=float32), array([[8.56299140e-03, 9.85871255e-01, 5.56571456e-03],
       [1.02814791e-16, 1.00000000e+00, 3.63708296e-18],
       [1.23264425e-01, 7.72386014e-01, 1.04349531e-01]], dtype=float32), array([[8.9970306e-03, 9.8598909e-01, 5.0138975e-03],
       [3.7370834e-16, 1.0000000e+00, 4.4877212e-18],
       [2.3473878e-01, 5.5433631e-01, 2.1092495e-01]], dtype=float32), array([[1.10242059e-02, 9.78356540e-01, 1.06191495e-02],
       [1.25550391e-19, 1.00000000e+00, 8.73142516e-20],
       [1.51426131e-02, 9.70231414e-01, 1.46259405e-02]], dtype=float32)]","[array([1.3085274, 1.3085274, 1.3085274], dtype=float32), array([1.375111, 1.375111, 1.375111], dtype=float32), array([1.4376667, 1.4376667, 1.4376667], dtype=float32), array([1.493536, 1.493536, 1.493536], dtype=float32), array([1.5460478, 1.5460478, 1.5460478], dtype=float32), array([1.5922518, 1.5922518, 1.5922518], dtype=float32), array([1.6335093, 1.6335093, 1.6335093], dtype=float32), array([nan, nan, nan], dtype=float32), array([1.6944761, 1.6944761, 1.6944761], dtype=float32), array([1.7191802, 1.7191802, 1.7191802], dtype=float32), array([1.7418202, 1.7418202, 1.7418202], dtype=float32), array([1.7536995, 1.7536995, 1.7536995], dtype=float32), array([1.7662514, 1.7662514, 1.7662514], dtype=float32), array([1.7690512, 1.7690512, 1.7690512], dtype=float32), array([1.771365, 1.771365, 1.771365], dtype=float32), array([1.7669373, 1.7669373, 1.7669373], dtype=float32), array([1.7634965, 1.7634965, 1.7634965], dtype=float32), array([1.753109, 1.753109, 1.753109], dtype=float32), array([1.7451001, 1.7451001, 1.7451001], dtype=float32), array([1.7204008, 1.7204008, 1.7204008], dtype=float32), array([1.6947572, 1.6947572, 1.6947572], dtype=float32), array([1.6675177, 1.6675177, 1.6675177], dtype=float32), array([1.6425773, 1.6425773, 1.6425773], dtype=float32), array([1.6188717, 1.6188717, 1.6188717], dtype=float32), array([1.5985432, 1.5985432, 1.5985432], dtype=float32), array([1.5823084, 1.5823084, 1.5823084], dtype=float32), array([nan, nan, nan], dtype=float32), array([nan, nan, nan], dtype=float32), array([1.5433644, 1.5433644, 1.5433644], dtype=float32), array([1.5321913, 1.5321913, 1.5321913], dtype=float32), array([1.523335, 1.523335, 1.523335], dtype=float32)]",1,0,0,0,0,0,43.497540983606555,28.000819672131147,0.00015962189909884866,0.0003577442759739484,10.0,10.0,2000,16000,16000,2000,0.3235151944993675,0.02253895439207554,0.4722185432910919,116.84302520751953,1.0,0.0013802934991,8.0,247752,0.20690780878067017,0.006630063056945801,0.3485695421695709,81158,0.0030987460631877184,0.0,999.0,30969,-0.0004913828452117741,368.6028047473117,1.0,0.0393447157605,0.0,0.0013802934991,8.0,247752,0.0,30969,23810,999.0,368.60213668096,93000,0,744000,61938,104968,495504,1106.9221136451858,6400825.972841847,6654237.071200732,2.0,9.5,2,50,0.0017671195199363864,400,10.04,8.0,0.15398215558510941,0.0003283515893401468,100,10.5,16100,5.047170062562217e-05,1.0066942882837675,1.0066942882837675,2,0.00011420150628250175,10.04,0.00041230292276375736,0.00018190885678009017,800,10.04,800,100,100,6.971311812416413e-06,3.349133889914115e-05,2.0003438428796622e-05,7.524893280364934e-06,4.263227637356638e-05,2.8579102729407895e-05,0.0001494021190506727,4.71461608275145e-05,1.5998939505671253e-05,2.8382350084985703e-05,2.1939051922607077e-05,0.05217952496332663,0.006653766535249579,0.048794206813685986,0.1656345859404158,0.033003102662880486,0.016264185436625365,0.00017441737448265995,0.0008485317230224609,108066,1.0,498.0,104.69253540039062,0.4722185730934143,241.0,248.0,-0.02048400603234768,864528,0.1993163675069809,0.32896665,0.003237887052819133,1729056,651000,5208000,216132,12460.335612913452,498.0,108066,241.0,248.0,864528,0.0,3.3091214451696905e-05,5.290865463672135e-05,0.00016937734049271466,2.4712753072695413e-05,3.2460956106440416e-05,1.8528805091037903e-05,3.81119439715534e-05,8.371035798145666e-06,7.232058412866736e-06,2.1946021445808054e-05,4.730088432724429e-05
1,18000,False,9,cf747_00000,2025-08-17_23-33-47,1755473627,86.2736701965332,780.8284871578217,760236,intrinsic-attention2,10.156.0.3,780.8284871578217,9,87.31200301518821,1.6452160225812972e-05,87.31176745700371,2.5317446370317747,84.44578956832783,0.0019893714956448964,2.502999330246478,0.0002679699973668903,9.67,2,2000,10.5,2,18000,0.0001012852916333724,1000,4.703464303304406e-05,1.0067001111073661,1.0067001111073661,8.0,0.001536407719104318,2.0,9000,-10.5,741.8793902865343,2000.0,3000.0,"[array([1.5150121, 1.5150121, 1.5150121], dtype=float32), array([1.5076232, 1.5076232, 1.5076232], dtype=float32), array([1.5004388, 1.5004388, 1.5004388], dtype=float32), array([1.4916655, 1.4916655, 1.4916655], dtype=float32), array([1.4810773, 1.4810773, 1.4810773], dtype=float32), array([1.474031, 1.474031, 1.474031], dtype=float32), array([1.4673715, 1.4673715, 1.4673715], dtype=float32), array([1.4613158, 1.4613158, 1.4613158], dtype=float32), array([1.454857, 1.454857, 1.454857], dtype=float32), array([1.4493659, 1.4493659, 1.4493659], dtype=float32), array([1.4487151, 1.4487151, 1.4487151], dtype=float32), array([1.454905, 1.454905, 1.454905], dtype=float32), array([1.4609432, 1.4609432, 1.4609432], dtype=float32), array([1.4652945, 1.4652945, 1.4652945], dtype=float32), array([1.4688423, 1.4688423, 1.4688423], dtype=float32), array([1.4720232, 1.4720232, 1.4720232], dtype=float32), array([1.4758449, 1.4758449, 1.4758449], dtype=float32), array([1.488247, 1.488247, 1.488247], dtype=float32), array([1.4996238, 1.4996238, 1.4996238], dtype=float32), array([1.5093284, 1.5093284, 1.5093284], dtype=float32), array([1.5175704, 1.5175704, 1.5175704], dtype=float32), array([1.5250049, 1.5250049, 1.5250049], dtype=float32), array([1.5370673, 1.5370673, 1.5370673], dtype=float32), array([1.5519809, 1.5519809, 1.5519809], dtype=float32), array([1.5655668, 1.5655668, 1.5655668], dtype=float32), array([1.5764117, 1.5764117, 1.5764117], dtype=float32), array([1.585129, 1.585129, 1.585129], dtype=float32), array([1.5930551, 1.5930551, 1.5930551], dtype=float32), array([1.6007829, 1.6007829, 1.6007829], dtype=float32), array([1.6167848, 1.6167848, 1.6167848], dtype=float32), array([1.6313878, 1.6313878, 1.6313878], dtype=float32)]","[array([[7.2592818e-03, 9.8812985e-01, 4.6107857e-03],
       [1.4518795e-17, 1.0000000e+00, 4.0413917e-19],
       [1.2798668e-01, 7.6349181e-01, 1.0852153e-01]], dtype=float32), array([[4.6992949e-03, 9.9127895e-01, 4.0218052e-03],
       [7.7892994e-20, 1.0000000e+00, 2.1657928e-20],
       [1.4201257e-02, 9.7324085e-01, 1.2557959e-02]], dtype=float32), array([[2.3226041e-04, 9.9969733e-01, 7.0451475e-05],
       [4.0689134e-18, 1.0000000e+00, 1.3492932e-20],
       [2.0562308e-02, 9.6756339e-01, 1.1874295e-02]], dtype=float32), array([[6.8326634e-03, 9.8887187e-01, 4.2953789e-03],
       [4.2168857e-18, 1.0000000e+00, 1.0088527e-19],
       [1.3585865e-01, 7.4827665e-01, 1.1586471e-01]], dtype=float32), array([[2.0431596e-04, 9.9973398e-01, 6.1678511e-05],
       [1.8413706e-18, 1.0000000e+00, 5.8187325e-21],
       [1.8941646e-02, 9.7018373e-01, 1.0874675e-02]], dtype=float32), array([[1.8342285e-01, 6.3058323e-01, 1.8599403e-01],
       [7.5259257e-20, 1.0000000e+00, 1.2363362e-19],
       [1.3176787e-01, 7.3388845e-01, 1.3434364e-01]], dtype=float32), array([[9.4170868e-03, 9.8143977e-01, 9.1431309e-03],
       [1.6756007e-20, 1.0000000e+00, 1.2546415e-20],
       [1.2143763e-02, 9.7604638e-01, 1.1809964e-02]], dtype=float32), array([[6.0310783e-03, 9.9061334e-01, 3.3555573e-03],
       [2.8149850e-17, 1.0000000e+00, 3.5262288e-19],
       [1.7990449e-01, 6.6529787e-01, 1.5479761e-01]], dtype=float32), array([[5.0818030e-04, 9.9927801e-01, 2.1377314e-04],
       [3.6828343e-18, 1.0000000e+00, 3.7637720e-20],
       [2.0236684e-02, 9.6674925e-01, 1.3014108e-02]], dtype=float32), array([[1.4056312e-02, 9.7650528e-01, 9.4383517e-03],
       [4.9813475e-17, 1.0000000e+00, 1.4664400e-18],
       [2.0216550e-01, 6.1574692e-01, 1.8208757e-01]], dtype=float32), array([[6.5424660e-04, 9.9905938e-01, 2.8640771e-04],
       [1.0709205e-17, 1.0000000e+00, 1.3108322e-19],
       [2.2546930e-02, 9.6268326e-01, 1.4769780e-02]], dtype=float32), array([[3.0276835e-01, 3.9343077e-01, 3.0380094e-01],
       [4.5657389e-17, 1.0000000e+00, 7.4456664e-17],
       [2.4262120e-01, 5.1238859e-01, 2.4499023e-01]], dtype=float32), array([[1.8088516e-02, 9.6488643e-01, 1.7025061e-02],
       [7.2586919e-17, 1.0000000e+00, 4.1205552e-17],
       [2.9307412e-02, 9.4289494e-01, 2.7797699e-02]], dtype=float32), array([[3.0222342e-03, 9.9534816e-01, 1.6295881e-03],
       [9.6010024e-15, 1.0000000e+00, 3.0814847e-16],
       [4.6877652e-02, 9.1898197e-01, 3.4140471e-02]], dtype=float32), array([[3.0632714e-02, 9.3990868e-01, 2.9458646e-02],
       [2.1137963e-15, 1.0000000e+00, 1.4373163e-15],
       [4.2264361e-02, 9.1692996e-01, 4.0805623e-02]], dtype=float32), array([[6.9922656e-02, 8.7852019e-01, 5.1557187e-02],
       [3.7152581e-12, 1.0000000e+00, 1.5627490e-13],
       [3.6262730e-01, 2.5991014e-01, 3.7746257e-01]], dtype=float32), array([[4.1136917e-01, 1.8318297e-01, 4.0544784e-01],
       [2.3775280e-13, 1.0000000e+00, 4.0028395e-13],
       [3.6287475e-01, 2.7602527e-01, 3.6109999e-01]], dtype=float32), array([[1.0879136e-01, 8.0231124e-01, 8.8897385e-02],
       [1.1823967e-11, 1.0000000e+00, 9.2965371e-13],
       [3.6431482e-01, 2.5851658e-01, 3.7716854e-01]], dtype=float32), array([[1.2320940e-01, 7.7427948e-01, 1.0251116e-01],
       [2.2674182e-11, 1.0000000e+00, 1.9518824e-12],
       [3.7116545e-01, 2.4133267e-01, 3.8750187e-01]], dtype=float32), array([[8.4007464e-02, 8.5548598e-01, 6.0506586e-02],
       [1.0919652e-10, 1.0000000e+00, 4.2620915e-12],
       [3.7885308e-01, 2.0907162e-01, 4.1207531e-01]], dtype=float32), array([[1.7930830e-01, 6.5999705e-01, 1.6069467e-01],
       [4.9666479e-11, 1.0000000e+00, 6.7521834e-12],
       [3.8334721e-01, 2.1404918e-01, 4.0260360e-01]], dtype=float32), array([[4.2000434e-01, 1.6357249e-01, 4.1642323e-01],
       [9.0039200e-12, 1.0000000e+00, 1.1343055e-11],
       [4.0185130e-01, 1.9885628e-01, 3.9929241e-01]], dtype=float32), array([[2.0209876e-01, 6.1364657e-01, 1.8425463e-01],
       [1.2077665e-10, 1.0000000e+00, 1.8052245e-11],
       [3.9099652e-01, 1.9463496e-01, 4.1436857e-01]], dtype=float32), array([[2.1205166e-01, 5.9321833e-01, 1.9472995e-01],
       [1.7699109e-10, 1.0000000e+00, 2.7550602e-11],
       [3.9401796e-01, 1.8684308e-01, 4.1913903e-01]], dtype=float32), array([[1.4537912e-02, 9.7626764e-01, 9.1945454e-03],
       [2.6135930e-11, 1.0000000e+00, 1.8397193e-12],
       [1.0779024e-01, 8.0562383e-01, 8.6585976e-02]], dtype=float32), array([[2.0101103e-01, 6.1832803e-01, 1.8066089e-01],
       [4.3418250e-10, 1.0000000e+00, 5.6018398e-11],
       [3.9646000e-01, 1.7507029e-01, 4.2846969e-01]], dtype=float32), array([[2.3564161e-01, 5.4433042e-01, 2.2002794e-01],
       [4.3554943e-10, 1.0000000e+00, 7.4561912e-11],
       [4.0057713e-01, 1.6964881e-01, 4.2977408e-01]], dtype=float32), array([[2.1494639e-01, 5.8957469e-01, 1.9547889e-01],
       [7.0551032e-10, 1.0000000e+00, 9.7152890e-11],
       [3.9975768e-01, 1.6603039e-01, 4.3421194e-01]], dtype=float32), array([[1.0247253e-01, 7.9461735e-01, 1.0291010e-01],
       [5.2238470e-12, 1.0000000e+00, 5.5139157e-12],
       [9.8477513e-02, 8.0261427e-01, 9.8908275e-02]], dtype=float32), array([[2.3074807e-01, 5.2848154e-01, 2.4077033e-01],
       [1.5477902e-12, 1.0000000e+00, 6.2468338e-12],
       [9.1097638e-02, 8.0701649e-01, 1.0188589e-01]], dtype=float32), array([[2.3060018e-02, 9.6065778e-01, 1.6282124e-02],
       [6.4250771e-11, 1.0000000e+00, 7.1906240e-12],
       [1.1846145e-01, 7.8220868e-01, 9.9329852e-02]], dtype=float32)]","[array([1.5150121, 1.5150121, 1.5150121], dtype=float32), array([nan, nan, nan], dtype=float32), array([1.5004389, 1.5004389, 1.5004389], dtype=float32), array([1.4916655, 1.4916655, 1.4916655], dtype=float32), array([1.4810776, 1.4810776, 1.4810776], dtype=float32), array([nan, nan, nan], dtype=float32), array([1.4673716, 1.4673716, 1.4673716], dtype=float32), array([1.461316, 1.461316, 1.461316], dtype=float32), array([1.4548571, 1.4548571, 1.4548571], dtype=float32), array([1.4493661, 1.4493661, 1.4493661], dtype=float32), array([1.4487149, 1.4487149, 1.4487149], dtype=float32), array([1.4549054, 1.4549054, 1.4549054], dtype=float32), array([1.4609432, 1.4609432, 1.4609432], dtype=float32), array([nan, nan, nan], dtype=float32), array([1.4688425, 1.4688425, 1.4688425], dtype=float32), array([1.4720235, 1.4720235, 1.4720235], dtype=float32), array([1.4758446, 1.4758446, 1.4758446], dtype=float32), array([1.4882472, 1.4882472, 1.4882472], dtype=float32), array([1.4996237, 1.4996237, 1.4996237], dtype=float32), array([1.5093282, 1.5093282, 1.5093282], dtype=float32), array([1.5175701, 1.5175701, 1.5175701], dtype=float32), array([nan, nan, nan], dtype=float32), array([1.537067, 1.537067, 1.537067], dtype=float32), array([1.5519806, 1.5519806, 1.5519806], dtype=float32), array([nan, nan, nan], dtype=float32), array([1.5764116, 1.5764116, 1.5764116], dtype=float32), array([1.585129, 1.585129, 1.585129], dtype=float32), array([1.5930549, 1.5930549, 1.5930549], dtype=float32), array([1.6007832, 1.6007832, 1.6007832], dtype=float32), array([1.6167843, 1.6167843, 1.6167843], dtype=float32), array([1.6313877, 1.6313877, 1.6313877], dtype=float32)]",1,0,0,0,0,0,43.55934959349594,28.030894308943086,0.00016087643258872822,0.0003669310139958569,9.67,9.67,2000,18000,18000,2000,0.32379870781428155,0.01126947719603777,0.4722185432910919,101.44206237792969,1.0,0.0013802934991,9.0,278721,0.22453077137470245,0.00031071901321411133,0.3349050283432007,81158,0.0012813390931114554,0.0,999.0,30969,-0.014020747505128384,368.4160580879463,1.0,0.0393447157605,0.0,0.0013802934991,9.0,278721,0.0,30969,23810,999.0,368.4154175904275,93000,0,837000,61938,104968,557442,1106.3609761881762,6394758.946588041,6653894.734627543,2.0,9.5,2,50,0.001750490809645271,450,10.04,9.0,0.15373986501923587,0.0003265872734604629,100,10.5,18100,4.656837172402074e-05,1.0066988216326744,1.0066988216326744,2,0.00010403350772057053,10.04,0.0003811800036540628,0.00016795033415018679,900,10.04,900,100,100,6.895897803005663e-06,3.35550916917044e-05,2.0179093769920805e-05,7.70512465460843e-06,4.348378493768178e-05,2.9204151539509772e-05,0.00015423799086859504,4.79732156172872e-05,1.621683203946024e-05,2.8794871122337983e-05,2.3090389035137883e-05,0.05217260769371536,0.006653521619876849,0.04904681644554978,0.1657359895809685,0.032951208356259434,0.01625014192227893,0.00017426529071285326,-0.007145524024963379,108066,1.0,498.0,105.17953491210938,0.4722185730934143,271.0,279.0,-0.023078199476003647,972594,0.22836138308048248,0.32618788,0.00233624130487442,1945188,651000,5859000,216132,12339.937509934407,498.0,108066,271.0,279.0,972594,0.0,3.0165292655048294e-05,4.857567205529718e-05,0.00015835647190788602,2.2943770119058382e-05,2.9880265384376047e-05,1.7107317775726117e-05,3.524060648492386e-05,7.856735213268762e-06,6.720632300171622e-06,2.0594103577893234e-05,4.3670655635286486e-05
1,20000,False,10,cf747_00000,2025-08-17_23-35-14,1755473714,86.32614374160767,867.1546308994293,760236,intrinsic-attention2,10.156.0.3,867.1546308994293,10,87.30032053663629,1.639887855673081e-05,87.30008397681365,2.5319674690015064,84.43388720154452,0.0019869531806338443,2.503220311584089,0.0002679699973668903,10.06,2,2000,10.5,2,20000,9.887018178145373e-05,1000,4.671780494938899e-05,1.0067001111073661,1.0067001111073661,9.0,0.0015265360497869552,2.0,10000,9.5,730.3268215248058,2000.0,3000.0,"[array([1.6456856, 1.6456856, 1.6456856], dtype=float32), array([1.6581366, 1.6581366, 1.6581366], dtype=float32), array([1.6691748, 1.6691748, 1.6691748], dtype=float32), array([1.6789439, 1.6789439, 1.6789439], dtype=float32), array([1.6880491, 1.6880491, 1.6880491], dtype=float32), array([1.694891, 1.694891, 1.694891], dtype=float32), array([1.6976656, 1.6976656, 1.6976656], dtype=float32), array([1.6980939, 1.6980939, 1.6980939], dtype=float32), array([1.6983771, 1.6983771, 1.6983771], dtype=float32), array([1.6984826, 1.6984826, 1.6984826], dtype=float32), array([1.6989892, 1.6989892, 1.6989892], dtype=float32), array([1.6982642, 1.6982642, 1.6982642], dtype=float32), array([1.6970028, 1.6970028, 1.6970028], dtype=float32), array([1.6953661, 1.6953661, 1.6953661], dtype=float32), array([1.6912171, 1.6912171, 1.6912171], dtype=float32), array([1.6870933, 1.6870933, 1.6870933], dtype=float32), array([1.6812001, 1.6812001, 1.6812001], dtype=float32), array([1.6743585, 1.6743585, 1.6743585], dtype=float32), array([1.6718289, 1.6718289, 1.6718289], dtype=float32), array([1.6677148, 1.6677148, 1.6677148], dtype=float32), array([1.6678834, 1.6678834, 1.6678834], dtype=float32), array([1.667095, 1.667095, 1.667095], dtype=float32), array([1.6659793, 1.6659793, 1.6659793], dtype=float32), array([1.6624602, 1.6624602, 1.6624602], dtype=float32), array([1.6590236, 1.6590236, 1.6590236], dtype=float32), array([1.6559776, 1.6559776, 1.6559776], dtype=float32), array([1.651419, 1.651419, 1.651419], dtype=float32), array([1.646385, 1.646385, 1.646385], dtype=float32), array([1.6405374, 1.6405374, 1.6405374], dtype=float32), array([1.6349033, 1.6349033, 1.6349033], dtype=float32), array([1.6287534, 1.6287534, 1.6287534], dtype=float32)]","[array([[4.4591016e-01, 1.1586000e-01, 4.3822983e-01],
       [1.3816245e-10, 1.0000000e+00, 1.8513692e-10],
       [4.2717117e-01, 1.5133390e-01, 4.2149487e-01]], dtype=float32), array([[5.72319865e-01, 1.12676015e-02, 4.16412532e-01],
       [3.75097731e-10, 1.00000000e+00, 2.17436869e-09],
       [4.95645046e-01, 7.77440146e-02, 4.26611036e-01]], dtype=float32), array([[4.1707177e-02, 9.4058180e-01, 1.7710974e-02],
       [2.8795393e-08, 1.0000000e+00, 2.4350971e-10],
       [3.7102503e-01, 1.6662891e-01, 4.6234611e-01]], dtype=float32), array([[1.32895693e-01, 7.31130898e-01, 1.35973319e-01],
       [9.48024298e-12, 1.00000000e+00, 1.33300480e-11],
       [1.04295984e-01, 7.88536191e-01, 1.07167780e-01]], dtype=float32), array([[2.6342509e-02, 9.5474333e-01, 1.8914120e-02],
       [1.2266668e-10, 1.0000000e+00, 1.4935069e-11],
       [1.2513165e-01, 7.6903939e-01, 1.0582890e-01]], dtype=float32), array([[4.4909087e-01, 1.1036207e-01, 4.4054705e-01],
       [2.5317093e-10, 1.0000000e+00, 3.4257422e-10],
       [4.3024108e-01, 1.4584109e-01, 4.2391783e-01]], dtype=float32), array([[2.6784456e-01, 4.7638541e-01, 2.5577000e-01],
       [1.7889041e-09, 1.0000000e+00, 3.5632208e-10],
       [4.0755343e-01, 1.5119916e-01, 4.4124743e-01]], dtype=float32), array([[2.4321862e-01, 5.3040314e-01, 2.2637819e-01],
       [2.2402733e-09, 1.0000000e+00, 3.5831693e-10],
       [4.0497628e-01, 1.5176377e-01, 4.4325995e-01]], dtype=float32), array([[2.70466506e-02, 9.53466177e-01, 1.94871556e-02],
       [1.37866302e-10, 1.00000000e+00, 1.70662772e-11],
       [1.26518384e-01, 7.66286194e-01, 1.07195355e-01]], dtype=float32), array([[2.2957781e-02, 9.6149671e-01, 1.5545527e-02],
       [1.7725865e-10, 1.0000000e+00, 1.7007784e-11],
       [1.2878570e-01, 7.6427597e-01, 1.0693831e-01]], dtype=float32), array([[2.23056242e-01, 5.44646919e-01, 2.32296839e-01],
       [5.33408647e-12, 1.00000000e+00, 1.73638222e-11],
       [1.02784015e-01, 7.84480631e-01, 1.12735391e-01]], dtype=float32), array([[2.7071748e-02, 9.5341778e-01, 1.9510418e-02],
       [1.3735318e-10, 1.0000000e+00, 1.7015962e-11],
       [1.2656182e-01, 7.6619184e-01, 1.0724627e-01]], dtype=float32), array([[2.7081650e-02, 9.5339870e-01, 1.9519594e-02],
       [1.3759599e-10, 1.0000000e+00, 1.7056320e-11],
       [1.2655063e-01, 7.6620990e-01, 1.0723942e-01]], dtype=float32), array([[4.4954276e-01, 1.0961977e-01, 4.4083744e-01],
       [2.6176752e-10, 1.0000000e+00, 3.5537934e-10],
       [4.3054217e-01, 1.4534572e-01, 4.2411211e-01]], dtype=float32), array([[2.3137050e-02, 9.6119517e-01, 1.5667796e-02],
       [1.9118036e-10, 1.0000000e+00, 1.8401520e-11],
       [1.2927574e-01, 7.6336348e-01, 1.0736082e-01]], dtype=float32), array([[2.7648222e-02, 9.5237094e-01, 1.9980893e-02],
       [1.5583640e-10, 1.0000000e+00, 1.9620923e-11],
       [1.2739459e-01, 7.6452738e-01, 1.0807799e-01]], dtype=float32), array([[4.5976397e-02, 9.3407142e-01, 1.9952143e-02],
       [4.7126427e-08, 1.0000000e+00, 4.3876625e-10],
       [3.7109631e-01, 1.6175054e-01, 4.6715313e-01]], dtype=float32), array([[2.4148451e-02, 9.5941681e-01, 1.6434683e-02],
       [2.4663638e-10, 1.0000000e+00, 2.4429021e-11],
       [1.3132557e-01, 7.5935405e-01, 1.0932028e-01]], dtype=float32), array([[2.4525765e-02, 9.5876360e-01, 1.6710613e-02],
       [2.7461794e-10, 1.0000000e+00, 2.7417818e-11],
       [1.3225225e-01, 7.5757676e-01, 1.1017100e-01]], dtype=float32), array([[4.5001534e-01, 1.0909751e-01, 4.4088718e-01],
       [4.4507778e-10, 1.0000000e+00, 6.0768002e-10],
       [4.3061107e-01, 1.4548267e-01, 4.2390624e-01]], dtype=float32), array([[4.6703675e-01, 8.5828483e-02, 4.4713470e-01],
       [3.8568040e-10, 1.0000000e+00, 6.7331951e-10],
       [4.3338889e-01, 1.4523280e-01, 4.2137820e-01]], dtype=float32), array([[2.5132334e-01, 5.1314712e-01, 2.3552954e-01],
       [4.2742689e-09, 1.0000000e+00, 7.4114187e-10],
       [4.0480533e-01, 1.5292628e-01, 4.4226840e-01]], dtype=float32), array([[1.50283352e-01, 7.31708348e-01, 1.18008256e-01],
       [1.33237643e-08, 1.00000000e+00, 8.35087721e-10],
       [3.93093020e-01, 1.52765930e-01, 4.54141140e-01]], dtype=float32), array([[2.8161559e-01, 4.4647190e-01, 2.7191252e-01],
       [3.8289825e-09, 1.0000000e+00, 8.7635876e-10],
       [4.0764555e-01, 1.5319559e-01, 4.3915883e-01]], dtype=float32), array([[4.4611044e-02, 9.3759465e-01, 1.7794179e-02],
       [1.2047795e-07, 9.9999988e-01, 9.8324948e-10],
       [3.6763361e-01, 1.5809125e-01, 4.7427520e-01]], dtype=float32), array([[4.4932035e-01, 1.1079833e-01, 4.3988124e-01],
       [7.3597622e-10, 1.0000000e+00, 1.0124356e-09],
       [4.2908248e-01, 1.4867657e-01, 4.2224097e-01]], dtype=float32), array([[4.4931257e-01, 1.1086904e-01, 4.3981844e-01],
       [7.9116408e-10, 1.0000000e+00, 1.0893675e-09],
       [4.2898712e-01, 1.4889805e-01, 4.2211488e-01]], dtype=float32), array([[2.8635243e-01, 4.3613553e-01, 2.7751204e-01],
       [5.0324114e-09, 1.0000000e+00, 1.2113500e-09],
       [4.0759102e-01, 1.5419047e-01, 4.3821853e-01]], dtype=float32), array([[3.41910906e-02, 9.40435767e-01, 2.53730826e-02],
       [5.11271081e-10, 1.00000000e+00, 7.45555145e-11],
       [1.37665629e-01, 7.44063139e-01, 1.18271165e-01]], dtype=float32), array([[2.84279864e-02, 9.51985180e-01, 1.95867736e-02],
       [7.56095520e-10, 1.00000000e+00, 8.14396189e-11],
       [1.41361907e-01, 7.40045488e-01, 1.18592605e-01]], dtype=float32), array([[2.7927268e-01, 4.3334949e-01, 2.8737777e-01],
       [1.6718796e-11, 1.0000000e+00, 8.4128704e-11],
       [1.0278545e-01, 7.7992976e-01, 1.1728476e-01]], dtype=float32)]","[array([nan, nan, nan], dtype=float32), array([1.6581368, 1.6581368, 1.6581368], dtype=float32), array([nan, nan, nan], dtype=float32), array([1.678944, 1.678944, 1.678944], dtype=float32), array([nan, nan, nan], dtype=float32), array([nan, nan, nan], dtype=float32), array([nan, nan, nan], dtype=float32), array([1.698094, 1.698094, 1.698094], dtype=float32), array([nan, nan, nan], dtype=float32), array([nan, nan, nan], dtype=float32), array([1.6989889, 1.6989889, 1.6989889], dtype=float32), array([1.6982641, 1.6982641, 1.6982641], dtype=float32), array([nan, nan, nan], dtype=float32), array([1.695366, 1.695366, 1.695366], dtype=float32), array([1.6912168, 1.6912168, 1.6912168], dtype=float32), array([nan, nan, nan], dtype=float32), array([1.6812003, 1.6812003, 1.6812003], dtype=float32), array([1.6743586, 1.6743586, 1.6743586], dtype=float32), array([1.6718285, 1.6718285, 1.6718285], dtype=float32), array([1.6677148, 1.6677148, 1.6677148], dtype=float32), array([nan, nan, nan], dtype=float32), array([1.6670948, 1.6670948, 1.6670948], dtype=float32), array([1.665979, 1.665979, 1.665979], dtype=float32), array([nan, nan, nan], dtype=float32), array([1.6590241, 1.6590241, 1.6590241], dtype=float32), array([nan, nan, nan], dtype=float32), array([1.6514195, 1.6514195, 1.6514195], dtype=float32), array([1.6463847, 1.6463847, 1.6463847], dtype=float32), array([nan, nan, nan], dtype=float32), array([1.6349038, 1.6349038, 1.6349038], dtype=float32), array([nan, nan, nan], dtype=float32)]",1,0,0,0,0,0,44.26129032258065,28.051612903225806,0.00015845694760492816,0.0003615927257734562,10.06,10.06,2000,20000,20000,2000,0.3238138830461318,0.005634738598018885,0.4722185432910919,99.98284149169922,1.0,0.0013802934991,10.0,309690,0.23059526085853577,-0.0005137920379638672,0.34776994585990906,81158,0.0019128145650029182,0.0,999.0,30969,-0.0011401763185858727,368.2383888921573,1.0,0.0393447157605,0.0,0.0013802934991,10.0,309690,0.0,30969,23810,999.0,368.2377745079097,93000,0,930000,61938,104968,619380,1105.827111502722,6401279.681008787,6665369.775766219,2.0,9.5,2,50,0.0018096328210958745,500,10.04,10.0,0.15387220132905796,0.00032526399075041336,100,10.5,20100,5.045833148247003e-05,1.0066998255508928,1.0066998255508928,2,0.00012081075823168899,10.04,0.000425697909079643,0.00018874036705660116,1000,10.04,1000,100,100,6.835112748614196e-06,3.3067796259542785e-05,2.0058844455412826e-05,7.518738943104775e-06,4.285335391300402e-05,2.8805178869946103e-05,0.00015158846398188752,4.791213883389457e-05,1.608751946006633e-05,2.8536102968741416e-05,2.1956135504094275e-05,0.05219564399679191,0.006651575083639243,0.049019648421057674,0.16579501788516107,0.03291200014268468,0.016248748113094156,0.0001742765178660026,-0.022137045860290527,108066,1.0,498.0,105.31400299072266,0.4722185730934143,301.0,310.0,-0.0007672999054193497,1080660,0.2383553832769394,0.34843057,0.0019966852851212025,2161320,651000,6510000,216132,12223.399945448215,498.0,108066,301.0,310.0,1080660,0.0,3.420072164927017e-05,5.5188160526794495e-05,0.00017476019019165305,2.534434544005069e-05,3.330939237915919e-05,1.92483395208927e-05,3.9293922159103125e-05,8.484510556478895e-06,7.49007759998183e-06,2.3009836044400867e-05,4.9771931478608874e-05
1,22000,False,11,cf747_00000,2025-08-17_23-36-40,1755473800,85.86075520515442,953.0153861045837,760236,intrinsic-attention2,10.156.0.3,953.0153861045837,11,87.2844775652899,1.6354549879048056e-05,87.28423954308553,2.534104121651533,84.41603903647906,0.0019846765688761336,2.5053607487881617,0.0002679699973668903,10.02,2,2000,10.5,2,22000,0.00010621894592248248,1000,4.626771736064802e-05,1.0067001111073661,1.0067001111073661,10.0,0.0015169427008368075,2.0,11000,9.5,718.1325679245952,2000.0,3000.0,"[array([1.6212213, 1.6212213, 1.6212213], dtype=float32), array([1.6130558, 1.6130558, 1.6130558], dtype=float32), array([1.6060354, 1.6060354, 1.6060354], dtype=float32), array([1.5987014, 1.5987014, 1.5987014], dtype=float32), array([1.5878562, 1.5878562, 1.5878562], dtype=float32), array([1.5799046, 1.5799046, 1.5799046], dtype=float32), array([1.5714132, 1.5714132, 1.5714132], dtype=float32), array([1.5645385, 1.5645385, 1.5645385], dtype=float32), array([1.5573102, 1.5573102, 1.5573102], dtype=float32), array([1.5497832, 1.5497832, 1.5497832], dtype=float32), array([1.544733, 1.544733, 1.544733], dtype=float32), array([1.5388055, 1.5388055, 1.5388055], dtype=float32), array([1.5312022, 1.5312022, 1.5312022], dtype=float32), array([1.5198455, 1.5198455, 1.5198455], dtype=float32), array([1.5102849, 1.5102849, 1.5102849], dtype=float32), array([1.5000985, 1.5000985, 1.5000985], dtype=float32), array([1.4901948, 1.4901948, 1.4901948], dtype=float32), array([1.4800676, 1.4800676, 1.4800676], dtype=float32), array([1.468975, 1.468975, 1.468975], dtype=float32), array([1.4559575, 1.4559575, 1.4559575], dtype=float32), array([1.4428407, 1.4428407, 1.4428407], dtype=float32), array([1.4308616, 1.4308616, 1.4308616], dtype=float32), array([1.420262, 1.420262, 1.420262], dtype=float32), array([1.4087588, 1.4087588, 1.4087588], dtype=float32), array([1.3942578, 1.3942578, 1.3942578], dtype=float32), array([1.3783518, 1.3783518, 1.3783518], dtype=float32), array([1.3600672, 1.3600672, 1.3600672], dtype=float32), array([1.3383197, 1.3383197, 1.3383197], dtype=float32), array([1.30247, 1.30247, 1.30247], dtype=float32), array([1.2613603, 1.2613603, 1.2613603], dtype=float32), array([1.1887358, 1.1887358, 1.1887358], dtype=float32)]","[array([[2.6126888e-01, 4.9186441e-01, 2.4686673e-01],
       [9.0272687e-09, 1.0000000e+00, 1.7162198e-09],
       [4.0490857e-01, 1.5337570e-01, 4.4171575e-01]], dtype=float32), array([[1.55537203e-01, 6.85193598e-01, 1.59269154e-01],
       [7.58139940e-11, 1.00000000e+00, 1.10046028e-10],
       [1.20855354e-01, 7.54697144e-01, 1.24447502e-01]], dtype=float32), array([[4.7080940e-01, 8.1812091e-02, 4.4737852e-01],
       [1.1686025e-09, 1.0000000e+00, 2.1292359e-09],
       [4.3447191e-01, 1.4476390e-01, 4.2076421e-01]], dtype=float32), array([[2.9617262e-01, 4.1486269e-01, 2.8896472e-01],
       [8.7577767e-09, 1.0000000e+00, 2.2558768e-09],
       [4.0895659e-01, 1.5123709e-01, 4.3980628e-01]], dtype=float32), array([[4.51703489e-01, 1.07056506e-01, 4.41239983e-01],
       [1.74937509e-09, 1.00000000e+00, 2.42909581e-09],
       [4.31156576e-01, 1.45256117e-01, 4.23587322e-01]], dtype=float32), array([[4.5193443e-01, 1.0668142e-01, 4.4138414e-01],
       [1.8791302e-09, 1.0000000e+00, 2.6105467e-09],
       [4.3139222e-01, 1.4485022e-01, 4.2375761e-01]], dtype=float32), array([[2.9920027e-01, 4.0828669e-01, 2.9251304e-01],
       [1.0523975e-08, 1.0000000e+00, 2.7674290e-09],
       [4.0939245e-01, 1.5026432e-01, 4.4034323e-01]], dtype=float32), array([[1.3420735e-01, 7.3088419e-01, 1.3490836e-01],
       [1.7759945e-10, 1.0000000e+00, 1.9028870e-10],
       [1.2803864e-01, 7.4322873e-01, 1.2873267e-01]], dtype=float32), array([[1.6363132e-01, 6.6880465e-01, 1.6756396e-01],
       [1.5396534e-10, 1.0000000e+00, 2.2539789e-10],
       [1.2701067e-01, 7.4213964e-01, 1.3084966e-01]], dtype=float32), array([[1.6560155e-01, 6.6481787e-01, 1.6958062e-01],
       [1.7946790e-10, 1.0000000e+00, 2.6331537e-10],
       [1.2849690e-01, 7.3910785e-01, 1.3239525e-01]], dtype=float32), array([[2.8151923e-01, 4.4824326e-01, 2.7023757e-01],
       [2.4277723e-08, 1.0000000e+00, 5.1956444e-09],
       [4.0810972e-01, 1.4486933e-01, 4.4702098e-01]], dtype=float32), array([[1.9793870e-01, 6.3470513e-01, 1.6735619e-01],
       [6.8000553e-08, 9.9999988e-01, 6.3113950e-09],
       [3.9772642e-01, 1.3999990e-01, 4.6227375e-01]], dtype=float32), array([[4.7472772e-01, 7.6311789e-02, 4.4896054e-01],
       [3.7304879e-09, 1.0000000e+00, 6.7465296e-09],
       [4.4013640e-01, 1.3529618e-01, 4.2456743e-01]], dtype=float32), array([[3.9068405e-02, 9.3277645e-01, 2.8155122e-02],
       [3.8353782e-09, 1.0000000e+00, 5.1864435e-10],
       [1.5781356e-01, 7.0700967e-01, 1.3517679e-01]], dtype=float32), array([[4.0749222e-02, 9.2970580e-01, 2.9544933e-02],
       [4.7717759e-09, 1.0000000e+00, 6.6555256e-10],
       [1.6005296e-01, 7.0247203e-01, 1.3747494e-01]], dtype=float32), array([[4.7708249e-01, 7.3200732e-02, 4.4971684e-01],
       [7.5366691e-09, 1.0000000e+00, 1.3588029e-08],
       [4.4334796e-01, 1.3010632e-01, 4.2654568e-01]], dtype=float32), array([[5.1674508e-02, 9.0793592e-01, 4.0389579e-02],
       [5.0964832e-09, 1.0000000e+00, 9.8716202e-10],
       [1.6037555e-01, 6.9830078e-01, 1.4132370e-01]], dtype=float32), array([[1.5603103e-01, 6.8655527e-01, 1.5741375e-01],
       [1.0067760e-09, 1.0000000e+00, 1.1389613e-09],
       [1.4401631e-01, 7.1059203e-01, 1.4539169e-01]], dtype=float32), array([[1.8857406e-01, 6.5866548e-01, 1.5276042e-01],
       [2.8344184e-07, 9.9999976e-01, 2.2380446e-08],
       [3.9379334e-01, 1.3406859e-01, 4.7213805e-01]], dtype=float32), array([[7.4438319e-02, 8.9206970e-01, 3.3492006e-02],
       [1.8659575e-06, 9.9999809e-01, 2.6825466e-08],
       [3.6435655e-01, 1.3951778e-01, 4.9612567e-01]], dtype=float32), array([[1.8851984e-01, 6.1842680e-01, 1.9305333e-01],
       [1.2751139e-09, 1.0000000e+00, 1.9207265e-09],
       [1.4582960e-01, 7.0367670e-01, 1.5049373e-01]], dtype=float32), array([[1.9073920e-01, 6.1394542e-01, 1.9531533e-01],
       [1.5082311e-09, 1.0000000e+00, 2.2770679e-09],
       [1.4754051e-01, 7.0018494e-01, 1.5227452e-01]], dtype=float32), array([[9.0414286e-02, 8.6370796e-01, 4.5877844e-02],
       [2.1178230e-06, 9.9999785e-01, 4.1707278e-08],
       [3.6788023e-01, 1.3639300e-01, 4.9572682e-01]], dtype=float32), array([[3.4229743e-01, 3.1332389e-01, 3.4437868e-01],
       [1.2733311e-07, 9.9999988e-01, 4.2889869e-08],
       [4.1825354e-01, 1.2817705e-01, 4.5356938e-01]], dtype=float32), array([[4.8143190e-01, 6.7785740e-02, 4.5078239e-01],
       [2.7376004e-08, 1.0000000e+00, 4.9105342e-08],
       [4.4909194e-01, 1.2113358e-01, 4.2977440e-01]], dtype=float32), array([[2.2359881e-01, 5.8357364e-01, 1.9282754e-01],
       [5.1533613e-07, 9.9999952e-01, 5.5162069e-08],
       [3.9777878e-01, 1.2886000e-01, 4.7336119e-01]], dtype=float32), array([[5.3810768e-02, 9.0557826e-01, 4.0610917e-02],
       [2.2198027e-08, 1.0000000e+00, 3.8310062e-09],
       [1.7474271e-01, 6.7248237e-01, 1.5277487e-01]], dtype=float32), array([[3.2402486e-01, 3.5435909e-01, 3.2161605e-01],
       [2.3928840e-07, 9.9999964e-01, 6.7120304e-08],
       [4.1460785e-01, 1.2813723e-01, 4.5725489e-01]], dtype=float32), array([[4.6508861e-01, 8.6158611e-02, 4.4875279e-01],
       [5.6902810e-08, 9.9999988e-01, 8.1054182e-08],
       [4.4516376e-01, 1.2174559e-01, 4.3309069e-01]], dtype=float32), array([[3.2781625e-01, 3.4581846e-01, 3.2636535e-01],
       [4.1206764e-07, 9.9999952e-01, 1.2167112e-07],
       [4.1423625e-01, 1.2960196e-01, 4.5616183e-01]], dtype=float32), array([[5.2056387e-02, 9.0723795e-01, 4.0705636e-02],
       [1.2751292e-08, 1.0000000e+00, 2.6679212e-09],
       [1.5292591e-01, 7.1312636e-01, 1.3394770e-01]], dtype=float32)]","[array([nan, nan, nan], dtype=float32), array([1.6130553, 1.6130553, 1.6130553], dtype=float32), array([nan, nan, nan], dtype=float32), array([nan, nan, nan], dtype=float32), array([nan, nan, nan], dtype=float32), array([1.5799047, 1.5799047, 1.5799047], dtype=float32), array([1.5714133, 1.5714133, 1.5714133], dtype=float32), array([nan, nan, nan], dtype=float32), array([nan, nan, nan], dtype=float32), array([nan, nan, nan], dtype=float32), array([nan, nan, nan], dtype=float32), array([1.5388056, 1.5388056, 1.5388056], dtype=float32), array([nan, nan, nan], dtype=float32), array([1.5198454, 1.5198454, 1.5198454], dtype=float32), array([nan, nan, nan], dtype=float32), array([1.5000982, 1.5000982, 1.5000982], dtype=float32), array([nan, nan, nan], dtype=float32), array([nan, nan, nan], dtype=float32), array([nan, nan, nan], dtype=float32), array([1.4559575, 1.4559575, 1.4559575], dtype=float32), array([nan, nan, nan], dtype=float32), array([nan, nan, nan], dtype=float32), array([nan, nan, nan], dtype=float32), array([1.408759, 1.408759, 1.408759], dtype=float32), array([nan, nan, nan], dtype=float32), array([nan, nan, nan], dtype=float32), array([1.3600672, 1.3600672, 1.3600672], dtype=float32), array([1.3383193, 1.3383193, 1.3383193], dtype=float32), array([nan, nan, nan], dtype=float32), array([nan, nan, nan], dtype=float32), array([nan, nan, nan], dtype=float32)]",1,0,0,0,0,0,44.79508196721312,28.05163934426229,0.00015713991291108347,0.0003574254866943481,10.02,10.02,2000,22000,22000,2000,0.32369869918569244,0.00845210812985897,0.4722185432910919,96.33489227294922,1.0,0.0013802934991,11.0,340659,0.32624581456184387,0.021574854850769043,0.2939840853214264,81158,0.07460692524909973,0.0,999.0,30969,-0.05519282817840576,368.241528339241,1.0,0.0393447157605,0.0,0.0013802934991,11.0,340659,0.0,30969,23810,999.0,368.240940273092,93000,0,1023000,61938,104968,681318,1105.8362342043297,6402052.128822481,6673478.427667363,2.0,-10.5,2,50,0.0018129676203534472,550,8.44,11.0,0.15363209437584466,0.0003235204809312888,100,10.5,22100,4.681550133863498e-05,1.006700047870376,1.006700047870376,2,0.00010444064765780492,8.44,0.0003847933655503721,0.00017032831498659928,1100,8.44,1100,100,100,6.683133673646167e-06,3.2746578882210147e-05,1.9934876560670436e-05,7.478164773380632e-06,4.241054097991191e-05,2.859176087369524e-05,0.00014975618327578045,4.706232031276047e-05,1.5764998870050858e-05,2.8451653392119956e-05,2.1865813398876013e-05,0.05220393402683111,0.0066502949328529236,0.049003792946823437,0.16574799623629935,0.03285765238119412,0.016239876352009436,0.00017432005266851945,-0.04036307334899902,108066,1.0,498.0,101.98675537109375,0.4722185730934143,331.0,341.0,-0.04959091544151306,1188726,0.3238399028778076,0.31261936,0.08392014354467392,2377452,651000,7161000,216132,12116.510698760563,498.0,108066,331.0,341.0,1188726,0.0,3.045106841381684e-05,4.912005704269796e-05,0.00015974921170550956,2.324915355001756e-05,3.0436114575224465e-05,1.726628020891624e-05,3.539903402494295e-05,7.850136605171422e-06,6.925448490450833e-06,2.1201992872064095e-05,4.443402233547384e-05
1,24000,False,12,cf747_00000,2025-08-17_23-38-07,1755473887,86.84670042991638,1039.8620865345001,760236,intrinsic-attention2,10.156.0.3,1039.8620865345001,12,87.27864715374695,1.6301654378790184e-05,87.27840788211473,2.5339484820050697,84.40833117448426,0.0019833692431032845,2.505211841050321,0.0002679699973668903,7.74,2,2000,10.5,2,24000,9.743974762082302e-05,1000,4.557902290787091e-05,1.0067001111073661,1.0067001111073661,11.0,0.0014797650191758294,2.0,12000,-10.5,705.3902820703718,2000.0,3000.0,"[array([1.0969819, 1.0969819, 1.0969819], dtype=float32), array([1.0141281, 1.0141281, 1.0141281], dtype=float32), array([0.9393653, 0.9393653, 0.9393653], dtype=float32), array([0.87211347, 0.87211347, 0.87211347], dtype=float32), array([0.81170774, 0.81170774, 0.81170774], dtype=float32), array([0.7575138, 0.7575138, 0.7575138], dtype=float32), array([0.7087785, 0.7087785, 0.7087785], dtype=float32), array([0.66501087, 0.66501087, 0.66501087], dtype=float32), array([0.62574893, 0.62574893, 0.62574893], dtype=float32), array([0.5907317, 0.5907317, 0.5907317], dtype=float32), array([0.55951416, 0.55951416, 0.55951416], dtype=float32), array([0.5316888, 0.5316888, 0.5316888], dtype=float32), array([0.5069724, 0.5069724, 0.5069724], dtype=float32), array([0.48505318, 0.48505318, 0.48505318], dtype=float32), array([0.4658752, 0.4658752, 0.4658752], dtype=float32), array([0.4490667, 0.4490667, 0.4490667], dtype=float32), array([0.4346419, 0.4346419, 0.4346419], dtype=float32), array([0.42228782, 0.42228782, 0.42228782], dtype=float32), array([0.4118509, 0.4118509, 0.4118509], dtype=float32), array([0.40324023, 0.40324023, 0.40324023], dtype=float32), array([0.39640662, 0.39640662, 0.39640662], dtype=float32), array([0.39077982, 0.39077982, 0.39077982], dtype=float32), array([0.38650805, 0.38650805, 0.38650805], dtype=float32), array([0.38331515, 0.38331515, 0.38331515], dtype=float32), array([0.38103196, 0.38103196, 0.38103196], dtype=float32), array([0.37945503, 0.37945503, 0.37945503], dtype=float32), array([0.37838998, 0.37838998, 0.37838998], dtype=float32), array([0.37812555, 0.37812555, 0.37812555], dtype=float32), array([0.37872124, 0.37872124, 0.37872124], dtype=float32), array([0.37985006, 0.37985006, 0.37985006], dtype=float32), array([0.38155222, 0.38155222, 0.38155222], dtype=float32)]","[array([[2.9508737e-01, 4.1861919e-01, 2.8629345e-01],
       [5.2409484e-07, 9.9999940e-01, 1.4997950e-07],
       [4.0052447e-01, 1.6759413e-01, 4.3188140e-01]], dtype=float32), array([[6.2793210e-02, 8.9009428e-01, 4.7112428e-02],
       [2.4190646e-07, 9.9999976e-01, 4.6420485e-08],
       [1.8197709e-01, 6.5975052e-01, 1.5827236e-01]], dtype=float32), array([[4.4718218e-01, 1.2563255e-01, 4.2718524e-01],
       [6.4539000e-07, 9.9999833e-01, 1.0786388e-06],
       [4.0547386e-01, 1.9929788e-01, 3.9522821e-01]], dtype=float32), array([[2.8151888e-01, 4.4822472e-01, 2.7025640e-01],
       [6.7665624e-06, 9.9999082e-01, 2.3798648e-06],
       [3.7997213e-01, 2.2164388e-01, 3.9838400e-01]], dtype=float32), array([[4.0575939e-01, 1.9359004e-01, 4.0065062e-01],
       [3.8574335e-06, 9.9999142e-01, 4.7751978e-06],
       [3.8619140e-01, 2.3100048e-01, 3.8280812e-01]], dtype=float32), array([[2.7723724e-01, 4.5754275e-01, 2.6522002e-01],
       [2.2505206e-05, 9.9996877e-01, 8.7334884e-06],
       [3.6960396e-01, 2.4743809e-01, 3.8295791e-01]], dtype=float32), array([[1.4185965e-01, 7.7856112e-01, 7.9579264e-02],
       [3.0034847e-04, 9.9968052e-01, 1.9130432e-05],
       [3.5748133e-01, 2.2276433e-01, 4.1975436e-01]], dtype=float32), array([[3.0326015e-01, 3.9839000e-01, 2.9834992e-01],
       [4.3170134e-05, 9.9993324e-01, 2.3661329e-05],
       [3.6354005e-01, 2.6606688e-01, 3.7039310e-01]], dtype=float32), array([[1.3774885e-01, 7.4374276e-01, 1.1850835e-01],
       [2.5944000e-05, 9.9996388e-01, 1.0112942e-05],
       [2.2885317e-01, 5.5984974e-01, 2.1129711e-01]], dtype=float32), array([[1.2568583e-01, 7.7369004e-01, 1.0062416e-01],
       [5.2633623e-05, 9.9993157e-01, 1.5764477e-05],
       [2.3776187e-01, 5.4754901e-01, 2.1468911e-01]], dtype=float32), array([[3.6698747e-01, 2.7185556e-01, 3.6115703e-01],
       [5.0724262e-05, 9.9986327e-01, 8.5987922e-05],
       [3.0403140e-01, 3.8795584e-01, 3.0801275e-01]], dtype=float32), array([[3.7151563e-01, 2.5907499e-01, 3.6940935e-01],
       [8.3374587e-05, 9.9981993e-01, 9.6686897e-05],
       [3.5586593e-01, 2.8942624e-01, 3.5470790e-01]], dtype=float32), array([[3.0102012e-01, 4.0287855e-01, 2.9610133e-01],
       [2.0295511e-04, 9.9967158e-01, 1.2550915e-04],
       [3.5072681e-01, 2.9510629e-01, 3.5416690e-01]], dtype=float32), array([[1.9839185e-01, 6.6191763e-01, 1.3969047e-01],
       [1.4305022e-03, 9.9835688e-01, 2.1256659e-04],
       [3.5566232e-01, 2.5042707e-01, 3.9391059e-01]], dtype=float32), array([[2.7502587e-01, 4.6251628e-01, 2.6245791e-01],
       [3.9907536e-04, 9.9940360e-01, 1.9734817e-04],
       [3.4675103e-01, 3.0217826e-01, 3.5107073e-01]], dtype=float32), array([[3.6290729e-01, 2.7572572e-01, 3.6136696e-01],
       [2.0989250e-04, 9.9955088e-01, 2.3929638e-04],
       [3.4870642e-01, 3.0333880e-01, 3.4795478e-01]], dtype=float32), array([[2.2879454e-01, 5.4543179e-01, 2.2577372e-01],
       [1.3654694e-04, 9.9974424e-01, 1.1916733e-04],
       [2.4408096e-01, 5.1460761e-01, 2.4131142e-01]], dtype=float32), array([[2.7522495e-01, 4.6996140e-01, 2.5481364e-01],
       [1.1948358e-03, 9.9835169e-01, 4.5342307e-04],
       [3.6328915e-01, 2.5426540e-01, 3.8244548e-01]], dtype=float32), array([[2.3304948e-01, 5.3698915e-01, 2.2996135e-01],
       [1.9616348e-04, 9.9963272e-01, 1.7114890e-04],
       [2.4838261e-01, 5.0604349e-01, 2.4557383e-01]], dtype=float32), array([[3.8705829e-01, 2.3458381e-01, 3.7835798e-01],
       [3.1209012e-04, 9.9923766e-01, 4.5021944e-04],
       [3.4609711e-01, 3.0955467e-01, 3.4434825e-01]], dtype=float32), array([[2.7904597e-01, 4.5384684e-01, 2.6710719e-01],
       [9.6245389e-04, 9.9852198e-01, 5.1551295e-04],
       [3.4263077e-01, 3.1182405e-01, 3.4554517e-01]], dtype=float32), array([[2.7978763e-01, 4.5223981e-01, 2.6797256e-01],
       [1.0720182e-03, 9.9834800e-01, 5.7998649e-04],
       [3.4231845e-01, 3.1255361e-01, 3.4512791e-01]], dtype=float32), array([[3.8479352e-01, 2.3878646e-01, 3.7642005e-01],
       [4.5048629e-04, 9.9890685e-01, 6.4262986e-04],
       [3.4478751e-01, 3.1200957e-01, 3.4320298e-01]], dtype=float32), array([[2.8199881e-01, 4.4264001e-01, 2.7536118e-01],
       [1.2818356e-03, 9.9781644e-01, 9.0174732e-04],
       [3.2006520e-01, 3.6194205e-01, 3.1799275e-01]], dtype=float32), array([[3.5566300e-01, 2.8981015e-01, 3.5452685e-01],
       [6.6748145e-04, 9.9858427e-01, 7.4825884e-04],
       [3.4305090e-01, 3.1436592e-01, 3.4258312e-01]], dtype=float32), array([[2.6857677e-01, 4.6057373e-01, 2.7084956e-01],
       [3.4055178e-04, 9.9927360e-01, 3.8579784e-04],
       [2.5401977e-01, 4.8934498e-01, 2.5663531e-01]], dtype=float32), array([[3.0450779e-01, 3.9506951e-01, 3.0042270e-01],
       [1.1979542e-03, 9.9795687e-01, 8.4514800e-04],
       [3.4110457e-01, 3.1646144e-01, 3.4243402e-01]], dtype=float32), array([[1.8245634e-01, 6.6347826e-01, 1.5406539e-01],
       [1.0595098e-03, 9.9850851e-01, 4.3196118e-04],
       [2.7139604e-01, 4.7650200e-01, 2.5210202e-01]], dtype=float32), array([[0.28475264, 0.4369571 , 0.27829024],
       [0.00169231, 0.99710554, 0.00120218],
       [0.32158902, 0.3586992 , 0.31971174]], dtype=float32), array([[3.0410182e-01, 3.9591256e-01, 2.9998559e-01],
       [1.3217762e-03, 9.9773955e-01, 9.3864737e-04],
       [3.4006914e-01, 3.1872100e-01, 3.4120992e-01]], dtype=float32), array([[2.8068861e-01, 4.5032156e-01, 2.6898983e-01],
       [1.6969575e-03, 9.9734735e-01, 9.5561292e-04],
       [3.3920425e-01, 3.1978586e-01, 3.4100989e-01]], dtype=float32)]","[array([1.0969819, 1.0969819, 1.0969819], dtype=float32), array([1.014128, 1.014128, 1.014128], dtype=float32), array([0.93936527, 0.93936527, 0.93936527], dtype=float32), array([0.8721136, 0.8721136, 0.8721136], dtype=float32), array([0.81170785, 0.81170785, 0.81170785], dtype=float32), array([0.75751364, 0.75751364, 0.75751364], dtype=float32), array([0.70877856, 0.70877856, 0.70877856], dtype=float32), array([0.66501087, 0.66501087, 0.66501087], dtype=float32), array([0.625749, 0.625749, 0.625749], dtype=float32), array([0.5907316, 0.5907316, 0.5907316], dtype=float32), array([0.55951416, 0.55951416, 0.55951416], dtype=float32), array([0.53168887, 0.53168887, 0.53168887], dtype=float32), array([0.5069723, 0.5069723, 0.5069723], dtype=float32), array([0.4850532, 0.4850532, 0.4850532], dtype=float32), array([0.46587518, 0.46587518, 0.46587518], dtype=float32), array([0.44906667, 0.44906667, 0.44906667], dtype=float32), array([0.4346419, 0.4346419, 0.4346419], dtype=float32), array([0.42228776, 0.42228776, 0.42228776], dtype=float32), array([0.4118509, 0.4118509, 0.4118509], dtype=float32), array([0.40324023, 0.40324023, 0.40324023], dtype=float32), array([0.3964066, 0.3964066, 0.3964066], dtype=float32), array([0.39077976, 0.39077976, 0.39077976], dtype=float32), array([0.386508, 0.386508, 0.386508], dtype=float32), array([0.38331515, 0.38331515, 0.38331515], dtype=float32), array([0.38103193, 0.38103193, 0.38103193], dtype=float32), array([0.379455, 0.379455, 0.379455], dtype=float32), array([0.37839004, 0.37839004, 0.37839004], dtype=float32), array([0.3781255, 0.3781255, 0.3781255], dtype=float32), array([0.37872127, 0.37872127, 0.37872127], dtype=float32), array([0.37985012, 0.37985012, 0.37985012], dtype=float32), array([0.3815522, 0.3815522, 0.3815522], dtype=float32)]",1,0,0,0,0,0,43.38629032258064,27.96532258064517,0.00015537190870874878,0.00034863482888959223,7.74,7.74,2000,24000,24000,2000,0.32575272738384964,0.012678162194788456,0.4722185432910919,2068.201904296875,1.0,0.0013802934991,12.0,371628,0.2333538979291916,-0.019715309143066406,0.3024381697177887,81158,0.028474990278482437,0.0,999.0,30969,-0.04668727144598961,368.0432893539388,1.0,0.0393447157605,0.0,0.0013802934991,12.0,371628,0.0,30969,23810,999.0,368.0427242884201,93000,0,1116000,61938,104968,743256,1105.2406325085556,6407386.227666869,6683660.232540805,2.0,-10.5,2,50,0.0015821446396876127,600,7.84,12.0,0.1533948677720062,0.0003218589260555376,100,10.5,24100,4.598528951829655e-05,1.0067000971034235,1.0067000971034235,2,0.00010133740821731348,7.84,0.000378431223161885,0.00016693951838636856,1200,7.84,1200,100,100,6.6652196025404e-06,3.304043075261254e-05,1.9856352067120853e-05,7.472793270295707e-06,4.080874580507485e-05,2.794960938991916e-05,0.0001441949303903328,4.597398384907492e-05,1.553821673931609e-05,2.807459190899051e-05,2.1446310771566038e-05,0.05219540239654677,0.006646257673513433,0.0489785277472568,0.16568495866398733,0.03500906274733939,0.016242162108475962,0.0001742703820627196,-0.0013380050659179688,108066,1.0,498.0,93.91569519042969,0.4722185730934143,361.0,372.0,-0.06023821607232094,1296792,0.2417687624692917,0.2928005,0.0259897168725729,2593584,651000,7812000,216132,12008.842545656691,498.0,108066,361.0,372.0,1296792,0.0,2.9995327974101165e-05,4.791115904563387e-05,0.0001570243054829418,2.289290835633538e-05,3.0016148022871516e-05,1.6917163000265596e-05,3.4439170684327945e-05,7.872112989912352e-06,6.777314846638942e-06,2.0653422848870712e-05,4.367281739341169e-05
1,26000,False,13,cf747_00000,2025-08-17_23-39-33,1755473973,86.0684723854065,1125.9305589199066,760236,intrinsic-attention2,10.156.0.3,1125.9305589199066,13,87.26492511244959,1.624676787837479e-05,87.26468506125356,2.5341540562650513,84.3945602081393,0.0019813530306379942,2.5054154370397907,0.0002679699973668903,9.48,2,2000,10.5,2,26000,9.991014824396362e-05,1000,4.677172352831392e-05,1.0067001111073661,1.0067001111073661,12.0,0.0015501733604469338,2.0,13000,-10.5,692.1844158440183,2000.0,3000.0,"[array([0.38355985, 0.38355985, 0.38355985], dtype=float32), array([0.38549334, 0.38549334, 0.38549334], dtype=float32), array([0.3878822, 0.3878822, 0.3878822], dtype=float32), array([0.3903591, 0.3903591, 0.3903591], dtype=float32), array([0.39322326, 0.39322326, 0.39322326], dtype=float32), array([0.39569417, 0.39569417, 0.39569417], dtype=float32), array([0.39781946, 0.39781946, 0.39781946], dtype=float32), array([0.3998876, 0.3998876, 0.3998876], dtype=float32), array([0.40194172, 0.40194172, 0.40194172], dtype=float32), array([0.40379703, 0.40379703, 0.40379703], dtype=float32), array([0.4056067, 0.4056067, 0.4056067], dtype=float32), array([0.4074854, 0.4074854, 0.4074854], dtype=float32), array([0.40930587, 0.40930587, 0.40930587], dtype=float32), array([0.41093823, 0.41093823, 0.41093823], dtype=float32), array([0.41241875, 0.41241875, 0.41241875], dtype=float32), array([0.4145055, 0.4145055, 0.4145055], dtype=float32), array([0.41651145, 0.41651145, 0.41651145], dtype=float32), array([0.41880995, 0.41880995, 0.41880995], dtype=float32), array([0.4212603, 0.4212603, 0.4212603], dtype=float32), array([0.42398742, 0.42398742, 0.42398742], dtype=float32), array([0.42675442, 0.42675442, 0.42675442], dtype=float32), array([0.4295253, 0.4295253, 0.4295253], dtype=float32), array([0.43220156, 0.43220156, 0.43220156], dtype=float32), array([0.43463555, 0.43463555, 0.43463555], dtype=float32), array([0.4374232, 0.4374232, 0.4374232], dtype=float32), array([0.43967092, 0.43967092, 0.43967092], dtype=float32), array([0.4421038, 0.4421038, 0.4421038], dtype=float32), array([0.44475278, 0.44475278, 0.44475278], dtype=float32), array([0.44713792, 0.44713792, 0.44713792], dtype=float32), array([0.44919926, 0.44919926, 0.44919926], dtype=float32), array([0.45133007, 0.45133007, 0.45133007], dtype=float32)]","[array([[3.5248026e-01, 2.9599035e-01, 3.5152936e-01],
       [8.7355793e-04, 9.9815232e-01, 9.7405788e-04],
       [3.4037888e-01, 3.1957409e-01, 3.4004703e-01]], dtype=float32), array([[3.0351391e-01, 3.9715591e-01, 2.9933017e-01],
       [1.3853160e-03, 9.9762839e-01, 9.8640192e-04],
       [3.3924925e-01, 3.2050475e-01, 3.4024602e-01]], dtype=float32), array([[2.0327537e-01, 6.1267984e-01, 1.8404479e-01],
       [9.4215834e-04, 9.9855477e-01, 5.0305191e-04],
       [2.6831490e-01, 4.7691804e-01, 2.5476700e-01]], dtype=float32), array([[0.3032414 , 0.39773813, 0.2990205 ],
       [0.00140978, 0.9975858 , 0.00100437],
       [0.33893538, 0.3211859 , 0.33987874]], dtype=float32), array([[3.7872356e-01, 2.4985823e-01, 3.7141815e-01],
       [7.1204547e-04, 9.9828821e-01, 9.9971483e-04],
       [3.3992532e-01, 3.2105723e-01, 3.3901745e-01]], dtype=float32), array([[0.23133451, 0.591472  , 0.17719339],
       [0.00567099, 0.9930213 , 0.00130773],
       [0.35125893, 0.2703793 , 0.3783618 ]], dtype=float32), array([[3.5106352e-01, 2.9874113e-01, 3.5019538e-01],
       [8.8876137e-04, 9.9812132e-01, 9.8987983e-04],
       [3.3905855e-01, 3.2214892e-01, 3.3879256e-01]], dtype=float32), array([[3.5078976e-01, 2.9927167e-01, 3.4993860e-01],
       [8.8530319e-04, 9.9812895e-01, 9.8576397e-04],
       [3.3880961e-01, 3.2263419e-01, 3.3855620e-01]], dtype=float32), array([[1.8440534e-01, 6.5965927e-01, 1.5593533e-01],
       [1.2069540e-03, 9.9829441e-01, 4.9869157e-04],
       [2.7195618e-01, 4.7535190e-01, 2.5269198e-01]], dtype=float32), array([[2.0270592e-01, 6.1389333e-01, 1.8340074e-01],
       [9.4344391e-04, 9.9855357e-01, 5.0294749e-04],
       [2.6784772e-01, 4.7795433e-01, 2.5419796e-01]], dtype=float32), array([[0.2644254 , 0.5005693 , 0.23500532],
       [0.00370641, 0.9949752 , 0.0013184 ],
       [0.3558342 , 0.26960498, 0.37456086]], dtype=float32), array([[2.0302242e-01, 6.1325020e-01, 1.8372732e-01],
       [9.6118829e-04, 9.9852556e-01, 5.1321834e-04],
       [2.6800007e-01, 4.7763103e-01, 2.5436893e-01]], dtype=float32), array([[0.30185765, 0.40069786, 0.29744458],
       [0.00143117, 0.99755055, 0.00101826],
       [0.33776078, 0.32373267, 0.33850655]], dtype=float32), array([[2.4525931e-01, 5.1274216e-01, 2.4199852e-01],
       [5.9943879e-04, 9.9887663e-01, 5.2392768e-04],
       [2.6036525e-01, 4.8216522e-01, 2.5746959e-01]], dtype=float32), array([[2.7015191e-01, 4.5750642e-01, 2.7234170e-01],
       [4.6741508e-04, 9.9900693e-01, 5.2569207e-04],
       [2.5646645e-01, 4.8455429e-01, 2.5897926e-01]], dtype=float32), array([[0.27949035, 0.45292932, 0.2675803 ],
       [0.00182088, 0.9971482 , 0.001031  ],
       [0.33758113, 0.32354176, 0.3388771 ]], dtype=float32), array([[0.3020731 , 0.40025085, 0.29767603],
       [0.00145152, 0.9975157 , 0.00103275],
       [0.33795398, 0.3233111 , 0.33873487]], dtype=float32), array([[2.4550042e-01, 5.1221126e-01, 2.4228831e-01],
       [5.9992354e-04, 9.9887484e-01, 5.2529888e-04],
       [2.6040843e-01, 4.8203903e-01, 2.5755259e-01]], dtype=float32), array([[2.4540758e-01, 5.1239777e-01, 2.4219470e-01],
       [5.9748709e-04, 9.9887937e-01, 5.2315422e-04],
       [2.6031747e-01, 4.8222220e-01, 2.5746039e-01]], dtype=float32), array([[0.30164725, 0.40116945, 0.29718333],
       [0.0014312 , 0.9975526 , 0.00101631],
       [0.3377465 , 0.32375914, 0.3384943 ]], dtype=float32), array([[0.23114821, 0.59165496, 0.17719677],
       [0.00570844, 0.9929644 , 0.00132714],
       [0.35081345, 0.27232537, 0.37686118]], dtype=float32), array([[1.8483575e-01, 6.5869737e-01, 1.5646693e-01],
       [1.2265947e-03, 9.9826401e-01, 5.0942419e-04],
       [2.7190408e-01, 4.7539827e-01, 2.5269771e-01]], dtype=float32), array([[3.4996843e-01, 3.0086613e-01, 3.4916550e-01],
       [8.9510152e-04, 9.9810910e-01, 9.9580060e-04],
       [3.3806989e-01, 3.2407722e-01, 3.3785284e-01]], dtype=float32), array([[3.0097198e-01, 4.0261936e-01, 2.9640871e-01],
       [1.3962265e-03, 9.9761510e-01, 9.8878576e-04],
       [3.3738372e-01, 3.2454449e-01, 3.3807173e-01]], dtype=float32), array([[3.4975991e-01, 3.0127060e-01, 3.4896955e-01],
       [8.8074181e-04, 9.9813938e-01, 9.7982679e-04],
       [3.3785757e-01, 3.2449159e-01, 3.3765090e-01]], dtype=float32), array([[2.6896411e-01, 4.5987749e-01, 2.7115843e-01],
       [4.4322890e-04, 9.9905854e-01, 4.9821823e-04],
       [2.5534913e-01, 4.8679382e-01, 2.5785711e-01]], dtype=float32), array([[3.7642592e-01, 2.5392446e-01, 3.6964959e-01],
       [6.9715490e-04, 9.9832791e-01, 9.7488589e-04],
       [3.3798194e-01, 3.2466257e-01, 3.3735549e-01]], dtype=float32), array([[3.4954292e-01, 3.0169252e-01, 3.4876457e-01],
       [8.7525090e-04, 9.9815100e-01, 9.7369676e-04],
       [3.3763856e-01, 3.2491922e-01, 3.3744231e-01]], dtype=float32), array([[3.4948239e-01, 3.0181032e-01, 3.4870732e-01],
       [8.7356661e-04, 9.9815458e-01, 9.7183092e-04],
       [3.3757579e-01, 3.2504171e-01, 3.3738247e-01]], dtype=float32), array([[3.0039260e-01, 4.0385103e-01, 2.9575640e-01],
       [1.3705931e-03, 9.9766004e-01, 9.6937182e-04],
       [3.3697352e-01, 3.2543534e-01, 3.3759111e-01]], dtype=float32), array([[1.8367517e-01, 6.6105670e-01, 1.5526813e-01],
       [1.1792826e-03, 9.9833375e-01, 4.8699995e-04],
       [2.7123502e-01, 4.7688442e-01, 2.5188050e-01]], dtype=float32)]","[array([0.3835599, 0.3835599, 0.3835599], dtype=float32), array([0.3854934, 0.3854934, 0.3854934], dtype=float32), array([0.38788217, 0.38788217, 0.38788217], dtype=float32), array([0.3903591, 0.3903591, 0.3903591], dtype=float32), array([0.39322326, 0.39322326, 0.39322326], dtype=float32), array([0.3956941, 0.3956941, 0.3956941], dtype=float32), array([0.39781946, 0.39781946, 0.39781946], dtype=float32), array([0.3998876, 0.3998876, 0.3998876], dtype=float32), array([0.4019417, 0.4019417, 0.4019417], dtype=float32), array([0.40379703, 0.40379703, 0.40379703], dtype=float32), array([0.4056067, 0.4056067, 0.4056067], dtype=float32), array([0.40748534, 0.40748534, 0.40748534], dtype=float32), array([0.4093059, 0.4093059, 0.4093059], dtype=float32), array([0.41093823, 0.41093823, 0.41093823], dtype=float32), array([0.4124187, 0.4124187, 0.4124187], dtype=float32), array([0.4145055, 0.4145055, 0.4145055], dtype=float32), array([0.41651133, 0.41651133, 0.41651133], dtype=float32), array([0.41880995, 0.41880995, 0.41880995], dtype=float32), array([0.4212603, 0.4212603, 0.4212603], dtype=float32), array([0.42398748, 0.42398748, 0.42398748], dtype=float32), array([0.42675427, 0.42675427, 0.42675427], dtype=float32), array([0.4295253, 0.4295253, 0.4295253], dtype=float32), array([0.43220165, 0.43220165, 0.43220165], dtype=float32), array([0.43463555, 0.43463555, 0.43463555], dtype=float32), array([0.43742317, 0.43742317, 0.43742317], dtype=float32), array([0.43967083, 0.43967083, 0.43967083], dtype=float32), array([0.4421037, 0.4421037, 0.4421037], dtype=float32), array([0.44475293, 0.44475293, 0.44475293], dtype=float32), array([0.44713786, 0.44713786, 0.44713786], dtype=float32), array([0.44919923, 0.44919923, 0.44919923], dtype=float32), array([0.45132998, 0.45132998, 0.45132998], dtype=float32)]",1,0,0,0,0,0,39.35284552845529,26.80000000000001,0.00016054498878537873,0.0003639866805839838,9.48,9.48,2000,26000,26000,2000,0.32561470771996504,0.006339081097394228,0.4722185432910919,134.41673278808594,1.0,0.0013802934991,13.0,402597,0.2142738550901413,-0.06161618232727051,0.32339343428611755,81158,0.004798003006726503,0.0,999.0,30969,-0.025578472763299942,367.98631322596793,1.0,0.0393447157605,0.0,0.0013802934991,13.0,402597,0.0,30969,23810,999.0,367.9857714797261,93000,0,1209000,61938,104968,805194,1105.06925553386,6404066.2810387425,6684034.020262147,2.0,-10.5,2,50,0.0016914617907605135,650,9.24,13.0,0.15333218781419236,0.00032054704674423535,100,10.5,26100,4.7740326418008705e-05,1.0067001080061695,1.0067001080061695,2,0.00010756544194124653,9.24,0.00039500823970811775,0.00017362724034863768,1300,9.24,1300,100,100,6.932547432975523e-06,3.376785981001255e-05,2.048083465297728e-05,7.583936922114925e-06,4.386029228431344e-05,2.8419558887194625e-05,0.00015359879664951178,4.801773863451537e-05,1.6517701586969776e-05,2.889267677202541e-05,2.207416698539899e-05,0.05220097060254918,0.006645374026712717,0.048950803329793166,0.1656628679372203,0.03492767969997373,0.016231539117349852,0.0001740934682496818,0.00536423921585083,108066,1.0,498.0,94.3381118774414,0.4722185730934143,391.0,403.0,-0.030602052807807922,1404858,0.2211068868637085,0.31916967,0.005428597796708345,2809716,651000,8463000,216132,11910.432789217633,498.0,108066,391.0,403.0,1404858,0.0,3.178747374465803e-05,5.0296295893907826e-05,0.00016402068904125403,2.3686266168966794e-05,3.1176248546652804e-05,1.7769217561626025e-05,3.6616665212038004e-05,8.011450854961302e-06,6.871401250061641e-06,2.1145961403973432e-05,4.5456438255531e-05
1,28000,False,14,cf747_00000,2025-08-17_23-40-59,1755474059,85.8128011226654,1211.743360042572,760236,intrinsic-attention2,10.156.0.3,1211.743360042572,14,87.2489290388351,1.6195780093849127e-05,87.24868816844113,2.5336195168524394,84.37927952581795,0.0019788383303935325,2.504874539029471,0.0002679699973668903,9.35,2,2000,10.5,2,28000,9.488958399820195e-05,1000,4.5143837318694284e-05,1.0067001111073661,1.0067001111073661,13.0,0.0014901858098164667,2.0,14000,-10.5,678.593775739893,2000.0,3000.0,"[array([0.45342833, 0.45342833, 0.45342833], dtype=float32), array([0.4554476, 0.4554476, 0.4554476], dtype=float32), array([0.4576897, 0.4576897, 0.4576897], dtype=float32), array([0.45973384, 0.45973384, 0.45973384], dtype=float32), array([0.46229804, 0.46229804, 0.46229804], dtype=float32), array([0.46444604, 0.46444604, 0.46444604], dtype=float32), array([0.46582645, 0.46582645, 0.46582645], dtype=float32), array([0.46859157, 0.46859157, 0.46859157], dtype=float32), array([0.47061923, 0.47061923, 0.47061923], dtype=float32), array([0.47210872, 0.47210872, 0.47210872], dtype=float32), array([0.4731903, 0.4731903, 0.4731903], dtype=float32), array([0.47334537, 0.47334537, 0.47334537], dtype=float32), array([0.47322327, 0.47322327, 0.47322327], dtype=float32), array([0.4729056, 0.4729056, 0.4729056], dtype=float32), array([0.47203484, 0.47203484, 0.47203484], dtype=float32), array([0.47075996, 0.47075996, 0.47075996], dtype=float32), array([0.46906236, 0.46906236, 0.46906236], dtype=float32), array([0.46707383, 0.46707383, 0.46707383], dtype=float32), array([0.4664965, 0.4664965, 0.4664965], dtype=float32), array([0.46592632, 0.46592632, 0.46592632], dtype=float32), array([0.465951, 0.465951, 0.465951], dtype=float32), array([0.4653582, 0.4653582, 0.4653582], dtype=float32), array([0.46564522, 0.46564522, 0.46564522], dtype=float32), array([0.46569628, 0.46569628, 0.46569628], dtype=float32), array([0.4650465, 0.4650465, 0.4650465], dtype=float32), array([0.4656596, 0.4656596, 0.4656596], dtype=float32), array([0.46623048, 0.46623048, 0.46623048], dtype=float32), array([0.4664407, 0.4664407, 0.4664407], dtype=float32), array([0.46878475, 0.46878475, 0.46878475], dtype=float32), array([0.47107354, 0.47107354, 0.47107354], dtype=float32), array([0.47255465, 0.47255465, 0.47255465], dtype=float32)]","[array([[2.4364401e-01, 5.1598173e-01, 2.4037422e-01],
       [5.4973800e-04, 9.9897003e-01, 4.8024877e-04],
       [2.5880024e-01, 4.8531282e-01, 2.5588685e-01]], dtype=float32), array([[0.22932082, 0.5954226 , 0.17525655],
       [0.00537281, 0.9933929 , 0.00123425],
       [0.35053185, 0.2735774 , 0.37589067]], dtype=float32), array([[2.4336587e-01, 5.1655078e-01, 2.4008340e-01],
       [5.4314878e-04, 9.9898261e-01, 4.7425696e-04],
       [2.5857589e-01, 4.8577344e-01, 2.5565067e-01]], dtype=float32), array([[3.7594265e-01, 2.5479746e-01, 3.6925989e-01],
       [6.6203595e-04, 9.9841022e-01, 9.2777779e-04],
       [3.3721679e-01, 3.2608786e-01, 3.3669537e-01]], dtype=float32), array([[2.4328004e-01, 5.1671416e-01, 2.4000585e-01],
       [5.3971744e-04, 9.9898893e-01, 4.7140292e-04],
       [2.5845650e-01, 4.8600626e-01, 2.5553718e-01]], dtype=float32), array([[2.7699313e-01, 4.5834705e-01, 2.6465985e-01],
       [1.6565664e-03, 9.9741483e-01, 9.2858961e-04],
       [3.3630782e-01, 3.2648125e-01, 3.3721095e-01]], dtype=float32), array([[3.4906912e-01, 3.0261746e-01, 3.4831339e-01],
       [8.3469454e-04, 9.9823582e-01, 9.2947623e-04],
       [3.3704513e-01, 3.2607883e-01, 3.3687598e-01]], dtype=float32), array([[2.0042035e-01, 6.1858153e-01, 1.8099807e-01],
       [8.7059155e-04, 9.9866903e-01, 4.6035604e-04],
       [2.6630661e-01, 4.8126525e-01, 2.5242820e-01]], dtype=float32), array([[3.4859791e-01, 3.0353215e-01, 3.4786993e-01],
       [7.9115620e-04, 9.9832755e-01, 8.8123436e-04],
       [3.3653498e-01, 3.2707492e-01, 3.3639011e-01]], dtype=float32), array([[2.4200410e-01, 5.1928610e-01, 2.3870987e-01],
       [4.9775827e-04, 9.9906808e-01, 4.3424338e-04],
       [2.5730971e-01, 4.8832306e-01, 2.5436726e-01]], dtype=float32), array([[2.6650143e-01, 4.6476290e-01, 2.6873565e-01],
       [3.7237213e-04, 9.9920851e-01, 4.1922403e-04],
       [2.5271070e-01, 4.9203822e-01, 2.5525105e-01]], dtype=float32), array([[0.28060555, 0.4569355 , 0.26245892],
       [0.00238513, 0.99657226, 0.00104265],
       [0.35724372, 0.27188483, 0.37087145]], dtype=float32), array([[1.7717688e-01, 6.7416173e-01, 1.4866136e-01],
       [9.1632333e-04, 9.9871790e-01, 3.6576044e-04],
       [2.6772445e-01, 4.8462081e-01, 2.4765471e-01]], dtype=float32), array([[2.3829760e-01, 5.2680850e-01, 2.3489387e-01],
       [3.9727060e-04, 9.9925798e-01, 3.4468167e-04],
       [2.5420290e-01, 4.9464452e-01, 2.5115255e-01]], dtype=float32), array([[2.7052146e-01, 4.7234452e-01, 2.5713408e-01],
       [1.1780910e-03, 9.9818426e-01, 6.3759892e-04],
       [3.3392125e-01, 3.3198017e-01, 3.3409858e-01]], dtype=float32), array([[2.2012068e-01, 6.1445296e-01, 1.6542639e-01],
       [3.8041146e-03, 9.9538773e-01, 8.0815278e-04],
       [3.4999052e-01, 2.7617222e-01, 3.7383729e-01]], dtype=float32), array([[2.9265350e-01, 4.2034885e-01, 2.8699765e-01],
       [8.3317445e-04, 9.9859828e-01, 5.6860468e-04],
       [3.3338031e-01, 3.3323136e-01, 3.3338833e-01]], dtype=float32), array([[2.5150412e-01, 4.8893425e-01, 2.5956160e-01],
       [1.2830185e-04, 9.9967539e-01, 1.9626375e-04],
       [2.0271738e-01, 5.8412844e-01, 2.1315417e-01]], dtype=float32), array([[1.6955973e-01, 6.8940932e-01, 1.4103097e-01],
       [6.7262811e-04, 9.9906963e-01, 2.5773750e-04],
       [2.6357451e-01, 4.9370646e-01, 2.4271901e-01]], dtype=float32), array([[1.6893782e-01, 6.9064212e-01, 1.4042009e-01],
       [6.5757142e-04, 9.9909115e-01, 2.5128623e-04],
       [2.6315695e-01, 4.9461180e-01, 2.4223131e-01]], dtype=float32), array([[2.5896797e-01, 4.7978029e-01, 2.6125178e-01],
       [2.1818545e-04, 9.9953580e-01, 2.4601136e-04],
       [2.4503228e-01, 5.0738269e-01, 2.4758506e-01]], dtype=float32), array([[1.6736430e-01, 6.9378495e-01, 1.3885073e-01],
       [6.2375772e-04, 9.9913955e-01, 2.3664733e-04],
       [2.6211670e-01, 4.9688634e-01, 2.4099696e-01]], dtype=float32), array([[3.4443760e-01, 3.1161225e-01, 3.4395012e-01],
       [4.2898091e-04, 9.9909234e-01, 4.7868903e-04],
       [3.3210286e-01, 3.3574304e-01, 3.3215407e-01]], dtype=float32), array([[2.1461935e-01, 6.2602693e-01, 1.5935370e-01],
       [3.1935866e-03, 9.9615979e-01, 6.4658013e-04],
       [3.4951308e-01, 2.7799565e-01, 3.7249127e-01]], dtype=float32), array([[1.8554153e-01, 6.4901572e-01, 1.6544278e-01],
       [4.7680992e-04, 9.9928647e-01, 2.3671871e-04],
       [2.5717732e-01, 5.0087267e-01, 2.4195002e-01]], dtype=float32), array([[2.6615563e-01, 4.8176557e-01, 2.5207877e-01],
       [9.2951738e-04, 9.9857998e-01, 4.9054116e-04],
       [3.3246744e-01, 3.3532557e-01, 3.3220693e-01]], dtype=float32), array([[2.6624760e-01, 4.8157242e-01, 2.5218004e-01],
       [9.3660911e-04, 9.9856877e-01, 4.9455860e-04],
       [3.3249247e-01, 3.3526805e-01, 3.3223939e-01]], dtype=float32), array([[3.7280315e-01, 2.6028341e-01, 3.6691338e-01],
       [3.5159648e-04, 9.9914825e-01, 5.0017476e-04],
       [3.3227399e-01, 3.3531770e-01, 3.3240828e-01]], dtype=float32), array([[2.3190957e-01, 5.3966427e-01, 2.2842623e-01],
       [2.9003058e-04, 9.9945933e-01, 2.5064510e-04],
       [2.4820070e-01, 5.0675291e-01, 2.4504639e-01]], dtype=float32), array([[2.6722574e-01, 4.7945669e-01, 2.5331759e-01],
       [9.8203658e-04, 9.9849665e-01, 5.2138639e-04],
       [3.3284089e-01, 3.3446649e-01, 3.3269265e-01]], dtype=float32), array([[2.6726729e-01, 4.7936118e-01, 2.5337157e-01],
       [9.8288304e-04, 9.9849510e-01, 5.2203261e-04],
       [3.3284441e-01, 3.3445829e-01, 3.3269727e-01]], dtype=float32)]","[array([0.45342833, 0.45342833, 0.45342833], dtype=float32), array([0.45544755, 0.45544755, 0.45544755], dtype=float32), array([0.45768967, 0.45768967, 0.45768967], dtype=float32), array([0.45973375, 0.45973375, 0.45973375], dtype=float32), array([0.4622981, 0.4622981, 0.4622981], dtype=float32), array([0.46444604, 0.46444604, 0.46444604], dtype=float32), array([0.4658264, 0.4658264, 0.4658264], dtype=float32), array([0.46859166, 0.46859166, 0.46859166], dtype=float32), array([0.47061932, 0.47061932, 0.47061932], dtype=float32), array([0.47210866, 0.47210866, 0.47210866], dtype=float32), array([0.4731903, 0.4731903, 0.4731903], dtype=float32), array([0.47334537, 0.47334537, 0.47334537], dtype=float32), array([0.47322327, 0.47322327, 0.47322327], dtype=float32), array([0.47290567, 0.47290567, 0.47290567], dtype=float32), array([0.47203475, 0.47203475, 0.47203475], dtype=float32), array([0.47075996, 0.47075996, 0.47075996], dtype=float32), array([0.4690624, 0.4690624, 0.4690624], dtype=float32), array([0.4670737, 0.4670737, 0.4670737], dtype=float32), array([0.46649653, 0.46649653, 0.46649653], dtype=float32), array([0.46592635, 0.46592635, 0.46592635], dtype=float32), array([0.46595103, 0.46595103, 0.46595103], dtype=float32), array([0.4653581, 0.4653581, 0.4653581], dtype=float32), array([0.4656451, 0.4656451, 0.4656451], dtype=float32), array([0.46569622, 0.46569622, 0.46569622], dtype=float32), array([0.46504655, 0.46504655, 0.46504655], dtype=float32), array([0.46565953, 0.46565953, 0.46565953], dtype=float32), array([0.46623045, 0.46623045, 0.46623045], dtype=float32), array([0.46644062, 0.46644062, 0.46644062], dtype=float32), array([0.46878478, 0.46878478, 0.46878478], dtype=float32), array([0.47107348, 0.47107348, 0.47107348], dtype=float32), array([0.47255462, 0.47255462, 0.47255462], dtype=float32)]",1,0,0,0,0,0,35.26229508196721,25.585245901639347,0.0001577714929518332,0.0003501258429312582,9.35,9.35,2000,28000,28000,2000,0.32545356910284257,0.003169540548697114,0.4722185432910919,879.66552734375,1.0,0.0013802934991,14.0,433566,0.22952313721179962,-0.66872239112854,0.3287717401981354,81158,0.004101377911865711,0.0,999.0,30969,-0.020144276320934296,367.98328912468116,1.0,0.0393447157605,0.0,0.0013802934991,14.0,433566,0.0,30969,23810,999.0,367.98276943877323,93000,0,1302000,61938,104968,867132,1105.0599116002006,6403519.933125779,6689610.509290886,2.0,-10.5,2,50,0.0017105603209347465,700,9.64,14.0,0.15312194301606508,0.00031889572635291036,100,10.5,28100,4.7085697725308364e-05,1.0067001104206028,1.0067001104206028,2,0.0001036772678422942,9.64,0.0003851926939688476,0.0001689995669892556,1400,9.64,1400,100,100,6.799771610681144e-06,3.309809297173835e-05,1.996449756961945e-05,7.390062811241179e-06,4.161530277408282e-05,2.8150370826551774e-05,0.00014366775290998348,4.605234806610849e-05,1.5797947296038244e-05,2.810715952632169e-05,2.152104111959899e-05,0.052200771626511606,0.006641755476483321,0.04892755797647886,0.1656111255979128,0.03486341201305849,0.01621234497617923,0.0001739826735991057,0.007915735244750977,108066,1.0,498.0,95.56942749023438,0.4722185730934143,421.0,434.0,-0.02555844932794571,1512924,0.2139071673154831,0.32403755,0.004270047415047884,3025848,651000,9114000,216132,11819.838881551623,498.0,108066,421.0,434.0,1512924,0.0,3.078815158307742e-05,4.927727081028804e-05,0.0001600337267922466,2.3278858694802157e-05,3.018293112363977e-05,1.7237605855908212e-05,3.515547747084331e-05,7.90328700897376e-06,6.861871204927898e-06,2.0389496640217318e-05,4.4401601443733146e-05
1,30000,False,15,cf747_00000,2025-08-17_23-42-23,1755474143,84.52973055839539,1296.2730906009674,760236,intrinsic-attention2,10.156.0.3,1296.2730906009674,15,87.22027836223674,1.6168072296522306e-05,87.22003630468669,2.533268234323981,84.3511476346498,0.001977485497099196,2.504528290429154,0.0002679699973668903,9.81,2,2000,10.5,2,30000,9.62213053247278e-05,1000,4.5612460140818314e-05,1.0067001111073661,1.0067001111073661,14.0,0.001478363549686037,2.0,15000,-9.5,664.6899633340472,2000.0,3000.0,"[array([0.47364223, 0.47364223, 0.47364223], dtype=float32), array([0.4740514, 0.4740514, 0.4740514], dtype=float32), array([0.474101, 0.474101, 0.474101], dtype=float32), array([0.47403854, 0.47403854, 0.47403854], dtype=float32), array([0.4735226, 0.4735226, 0.4735226], dtype=float32), array([0.47312558, 0.47312558, 0.47312558], dtype=float32), array([0.47259438, 0.47259438, 0.47259438], dtype=float32), array([0.47219944, 0.47219944, 0.47219944], dtype=float32), array([0.4720555, 0.4720555, 0.4720555], dtype=float32), array([0.4717606, 0.4717606, 0.4717606], dtype=float32), array([0.47141644, 0.47141644, 0.47141644], dtype=float32), array([0.47107932, 0.47107932, 0.47107932], dtype=float32), array([0.4707871, 0.4707871, 0.4707871], dtype=float32), array([0.47024006, 0.47024006, 0.47024006], dtype=float32), array([0.46942574, 0.46942574, 0.46942574], dtype=float32), array([0.46904272, 0.46904272, 0.46904272], dtype=float32), array([0.46892348, 0.46892348, 0.46892348], dtype=float32), array([0.4686151, 0.4686151, 0.4686151], dtype=float32), array([0.46861273, 0.46861273, 0.46861273], dtype=float32), array([0.46866506, 0.46866506, 0.46866506], dtype=float32), array([0.46836326, 0.46836326, 0.46836326], dtype=float32), array([0.4682964, 0.4682964, 0.4682964], dtype=float32), array([0.4682322, 0.4682322, 0.4682322], dtype=float32), array([0.46793276, 0.46793276, 0.46793276], dtype=float32), array([0.46764892, 0.46764892, 0.46764892], dtype=float32), array([0.46742907, 0.46742907, 0.46742907], dtype=float32), array([0.46734056, 0.46734056, 0.46734056], dtype=float32), array([0.4673238, 0.4673238, 0.4673238], dtype=float32), array([0.46765617, 0.46765617, 0.46765617], dtype=float32), array([0.468143, 0.468143, 0.468143], dtype=float32), array([0.46876225, 0.46876225, 0.46876225], dtype=float32)]","[array([[3.7328452e-01, 2.5944316e-01, 3.6727226e-01],
       [3.6964761e-04, 9.9910432e-01, 5.2596722e-04],
       [3.3273828e-01, 3.3444738e-01, 3.3281437e-01]], dtype=float32), array([[2.5951812e-01, 4.7864643e-01, 2.6183543e-01],
       [2.4216845e-04, 9.9948442e-01, 2.7329085e-04],
       [2.4548624e-01, 5.0643224e-01, 2.4808149e-01]], dtype=float32), array([[3.4604338e-01, 3.0849779e-01, 3.4545884e-01],
       [5.3344871e-04, 9.9887055e-01, 5.9602578e-04],
       [3.3358553e-01, 3.3283988e-01, 3.3357453e-01]], dtype=float32), array([[2.7054146e-01, 4.7225219e-01, 2.5720635e-01],
       [1.1630881e-03, 9.9820685e-01, 6.3013803e-04],
       [3.3386412e-01, 3.3211240e-01, 3.3402351e-01]], dtype=float32), array([[2.9548684e-01, 4.1426682e-01, 2.9024634e-01],
       [9.8935154e-04, 9.9832481e-01, 6.8590528e-04],
       [3.3443889e-01, 3.3093572e-01, 3.3462545e-01]], dtype=float32), array([[3.7531322e-01, 2.5595021e-01, 3.6873654e-01],
       [5.2293419e-04, 9.9873585e-01, 7.4127602e-04],
       [3.3521035e-01, 3.2982969e-01, 3.3495992e-01]], dtype=float32), array([[3.7566873e-01, 2.5535297e-01, 3.6897826e-01],
       [5.6383101e-04, 9.9863750e-01, 7.9863070e-04],
       [3.3564675e-01, 3.2901797e-01, 3.3533525e-01]], dtype=float32), array([[2.7551317e-01, 4.6143851e-01, 2.6304829e-01],
       [1.5232575e-03, 9.9762577e-01, 8.5104257e-04],
       [3.3535922e-01, 3.2867488e-01, 3.3596590e-01]], dtype=float32), array([[0.28219432, 0.45365366, 0.26415202],
       [0.00275902, 0.9960253 , 0.00121567],
       [0.35761884, 0.27061483, 0.37176627]], dtype=float32), array([[2.4334012e-01, 5.1648396e-01, 2.4017581e-01],
       [5.6329643e-04, 9.9894220e-01, 4.9457705e-04],
       [2.5792438e-01, 4.8698655e-01, 2.5508904e-01]], dtype=float32), array([[0.23143388, 0.5912496 , 0.17731656],
       [0.00590074, 0.9927227 , 0.00137654],
       [0.3506549 , 0.2727618 , 0.37658334]], dtype=float32), array([[0.28456736, 0.44846416, 0.2669685 ],
       [0.00325353, 0.9952893 , 0.00145714],
       [0.35802677, 0.26935783, 0.3726154 ]], dtype=float32), array([[0.23358308, 0.58672565, 0.17969124],
       [0.0063811 , 0.9921028 , 0.00151611],
       [0.35078266, 0.27213335, 0.37708402]], dtype=float32), array([[0.28162533, 0.44811046, 0.27026424],
       [0.00208652, 0.99670595, 0.00120754],
       [0.33746958, 0.32382366, 0.33870676]], dtype=float32), array([[0.2822957 , 0.44664392, 0.27106035],
       [0.00216186, 0.9965821 , 0.00125614],
       [0.33769122, 0.32331464, 0.3389942 ]], dtype=float32), array([[3.7830907e-01, 2.5084880e-01, 3.7084210e-01],
       [9.5845549e-04, 9.9769884e-01, 1.3427002e-03],
       [3.3955815e-01, 3.2176906e-01, 3.3867276e-01]], dtype=float32), array([[0.28400406, 0.4429076 , 0.2730884 ],
       [0.00238626, 0.99621224, 0.00140147],
       [0.3382012 , 0.32214352, 0.33965528]], dtype=float32), array([[0.3061221 , 0.39144677, 0.3024311 ],
       [0.0019389 , 0.99663603, 0.00142495],
       [0.3385572 , 0.3220496 , 0.33939323]], dtype=float32), array([[2.0957397e-01, 5.9941113e-01, 1.9101483e-01],
       [1.3027763e-03, 9.9797207e-01, 7.2505750e-04],
       [2.7038303e-01, 4.7221497e-01, 2.5740203e-01]], dtype=float32), array([[1.9132802e-01, 6.4535594e-01, 1.6331607e-01],
       [1.6324323e-03, 9.9765944e-01, 7.0806267e-04],
       [2.7425560e-01, 4.7007000e-01, 2.5567436e-01]], dtype=float32), array([[0.26836264, 0.49221173, 0.23942561],
       [0.00489663, 0.9933007 , 0.00180266],
       [0.35579154, 0.26927307, 0.37493536]], dtype=float32), array([[0.38471916, 0.24388349, 0.3713974 ],
       [0.00104839, 0.99717027, 0.00178147],
       [0.32006696, 0.35714236, 0.32279068]], dtype=float32), array([[0.2830693 , 0.44494048, 0.2719902 ],
       [0.00231461, 0.9963303 , 0.00135502],
       [0.33766663, 0.32337517, 0.33895826]], dtype=float32), array([[3.7818208e-01, 2.5114006e-01, 3.7067789e-01],
       [9.7843236e-04, 9.9764806e-01, 1.3734822e-03],
       [3.3914232e-01, 3.2254741e-01, 3.3831030e-01]], dtype=float32), array([[0.3516042 , 0.29778686, 0.35060892],
       [0.00123383, 0.99738306, 0.00138315],
       [0.3388346 , 0.32261425, 0.33855113]], dtype=float32), array([[3.9138457e-01, 2.4565676e-01, 3.6295876e-01],
       [1.2923051e-04, 9.9932015e-01, 5.5061845e-04],
       [1.9720836e-01, 5.6869882e-01, 2.3409280e-01]], dtype=float32), array([[2.7390745e-01, 4.4984534e-01, 2.7624723e-01],
       [6.5405085e-04, 9.9860436e-01, 7.4164727e-04],
       [2.5926360e-01, 4.7873220e-01, 2.6200414e-01]], dtype=float32), array([[0.28405303, 0.44278413, 0.27316287],
       [0.00244275, 0.9961184 , 0.00143879],
       [0.33797082, 0.32267746, 0.3393518 ]], dtype=float32), array([[0.3061744 , 0.39130893, 0.3025166 ],
       [0.0019517 , 0.9966102 , 0.00143797],
       [0.33836493, 0.32247177, 0.3391633 ]], dtype=float32), array([[0.30619195, 0.39127973, 0.30252826],
       [0.00194969, 0.99661475, 0.0014355 ],
       [0.3384475 , 0.32229128, 0.33926117]], dtype=float32), array([[2.7406430e-01, 4.4953161e-01, 2.7640408e-01],
       [6.6164631e-04, 9.9858803e-01, 7.5029995e-04],
       [2.5941399e-01, 4.7842988e-01, 2.6215619e-01]], dtype=float32)]","[array([0.47364226, 0.47364226, 0.47364226], dtype=float32), array([0.47405127, 0.47405127, 0.47405127], dtype=float32), array([0.474101, 0.474101, 0.474101], dtype=float32), array([0.4740385, 0.4740385, 0.4740385], dtype=float32), array([0.47352257, 0.47352257, 0.47352257], dtype=float32), array([0.47312567, 0.47312567, 0.47312567], dtype=float32), array([0.47259447, 0.47259447, 0.47259447], dtype=float32), array([0.47219944, 0.47219944, 0.47219944], dtype=float32), array([0.47205552, 0.47205552, 0.47205552], dtype=float32), array([0.4717606, 0.4717606, 0.4717606], dtype=float32), array([0.47141644, 0.47141644, 0.47141644], dtype=float32), array([0.47107932, 0.47107932, 0.47107932], dtype=float32), array([0.47078708, 0.47078708, 0.47078708], dtype=float32), array([0.47024006, 0.47024006, 0.47024006], dtype=float32), array([0.46942577, 0.46942577, 0.46942577], dtype=float32), array([0.46904275, 0.46904275, 0.46904275], dtype=float32), array([0.46892354, 0.46892354, 0.46892354], dtype=float32), array([0.46861523, 0.46861523, 0.46861523], dtype=float32), array([0.4686128, 0.4686128, 0.4686128], dtype=float32), array([0.4686649, 0.4686649, 0.4686649], dtype=float32), array([0.4683631, 0.4683631, 0.4683631], dtype=float32), array([0.46829638, 0.46829638, 0.46829638], dtype=float32), array([0.46823218, 0.46823218, 0.46823218], dtype=float32), array([0.46793273, 0.46793273, 0.46793273], dtype=float32), array([0.46764877, 0.46764877, 0.46764877], dtype=float32), array([0.46742892, 0.46742892, 0.46742892], dtype=float32), array([0.4673407, 0.4673407, 0.4673407], dtype=float32), array([0.46732384, 0.46732384, 0.46732384], dtype=float32), array([0.46765622, 0.46765622, 0.46765622], dtype=float32), array([0.468143, 0.468143, 0.468143], dtype=float32), array([0.4687622, 0.4687622, 0.4687622], dtype=float32)]",1,0,0,0,0,0,31.321487603305787,24.71818181818182,0.00015693562985724896,0.00035175875339515803,9.81,9.81,2000,30000,30000,2000,0.32530551293187965,0.001584770274348557,0.4722185432910919,22260.55859375,1.0,0.0013802934991,15.0,464535,0.22967052459716797,-1.0,0.34493279457092285,81158,0.0023735950235277414,0.0,999.0,30969,-0.003964501433074474,368.22860650458784,1.0,0.0393447157605,0.0,0.0013802934991,15.0,464535,0.0,30969,23810,999.0,368.2281090641761,93000,0,1395000,61938,104968,929070,1105.796345407883,6401448.280000041,6689939.753782269,2.0,-9.5,2,50,0.001610187070327811,750,9.84,15.0,0.1529014678158996,0.0003171871891221302,100,10.5,30100,4.697926605510154e-05,1.0067001109552822,1.0067001109552822,2,0.00010257874437526613,9.84,0.00037884865227041416,0.00016666112675078987,1500,9.84,1500,100,100,6.912989502279321e-06,3.263756444261025e-05,1.9854826209719855e-05,7.510020706371323e-06,4.1936076238372284e-05,2.804906944985321e-05,0.00014658006918086378,4.5980677379507564e-05,1.5573564395459657e-05,2.8123938964600606e-05,2.1278544903131977e-05,0.05220608692012931,0.006639868411772072,0.0488941779267449,0.16556276311197227,0.034808388003021044,0.016196221986498706,0.00017396590684005375,0.004521489143371582,108066,1.0,498.0,95.16211700439453,0.4722185730934143,451.0,465.0,-0.02710520476102829,1620990,0.22161665558815002,0.32212538,0.0020566724706441164,3241980,651000,9765000,216132,11741.049839693269,498.0,108066,451.0,465.0,1620990,0.0,3.061878260973683e-05,4.7932650499820155e-05,0.00015736249442657247,2.2821791098837006e-05,2.987661914345288e-05,1.687866031567052e-05,3.434299482338536e-05,7.77029221696105e-06,6.76044517558226e-06,2.0564509030404987e-05,4.3786761030001154e-05
1,32000,False,16,cf747_00000,2025-08-17_23-43-49,1755474229,85.28820371627808,1381.5612943172455,760236,intrinsic-attention2,10.156.0.3,1381.5612943172455,16,87.19952492394427,1.6124211591761012e-05,87.19928202355982,2.5334941452907205,84.33028265829324,0.0019752027222064315,2.504743670274796,0.0002679699973668903,9.78,2,2000,10.5,2,32000,9.599883000351881e-05,1000,4.561895205943067e-05,1.0067001111073661,1.0067001111073661,15.0,0.0014950795601180289,2.0,16000,-9.5,650.5391318479508,2000.0,3000.0,"[array([0.46896562, 0.46896562, 0.46896562], dtype=float32), array([0.46915293, 0.46915293, 0.46915293], dtype=float32), array([0.46927494, 0.46927494, 0.46927494], dtype=float32), array([0.46926746, 0.46926746, 0.46926746], dtype=float32), array([0.47020432, 0.47020432, 0.47020432], dtype=float32), array([0.47120422, 0.47120422, 0.47120422], dtype=float32), array([0.47214565, 0.47214565, 0.47214565], dtype=float32), array([0.47318503, 0.47318503, 0.47318503], dtype=float32), array([0.47402143, 0.47402143, 0.47402143], dtype=float32), array([0.47519308, 0.47519308, 0.47519308], dtype=float32), array([0.47637329, 0.47637329, 0.47637329], dtype=float32), array([0.47761768, 0.47761768, 0.47761768], dtype=float32), array([0.47885326, 0.47885326, 0.47885326], dtype=float32), array([0.48013255, 0.48013255, 0.48013255], dtype=float32), array([0.4813414, 0.4813414, 0.4813414], dtype=float32), array([0.4823518, 0.4823518, 0.4823518], dtype=float32), array([0.4831405, 0.4831405, 0.4831405], dtype=float32), array([0.48335895, 0.48335895, 0.48335895], dtype=float32), array([0.48350474, 0.48350474, 0.48350474], dtype=float32), array([0.48373172, 0.48373172, 0.48373172], dtype=float32), array([0.48400298, 0.48400298, 0.48400298], dtype=float32), array([0.48435533, 0.48435533, 0.48435533], dtype=float32), array([0.48463213, 0.48463213, 0.48463213], dtype=float32), array([0.48508307, 0.48508307, 0.48508307], dtype=float32), array([0.4856104, 0.4856104, 0.4856104], dtype=float32), array([0.48577604, 0.48577604, 0.48577604], dtype=float32), array([0.48621798, 0.48621798, 0.48621798], dtype=float32), array([0.48648444, 0.48648444, 0.48648444], dtype=float32), array([0.48702994, 0.48702994, 0.48702994], dtype=float32), array([0.48734465, 0.48734465, 0.48734465], dtype=float32), array([0.48803234, 0.48803234, 0.48803234], dtype=float32)]","[array([[1.9287260e-01, 6.4208591e-01, 1.6504145e-01],
       [1.7066152e-03, 9.9754590e-01, 7.4755098e-04],
       [2.7492145e-01, 4.6850473e-01, 2.5657386e-01]], dtype=float32), array([[0.30645603, 0.39077014, 0.3027738 ],
       [0.00196049, 0.99660146, 0.00143803],
       [0.33905005, 0.3209748 , 0.33997518]], dtype=float32), array([[0.35287115, 0.2953354 , 0.35179344],
       [0.00128686, 0.9972703 , 0.00144273],
       [0.3401181 , 0.3201178 , 0.33976406]], dtype=float32), array([[0.28532887, 0.44001973, 0.27465147],
       [0.00246886, 0.99607545, 0.00145568],
       [0.33902255, 0.3202502 , 0.34072718]], dtype=float32), array([[1.9324863e-01, 6.4112610e-01, 1.6562521e-01],
       [1.7116138e-03, 9.9753380e-01, 7.5456733e-04],
       [2.7471933e-01, 4.6881169e-01, 2.5646895e-01]], dtype=float32), array([[0.27005523, 0.48826668, 0.24167807],
       [0.00519564, 0.9928636 , 0.00194087],
       [0.35601386, 0.26868615, 0.37529993]], dtype=float32), array([[0.23811059, 0.5772568 , 0.18463263],
       [0.0075921 , 0.9905342 , 0.0018737 ],
       [0.35100895, 0.27084315, 0.37814787]], dtype=float32), array([[2.0562905e-01, 6.0756481e-01, 1.8680620e-01],
       [1.1019747e-03, 9.9829525e-01, 6.0274644e-04],
       [2.6815474e-01, 4.7703469e-01, 2.5481066e-01]], dtype=float32), array([[0.26407036, 0.501274  , 0.23465556],
       [0.00361412, 0.99510217, 0.00128364],
       [0.35575584, 0.26992038, 0.37432376]], dtype=float32), array([[2.6546267e-01, 4.6668884e-01, 2.6784843e-01],
       [3.5965967e-04, 9.9923253e-01, 4.0785287e-04],
       [2.5083464e-01, 4.9560726e-01, 2.5355816e-01]], dtype=float32), array([[2.7656487e-01, 4.5919251e-01, 2.6424262e-01],
       [1.3551398e-03, 9.9789619e-01, 7.4860553e-04],
       [3.3742112e-01, 3.2391658e-01, 3.3866230e-01]], dtype=float32), array([[2.0706037e-01, 6.5214676e-01, 1.4079285e-01],
       [5.1325290e-03, 9.9399370e-01, 8.7377598e-04],
       [3.4822574e-01, 2.7459610e-01, 3.7717816e-01]], dtype=float32), array([[2.7389488e-01, 4.6501178e-01, 2.6109335e-01],
       [1.1257464e-03, 9.9826485e-01, 6.0935470e-04],
       [3.3699957e-01, 3.2488304e-01, 3.3811730e-01]], dtype=float32), array([[1.8818833e-01, 6.4345354e-01, 1.6835812e-01],
       [5.3089892e-04, 9.9920100e-01, 2.6817690e-04],
       [2.5821373e-01, 4.9850780e-01, 2.4327843e-01]], dtype=float32), array([[2.9565772e-01, 4.1424018e-01, 2.9010212e-01],
       [8.5561542e-04, 9.9856925e-01, 5.7512068e-04],
       [3.3759689e-01, 3.2402620e-01, 3.3837688e-01]], dtype=float32), array([[2.7404788e-01, 4.6468216e-01, 2.6126999e-01],
       [1.0790044e-03, 9.9833918e-01, 5.8183778e-04],
       [3.3751330e-01, 3.2369515e-01, 3.3879152e-01]], dtype=float32), array([[3.5168037e-01, 2.9753500e-01, 3.5078466e-01],
       [5.3243747e-04, 9.9887031e-01, 5.9730338e-04],
       [3.3889401e-01, 3.2246873e-01, 3.3863729e-01]], dtype=float32), array([[2.7487567e-01, 4.6288243e-01, 2.6224193e-01],
       [1.1085942e-03, 9.9829167e-01, 5.9983612e-04],
       [3.3792740e-01, 3.2273930e-01, 3.3933333e-01]], dtype=float32), array([[2.7676994e-01, 4.6568239e-01, 2.5754768e-01],
       [1.8515383e-03, 9.9737275e-01, 7.7566790e-04],
       [3.5756949e-01, 2.7085429e-01, 3.7157622e-01]], dtype=float32), array([[3.7728292e-01, 2.5192392e-01, 3.7079313e-01],
       [4.3420171e-04, 9.9896026e-01, 6.0551352e-04],
       [3.3953959e-01, 3.2170686e-01, 3.3875352e-01]], dtype=float32), array([[2.6122195e-01, 4.7514391e-01, 2.6363412e-01],
       [2.6061066e-04, 9.9944359e-01, 2.9583910e-04],
       [2.4648927e-01, 5.0429547e-01, 2.4921529e-01]], dtype=float32), array([[1.7385405e-01, 6.7977965e-01, 1.4636625e-01],
       [7.4257934e-04, 9.9895823e-01, 2.9911165e-04],
       [2.6352218e-01, 4.9298632e-01, 2.4349149e-01]], dtype=float32), array([[1.8934315e-01, 6.4106399e-01, 1.6959283e-01],
       [5.5668026e-04, 9.9916041e-01, 2.8292902e-04],
       [2.5880617e-01, 4.9721006e-01, 2.4398372e-01]], dtype=float32), array([[2.9635999e-01, 4.1282284e-01, 2.9081723e-01],
       [8.7123300e-04, 9.9854553e-01, 5.8327487e-04],
       [3.3860967e-01, 3.2179689e-01, 3.3959338e-01]], dtype=float32), array([[3.7748155e-01, 2.5150114e-01, 3.7101737e-01],
       [4.2828702e-04, 9.9897611e-01, 5.9564749e-04],
       [3.4010667e-01, 3.2063830e-01, 3.3925498e-01]], dtype=float32), array([[2.5788760e-01, 5.1425093e-01, 2.2786151e-01],
       [2.3436905e-03, 9.9686486e-01, 7.9146866e-04],
       [3.5561040e-01, 2.7102670e-01, 3.7336287e-01]], dtype=float32), array([[2.7525654e-01, 4.6207425e-01, 2.6266915e-01],
       [1.1064321e-03, 9.9829537e-01, 5.9824844e-04],
       [3.3832854e-01, 3.2180908e-01, 3.3986238e-01]], dtype=float32), array([[3.7778983e-01, 2.5103867e-01, 3.7117147e-01],
       [4.6704002e-04, 9.9888235e-01, 6.5065769e-04],
       [3.4017336e-01, 3.2052717e-01, 3.3929944e-01]], dtype=float32), array([[2.7829212e-01, 4.6275765e-01, 2.5895014e-01],
       [2.1974992e-03, 9.9687862e-01, 9.2383352e-04],
       [3.5808638e-01, 2.6902354e-01, 3.7289014e-01]], dtype=float32), array([[2.7898124e-01, 4.5396304e-01, 2.6705572e-01],
       [1.3850350e-03, 9.9784744e-01, 7.6744263e-04],
       [3.3929551e-01, 3.1958175e-01, 3.4112281e-01]], dtype=float32), array([[3.7913996e-01, 2.4876818e-01, 3.7209183e-01],
       [6.0977647e-04, 9.9854243e-01, 8.4781850e-04],
       [3.4172714e-01, 3.1765544e-01, 3.4061739e-01]], dtype=float32)]","[array([0.46896565, 0.46896565, 0.46896565], dtype=float32), array([0.46915293, 0.46915293, 0.46915293], dtype=float32), array([0.46927497, 0.46927497, 0.46927497], dtype=float32), array([0.46926758, 0.46926758, 0.46926758], dtype=float32), array([0.47020435, 0.47020435, 0.47020435], dtype=float32), array([0.47120422, 0.47120422, 0.47120422], dtype=float32), array([0.47214577, 0.47214577, 0.47214577], dtype=float32), array([0.47318497, 0.47318497, 0.47318497], dtype=float32), array([0.47402143, 0.47402143, 0.47402143], dtype=float32), array([0.47519305, 0.47519305, 0.47519305], dtype=float32), array([0.47637334, 0.47637334, 0.47637334], dtype=float32), array([0.47761768, 0.47761768, 0.47761768], dtype=float32), array([0.47885326, 0.47885326, 0.47885326], dtype=float32), array([0.4801325, 0.4801325, 0.4801325], dtype=float32), array([0.48134145, 0.48134145, 0.48134145], dtype=float32), array([0.48235184, 0.48235184, 0.48235184], dtype=float32), array([0.4831405, 0.4831405, 0.4831405], dtype=float32), array([0.48335907, 0.48335907, 0.48335907], dtype=float32), array([0.48350468, 0.48350468, 0.48350468], dtype=float32), array([0.48373163, 0.48373163, 0.48373163], dtype=float32), array([0.48400295, 0.48400295, 0.48400295], dtype=float32), array([0.48435524, 0.48435524, 0.48435524], dtype=float32), array([0.48463216, 0.48463216, 0.48463216], dtype=float32), array([0.48508298, 0.48508298, 0.48508298], dtype=float32), array([0.48561028, 0.48561028, 0.48561028], dtype=float32), array([0.48577616, 0.48577616, 0.48577616], dtype=float32), array([0.486218, 0.486218, 0.486218], dtype=float32), array([0.48648435, 0.48648435, 0.48648435], dtype=float32), array([0.4870298, 0.4870298, 0.4870298], dtype=float32), array([0.4873445, 0.4873445, 0.4873445], dtype=float32), array([nan, nan, nan], dtype=float32)]",1,0,0,0,0,0,30.591803278688523,24.6,0.00015803585696797824,0.00035143670414380815,9.78,9.78,2000,32000,32000,2000,0.3252098052524482,0.0007923851371742785,0.4722185432910919,22679.7734375,1.0,0.0013802934991,16.0,495504,0.20361612737178802,-1.0,0.3474014699459076,81158,0.0024953868705779314,0.0,999.0,30969,-0.0015282101230695844,368.3700688247829,1.0,0.0393447157605,0.0,0.0013802934991,16.0,495504,0.0,30969,23810,999.0,368.369591889277,93000,0,1488000,61938,104968,991008,1106.2209189856555,6401085.060641209,6695058.549905747,2.0,9.5,2,50,0.0015873563999775798,800,10.04,16.0,0.15266225164771047,0.00031579056721525706,100,10.5,32100,4.5872316461228144e-05,1.0067001110736886,1.0067001110736886,2,0.00010103971617633749,10.04,0.0003724787719435255,0.00016442577386782822,1600,10.04,1600,100,100,6.7528521270350755e-06,3.3085600496964456e-05,2.0166897257412046e-05,7.5500044228743835e-06,4.28217993971086e-05,2.8143299137446616e-05,0.0001458722502228095,4.614055349650556e-05,1.570005657899939e-05,2.813163291407775e-05,2.1452960264855168e-05,0.05220427362087599,0.006636510017624001,0.04886464931750616,0.1655845392609022,0.03473857068304429,0.016181794456674347,0.00017383739784523927,0.008281528949737549,108066,1.0,498.0,95.56310272216797,0.4722185730934143,481.0,496.0,-0.028195861726999283,1729056,0.1997452974319458,0.32134622,0.0038117661606520414,3458112,651000,10416000,216132,11664.35705984259,498.0,108066,481.0,496.0,1729056,0.0,2.995709123715409e-05,4.7656768280299675e-05,0.00015452164118874307,2.2610626680306212e-05,2.9360658073625507e-05,1.6582021303752963e-05,3.394170829157345e-05,7.68893687056531e-06,6.697950694484652e-06,2.038361547121372e-05,4.341702057719792e-05
1,34000,False,17,cf747_00000,2025-08-17_23-45-14,1755474314,85.01756191253662,1466.578856229782,760236,intrinsic-attention2,10.156.0.3,1466.578856229782,17,87.17625133884471,1.6072829450898263e-05,87.1760077477842,2.532570248797811,84.30808899033026,0.001974330234987039,2.50382483778203,0.0002679699973668903,9.75,2,2000,10.5,2,34000,9.626139835188877e-05,1000,4.4895314592794546e-05,1.0067001111073661,1.0067001111073661,16.0,0.0014539803011575714,2.0,17000,-10.5,636.2003342903437,2000.0,3000.0,"[array([0.4888034, 0.4888034, 0.4888034], dtype=float32), array([0.48962632, 0.48962632, 0.48962632], dtype=float32), array([0.48987338, 0.48987338, 0.48987338], dtype=float32), array([0.49059016, 0.49059016, 0.49059016], dtype=float32), array([0.4916015, 0.4916015, 0.4916015], dtype=float32), array([0.49315602, 0.49315602, 0.49315602], dtype=float32), array([0.4947463, 0.4947463, 0.4947463], dtype=float32), array([0.496449, 0.496449, 0.496449], dtype=float32), array([0.49733454, 0.49733454, 0.49733454], dtype=float32), array([0.49825343, 0.49825343, 0.49825343], dtype=float32), array([0.49931, 0.49931, 0.49931], dtype=float32), array([0.5000482, 0.5000482, 0.5000482], dtype=float32), array([0.5011944, 0.5011944, 0.5011944], dtype=float32), array([0.5027972, 0.5027972, 0.5027972], dtype=float32), array([0.5046638, 0.5046638, 0.5046638], dtype=float32), array([0.5062743, 0.5062743, 0.5062743], dtype=float32), array([0.5073347, 0.5073347, 0.5073347], dtype=float32), array([0.5082069, 0.5082069, 0.5082069], dtype=float32), array([0.50921524, 0.50921524, 0.50921524], dtype=float32), array([0.51065683, 0.51065683, 0.51065683], dtype=float32), array([0.5117755, 0.5117755, 0.5117755], dtype=float32), array([0.51282114, 0.51282114, 0.51282114], dtype=float32), array([0.51388216, 0.51388216, 0.51388216], dtype=float32), array([0.51449496, 0.51449496, 0.51449496], dtype=float32), array([0.5152503, 0.5152503, 0.5152503], dtype=float32), array([0.5160379, 0.5160379, 0.5160379], dtype=float32), array([0.517548, 0.517548, 0.517548], dtype=float32), array([0.5192541, 0.5192541, 0.5192541], dtype=float32), array([0.521038, 0.521038, 0.521038], dtype=float32), array([0.522567, 0.522567, 0.522567], dtype=float32), array([0.5235639, 0.5235639, 0.5235639], dtype=float32)]","[array([[0.26363894, 0.5025894 , 0.23377164],
       [0.00352162, 0.99524826, 0.00123012],
       [0.3564051 , 0.2676522 , 0.3759427 ]], dtype=float32), array([[2.6759398e-01, 4.6239159e-01, 2.7001441e-01],
       [4.4656024e-04, 9.9904639e-01, 5.0702313e-04],
       [2.5282279e-01, 4.9157169e-01, 2.5560561e-01]], dtype=float32), array([[3.8050050e-01, 2.4648866e-01, 3.7301087e-01],
       [7.9927186e-04, 9.9809283e-01, 1.1078392e-03],
       [3.4341761e-01, 3.1454304e-01, 3.4203935e-01]], dtype=float32), array([[0.2833866 , 0.45195317, 0.2646602 ],
       [0.00327328, 0.9953099 , 0.00141681],
       [0.35914165, 0.26546046, 0.3753978 ]], dtype=float32), array([[2.6770395e-01, 4.6215659e-01, 2.7013952e-01],
       [4.5036859e-04, 9.9903786e-01, 5.1176274e-04],
       [2.5283742e-01, 4.9152187e-01, 2.5564072e-01]], dtype=float32), array([[3.5498530e-01, 2.9119268e-01, 3.5382202e-01],
       [9.2289830e-04, 9.9804097e-01, 1.0361626e-03],
       [3.4215105e-01, 3.1614578e-01, 3.4170318e-01]], dtype=float32), array([[0.2833294 , 0.4444323 , 0.27223834],
       [0.00180158, 0.99716955, 0.00102881],
       [0.34030926, 0.3172576 , 0.34243312]], dtype=float32), array([[3.8057643e-01, 2.4647021e-01, 3.7295339e-01],
       [7.2549540e-04, 9.9825865e-01, 1.0158047e-03],
       [3.4226683e-01, 3.1670159e-01, 3.4103158e-01]], dtype=float32), array([[2.0194253e-01, 6.1505556e-01, 1.8300189e-01],
       [9.4790605e-04, 9.9853992e-01, 5.1224552e-04],
       [2.6561627e-01, 4.8242098e-01, 2.5196269e-01]], dtype=float32), array([[0.21900839, 0.6291566 , 0.15183498],
       [0.0077766 , 0.99077785, 0.0014455 ],
       [0.34903023, 0.2688298 , 0.38214004]], dtype=float32), array([[0.26727417, 0.49491113, 0.23781474],
       [0.00432282, 0.99413514, 0.00154209],
       [0.35708228, 0.26509282, 0.3778249 ]], dtype=float32), array([[0.3565837 , 0.28816256, 0.35525376],
       [0.0011005 , 0.99765944, 0.00124012],
       [0.34335044, 0.31383994, 0.34280965]], dtype=float32), array([[0.28735346, 0.43556046, 0.27708614],
       [0.00218716, 0.99653256, 0.00128028],
       [0.34159335, 0.3143175 , 0.34408918]], dtype=float32), array([[0.28838703, 0.43328378, 0.27832925],
       [0.00230348, 0.9963397 , 0.00135681],
       [0.3419333 , 0.3135387 , 0.34452802]], dtype=float32), array([[0.38323683, 0.2420248 , 0.37473843],
       [0.0010326 , 0.99752337, 0.00144402],
       [0.34503964, 0.31163087, 0.34332943]], dtype=float32), array([[2.1204434e-01, 5.9401017e-01, 1.9394548e-01],
       [1.3537166e-03, 9.9788207e-01, 7.6412666e-04],
       [2.7155322e-01, 4.6946883e-01, 2.5897801e-01]], dtype=float32), array([[0.35857496, 0.28439754, 0.3570275 ],
       [0.00141535, 0.996985  , 0.00159958],
       [0.34503   , 0.31061587, 0.34435415]], dtype=float32), array([[2.1448423e-01, 5.8889300e-01, 1.9662277e-01],
       [1.4684176e-03, 9.9769396e-01, 8.3759963e-04],
       [2.7297479e-01, 4.6635011e-01, 2.6067504e-01]], dtype=float32), array([[0.29211614, 0.4318738 , 0.27601013],
       [0.00492857, 0.9927885 , 0.00228294],
       [0.36067525, 0.26140967, 0.37791514]], dtype=float32), array([[0.2931376 , 0.42958617, 0.27727622],
       [0.00527602, 0.992262  , 0.00246189],
       [0.3608425 , 0.26086628, 0.37829122]], dtype=float32), array([[2.8114277e-01, 4.3528786e-01, 2.8356943e-01],
       [9.1829390e-04, 9.9802810e-01, 1.0535939e-03],
       [2.6508397e-01, 4.6686593e-01, 2.6805016e-01]], dtype=float32), array([[0.38599396, 0.23739228, 0.3766138 ],
       [0.0016058 , 0.9961708 , 0.00222343],
       [0.34892875, 0.30453712, 0.34653407]], dtype=float32), array([[0.38629803, 0.23688553, 0.37681642],
       [0.0016908 , 0.995971  , 0.00233809],
       [0.34937826, 0.30372116, 0.34690067]], dtype=float32), array([[0.3866053 , 0.23635907, 0.37703556],
       [0.00176138, 0.9958061 , 0.0024325 ],
       [0.34984237, 0.30287492, 0.3472827 ]], dtype=float32), array([[0.26256245, 0.4768116 , 0.260626  ],
       [0.0014352 , 0.9972415 , 0.00132328],
       [0.27171296, 0.45833096, 0.26995602]], dtype=float32), array([[0.26358905, 0.47471258, 0.26169834],
       [0.00152007, 0.9970758 , 0.0014041 ],
       [0.2725336 , 0.45664865, 0.27081776]], dtype=float32), array([[0.254476  , 0.541975  , 0.20354888],
       [0.01300718, 0.98336756, 0.00362518],
       [0.3528344 , 0.2618349 , 0.38533068]], dtype=float32), array([[0.28654498, 0.42454568, 0.28890932],
       [0.00135435, 0.99709094, 0.00155474],
       [0.2704242 , 0.4561798 , 0.27339607]], dtype=float32), array([[0.28688404, 0.42387164, 0.28924432],
       [0.0013995 , 0.99699414, 0.0016064 ],
       [0.27077767, 0.45547262, 0.27374965]], dtype=float32), array([[0.3638973 , 0.2743598 , 0.36174288],
       [0.00276338, 0.9941093 , 0.00312737],
       [0.35024637, 0.3006303 , 0.3491233 ]], dtype=float32), array([[0.3638961 , 0.2743715 , 0.3617324 ],
       [0.00289992, 0.99381965, 0.00328036],
       [0.3502909 , 0.30054936, 0.34915975]], dtype=float32)]","[array([0.4888033, 0.4888033, 0.4888033], dtype=float32), array([0.48962626, 0.48962626, 0.48962626], dtype=float32), array([0.4898734, 0.4898734, 0.4898734], dtype=float32), array([0.49059018, 0.49059018, 0.49059018], dtype=float32), array([0.49160156, 0.49160156, 0.49160156], dtype=float32), array([0.49315605, 0.49315605, 0.49315605], dtype=float32), array([0.4947464, 0.4947464, 0.4947464], dtype=float32), array([0.4964491, 0.4964491, 0.4964491], dtype=float32), array([0.49733463, 0.49733463, 0.49733463], dtype=float32), array([0.49825355, 0.49825355, 0.49825355], dtype=float32), array([0.4993099, 0.4993099, 0.4993099], dtype=float32), array([0.5000482, 0.5000482, 0.5000482], dtype=float32), array([0.50119436, 0.50119436, 0.50119436], dtype=float32), array([0.5027972, 0.5027972, 0.5027972], dtype=float32), array([0.50466377, 0.50466377, 0.50466377], dtype=float32), array([0.5062742, 0.5062742, 0.5062742], dtype=float32), array([0.5073347, 0.5073347, 0.5073347], dtype=float32), array([0.50820696, 0.50820696, 0.50820696], dtype=float32), array([0.5092152, 0.5092152, 0.5092152], dtype=float32), array([0.5106568, 0.5106568, 0.5106568], dtype=float32), array([0.5117754, 0.5117754, 0.5117754], dtype=float32), array([0.51282114, 0.51282114, 0.51282114], dtype=float32), array([0.5138822, 0.5138822, 0.5138822], dtype=float32), array([0.51449513, 0.51449513, 0.51449513], dtype=float32), array([0.51525044, 0.51525044, 0.51525044], dtype=float32), array([0.5160378, 0.5160378, 0.5160378], dtype=float32), array([0.517548, 0.517548, 0.517548], dtype=float32), array([nan, nan, nan], dtype=float32), array([0.5210378, 0.5210378, 0.5210378], dtype=float32), array([0.522567, 0.522567, 0.522567], dtype=float32), array([0.52356404, 0.52356404, 0.52356404], dtype=float32)]",1,0,0,0,0,0,29.901652892561984,24.42809917355371,0.00015341445900828008,0.000343480665665999,9.75,9.75,2000,34000,34000,2000,0.32507146154997546,0.00039619256858713925,0.4722185432910919,21542.34765625,1.0,0.0013802934991,17.0,526473,0.1970326006412506,-1.0,0.34737247228622437,81158,0.0023038662038743496,0.0,999.0,30969,-0.0015641633654013276,368.51562439600536,1.0,0.0393447157605,0.0,0.0013802934991,17.0,526473,0.0,30969,23810,999.0,368.51516451005403,93000,0,1581000,61938,104968,1052946,1106.657799934868,6405969.465351205,6704311.534072736,2.0,9.5,2,50,0.0015858455408306327,850,10.04,17.0,0.15244256943121604,0.0003141876714918927,100,10.5,34100,4.594195826533795e-05,1.0067001110999096,1.0067001110999096,2,0.00010157003419851402,10.04,0.00037447228989989433,0.00016535589692027127,1700,10.04,1700,100,100,6.652249843495358e-06,3.238546407760371e-05,1.9538937347403836e-05,7.232746666904124e-06,4.0654756259378994e-05,2.814238275808895e-05,0.0001408417983466312,4.5123202735453244e-05,1.5684227925746356e-05,2.7313433715551437e-05,2.1160558905708448e-05,0.05220234153462618,0.006634680597441912,0.04884350228439568,0.16555832852835067,0.03466316688611406,0.01616875394211158,0.00017374894373500094,0.007651984691619873,108066,1.0,498.0,96.47986602783203,0.4722185730934143,511.0,527.0,-0.014707001857459545,1837122,0.1915416419506073,0.33449623,0.0016267277533188462,3674244,651000,11067000,216132,11590.702271587517,498.0,108066,511.0,527.0,1837122,0.0,2.986465156941186e-05,4.803972593338488e-05,0.00015470518339519553,2.309876308469917e-05,2.9592827676411638e-05,1.6791261000800852e-05,3.424784017871027e-05,7.832534993201682e-06,6.653618271820108e-06,2.0422201548216425e-05,4.317618886833285e-05
1,36000,False,18,cf747_00000,2025-08-17_23-46-38,1755474398,84.8213357925415,1551.4001920223236,760236,intrinsic-attention2,10.156.0.3,1551.4001920223236,18,87.15128281047616,1.6027711029708324e-05,87.15103820123636,2.5324999282897833,84.28332692514685,0.0019710959326162923,2.5037472924342925,0.0002679699973668903,9.98,2,2000,10.5,2,36000,9.794047578549572e-05,1000,4.6290560908576116e-05,1.0067001111073661,1.0067001111073661,17.0,0.0015298557402275037,2.0,18000,9.5,621.7277944990748,2000.0,3000.0,"[array([0.52438265, 0.52438265, 0.52438265], dtype=float32), array([0.5282289, 0.5282289, 0.5282289], dtype=float32), array([0.53243834, 0.53243834, 0.53243834], dtype=float32), array([0.5365767, 0.5365767, 0.5365767], dtype=float32), array([0.54002136, 0.54002136, 0.54002136], dtype=float32), array([0.54458576, 0.54458576, 0.54458576], dtype=float32), array([0.54874563, 0.54874563, 0.54874563], dtype=float32), array([0.5524039, 0.5524039, 0.5524039], dtype=float32), array([0.5567917, 0.5567917, 0.5567917], dtype=float32), array([0.5611519, 0.5611519, 0.5611519], dtype=float32), array([0.5652901, 0.5652901, 0.5652901], dtype=float32), array([0.5699144, 0.5699144, 0.5699144], dtype=float32), array([0.5743669, 0.5743669, 0.5743669], dtype=float32), array([0.578591, 0.578591, 0.578591], dtype=float32), array([0.58271164, 0.58271164, 0.58271164], dtype=float32), array([0.58640766, 0.58640766, 0.58640766], dtype=float32), array([0.5897411, 0.5897411, 0.5897411], dtype=float32), array([0.5930446, 0.5930446, 0.5930446], dtype=float32), array([0.5958809, 0.5958809, 0.5958809], dtype=float32), array([0.598615, 0.598615, 0.598615], dtype=float32), array([0.6012987, 0.6012987, 0.6012987], dtype=float32), array([0.60455555, 0.60455555, 0.60455555], dtype=float32), array([0.60794157, 0.60794157, 0.60794157], dtype=float32), array([0.61247873, 0.61247873, 0.61247873], dtype=float32), array([0.6168371, 0.6168371, 0.6168371], dtype=float32), array([0.6208509, 0.6208509, 0.6208509], dtype=float32), array([0.6247276, 0.6247276, 0.6247276], dtype=float32), array([0.6276609, 0.6276609, 0.6276609], dtype=float32), array([0.6301776, 0.6301776, 0.6301776], dtype=float32), array([0.6320906, 0.6320906, 0.6320906], dtype=float32), array([0.63256043, 0.63256043, 0.63256043], dtype=float32)]","[array([[0.36388025, 0.2744081 , 0.36171162],
       [0.00298784, 0.9936333 , 0.00337889],
       [0.35030085, 0.30053344, 0.3491657 ]], dtype=float32), array([[0.2595222 , 0.53096867, 0.20950918],
       [0.01596235, 0.97937703, 0.00466067],
       [0.35283217, 0.261087  , 0.38608077]], dtype=float32), array([[0.3250691 , 0.35093892, 0.32399198],
       [0.00533905, 0.99040353, 0.00425743],
       [0.34841928, 0.30094218, 0.3506385 ]], dtype=float32), array([[0.30938315, 0.3868612 , 0.3037556 ],
       [0.00816869, 0.9863214 , 0.00550996],
       [0.34823522, 0.29915717, 0.35260764]], dtype=float32), array([[0.26036337, 0.54114735, 0.19848925],
       [0.0299392 , 0.96179324, 0.00826757],
       [0.3491756 , 0.26288146, 0.38794294]], dtype=float32), array([[0.3156792 , 0.3728585 , 0.3114623 ],
       [0.01280739, 0.97816956, 0.00902299],
       [0.34998754, 0.295176  , 0.35483643]], dtype=float32), array([[0.29812774, 0.425645  , 0.2762273 ],
       [0.02912598, 0.95709234, 0.01378172],
       [0.35724995, 0.26048097, 0.38226905]], dtype=float32), array([[0.25894588, 0.49512783, 0.24592626],
       [0.01106282, 0.98119545, 0.00774179],
       [0.2956822 , 0.41659406, 0.2877238 ]], dtype=float32), array([[0.27734238, 0.502292  , 0.22036564],
       [0.05452629, 0.9272714 , 0.01820233],
       [0.3481281 , 0.2648942 , 0.38697767]], dtype=float32), array([[0.32349735, 0.35539186, 0.3211108 ],
       [0.02448474, 0.95716995, 0.01834518],
       [0.35160604, 0.29156488, 0.35682902]], dtype=float32), array([[0.31450734, 0.38138407, 0.30410856],
       [0.04088755, 0.9354249 , 0.02368753],
       [0.3592165 , 0.260987  , 0.37979648]], dtype=float32), array([[0.31559506, 0.3788678 , 0.30553716],
       [0.04613331, 0.92676073, 0.02710604],
       [0.3588976 , 0.26148435, 0.37961805]], dtype=float32), array([[0.2874666 , 0.4786642 , 0.23386925],
       [0.07915548, 0.8911297 , 0.02971488],
       [0.34711677, 0.266702  , 0.38618124]], dtype=float32), array([[0.3676768 , 0.26771098, 0.36461216],
       [0.02826167, 0.94073874, 0.03099947],
       [0.35718507, 0.28766358, 0.3551513 ]], dtype=float32), array([[0.3117221 , 0.37501088, 0.31326702],
       [0.02068733, 0.9563916 , 0.0229211 ],
       [0.29994547, 0.39783463, 0.3022199 ]], dtype=float32), array([[0.36770838, 0.26778352, 0.36450812],
       [0.0440506 , 0.90806675, 0.04788261],
       [0.35811886, 0.2859761 , 0.355905  ]], dtype=float32), array([[0.3676969 , 0.26789647, 0.36440656],
       [0.0561793 , 0.8830718 , 0.06074892],
       [0.35862046, 0.28508747, 0.35629207]], dtype=float32), array([[0.35382593, 0.30041873, 0.3457553 ],
       [0.03333804, 0.9134898 , 0.05317216],
       [0.29129973, 0.40368477, 0.30501556]], dtype=float32), array([[0.33861703, 0.32147396, 0.339909  ],
       [0.09743855, 0.8192023 , 0.08335911],
       [0.35401312, 0.28643414, 0.3595527 ]], dtype=float32), array([[0.32139933, 0.35620764, 0.32239303],
       [0.05469934, 0.88583195, 0.0594687 ],
       [0.31184292, 0.3745931 , 0.31356403]], dtype=float32), array([[0.34855953, 0.3011896 , 0.35025087],
       [0.08524366, 0.8357236 , 0.07903282],
       [0.35653064, 0.28425175, 0.35921758]], dtype=float32), array([[0.30953467, 0.41211924, 0.27834603],
       [0.13812716, 0.7895335 , 0.07233927],
       [0.3479005 , 0.26976645, 0.38233307]], dtype=float32), array([[0.31653923, 0.36557463, 0.31788608],
       [0.03555639, 0.9253017 , 0.03914205],
       [0.30553314, 0.38680196, 0.30766496]], dtype=float32), array([[0.30179584, 0.43425986, 0.2639443 ],
       [0.10255509, 0.8503865 , 0.04705842],
       [0.34915942, 0.2635975 , 0.38724315]], dtype=float32), array([[0.3736181 , 0.2566802 , 0.3697017 ],
       [0.02761886, 0.9418859 , 0.03049522],
       [0.36242872, 0.2778365 , 0.3597347 ]], dtype=float32), array([[0.3020685 , 0.39366585, 0.30426574],
       [0.00987612, 0.978924  , 0.01119985],
       [0.28753936, 0.4218887 , 0.29057193]], dtype=float32), array([[0.28258502, 0.4849654 , 0.23244958],
       [0.04937197, 0.93357414, 0.0170538 ],
       [0.35131896, 0.25317714, 0.39550388]], dtype=float32), array([[0.3422222 , 0.31447688, 0.34330094],
       [0.01155387, 0.97865206, 0.00979413],
       [0.3589403 , 0.27872407, 0.36233562]], dtype=float32), array([[0.32129082, 0.36028618, 0.31842297],
       [0.00939033, 0.9840851 , 0.00652449],
       [0.35648504, 0.28025305, 0.36326194]], dtype=float32), array([[0.22544755, 0.56486124, 0.20969124],
       [0.00306301, 0.99499595, 0.001941  ],
       [0.27279794, 0.4656718 , 0.26153025]], dtype=float32), array([[0.29277557, 0.43615076, 0.27107367],
       [0.00955589, 0.98654336, 0.00390074],
       [0.36477596, 0.23958044, 0.3956436 ]], dtype=float32)]","[array([0.52438265, 0.52438265, 0.52438265], dtype=float32), array([nan, nan, nan], dtype=float32), array([0.53243834, 0.53243834, 0.53243834], dtype=float32), array([0.5365767, 0.5365767, 0.5365767], dtype=float32), array([nan, nan, nan], dtype=float32), array([0.54458576, 0.54458576, 0.54458576], dtype=float32), array([0.54874563, 0.54874563, 0.54874563], dtype=float32), array([nan, nan, nan], dtype=float32), array([nan, nan, nan], dtype=float32), array([nan, nan, nan], dtype=float32), array([0.56529015, 0.56529015, 0.56529015], dtype=float32), array([nan, nan, nan], dtype=float32), array([nan, nan, nan], dtype=float32), array([0.5785909, 0.5785909, 0.5785909], dtype=float32), array([nan, nan, nan], dtype=float32), array([0.58640766, 0.58640766, 0.58640766], dtype=float32), array([0.5897411, 0.5897411, 0.5897411], dtype=float32), array([nan, nan, nan], dtype=float32), array([0.59588087, 0.59588087, 0.59588087], dtype=float32), array([0.598615, 0.598615, 0.598615], dtype=float32), array([nan, nan, nan], dtype=float32), array([0.6045555, 0.6045555, 0.6045555], dtype=float32), array([nan, nan, nan], dtype=float32), array([0.61247873, 0.61247873, 0.61247873], dtype=float32), array([nan, nan, nan], dtype=float32), array([nan, nan, nan], dtype=float32), array([0.6247276, 0.6247276, 0.6247276], dtype=float32), array([nan, nan, nan], dtype=float32), array([0.63017774, 0.63017774, 0.63017774], dtype=float32), array([0.63209075, 0.63209075, 0.63209075], dtype=float32), array([0.63256043, 0.63256043, 0.63256043], dtype=float32)]",1,0,0,0,0,0,25.623966942148762,23.51818181818181,0.00015961849017012383,0.0003598205730924401,9.98,9.98,2000,36000,36000,2000,0.32495420488450105,0.00019809628429356962,0.4722185432910919,20136.9609375,1.0,0.0013802934991,18.0,557442,0.22676368057727814,-1.0,0.3507353365421295,81158,0.003244568593800068,0.0,999.0,30969,0.0018402650021016598,368.71957702687604,1.0,0.0393447157605,0.0,0.0013802934991,18.0,557442,0.0,30969,23810,999.0,368.71913515121,93000,0,1674000,61938,104968,1114884,1107.2700561488532,6409318.953527954,6710666.588382303,2.0,9.5,2,50,0.0015766513408743776,900,10.04,18.0,0.15219300457696183,0.0003125894847909058,100,10.5,36100,4.504056260889297e-05,1.0067001111057168,1.0067001111057168,2,9.84115357132441e-05,10.04,0.0003685344429017291,0.0001623012696824522,1800,10.04,1800,100,100,6.907882755076207e-06,3.320034831069402e-05,2.013938615482925e-05,7.566103898776271e-06,4.3011528600399575e-05,2.8496555151323803e-05,0.00015011382267906463,4.786139420148698e-05,1.5847634072154847e-05,2.843521257775434e-05,2.2118784712591456e-05,0.052206443709247624,0.006631074971476236,0.04882429166155516,0.16553811923306042,0.03458989188733011,0.01616213715273326,0.00017373210433190906,0.007643401622772217,108066,1.0,498.0,96.48136901855469,0.4722185730934143,541.0,558.0,-0.020177731290459633,1945188,0.21425747871398926,0.3292898,0.0034717938397079706,3890376,651000,11718000,216132,11522.726535467755,498.0,108066,541.0,558.0,1945188,0.0,2.9642495700365397e-05,4.716995563522989e-05,0.00015244041345840583,2.224284023156745e-05,2.9155996766012134e-05,1.630391921410734e-05,3.3624249806094215e-05,7.57861703065177e-06,6.574758329415783e-06,2.0054858996444967e-05,4.2190670245708646e-05
1,38000,False,19,cf747_00000,2025-08-17_23-48-02,1755474482,83.8264856338501,1635.2266776561737,760236,intrinsic-attention2,10.156.0.3,1635.2266776561737,19,87.11662249094141,1.5975733929153622e-05,87.11637719617397,2.531761190546984,84.2496544546654,0.001971420223344336,2.503011188490036,0.0002679699973668903,10.03,2,2000,10.5,2,38000,9.429085523176692e-05,1000,4.453390765155934e-05,1.0067001111073661,1.0067001111073661,18.0,0.0014589867205359042,2.0,19000,9.5,607.1709751139501,2000.0,3000.0,"[array([0.6328535, 0.6328535, 0.6328535], dtype=float32), array([0.63344216, 0.63344216, 0.63344216], dtype=float32), array([0.63448006, 0.63448006, 0.63448006], dtype=float32), array([0.6351995, 0.6351995, 0.6351995], dtype=float32), array([0.6359094, 0.6359094, 0.6359094], dtype=float32), array([0.6366214, 0.6366214, 0.6366214], dtype=float32), array([0.6370815, 0.6370815, 0.6370815], dtype=float32), array([0.6371747, 0.6371747, 0.6371747], dtype=float32), array([0.6374644, 0.6374644, 0.6374644], dtype=float32), array([0.63778937, 0.63778937, 0.63778937], dtype=float32), array([0.6378995, 0.6378995, 0.6378995], dtype=float32), array([0.6379493, 0.6379493, 0.6379493], dtype=float32), array([0.6375064, 0.6375064, 0.6375064], dtype=float32), array([0.63728815, 0.63728815, 0.63728815], dtype=float32), array([0.63684666, 0.63684666, 0.63684666], dtype=float32), array([0.63660705, 0.63660705, 0.63660705], dtype=float32), array([0.6363122, 0.6363122, 0.6363122], dtype=float32), array([0.6357027, 0.6357027, 0.6357027], dtype=float32), array([0.63542885, 0.63542885, 0.63542885], dtype=float32), array([0.63541377, 0.63541377, 0.63541377], dtype=float32), array([0.6355944, 0.6355944, 0.6355944], dtype=float32), array([0.6352263, 0.6352263, 0.6352263], dtype=float32), array([0.6344241, 0.6344241, 0.6344241], dtype=float32), array([0.63406503, 0.63406503, 0.63406503], dtype=float32), array([0.633977, 0.633977, 0.633977], dtype=float32), array([0.63417727, 0.63417727, 0.63417727], dtype=float32), array([0.63443553, 0.63443553, 0.63443553], dtype=float32), array([0.6345012, 0.6345012, 0.6345012], dtype=float32), array([0.63450277, 0.63450277, 0.63450277], dtype=float32), array([0.6349515, 0.6349515, 0.6349515], dtype=float32), array([0.63511527, 0.63511527, 0.63511527], dtype=float32)]","[array([[1.8965156e-01, 6.4752769e-01, 1.6282074e-01],
       [1.8692057e-03, 9.9727398e-01, 8.5682108e-04],
       [2.6658830e-01, 4.8598486e-01, 2.4742684e-01]], dtype=float32), array([[0.3066514 , 0.39274403, 0.30060458],
       [0.00249764, 0.99595994, 0.00154245],
       [0.35407308, 0.2856847 , 0.36024225]], dtype=float32), array([[4.0575656e-01, 2.0403947e-01, 3.9020398e-01],
       [7.1450777e-04, 9.9820709e-01, 1.0785130e-03],
       [3.6023894e-01, 2.8433576e-01, 3.5542533e-01]], dtype=float32), array([[1.8370850e-01, 6.5058631e-01, 1.6570513e-01],
       [5.1086635e-04, 9.9921381e-01, 2.7532745e-04],
       [2.4650727e-01, 5.2160412e-01, 2.3188867e-01]], dtype=float32), array([[2.4905226e-01, 4.9801096e-01, 2.5293687e-01],
       [1.5802728e-04, 9.9964988e-01, 1.9214509e-04],
       [2.2656792e-01, 5.4240334e-01, 2.3102878e-01]], dtype=float32), array([[2.1376328e-01, 5.7551074e-01, 2.1072596e-01],
       [1.5941099e-04, 9.9970007e-01, 1.4049093e-04],
       [2.2756605e-01, 5.4773796e-01, 2.2469607e-01]], dtype=float32), array([[2.4181607e-01, 5.1235527e-01, 2.4582875e-01],
       [9.3149327e-05, 9.9979264e-01, 1.1416421e-04],
       [2.1857132e-01, 5.5831790e-01, 2.2311078e-01]], dtype=float32), array([[2.39952907e-01, 5.16021907e-01, 2.44025141e-01],
       [8.16363099e-05, 9.99818027e-01, 1.00399055e-04],
       [2.16362789e-01, 5.62681496e-01, 2.20955670e-01]], dtype=float32), array([[3.7446156e-01, 2.5426364e-01, 3.7127480e-01],
       [2.3712490e-04, 9.9947780e-01, 2.8510511e-04],
       [3.5471931e-01, 2.9207975e-01, 3.5320091e-01]], dtype=float32), array([[2.0218059e-01, 6.6390508e-01, 1.3391435e-01],
       [2.9118392e-03, 9.9670261e-01, 3.8551434e-04],
       [3.5543808e-01, 2.3330076e-01, 4.1126111e-01]], dtype=float32), array([[2.0052579e-01, 6.6735840e-01, 1.3211577e-01],
       [2.7601556e-03, 9.9688232e-01, 3.5754373e-04],
       [3.5550410e-01, 2.3261888e-01, 4.1187704e-01]], dtype=float32), array([[4.4301206e-01, 1.8375817e-01, 3.7322971e-01],
       [4.3454875e-06, 9.9994755e-01, 4.8133086e-05],
       [1.2746926e-01, 6.9515419e-01, 1.7737652e-01]], dtype=float32), array([[1.81204900e-01, 7.17097521e-01, 1.01697594e-01],
       [3.59623344e-03, 9.96064723e-01, 3.39028717e-04],
       [3.50656182e-01, 2.33097553e-01, 4.16246295e-01]], dtype=float32), array([[4.1296509e-01, 1.9158977e-01, 3.9544511e-01],
       [1.4422738e-04, 9.9961817e-01, 2.3759964e-04],
       [3.5900149e-01, 2.8653684e-01, 3.5446164e-01]], dtype=float32), array([[2.3400779e-01, 5.2760166e-01, 2.3839054e-01],
       [5.7569763e-05, 9.9987042e-01, 7.1938877e-05],
       [2.0880878e-01, 5.7747763e-01, 2.1371363e-01]], dtype=float32), array([[1.5555994e-01, 7.0688695e-01, 1.3755308e-01],
       [1.4872948e-04, 9.9977857e-01, 7.2670322e-05],
       [2.2528248e-01, 5.6567490e-01, 2.0904256e-01]], dtype=float32), array([[3.8083091e-01, 2.4231015e-01, 3.7685898e-01],
       [2.0792046e-04, 9.9953902e-01, 2.5308997e-04],
       [3.6010233e-01, 2.8183588e-01, 3.5806179e-01]], dtype=float32), array([[4.1609311e-01, 1.8623514e-01, 3.9767173e-01],
       [1.6581158e-04, 9.9956340e-01, 2.7073640e-04],
       [3.6368132e-01, 2.7809274e-01, 3.5822591e-01]], dtype=float32), array([[2.0263170e-01, 6.6504997e-01, 1.3231830e-01],
       [3.1673575e-03, 9.9642998e-01, 4.0273348e-04],
       [3.5546219e-01, 2.2716868e-01, 4.1736913e-01]], dtype=float32), array([[2.0383792e-01, 6.6291273e-01, 1.3324933e-01],
       [3.3264637e-03, 9.9624759e-01, 4.2592461e-04],
       [3.5542601e-01, 2.2640732e-01, 4.1816670e-01]], dtype=float32), array([[1.40008390e-01, 7.45795250e-01, 1.14196345e-01],
       [2.57298787e-04, 9.99648690e-01, 9.40063110e-05],
       [2.33341530e-01, 5.56774020e-01, 2.09884450e-01]], dtype=float32), array([[1.61833361e-01, 6.93997622e-01, 1.44169018e-01],
       [2.01311734e-04, 9.99696255e-01, 1.02435915e-04],
       [2.28268728e-01, 5.59133291e-01, 2.12597966e-01]], dtype=float32), array([[2.0879307e-01, 6.5353376e-01, 1.3767308e-01],
       [3.9761476e-03, 9.9549413e-01, 5.2969786e-04],
       [3.5531020e-01, 2.2469440e-01, 4.1999537e-01]], dtype=float32), array([[1.4582156e-01, 7.3409015e-01, 1.2008831e-01],
       [3.2123792e-04, 9.9955648e-01, 1.2224265e-04],
       [2.3642090e-01, 5.4995930e-01, 2.1361987e-01]], dtype=float32), array([[1.4835818e-01, 7.2900271e-01, 1.2263911e-01],
       [3.5532552e-04, 9.9950719e-01, 1.3745543e-04],
       [2.3782735e-01, 5.4688656e-01, 2.1528606e-01]], dtype=float32), array([[3.0926874e-01, 3.8680500e-01, 3.0392629e-01],
       [8.8521600e-04, 9.9860281e-01, 5.1202840e-04],
       [3.6227942e-01, 2.6669329e-01, 3.7102729e-01]], dtype=float32), array([[3.3658999e-01, 3.2640806e-01, 3.3700198e-01],
       [6.8569026e-04, 9.9880123e-01, 5.1303767e-04],
       [3.6528447e-01, 2.6471642e-01, 3.6999911e-01]], dtype=float32), array([[4.2146185e-01, 1.7734103e-01, 4.0119714e-01],
       [3.3282512e-04, 9.9914217e-01, 5.2500464e-04],
       [3.7355953e-01, 2.6047048e-01, 3.6597002e-01]], dtype=float32), array([[1.6991667e-01, 6.7746681e-01, 1.5261655e-01],
       [2.8215352e-04, 9.9956828e-01, 1.4959501e-04],
       [2.3314218e-01, 5.4870504e-01, 2.1815281e-01]], dtype=float32), array([[3.3727974e-01, 3.2492796e-01, 3.3779228e-01],
       [6.9602497e-04, 9.9878615e-01, 5.1777880e-04],
       [3.6639547e-01, 2.6218441e-01, 3.7142012e-01]], dtype=float32), array([[2.7029991e-01, 4.9048057e-01, 2.3921949e-01],
       [2.3177899e-03, 9.9701357e-01, 6.6861766e-04],
       [3.6966792e-01, 2.1864563e-01, 4.1168645e-01]], dtype=float32)]","[array([0.6328535, 0.6328535, 0.6328535], dtype=float32), array([nan, nan, nan], dtype=float32), array([0.6344801, 0.6344801, 0.6344801], dtype=float32), array([0.6351995, 0.6351995, 0.6351995], dtype=float32), array([0.6359094, 0.6359094, 0.6359094], dtype=float32), array([nan, nan, nan], dtype=float32), array([0.6370815, 0.6370815, 0.6370815], dtype=float32), array([nan, nan, nan], dtype=float32), array([0.63746434, 0.63746434, 0.63746434], dtype=float32), array([0.6377893, 0.6377893, 0.6377893], dtype=float32), array([0.6378996, 0.6378996, 0.6378996], dtype=float32), array([0.6379493, 0.6379493, 0.6379493], dtype=float32), array([nan, nan, nan], dtype=float32), array([0.63728833, 0.63728833, 0.63728833], dtype=float32), array([0.6368467, 0.6368467, 0.6368467], dtype=float32), array([nan, nan, nan], dtype=float32), array([0.6363122, 0.6363122, 0.6363122], dtype=float32), array([0.63570267, 0.63570267, 0.63570267], dtype=float32), array([nan, nan, nan], dtype=float32), array([0.63541365, 0.63541365, 0.63541365], dtype=float32), array([0.6355944, 0.6355944, 0.6355944], dtype=float32), array([nan, nan, nan], dtype=float32), array([0.63442403, 0.63442403, 0.63442403], dtype=float32), array([nan, nan, nan], dtype=float32), array([0.63397706, 0.63397706, 0.63397706], dtype=float32), array([0.63417727, 0.63417727, 0.63417727], dtype=float32), array([0.6344355, 0.6344355, 0.6344355], dtype=float32), array([nan, nan, nan], dtype=float32), array([0.6345029, 0.6345029, 0.6345029], dtype=float32), array([0.63495135, 0.63495135, 0.63495135], dtype=float32), array([0.6351152, 0.6351152, 0.6351152], dtype=float32)]",1,0,0,0,0,0,20.276666666666664,22.067499999999995,0.0001529473787332785,0.0003427861198231752,10.03,10.03,2000,38000,38000,2000,0.32472622324563544,9.904814214678481e-05,0.4722185432910919,19431.48046875,1.0,0.0013802934991,19.0,588411,0.2359873652458191,-1.0,0.34408536553382874,81158,0.006575167179107666,0.0,999.0,30969,-0.004797053523361683,369.0633665557197,1.0,0.0393447157605,0.0,0.0013802934991,19.0,588411,0.0,30969,23810,999.0,369.06294182482964,93000,0,1767000,61938,104968,1176822,1108.3022528038448,6411196.955667746,6716104.553161229,2.0,9.5,2,50,0.001547682330274256,950,10.04,19.0,0.15193565914122717,0.0003111891400436697,100,10.5,38100,4.4891557468350224e-05,1.0067001111070022,1.0067001111070022,2,9.751605839434552e-05,10.04,0.0003621736317241055,0.00016183558945841444,1900,10.04,1900,100,100,6.600275545650913e-06,3.223936053327236e-05,1.9582906008695042e-05,7.242926992950919e-06,4.058563718253158e-05,2.7617401973119165e-05,0.00014177763644265023,4.50340171739523e-05,1.5459299414224106e-05,2.73655271730371e-05,2.0923424940472068e-05,0.05218770200222885,0.0066258732217053,0.048787677414919586,0.16545999167067804,0.03451281935854954,0.01614909858108995,0.0001736766332602364,0.002930283546447754,108066,1.0,498.0,96.88470458984375,0.4722185730934143,571.0,589.0,-0.022979922592639923,2053254,0.2576349675655365,0.32687232,0.006245439872145653,4106508,651000,12369000,216132,11464.032975235867,498.0,108066,571.0,589.0,2053254,0.0,2.916726967786567e-05,4.663850556995933e-05,0.00014831981939540187,2.1861279021878654e-05,2.8599509989387274e-05,1.6347358769658684e-05,3.3527847716951485e-05,7.576292291598892e-06,6.514775882802499e-06,1.9812528354797758e-05,4.176205564923437e-05
1,40000,False,20,cf747_00000,2025-08-17_23-49-25,1755474565,83.10359287261963,1718.3302705287933,760236,intrinsic-attention2,10.156.0.3,1718.3302705287933,20,87.07505961448203,1.5929766600662672e-05,87.07481357912222,2.531113070781461,84.20895021771872,0.0019683539611759057,2.5023629669952037,0.0002679699973668903,9.63,2,2000,10.5,2,40000,9.466963936127044e-05,1000,4.556701766302153e-05,1.0067001111073661,1.0067001111073661,19.0,0.0014846700092311948,2.0,20000,-10.5,592.5751330122545,2000.0,3000.0,"[array([0.6347681, 0.6347681, 0.6347681], dtype=float32), array([0.63527554, 0.63527554, 0.63527554], dtype=float32), array([0.6356897, 0.6356897, 0.6356897], dtype=float32), array([0.6361142, 0.6361142, 0.6361142], dtype=float32), array([0.6361199, 0.6361199, 0.6361199], dtype=float32), array([0.6357163, 0.6357163, 0.6357163], dtype=float32), array([0.6347379, 0.6347379, 0.6347379], dtype=float32), array([0.6336474, 0.6336474, 0.6336474], dtype=float32), array([0.632124, 0.632124, 0.632124], dtype=float32), array([0.6307958, 0.6307958, 0.6307958], dtype=float32), array([0.62991464, 0.62991464, 0.62991464], dtype=float32), array([0.62885344, 0.62885344, 0.62885344], dtype=float32), array([0.62770563, 0.62770563, 0.62770563], dtype=float32), array([0.62605727, 0.62605727, 0.62605727], dtype=float32), array([0.62432516, 0.62432516, 0.62432516], dtype=float32), array([0.6228666, 0.6228666, 0.6228666], dtype=float32), array([0.62149704, 0.62149704, 0.62149704], dtype=float32), array([0.6203371, 0.6203371, 0.6203371], dtype=float32), array([0.61920685, 0.61920685, 0.61920685], dtype=float32), array([0.61820495, 0.61820495, 0.61820495], dtype=float32), array([0.6177533, 0.6177533, 0.6177533], dtype=float32), array([0.61778617, 0.61778617, 0.61778617], dtype=float32), array([0.61799586, 0.61799586, 0.61799586], dtype=float32), array([0.61802447, 0.61802447, 0.61802447], dtype=float32), array([0.6182308, 0.6182308, 0.6182308], dtype=float32), array([0.6182948, 0.6182948, 0.6182948], dtype=float32), array([0.6184045, 0.6184045, 0.6184045], dtype=float32), array([0.61861646, 0.61861646, 0.61861646], dtype=float32), array([0.6187167, 0.6187167, 0.6187167], dtype=float32), array([0.61880493, 0.61880493, 0.61880493], dtype=float32), array([0.6194356, 0.6194356, 0.6194356], dtype=float32)]","[array([[1.5094931e-01, 7.2315001e-01, 1.2590075e-01],
       [3.5690793e-04, 9.9950075e-01, 1.4233173e-04],
       [2.3814882e-01, 5.4549962e-01, 2.1635149e-01]], dtype=float32), array([[3.3860657e-01, 3.2206929e-01, 3.3932421e-01],
       [6.8932882e-04, 9.9880397e-01, 5.0672173e-04],
       [3.6858886e-01, 2.5716966e-01, 3.7424144e-01]], dtype=float32), array([[2.5166696e-01, 5.4037523e-01, 2.0795788e-01],
       [2.7904049e-03, 9.9656641e-01, 6.4321159e-04],
       [3.6556736e-01, 2.1896462e-01, 4.1546801e-01]], dtype=float32), array([[2.5190884e-01, 5.3960449e-01, 2.0848668e-01],
       [2.7282026e-03, 9.9664164e-01, 6.3011039e-04],
       [3.6575243e-01, 2.1863748e-01, 4.1561010e-01]], dtype=float32), array([[3.1606010e-01, 3.7181601e-01, 3.1212386e-01],
       [8.5587613e-04, 9.9864775e-01, 4.9639953e-04],
       [3.6766842e-01, 2.5402585e-01, 3.7830570e-01]], dtype=float32), array([[2.1908714e-01, 5.6230164e-01, 2.1861123e-01],
       [1.3234880e-04, 9.9973792e-01, 1.2965000e-04],
       [2.2135775e-01, 5.5775595e-01, 2.2088626e-01]], dtype=float32), array([[2.4439698e-01, 5.0643629e-01, 2.4916668e-01],
       [9.8652767e-05, 9.9977535e-01, 1.2600084e-04],
       [2.1637547e-01, 5.6170356e-01, 2.2192101e-01]], dtype=float32), array([[2.1752380e-01, 5.6539726e-01, 2.1707898e-01],
       [1.1540080e-04, 9.9977142e-01, 1.1318029e-04],
       [2.1966216e-01, 5.6111664e-01, 2.1922117e-01]], dtype=float32), array([[2.1038184e-01, 6.4979279e-01, 1.3982540e-01],
       [3.8840952e-03, 9.9559516e-01, 5.2081567e-04],
       [3.5586733e-01, 2.2175384e-01, 4.2237887e-01]], dtype=float32), array([[3.1449816e-01, 3.7529081e-01, 3.1021103e-01],
       [6.9444120e-04, 9.9891078e-01, 3.9479701e-04],
       [3.6801571e-01, 2.5311354e-01, 3.7887076e-01]], dtype=float32), array([[1.94863141e-01, 6.90011263e-01, 1.15125574e-01],
       [4.51574521e-03, 9.95006204e-01, 4.78061585e-04],
       [3.51745874e-01, 2.23186567e-01, 4.25067574e-01]], dtype=float32), array([[3.9862421e-01, 2.0936188e-01, 3.9201394e-01],
       [2.9558322e-04, 9.9933940e-01, 3.6502178e-04],
       [3.7753215e-01, 2.4899423e-01, 3.7347367e-01]], dtype=float32), array([[2.1531697e-01, 5.6973869e-01, 2.1494432e-01],
       [9.2376795e-05, 9.9981683e-01, 9.0861831e-05],
       [2.1713370e-01, 5.6610274e-01, 2.1676362e-01]], dtype=float32), array([[2.4108222e-01, 5.1304847e-01, 2.4586932e-01],
       [7.1493479e-05, 9.9983680e-01, 9.1663591e-05],
       [2.1270594e-01, 5.6906801e-01, 2.1822594e-01]], dtype=float32), array([[1.9451793e-01, 6.9037151e-01, 1.1511059e-01],
       [4.3482650e-03, 9.9519354e-01, 4.5818882e-04],
       [3.5195133e-01, 2.2242253e-01, 4.2562610e-01]], dtype=float32), array([[2.6832932e-01, 4.9409369e-01, 2.3757705e-01],
       [1.6700623e-03, 9.9786299e-01, 4.6686182e-04],
       [3.7097812e-01, 2.1567942e-01, 4.1334245e-01]], dtype=float32), array([[2.1691707e-01, 5.6631005e-01, 2.1677288e-01],
       [9.5420335e-05, 9.9980980e-01, 9.4810319e-05],
       [2.1762334e-01, 5.6489712e-01, 2.1747956e-01]], dtype=float32), array([[3.1695127e-01, 3.6986580e-01, 3.1318292e-01],
       [6.7198923e-04, 9.9894637e-01, 3.8160713e-04],
       [3.7008396e-01, 2.4819936e-01, 3.8171664e-01]], dtype=float32), array([[2.0903651e-01, 6.5241951e-01, 1.3854395e-01],
       [3.6180457e-03, 9.9590683e-01, 4.7510056e-04],
       [3.5611552e-01, 2.2021244e-01, 4.2367202e-01]], dtype=float32), array([[2.0958017e-01, 6.5139097e-01, 1.3902886e-01],
       [3.6821852e-03, 9.9583262e-01, 4.8514747e-04],
       [3.5611710e-01, 2.1983545e-01, 4.2404744e-01]], dtype=float32), array([[2.5141943e-01, 5.3950363e-01, 2.0907700e-01],
       [2.1805016e-03, 9.9732298e-01, 4.9659278e-04],
       [3.6701620e-01, 2.1568373e-01, 4.1729999e-01]], dtype=float32), array([[4.0279338e-01, 2.0176584e-01, 3.9544079e-01],
       [3.3334523e-04, 9.9925405e-01, 4.1261566e-04],
       [3.8176793e-01, 2.4111103e-01, 3.7712109e-01]], dtype=float32), array([[2.1146065e-01, 6.4783782e-01, 1.4070158e-01],
       [3.9198180e-03, 9.9555749e-01, 5.2265258e-04],
       [3.5610151e-01, 2.1861930e-01, 4.2527917e-01]], dtype=float32), array([[2.7046815e-01, 4.8961338e-01, 2.3991849e-01],
       [1.8707988e-03, 9.9760288e-01, 5.2637799e-04],
       [3.7136644e-01, 2.1323714e-01, 4.1539639e-01]], dtype=float32), array([[1.49361715e-01, 7.24887073e-01, 1.25751197e-01],
       [2.53086706e-04, 9.99644160e-01, 1.02684775e-04],
       [2.35271215e-01, 5.50254405e-01, 2.14474365e-01]], dtype=float32), array([[4.0387374e-01, 1.9977489e-01, 3.9635131e-01],
       [3.2771178e-04, 9.9926633e-01, 4.0602611e-04],
       [3.8285005e-01, 2.3908439e-01, 3.7806559e-01]], dtype=float32), array([[2.7005351e-01, 4.9053675e-01, 2.3940971e-01],
       [1.7983699e-03, 9.9769908e-01, 5.0251157e-04],
       [3.7152055e-01, 2.1270604e-01, 4.1577342e-01]], dtype=float32), array([[2.5328687e-01, 5.3534788e-01, 2.1136533e-01],
       [2.2861618e-03, 9.9718791e-01, 5.2593276e-04],
       [3.6735442e-01, 2.1404782e-01, 4.1859773e-01]], dtype=float32), array([[3.2206509e-01, 3.5850769e-01, 3.1942728e-01],
       [7.6160132e-04, 9.9879932e-01, 4.3907179e-04],
       [3.7299410e-01, 2.4134386e-01, 3.8566211e-01]], dtype=float32), array([[4.2834416e-01, 1.6387203e-01, 4.0778381e-01],
       [2.9758964e-04, 9.9925143e-01, 4.5095422e-04],
       [3.8701358e-01, 2.3567629e-01, 3.7731007e-01]], dtype=float32), array([[4.2847711e-01, 1.6368431e-01, 4.0783855e-01],
       [3.0234735e-04, 9.9923956e-01, 4.5818352e-04],
       [3.8714340e-01, 2.3546366e-01, 3.7739289e-01]], dtype=float32)]","[array([0.6347681, 0.6347681, 0.6347681], dtype=float32), array([0.63527554, 0.63527554, 0.63527554], dtype=float32), array([0.6356896, 0.6356896, 0.6356896], dtype=float32), array([0.63611424, 0.63611424, 0.63611424], dtype=float32), array([0.63612, 0.63612, 0.63612], dtype=float32), array([0.6357163, 0.6357163, 0.6357163], dtype=float32), array([0.63473773, 0.63473773, 0.63473773], dtype=float32), array([0.6336474, 0.6336474, 0.6336474], dtype=float32), array([0.632124, 0.632124, 0.632124], dtype=float32), array([0.6307958, 0.6307958, 0.6307958], dtype=float32), array([0.6299147, 0.6299147, 0.6299147], dtype=float32), array([0.6288535, 0.6288535, 0.6288535], dtype=float32), array([0.6277057, 0.6277057, 0.6277057], dtype=float32), array([0.6260572, 0.6260572, 0.6260572], dtype=float32), array([0.6243253, 0.6243253, 0.6243253], dtype=float32), array([0.6228665, 0.6228665, 0.6228665], dtype=float32), array([0.621497, 0.621497, 0.621497], dtype=float32), array([0.6203371, 0.6203371, 0.6203371], dtype=float32), array([0.61920685, 0.61920685, 0.61920685], dtype=float32), array([0.61820483, 0.61820483, 0.61820483], dtype=float32), array([0.6177533, 0.6177533, 0.6177533], dtype=float32), array([0.6177861, 0.6177861, 0.6177861], dtype=float32), array([0.61799586, 0.61799586, 0.61799586], dtype=float32), array([0.61802435, 0.61802435, 0.61802435], dtype=float32), array([0.6182308, 0.6182308, 0.6182308], dtype=float32), array([nan, nan, nan], dtype=float32), array([0.6184046, 0.6184046, 0.6184046], dtype=float32), array([0.6186165, 0.6186165, 0.6186165], dtype=float32), array([0.61871666, 0.61871666, 0.61871666], dtype=float32), array([0.61880493, 0.61880493, 0.61880493], dtype=float32), array([0.6194357, 0.6194357, 0.6194357], dtype=float32)]",1,0,0,0,0,0,17.584033613445374,21.400000000000002,0.00015706898890588967,0.0003477271837371219,9.63,9.63,2000,40000,40000,2000,0.32453463619310946,4.9524071073392406e-05,0.4722185432910919,692.54443359375,1.0,0.0013802934991,20.0,619380,0.22937655448913574,-0.18672609329223633,0.34228086471557617,81158,0.0005713723367080092,0.0,999.0,30969,-0.006609444040805101,369.56940515409974,1.0,0.0393447157605,0.0,0.0013802934991,20.0,619380,0.0,30969,23810,999.0,369.56899561429674,93000,0,1860000,61938,104968,1238760,1109.821692412043,6413747.639562515,6722168.987799276,2.0,-10.5,2,50,0.0015526616801798808,1000,9.84,20.0,0.15170392518975337,0.000309599058688466,100,10.5,40100,4.4888326602093075e-05,1.0067001111072869,1.0067001111072869,2,9.807395431749395e-05,9.84,0.000368060289248176,0.0001632058167782595,2000,9.84,2000,100,100,6.9974426648071e-06,3.270668544566116e-05,1.9741290183870662e-05,7.568527988431418e-06,4.208579322894207e-05,2.79933051745355e-05,0.00014437168986074713,4.607893888888266e-05,1.5467670233179485e-05,2.7980688091945327e-05,2.1339364055256542e-05,0.05217975449225912,0.006619915179435573,0.04875042616079531,0.16540870168404065,0.03443467738490405,0.01613760456541896,0.0001736999469769141,-0.04482829570770264,108066,1.0,498.0,96.90685272216797,0.4722185730934143,601.0,620.0,-0.005382210481911898,2161320,0.23293901979923248,0.34363627,0.0008309137192554772,4322640,651000,13020000,216132,11412.85264239196,498.0,108066,601.0,620.0,2161320,0.0,2.9624155709258322e-05,4.6916136747662574e-05,0.00015127721381128574,2.2165400915823017e-05,2.8894739248331578e-05,1.6628903700073785e-05,3.380722273362938e-05,7.56230493968835e-06,6.5571880061110685e-06,2.0145378051749273e-05,4.1913379693447924e-05
1,42000,False,21,cf747_00000,2025-08-17_23-50-48,1755474648,82.75382494926453,1801.0840954780579,760236,intrinsic-attention2,10.156.0.3,1801.0840954780579,21,87.03040952114722,1.5878248858948164e-05,87.03016276368095,2.5322257752637176,84.16340163784157,0.001965063361579213,2.503479233145194,0.0002679699973668903,9.85,2,2000,10.5,2,42000,9.27316844555984e-05,1000,4.4363562258498985e-05,1.0067001111073661,1.0067001111073661,20.0,0.0014625688608794008,2.0,21000,-9.5,577.9809598254392,2000.0,3000.0,"[array([0.61979926, 0.61979926, 0.61979926], dtype=float32), array([0.6179685, 0.6179685, 0.6179685], dtype=float32), array([0.61594623, 0.61594623, 0.61594623], dtype=float32), array([0.6152124, 0.6152124, 0.6152124], dtype=float32), array([0.6139877, 0.6139877, 0.6139877], dtype=float32), array([0.6115931, 0.6115931, 0.6115931], dtype=float32), array([0.6097578, 0.6097578, 0.6097578], dtype=float32), array([0.61216354, 0.61216354, 0.61216354], dtype=float32), array([0.6092796, 0.6092796, 0.6092796], dtype=float32), array([0.6091274, 0.6091274, 0.6091274], dtype=float32), array([0.6050864, 0.6050864, 0.6050864], dtype=float32), array([0.59719056, 0.59719056, 0.59719056], dtype=float32), array([0.5939149, 0.5939149, 0.5939149], dtype=float32), array([0.58550924, 0.58550924, 0.58550924], dtype=float32), array([0.5714398, 0.5714398, 0.5714398], dtype=float32), array([0.5555514, 0.5555514, 0.5555514], dtype=float32), array([0.5399312, 0.5399312, 0.5399312], dtype=float32), array([0.5234552, 0.5234552, 0.5234552], dtype=float32), array([0.50945574, 0.50945574, 0.50945574], dtype=float32), array([0.4966088, 0.4966088, 0.4966088], dtype=float32), array([0.4847259, 0.4847259, 0.4847259], dtype=float32), array([0.47239345, 0.47239345, 0.47239345], dtype=float32), array([0.4613181, 0.4613181, 0.4613181], dtype=float32), array([0.45231155, 0.45231155, 0.45231155], dtype=float32), array([0.44398507, 0.44398507, 0.44398507], dtype=float32), array([0.4377538, 0.4377538, 0.4377538], dtype=float32), array([0.43286124, 0.43286124, 0.43286124], dtype=float32), array([0.42789266, 0.42789266, 0.42789266], dtype=float32), array([0.41635883, 0.41635883, 0.41635883], dtype=float32), array([0.4057011, 0.4057011, 0.4057011], dtype=float32), array([0.39586154, 0.39586154, 0.39586154], dtype=float32)]","[array([[3.2313809e-01, 3.5611624e-01, 3.2074568e-01],
       [8.0403924e-04, 9.9872965e-01, 4.6629622e-04],
       [3.7339446e-01, 2.4042712e-01, 3.8617843e-01]], dtype=float32), array([[4.0561640e-01, 1.9667512e-01, 3.9770851e-01],
       [3.9377136e-04, 9.9911886e-01, 4.8735039e-04],
       [3.8479623e-01, 2.3551178e-01, 3.7969196e-01]], dtype=float32), array([[2.5589472e-01, 5.2966106e-01, 2.1444422e-01],
       [2.6034289e-03, 9.9678266e-01, 6.1386509e-04],
       [3.6727884e-01, 2.1389811e-01, 4.1882303e-01]], dtype=float32), array([[1.6985875e-01, 6.7727965e-01, 1.5286162e-01],
       [2.4501828e-04, 9.9962497e-01, 1.3000541e-04],
       [2.3321937e-01, 5.4827332e-01, 2.1850722e-01]], dtype=float32), array([[4.2866635e-01, 1.6313694e-01, 4.0819675e-01],
       [3.7372462e-04, 9.9906892e-01, 5.5734161e-04],
       [3.8908395e-01, 2.3189740e-01, 3.7901860e-01]], dtype=float32), array([[2.2480176e-01, 5.4974496e-01, 2.2545330e-01],
       [1.3369849e-04, 9.9972862e-01, 1.3761417e-04],
       [2.2159204e-01, 5.5615497e-01, 2.2225296e-01]], dtype=float32), array([[3.2734233e-01, 3.4674683e-01, 3.2591087e-01],
       [1.0050084e-03, 9.9840063e-01, 5.9440290e-04],
       [3.7521571e-01, 2.3610543e-01, 3.8867882e-01]], dtype=float32), array([[2.4890724e-01, 4.9734011e-01, 2.5375262e-01],
       [1.3066735e-04, 9.9970168e-01, 1.6762524e-04],
       [2.2024964e-01, 5.5377150e-01, 2.2597894e-01]], dtype=float32), array([[2.4966191e-01, 4.9583301e-01, 2.5450504e-01],
       [1.3453721e-04, 9.9969280e-01, 1.7267854e-04],
       [2.2091916e-01, 5.5241865e-01, 2.2666219e-01]], dtype=float32), array([[2.5071070e-01, 4.9374261e-01, 2.5554669e-01],
       [1.5176811e-04, 9.9965370e-01, 1.9446123e-04],
       [2.2214833e-01, 5.4995322e-01, 2.2789845e-01]], dtype=float32), array([[2.2343153e-01, 6.2465054e-01, 1.5191799e-01],
       [6.2616384e-03, 9.9280268e-01, 9.3567983e-04],
       [3.5524595e-01, 2.1827123e-01, 4.2648280e-01]], dtype=float32), array([[2.5222099e-01, 4.9071774e-01, 2.5706130e-01],
       [1.7477070e-04, 9.9960142e-01, 2.2375950e-04],
       [2.2371918e-01, 5.4677802e-01, 2.2950275e-01]], dtype=float32), array([[4.3019876e-01, 1.5977255e-01, 4.1002873e-01],
       [7.0036622e-04, 9.9830365e-01, 9.9593482e-04],
       [3.9590013e-01, 2.1937099e-01, 3.8472891e-01]], dtype=float32), array([[0.22949934, 0.6125035 , 0.15799715],
       [0.00776225, 0.9910102 , 0.00122756],
       [0.35491452, 0.21758905, 0.4274964 ]], dtype=float32), array([[0.35830638, 0.27872863, 0.362965  ],
       [0.00208746, 0.99639255, 0.00151996],
       [0.38617405, 0.21593049, 0.39789546]], dtype=float32), array([[2.5133941e-01, 4.9468109e-01, 2.5397944e-01],
       [4.2748588e-04, 9.9909067e-01, 4.8184508e-04],
       [2.3766504e-01, 5.2176827e-01, 2.4056672e-01]], dtype=float32), array([[0.23785035, 0.60131794, 0.1608318 ],
       [0.0134663 , 0.9843312 , 0.0022025 ],
       [0.35185334, 0.21516019, 0.43298647]], dtype=float32), array([[0.423127  , 0.16639943, 0.4104736 ],
       [0.00169719, 0.99621445, 0.00208832],
       [0.4038062 , 0.20142178, 0.39477202]], dtype=float32), array([[0.3650809 , 0.26355535, 0.37136376],
       [0.00287274, 0.9950122 , 0.00211503],
       [0.3910708 , 0.20433721, 0.40459198]], dtype=float32), array([[4.7294411e-01, 1.5024751e-01, 3.7680832e-01],
       [6.9646929e-05, 9.9946612e-01, 4.6416209e-04],
       [2.0529270e-01, 5.4554188e-01, 2.4916545e-01]], dtype=float32), array([[0.4247415 , 0.16366601, 0.41159248],
       [0.00151988, 0.9965978 , 0.00188231],
       [0.40496075, 0.19942786, 0.39561144]], dtype=float32), array([[1.9993080e-01, 6.1514318e-01, 1.8492599e-01],
       [7.4578164e-04, 9.9880171e-01, 4.5243523e-04],
       [2.5186127e-01, 5.0825828e-01, 2.3988040e-01]], dtype=float32), array([[0.36607757, 0.2613108 , 0.37261167],
       [0.00265654, 0.9953969 , 0.00194652],
       [0.39224675, 0.20155959, 0.40619367]], dtype=float32), array([[0.23780271, 0.59927404, 0.16292332],
       [0.01152708, 0.9866062 , 0.00186673],
       [0.35313562, 0.21035156, 0.43651286]], dtype=float32), array([[2.7005756e-01, 4.5511219e-01, 2.7483025e-01],
       [3.1033615e-04, 9.9928278e-01, 4.0698453e-04],
       [2.3820469e-01, 5.1730853e-01, 2.4448679e-01]], dtype=float32), array([[0.23289885, 0.60907114, 0.15803003],
       [0.00946817, 0.9890805 , 0.00145137],
       [0.35369042, 0.20895983, 0.43734977]], dtype=float32), array([[4.2721510e-01, 1.5905502e-01, 4.1372994e-01],
       [8.9567527e-04, 9.9797958e-01, 1.1247685e-03],
       [4.0660146e-01, 1.9629623e-01, 3.9710233e-01]], dtype=float32), array([[3.5180122e-01, 2.9171920e-01, 3.5647959e-01],
       [1.5631538e-03, 9.9744570e-01, 9.9115213e-04],
       [3.8967350e-01, 2.0219474e-01, 4.0813175e-01]], dtype=float32), array([[2.6428315e-01, 4.6656722e-01, 2.6914960e-01],
       [1.4701963e-04, 9.9965775e-01, 1.9516671e-04],
       [2.3103769e-01, 5.3165978e-01, 2.3730245e-01]], dtype=float32), array([[2.7627847e-01, 4.7974807e-01, 2.4397351e-01],
       [3.2142873e-03, 9.9590319e-01, 8.8257919e-04],
       [3.7189758e-01, 2.0079964e-01, 4.2730278e-01]], dtype=float32), array([[3.6207640e-01, 2.7039295e-01, 3.6753058e-01],
       [1.1247385e-03, 9.9808085e-01, 7.9449010e-04],
       [3.9157823e-01, 2.0349674e-01, 4.0492502e-01]], dtype=float32)]","[array([0.6197992, 0.6197992, 0.6197992], dtype=float32), array([nan, nan, nan], dtype=float32), array([0.6159463, 0.6159463, 0.6159463], dtype=float32), array([nan, nan, nan], dtype=float32), array([0.6139876, 0.6139876, 0.6139876], dtype=float32), array([0.611593, 0.611593, 0.611593], dtype=float32), array([nan, nan, nan], dtype=float32), array([0.61216354, 0.61216354, 0.61216354], dtype=float32), array([0.6092795, 0.6092795, 0.6092795], dtype=float32), array([0.6091274, 0.6091274, 0.6091274], dtype=float32), array([0.6050865, 0.6050865, 0.6050865], dtype=float32), array([nan, nan, nan], dtype=float32), array([nan, nan, nan], dtype=float32), array([0.5855092, 0.5855092, 0.5855092], dtype=float32), array([0.57143986, 0.57143986, 0.57143986], dtype=float32), array([0.55555135, 0.55555135, 0.55555135], dtype=float32), array([0.53993106, 0.53993106, 0.53993106], dtype=float32), array([nan, nan, nan], dtype=float32), array([0.5094558, 0.5094558, 0.5094558], dtype=float32), array([nan, nan, nan], dtype=float32), array([0.4847259, 0.4847259, 0.4847259], dtype=float32), array([nan, nan, nan], dtype=float32), array([nan, nan, nan], dtype=float32), array([0.45231152, 0.45231152, 0.45231152], dtype=float32), array([0.4439852, 0.4439852, 0.4439852], dtype=float32), array([0.43775386, 0.43775386, 0.43775386], dtype=float32), array([nan, nan, nan], dtype=float32), array([nan, nan, nan], dtype=float32), array([nan, nan, nan], dtype=float32), array([0.4057011, 0.4057011, 0.4057011], dtype=float32), array([0.39586148, 0.39586148, 0.39586148], dtype=float32)]",1,0,0,0,0,0,17.473728813559323,21.400000000000002,0.0001556504335418194,0.00034355872618438524,9.85,9.85,2000,42000,42000,2000,0.3243410185311168,4.9524071073392406e-05,0.4722185432910919,191889.390625,1.0,0.0013802934991,21.0,650349,0.2449467033147812,-1.0,0.35346901416778564,81158,0.00828868243843317,0.0,999.0,30969,0.004599854815751314,370.18423959761327,1.0,0.0393447157605,0.0,0.0013802934991,21.0,650349,0.0,30969,23810,999.0,370.18384170241944,93000,0,1953000,61938,104968,1300698,1111.6678613431347,6420916.5325428415,6733656.066184888,2.0,-10.5,2,50,0.0015768539198325016,1050,9.84,21.0,0.15148242054781832,0.00030803893806178884,100,10.5,42100,4.59151711437937e-05,1.0067001111073501,1.0067001111073501,2,9.885126346145203e-05,9.84,0.00037204328488509,0.0001638147291096199,2100,9.84,2100,100,100,6.664849089095674e-06,3.243241111752567e-05,1.9804788825907543e-05,7.483510950245891e-06,4.166914684188709e-05,2.7988420412054836e-05,0.00014225656722954749,4.5136902737900406e-05,1.5454685181777362e-05,2.7414729454908307e-05,2.1012489381806192e-05,0.052174416967344324,0.006615079937558634,0.04871679208914561,0.1653495135271123,0.034362313171134785,0.016117853279763877,0.00017363566746165797,-0.03589320182800293,108066,1.0,498.0,94.78838348388672,0.4722185730934143,631.0,651.0,-0.024544429033994675,2269386,0.2633759677410126,0.3258207,0.009495250880718231,4538772,651000,13671000,216132,11367.914817677232,498.0,108066,631.0,651.0,2269386,0.0,2.9811921241813665e-05,4.724050346016824e-05,0.00015363518325036825,2.2574344573835262e-05,2.934495817441886e-05,1.6770581488028288e-05,3.4105857954971864e-05,7.632600798135113e-06,6.727730220736212e-06,2.0194585331712543e-05,4.2348141410074536e-05
1,44000,False,22,cf747_00000,2025-08-17_23-52-10,1755474730,81.38580274581909,1882.469898223877,760236,intrinsic-attention2,10.156.0.3,1882.469898223877,22,86.97255253062583,1.5825336355777078e-05,86.9723050640741,2.531453927261017,84.10437093786321,0.0019646223780175292,2.5027129531536554,0.0002679699973668903,9.79,2,2000,10.5,2,44000,9.387001189828883e-05,1000,4.4917543121442186e-05,1.0067001111073661,1.0067001111073661,21.0,0.001459952990990132,2.0,22000,-10.5,563.4252957165252,2000.0,3000.0,"[array([0.3845425, 0.3845425, 0.3845425], dtype=float32), array([0.3738747, 0.3738747, 0.3738747], dtype=float32), array([0.36369357, 0.36369357, 0.36369357], dtype=float32), array([0.3536221, 0.3536221, 0.3536221], dtype=float32), array([0.344049, 0.344049, 0.344049], dtype=float32), array([0.33494174, 0.33494174, 0.33494174], dtype=float32), array([0.32626772, 0.32626772, 0.32626772], dtype=float32), array([0.31756833, 0.31756833, 0.31756833], dtype=float32), array([0.30922076, 0.30922076, 0.30922076], dtype=float32), array([0.30198997, 0.30198997, 0.30198997], dtype=float32), array([0.29507536, 0.29507536, 0.29507536], dtype=float32), array([0.28911203, 0.28911203, 0.28911203], dtype=float32), array([0.28390053, 0.28390053, 0.28390053], dtype=float32), array([0.27903467, 0.27903467, 0.27903467], dtype=float32), array([0.27518818, 0.27518818, 0.27518818], dtype=float32), array([0.27097374, 0.27097374, 0.27097374], dtype=float32), array([0.26704907, 0.26704907, 0.26704907], dtype=float32), array([0.2639467, 0.2639467, 0.2639467], dtype=float32), array([0.26119044, 0.26119044, 0.26119044], dtype=float32), array([0.25813982, 0.25813982, 0.25813982], dtype=float32), array([0.25439286, 0.25439286, 0.25439286], dtype=float32), array([0.25022292, 0.25022292, 0.25022292], dtype=float32), array([0.24629995, 0.24629995, 0.24629995], dtype=float32), array([0.24184795, 0.24184795, 0.24184795], dtype=float32), array([0.23775223, 0.23775223, 0.23775223], dtype=float32), array([0.23405626, 0.23405626, 0.23405626], dtype=float32), array([0.22995405, 0.22995405, 0.22995405], dtype=float32), array([0.22611234, 0.22611234, 0.22611234], dtype=float32), array([0.22263294, 0.22263294, 0.22263294], dtype=float32), array([0.2190613, 0.2190613, 0.2190613], dtype=float32), array([0.21525103, 0.21525103, 0.21525103], dtype=float32)]","[array([[4.4102418e-01, 1.4144363e-01, 4.1753218e-01],
       [5.7702541e-04, 9.9859685e-01, 8.2615711e-04],
       [4.0803117e-01, 1.9790399e-01, 3.9406487e-01]], dtype=float32), array([[1.8858680e-01, 6.3832575e-01, 1.7308752e-01],
       [3.3653906e-04, 9.9947160e-01, 1.9176744e-04],
       [2.4688056e-01, 5.1880336e-01, 2.3431614e-01]], dtype=float32), array([[2.6636246e-01, 4.6247354e-01, 2.7116394e-01],
       [1.4293216e-04, 9.9966669e-01, 1.9038194e-04],
       [2.3263253e-01, 5.2847117e-01, 2.3889631e-01]], dtype=float32), array([[3.4992912e-01, 2.9600421e-01, 3.5406667e-01],
       [1.3664322e-03, 9.9777359e-01, 8.5994339e-04],
       [3.8876158e-01, 2.0453979e-01, 4.0669861e-01]], dtype=float32), array([[2.8831294e-01, 4.4738874e-01, 2.6429832e-01],
       [2.9218576e-03, 9.9615687e-01, 9.2121493e-04],
       [3.7508860e-01, 2.0018262e-01, 4.2472872e-01]], dtype=float32), array([[2.7768239e-01, 4.7605279e-01, 2.4626486e-01],
       [3.2779654e-03, 9.9580461e-01, 9.1754348e-04],
       [3.7206602e-01, 2.0132373e-01, 4.2661035e-01]], dtype=float32), array([[2.3265007e-01, 6.0190922e-01, 1.6544075e-01],
       [5.8142524e-03, 9.9326575e-01, 9.1998739e-04],
       [3.5782027e-01, 2.0598778e-01, 4.3619195e-01]], dtype=float32), array([[4.2623010e-01, 1.6088966e-01, 4.1288027e-01],
       [7.1400451e-04, 9.9838150e-01, 9.0457295e-04],
       [4.0471250e-01, 1.9979900e-01, 3.9548850e-01]], dtype=float32), array([[2.5407535e-01, 4.8905781e-01, 2.5686690e-01],
       [1.9037424e-04, 9.9958998e-01, 2.1962693e-04],
       [2.3754613e-01, 5.2176809e-01, 2.4068569e-01]], dtype=float32), array([[1.8240118e-01, 6.5486020e-01, 1.6273862e-01],
       [4.5622326e-04, 9.9931407e-01, 2.2965760e-04],
       [2.5223294e-01, 5.1093233e-01, 2.3683470e-01]], dtype=float32), array([[4.2650658e-01, 1.6051871e-01, 4.1297472e-01],
       [8.1813429e-04, 9.9814749e-01, 1.0343163e-03],
       [4.0514928e-01, 1.9908845e-01, 3.9576232e-01]], dtype=float32), array([[4.4001773e-01, 1.4314954e-01, 4.1683272e-01],
       [7.7854382e-04, 9.9812216e-01, 1.0992533e-03],
       [4.0806347e-01, 1.9786575e-01, 3.9407083e-01]], dtype=float32), array([[1.8640295e-01, 6.4654589e-01, 1.6705117e-01],
       [5.3614087e-04, 9.9918777e-01, 2.7609643e-04],
       [2.5418523e-01, 5.0661957e-01, 2.3919524e-01]], dtype=float32), array([[1.8836275e-01, 6.4244795e-01, 1.6918929e-01],
       [5.7788414e-04, 9.9912113e-01, 3.0098506e-04],
       [2.5511390e-01, 5.0454932e-01, 2.4033675e-01]], dtype=float32), array([[1.9055706e-01, 6.3786393e-01, 1.7157899e-01],
       [6.2854891e-04, 9.9903995e-01, 3.3141268e-04],
       [2.5618657e-01, 5.0216949e-01, 2.4164392e-01]], dtype=float32), array([[0.4276515 , 0.15892403, 0.41342455],
       [0.00119747, 0.9972957 , 0.00150691],
       [0.40663144, 0.19670585, 0.39666265]], dtype=float32), array([[0.42792872, 0.15854056, 0.41353068],
       [0.00129109, 0.9970853 , 0.00162366],
       [0.4069502 , 0.19620492, 0.3968448 ]], dtype=float32), array([[0.2465367 , 0.57220304, 0.18126018],
       [0.0096834 , 0.9885295 , 0.00178711],
       [0.35704374, 0.20801423, 0.4349421 ]], dtype=float32), array([[1.9803925e-01, 6.2221968e-01, 1.7974113e-01],
       [8.3198777e-04, 9.9871159e-01, 4.5640478e-04],
       [2.5999972e-01, 4.9374476e-01, 2.4625558e-01]], dtype=float32), array([[2.0822825e-01, 5.9776610e-01, 1.9400568e-01],
       [7.8470231e-04, 9.9872953e-01, 4.8575504e-04],
       [2.5873551e-01, 4.9349782e-01, 2.4776669e-01]], dtype=float32), array([[0.3587241 , 0.27622366, 0.36505225],
       [0.00300233, 0.9949615 , 0.00203618],
       [0.3908045 , 0.20055029, 0.40864524]], dtype=float32), array([[0.2902611 , 0.4464121 , 0.26332688],
       [0.00673634, 0.9910858 , 0.00217781],
       [0.37122205, 0.20345646, 0.42532152]], dtype=float32), array([[0.35973126, 0.27397665, 0.3662921 ],
       [0.00327845, 0.994478  , 0.00224357],
       [0.39103463, 0.20015787, 0.4088075 ]], dtype=float32), array([[2.8213370e-01, 4.3136689e-01, 2.8649944e-01],
       [4.6250803e-04, 9.9892694e-01, 6.1054004e-04],
       [2.4920854e-01, 4.9531427e-01, 2.5547719e-01]], dtype=float32), array([[0.42926046, 0.15696198, 0.4137776 ],
       [0.00206155, 0.9953551 , 0.00258339],
       [0.40840143, 0.19413793, 0.39746058]], dtype=float32), array([[0.4408531 , 0.14276738, 0.4163795 ],
       [0.00204179, 0.9951645 , 0.00279364],
       [0.4112653 , 0.19293882, 0.39579588]], dtype=float32), array([[2.1022682e-01, 5.9678280e-01, 1.9299039e-01],
       [1.3257930e-03, 9.9790394e-01, 7.7022810e-04],
       [2.6669586e-01, 4.7911566e-01, 2.5418842e-01]], dtype=float32), array([[2.7549779e-01, 4.4586834e-01, 2.7863383e-01],
       [6.9299317e-04, 9.9848479e-01, 8.2222099e-04],
       [2.5550732e-01, 4.8510498e-01, 2.5938767e-01]], dtype=float32), array([[0.25503635, 0.5591112 , 0.18585251],
       [0.01708545, 0.97957474, 0.00333976],
       [0.35376468, 0.20803364, 0.43820173]], dtype=float32), array([[2.7722111e-01, 4.4241482e-01, 2.8036404e-01],
       [7.6130312e-04, 9.9833351e-01, 9.0521167e-04],
       [2.5696483e-01, 4.8214060e-01, 2.6089460e-01]], dtype=float32), array([[0.30453724, 0.40925285, 0.28620997],
       [0.00949642, 0.98692244, 0.00358112],
       [0.37345207, 0.20137268, 0.42517528]], dtype=float32)]","[array([0.3845425, 0.3845425, 0.3845425], dtype=float32), array([0.3738747, 0.3738747, 0.3738747], dtype=float32), array([0.36369354, 0.36369354, 0.36369354], dtype=float32), array([0.3536221, 0.3536221, 0.3536221], dtype=float32), array([0.34404907, 0.34404907, 0.34404907], dtype=float32), array([0.33494166, 0.33494166, 0.33494166], dtype=float32), array([0.32626772, 0.32626772, 0.32626772], dtype=float32), array([0.3175684, 0.3175684, 0.3175684], dtype=float32), array([0.3092207, 0.3092207, 0.3092207], dtype=float32), array([0.30198997, 0.30198997, 0.30198997], dtype=float32), array([0.29507533, 0.29507533, 0.29507533], dtype=float32), array([0.28911197, 0.28911197, 0.28911197], dtype=float32), array([0.28390053, 0.28390053, 0.28390053], dtype=float32), array([0.27903473, 0.27903473, 0.27903473], dtype=float32), array([0.27518812, 0.27518812, 0.27518812], dtype=float32), array([0.27097377, 0.27097377, 0.27097377], dtype=float32), array([0.26704904, 0.26704904, 0.26704904], dtype=float32), array([0.26394668, 0.26394668, 0.26394668], dtype=float32), array([0.2611904, 0.2611904, 0.2611904], dtype=float32), array([0.2581398, 0.2581398, 0.2581398], dtype=float32), array([0.25439286, 0.25439286, 0.25439286], dtype=float32), array([0.25022298, 0.25022298, 0.25022298], dtype=float32), array([0.24629997, 0.24629997, 0.24629997], dtype=float32), array([0.24184787, 0.24184787, 0.24184787], dtype=float32), array([0.23775223, 0.23775223, 0.23775223], dtype=float32), array([0.2340563, 0.2340563, 0.2340563], dtype=float32), array([0.22995408, 0.22995408, 0.22995408], dtype=float32), array([0.2261123, 0.2261123, 0.2261123], dtype=float32), array([0.22263296, 0.22263296, 0.22263296], dtype=float32), array([0.21906129, 0.21906129, 0.21906129], dtype=float32), array([0.21525107, 0.21525107, 0.21525107], dtype=float32)]",1,0,0,0,0,0,17.487068965517242,21.400000000000002,0.00015481238118985078,0.00034341678248655296,9.79,9.79,2000,44000,44000,2000,0.3263073504457837,2.4762035536696203e-05,0.4722185432910919,6950.5205078125,1.0,0.0013802934991,22.0,681318,0.22695061564445496,-1.0,0.34205520153045654,81158,0.0054735541343688965,0.0,999.0,30969,-0.006838577799499035,371.09462418436,1.0,0.0393447157605,0.0,0.0013802934991,22.0,681318,0.0,30969,23810,999.0,371.0942413711083,93000,0,2046000,61938,104968,1362636,1114.401575365415,6422539.554541737,6737730.244508254,2.0,9.5,2,50,0.0015680497098946944,1100,10.04,22.0,0.15123748659230887,0.0003065877786363133,100,10.5,44100,4.5523560606281894e-05,1.0067001111073648,1.0067001111073648,2,9.735971657634657e-05,10.04,0.00036684841453336767,0.00016139176582953573,2200,10.04,2200,100,100,6.793528333798797e-06,3.263959854742277e-05,1.957150814455629e-05,7.331356507497546e-06,4.087155555476368e-05,2.7714148041859576e-05,0.00014113180982643767,4.5002874346025554e-05,1.5548986137787424e-05,2.8417048910188087e-05,2.0991516283579832e-05,0.0521589410276176,0.006608861918169459,0.05084411535828788,0.16528834068193038,0.03429624295943873,0.016104487277015363,0.00017358394075657306,-0.016077280044555664,108066,1.0,498.0,92.12152099609375,0.4722185730934143,661.0,682.0,-0.00680156797170639,2377452,0.2161584347486496,0.3429304,0.0051378835923969746,4754904,651000,14322000,216132,11335.250652601206,498.0,108066,661.0,682.0,2377452,0.0,2.963571714561593e-05,4.6551520746323675e-05,0.0001512598370363548,2.2102943017601083e-05,2.8774440052609863e-05,1.635610664746917e-05,3.347693346112559e-05,7.5569235060664344e-06,6.4949318178819485e-06,1.9990260315625782e-05,4.1775211377269176e-05
1,46000,False,23,cf747_00000,2025-08-17_23-53-31,1755474811,81.14343285560608,1963.613331079483,760236,intrinsic-attention2,10.156.0.3,1963.613331079483,23,86.9128495405696,1.577393304912833e-05,86.9126014681934,2.530562929328481,84.04367546544455,0.0019617172342723437,2.5018297204520374,0.0002679699973668903,9.77,2,2000,10.5,2,46000,9.33070472450345e-05,1000,4.440962687856687e-05,1.0067001111073661,1.0067001111073661,22.0,0.001456633290508762,2.0,23000,-10.5,548.941662057367,2000.0,3000.0,"[array([0.21158196, 0.21158196, 0.21158196], dtype=float32), array([0.20831373, 0.20831373, 0.20831373], dtype=float32), array([0.20546146, 0.20546146, 0.20546146], dtype=float32), array([0.20294571, 0.20294571, 0.20294571], dtype=float32), array([0.20053773, 0.20053773, 0.20053773], dtype=float32), array([0.19863814, 0.19863814, 0.19863814], dtype=float32), array([0.19701032, 0.19701032, 0.19701032], dtype=float32), array([0.19543768, 0.19543768, 0.19543768], dtype=float32), array([0.19410065, 0.19410065, 0.19410065], dtype=float32), array([0.19278026, 0.19278026, 0.19278026], dtype=float32), array([0.19136691, 0.19136691, 0.19136691], dtype=float32), array([0.19049333, 0.19049333, 0.19049333], dtype=float32), array([0.19063881, 0.19063881, 0.19063881], dtype=float32), array([0.19093038, 0.19093038, 0.19093038], dtype=float32), array([0.19105504, 0.19105504, 0.19105504], dtype=float32), array([0.19106063, 0.19106063, 0.19106063], dtype=float32), array([0.19136883, 0.19136883, 0.19136883], dtype=float32), array([0.19197442, 0.19197442, 0.19197442], dtype=float32), array([0.19331804, 0.19331804, 0.19331804], dtype=float32), array([0.19444036, 0.19444036, 0.19444036], dtype=float32), array([0.19559614, 0.19559614, 0.19559614], dtype=float32), array([0.1959314, 0.1959314, 0.1959314], dtype=float32), array([0.19641553, 0.19641553, 0.19641553], dtype=float32), array([0.19649816, 0.19649816, 0.19649816], dtype=float32), array([0.19652964, 0.19652964, 0.19652964], dtype=float32), array([0.19660671, 0.19660671, 0.19660671], dtype=float32), array([0.1970854, 0.1970854, 0.1970854], dtype=float32), array([0.19730768, 0.19730768, 0.19730768], dtype=float32), array([0.19760847, 0.19760847, 0.19760847], dtype=float32), array([0.19779481, 0.19779481, 0.19779481], dtype=float32), array([0.19775468, 0.19775468, 0.19775468], dtype=float32)]","[array([[0.43109798, 0.15442146, 0.4144805 ],
       [0.00287538, 0.99352795, 0.00359659],
       [0.41030642, 0.19120888, 0.3984847 ]], dtype=float32), array([[2.8912538e-01, 4.1764173e-01, 2.9323292e-01],
       [7.1835011e-04, 9.9833351e-01, 9.4818743e-04],
       [2.5611663e-01, 4.8148960e-01, 2.6239383e-01]], dtype=float32), array([[0.43133515, 0.1540946 , 0.4145703 ],
       [0.00294862, 0.99336195, 0.00368945],
       [0.41050366, 0.19091906, 0.3985772 ]], dtype=float32), array([[0.25825202, 0.551736  , 0.19001208],
       [0.01866783, 0.97756314, 0.00376911],
       [0.35371062, 0.20736882, 0.43892053]], dtype=float32), array([[0.43148658, 0.15383998, 0.41467345],
       [0.002856  , 0.9935655 , 0.0035785 ],
       [0.41055113, 0.19084106, 0.39860785]], dtype=float32), array([[0.3655355 , 0.26108626, 0.37337822],
       [0.00501928, 0.9913846 , 0.00359605],
       [0.39284298, 0.19680603, 0.41035107]], dtype=float32), array([[0.25735724, 0.55354434, 0.18909843],
       [0.01797361, 0.97842807, 0.00359826],
       [0.35386398, 0.20737557, 0.43876043]], dtype=float32), array([[0.25652698, 0.5552553 , 0.1882178 ],
       [0.01737531, 0.97917444, 0.00345022],
       [0.35398728, 0.20736408, 0.43864864]], dtype=float32), array([[0.3643702 , 0.26374814, 0.3718816 ],
       [0.00465588, 0.9920254 , 0.00331879],
       [0.3922249 , 0.19828883, 0.40948632]], dtype=float32), array([[0.29742408, 0.42898116, 0.27359477],
       [0.00946002, 0.98726183, 0.00327821],
       [0.3713919 , 0.20179407, 0.42681402]], dtype=float32), array([[2.7788666e-01, 4.4119036e-01, 2.8092301e-01],
       [6.9930364e-04, 9.9847120e-01, 8.2952471e-04],
       [2.5788558e-01, 4.8042908e-01, 2.6168528e-01]], dtype=float32), array([[0.4426153 , 0.14094213, 0.41644263],
       [0.00225323, 0.9946301 , 0.00311659],
       [0.41177663, 0.1927622 , 0.3954612 ]], dtype=float32), array([[2.1534617e-01, 5.8607292e-01, 1.9858083e-01],
       [1.4740793e-03, 9.9765611e-01, 8.6973049e-04],
       [2.7045950e-01, 4.7095606e-01, 2.5858438e-01]], dtype=float32), array([[2.9235059e-01, 4.1134533e-01, 2.9630411e-01],
       [7.1503414e-04, 9.9833435e-01, 9.5068815e-04],
       [2.5838563e-01, 4.7692347e-01, 2.6469088e-01]], dtype=float32), array([[2.9307258e-01, 4.0993619e-01, 2.9699126e-01],
       [7.4225146e-04, 9.9827063e-01, 9.8715606e-04],
       [2.5906348e-01, 4.7556898e-01, 2.6536751e-01]], dtype=float32), array([[0.432434  , 0.15270457, 0.4148614 ],
       [0.00306107, 0.99308455, 0.00385435],
       [0.4109657 , 0.19047283, 0.39856154]], dtype=float32), array([[2.9635346e-01, 4.0354300e-01, 3.0010355e-01],
       [9.6983876e-04, 9.9774373e-01, 1.2864503e-03],
       [2.6263884e-01, 4.6845853e-01, 2.6890263e-01]], dtype=float32), array([[0.2305826 , 0.55310893, 0.21630844],
       [0.00241856, 0.9960234 , 0.00155806],
       [0.27689523, 0.45612195, 0.2669829 ]], dtype=float32), array([[0.44239727, 0.14068708, 0.4169156 ],
       [0.00494884, 0.9885405 , 0.00651068],
       [0.41618684, 0.1847639 , 0.39904928]], dtype=float32), array([[0.24133871, 0.5281349 , 0.23052637],
       [0.00276524, 0.99527526, 0.0019594 ],
       [0.2781331 , 0.45150992, 0.27035695]], dtype=float32), array([[0.23873687, 0.5352181 , 0.22604506],
       [0.00314801, 0.9947194 , 0.00213252],
       [0.2799164 , 0.44897473, 0.27110887]], dtype=float32), array([[0.31430987, 0.38454613, 0.301144  ],
       [0.01802118, 0.97424984, 0.00772896],
       [0.3725886 , 0.20405245, 0.42335892]], dtype=float32), array([[0.37890667, 0.23152845, 0.38956487],
       [0.01318987, 0.97645956, 0.01035054],
       [0.3983623 , 0.18579122, 0.41584647]], dtype=float32), array([[0.43837678, 0.14472088, 0.41690233],
       [0.00985098, 0.9780157 , 0.01213325],
       [0.41844806, 0.17891069, 0.40264127]], dtype=float32), array([[0.31711155, 0.37814993, 0.30473855],
       [0.02753335, 0.9601319 , 0.01233472],
       [0.37066266, 0.20605615, 0.42328125]], dtype=float32), array([[0.3084662 , 0.38021097, 0.31132284],
       [0.00354781, 0.9919043 , 0.00454787],
       [0.2789022 , 0.43662995, 0.2844678 ]], dtype=float32), array([[0.38502082, 0.21888241, 0.39609674],
       [0.02204563, 0.95971435, 0.01824   ],
       [0.4004341 , 0.18308087, 0.41648507]], dtype=float32), array([[0.3129512 , 0.3715351 , 0.31551367],
       [0.00480524, 0.98900527, 0.00618954],
       [0.28274277, 0.42886105, 0.28839624]], dtype=float32), array([[0.3856055 , 0.2174315 , 0.39696294],
       [0.02692086, 0.95060605, 0.02247308],
       [0.40037045, 0.18306625, 0.41656327]], dtype=float32), array([[0.38629314, 0.21606088, 0.397646  ],
       [0.02961305, 0.9454698 , 0.02491713],
       [0.40048447, 0.18309656, 0.41641903]], dtype=float32), array([[0.38695133, 0.2147531 , 0.39829555],
       [0.03243852, 0.9400629 , 0.02749854],
       [0.4006027 , 0.18310349, 0.41629383]], dtype=float32)]","[array([nan, nan, nan], dtype=float32), array([0.20831375, 0.20831375, 0.20831375], dtype=float32), array([0.2054614, 0.2054614, 0.2054614], dtype=float32), array([0.20294571, 0.20294571, 0.20294571], dtype=float32), array([0.20053776, 0.20053776, 0.20053776], dtype=float32), array([nan, nan, nan], dtype=float32), array([0.19701038, 0.19701038, 0.19701038], dtype=float32), array([nan, nan, nan], dtype=float32), array([0.19410063, 0.19410063, 0.19410063], dtype=float32), array([0.19278026, 0.19278026, 0.19278026], dtype=float32), array([0.19136691, 0.19136691, 0.19136691], dtype=float32), array([nan, nan, nan], dtype=float32), array([0.19063884, 0.19063884, 0.19063884], dtype=float32), array([0.1909304, 0.1909304, 0.1909304], dtype=float32), array([0.19105503, 0.19105503, 0.19105503], dtype=float32), array([0.19106066, 0.19106066, 0.19106066], dtype=float32), array([nan, nan, nan], dtype=float32), array([0.19197446, 0.19197446, 0.19197446], dtype=float32), array([nan, nan, nan], dtype=float32), array([0.19444036, 0.19444036, 0.19444036], dtype=float32), array([0.19559613, 0.19559613, 0.19559613], dtype=float32), array([0.19593139, 0.19593139, 0.19593139], dtype=float32), array([0.19641554, 0.19641554, 0.19641554], dtype=float32), array([nan, nan, nan], dtype=float32), array([0.19652966, 0.19652966, 0.19652966], dtype=float32), array([0.19660671, 0.19660671, 0.19660671], dtype=float32), array([0.19708543, 0.19708543, 0.19708543], dtype=float32), array([0.1973077, 0.1973077, 0.1973077], dtype=float32), array([0.19760846, 0.19760846, 0.19760846], dtype=float32), array([0.1977948, 0.1977948, 0.1977948], dtype=float32), array([0.19775471, 0.19775471, 0.19775471], dtype=float32)]",1,0,0,0,0,0,17.47155172413793,21.400000000000002,0.00015278120548015223,0.00034574024952934736,9.77,9.77,2000,46000,46000,2000,0.3282151669512297,1.2381017768348102e-05,0.4722185432910919,11273.638671875,1.0,0.0013802934991,23.0,712287,0.22572097182273865,-1.0,0.34827882051467896,81158,0.0009697088389657438,0.0,999.0,30969,-0.0006164860096760094,372.0541972127633,1.0,0.0393447157605,0.0,0.0013802934991,23.0,712287,0.0,30969,23810,999.0,372.0538286727471,93000,0,2139000,61938,104968,1424574,1117.2830120023023,6418356.999573662,6735223.698637747,2.0,9.5,2,50,0.0015513594797812403,1150,10.04,23.0,0.1509959307564185,0.00030532721087110474,100,10.5,46100,4.487490110911936e-05,1.0067001111073661,1.0067001111073661,2,9.70407927573768e-05,10.04,0.0003644464348331073,0.0001622326659511135,2300,10.04,2300,100,100,6.662682067581852e-06,3.232577780874977e-05,1.947204197338745e-05,7.271318824876536e-06,4.0032565116209937e-05,2.8120730817499892e-05,0.00014309402052255818,4.5835165608976115e-05,1.5544967562230195e-05,2.745689798107956e-05,2.114286886526104e-05,0.05214723924722851,0.006606749508918607,0.05078257535469457,0.1652173898050637,0.03634727990984567,0.016106889974184517,0.00017355423133673145,-0.16319918632507324,108066,1.0,498.0,92.97027587890625,0.4722185730934143,691.0,713.0,0.0010718322591856122,2485518,0.23545463383197784,0.35009867,0.0009046364575624466,4971036,651000,14973000,216132,11309.595510398842,498.0,108066,691.0,713.0,2485518,0.0,2.9480979652843394e-05,4.6486197420869984e-05,0.00014946644275932598,2.2023936351784915e-05,2.86657096605357e-05,1.631115452458447e-05,3.3743622444160395e-05,7.571779633931803e-06,6.498237886634291e-06,2.0041077243063925e-05,4.206069704897649e-05
1,48000,False,24,cf747_00000,2025-08-17_23-54-52,1755474892,81.36489129066467,2044.9782223701477,760236,intrinsic-attention2,10.156.0.3,2044.9782223701477,24,86.85596711579397,1.5724653799446938e-05,86.85571847177137,2.5296635279052544,83.9859883693602,0.0019587046119669206,2.5009376318274996,0.0002679699973668903,10.08,2,2000,10.5,2,48000,9.363542770880595e-05,1000,4.459455419247418e-05,1.0067001111073661,1.0067001111073661,23.0,0.001472732310066931,2.0,24000,9.5,534.5594215392152,2000.0,3000.0,"[array([0.19767809, 0.19767809, 0.19767809], dtype=float32), array([0.19737075, 0.19737075, 0.19737075], dtype=float32), array([0.19681951, 0.19681951, 0.19681951], dtype=float32), array([0.19618537, 0.19618537, 0.19618537], dtype=float32), array([0.19513348, 0.19513348, 0.19513348], dtype=float32), array([0.19615641, 0.19615641, 0.19615641], dtype=float32), array([0.19768882, 0.19768882, 0.19768882], dtype=float32), array([0.20060705, 0.20060705, 0.20060705], dtype=float32), array([0.2024148, 0.2024148, 0.2024148], dtype=float32), array([0.20412666, 0.20412666, 0.20412666], dtype=float32), array([0.20428059, 0.20428059, 0.20428059], dtype=float32), array([0.20408955, 0.20408955, 0.20408955], dtype=float32), array([0.20371526, 0.20371526, 0.20371526], dtype=float32), array([0.2031701, 0.2031701, 0.2031701], dtype=float32), array([0.202852, 0.202852, 0.202852], dtype=float32), array([0.20123263, 0.20123263, 0.20123263], dtype=float32), array([0.20027517, 0.20027517, 0.20027517], dtype=float32), array([0.19944532, 0.19944532, 0.19944532], dtype=float32), array([0.20065235, 0.20065235, 0.20065235], dtype=float32), array([0.20193271, 0.20193271, 0.20193271], dtype=float32), array([0.20283249, 0.20283249, 0.20283249], dtype=float32), array([0.20307042, 0.20307042, 0.20307042], dtype=float32), array([0.20357348, 0.20357348, 0.20357348], dtype=float32), array([0.20460561, 0.20460561, 0.20460561], dtype=float32), array([0.20495299, 0.20495299, 0.20495299], dtype=float32), array([0.20502286, 0.20502286, 0.20502286], dtype=float32), array([0.2070921, 0.2070921, 0.2070921], dtype=float32), array([0.21004036, 0.21004036, 0.21004036], dtype=float32), array([0.21302417, 0.21302417, 0.21302417], dtype=float32), array([0.21561126, 0.21561126, 0.21561126], dtype=float32), array([0.21730092, 0.21730092, 0.21730092], dtype=float32)]","[array([[0.38765758, 0.21334583, 0.3989966 ],
       [0.03551331, 0.93415904, 0.03032764],
       [0.40077022, 0.18300289, 0.41622695]], dtype=float32), array([[0.4378608 , 0.14734611, 0.41479307],
       [0.02890941, 0.9367265 , 0.034364  ],
       [0.4201126 , 0.1773934 , 0.40249395]], dtype=float32), array([[0.3871851 , 0.21386792, 0.398947  ],
       [0.04285725, 0.9204256 , 0.03671712],
       [0.40011403, 0.18376313, 0.4161228 ]], dtype=float32), array([[0.38741514, 0.21330804, 0.3992769 ],
       [0.04615409, 0.9141567 , 0.03968929],
       [0.40008047, 0.18379918, 0.41612032]], dtype=float32), array([[0.43921566, 0.14665039, 0.414134  ],
       [0.0351788 , 0.92290914, 0.04191209],
       [0.4207543 , 0.17751262, 0.4017331 ]], dtype=float32), array([[0.32562873, 0.34747455, 0.32689673],
       [0.01296146, 0.970257  , 0.01678151],
       [0.2945055 , 0.4053058 , 0.3001887 ]], dtype=float32), array([[0.32662237, 0.34562674, 0.32775086],
       [0.01409535, 0.96766204, 0.0182426 ],
       [0.29551125, 0.40331873, 0.30117002]], dtype=float32), array([[0.28502917, 0.43511653, 0.27985433],
       [0.02195693, 0.9593999 , 0.01864318],
       [0.30228034, 0.399054  , 0.29866573]], dtype=float32), array([[0.329219  , 0.3408256 , 0.32995543],
       [0.01643888, 0.9621891 , 0.02137208],
       [0.2974314 , 0.3994277 , 0.3031409 ]], dtype=float32), array([[0.3270387 , 0.34490952, 0.32805178],
       [0.0199782 , 0.9550074 , 0.02501437],
       [0.30007192, 0.3950219 , 0.30490622]], dtype=float32), array([[0.33377355, 0.33254012, 0.3336863 ],
       [0.02244794, 0.94831085, 0.02924118],
       [0.30150026, 0.39139184, 0.30710796]], dtype=float32), array([[0.33143297, 0.33918682, 0.32938027],
       [0.11416402, 0.8185867 , 0.06724924],
       [0.3635929 , 0.22055393, 0.4158532 ]], dtype=float32), array([[0.3306541 , 0.33823043, 0.33111545],
       [0.02937603, 0.9342768 , 0.03634712],
       [0.30502582, 0.38551977, 0.3094545 ]], dtype=float32), array([[0.33614975, 0.32483578, 0.33901444],
       [0.1268522 , 0.7925985 , 0.08054931],
       [0.36503154, 0.22209553, 0.41287285]], dtype=float32), array([[0.3886062 , 0.20882723, 0.40256664],
       [0.11800996, 0.775958  , 0.10603202],
       [0.39833897, 0.18566094, 0.41600016]], dtype=float32), array([[0.43812832, 0.15321167, 0.40866005],
       [0.11270156, 0.75940835, 0.12789004],
       [0.42187393, 0.17948127, 0.39864478]], dtype=float32), array([[0.3266882 , 0.3602759 , 0.31303594],
       [0.1967597 , 0.6893677 , 0.11387263],
       [0.34964964, 0.23289342, 0.41745692]], dtype=float32), array([[0.38731235, 0.21016423, 0.40252337],
       [0.17265229, 0.66881716, 0.15853055],
       [0.39575326, 0.1897286 , 0.4145182 ]], dtype=float32), array([[0.3985959 , 0.19585124, 0.40555286],
       [0.17045781, 0.66463995, 0.16490225],
       [0.40227062, 0.18793467, 0.40979472]], dtype=float32), array([[0.42209622, 0.17074442, 0.4071593 ],
       [0.16089357, 0.6688236 , 0.17028278],
       [0.41459233, 0.18400747, 0.4014002 ]], dtype=float32), array([[0.38723734, 0.20994326, 0.40281942],
       [0.18435141, 0.64560103, 0.17004754],
       [0.39540154, 0.19008757, 0.41451085]], dtype=float32), array([[0.3235304 , 0.35249504, 0.3239746 ],
       [0.08348649, 0.82990193, 0.0866116 ],
       [0.31941736, 0.3605457 , 0.320037  ]], dtype=float32), array([[0.35136792, 0.30274212, 0.34589   ],
       [0.06645915, 0.8466177 , 0.08692326],
       [0.316543  , 0.3623671 , 0.32108995]], dtype=float32), array([[0.31571302, 0.3696464 , 0.31464064],
       [0.09203041, 0.82018125, 0.08778835],
       [0.32069638, 0.35939443, 0.31990916]], dtype=float32), array([[0.40005952, 0.19433531, 0.40560514],
       [0.18858361, 0.6271042 , 0.18431222],
       [0.402764  , 0.18860327, 0.40863276]], dtype=float32), array([[0.4196147 , 0.17518775, 0.40519756],
       [0.18777366, 0.61531675, 0.19690958],
       [0.41284412, 0.18717813, 0.39997774]], dtype=float32), array([[0.38713664, 0.21053948, 0.4023239 ],
       [0.20603351, 0.601415  , 0.19255148],
       [0.39443257, 0.19290322, 0.41266423]], dtype=float32), array([[0.42018816, 0.1745657 , 0.40524617],
       [0.18708505, 0.6164052 , 0.19650972],
       [0.41317126, 0.18694553, 0.39988327]], dtype=float32), array([[0.34298187, 0.30277485, 0.35424322],
       [0.2149903 , 0.6217316 , 0.16327813],
       [0.36132446, 0.23454425, 0.40413132]], dtype=float32), array([[0.43577102, 0.16191079, 0.4023182 ],
       [0.18604851, 0.6092196 , 0.2047319 ],
       [0.4202985 , 0.186133  , 0.39356858]], dtype=float32), array([[0.3865939 , 0.21251571, 0.40089038],
       [0.22091876, 0.57052326, 0.2085579 ],
       [0.39318144, 0.1967671 , 0.4100514 ]], dtype=float32)]","[array([nan, nan, nan], dtype=float32), array([0.19737075, 0.19737075, 0.19737075], dtype=float32), array([0.19681948, 0.19681948, 0.19681948], dtype=float32), array([nan, nan, nan], dtype=float32), array([0.1951335, 0.1951335, 0.1951335], dtype=float32), array([nan, nan, nan], dtype=float32), array([nan, nan, nan], dtype=float32), array([0.200607, 0.200607, 0.200607], dtype=float32), array([nan, nan, nan], dtype=float32), array([nan, nan, nan], dtype=float32), array([nan, nan, nan], dtype=float32), array([0.20408952, 0.20408952, 0.20408952], dtype=float32), array([nan, nan, nan], dtype=float32), array([0.20317015, 0.20317015, 0.20317015], dtype=float32), array([0.202852, 0.202852, 0.202852], dtype=float32), array([0.20123258, 0.20123258, 0.20123258], dtype=float32), array([0.20027517, 0.20027517, 0.20027517], dtype=float32), array([nan, nan, nan], dtype=float32), array([0.2006523, 0.2006523, 0.2006523], dtype=float32), array([nan, nan, nan], dtype=float32), array([0.20283248, 0.20283248, 0.20283248], dtype=float32), array([0.20307045, 0.20307045, 0.20307045], dtype=float32), array([nan, nan, nan], dtype=float32), array([0.2046056, 0.2046056, 0.2046056], dtype=float32), array([nan, nan, nan], dtype=float32), array([0.2050229, 0.2050229, 0.2050229], dtype=float32), array([nan, nan, nan], dtype=float32), array([0.21004035, 0.21004035, 0.21004035], dtype=float32), array([nan, nan, nan], dtype=float32), array([0.21561132, 0.21561132, 0.21561132], dtype=float32), array([nan, nan, nan], dtype=float32)]",1,0,0,0,0,0,17.462931034482757,21.400862068965516,0.00015681047225739263,0.0003433475877473952,10.08,10.08,2000,48000,48000,2000,0.3299450907217442,6.190508884174051e-06,0.4722185432910919,546238.875,1.0,0.0013802934991,24.0,743256,0.22233980894088745,-1.0,0.3480297327041626,81158,0.00026970100589096546,0.0,999.0,30969,-0.0008702006307430565,372.88836374079017,1.0,0.0393447157605,0.0,0.0013802934991,24.0,743256,0.0,30969,23810,999.0,372.8880089452896,93000,0,2232000,61938,104968,1486512,1119.7878579412952,6424717.818311032,6745719.315453383,2.0,9.5,2,50,0.0015497912900173105,1200,10.04,24.0,0.1507494114088754,0.00030402974869766917,100,10.5,48100,4.488082167157663e-05,1.0067001111073661,1.0067001111073661,2,9.761500620283098e-05,10.04,0.00036417908395251753,0.00016094059779754547,2400,10.04,2400,100,100,6.7026441208150125e-06,3.2914274300393885e-05,1.9915000182368835e-05,7.363260330560971e-06,4.1735867353434185e-05,2.778361438346712e-05,0.0001411598890642835,4.533414222543318e-05,1.5437701979107626e-05,2.7649217542657552e-05,2.1069726628087863e-05,0.052130248094669956,0.006601128303837679,0.050722418811118254,0.16517372048693943,0.03626076544067043,0.018049896494508458,0.0001734980190398505,-0.05519509315490723,108066,1.0,498.0,92.210693359375,0.4722185730934143,721.0,744.0,0.00024638118338771164,2593584,0.21284551918506622,0.34919503,0.00022197281941771507,5187168,651000,15624000,216132,11283.514246518736,498.0,108066,721.0,744.0,2593584,0.0,2.9190248898090455e-05,4.627474337046109e-05,0.00014994561437504743,2.209517774105591e-05,2.885343561396299e-05,1.64077583327165e-05,3.32709239554899e-05,7.508085749831469e-06,6.41839809044133e-06,1.985153973640182e-05,4.221096758467722e-05
1,50000,False,25,cf747_00000,2025-08-17_23-56-13,1755474973,81.22379875183105,2126.2020211219788,760236,intrinsic-attention2,10.156.0.3,2126.2020211219788,25,86.79823592598592,1.5676167257235216e-05,86.7979865317037,2.528664993256169,83.92953757021652,0.0019563090259123294,2.499945279659168,0.0002679699973668903,10.06,2,2000,10.5,2,50000,9.41896060970996e-05,1000,4.410457072889722e-05,1.0067001111073661,1.0067001111073661,24.0,0.0014439522301836405,2.0,25000,9.5,520.3044827617242,2000.0,3000.0,"[array([0.2196012, 0.2196012, 0.2196012], dtype=float32), array([0.22166967, 0.22166967, 0.22166967], dtype=float32), array([0.22364908, 0.22364908, 0.22364908], dtype=float32), array([0.22522596, 0.22522596, 0.22522596], dtype=float32), array([0.22617152, 0.22617152, 0.22617152], dtype=float32), array([0.22768207, 0.22768207, 0.22768207], dtype=float32), array([0.22851773, 0.22851773, 0.22851773], dtype=float32), array([0.22990152, 0.22990152, 0.22990152], dtype=float32), array([0.23077749, 0.23077749, 0.23077749], dtype=float32), array([0.23109156, 0.23109156, 0.23109156], dtype=float32), array([0.23133011, 0.23133011, 0.23133011], dtype=float32), array([0.23181699, 0.23181699, 0.23181699], dtype=float32), array([0.23265673, 0.23265673, 0.23265673], dtype=float32), array([0.23311944, 0.23311944, 0.23311944], dtype=float32), array([0.23342443, 0.23342443, 0.23342443], dtype=float32), array([0.23350167, 0.23350167, 0.23350167], dtype=float32), array([0.23271231, 0.23271231, 0.23271231], dtype=float32), array([0.23201278, 0.23201278, 0.23201278], dtype=float32), array([0.23154135, 0.23154135, 0.23154135], dtype=float32), array([0.23014572, 0.23014572, 0.23014572], dtype=float32), array([0.22780825, 0.22780825, 0.22780825], dtype=float32), array([0.2270627, 0.2270627, 0.2270627], dtype=float32), array([0.22633122, 0.22633122, 0.22633122], dtype=float32), array([0.22490814, 0.22490814, 0.22490814], dtype=float32), array([0.22263888, 0.22263888, 0.22263888], dtype=float32), array([0.22106475, 0.22106475, 0.22106475], dtype=float32), array([0.21980809, 0.21980809, 0.21980809], dtype=float32), array([0.21803136, 0.21803136, 0.21803136], dtype=float32), array([0.21973798, 0.21973798, 0.21973798], dtype=float32), array([0.23744513, 0.23744513, 0.23744513], dtype=float32), array([0.26217628, 0.26217628, 0.26217628], dtype=float32)]","[array([[0.3995116 , 0.19796602, 0.40252236],
       [0.218154  , 0.5659042 , 0.21594176],
       [0.40087336, 0.19515574, 0.40397084]], dtype=float32), array([[0.3335438 , 0.3329349 , 0.33352134],
       [0.1245225 , 0.7424828 , 0.13299473],
       [0.32588956, 0.34745032, 0.32666013]], dtype=float32), array([[0.38581398, 0.21417558, 0.4000104 ],
       [0.2340244 , 0.5437564 , 0.22221908],
       [0.39203054, 0.19931445, 0.40865508]], dtype=float32), array([[0.4327413 , 0.16839346, 0.39886528],
       [0.21397041, 0.55374545, 0.23228413],
       [0.41785884, 0.19151132, 0.39062986]], dtype=float32), array([[0.3462339 , 0.31078482, 0.34298134],
       [0.12725885, 0.7245927 , 0.14814843],
       [0.3268458 , 0.34477934, 0.32837495]], dtype=float32), array([[0.39940935, 0.19922034, 0.40137026],
       [0.23000993, 0.54136217, 0.22862786],
       [0.4002634 , 0.1974772 , 0.40225944]], dtype=float32), array([[0.43368882, 0.16683903, 0.39947215],
       [0.209301  , 0.5628074 , 0.22789162],
       [0.4185502 , 0.1903337 , 0.3911161 ]], dtype=float32), array([[0.33445618, 0.33121914, 0.33432466],
       [0.12936783, 0.73187244, 0.13875967],
       [0.3262542 , 0.34668905, 0.32705677]], dtype=float32), array([[0.38597035, 0.21372196, 0.40030771],
       [0.23856159, 0.5344601 , 0.22697829],
       [0.39205667, 0.19915344, 0.40878984]], dtype=float32), array([[0.38597625, 0.21341002, 0.40061373],
       [0.23760898, 0.5366358 , 0.22575521],
       [0.3921823 , 0.19849606, 0.40932164]], dtype=float32), array([[0.41614223, 0.18144928, 0.40240848],
       [0.22037245, 0.5509379 , 0.22868961],
       [0.4102248 , 0.19195487, 0.39782035]], dtype=float32), array([[0.33381575, 0.33113286, 0.33505136],
       [0.26172808, 0.5523443 , 0.1859276 ],
       [0.34747884, 0.24395674, 0.4085644 ]], dtype=float32), array([[0.3453169 , 0.31235722, 0.34232587],
       [0.12330696, 0.7327774 , 0.14391558],
       [0.32568735, 0.34684297, 0.3274697 ]], dtype=float32), array([[0.35859698, 0.29227468, 0.34912834],
       [0.11265078, 0.74315566, 0.14419354],
       [0.32460704, 0.34783685, 0.32755613]], dtype=float32), array([[0.38571274, 0.21230507, 0.40198216],
       [0.24253476, 0.5276301 , 0.22983517],
       [0.39222586, 0.19630542, 0.4114687 ]], dtype=float32), array([[0.41551855, 0.18093702, 0.4035444 ],
       [0.22799057, 0.537044  , 0.23496541],
       [0.41062713, 0.1897452 , 0.3996276 ]], dtype=float32), array([[0.4152406 , 0.18126631, 0.4034931 ],
       [0.22975609, 0.53368485, 0.2365591 ],
       [0.41047484, 0.18986289, 0.39966226]], dtype=float32), array([[0.32520276, 0.34976602, 0.3250312 ],
       [0.14498919, 0.71168363, 0.14332718],
       [0.32644355, 0.34725907, 0.32629737]], dtype=float32), array([[0.34436533, 0.31403717, 0.34159747],
       [0.1303848 , 0.7182265 , 0.15138873],
       [0.3253999 , 0.34733653, 0.32726347]], dtype=float32), array([[0.35870716, 0.29252914, 0.34876367],
       [0.12481293, 0.7163814 , 0.15880562],
       [0.3250763 , 0.34692013, 0.32800356]], dtype=float32), array([[0.43339688, 0.1680949 , 0.3985082 ],
       [0.2359609 , 0.5113411 , 0.25269806],
       [0.4195096 , 0.1895052 , 0.39098522]], dtype=float32), array([[0.38446924, 0.21440457, 0.40112618],
       [0.25551927, 0.50116104, 0.2433197 ],
       [0.39073873, 0.19888093, 0.41038033]], dtype=float32), array([[0.34226626, 0.3023997 , 0.3553341 ],
       [0.2527313 , 0.54721385, 0.20005482],
       [0.35706463, 0.24053665, 0.40239877]], dtype=float32), array([[0.33181557, 0.33618483, 0.33199963],
       [0.12497359, 0.74026376, 0.13476275],
       [0.32303306, 0.35272732, 0.32423958]], dtype=float32), array([[0.4363229 , 0.16062787, 0.4030492 ],
       [0.20280959, 0.5768348 , 0.2203556 ],
       [0.4221673 , 0.1828029 , 0.39502975]], dtype=float32), array([[0.41867456, 0.17399803, 0.40732735],
       [0.19679469, 0.59943044, 0.20377482],
       [0.41371578, 0.18299533, 0.40328884]], dtype=float32), array([[0.42098936, 0.16980703, 0.40920365],
       [0.17918472, 0.634404  , 0.18641126],
       [0.41566607, 0.17944524, 0.40488866]], dtype=float32), array([[0.42319605, 0.16589189, 0.4109121 ],
       [0.16192016, 0.6687726 , 0.16930728],
       [0.4174716 , 0.17622918, 0.40629926]], dtype=float32), array([[0.40165427, 0.1889964 , 0.40934932],
       [0.17385031, 0.65802807, 0.16812165],
       [0.40535206, 0.18098393, 0.4136641 ]], dtype=float32), array([[0.3456177 , 0.31236503, 0.3420173 ],
       [0.06180551, 0.8570529 , 0.08114155],
       [0.31075218, 0.37260145, 0.31664643]], dtype=float32), array([[0.44091582, 0.15126878, 0.40781537],
       [0.15449151, 0.67349994, 0.17200856],
       [0.42544007, 0.17569907, 0.39886078]], dtype=float32)]","[array([nan, nan, nan], dtype=float32), array([0.22166967, 0.22166967, 0.22166967], dtype=float32), array([nan, nan, nan], dtype=float32), array([nan, nan, nan], dtype=float32), array([nan, nan, nan], dtype=float32), array([0.22768201, 0.22768201, 0.22768201], dtype=float32), array([nan, nan, nan], dtype=float32), array([nan, nan, nan], dtype=float32), array([0.23077747, 0.23077747, 0.23077747], dtype=float32), array([0.23109157, 0.23109157, 0.23109157], dtype=float32), array([nan, nan, nan], dtype=float32), array([nan, nan, nan], dtype=float32), array([nan, nan, nan], dtype=float32), array([0.23311937, 0.23311937, 0.23311937], dtype=float32), array([nan, nan, nan], dtype=float32), array([nan, nan, nan], dtype=float32), array([nan, nan, nan], dtype=float32), array([0.23201276, 0.23201276, 0.23201276], dtype=float32), array([nan, nan, nan], dtype=float32), array([nan, nan, nan], dtype=float32), array([0.22780825, 0.22780825, 0.22780825], dtype=float32), array([nan, nan, nan], dtype=float32), array([nan, nan, nan], dtype=float32), array([0.22490814, 0.22490814, 0.22490814], dtype=float32), array([0.2226389, 0.2226389, 0.2226389], dtype=float32), array([nan, nan, nan], dtype=float32), array([nan, nan, nan], dtype=float32), array([0.21803132, 0.21803132, 0.21803132], dtype=float32), array([nan, nan, nan], dtype=float32), array([nan, nan, nan], dtype=float32), array([nan, nan, nan], dtype=float32)]",1,0,0,0,0,0,14.53879310344828,20.503448275862066,0.0001525538540302199,0.00034014473248340457,10.06,10.06,2000,50000,50000,2000,0.3296841536545283,9.285763553634752e-06,0.4722185432910919,611070.625,1.0,0.0013802934991,25.0,774225,0.38901814818382263,-1.0,0.38064664602279663,81158,0.09579963982105255,0.0,999.0,30969,0.03197617083787918,373.77383196541365,1.0,0.0393447157605,0.0,0.0013802934991,25.0,774225,0.0,30969,23810,999.0,373.7734882671525,93000,0,2325000,61938,104968,1548450,1122.446771542746,6429277.751058157,6750820.340156596,2.0,-10.5,2,50,0.00154155729978811,1250,8.24,25.0,0.15050864417477172,0.0003025389311406556,100,10.5,50100,4.506464044484642e-05,1.0067001111073661,1.0067001111073661,2,9.711061543835589e-05,8.24,0.0003627084842855648,0.00016110408733914047,2500,8.24,2500,100,100,6.5357157377546544e-06,3.207608365475547e-05,1.945986907149669e-05,7.196511632430218e-06,4.040202872207454e-05,2.7556833286948596e-05,0.00014023456322203608,4.4809424120394706e-05,1.5356399163053915e-05,2.7242431031046122e-05,2.0924891206322517e-05,0.052115326253722664,0.006599593910764892,0.050665433953100684,0.1651112814021587,0.03617505158615542,0.018010749249648742,0.0001734817689040149,-0.18611907958984375,108066,1.0,498.0,93.70125579833984,0.4722185730934143,751.0,775.0,-0.062495071440935135,2701650,0.37055131793022156,0.30000865,0.08615324646234512,5403300,651000,16275000,216132,11259.907198361818,498.0,108066,751.0,775.0,2701650,0.0,2.894563729333592e-05,4.634787616029622e-05,0.0001486416920541503,2.210386218269741e-05,2.888721200399085e-05,1.629679755341298e-05,3.3430971311217326e-05,7.480332040800686e-06,6.3879108578822316e-06,1.9726737758590124e-05,4.159270760038981e-05
1,52000,False,26,cf747_00000,2025-08-17_23-57-34,1755475054,80.62213349342346,2206.824154615402,760236,intrinsic-attention2,10.156.0.3,2206.824154615402,26,86.73507189024608,1.5638385536029647e-05,86.73482189652674,2.5276420047236434,83.86770539924423,0.001955881465672618,2.4989237138725455,0.0002679699973668903,6.14,2,2000,10.5,2,52000,9.276775186498287e-05,1000,4.418480138562553e-05,1.0067001111073661,1.0067001111073661,25.0,0.0014496293204138055,2.0,26000,-10.5,506.20017321160157,2000.0,3000.0,"[array([0.3107519, 0.3107519, 0.3107519], dtype=float32), array([0.35425702, 0.35425702, 0.35425702], dtype=float32), array([0.39335424, 0.39335424, 0.39335424], dtype=float32), array([0.42806154, 0.42806154, 0.42806154], dtype=float32), array([0.4580261, 0.4580261, 0.4580261], dtype=float32), array([0.48410022, 0.48410022, 0.48410022], dtype=float32), array([0.50702757, 0.50702757, 0.50702757], dtype=float32), array([0.5266561, 0.5266561, 0.5266561], dtype=float32), array([0.54406697, 0.54406697, 0.54406697], dtype=float32), array([0.55917746, 0.55917746, 0.55917746], dtype=float32), array([0.57284987, 0.57284987, 0.57284987], dtype=float32), array([0.5851169, 0.5851169, 0.5851169], dtype=float32), array([0.59623134, 0.59623134, 0.59623134], dtype=float32), array([0.6063367, 0.6063367, 0.6063367], dtype=float32), array([0.6151972, 0.6151972, 0.6151972], dtype=float32), array([0.62295467, 0.62295467, 0.62295467], dtype=float32), array([0.63005817, 0.63005817, 0.63005817], dtype=float32), array([0.63547415, 0.63547415, 0.63547415], dtype=float32), array([0.6402446, 0.6402446, 0.6402446], dtype=float32), array([0.64401996, 0.64401996, 0.64401996], dtype=float32), array([0.6476739, 0.6476739, 0.6476739], dtype=float32), array([0.6510869, 0.6510869, 0.6510869], dtype=float32), array([0.6544537, 0.6544537, 0.6544537], dtype=float32), array([0.65729266, 0.65729266, 0.65729266], dtype=float32), array([0.65971845, 0.65971845, 0.65971845], dtype=float32), array([0.66180426, 0.66180426, 0.66180426], dtype=float32), array([0.6633199, 0.6633199, 0.6633199], dtype=float32), array([0.6647225, 0.6647225, 0.6647225], dtype=float32), array([0.6659099, 0.6659099, 0.6659099], dtype=float32), array([0.6673813, 0.6673813, 0.6673813], dtype=float32), array([0.6689595, 0.6689595, 0.6689595], dtype=float32)]","[array([[0.404463  , 0.18032931, 0.41520765],
       [0.1142379 , 0.77842253, 0.10733955],
       [0.410239  , 0.16741233, 0.42234865]], dtype=float32), array([[0.44140783, 0.13450763, 0.42408448],
       [0.05577971, 0.883001  , 0.06121925],
       [0.43230647, 0.15048668, 0.4172068 ]], dtype=float32), array([[0.29532573, 0.46586803, 0.23880623],
       [0.07033901, 0.9083098 , 0.02135116],
       [0.34858447, 0.20641945, 0.4449961 ]], dtype=float32), array([[0.406685  , 0.16858578, 0.42472914],
       [0.01773726, 0.9676994 , 0.01456334],
       [0.41968703, 0.13677563, 0.44353735]], dtype=float32), array([[0.27053863, 0.51954806, 0.20991334],
       [0.02004093, 0.97553456, 0.00442443],
       [0.35570562, 0.19436418, 0.44993028]], dtype=float32), array([[0.2929577 , 0.4415593 , 0.26548302],
       [0.00652507, 0.99152094, 0.001954  ],
       [0.3731095 , 0.18583558, 0.44105494]], dtype=float32), array([[1.7575660e-01, 6.6159362e-01, 1.6264977e-01],
       [2.2123766e-04, 9.9964345e-01, 1.3525819e-04],
       [2.2548236e-01, 5.6073093e-01, 2.1378665e-01]], dtype=float32), array([[4.6533453e-01, 8.9108370e-02, 4.4555712e-01],
       [4.9474579e-04, 9.9890089e-01, 6.0426409e-04],
       [4.5291784e-01, 1.1063165e-01, 4.3645051e-01]], dtype=float32), array([[4.5189884e-01, 1.2098703e-01, 4.2711413e-01],
       [1.2793571e-04, 9.9968421e-01, 1.8776962e-04],
       [4.2036688e-01, 1.7476594e-01, 4.0486714e-01]], dtype=float32), array([[4.6905962e-01, 8.2053974e-02, 4.4888636e-01],
       [1.0467642e-04, 9.9976343e-01, 1.3188912e-04],
       [4.5579514e-01, 1.0497671e-01, 4.3922812e-01]], dtype=float32), array([[1.7010060e-01, 7.2785544e-01, 1.0204398e-01],
       [5.3602835e-04, 9.9942601e-01, 3.7981386e-05],
       [3.6016795e-01, 1.8203121e-01, 4.5780089e-01]], dtype=float32), array([[5.8757484e-01, 5.6793366e-02, 3.5563177e-01],
       [8.1789764e-08, 9.9999714e-01, 2.7270107e-06],
       [1.2891597e-01, 6.8642199e-01, 1.8466207e-01]], dtype=float32), array([[3.89943480e-01, 2.02474579e-01, 4.07581985e-01],
       [3.48212270e-05, 9.99947786e-01, 1.74144243e-05],
       [4.26075816e-01, 1.05854005e-01, 4.68070209e-01]], dtype=float32), array([[3.7632224e-01, 2.3236544e-01, 3.9131233e-01],
       [2.2890450e-05, 9.9996746e-01, 9.6320064e-06],
       [4.2215884e-01, 1.0548393e-01, 4.7235721e-01]], dtype=float32), array([[3.7381795e-01, 2.3845053e-01, 3.8773149e-01],
       [1.3729654e-05, 9.9998081e-01, 5.5264768e-06],
       [4.2234802e-01, 1.0455058e-01, 4.7310138e-01]], dtype=float32), array([[5.0309068e-01, 5.1208172e-02, 4.4570121e-01],
       [2.2777378e-06, 9.9999321e-01, 4.5353813e-06],
       [4.6434721e-01, 1.0623030e-01, 4.2942247e-01]], dtype=float32), array([[1.5268718e-01, 6.8700981e-01, 1.6030301e-01],
       [3.6666339e-08, 9.9999988e-01, 6.3814603e-08],
       [1.0497498e-01, 7.8299636e-01, 1.1202869e-01]], dtype=float32), array([[3.7824547e-01, 2.2991052e-01, 3.9184403e-01],
       [3.2477931e-06, 9.9999547e-01, 1.3249806e-06],
       [4.2623460e-01, 1.0202701e-01, 4.7173846e-01]], dtype=float32), array([[1.8111379e-01, 6.7812902e-01, 1.4075720e-01],
       [4.8707520e-06, 9.9999464e-01, 4.7120986e-07],
       [3.8124180e-01, 1.7768905e-01, 4.4106916e-01]], dtype=float32), array([[4.8580569e-01, 5.9084825e-02, 4.5510948e-01],
       [3.7929695e-07, 9.9999905e-01, 5.9966095e-07],
       [4.6352580e-01, 9.5139317e-02, 4.4133487e-01]], dtype=float32), array([[3.7123355e-01, 2.4633949e-01, 3.8242692e-01],
       [1.1382357e-06, 9.9999833e-01, 4.2238489e-07],
       [4.2584711e-01, 1.0179249e-01, 4.7236037e-01]], dtype=float32), array([[1.7797504e-01, 6.8141437e-01, 1.4061068e-01],
       [1.6606716e-06, 9.9999821e-01, 1.6061779e-07],
       [3.8299960e-01, 1.7951515e-01, 4.3748525e-01]], dtype=float32), array([[4.8577040e-01, 5.8346231e-02, 4.5588335e-01],
       [1.4198164e-07, 9.9999964e-01, 2.2772105e-07],
       [4.6319070e-01, 9.5080152e-02, 4.4172916e-01]], dtype=float32), array([[4.7638121e-01, 6.7114927e-02, 4.5650390e-01],
       [1.2131534e-07, 9.9999976e-01, 1.7152345e-07],
       [4.5992234e-01, 9.5602050e-02, 4.4447562e-01]], dtype=float32), array([[4.7642502e-01, 6.6953100e-02, 4.5662186e-01],
       [9.3128506e-08, 9.9999976e-01, 1.3218947e-07],
       [4.5982543e-01, 9.5701963e-02, 4.4447261e-01]], dtype=float32), array([[4.85706061e-01, 5.78735918e-02, 4.56420422e-01],
       [6.44603873e-08, 9.99999762e-01, 1.04592615e-07],
       [4.62840289e-01, 9.52258259e-02, 4.41933930e-01]], dtype=float32), array([[5.3285593e-01, 2.3493838e-02, 4.4365019e-01],
       [9.0272181e-08, 9.9999964e-01, 2.3389559e-07],
       [4.9329942e-01, 6.7684941e-02, 4.3901554e-01]], dtype=float32), array([[1.5750957e-01, 7.2127372e-01, 1.2121674e-01],
       [4.3604487e-07, 9.9999952e-01, 3.5049702e-08],
       [3.8260597e-01, 1.8299635e-01, 4.3439776e-01]], dtype=float32), array([[1.44111559e-01, 7.49209762e-01, 1.06678605e-01],
       [4.23520447e-07, 9.99999523e-01, 2.91109234e-08],
       [3.80974442e-01, 1.83909148e-01, 4.35116440e-01]], dtype=float32), array([[4.7676453e-01, 6.6139489e-02, 4.5709598e-01],
       [3.3279360e-08, 1.0000000e+00, 4.8046932e-08],
       [4.5954692e-01, 9.6000686e-02, 4.4445243e-01]], dtype=float32), array([[2.7001539e-02, 9.5232552e-01, 2.0673022e-02],
       [3.0406961e-09, 1.0000000e+00, 6.9917000e-10],
       [8.0449440e-02, 8.5214508e-01, 6.7405477e-02]], dtype=float32)]","[array([0.3107519, 0.3107519, 0.3107519], dtype=float32), array([0.35425702, 0.35425702, 0.35425702], dtype=float32), array([0.39335424, 0.39335424, 0.39335424], dtype=float32), array([0.42806154, 0.42806154, 0.42806154], dtype=float32), array([0.45802614, 0.45802614, 0.45802614], dtype=float32), array([0.48410022, 0.48410022, 0.48410022], dtype=float32), array([0.50702757, 0.50702757, 0.50702757], dtype=float32), array([0.5266561, 0.5266561, 0.5266561], dtype=float32), array([0.54406697, 0.54406697, 0.54406697], dtype=float32), array([0.5591776, 0.5591776, 0.5591776], dtype=float32), array([0.5728498, 0.5728498, 0.5728498], dtype=float32), array([0.5851169, 0.5851169, 0.5851169], dtype=float32), array([0.5962313, 0.5962313, 0.5962313], dtype=float32), array([0.60633665, 0.60633665, 0.60633665], dtype=float32), array([0.6151971, 0.6151971, 0.6151971], dtype=float32), array([0.62295467, 0.62295467, 0.62295467], dtype=float32), array([0.6300581, 0.6300581, 0.6300581], dtype=float32), array([0.63547415, 0.63547415, 0.63547415], dtype=float32), array([0.6402446, 0.6402446, 0.6402446], dtype=float32), array([0.6440199, 0.6440199, 0.6440199], dtype=float32), array([0.64767396, 0.64767396, 0.64767396], dtype=float32), array([0.651087, 0.651087, 0.651087], dtype=float32), array([0.6544537, 0.6544537, 0.6544537], dtype=float32), array([0.6572927, 0.6572927, 0.6572927], dtype=float32), array([0.6597185, 0.6597185, 0.6597185], dtype=float32), array([0.66180426, 0.66180426, 0.66180426], dtype=float32), array([0.66332, 0.66332, 0.66332], dtype=float32), array([0.6647225, 0.6647225, 0.6647225], dtype=float32), array([0.6659099, 0.6659099, 0.6659099], dtype=float32), array([0.6673813, 0.6673813, 0.6673813], dtype=float32), array([0.66895944, 0.66895944, 0.66895944], dtype=float32)]",1,0,0,0,0,0,13.197391304347827,20.099999999999994,0.00015391623809854723,0.0003404086463451233,6.14,6.14,2000,52000,52000,2000,0.32940081535790966,9.285763553634752e-06,0.4722185432910919,571620.5625,1.0,0.0013802934991,26.0,805194,0.35417020320892334,-1.0,0.34116077423095703,81158,0.024759121239185333,0.0,999.0,30969,-0.007557425182312727,374.6852681606107,1.0,0.0393447157605,0.0,0.0013802934991,26.0,805194,0.0,30969,23810,999.0,374.68493628821284,93000,0,2418000,61938,104968,1610388,1125.1836781285006,6435995.400129549,6757467.458632457,2.0,-10.5,2,50,0.0015394276096776594,1300,7.24,26.0,0.15026745966294805,0.00030102971184317785,100,10.5,52100,4.478625494929909e-05,1.0067001111073661,1.0067001111073661,2,9.719434195498816e-05,7.24,0.0003635683060492248,0.00016078897311176947,2600,7.24,2600,100,100,6.724425189251536e-06,3.222619782979066e-05,1.919351328328886e-05,7.2046105690431285e-06,4.1393517203548606e-05,2.7247716296633896e-05,0.000141190360453229,4.463675816026894e-05,1.5027651529027427e-05,2.7407033292709637e-05,2.0919953480273496e-05,0.052112553871133824,0.006595799491706955,0.05060212429352181,0.1650307031982102,0.03608072161033376,0.017972951797107447,0.00017343967132177763,-0.0177384614944458,108066,1.0,498.0,96.5143051147461,0.4722185730934143,781.0,806.0,-0.07151755690574646,2809716,0.35059258341789246,0.28274733,0.03457736223936081,5619432,651000,16926000,216132,11238.490661512824,498.0,108066,781.0,806.0,2809716,0.0,2.913941480231567e-05,4.6673634226070566e-05,0.00014912007632837494,2.225029674017766e-05,2.8880988149705085e-05,1.6122520931376224e-05,3.359740754920245e-05,7.524772922126197e-06,6.472915606156959e-06,1.9662449206989937e-05,4.157285170526231e-05
1,54000,False,27,cf747_00000,2025-08-17_23-58-56,1755475136,81.43070125579834,2288.2548558712006,760236,intrinsic-attention2,10.156.0.3,2288.2548558712006,27,86.68062301553367,1.5578001684064955e-05,86.68037270484155,2.5267377354664116,83.81441251595177,0.0019553564110520007,2.4980237589736944,0.0002679699973668903,8.45,2,2000,10.5,2,54000,9.134438800759593e-05,1000,4.4451955462325014e-05,1.0067001111073661,1.0067001111073661,26.0,0.0014473451899539214,2.0,27000,-10.5,492.26751465725795,2000.0,3000.0,"[array([0.67054266, 0.67054266, 0.67054266], dtype=float32), array([0.67197186, 0.67197186, 0.67197186], dtype=float32), array([0.673321, 0.673321, 0.673321], dtype=float32), array([0.6746381, 0.6746381, 0.6746381], dtype=float32), array([0.675917, 0.675917, 0.675917], dtype=float32), array([0.6768535, 0.6768535, 0.6768535], dtype=float32), array([0.6777417, 0.6777417, 0.6777417], dtype=float32), array([0.67833525, 0.67833525, 0.67833525], dtype=float32), array([0.67872417, 0.67872417, 0.67872417], dtype=float32), array([0.6786193, 0.6786193, 0.6786193], dtype=float32), array([0.67838794, 0.67838794, 0.67838794], dtype=float32), array([0.6778282, 0.6778282, 0.6778282], dtype=float32), array([0.67699045, 0.67699045, 0.67699045], dtype=float32), array([0.67599994, 0.67599994, 0.67599994], dtype=float32), array([0.6747046, 0.6747046, 0.6747046], dtype=float32), array([0.67276514, 0.67276514, 0.67276514], dtype=float32), array([0.67040503, 0.67040503, 0.67040503], dtype=float32), array([0.66785467, 0.66785467, 0.66785467], dtype=float32), array([0.66490275, 0.66490275, 0.66490275], dtype=float32), array([0.66205984, 0.66205984, 0.66205984], dtype=float32), array([0.65916854, 0.65916854, 0.65916854], dtype=float32), array([0.65661985, 0.65661985, 0.65661985], dtype=float32), array([0.6535827, 0.6535827, 0.6535827], dtype=float32), array([0.6507167, 0.6507167, 0.6507167], dtype=float32), array([0.6478854, 0.6478854, 0.6478854], dtype=float32), array([0.64490783, 0.64490783, 0.64490783], dtype=float32), array([0.6419721, 0.6419721, 0.6419721], dtype=float32), array([0.6388813, 0.6388813, 0.6388813], dtype=float32), array([0.6358779, 0.6358779, 0.6358779], dtype=float32), array([0.63284594, 0.63284594, 0.63284594], dtype=float32), array([0.6296681, 0.6296681, 0.6296681], dtype=float32)]","[array([[3.5334948e-01, 2.8781363e-01, 3.5883689e-01],
       [1.1649217e-07, 9.9999988e-01, 3.5110673e-08],
       [4.2475453e-01, 1.0268203e-01, 4.7256345e-01]], dtype=float32), array([[2.8030412e-02, 9.4982105e-01, 2.2148572e-02],
       [1.9385102e-09, 1.0000000e+00, 5.0701471e-10],
       [7.6528288e-02, 8.5836327e-01, 6.5108523e-02]], dtype=float32), array([[3.38499278e-01, 3.21539402e-01, 3.39961380e-01],
       [1.04492933e-07, 9.99999881e-01, 2.71481433e-08],
       [4.21830714e-01, 1.03656285e-01, 4.74512994e-01]], dtype=float32), array([[3.4982932e-01, 2.9588866e-01, 3.5428211e-01],
       [8.3118415e-08, 9.9999988e-01, 2.4262212e-08],
       [4.2439717e-01, 1.0346291e-01, 4.7213992e-01]], dtype=float32), array([[4.8486251e-01, 5.8076918e-02, 4.5706055e-01],
       [1.3184899e-08, 1.0000000e+00, 2.1844585e-08],
       [4.6123534e-01, 9.7100019e-02, 4.4166461e-01]], dtype=float32), array([[1.0325680e-01, 7.8604060e-01, 1.1070267e-01],
       [1.4269699e-10, 1.0000000e+00, 3.1056566e-10],
       [5.6973811e-02, 8.8044214e-01, 6.2583961e-02]], dtype=float32), array([[5.62626660e-01, 5.57259656e-02, 3.81647408e-01],
       [7.50700283e-12, 1.00000000e+00, 5.53123825e-10],
       [7.54802749e-02, 8.12053442e-01, 1.12466305e-01]], dtype=float32), array([[1.01004094e-01, 7.90677905e-01, 1.08317941e-01],
       [1.16267690e-10, 1.00000000e+00, 2.52916577e-10],
       [5.56257330e-02, 8.83269846e-01, 6.11044094e-02]], dtype=float32), array([[4.4697188e-02, 9.3913728e-01, 1.6165547e-02],
       [8.2739092e-07, 9.9999917e-01, 7.6959745e-09],
       [3.6119345e-01, 1.9517823e-01, 4.4362834e-01]], dtype=float32), array([[4.4141454e-01, 9.6922703e-02, 4.6166277e-01],
       [9.4970559e-08, 9.9999988e-01, 5.8863158e-08],
       [4.5614022e-01, 5.9354458e-02, 4.8450539e-01]], dtype=float32), array([[2.3443112e-02, 9.5838362e-01, 1.8173266e-02],
       [8.3156870e-10, 1.0000000e+00, 1.9807285e-10],
       [6.9435589e-02, 8.7219739e-01, 5.8366913e-02]], dtype=float32), array([[1.34547636e-01, 7.65095294e-01, 1.00357085e-01],
       [9.60206066e-08, 9.99999881e-01, 6.28946406e-09],
       [3.81150424e-01, 1.90332413e-01, 4.28517193e-01]], dtype=float32), array([[3.4463388e-01, 3.1385162e-01, 3.4151444e-01],
       [3.2661471e-11, 1.0000000e+00, 3.4126338e-10],
       [8.4402218e-02, 8.1044441e-01, 1.0515336e-01]], dtype=float32), array([[2.0567322e-02, 9.6411681e-01, 1.5315846e-02],
       [8.0930368e-10, 1.0000000e+00, 1.6272159e-10],
       [6.9060706e-02, 8.7408465e-01, 5.6854602e-02]], dtype=float32), array([[4.83194262e-01, 5.99888489e-02, 4.56816822e-01],
       [6.38887521e-09, 1.00000000e+00, 1.06150155e-08],
       [4.59126621e-01, 1.00174598e-01, 4.40698743e-01]], dtype=float32), array([[2.2118228e-02, 9.6084124e-01, 1.7040528e-02],
       [6.4245287e-10, 1.0000000e+00, 1.4865079e-10],
       [6.7187212e-02, 8.7655979e-01, 5.6253016e-02]], dtype=float32), array([[1.3105451e-01, 7.7167267e-01, 9.7272865e-02],
       [7.7929570e-08, 9.9999988e-01, 4.9722639e-09],
       [3.8059607e-01, 1.9264495e-01, 4.2675900e-01]], dtype=float32), array([[2.1888679e-02, 9.6126217e-01, 1.6849130e-02],
       [6.1008054e-10, 1.0000000e+00, 1.4056911e-10],
       [6.6747002e-02, 8.7740189e-01, 5.5851106e-02]], dtype=float32), array([[1.2125161e-01, 7.9180431e-01, 8.6944029e-02],
       [8.5909292e-08, 9.9999988e-01, 4.8038378e-09],
       [3.7931868e-01, 1.9316553e-01, 4.2751580e-01]], dtype=float32), array([[4.83030230e-01, 6.01154864e-02, 4.56854284e-01],
       [5.61095614e-09, 1.00000000e+00, 9.32486355e-09],
       [4.58956927e-01, 1.00365914e-01, 4.40677196e-01]], dtype=float32), array([[8.4704004e-02, 8.2527918e-01, 9.0016760e-02],
       [6.9770162e-11, 1.0000000e+00, 1.3033540e-10],
       [5.2068695e-02, 8.9175642e-01, 5.6174882e-02]], dtype=float32), array([[1.20438196e-01, 7.93306530e-01, 8.62552077e-02],
       [8.04857123e-08, 9.99999881e-01, 4.46064652e-09],
       [3.79294455e-01, 1.93335190e-01, 4.27370399e-01]], dtype=float32), array([[4.8296797e-01, 6.0172550e-02, 4.5685950e-01],
       [5.1990843e-09, 1.0000000e+00, 8.6491445e-09],
       [4.5883989e-01, 1.0053655e-01, 4.4062367e-01]], dtype=float32), array([[1.9352632e-02, 9.6632808e-01, 1.4319357e-02],
       [6.0871130e-10, 1.0000000e+00, 1.1873784e-10],
       [6.6739365e-02, 8.7853849e-01, 5.4722123e-02]], dtype=float32), array([[8.3604671e-02, 8.2753253e-01, 8.8862747e-02],
       [6.1011397e-11, 1.0000000e+00, 1.1407652e-10],
       [5.1305618e-02, 8.9333636e-01, 5.5358052e-02]], dtype=float32), array([[3.24142396e-01, 3.54133576e-01, 3.21724027e-01],
       [3.36690782e-08, 1.00000000e+00, 7.84934251e-09],
       [4.20413464e-01, 1.07885286e-01, 4.71701205e-01]], dtype=float32), array([[3.2391375e-01, 3.5464704e-01, 3.2143921e-01],
       [3.2616448e-08, 1.0000000e+00, 7.5868174e-09],
       [4.2041793e-01, 1.0789498e-01, 4.7168699e-01]], dtype=float32), array([[8.30395147e-02, 8.28686953e-01, 8.82735252e-02],
       [5.52022178e-11, 1.00000000e+00, 1.03396625e-10],
       [5.08573838e-02, 8.94259810e-01, 5.48827387e-02]], dtype=float32), array([[4.8292303e-01, 6.0147598e-02, 4.5692939e-01],
       [4.2721253e-09, 1.0000000e+00, 7.1276176e-09],
       [4.5868286e-01, 1.0073538e-01, 4.4058171e-01]], dtype=float32), array([[9.0906322e-02, 8.1148541e-01, 9.7608291e-02],
       [4.3707045e-11, 1.0000000e+00, 9.4881714e-11],
       [4.9636640e-02, 8.9583403e-01, 5.4529317e-02]], dtype=float32), array([[5.5949199e-01, 1.1462261e-02, 4.2904574e-01],
       [9.2956522e-09, 1.0000000e+00, 3.2860605e-08],
       [5.1397258e-01, 4.8540302e-02, 4.3748719e-01]], dtype=float32)]","[array([0.6705426, 0.6705426, 0.6705426], dtype=float32), array([0.6719718, 0.6719718, 0.6719718], dtype=float32), array([0.6733212, 0.6733212, 0.6733212], dtype=float32), array([0.67463815, 0.67463815, 0.67463815], dtype=float32), array([0.67591715, 0.67591715, 0.67591715], dtype=float32), array([0.6768536, 0.6768536, 0.6768536], dtype=float32), array([0.67774165, 0.67774165, 0.67774165], dtype=float32), array([0.67833525, 0.67833525, 0.67833525], dtype=float32), array([0.6787241, 0.6787241, 0.6787241], dtype=float32), array([0.67861927, 0.67861927, 0.67861927], dtype=float32), array([0.678388, 0.678388, 0.678388], dtype=float32), array([0.6778282, 0.6778282, 0.6778282], dtype=float32), array([0.67699045, 0.67699045, 0.67699045], dtype=float32), array([0.676, 0.676, 0.676], dtype=float32), array([0.6747046, 0.6747046, 0.6747046], dtype=float32), array([0.6727652, 0.6727652, 0.6727652], dtype=float32), array([0.670405, 0.670405, 0.670405], dtype=float32), array([0.66785467, 0.66785467, 0.66785467], dtype=float32), array([0.66490275, 0.66490275, 0.66490275], dtype=float32), array([0.66205984, 0.66205984, 0.66205984], dtype=float32), array([0.65916854, 0.65916854, 0.65916854], dtype=float32), array([0.6566198, 0.6566198, 0.6566198], dtype=float32), array([0.6535828, 0.6535828, 0.6535828], dtype=float32), array([0.6507167, 0.6507167, 0.6507167], dtype=float32), array([0.64788544, 0.64788544, 0.64788544], dtype=float32), array([0.6449077, 0.6449077, 0.6449077], dtype=float32), array([0.64197206, 0.64197206, 0.64197206], dtype=float32), array([0.63888127, 0.63888127, 0.63888127], dtype=float32), array([0.6358781, 0.6358781, 0.6358781], dtype=float32), array([0.63284594, 0.63284594, 0.63284594], dtype=float32), array([0.62966806, 0.62966806, 0.62966806], dtype=float32)]",1,0,0,0,0,0,13.304273504273505,20.099999999999994,0.00015436128166038024,0.0003401187697013044,8.45,8.45,2000,54000,54000,2000,0.32916649900433886,9.285763553634752e-06,0.4722185432910919,557761.0625,1.0,0.0013802934991,27.0,836163,0.28039389848709106,-1.0,0.34698396921157837,81158,0.015194498002529144,0.0,999.0,30969,-0.0018359977984800935,375.4008153697558,1.0,0.0393447157605,0.0,0.0013802934991,27.0,836163,0.0,30969,23810,999.0,375.40049366007275,93000,0,2511000,61938,104968,1672326,1127.3323325213632,6440667.115593325,6766178.279525059,2.0,-10.5,2,50,0.0015415366902016103,1350,8.64,27.0,0.1500300343663682,0.0002995459847014503,100,10.5,54100,4.476205469331426e-05,1.0067001111073661,1.0067001111073661,2,9.725387738078073e-05,8.64,0.00036331569161520544,0.0001605648099508622,2700,8.64,2700,100,100,6.619333988374447e-06,3.2402463392384e-05,1.9438244669309582e-05,7.176875993555572e-06,4.13740732565923e-05,2.76659170544905e-05,0.00013970266019144796,4.474606202174357e-05,1.5244986811770194e-05,2.726541677125144e-05,2.097507822858626e-05,0.05210599004242858,0.006590655686718236,0.05054756048046757,0.16498691874619653,0.03599380127425289,0.017935138499154547,0.0001733814945897236,-0.008942961692810059,108066,1.0,498.0,96.08744812011719,0.4722185730934143,811.0,837.0,-0.058659788221120834,2917782,0.2845984697341919,0.29275575,0.01623137667775154,5835564,651000,17577000,216132,11214.438158286177,498.0,108066,811.0,837.0,2917782,0.0,2.9438852214002355e-05,4.650190392905367e-05,0.00014899387792554066,2.1968304811313204e-05,2.867753767240854e-05,1.626328048137727e-05,3.3128065819106626e-05,7.475523927023781e-06,6.3981078512844154e-06,1.9709515991297748e-05,4.175917935998659e-05
1,56000,False,28,cf747_00000,2025-08-18_00-00-17,1755475217,81.24575185775757,2369.500607728958,760236,intrinsic-attention2,10.156.0.3,2369.500607728958,28,86.6248546716583,1.5528861739996585e-05,86.62460406907319,2.526002490171869,83.75955820851217,0.0019528170169487952,2.497290112753841,0.0002679699973668903,9.3,2,2000,10.5,2,56000,9.258529184845549e-05,1000,4.4139365744212476e-05,1.0067001111073661,1.0067001111073661,27.0,0.0014539196784608065,2.0,28000,-10.5,478.5239835112849,2000.0,3000.0,"[array([0.6266359, 0.6266359, 0.6266359], dtype=float32), array([0.6238843, 0.6238843, 0.6238843], dtype=float32), array([0.6214351, 0.6214351, 0.6214351], dtype=float32), array([0.6192718, 0.6192718, 0.6192718], dtype=float32), array([0.6171913, 0.6171913, 0.6171913], dtype=float32), array([0.615234, 0.615234, 0.615234], dtype=float32), array([0.6133876, 0.6133876, 0.6133876], dtype=float32), array([0.6115617, 0.6115617, 0.6115617], dtype=float32), array([0.60984004, 0.60984004, 0.60984004], dtype=float32), array([0.6081804, 0.6081804, 0.6081804], dtype=float32), array([0.6065415, 0.6065415, 0.6065415], dtype=float32), array([0.6050649, 0.6050649, 0.6050649], dtype=float32), array([0.6036028, 0.6036028, 0.6036028], dtype=float32), array([0.602415, 0.602415, 0.602415], dtype=float32), array([0.6012539, 0.6012539, 0.6012539], dtype=float32), array([0.6000834, 0.6000834, 0.6000834], dtype=float32), array([0.59897363, 0.59897363, 0.59897363], dtype=float32), array([0.5979758, 0.5979758, 0.5979758], dtype=float32), array([0.59711933, 0.59711933, 0.59711933], dtype=float32), array([0.5962477, 0.5962477, 0.5962477], dtype=float32), array([0.595295, 0.595295, 0.595295], dtype=float32), array([0.59440243, 0.59440243, 0.59440243], dtype=float32), array([0.59385455, 0.59385455, 0.59385455], dtype=float32), array([0.5933923, 0.5933923, 0.5933923], dtype=float32), array([0.5929594, 0.5929594, 0.5929594], dtype=float32), array([0.5922379, 0.5922379, 0.5922379], dtype=float32), array([0.59149927, 0.59149927, 0.59149927], dtype=float32), array([0.59086466, 0.59086466, 0.59086466], dtype=float32), array([0.5904178, 0.5904178, 0.5904178], dtype=float32), array([0.58966315, 0.58966315, 0.58966315], dtype=float32), array([0.588766, 0.588766, 0.588766], dtype=float32)]","[array([[3.3473375e-01, 3.3017817e-01, 3.3508810e-01],
       [2.4207809e-08, 1.0000000e+00, 6.2504664e-09],
       [4.2267415e-01, 1.0753553e-01, 4.6979034e-01]], dtype=float32), array([[3.34459037e-01, 3.30797434e-01, 3.34743500e-01],
       [2.33748381e-08, 1.00000000e+00, 6.01755357e-09],
       [4.22671914e-01, 1.07528776e-01, 4.69799370e-01]], dtype=float32), array([[8.1509478e-02, 8.3181220e-01, 8.6678326e-02],
       [4.2285470e-11, 1.0000000e+00, 7.9574930e-11],
       [4.9655225e-02, 8.9673692e-01, 5.3607892e-02]], dtype=float32), array([[1.8023128e-02, 9.6872979e-01, 1.3247110e-02],
       [4.0094780e-10, 1.0000000e+00, 7.5330547e-11],
       [6.4283796e-02, 8.8321507e-01, 5.2501164e-02]], dtype=float32), array([[3.33463281e-01, 3.33040804e-01, 3.33495975e-01],
       [2.08200515e-08, 1.00000000e+00, 5.30542010e-09],
       [4.22643840e-01, 1.07552156e-01, 4.69804019e-01]], dtype=float32), array([[4.75360572e-01, 6.79331422e-02, 4.56706345e-01],
       [3.38189565e-09, 1.00000000e+00, 5.05198239e-09],
       [4.56261754e-01, 1.01381935e-01, 4.42356348e-01]], dtype=float32), array([[1.2379029e-01, 7.8521264e-01, 9.0997070e-02],
       [4.1496140e-08, 1.0000000e+00, 2.4445872e-09],
       [3.8056678e-01, 1.9345878e-01, 4.2597443e-01]], dtype=float32), array([[1.1471097e-01, 8.0366457e-01, 8.1624471e-02],
       [4.5203976e-08, 1.0000000e+00, 2.3514342e-09],
       [3.7932858e-01, 1.9427912e-01, 4.2639232e-01]], dtype=float32), array([[4.8242742e-01, 6.0658313e-02, 4.5691422e-01],
       [2.6852787e-09, 1.0000000e+00, 4.5038115e-09],
       [4.5786157e-01, 1.0194835e-01, 4.4019011e-01]], dtype=float32), array([[4.8226878e-01, 6.0874667e-02, 4.5685655e-01],
       [2.6536804e-09, 1.0000000e+00, 4.4479114e-09],
       [4.5768899e-01, 1.0221972e-01, 4.4009128e-01]], dtype=float32), array([[7.9047486e-02, 8.3687991e-01, 8.4072635e-02],
       [3.1621341e-11, 1.0000000e+00, 5.9461477e-11],
       [4.8082203e-02, 9.0001202e-01, 5.1905729e-02]], dtype=float32), array([[3.2996836e-01, 3.4089747e-01, 3.2913420e-01],
       [1.7729434e-08, 1.0000000e+00, 4.4319064e-09],
       [4.2201576e-01, 1.0926351e-01, 4.6872070e-01]], dtype=float32), array([[4.7440654e-01, 6.9333926e-02, 4.5625961e-01],
       [3.0124849e-09, 1.0000000e+00, 4.4847641e-09],
       [4.5526204e-01, 1.0299351e-01, 4.4174448e-01]], dtype=float32), array([[4.8196304e-01, 6.1283957e-02, 4.5675302e-01],
       [2.6959071e-09, 1.0000000e+00, 4.5075068e-09],
       [4.5742548e-01, 1.0261662e-01, 4.3995786e-01]], dtype=float32), array([[4.7424623e-01, 6.9531538e-02, 4.5622221e-01],
       [3.0257179e-09, 1.0000000e+00, 4.4952637e-09],
       [4.5518723e-01, 1.0306760e-01, 4.4174522e-01]], dtype=float32), array([[1.8793726e-02, 9.6697950e-01, 1.4226703e-02],
       [2.8226671e-10, 1.0000000e+00, 5.9704908e-11],
       [6.1708584e-02, 8.8717532e-01, 5.1116139e-02]], dtype=float32), array([[4.7418308e-01, 6.9602653e-02, 4.5621431e-01],
       [2.9637957e-09, 1.0000000e+00, 4.4009325e-09],
       [4.5514682e-01, 1.0311097e-01, 4.4174221e-01]], dtype=float32), array([[7.8740098e-02, 8.3752680e-01, 8.3733149e-02],
       [3.1307772e-11, 1.0000000e+00, 5.8723575e-11],
       [4.7983576e-02, 9.0023154e-01, 5.1784903e-02]], dtype=float32), array([[3.29452068e-01, 3.42056692e-01, 3.28491271e-01],
       [1.74519013e-08, 1.00000000e+00, 4.34843273e-09],
       [4.21920627e-01, 1.09469935e-01, 4.68609363e-01]], dtype=float32), array([[3.2971388e-01, 3.4146956e-01, 3.2881653e-01],
       [1.7959273e-08, 1.0000000e+00, 4.4846269e-09],
       [4.2193612e-01, 1.0941650e-01, 4.6864736e-01]], dtype=float32), array([[7.8906938e-02, 8.3719116e-01, 8.3901875e-02],
       [3.2828667e-11, 1.0000000e+00, 6.1476317e-11],
       [4.8158724e-02, 8.9987534e-01, 5.1966004e-02]], dtype=float32), array([[4.7391221e-01, 6.9937944e-02, 4.5614994e-01],
       [3.1426561e-09, 1.0000000e+00, 4.6456874e-09],
       [4.5507255e-01, 1.0314284e-01, 4.4178465e-01]], dtype=float32), array([[4.8177895e-01, 6.1522912e-02, 4.5669806e-01],
       [2.8019473e-09, 1.0000000e+00, 4.6733719e-09],
       [4.5732170e-01, 1.0275433e-01, 4.3992403e-01]], dtype=float32), array([[1.7331880e-02, 9.6999705e-01, 1.2671129e-02],
       [3.4754050e-10, 1.0000000e+00, 6.3807210e-11],
       [6.3017130e-02, 8.8568127e-01, 5.1301599e-02]], dtype=float32), array([[8.7314621e-02, 8.1889653e-01, 9.3788914e-02],
       [2.9845040e-11, 1.0000000e+00, 6.4744078e-11],
       [4.7529321e-02, 9.0025747e-01, 5.2213240e-02]], dtype=float32), array([[3.29998016e-01, 3.40832651e-01, 3.29169333e-01],
       [1.93703649e-08, 1.00000000e+00, 4.86221730e-09],
       [4.21856165e-01, 1.09643616e-01, 4.68500286e-01]], dtype=float32), array([[3.3000830e-01, 3.4080967e-01, 3.2918203e-01],
       [1.9716916e-08, 1.0000000e+00, 4.9553837e-09],
       [4.2181888e-01, 1.0975882e-01, 4.6842220e-01]], dtype=float32), array([[8.7456539e-02, 8.1861460e-01, 9.3928903e-02],
       [3.1564456e-11, 1.0000000e+00, 6.8300206e-11],
       [4.7717575e-02, 8.9987445e-01, 5.2407939e-02]], dtype=float32), array([[4.7350270e-01, 7.0572071e-02, 4.5592526e-01],
       [3.4668264e-09, 1.0000000e+00, 5.1057456e-09],
       [4.5475051e-01, 1.0366670e-01, 4.4158274e-01]], dtype=float32), array([[8.7703548e-02, 8.1810874e-01, 9.4187759e-02],
       [3.2822529e-11, 1.0000000e+00, 7.0965595e-11],
       [4.7897141e-02, 8.9950186e-01, 5.2601006e-02]], dtype=float32), array([[4.8165017e-01, 6.1738577e-02, 4.5661128e-01],
       [3.1685914e-09, 1.0000000e+00, 5.2690758e-09],
       [4.5728865e-01, 1.0281786e-01, 4.3989354e-01]], dtype=float32)]","[array([0.6266359, 0.6266359, 0.6266359], dtype=float32), array([0.62388444, 0.62388444, 0.62388444], dtype=float32), array([0.6214351, 0.6214351, 0.6214351], dtype=float32), array([0.6192718, 0.6192718, 0.6192718], dtype=float32), array([0.61719126, 0.61719126, 0.61719126], dtype=float32), array([0.61523396, 0.61523396, 0.61523396], dtype=float32), array([0.6133876, 0.6133876, 0.6133876], dtype=float32), array([0.61156154, 0.61156154, 0.61156154], dtype=float32), array([0.60984004, 0.60984004, 0.60984004], dtype=float32), array([0.60818034, 0.60818034, 0.60818034], dtype=float32), array([0.6065414, 0.6065414, 0.6065414], dtype=float32), array([0.6050649, 0.6050649, 0.6050649], dtype=float32), array([0.6036028, 0.6036028, 0.6036028], dtype=float32), array([0.602415, 0.602415, 0.602415], dtype=float32), array([0.601254, 0.601254, 0.601254], dtype=float32), array([0.6000836, 0.6000836, 0.6000836], dtype=float32), array([0.59897363, 0.59897363, 0.59897363], dtype=float32), array([0.5979758, 0.5979758, 0.5979758], dtype=float32), array([0.59711945, 0.59711945, 0.59711945], dtype=float32), array([0.5962476, 0.5962476, 0.5962476], dtype=float32), array([0.5952952, 0.5952952, 0.5952952], dtype=float32), array([0.59440255, 0.59440255, 0.59440255], dtype=float32), array([0.5938545, 0.5938545, 0.5938545], dtype=float32), array([0.5933923, 0.5933923, 0.5933923], dtype=float32), array([0.5929594, 0.5929594, 0.5929594], dtype=float32), array([0.5922379, 0.5922379, 0.5922379], dtype=float32), array([0.5914992, 0.5914992, 0.5914992], dtype=float32), array([0.59086466, 0.59086466, 0.59086466], dtype=float32), array([0.59041774, 0.59041774, 0.59041774], dtype=float32), array([0.58966315, 0.58966315, 0.58966315], dtype=float32), array([0.5887659, 0.5887659, 0.5887659], dtype=float32)]",1,0,0,0,0,0,13.222413793103447,20.099999999999994,0.0001539572124621916,0.00034250817714708866,9.3,9.3,2000,56000,56000,2000,0.32900970824431336,4.642881776817376e-06,0.4722185432910919,532460.75,1.0,0.0013802934991,28.0,867132,0.25260722637176514,-1.0,0.3433769941329956,81158,0.006126617081463337,0.0,999.0,30969,-0.005481238942593336,376.0950465844551,1.0,0.0393447157605,0.0,0.0013802934991,28.0,867132,0.0,30969,23810,999.0,376.09473213599665,93000,0,2604000,61938,104968,1734264,1129.4169835725177,6445902.710664325,6775833.180407289,2.0,-10.5,2,50,0.001551499679335393,1400,9.24,28.0,0.1498093294226784,0.00029806779484763666,100,10.5,56100,4.4955774434805725e-05,1.0067001111073661,1.0067001111073661,2,9.776945079770826e-05,9.24,0.0003682801329410413,0.00016239802924875805,2800,9.24,2800,100,100,6.665104597595978e-06,3.2280486700697975e-05,1.9507967635889907e-05,7.261293315141933e-06,4.124499094607329e-05,2.776962128206233e-05,0.0001418004299807366,4.494770417518013e-05,1.5322262829700102e-05,2.7781725735855472e-05,2.0791598368159273e-05,0.05209118192202949,0.006586569379971999,0.050487320265587964,0.1650351854687082,0.035903191611478785,0.017899725664190087,0.00017333485969098266,-0.005790114402770996,108066,1.0,498.0,96.4094009399414,0.4722185730934143,841.0,868.0,-0.05596751347184181,3025848,0.2670896053314209,0.29345685,0.0036572401877492666,6051696,651000,18228000,216132,11193.198125025161,498.0,108066,841.0,868.0,3025848,0.0,2.9972899729173154e-05,4.733510799633733e-05,0.00015172628677477483,2.2210800284647378e-05,2.8816665532935718e-05,1.6594354742305505e-05,3.3762435296303044e-05,7.644593802723042e-06,6.639493179845639e-06,2.005130751332702e-05,4.2014441630815144e-05
1,58000,False,29,cf747_00000,2025-08-18_00-01-39,1755475299,81.7776951789856,2451.2783029079437,760236,intrinsic-attention2,10.156.0.3,2451.2783029079437,29,86.57498809469178,1.5462853197058914e-05,86.57473709242254,2.525182803080088,83.71072013331715,0.001953420046778321,2.4964675514063286,0.0002679699973668903,9.23,2,2000,10.5,2,58000,9.42943841941337e-05,1000,4.4697691059372225e-05,1.0067001111073661,1.0067001111073661,28.0,0.001465127099509118,2.0,29000,-10.5,464.9856581053501,2000.0,3000.0,"[array([0.5878863, 0.5878863, 0.5878863], dtype=float32), array([0.5874358, 0.5874358, 0.5874358], dtype=float32), array([0.5868683, 0.5868683, 0.5868683], dtype=float32), array([0.5862617, 0.5862617, 0.5862617], dtype=float32), array([0.5858393, 0.5858393, 0.5858393], dtype=float32), array([0.5851896, 0.5851896, 0.5851896], dtype=float32), array([0.58440846, 0.58440846, 0.58440846], dtype=float32), array([0.5838284, 0.5838284, 0.5838284], dtype=float32), array([0.58312804, 0.58312804, 0.58312804], dtype=float32), array([0.5821515, 0.5821515, 0.5821515], dtype=float32), array([0.58137566, 0.58137566, 0.58137566], dtype=float32), array([0.58069605, 0.58069605, 0.58069605], dtype=float32), array([0.57965857, 0.57965857, 0.57965857], dtype=float32), array([0.578906, 0.578906, 0.578906], dtype=float32), array([0.5781326, 0.5781326, 0.5781326], dtype=float32), array([0.5774498, 0.5774498, 0.5774498], dtype=float32), array([0.5771588, 0.5771588, 0.5771588], dtype=float32), array([0.5770232, 0.5770232, 0.5770232], dtype=float32), array([0.5767568, 0.5767568, 0.5767568], dtype=float32), array([0.57634556, 0.57634556, 0.57634556], dtype=float32), array([0.5760053, 0.5760053, 0.5760053], dtype=float32), array([0.57591665, 0.57591665, 0.57591665], dtype=float32), array([0.5762163, 0.5762163, 0.5762163], dtype=float32), array([0.5763015, 0.5763015, 0.5763015], dtype=float32), array([0.57683086, 0.57683086, 0.57683086], dtype=float32), array([0.57716614, 0.57716614, 0.57716614], dtype=float32), array([0.5776834, 0.5776834, 0.5776834], dtype=float32), array([0.5777594, 0.5777594, 0.5777594], dtype=float32), array([0.57811743, 0.57811743, 0.57811743], dtype=float32), array([0.578316, 0.578316, 0.578316], dtype=float32), array([0.57831675, 0.57831675, 0.57831675], dtype=float32)]","[array([[3.18422437e-01, 3.66982639e-01, 3.14594865e-01],
       [2.38553781e-08, 1.00000000e+00, 5.34727596e-09],
       [4.19716716e-01, 1.09748065e-01, 4.70535219e-01]], dtype=float32), array([[3.9671510e-02, 9.4588804e-01, 1.4440452e-02],
       [3.1937893e-07, 9.9999964e-01, 2.7192226e-09],
       [3.6202937e-01, 2.0190233e-01, 4.3606833e-01]], dtype=float32), array([[8.8100500e-02, 8.1729037e-01, 9.4609126e-02],
       [3.4297024e-11, 1.0000000e+00, 7.4148930e-11],
       [4.8135798e-02, 8.9900190e-01, 5.2862383e-02]], dtype=float32), array([[1.7736210e-02, 9.6927017e-01, 1.2993598e-02],
       [3.9940523e-10, 1.0000000e+00, 7.4214440e-11],
       [6.3791953e-02, 8.8421220e-01, 5.1995918e-02]], dtype=float32), array([[4.8182756e-01, 6.1475791e-02, 4.5669663e-01],
       [3.2877889e-09, 1.0000000e+00, 5.4652052e-09],
       [4.5754969e-01, 1.0238041e-01, 4.4006985e-01]], dtype=float32), array([[4.8174873e-01, 6.1577655e-02, 4.5667359e-01],
       [3.2637342e-09, 1.0000000e+00, 5.4228604e-09],
       [4.5747378e-01, 1.0249368e-01, 4.4003251e-01]], dtype=float32), array([[3.3086270e-01, 3.3889157e-01, 3.3024573e-01],
       [2.1103435e-08, 1.0000000e+00, 5.3313176e-09],
       [4.2193130e-01, 1.0938222e-01, 4.6868655e-01]], dtype=float32), array([[3.1813911e-01, 3.6761451e-01, 3.1424642e-01],
       [2.3480876e-08, 1.0000000e+00, 5.2590852e-09],
       [4.1966569e-01, 1.0995672e-01, 4.7037762e-01]], dtype=float32), array([[4.73744184e-01, 7.02329949e-02, 4.56022799e-01],
       [3.51104568e-09, 1.00000000e+00, 5.17960519e-09],
       [4.54950929e-01, 1.03366286e-01, 4.41682786e-01]], dtype=float32), array([[3.3010921e-01, 3.4058416e-01, 3.2930663e-01],
       [2.0266542e-08, 1.0000000e+00, 5.0966484e-09],
       [4.2180917e-01, 1.0970969e-01, 4.6848118e-01]], dtype=float32), array([[3.17516416e-01, 3.69001925e-01, 3.13481659e-01],
       [2.23037020e-08, 1.00000000e+00, 4.97962915e-09],
       [4.19594586e-01, 1.10272415e-01, 4.70133036e-01]], dtype=float32), array([[1.1362414e-01, 8.0579120e-01, 8.0584630e-02],
       [4.8149403e-08, 1.0000000e+00, 2.5069589e-09],
       [3.7851223e-01, 1.9706365e-01, 4.2442408e-01]], dtype=float32), array([[7.8492880e-02, 8.3806723e-01, 8.3439931e-02],
       [3.4996360e-11, 1.0000000e+00, 6.5145667e-11],
       [4.8133984e-02, 8.9995301e-01, 5.1912919e-02]], dtype=float32), array([[3.16523731e-01, 3.71211082e-01, 3.12265158e-01],
       [2.07596980e-08, 1.00000000e+00, 4.61578109e-09],
       [4.19454336e-01, 1.10868044e-01, 4.69677538e-01]], dtype=float32), array([[3.5924885e-02, 9.5188212e-01, 1.2192906e-02],
       [3.1887765e-07, 9.9999964e-01, 2.2986937e-09],
       [3.6081621e-01, 2.0305745e-01, 4.3612635e-01]], dtype=float32), array([[3.1602833e-01, 3.7231421e-01, 3.1165743e-01],
       [2.0087169e-08, 1.0000000e+00, 4.4554769e-09],
       [4.1938546e-01, 1.1112736e-01, 4.6948713e-01]], dtype=float32), array([[1.8415101e-02, 9.6770757e-01, 1.3877331e-02],
       [2.8608738e-10, 1.0000000e+00, 5.9564090e-11],
       [6.1182082e-02, 8.8827622e-01, 5.0541680e-02]], dtype=float32), array([[1.6866023e-02, 9.7084898e-01, 1.2284988e-02],
       [3.2420361e-10, 1.0000000e+00, 5.8720438e-11],
       [6.2012721e-02, 8.8762504e-01, 5.0362166e-02]], dtype=float32), array([[1.8249918e-02, 9.6801454e-01, 1.3735540e-02],
       [2.7777558e-10, 1.0000000e+00, 5.7522549e-11],
       [6.0902704e-02, 8.8882524e-01, 5.0272103e-02]], dtype=float32), array([[3.2637176e-01, 3.4896222e-01, 3.2466605e-01],
       [1.6783842e-08, 1.0000000e+00, 4.1318500e-09],
       [4.2117536e-01, 1.1144425e-01, 4.6738040e-01]], dtype=float32), array([[3.4892395e-02, 9.5337260e-01, 1.1734995e-02],
       [2.8351565e-07, 9.9999976e-01, 1.9751907e-09],
       [3.6072013e-01, 2.0416531e-01, 4.3511453e-01]], dtype=float32), array([[1.7675892e-02, 9.6907729e-01, 1.3246764e-02],
       [2.4301511e-10, 1.0000000e+00, 4.9321817e-11],
       [5.9984729e-02, 8.9062548e-01, 4.9389854e-02]], dtype=float32), array([[3.23842496e-01, 3.54614168e-01, 3.21543336e-01],
       [1.47171528e-08, 1.00000000e+00, 3.57325436e-09],
       [4.20746505e-01, 1.12662055e-01, 4.66591418e-01]], dtype=float32), array([[3.2338896e-01, 3.5562608e-01, 3.2098496e-01],
       [1.4309343e-08, 1.0000000e+00, 3.4646119e-09],
       [4.2068028e-01, 1.1284871e-01, 4.6647096e-01]], dtype=float32), array([[4.7981480e-01, 6.4214721e-02, 4.5597050e-01],
       [2.0492761e-09, 1.0000000e+00, 3.4025420e-09],
       [4.5502716e-01, 1.0639919e-01, 4.3857354e-01]], dtype=float32), array([[3.4013506e-02, 9.5461708e-01, 1.1369450e-02],
       [2.5089031e-07, 9.9999976e-01, 1.6996837e-09],
       [3.6068135e-01, 2.0516263e-01, 4.3415612e-01]], dtype=float32), array([[3.1085962e-01, 3.8378438e-01, 3.0535603e-01],
       [1.4810107e-08, 1.0000000e+00, 3.2129692e-09],
       [4.1856557e-01, 1.1412821e-01, 4.6730620e-01]], dtype=float32), array([[4.7946510e-01, 6.4730734e-02, 4.5580414e-01],
       [1.9133914e-09, 1.0000000e+00, 3.1779062e-09],
       [4.5454141e-01, 1.0721176e-01, 4.3824685e-01]], dtype=float32), array([[7.4860282e-02, 8.4554642e-01, 7.9593249e-02],
       [2.3011752e-11, 1.0000000e+00, 4.2752184e-11],
       [4.5840390e-02, 9.0472829e-01, 4.9431335e-02]], dtype=float32), array([[4.79449898e-01, 6.47538081e-02, 4.55796301e-01],
       [1.89212446e-09, 1.00000000e+00, 3.14331561e-09],
       [4.54508007e-01, 1.07269116e-01, 4.38222855e-01]], dtype=float32), array([[3.20877820e-01, 3.61220598e-01, 3.17901552e-01],
       [1.28131923e-08, 1.00000000e+00, 3.06645065e-09],
       [4.20197934e-01, 1.14264704e-01, 4.65537310e-01]], dtype=float32)]","[array([0.5878863, 0.5878863, 0.5878863], dtype=float32), array([0.5874358, 0.5874358, 0.5874358], dtype=float32), array([0.5868683, 0.5868683, 0.5868683], dtype=float32), array([0.5862617, 0.5862617, 0.5862617], dtype=float32), array([0.58583933, 0.58583933, 0.58583933], dtype=float32), array([0.5851895, 0.5851895, 0.5851895], dtype=float32), array([0.58440846, 0.58440846, 0.58440846], dtype=float32), array([0.5838284, 0.5838284, 0.5838284], dtype=float32), array([0.5831281, 0.5831281, 0.5831281], dtype=float32), array([0.5821515, 0.5821515, 0.5821515], dtype=float32), array([0.5813756, 0.5813756, 0.5813756], dtype=float32), array([0.58069587, 0.58069587, 0.58069587], dtype=float32), array([0.5796586, 0.5796586, 0.5796586], dtype=float32), array([0.57890594, 0.57890594, 0.57890594], dtype=float32), array([0.5781326, 0.5781326, 0.5781326], dtype=float32), array([0.57744974, 0.57744974, 0.57744974], dtype=float32), array([0.57715875, 0.57715875, 0.57715875], dtype=float32), array([0.5770232, 0.5770232, 0.5770232], dtype=float32), array([0.5767568, 0.5767568, 0.5767568], dtype=float32), array([0.5763457, 0.5763457, 0.5763457], dtype=float32), array([0.5760052, 0.5760052, 0.5760052], dtype=float32), array([0.5759167, 0.5759167, 0.5759167], dtype=float32), array([0.5762162, 0.5762162, 0.5762162], dtype=float32), array([0.5763014, 0.5763014, 0.5763014], dtype=float32), array([0.5768308, 0.5768308, 0.5768308], dtype=float32), array([0.57716614, 0.57716614, 0.57716614], dtype=float32), array([0.5776833, 0.5776833, 0.5776833], dtype=float32), array([0.5777593, 0.5777593, 0.5777593], dtype=float32), array([0.57811743, 0.57811743, 0.57811743], dtype=float32), array([0.57831603, 0.57831603, 0.57831603], dtype=float32), array([0.57831675, 0.57831675, 0.57831675], dtype=float32)]",1,0,0,0,0,0,13.224137931034482,20.099999999999994,0.00015756909496087766,0.00034742695410271916,9.23,9.23,2000,58000,58000,2000,0.328818994211864,2.321440888408688e-06,0.4722185432910919,525667.625,1.0,0.0013802934991,29.0,898101,0.24142281711101532,-1.0,0.3506316542625427,81158,0.001986757619306445,0.0,999.0,30969,0.0017580484272912145,376.6605157613601,1.0,0.0393447157605,0.0,0.0013802934991,29.0,898101,0.0,30969,23810,999.0,376.6602103039143,93000,0,2697000,61938,104968,1796202,1131.114964526385,6441450.966323433,6773050.899335164,2.0,-10.5,2,50,0.0015449274799902923,1450,9.44,29.0,0.149565529798369,0.0002968084868166648,100,10.5,58100,4.435902623708122e-05,1.0067001111073661,1.0067001111073661,2,9.643144724926734e-05,9.44,0.0003613305550156328,0.00016028722277147095,2900,9.44,2900,100,100,6.804860591155065e-06,3.316160823279724e-05,1.9868243523960793e-05,7.349669233323505e-06,4.227683324343407e-05,2.804760007411805e-05,0.00014350090143239397,4.567897319805463e-05,1.5517298995476917e-05,2.779914231009767e-05,2.132492854561439e-05,0.052083360772801575,0.006581648376075687,0.05042901154286683,0.16503452933399174,0.03581933664545409,0.01786420154759954,0.0001732237811591998,-0.0032159090042114258,108066,1.0,498.0,96.84943389892578,0.4722185730934143,871.0,899.0,-0.01588522084057331,3133914,0.22171930968761444,0.33334166,0.002034564269706607,6267828,651000,18879000,216132,11169.433240913817,498.0,108066,871.0,899.0,3133914,0.0,2.9709249866774487e-05,4.5871190346379346e-05,0.00014724291755846078,2.226496111933571e-05,2.8733866952512354e-05,1.6178571478952593e-05,3.3418645216025354e-05,7.456556693082814e-06,6.486999805405047e-06,1.9881237360642515e-05,4.119912863069815e-05
1,60000,False,30,cf747_00000,2025-08-18_00-03-01,1755475381,81.79037857055664,2533.0686814785004,760236,intrinsic-attention2,10.156.0.3,2533.0686814785004,30,86.52571320242484,1.542331459847626e-05,86.52546179947831,2.5244070191492978,83.66250471006398,0.001949659146275614,2.4956921139722636,0.0002679699973668903,9.76,2,2000,10.5,2,60000,9.399711187228379e-05,1000,4.466700496363941e-05,1.0067001111073661,1.0067001111073661,29.0,0.0014585708794766106,2.0,30000,-10.5,451.66596596349694,2000.0,3000.0,"[array([0.578268, 0.578268, 0.578268], dtype=float32), array([0.57932717, 0.57932717, 0.57932717], dtype=float32), array([0.57998174, 0.57998174, 0.57998174], dtype=float32), array([0.5805817, 0.5805817, 0.5805817], dtype=float32), array([0.58152103, 0.58152103, 0.58152103], dtype=float32), array([0.5819368, 0.5819368, 0.5819368], dtype=float32), array([0.5825777, 0.5825777, 0.5825777], dtype=float32), array([0.5833892, 0.5833892, 0.5833892], dtype=float32), array([0.5845791, 0.5845791, 0.5845791], dtype=float32), array([0.5860786, 0.5860786, 0.5860786], dtype=float32), array([0.5871682, 0.5871682, 0.5871682], dtype=float32), array([0.58823484, 0.58823484, 0.58823484], dtype=float32), array([0.5887178, 0.5887178, 0.5887178], dtype=float32), array([0.589459, 0.589459, 0.589459], dtype=float32), array([0.58977073, 0.58977073, 0.58977073], dtype=float32), array([0.5897637, 0.5897637, 0.5897637], dtype=float32), array([0.58993626, 0.58993626, 0.58993626], dtype=float32), array([0.590114, 0.590114, 0.590114], dtype=float32), array([0.5905533, 0.5905533, 0.5905533], dtype=float32), array([0.59075725, 0.59075725, 0.59075725], dtype=float32), array([0.5913521, 0.5913521, 0.5913521], dtype=float32), array([0.5923348, 0.5923348, 0.5923348], dtype=float32), array([0.5931736, 0.5931736, 0.5931736], dtype=float32), array([0.5932797, 0.5932797, 0.5932797], dtype=float32), array([0.59321487, 0.59321487, 0.59321487], dtype=float32), array([0.59309614, 0.59309614, 0.59309614], dtype=float32), array([0.5936032, 0.5936032, 0.5936032], dtype=float32), array([0.5940223, 0.5940223, 0.5940223], dtype=float32), array([0.5938081, 0.5938081, 0.5938081], dtype=float32), array([0.5934543, 0.5934543, 0.5934543], dtype=float32), array([0.5931591, 0.5931591, 0.5931591], dtype=float32)]","[array([[3.09540212e-01, 3.86709243e-01, 3.03750575e-01],
       [1.39330165e-08, 1.00000000e+00, 3.00366065e-09],
       [4.18344438e-01, 1.14817210e-01, 4.66838300e-01]], dtype=float32), array([[1.0790274e-01, 8.1618387e-01, 7.5913429e-02],
       [3.0876983e-08, 1.0000000e+00, 1.5291564e-09],
       [3.7761354e-01, 2.0106384e-01, 4.2132255e-01]], dtype=float32), array([[1.5628848e-02, 9.7308582e-01, 1.1285366e-02],
       [2.2464124e-10, 1.0000000e+00, 3.8998242e-11],
       [5.9605859e-02, 8.9223635e-01, 4.8157793e-02]], dtype=float32), array([[4.7230610e-01, 7.2797284e-02, 4.5489666e-01],
       [2.0145441e-09, 1.0000000e+00, 3.0118184e-09],
       [4.5229751e-01, 1.0821275e-01, 4.3948975e-01]], dtype=float32), array([[1.7060354e-02, 9.7021604e-01, 1.2723564e-02],
       [2.0748554e-10, 1.0000000e+00, 4.1128177e-11],
       [5.9045170e-02, 8.9247340e-01, 4.8481490e-02]], dtype=float32), array([[5.1718414e-01, 7.7076614e-02, 4.0573919e-01],
       [2.6072249e-11, 1.0000000e+00, 5.8277616e-10],
       [1.5507182e-01, 6.5846372e-01, 1.8646441e-01]], dtype=float32), array([[3.1038451e-01, 3.8486004e-01, 3.0475542e-01],
       [1.5315331e-08, 1.0000000e+00, 3.3119136e-09],
       [4.1843164e-01, 1.1426901e-01, 4.6729934e-01]], dtype=float32), array([[1.6248252e-02, 9.7197229e-01, 1.1779369e-02],
       [2.7139371e-10, 1.0000000e+00, 4.8034122e-11],
       [6.0922608e-02, 8.8973343e-01, 4.9343985e-02]], dtype=float32), array([[1.18550785e-01, 7.95087636e-01, 8.63616019e-02],
       [3.52300837e-08, 1.00000000e+00, 2.02417705e-09],
       [3.78673285e-01, 2.00305894e-01, 4.21020806e-01]], dtype=float32), array([[1.6964482e-02, 9.7068465e-01, 1.2350943e-02],
       [3.4372877e-10, 1.0000000e+00, 6.2228389e-11],
       [6.2343217e-02, 8.8703358e-01, 5.0623219e-02]], dtype=float32), array([[8.5906573e-02, 8.2189304e-01, 9.2200339e-02],
       [3.1955723e-11, 1.0000000e+00, 6.8098326e-11],
       [4.7409259e-02, 9.0060365e-01, 5.1987067e-02]], dtype=float32), array([[3.2825056e-01, 3.4475678e-01, 3.2699272e-01],
       [2.1126993e-08, 1.0000000e+00, 5.2994231e-09],
       [4.2120266e-01, 1.1139258e-01, 4.6740478e-01]], dtype=float32), array([[4.8050103e-01, 6.3339211e-02, 4.5615980e-01],
       [3.4257179e-09, 1.0000000e+00, 5.6484630e-09],
       [4.5623967e-01, 1.0445467e-01, 4.3930566e-01]], dtype=float32), array([[3.1721285e-01, 3.6970234e-01, 3.1308484e-01],
       [2.6666150e-08, 1.0000000e+00, 5.9986567e-09],
       [4.1916195e-01, 1.1134384e-01, 4.6949425e-01]], dtype=float32), array([[4.7266015e-01, 7.1834415e-02, 4.5550540e-01],
       [4.3280277e-09, 1.0000000e+00, 6.3154904e-09],
       [4.5419365e-01, 1.0451943e-01, 4.4128692e-01]], dtype=float32), array([[3.3084232e-01, 3.3893898e-01, 3.3021873e-01],
       [2.5822757e-08, 1.0000000e+00, 6.6057759e-09],
       [4.2148763e-01, 1.1066900e-01, 4.6784338e-01]], dtype=float32), array([[1.8403508e-02, 9.6808594e-01, 1.3510542e-02],
       [5.1971183e-10, 1.0000000e+00, 9.8096191e-11],
       [6.5184891e-02, 8.8161343e-01, 5.3201769e-02]], dtype=float32), array([[8.1172548e-02, 8.3262146e-01, 8.6206034e-02],
       [5.5163801e-11, 1.0000000e+00, 1.0156922e-10],
       [5.0350543e-02, 8.9541084e-01, 5.4238614e-02]], dtype=float32), array([[3.8479608e-02, 9.4818664e-01, 1.3333767e-02],
       [4.5065548e-07, 9.9999952e-01, 3.5885657e-09],
       [3.6059359e-01, 2.0419030e-01, 4.3521613e-01]], dtype=float32), array([[4.7261298e-01, 7.1801290e-02, 4.5558575e-01],
       [4.9835438e-09, 1.0000000e+00, 7.2311117e-09],
       [4.5447123e-01, 1.0392871e-01, 4.4160014e-01]], dtype=float32), array([[2.0792061e-02, 9.6329945e-01, 1.5908394e-02],
       [5.0492632e-10, 1.0000000e+00, 1.1333048e-10],
       [6.4831674e-02, 8.8113141e-01, 5.4036874e-02]], dtype=float32), array([[3.2175398e-01, 3.5956290e-01, 3.1868315e-01],
       [3.8202089e-08, 1.0000000e+00, 8.7459249e-09],
       [4.1977251e-01, 1.0842968e-01, 4.7179788e-01]], dtype=float32), array([[8.3226271e-02, 8.2840478e-01, 8.8369027e-02],
       [7.3313730e-11, 1.0000000e+00, 1.3478005e-10],
       [5.1783934e-02, 8.9243907e-01, 5.5777002e-02]], dtype=float32), array([[4.73104954e-01, 7.03256726e-02, 4.56569374e-01],
       [7.24006854e-09, 1.00000000e+00, 1.02723865e-08],
       [4.56504703e-01, 9.97656062e-02, 4.43729639e-01]], dtype=float32), array([[4.7324830e-01, 6.9945484e-02, 4.5680627e-01],
       [7.8299633e-09, 1.0000000e+00, 1.1058226e-08],
       [4.5697072e-01, 9.8819301e-02, 4.4420993e-01]], dtype=float32), array([[9.6684754e-02, 7.9935795e-01, 1.0395730e-01],
       [7.6516390e-11, 1.0000000e+00, 1.7024736e-10],
       [5.2053757e-02, 8.9056200e-01, 5.7384223e-02]], dtype=float32), array([[3.27435285e-01, 3.46769542e-01, 3.25795144e-01],
       [5.47940289e-08, 1.00000000e+00, 1.26810278e-08],
       [4.20733124e-01, 1.03639126e-01, 4.75627840e-01]], dtype=float32), array([[3.44853312e-01, 3.07201803e-01, 3.47944856e-01],
       [4.93440062e-08, 1.00000000e+00, 1.34644775e-08],
       [4.24258739e-01, 1.02211379e-01, 4.73529875e-01]], dtype=float32), array([[4.8455015e-01, 5.7532109e-02, 4.5791769e-01],
       [8.5642258e-09, 1.0000000e+00, 1.4018799e-08],
       [4.6198586e-01, 9.5011182e-02, 4.4300300e-01]], dtype=float32), array([[3.4630063e-01, 3.0389035e-01, 3.4980896e-01],
       [5.2391645e-08, 1.0000000e+00, 1.4371350e-08],
       [4.2457154e-01, 1.0117465e-01, 4.7425380e-01]], dtype=float32), array([[3.4683990e-01, 3.0265445e-01, 3.5050571e-01],
       [5.3484520e-08, 1.0000000e+00, 1.4695779e-08],
       [4.2469290e-01, 1.0076062e-01, 4.7454646e-01]], dtype=float32)]","[array([0.578268, 0.578268, 0.578268], dtype=float32), array([0.5793272, 0.5793272, 0.5793272], dtype=float32), array([0.57998174, 0.57998174, 0.57998174], dtype=float32), array([0.5805817, 0.5805817, 0.5805817], dtype=float32), array([0.58152103, 0.58152103, 0.58152103], dtype=float32), array([0.5819366, 0.5819366, 0.5819366], dtype=float32), array([0.5825777, 0.5825777, 0.5825777], dtype=float32), array([0.58338904, 0.58338904, 0.58338904], dtype=float32), array([0.58457905, 0.58457905, 0.58457905], dtype=float32), array([0.5860785, 0.5860785, 0.5860785], dtype=float32), array([0.5871682, 0.5871682, 0.5871682], dtype=float32), array([0.58823484, 0.58823484, 0.58823484], dtype=float32), array([0.5887178, 0.5887178, 0.5887178], dtype=float32), array([0.589459, 0.589459, 0.589459], dtype=float32), array([0.5897707, 0.5897707, 0.5897707], dtype=float32), array([0.5897637, 0.5897637, 0.5897637], dtype=float32), array([0.58993626, 0.58993626, 0.58993626], dtype=float32), array([0.59011406, 0.59011406, 0.59011406], dtype=float32), array([0.59055316, 0.59055316, 0.59055316], dtype=float32), array([0.5907572, 0.5907572, 0.5907572], dtype=float32), array([0.5913521, 0.5913521, 0.5913521], dtype=float32), array([0.592335, 0.592335, 0.592335], dtype=float32), array([0.59317356, 0.59317356, 0.59317356], dtype=float32), array([0.5932796, 0.5932796, 0.5932796], dtype=float32), array([0.5932148, 0.5932148, 0.5932148], dtype=float32), array([0.5930962, 0.5930962, 0.5930962], dtype=float32), array([0.5936033, 0.5936033, 0.5936033], dtype=float32), array([0.5940223, 0.5940223, 0.5940223], dtype=float32), array([0.5938082, 0.5938082, 0.5938082], dtype=float32), array([0.59345424, 0.59345424, 0.59345424], dtype=float32), array([0.5931591, 0.5931591, 0.5931591], dtype=float32)]",1,0,0,0,0,0,13.238461538461538,20.099999999999994,0.00015517767279209693,0.00034329640661706764,9.76,9.76,2000,60000,60000,2000,0.32855280699974004,1.160720444204344e-06,0.4722185432910919,515182.3125,1.0,0.0013802934991,30.0,929070,0.2138875275850296,-1.0,0.3543044626712799,81158,0.005432800855487585,0.0,999.0,30969,0.005392841994762421,377.1549532115885,1.0,0.0393447157605,0.0,0.0013802934991,30.0,929070,0.0,30969,23810,999.0,377.1546570492968,93000,0,2790000,61938,104968,1858140,1132.5996460187005,6446324.702578053,6779315.379189326,2.0,-9.5,2,50,0.001552293980057584,1500,9.84,30.0,0.1493570082403555,0.00029532994181203986,100,10.5,60100,4.515082488864135e-05,1.0067001111073661,1.0067001111073661,2,9.856095141342628e-05,9.84,0.00036810144388544193,0.00016282665999785149,3000,9.84,3000,100,100,6.674920133196773e-06,3.2950712955218505e-05,1.955850710776461e-05,7.4105776930607265e-06,4.0809623772276766e-05,2.7784527133327836e-05,0.00014151397750601766,4.5239100717446046e-05,1.5370192432577106e-05,2.744223134966202e-05,2.109950398524051e-05,0.05206584422513901,0.006573839252372603,0.05037402730732163,0.16496662380074728,0.03574156921899954,0.0178242886121866,0.00017312596324331635,0.0015828609466552734,108066,1.0,498.0,95.97312927246094,0.4722185730934143,901.0,930.0,-0.003842135425657034,3241980,0.20542466640472412,0.34587565,0.004956822842359543,6483960,651000,19530000,216132,11147.064906178446,498.0,108066,901.0,930.0,3241980,0.0,2.9837674856377238e-05,4.68903876541999e-05,0.00015098373457738667,2.264740067402667e-05,2.9193023689651382e-05,1.6661196233471142e-05,3.3957204969029204e-05,7.546082760544518e-06,6.530046808315538e-06,2.008178838111195e-05,4.19668308126028e-05
1,62000,False,31,cf747_00000,2025-08-18_00-04-23,1755475463,82.5025360584259,2615.5712175369263,760236,intrinsic-attention2,10.156.0.3,2615.5712175369263,31,86.48407434134064,1.536727151912897e-05,86.4838221225535,2.5238438792277744,83.62167093832329,0.0019465917947259807,2.4951294571326037,0.0002679699973668903,9.97,2,2000,10.5,2,62000,9.608808568371474e-05,1000,4.621815053927766e-05,1.0067001111073661,1.0067001111073661,30.0,0.0014707054496102502,2.0,31000,9.5,438.57686811741763,2000.0,3000.0,"[array([0.59331405, 0.59331405, 0.59331405], dtype=float32), array([0.59349906, 0.59349906, 0.59349906], dtype=float32), array([0.59356546, 0.59356546, 0.59356546], dtype=float32), array([0.5937182, 0.5937182, 0.5937182], dtype=float32), array([0.5941363, 0.5941363, 0.5941363], dtype=float32), array([0.5942535, 0.5942535, 0.5942535], dtype=float32), array([0.59437835, 0.59437835, 0.59437835], dtype=float32), array([0.5948895, 0.5948895, 0.5948895], dtype=float32), array([0.5954625, 0.5954625, 0.5954625], dtype=float32), array([0.59605813, 0.59605813, 0.59605813], dtype=float32), array([0.5967026, 0.5967026, 0.5967026], dtype=float32), array([0.5974773, 0.5974773, 0.5974773], dtype=float32), array([0.59813935, 0.59813935, 0.59813935], dtype=float32), array([0.59887165, 0.59887165, 0.59887165], dtype=float32), array([0.5997886, 0.5997886, 0.5997886], dtype=float32), array([0.6004051, 0.6004051, 0.6004051], dtype=float32), array([0.6008091, 0.6008091, 0.6008091], dtype=float32), array([0.6012572, 0.6012572, 0.6012572], dtype=float32), array([0.6018764, 0.6018764, 0.6018764], dtype=float32), array([0.60247034, 0.60247034, 0.60247034], dtype=float32), array([0.60318005, 0.60318005, 0.60318005], dtype=float32), array([0.60397536, 0.60397536, 0.60397536], dtype=float32), array([0.6044946, 0.6044946, 0.6044946], dtype=float32), array([0.60503185, 0.60503185, 0.60503185], dtype=float32), array([0.6054029, 0.6054029, 0.6054029], dtype=float32), array([0.60570914, 0.60570914, 0.60570914], dtype=float32), array([0.6060572, 0.6060572, 0.6060572], dtype=float32), array([0.6062603, 0.6062603, 0.6062603], dtype=float32), array([0.6066679, 0.6066679, 0.6066679], dtype=float32), array([0.60686463, 0.60686463, 0.60686463], dtype=float32), array([0.6068464, 0.6068464, 0.6068464], dtype=float32)]","[array([[1.00479878e-01, 7.91348755e-01, 1.08171344e-01],
       [9.09053319e-11, 1.00000000e+00, 2.07714401e-10],
       [5.31295277e-02, 8.88114750e-01, 5.87557554e-02]], dtype=float32), array([[1.0095200e-01, 7.9035622e-01, 1.0869172e-01],
       [9.3258325e-11, 1.0000000e+00, 2.1367166e-10],
       [5.3285908e-02, 8.8776636e-01, 5.8947779e-02]], dtype=float32), array([[2.4320873e-02, 9.5656312e-01, 1.9115942e-02],
       [8.5144142e-10, 1.0000000e+00, 2.1644657e-10],
       [6.8647578e-02, 8.7325042e-01, 5.8101948e-02]], dtype=float32), array([[3.4847921e-01, 2.9889241e-01, 3.5262841e-01],
       [5.6609341e-08, 1.0000000e+00, 1.5633255e-08],
       [4.2506862e-01, 9.9498779e-02, 4.7543266e-01]], dtype=float32), array([[3.4902799e-01, 2.9763129e-01, 3.5334072e-01],
       [5.7859349e-08, 1.0000000e+00, 1.6010459e-08],
       [4.2518720e-01, 9.9104993e-02, 4.7570777e-01]], dtype=float32), array([[4.8561630e-01, 5.5884991e-02, 4.5849869e-01],
       [9.8812887e-09, 1.0000000e+00, 1.6127323e-08],
       [4.6362293e-01, 9.2229687e-02, 4.4414735e-01]], dtype=float32), array([[4.8572046e-01, 5.5712201e-02, 4.5856738e-01],
       [9.9506430e-09, 1.0000000e+00, 1.6234260e-08],
       [4.6379426e-01, 9.1929317e-02, 4.4427633e-01]], dtype=float32), array([[1.2470337e-01, 7.8545725e-01, 8.9839399e-02],
       [1.3038257e-07, 9.9999988e-01, 7.7351991e-09],
       [3.7839037e-01, 1.9626734e-01, 4.2534223e-01]], dtype=float32), array([[3.5097489e-01, 2.9314950e-01, 3.5587564e-01],
       [6.4598616e-08, 9.9999988e-01, 1.8048553e-08],
       [4.2554119e-01, 9.7938158e-02, 4.7652063e-01]], dtype=float32), array([[4.8601100e-01, 5.5339526e-02, 4.5864955e-01],
       [1.1578625e-08, 1.0000000e+00, 1.8849969e-08],
       [4.6426195e-01, 9.1195166e-02, 4.4454291e-01]], dtype=float32), array([[4.4325713e-02, 9.3972635e-01, 1.5947953e-02],
       [9.0226564e-07, 9.9999905e-01, 8.5522682e-09],
       [3.6051819e-01, 2.0135860e-01, 4.3812320e-01]], dtype=float32), array([[4.7334453e-01, 6.8036683e-02, 4.5861882e-01],
       [1.4603459e-08, 1.0000000e+00, 1.9593763e-08],
       [4.6017453e-01, 9.1595814e-02, 4.4822973e-01]], dtype=float32), array([[8.8726282e-02, 8.1713092e-01, 9.4142817e-02],
       [1.5031930e-10, 1.0000000e+00, 2.7490513e-10],
       [5.5710059e-02, 8.8431382e-01, 5.9976164e-02]], dtype=float32), array([[3.3331192e-01, 3.3338255e-01, 3.3330557e-01],
       [8.6139657e-08, 9.9999988e-01, 2.0006336e-08],
       [4.2153585e-01, 9.7926378e-02, 4.8053768e-01]], dtype=float32), array([[3.3312538e-01, 3.3381069e-01, 3.3306393e-01],
       [8.4432166e-08, 9.9999988e-01, 1.9565901e-08],
       [4.2153320e-01, 9.7903162e-02, 4.8056367e-01]], dtype=float32), array([[4.4116586e-02, 9.4007427e-01, 1.5809050e-02],
       [9.0040203e-07, 9.9999905e-01, 8.4394376e-09],
       [3.6048949e-01, 2.0092127e-01, 4.3858930e-01]], dtype=float32), array([[3.3336723e-01, 3.3325553e-01, 3.3337727e-01],
       [8.4745658e-08, 9.9999988e-01, 1.9613879e-08],
       [4.2159307e-01, 9.7539611e-02, 4.8086736e-01]], dtype=float32), array([[8.8771068e-02, 8.1703556e-01, 9.4193354e-02],
       [1.4957627e-10, 1.0000000e+00, 2.7371902e-10],
       [5.5711038e-02, 8.8430816e-01, 5.9980828e-02]], dtype=float32), array([[1.04143344e-01, 7.83605337e-01, 1.12251289e-01],
       [1.17503215e-10, 1.00000000e+00, 2.74749445e-10],
       [5.42533025e-02, 8.85562897e-01, 6.01838641e-02]], dtype=float32), array([[4.86847699e-01, 5.41289039e-02, 4.59023416e-01],
       [1.25773525e-08, 1.00000000e+00, 2.04764383e-08],
       [4.65391368e-01, 8.93465504e-02, 4.45262015e-01]], dtype=float32), array([[3.5420534e-01, 2.8568906e-01, 3.6010560e-01],
       [7.2239047e-08, 9.9999988e-01, 2.0416223e-08],
       [4.2626148e-01, 9.5574744e-02, 4.7816384e-01]], dtype=float32), array([[1.0554930e-01, 7.8065443e-01, 1.1379627e-01],
       [1.2045963e-10, 1.0000000e+00, 2.8430208e-10],
       [5.4641169e-02, 8.8468713e-01, 6.0671661e-02]], dtype=float32), array([[1.4430174e-01, 7.4539107e-01, 1.1030719e-01],
       [1.3124436e-07, 9.9999988e-01, 9.8214228e-09],
       [3.8114232e-01, 1.9273522e-01, 4.2612249e-01]], dtype=float32), array([[1.06819659e-01, 7.77966499e-01, 1.15213886e-01],
       [1.26993374e-10, 1.00000000e+00, 3.02567582e-10],
       [5.49465790e-02, 8.83972228e-01, 6.10812232e-02]], dtype=float32), array([[4.7439381e-01, 6.5492257e-02, 4.6011391e-01],
       [1.8004615e-08, 1.0000000e+00, 2.3709632e-08],
       [4.6254981e-01, 8.6701043e-02, 4.5074913e-01]], dtype=float32), array([[4.7453567e-01, 6.5221377e-02, 4.6024296e-01],
       [1.7846620e-08, 1.0000000e+00, 2.3494227e-08],
       [4.6274590e-01, 8.6327724e-02, 4.5092633e-01]], dtype=float32), array([[2.6709268e-02, 9.5192587e-01, 2.1364799e-02],
       [1.1199567e-09, 1.0000000e+00, 3.0900635e-10],
       [7.0680097e-02, 8.6889493e-01, 6.0424905e-02]], dtype=float32), array([[4.7481889e-01, 6.4716093e-02, 4.6046510e-01],
       [1.7412436e-08, 1.0000000e+00, 2.2928237e-08],
       [4.6308818e-01, 8.5702009e-02, 4.5120984e-01]], dtype=float32), array([[4.7503054e-01, 6.4403012e-02, 4.6056646e-01],
       [1.7455664e-08, 1.0000000e+00, 2.3013937e-08],
       [4.6327734e-01, 8.5410029e-02, 4.5131260e-01]], dtype=float32), array([[3.6019143e-01, 2.7179125e-01, 3.6801735e-01],
       [8.0332349e-08, 9.9999988e-01, 2.3084802e-08],
       [4.2774722e-01, 9.0779945e-02, 4.8147291e-01]], dtype=float32), array([[1.08760580e-01, 7.73897588e-01, 1.17341764e-01],
       [1.25051469e-10, 1.00000000e+00, 3.02229602e-10],
       [5.53932115e-02, 8.82948279e-01, 6.16585203e-02]], dtype=float32)]","[array([0.593314, 0.593314, 0.593314], dtype=float32), array([0.593499, 0.593499, 0.593499], dtype=float32), array([0.59356546, 0.59356546, 0.59356546], dtype=float32), array([0.5937182, 0.5937182, 0.5937182], dtype=float32), array([0.5941365, 0.5941365, 0.5941365], dtype=float32), array([0.5942533, 0.5942533, 0.5942533], dtype=float32), array([0.59437823, 0.59437823, 0.59437823], dtype=float32), array([0.5948894, 0.5948894, 0.5948894], dtype=float32), array([0.5954625, 0.5954625, 0.5954625], dtype=float32), array([0.5960582, 0.5960582, 0.5960582], dtype=float32), array([nan, nan, nan], dtype=float32), array([0.5974773, 0.5974773, 0.5974773], dtype=float32), array([0.59813935, 0.59813935, 0.59813935], dtype=float32), array([0.5988716, 0.5988716, 0.5988716], dtype=float32), array([0.5997886, 0.5997886, 0.5997886], dtype=float32), array([0.6004051, 0.6004051, 0.6004051], dtype=float32), array([0.6008091, 0.6008091, 0.6008091], dtype=float32), array([0.60125715, 0.60125715, 0.60125715], dtype=float32), array([0.60187644, 0.60187644, 0.60187644], dtype=float32), array([nan, nan, nan], dtype=float32), array([0.60318017, 0.60318017, 0.60318017], dtype=float32), array([0.60397536, 0.60397536, 0.60397536], dtype=float32), array([0.6044946, 0.6044946, 0.6044946], dtype=float32), array([0.6050317, 0.6050317, 0.6050317], dtype=float32), array([0.6054028, 0.6054028, 0.6054028], dtype=float32), array([0.6057092, 0.6057092, 0.6057092], dtype=float32), array([0.6060573, 0.6060573, 0.6060573], dtype=float32), array([0.6062602, 0.6062602, 0.6062602], dtype=float32), array([0.60666794, 0.60666794, 0.60666794], dtype=float32), array([0.60686463, 0.60686463, 0.60686463], dtype=float32), array([0.60684645, 0.60684645, 0.60684645], dtype=float32)]",1,0,0,0,0,0,13.233898305084747,20.099999999999994,0.00015382065216511208,0.000346830577921123,9.97,9.97,2000,62000,62000,2000,0.3283279242697532,5.80360222102172e-07,0.4722185432910919,505412.625,1.0,0.0013802934991,31.0,960039,0.212631955742836,-1.0,0.3502793312072754,81158,0.0012087889481335878,0.0,999.0,30969,0.001366028212942183,377.48033658707277,1.0,0.0393447157605,0.0,0.0013802934991,31.0,960039,0.0,30969,23810,999.0,377.4800486996044,93000,0,2883000,61938,104968,1920078,1133.5766619169754,6451450.5562906135,6786855.970335849,2.0,9.5,2,50,0.0015598518995102494,1550,10.04,31.0,0.14912929810802383,0.00029392782242413875,100,10.5,62100,4.523720241522824e-05,1.0067001111073661,1.0067001111073661,2,9.884434126258308e-05,10.04,0.00036392783760086047,0.00016098034641948177,3100,10.04,3100,100,100,6.627142771784646e-06,3.233961271490779e-05,1.953998428370556e-05,7.4137064205573916e-06,4.120200792894875e-05,2.811789326905276e-05,0.0001440631770169359,4.577543402781807e-05,1.5517054410619392e-05,2.755707100358796e-05,2.1300073375084413e-05,0.052051328692904554,0.006572728809753992,0.050327858924249826,0.1649124071726255,0.0356552668969182,0.017800789056123145,0.00017329630365510389,-0.0006024837493896484,108066,1.0,498.0,96.97221374511719,0.4722185730934143,931.0,961.0,-0.0095254797488451,3350046,0.21322420239448547,0.33956602,0.0011167284101247787,6700092,651000,20181000,216132,11120.776026386167,498.0,108066,931.0,961.0,3350046,0.0,2.96602454914689e-05,4.6343104110891844e-05,0.00014920489769920705,2.2334470431915733e-05,2.89328449930888e-05,1.6383990578572387e-05,3.36251542599417e-05,7.568330151789552e-06,6.442831994930486e-06,1.985090038947928e-05,4.1396641821107486e-05
1,64000,False,32,cf747_00000,2025-08-18_00-05-45,1755475545,82.04635834693909,2697.6175758838654,760236,intrinsic-attention2,10.156.0.3,2697.6175758838654,32,86.4382850394772,1.531869884752134e-05,86.43803242620787,2.5232497561455256,83.57668390934005,0.0019435353867686194,2.4945387037813624,0.0002679699973668903,10.02,2,2000,10.5,2,64000,9.60422028304496e-05,1000,4.5140564282864106e-05,1.0067001111073661,1.0067001111073661,31.0,0.0014846657688030974,2.0,32000,9.5,425.72809472972176,2000.0,3000.0,"[array([0.6068945, 0.6068945, 0.6068945], dtype=float32), array([0.60759646, 0.60759646, 0.60759646], dtype=float32), array([0.60842097, 0.60842097, 0.60842097], dtype=float32), array([0.609006, 0.609006, 0.609006], dtype=float32), array([0.6096245, 0.6096245, 0.6096245], dtype=float32), array([0.61094666, 0.61094666, 0.61094666], dtype=float32), array([0.6123199, 0.6123199, 0.6123199], dtype=float32), array([0.61405855, 0.61405855, 0.61405855], dtype=float32), array([0.6163699, 0.6163699, 0.6163699], dtype=float32), array([0.61956227, 0.61956227, 0.61956227], dtype=float32), array([0.62285286, 0.62285286, 0.62285286], dtype=float32), array([0.62663305, 0.62663305, 0.62663305], dtype=float32), array([0.63023067, 0.63023067, 0.63023067], dtype=float32), array([0.6340167, 0.6340167, 0.6340167], dtype=float32), array([0.637734, 0.637734, 0.637734], dtype=float32), array([0.6424808, 0.6424808, 0.6424808], dtype=float32), array([0.6469461, 0.6469461, 0.6469461], dtype=float32), array([0.651517, 0.651517, 0.651517], dtype=float32), array([0.6567663, 0.6567663, 0.6567663], dtype=float32), array([0.6624264, 0.6624264, 0.6624264], dtype=float32), array([0.66784924, 0.66784924, 0.66784924], dtype=float32), array([0.67346567, 0.67346567, 0.67346567], dtype=float32), array([0.6787602, 0.6787602, 0.6787602], dtype=float32), array([0.6845121, 0.6845121, 0.6845121], dtype=float32), array([0.6908649, 0.6908649, 0.6908649], dtype=float32), array([0.69695246, 0.69695246, 0.69695246], dtype=float32), array([0.7034711, 0.7034711, 0.7034711], dtype=float32), array([0.7100343, 0.7100343, 0.7100343], dtype=float32), array([0.7168616, 0.7168616, 0.7168616], dtype=float32), array([0.723677, 0.723677, 0.723677], dtype=float32), array([0.7299907, 0.7299907, 0.7299907], dtype=float32)]","[array([[2.2746265e-02, 9.6015465e-01, 1.7099027e-02],
       [1.4061076e-09, 1.0000000e+00, 2.9720593e-10],
       [7.3009051e-02, 8.6653304e-01, 6.0457941e-02]], dtype=float32), array([[3.5934088e-01, 2.7378052e-01, 3.6687857e-01],
       [7.0765786e-08, 9.9999988e-01, 2.0137227e-08],
       [4.2773119e-01, 9.0829641e-02, 4.8143920e-01]], dtype=float32), array([[4.8946443e-01, 5.0425440e-02, 4.6011016e-01],
       [1.1354306e-08, 1.0000000e+00, 1.8678820e-08],
       [4.6844020e-01, 8.4455930e-02, 4.4710389e-01]], dtype=float32), array([[4.7562385e-01, 6.3657977e-02, 4.6071824e-01],
       [1.3180097e-08, 1.0000000e+00, 1.7566249e-08],
       [4.6345213e-01, 8.5345998e-02, 4.5120186e-01]], dtype=float32), array([[2.1777866e-02, 9.6191692e-01, 1.6305145e-02],
       [1.0428020e-09, 1.0000000e+00, 2.1477037e-10],
       [7.1548469e-02, 8.6933130e-01, 5.9120186e-02]], dtype=float32), array([[4.7570869e-01, 6.3507572e-02, 4.6078375e-01],
       [1.1463523e-08, 1.0000000e+00, 1.5311651e-08],
       [4.6346581e-01, 8.5319847e-02, 4.5121434e-01]], dtype=float32), array([[3.3597866e-01, 3.2724217e-01, 3.3677921e-01],
       [6.2431774e-08, 9.9999988e-01, 1.3952162e-08],
       [4.2282218e-01, 9.1815978e-02, 4.8536184e-01]], dtype=float32), array([[4.8431613e-02, 9.3222934e-01, 1.9339068e-02],
       [5.1607338e-07, 9.9999952e-01, 5.7683431e-09],
       [3.6358008e-01, 1.9589649e-01, 4.4052336e-01]], dtype=float32), array([[4.7589508e-01, 6.3029923e-02, 4.6107507e-01],
       [8.6926235e-09, 1.0000000e+00, 1.1622458e-08],
       [4.6370745e-01, 8.4755190e-02, 4.5153731e-01]], dtype=float32), array([[8.6784199e-02, 8.2102495e-01, 9.2190862e-02],
       [6.5656612e-11, 1.0000000e+00, 1.2335107e-10],
       [5.3162806e-02, 8.8948965e-01, 5.7347547e-02]], dtype=float32), array([[1.95756536e-02, 9.65917945e-01, 1.45063689e-02],
       [5.55450741e-10, 1.00000000e+00, 1.07941836e-10],
       [6.77455738e-02, 8.76611829e-01, 5.56426272e-02]], dtype=float32), array([[3.3078229e-01, 3.3919057e-01, 3.3002719e-01],
       [3.5391384e-08, 1.0000000e+00, 7.4219191e-09],
       [4.2274624e-01, 9.1115639e-02, 4.8613808e-01]], dtype=float32), array([[2.1693816e-02, 9.6125996e-01, 1.7046239e-02],
       [2.8922240e-10, 1.0000000e+00, 7.1552611e-11],
       [6.3304238e-02, 8.8316011e-01, 5.3535637e-02]], dtype=float32), array([[2.1486124e-02, 9.6162230e-01, 1.6891591e-02],
       [2.6003230e-10, 1.0000000e+00, 6.4322506e-11],
       [6.2782474e-02, 8.8411254e-01, 5.3104997e-02]], dtype=float32), array([[1.3488990e-01, 7.6198214e-01, 1.0312792e-01],
       [3.1067852e-08, 1.0000000e+00, 2.1287974e-09],
       [3.8202947e-01, 1.9341426e-01, 4.2455629e-01]], dtype=float32), array([[8.0600046e-02, 8.3370721e-01, 8.5692666e-02],
       [2.6912188e-11, 1.0000000e+00, 5.0948547e-11],
       [4.8785638e-02, 8.9855552e-01, 5.2658841e-02]], dtype=float32), array([[3.5137543e-01, 2.9218042e-01, 3.5644418e-01],
       [1.7137413e-08, 1.0000000e+00, 4.2758752e-09],
       [4.2814675e-01, 8.7565303e-02, 4.8428789e-01]], dtype=float32), array([[3.5050330e-01, 2.9418847e-01, 3.5530820e-01],
       [1.5491667e-08, 1.0000000e+00, 3.8281063e-09],
       [4.2810524e-01, 8.7590374e-02, 4.8430431e-01]], dtype=float32), array([[1.96771454e-02, 9.64953363e-01, 1.53694935e-02],
       [1.55880697e-10, 1.00000000e+00, 3.71798217e-11],
       [5.94636463e-02, 8.90458226e-01, 5.00781946e-02]], dtype=float32), array([[3.4890088e-01, 2.9787254e-01, 3.5322663e-01],
       [1.3824536e-08, 1.0000000e+00, 3.3743892e-09],
       [4.2791349e-01, 8.8080175e-02, 4.8400635e-01]], dtype=float32), array([[4.7549301e-01, 6.2434416e-02, 4.6207249e-01],
       [2.4418889e-09, 1.0000000e+00, 3.2298046e-09],
       [4.6409619e-01, 8.2941569e-02, 4.5296225e-01]], dtype=float32), array([[4.9003217e-01, 4.8318762e-02, 4.6164903e-01],
       [1.8450917e-09, 1.0000000e+00, 3.0971694e-09],
       [4.6906728e-01, 8.2411088e-02, 4.4852164e-01]], dtype=float32), array([[3.4674031e-01, 3.0283156e-01, 3.5042816e-01],
       [1.2331144e-08, 1.0000000e+00, 2.9718168e-09],
       [4.2758995e-01, 8.9053087e-02, 4.8335698e-01]], dtype=float32), array([[4.8936200e-01, 4.9146909e-02, 4.6149117e-01],
       [1.4139823e-09, 1.0000000e+00, 2.3781270e-09],
       [4.6812484e-01, 8.3846733e-02, 4.4802842e-01]], dtype=float32), array([[1.6822856e-02, 9.7028053e-01, 1.2896539e-02],
       [7.4845324e-11, 1.0000000e+00, 1.6235135e-11],
       [5.5088617e-02, 8.9903677e-01, 4.5874685e-02]], dtype=float32), array([[4.8834309e-01, 5.0218388e-02, 4.6143851e-01],
       [7.3761486e-10, 1.0000000e+00, 1.2455023e-09],
       [4.6675798e-01, 8.5774057e-02, 4.4746795e-01]], dtype=float32), array([[6.6612236e-02, 8.6245549e-01, 7.0932284e-02],
       [3.9051444e-12, 1.0000000e+00, 7.4398933e-12],
       [3.9612368e-02, 9.1759986e-01, 4.2787779e-02]], dtype=float32), array([[1.13872485e-02, 9.80635464e-01, 7.97736924e-03],
       [3.33568381e-11, 1.00000000e+00, 4.85714854e-12],
       [5.07772639e-02, 9.08895195e-01, 4.03275751e-02]], dtype=float32), array([[3.2526445e-01, 3.5148659e-01, 3.2324895e-01],
       [2.0022017e-09, 1.0000000e+00, 4.0192633e-10],
       [4.2588478e-01, 9.2961349e-02, 4.8115382e-01]], dtype=float32), array([[4.8768544e-01, 5.0235029e-02, 4.6207950e-01],
       [1.6768530e-10, 1.0000000e+00, 2.8605629e-10],
       [4.6592531e-01, 8.6409815e-02, 4.4766483e-01]], dtype=float32), array([[2.1192919e-02, 9.7241557e-01, 6.3915588e-03],
       [2.0325617e-08, 1.0000000e+00, 7.9108067e-11],
       [3.6093897e-01, 2.1372521e-01, 4.2533585e-01]], dtype=float32)]","[array([0.6068945, 0.6068945, 0.6068945], dtype=float32), array([0.60759646, 0.60759646, 0.60759646], dtype=float32), array([nan, nan, nan], dtype=float32), array([0.60900605, 0.60900605, 0.60900605], dtype=float32), array([0.60962445, 0.60962445, 0.60962445], dtype=float32), array([0.61094666, 0.61094666, 0.61094666], dtype=float32), array([0.6123199, 0.6123199, 0.6123199], dtype=float32), array([0.61405855, 0.61405855, 0.61405855], dtype=float32), array([0.6163699, 0.6163699, 0.6163699], dtype=float32), array([0.6195624, 0.6195624, 0.6195624], dtype=float32), array([0.6228529, 0.6228529, 0.6228529], dtype=float32), array([0.6266331, 0.6266331, 0.6266331], dtype=float32), array([0.6302306, 0.6302306, 0.6302306], dtype=float32), array([0.6340167, 0.6340167, 0.6340167], dtype=float32), array([0.637734, 0.637734, 0.637734], dtype=float32), array([0.64248073, 0.64248073, 0.64248073], dtype=float32), array([0.64694613, 0.64694613, 0.64694613], dtype=float32), array([0.65151703, 0.65151703, 0.65151703], dtype=float32), array([nan, nan, nan], dtype=float32), array([0.6624265, 0.6624265, 0.6624265], dtype=float32), array([0.66784924, 0.66784924, 0.66784924], dtype=float32), array([0.67346555, 0.67346555, 0.67346555], dtype=float32), array([nan, nan, nan], dtype=float32), array([0.68451196, 0.68451196, 0.68451196], dtype=float32), array([0.69086504, 0.69086504, 0.69086504], dtype=float32), array([0.69695234, 0.69695234, 0.69695234], dtype=float32), array([0.70347095, 0.70347095, 0.70347095], dtype=float32), array([0.7100342, 0.7100342, 0.7100342], dtype=float32), array([0.7168615, 0.7168615, 0.7168615], dtype=float32), array([0.72367704, 0.72367704, 0.72367704], dtype=float32), array([0.72999054, 0.72999054, 0.72999054], dtype=float32)]",1,0,0,0,0,0,13.224786324786324,20.099999999999994,0.00015633081196823347,0.0003497903963982843,10.02,10.02,2000,64000,64000,2000,0.3281392453869649,2.90180111051086e-07,0.4722185432910919,517937.1875,1.0,0.0013802934991,32.0,991008,0.20195460319519043,-1.0,0.3510276973247528,81158,0.004430626053363085,0.0,999.0,30969,0.0020996243692934513,377.84955230572143,1.0,0.0393447157605,0.0,0.0013802934991,32.0,991008,0.0,30969,23810,999.0,377.8492719943871,93000,0,2976000,61938,104968,1982016,1134.685302236757,6446474.511817979,6782274.267349966,2.0,9.5,2,50,0.0015452291502151638,1600,10.04,32.0,0.1489063055269136,0.0002925674741503805,100,10.5,64100,4.475302901664631e-05,1.0067001111073661,1.0067001111073661,2,9.779446377701785e-05,10.04,0.00036532642270763015,0.00016193524847233316,3200,10.04,3200,100,100,6.7536835352132265e-06,3.285051597117589e-05,1.9803102233772148e-05,7.3317459431789585e-06,4.1982700207498603e-05,2.816001253791084e-05,0.00014586535850278354,4.589600786851708e-05,1.5648426680921975e-05,2.7780553620406678e-05,2.1305743762537022e-05,0.052044644865935616,0.006566223401730345,0.05027179906497621,0.16489670958086539,0.03558256864792572,0.017769443455478914,0.00017321179059780968,0.001673281192779541,108066,1.0,498.0,96.36685943603516,0.4722185730934143,961.0,992.0,-0.024311427026987076,3458112,0.20558929443359375,0.32529485,0.00426300335675478,6916224,651000,20832000,216132,11097.481840651795,498.0,108066,961.0,992.0,3458112,0.0,2.9521436861359165e-05,4.6518551076217934e-05,0.00015013382380505596,2.225139045521205e-05,2.8700953693471827e-05,1.631292141453958e-05,3.370899924556873e-05,7.6236517171043354e-06,6.5670109331820635e-06,2.0028905078706767e-05,4.1758224957455905e-05
1,66000,False,33,cf747_00000,2025-08-18_00-07-07,1755475627,81.78730273246765,2779.404878616333,760236,intrinsic-attention2,10.156.0.3,2779.404878616333,33,86.3903556708124,1.527700193964487e-05,86.3901024091059,2.5227156702439903,83.52960619599675,0.001944118872905856,2.4940098929936267,0.0002679699973668903,10.07,2,2000,10.5,2,66000,9.283829219288467e-05,1000,4.448233018576673e-05,1.0067001111073661,1.0067001111073661,32.0,0.0014582744492508937,2.0,33000,9.5,413.1286661760387,2000.0,3000.0,"[array([0.736036, 0.736036, 0.736036], dtype=float32), array([0.74036795, 0.74036795, 0.74036795], dtype=float32), array([0.744031, 0.744031, 0.744031], dtype=float32), array([0.74753577, 0.74753577, 0.74753577], dtype=float32), array([0.7522013, 0.7522013, 0.7522013], dtype=float32), array([0.7555148, 0.7555148, 0.7555148], dtype=float32), array([0.756795, 0.756795, 0.756795], dtype=float32), array([0.75774866, 0.75774866, 0.75774866], dtype=float32), array([0.7588986, 0.7588986, 0.7588986], dtype=float32), array([0.7596843, 0.7596843, 0.7596843], dtype=float32), array([0.761139, 0.761139, 0.761139], dtype=float32), array([0.7632621, 0.7632621, 0.7632621], dtype=float32), array([0.7661508, 0.7661508, 0.7661508], dtype=float32), array([0.7682183, 0.7682183, 0.7682183], dtype=float32), array([0.76923376, 0.76923376, 0.76923376], dtype=float32), array([0.76968646, 0.76968646, 0.76968646], dtype=float32), array([0.7714387, 0.7714387, 0.7714387], dtype=float32), array([0.77594537, 0.77594537, 0.77594537], dtype=float32), array([0.7788621, 0.7788621, 0.7788621], dtype=float32), array([0.78191066, 0.78191066, 0.78191066], dtype=float32), array([0.7850173, 0.7850173, 0.7850173], dtype=float32), array([0.7879247, 0.7879247, 0.7879247], dtype=float32), array([0.78964764, 0.78964764, 0.78964764], dtype=float32), array([0.7956703, 0.7956703, 0.7956703], dtype=float32), array([0.8014338, 0.8014338, 0.8014338], dtype=float32), array([0.8062495, 0.8062495, 0.8062495], dtype=float32), array([0.8109399, 0.8109399, 0.8109399], dtype=float32), array([0.8165491, 0.8165491, 0.8165491], dtype=float32), array([0.82215035, 0.82215035, 0.82215035], dtype=float32), array([0.8297492, 0.8297492, 0.8297492], dtype=float32), array([0.8362267, 0.8362267, 0.8362267], dtype=float32)]","[array([[2.0051612e-02, 9.7397739e-01, 5.9710103e-03],
       [1.5418884e-08, 1.0000000e+00, 5.6361246e-11],
       [3.6084050e-01, 2.1515141e-01, 4.2400807e-01]], dtype=float32), array([[4.8740405e-01, 5.0495110e-02, 4.6210083e-01],
       [8.2907708e-11, 1.0000000e+00, 1.4310175e-10],
       [4.6508476e-01, 8.7719165e-02, 4.4719610e-01]], dtype=float32), array([[9.9036254e-02, 8.2885611e-01, 7.2107613e-02],
       [1.2372294e-09, 1.0000000e+00, 5.7810944e-11],
       [3.7959498e-01, 2.0388174e-01, 4.1652331e-01]], dtype=float32), array([[2.0646291e-02, 9.7319919e-01, 6.1545866e-03],
       [1.6856829e-08, 1.0000000e+00, 6.0956032e-11],
       [3.6182818e-01, 2.0689295e-01, 4.3127888e-01]], dtype=float32), array([[2.2980804e-02, 9.6952260e-01, 7.4965674e-03],
       [1.3263419e-08, 1.0000000e+00, 5.8152119e-11],
       [3.6335379e-01, 2.0603235e-01, 4.3061388e-01]], dtype=float32), array([[9.4833955e-02, 8.3718216e-01, 6.7983888e-02],
       [1.1252733e-09, 1.0000000e+00, 4.8261044e-11],
       [3.8013726e-01, 2.0076732e-01, 4.1909546e-01]], dtype=float32), array([[5.4099444e-02, 8.8808203e-01, 5.7818495e-02],
       [2.8278576e-13, 1.0000000e+00, 5.6183020e-13],
       [3.0673871e-02, 9.3605715e-01, 3.3269051e-02]], dtype=float32), array([[8.2110502e-02, 8.6179596e-01, 5.6093510e-02],
       [8.8949575e-10, 1.0000000e+00, 3.0350611e-11],
       [3.7956774e-01, 1.9897780e-01, 4.2145449e-01]], dtype=float32), array([[4.76694524e-01, 6.63722605e-02, 4.56933230e-01],
       [2.62625061e-11, 1.00000000e+00, 4.43147082e-11],
       [4.51394260e-01, 1.10637434e-01, 4.37968314e-01]], dtype=float32), array([[2.7147356e-01, 4.6893984e-01, 2.5958651e-01],
       [2.0974961e-10, 1.0000000e+00, 3.3800157e-11],
       [4.1710478e-01, 1.2142196e-01, 4.6147326e-01]], dtype=float32), array([[4.76550400e-01, 6.83121085e-02, 4.55137521e-01],
       [1.12847899e-11, 1.00000000e+00, 2.04924272e-11],
       [4.45978910e-01, 1.21554114e-01, 4.32466954e-01]], dtype=float32), array([[4.7449514e-01, 7.1644627e-02, 4.5386019e-01],
       [8.0739877e-12, 1.0000000e+00, 1.4722269e-11],
       [4.4267878e-01, 1.2741984e-01, 4.2990130e-01]], dtype=float32), array([[4.7294199e-01, 7.4205048e-02, 4.5285287e-01],
       [5.9146542e-12, 1.0000000e+00, 1.0840808e-11],
       [4.4003591e-01, 1.3215917e-01, 4.2780489e-01]], dtype=float32), array([[1.42766815e-02, 9.81981218e-01, 3.74211930e-03],
       [3.54945962e-09, 1.00000000e+00, 7.51666004e-12],
       [3.62312526e-01, 2.01340854e-01, 4.36346650e-01]], dtype=float32), array([[4.8329633e-02, 8.9985448e-01, 5.1815886e-02],
       [5.9947415e-14, 1.0000000e+00, 1.2379800e-13],
       [2.6348760e-02, 9.4495732e-01, 2.8693980e-02]], dtype=float32), array([[4.7888875e-01, 6.7626201e-02, 4.5348498e-01],
       [7.7409737e-12, 1.0000000e+00, 1.5782974e-11],
       [4.4024888e-01, 1.3385774e-01, 4.2589328e-01]], dtype=float32), array([[4.7407311e-01, 7.3035508e-02, 4.5289132e-01],
       [1.2556766e-11, 1.0000000e+00, 2.3188873e-11],
       [4.4079188e-01, 1.3127314e-01, 4.2793494e-01]], dtype=float32), array([[1.6653236e-02, 9.7871095e-01, 4.6358490e-03],
       [5.4731122e-09, 1.0000000e+00, 1.3954671e-11],
       [3.6325285e-01, 1.9553302e-01, 4.4121411e-01]], dtype=float32), array([[7.3356539e-02, 8.7761903e-01, 4.9024496e-02],
       [2.8993766e-10, 1.0000000e+00, 8.1952075e-12],
       [3.8124785e-01, 1.9291021e-01, 4.2584187e-01]], dtype=float32), array([[2.3844038e-01, 5.3714234e-01, 2.2441734e-01],
       [3.1556872e-11, 1.0000000e+00, 5.1926840e-12],
       [4.0553707e-01, 1.5972078e-01, 4.3474218e-01]], dtype=float32), array([[4.4839615e-03, 9.9264067e-01, 2.8753085e-03],
       [2.3457001e-13, 1.0000000e+00, 2.1428422e-14],
       [3.0038895e-02, 9.4734871e-01, 2.2612458e-02]], dtype=float32), array([[4.6832693e-01, 8.5840411e-02, 4.4583273e-01],
       [4.8157734e-13, 1.0000000e+00, 1.0964972e-12],
       [4.1412142e-01, 1.8154711e-01, 4.0433154e-01]], dtype=float32), array([[7.5714029e-03, 9.9086589e-01, 1.5627148e-03],
       [5.0911175e-10, 1.0000000e+00, 4.9920007e-13],
       [3.5867372e-01, 2.2299562e-01, 4.1833070e-01]], dtype=float32), array([[2.5227445e-03, 9.9605125e-01, 1.4260829e-03],
       [6.8208710e-14, 1.0000000e+00, 3.7811945e-15],
       [2.4737326e-02, 9.5781064e-01, 1.7452003e-02]], dtype=float32), array([[1.4925459e-01, 7.2020650e-01, 1.3053897e-01],
       [2.9754649e-12, 1.0000000e+00, 3.1069375e-13],
       [3.8107413e-01, 2.1953511e-01, 3.9939082e-01]], dtype=float32), array([[1.4197521e-01, 7.3468602e-01, 1.2333874e-01],
       [2.2095251e-12, 1.0000000e+00, 2.2207668e-13],
       [3.7827334e-01, 2.2647101e-01, 3.9525568e-01]], dtype=float32), array([[6.7467489e-03, 9.9179208e-01, 1.4611699e-03],
       [1.6892925e-10, 1.0000000e+00, 1.7061117e-13],
       [3.5609579e-01, 2.4411222e-01, 3.9979199e-01]], dtype=float32), array([[4.2707983e-01, 1.5372214e-01, 4.1919810e-01],
       [6.6653321e-14, 1.0000000e+00, 1.1588229e-13],
       [3.8031837e-01, 2.4247125e-01, 3.7721041e-01]], dtype=float32), array([[1.9341513e-03, 9.9694651e-01, 1.1192348e-03],
       [1.0728480e-14, 1.0000000e+00, 6.4107143e-16],
       [1.8204559e-02, 9.6894306e-01, 1.2852383e-02]], dtype=float32), array([[4.0508673e-01, 1.9474059e-01, 4.0017265e-01],
       [1.4540738e-14, 1.0000000e+00, 2.4726894e-14],
       [3.5405782e-01, 2.9299945e-01, 3.5294276e-01]], dtype=float32), array([[4.2319801e-01, 1.6439588e-01, 4.1240612e-01],
       [3.6202561e-15, 1.0000000e+00, 8.9796216e-15],
       [3.3462349e-01, 3.3085650e-01, 3.3452001e-01]], dtype=float32)]","[array([nan, nan, nan], dtype=float32), array([0.74036795, 0.74036795, 0.74036795], dtype=float32), array([0.74403113, 0.74403113, 0.74403113], dtype=float32), array([0.7475358, 0.7475358, 0.7475358], dtype=float32), array([nan, nan, nan], dtype=float32), array([0.75551474, 0.75551474, 0.75551474], dtype=float32), array([nan, nan, nan], dtype=float32), array([nan, nan, nan], dtype=float32), array([0.75889856, 0.75889856, 0.75889856], dtype=float32), array([0.75968426, 0.75968426, 0.75968426], dtype=float32), array([nan, nan, nan], dtype=float32), array([nan, nan, nan], dtype=float32), array([0.7661509, 0.7661509, 0.7661509], dtype=float32), array([nan, nan, nan], dtype=float32), array([0.7692338, 0.7692338, 0.7692338], dtype=float32), array([0.7696864, 0.7696864, 0.7696864], dtype=float32), array([nan, nan, nan], dtype=float32), array([0.77594525, 0.77594525, 0.77594525], dtype=float32), array([0.7788622, 0.7788622, 0.7788622], dtype=float32), array([0.78191054, 0.78191054, 0.78191054], dtype=float32), array([nan, nan, nan], dtype=float32), array([nan, nan, nan], dtype=float32), array([0.7896476, 0.7896476, 0.7896476], dtype=float32), array([0.7956702, 0.7956702, 0.7956702], dtype=float32), array([0.80143386, 0.80143386, 0.80143386], dtype=float32), array([nan, nan, nan], dtype=float32), array([0.8109399, 0.8109399, 0.8109399], dtype=float32), array([nan, nan, nan], dtype=float32), array([0.8221504, 0.8221504, 0.8221504], dtype=float32), array([0.8297493, 0.8297493, 0.8297493], dtype=float32), array([0.83622676, 0.83622676, 0.83622676], dtype=float32)]",1,0,0,0,0,0,13.226495726495726,20.099999999999994,0.00015498216534257575,0.0003419405580035062,10.07,10.07,2000,66000,66000,2000,0.3278446967131858,1.45090055525543e-07,0.4722185432910919,505498.625,1.0,0.0013802934991,33.0,1021977,0.21485653519630432,-1.0,0.35634395480155945,81158,0.004364199470728636,0.0,999.0,30969,0.007433664985001087,378.2365210078632,1.0,0.0393447157605,0.0,0.0013802934991,33.0,1021977,0.0,30969,23810,999.0,378.23624552158446,93000,0,3069000,61938,104968,2043954,1135.8472795622642,6449165.111738224,6787894.840106657,2.0,9.5,2,50,0.0015553999695111997,1650,10.04,33.0,0.14869547508170136,0.00029118852946341913,100,10.5,66100,4.5305816298589556e-05,1.0067001111073661,1.0067001111073661,2,9.902768600932538e-05,10.04,0.0003671054626472758,0.0001622368023818202,3300,10.04,3300,100,100,6.67677091562542e-06,3.2533915923273846e-05,1.9844979142218563e-05,7.273097707950042e-06,4.1389741937794953e-05,2.7803131074711484e-05,0.00014127730881920302,4.479100285311999e-05,1.5666673721144213e-05,2.732435714528546e-05,2.110773190443927e-05,0.052021250287173665,0.0065583664878155305,0.050211851244228806,0.1648181425450657,0.035496396551376846,0.017731609921013965,0.0001730954226258213,-0.011484384536743164,108066,1.0,498.0,98.31753540039062,0.4722185730934143,991.0,1023.0,-0.005260111298412085,3566178,0.21926556527614594,0.3443082,0.004143552854657173,7132356,651000,21483000,216132,11077.170644813847,498.0,108066,991.0,1023.0,3566178,0.0,2.9517169408539536e-05,4.6738501157073826e-05,0.000151167272568308,2.255677653232948e-05,2.8916407092952192e-05,1.6627130703872274e-05,3.3505747003654976e-05,7.553092054762176e-06,6.514030968836038e-06,1.994350259023669e-05,4.228412086083746e-05
1,68000,False,34,cf747_00000,2025-08-18_00-08-30,1755475710,82.49777460098267,2861.9026532173157,760236,intrinsic-attention2,10.156.0.3,2861.9026532173157,34,86.35000038765425,1.5235191874575392e-05,86.34974650979491,2.521959468141515,83.49025729736677,0.0019409940640920218,2.4932561991637354,0.0002679699973668903,9.93,2,2000,10.5,2,68000,9.448751316730374e-05,1000,4.465207715834786e-05,1.0067001111073661,1.0067001111073661,33.0,0.0014590687498275657,2.0,34000,9.5,400.7859842940766,2000.0,3000.0,"[array([0.8427037, 0.8427037, 0.8427037], dtype=float32), array([0.8485193, 0.8485193, 0.8485193], dtype=float32), array([0.8537113, 0.8537113, 0.8537113], dtype=float32), array([0.8584196, 0.8584196, 0.8584196], dtype=float32), array([0.8624984, 0.8624984, 0.8624984], dtype=float32), array([0.8656779, 0.8656779, 0.8656779], dtype=float32), array([0.86810607, 0.86810607, 0.86810607], dtype=float32), array([0.8698341, 0.8698341, 0.8698341], dtype=float32), array([0.8709481, 0.8709481, 0.8709481], dtype=float32), array([0.87112415, 0.87112415, 0.87112415], dtype=float32), array([0.8709794, 0.8709794, 0.8709794], dtype=float32), array([0.8703052, 0.8703052, 0.8703052], dtype=float32), array([0.8693344, 0.8693344, 0.8693344], dtype=float32), array([0.86928284, 0.86928284, 0.86928284], dtype=float32), array([0.8696075, 0.8696075, 0.8696075], dtype=float32), array([0.8705465, 0.8705465, 0.8705465], dtype=float32), array([0.87133676, 0.87133676, 0.87133676], dtype=float32), array([0.8720816, 0.8720816, 0.8720816], dtype=float32), array([0.87271845, 0.87271845, 0.87271845], dtype=float32), array([0.8733081, 0.8733081, 0.8733081], dtype=float32), array([0.8738144, 0.8738144, 0.8738144], dtype=float32), array([0.8750695, 0.8750695, 0.8750695], dtype=float32), array([0.8753413, 0.8753413, 0.8753413], dtype=float32), array([0.87550074, 0.87550074, 0.87550074], dtype=float32), array([0.875783, 0.875783, 0.875783], dtype=float32), array([0.8759377, 0.8759377, 0.8759377], dtype=float32), array([0.87563795, 0.87563795, 0.87563795], dtype=float32), array([0.8752662, 0.8752662, 0.8752662], dtype=float32), array([0.8749693, 0.8749693, 0.8749693], dtype=float32), array([0.8751591, 0.8751591, 0.8751591], dtype=float32), array([0.87441933, 0.87441933, 0.87441933], dtype=float32)]","[array([[1.0840264e-03, 9.9833208e-01, 5.8390759e-04],
       [9.5177821e-16, 1.0000000e+00, 4.1390662e-17],
       [1.3152789e-02, 9.7794706e-01, 8.9000510e-03]], dtype=float32), array([[9.3537272e-04, 9.9857008e-01, 4.9451727e-04],
       [5.2209078e-16, 1.0000000e+00, 2.0936674e-17],
       [1.2099847e-02, 9.7980267e-01, 8.0974996e-03]], dtype=float32), array([[1.4779827e-02, 9.7788620e-01, 7.3339082e-03],
       [2.0354157e-13, 1.0000000e+00, 1.5387717e-15],
       [3.3259127e-01, 3.3526179e-01, 3.3214694e-01]], dtype=float32), array([[6.7364657e-03, 9.8657542e-01, 6.6880914e-03],
       [7.9608044e-18, 1.0000000e+00, 7.5204805e-18],
       [7.0748427e-03, 9.8590058e-01, 7.0245438e-03]], dtype=float32), array([[9.6655609e-03, 9.8007786e-01, 1.0256489e-02],
       [2.7255043e-18, 1.0000000e+00, 4.5824698e-18],
       [6.1451299e-03, 9.8729545e-01, 6.5595009e-03]], dtype=float32), array([[1.2401855e-03, 9.9861062e-01, 1.4915950e-04],
       [1.3207753e-12, 1.0000000e+00, 2.2940304e-16],
       [3.2090366e-01, 3.7315646e-01, 3.0593991e-01]], dtype=float32), array([[2.3168022e-02, 9.6054494e-01, 1.6287122e-02],
       [1.1263178e-15, 1.0000000e+00, 4.3390279e-17],
       [2.3824987e-01, 5.4129863e-01, 2.2045150e-01]], dtype=float32), array([[2.2664315e-04, 9.9968815e-01, 8.5250140e-05],
       [1.5969701e-17, 1.0000000e+00, 1.7627941e-19],
       [7.6330551e-03, 9.8803574e-01, 4.3311827e-03]], dtype=float32), array([[2.3713335e-01, 5.2376270e-01, 2.3910385e-01],
       [2.6212419e-18, 1.0000000e+00, 4.0005015e-18],
       [1.8671267e-01, 6.2420642e-01, 1.8908086e-01]], dtype=float32), array([[2.0574336e-01, 5.6128848e-01, 2.3296818e-01],
       [1.3917770e-23, 1.0000000e+00, 9.4143397e-21],
       [6.1229314e-04, 9.9785775e-01, 1.5300367e-03]], dtype=float32), array([[1.2473091e-04, 9.9983251e-01, 4.2765052e-05],
       [1.4506442e-18, 1.0000000e+00, 1.0898061e-20],
       [5.6439331e-03, 9.9130613e-01, 3.0499336e-03]], dtype=float32), array([[1.8262412e-04, 9.9973816e-01, 7.9278121e-05],
       [3.8388423e-19, 1.0000000e+00, 6.2939026e-21],
       [4.7996324e-03, 9.9233788e-01, 2.8624716e-03]], dtype=float32), array([[8.8876020e-03, 9.8548961e-01, 5.6228265e-03],
       [1.1014181e-17, 1.0000000e+00, 2.4720559e-19],
       [1.7214546e-01, 6.7717290e-01, 1.5068172e-01]], dtype=float32), array([[2.7847084e-01, 4.3955734e-01, 2.8197181e-01],
       [2.9357270e-20, 1.0000000e+00, 1.0054104e-19],
       [1.3539794e-01, 7.2285205e-01, 1.4175001e-01]], dtype=float32), array([[2.7304587e-01, 4.5013607e-01, 2.7681798e-01],
       [2.4549044e-20, 1.0000000e+00, 8.4770361e-20],
       [1.3048667e-01, 7.3269856e-01, 1.3681473e-01]], dtype=float32), array([[2.7004138e-01, 4.5598906e-01, 2.7396953e-01],
       [2.3355800e-20, 1.0000000e+00, 8.1200695e-20],
       [1.2761451e-01, 7.3844343e-01, 1.3394202e-01]], dtype=float32), array([[1.2299217e-02, 9.7882217e-01, 8.8784918e-03],
       [1.3553353e-18, 1.0000000e+00, 6.3324624e-20],
       [1.4212419e-01, 7.3208183e-01, 1.2579389e-01]], dtype=float32), array([[3.4342110e-03, 9.9516261e-01, 1.4031673e-03],
       [5.8984390e-17, 1.0000000e+00, 1.6159162e-19],
       [2.6018542e-01, 5.0553244e-01, 2.3428215e-01]], dtype=float32), array([[7.2915391e-05, 9.9990463e-01, 2.2459768e-05],
       [1.8801890e-19, 1.0000000e+00, 9.1076463e-22],
       [4.6047117e-03, 9.9302554e-01, 2.3698132e-03]], dtype=float32), array([[1.6108885e-01, 6.7573965e-01, 1.6317157e-01],
       [5.6328318e-20, 1.0000000e+00, 8.3788511e-20],
       [1.2230025e-01, 7.5339109e-01, 1.2430869e-01]], dtype=float32), array([[3.0443456e-04, 9.9966919e-01, 2.6396072e-05],
       [5.1411834e-15, 1.0000000e+00, 2.4874275e-19],
       [2.7283695e-01, 4.9992824e-01, 2.2723481e-01]], dtype=float32), array([[2.6431319e-01, 4.6714485e-01, 2.6854199e-01],
       [3.7124803e-20, 1.0000000e+00, 1.2918346e-19],
       [1.2338633e-01, 7.4687725e-01, 1.2973635e-01]], dtype=float32), array([[7.1692173e-03, 9.8900771e-01, 3.8230938e-03],
       [3.8519455e-17, 1.0000000e+00, 3.0974254e-19],
       [2.5056565e-01, 5.2122831e-01, 2.2820599e-01]], dtype=float32), array([[6.3441992e-03, 9.8978537e-01, 3.8704628e-03],
       [5.3301546e-18, 1.0000000e+00, 1.0875516e-19],
       [1.4147201e-01, 7.3817408e-01, 1.2035387e-01]], dtype=float32), array([[1.61548033e-01, 6.74834371e-01, 1.63617656e-01],
       [1.35746129e-19, 1.00000000e+00, 1.99858210e-19],
       [1.23630695e-01, 7.50737011e-01, 1.25632316e-01]], dtype=float32), array([[3.9593438e-03, 9.9188000e-01, 4.1606557e-03],
       [3.4738746e-21, 1.0000000e+00, 5.3028893e-21],
       [2.7324993e-03, 9.9438643e-01, 2.8810755e-03]], dtype=float32), array([[8.6749010e-03, 9.8666418e-01, 4.6608737e-03],
       [2.7917695e-16, 1.0000000e+00, 2.5392480e-18],
       [2.6021007e-01, 5.0101686e-01, 2.3877306e-01]], dtype=float32), array([[2.8171143e-04, 9.9959093e-01, 1.2734013e-04],
       [3.6451248e-18, 1.0000000e+00, 7.3757168e-20],
       [6.2325769e-03, 9.8995787e-01, 3.8095471e-03]], dtype=float32), array([[1.3089732e-02, 9.7828692e-01, 8.6232796e-03],
       [5.2655507e-16, 1.0000000e+00, 1.7510404e-17],
       [1.7692558e-01, 6.6747713e-01, 1.5559734e-01]], dtype=float32), array([[7.6495791e-03, 9.8431188e-01, 8.0385199e-03],
       [1.3306986e-18, 1.0000000e+00, 2.0258092e-18],
       [5.3059692e-03, 9.8909712e-01, 5.5968924e-03]], dtype=float32), array([[2.4288490e-01, 5.1225650e-01, 2.4485861e-01],
       [5.9867595e-16, 1.0000000e+00, 8.7556578e-16],
       [1.9716771e-01, 6.0325873e-01, 1.9957353e-01]], dtype=float32)]","[array([0.8427034, 0.8427034, 0.8427034], dtype=float32), array([0.8485194, 0.8485194, 0.8485194], dtype=float32), array([nan, nan, nan], dtype=float32), array([nan, nan, nan], dtype=float32), array([0.86249834, 0.86249834, 0.86249834], dtype=float32), array([0.8656781, 0.8656781, 0.8656781], dtype=float32), array([0.8681063, 0.8681063, 0.8681063], dtype=float32), array([0.86983424, 0.86983424, 0.86983424], dtype=float32), array([0.8709482, 0.8709482, 0.8709482], dtype=float32), array([0.871124, 0.871124, 0.871124], dtype=float32), array([0.8709795, 0.8709795, 0.8709795], dtype=float32), array([0.87030536, 0.87030536, 0.87030536], dtype=float32), array([0.8693345, 0.8693345, 0.8693345], dtype=float32), array([0.8692828, 0.8692828, 0.8692828], dtype=float32), array([0.86960745, 0.86960745, 0.86960745], dtype=float32), array([nan, nan, nan], dtype=float32), array([0.8713366, 0.8713366, 0.8713366], dtype=float32), array([0.8720816, 0.8720816, 0.8720816], dtype=float32), array([0.87271833, 0.87271833, 0.87271833], dtype=float32), array([0.8733082, 0.8733082, 0.8733082], dtype=float32), array([0.8738142, 0.8738142, 0.8738142], dtype=float32), array([0.8750695, 0.8750695, 0.8750695], dtype=float32), array([0.8753412, 0.8753412, 0.8753412], dtype=float32), array([0.87550086, 0.87550086, 0.87550086], dtype=float32), array([0.875783, 0.875783, 0.875783], dtype=float32), array([0.8759378, 0.8759378, 0.8759378], dtype=float32), array([0.87563777, 0.87563777, 0.87563777], dtype=float32), array([0.8752663, 0.8752663, 0.8752663], dtype=float32), array([nan, nan, nan], dtype=float32), array([0.87515897, 0.87515897, 0.87515897], dtype=float32), array([0.8744194, 0.8744194, 0.8744194], dtype=float32)]",1,0,0,0,0,0,13.223728813559323,20.099999999999994,0.0001534820240638046,0.0003452614284646877,9.93,9.93,2000,68000,68000,2000,0.3276095419860899,7.25450277627715e-08,0.4722185432910919,504456.78125,1.0,0.0013802934991,34.0,1052946,0.21212138235569,-1.0,0.3505071699619293,81158,0.0009750868775881827,0.0,999.0,30969,0.0015931172529235482,378.50491739711987,1.0,0.0393447157605,0.0,0.0013802934991,34.0,1052946,0.0,30969,23810,999.0,378.5046506579174,93000,0,3162000,61938,104968,2105892,1136.6531789030805,6445109.256025198,6789546.639421495,2.0,9.5,2,50,0.0015659143586526625,1700,10.04,34.0,0.14849371554095983,0.0002898078442738765,100,10.5,68100,4.549753959371147e-05,1.0067001111073661,1.0067001111073661,2,9.899281316858396e-05,10.04,0.0003692783179388564,0.00016264313978004674,3400,10.04,3400,100,100,6.675208594103819e-06,3.215532685841704e-05,1.956816445667191e-05,7.2858175996273784e-06,4.0434172791551886e-05,2.7653934290424148e-05,0.00014341782201705185,4.53029625102526e-05,1.5325150692430603e-05,2.7427216733650785e-05,2.097356476958544e-05,0.05201721565416946,0.006552776693028069,0.050156014341843275,0.16475798494973293,0.035418858065880056,0.017698748881875604,0.00017306046850805847,-0.03476226329803467,108066,1.0,498.0,97.81777954101562,0.4722185730934143,1021.0,1054.0,-0.00043978175381198525,3674244,0.22522974014282227,0.34854877,0.000577810627873987,7348488,651000,22134000,216132,11054.441629005658,498.0,108066,1021.0,1054.0,3674244,0.0,2.9835904205435303e-05,4.6654729324823175e-05,0.00015272476153106406,2.253422689214531e-05,2.9007985127225324e-05,1.6636847883649668e-05,3.425367478984906e-05,7.552581266463545e-06,6.469452234184096e-06,2.0019563467389995e-05,4.216304180409622e-05
1,70000,False,35,cf747_00000,2025-08-18_00-09-52,1755475792,82.43283009529114,2944.335483312607,760236,intrinsic-attention2,10.156.0.3,2944.335483312607,35,86.30941960284774,1.5192389975090133e-05,86.30916524123698,2.5213368403202177,83.45047541930309,0.001938115473425786,2.4926270730221134,0.0002679699973668903,9.98,2,2000,10.5,2,70000,9.466788592759651e-05,1000,4.466219853126134e-05,1.0067001111073661,1.0067001111073661,34.0,0.0014745965000474825,2.0,35000,9.5,388.70532113971626,2000.0,3000.0,"[array([0.8734568, 0.8734568, 0.8734568], dtype=float32), array([0.8731979, 0.8731979, 0.8731979], dtype=float32), array([0.8724926, 0.8724926, 0.8724926], dtype=float32), array([0.87164015, 0.87164015, 0.87164015], dtype=float32), array([0.8706913, 0.8706913, 0.8706913], dtype=float32), array([0.87010914, 0.87010914, 0.87010914], dtype=float32), array([0.86953056, 0.86953056, 0.86953056], dtype=float32), array([0.86903954, 0.86903954, 0.86903954], dtype=float32), array([0.8688337, 0.8688337, 0.8688337], dtype=float32), array([0.86886513, 0.86886513, 0.86886513], dtype=float32), array([0.8689831, 0.8689831, 0.8689831], dtype=float32), array([0.8698119, 0.8698119, 0.8698119], dtype=float32), array([0.8709585, 0.8709585, 0.8709585], dtype=float32), array([0.87247455, 0.87247455, 0.87247455], dtype=float32), array([0.8742572, 0.8742572, 0.8742572], dtype=float32), array([0.87653744, 0.87653744, 0.87653744], dtype=float32), array([0.87866384, 0.87866384, 0.87866384], dtype=float32), array([0.8809098, 0.8809098, 0.8809098], dtype=float32), array([0.8831005, 0.8831005, 0.8831005], dtype=float32), array([0.8855316, 0.8855316, 0.8855316], dtype=float32), array([0.88816726, 0.88816726, 0.88816726], dtype=float32), array([0.8909186, 0.8909186, 0.8909186], dtype=float32), array([0.89350146, 0.89350146, 0.89350146], dtype=float32), array([0.8960689, 0.8960689, 0.8960689], dtype=float32), array([0.89876455, 0.89876455, 0.89876455], dtype=float32), array([0.9016055, 0.9016055, 0.9016055], dtype=float32), array([0.90409446, 0.90409446, 0.90409446], dtype=float32), array([0.9063451, 0.9063451, 0.9063451], dtype=float32), array([0.90776265, 0.90776265, 0.90776265], dtype=float32), array([0.9093187, 0.9093187, 0.9093187], dtype=float32), array([0.91051126, 0.91051126, 0.91051126], dtype=float32)]","[array([[3.3741403e-01, 3.2550225e-01, 3.3708373e-01],
       [4.8970761e-15, 1.0000000e+00, 1.2020004e-14],
       [2.2758377e-01, 5.3941697e-01, 2.3299929e-01]], dtype=float32), array([[7.0585243e-02, 8.7116581e-01, 5.8248896e-02],
       [8.5580517e-13, 1.0000000e+00, 1.0231005e-13],
       [2.6705757e-01, 4.7748733e-01, 2.5545514e-01]], dtype=float32), array([[2.1730110e-02, 9.5540273e-01, 2.2867208e-02],
       [1.3049955e-14, 1.0000000e+00, 2.0081093e-14],
       [1.5071836e-02, 9.6898627e-01, 1.5941974e-02]], dtype=float32), array([[4.1539278e-03, 9.9332446e-01, 2.5215661e-03],
       [2.0722272e-12, 1.0000000e+00, 1.7848346e-13],
       [2.8046517e-02, 9.5161206e-01, 2.0341441e-02]], dtype=float32), array([[1.2030968e-02, 9.8503846e-01, 2.9305357e-03],
       [1.4239671e-08, 1.0000000e+00, 4.3443575e-11],
       [3.3140534e-01, 3.3985284e-01, 3.2874179e-01]], dtype=float32), array([[5.6722485e-02, 9.0791774e-01, 3.5359804e-02],
       [4.7930571e-09, 1.0000000e+00, 1.8312700e-10],
       [3.3508810e-01, 3.2872754e-01, 3.3618432e-01]], dtype=float32), array([[1.6148888e-01, 6.9650286e-01, 1.4200826e-01],
       [3.9698493e-09, 1.0000000e+00, 7.2424405e-10],
       [3.4427989e-01, 3.0805767e-01, 3.4766251e-01]], dtype=float32), array([[1.2652449e-02, 9.7868323e-01, 8.6644115e-03],
       [5.2255067e-10, 1.0000000e+00, 8.1268471e-11],
       [5.1689889e-02, 9.0803605e-01, 4.0274061e-02]], dtype=float32), array([[2.0849773e-01, 5.9994537e-01, 1.9155689e-01],
       [2.6232460e-08, 1.0000000e+00, 6.4711054e-09],
       [3.5797387e-01, 2.7656993e-01, 3.6545613e-01]], dtype=float32), array([[4.1114029e-01, 1.8536057e-01, 4.0349916e-01],
       [1.0120190e-08, 1.0000000e+00, 1.5612127e-08],
       [3.7028822e-01, 2.6241419e-01, 3.6729756e-01]], dtype=float32), array([[1.0656851e-01, 8.1897992e-01, 7.4451566e-02],
       [4.3710116e-07, 9.9999952e-01, 3.3279282e-08],
       [3.4853056e-01, 2.9189903e-01, 3.5957044e-01]], dtype=float32), array([[1.16346754e-01, 8.01425338e-01, 8.22279379e-02],
       [1.02094498e-06, 9.99998808e-01, 8.54112088e-08],
       [3.50537270e-01, 2.85818309e-01, 3.63644421e-01]], dtype=float32), array([[3.0458288e-02, 9.4660521e-01, 2.2936445e-02],
       [4.8701644e-08, 1.0000000e+00, 1.2134318e-08],
       [8.2590692e-02, 8.4927011e-01, 6.8139188e-02]], dtype=float32), array([[2.7420703e-01, 4.6308607e-01, 2.6270694e-01],
       [1.7209569e-06, 9.9999774e-01, 5.8142120e-07],
       [3.7895650e-01, 2.2568375e-01, 3.9535975e-01]], dtype=float32), array([[4.2446214e-01, 1.6075706e-01, 4.1478080e-01],
       [9.6462941e-07, 9.9999774e-01, 1.3406431e-06],
       [3.9618841e-01, 2.1340553e-01, 3.9040613e-01]], dtype=float32), array([[2.9649732e-01, 4.1482320e-01, 2.8867945e-01],
       [6.3384814e-06, 9.9999118e-01, 2.4455160e-06],
       [3.8425097e-01, 2.1303314e-01, 4.0271583e-01]], dtype=float32), array([[4.2421994e-01, 1.6037410e-01, 4.1540602e-01],
       [3.1077470e-06, 9.9999285e-01, 4.0862060e-06],
       [4.0110883e-01, 2.0360966e-01, 3.9528152e-01]], dtype=float32), array([[1.2188845e-01, 7.5043899e-01, 1.2767257e-01],
       [2.4353108e-07, 9.9999940e-01, 3.5913007e-07],
       [9.3243837e-02, 8.0823147e-01, 9.8524623e-02]], dtype=float32), array([[3.1135926e-01, 3.8221824e-01, 3.0642253e-01],
       [1.7794498e-05, 9.9997461e-01, 7.5868825e-06],
       [3.8725552e-01, 2.0595190e-01, 4.0679258e-01]], dtype=float32), array([[3.1382856e-01, 3.7676403e-01, 3.0940744e-01],
       [2.1802645e-05, 9.9996877e-01, 9.4767402e-06],
       [3.8761023e-01, 2.0515576e-01, 4.0723407e-01]], dtype=float32), array([[3.17168474e-01, 3.69371742e-01, 3.13459754e-01],
       [2.78402094e-05, 9.99959707e-01, 1.23887285e-05],
       [3.88279468e-01, 2.03601271e-01, 4.08119202e-01]], dtype=float32), array([[6.57947361e-02, 8.80283594e-01, 5.39216548e-02],
       [2.98851819e-06, 9.99995947e-01, 1.12609064e-06],
       [1.24667615e-01, 7.66885400e-01, 1.08447045e-01]], dtype=float32), array([[1.16044655e-01, 8.26007128e-01, 5.79482913e-02],
       [2.63006048e-04, 9.99722779e-01, 1.42333829e-05],
       [3.48725080e-01, 2.69010186e-01, 3.82264704e-01]], dtype=float32), array([[1.4837164e-01, 6.9511688e-01, 1.5651147e-01],
       [1.1160561e-06, 9.9999714e-01, 1.7928197e-06],
       [1.0863905e-01, 7.7508289e-01, 1.1627812e-01]], dtype=float32), array([[3.2670307e-01, 3.4816712e-01, 3.2512975e-01],
       [5.7219200e-05, 9.9991548e-01, 2.7270262e-05],
       [3.9021102e-01, 1.9914888e-01, 4.1064015e-01]], dtype=float32), array([[1.9454820e-01, 6.5219730e-01, 1.5325449e-01],
       [1.3922015e-04, 9.9983656e-01, 2.4162769e-05],
       [3.5711950e-01, 2.6376924e-01, 3.7911123e-01]], dtype=float32), array([[4.2517260e-01, 1.5827203e-01, 4.1655526e-01],
       [3.5002904e-05, 9.9992168e-01, 4.3294604e-05],
       [4.0742567e-01, 1.9147389e-01, 4.0110049e-01]], dtype=float32), array([[4.2563173e-01, 1.5750061e-01, 4.1686767e-01],
       [4.5060053e-05, 9.9989939e-01, 5.5558328e-05],
       [4.0816575e-01, 1.9014196e-01, 4.0169227e-01]], dtype=float32), array([[1.5362050e-01, 6.8586427e-01, 1.6051519e-01],
       [3.9359006e-06, 9.9999034e-01, 5.6707895e-06],
       [1.2178635e-01, 7.4975604e-01, 1.2845764e-01]], dtype=float32), array([[1.9991630e-01, 6.4559668e-01, 1.5448697e-01],
       [3.4513712e-04, 9.9959511e-01, 5.9802329e-05],
       [3.5744047e-01, 2.5882110e-01, 3.8373843e-01]], dtype=float32), array([[3.4112364e-01, 3.1582192e-01, 3.4305441e-01],
       [1.9023630e-04, 9.9970824e-01, 1.0158115e-04],
       [3.9293230e-01, 1.9315979e-01, 4.1390795e-01]], dtype=float32)]","[array([nan, nan, nan], dtype=float32), array([nan, nan, nan], dtype=float32), array([0.8724924, 0.8724924, 0.8724924], dtype=float32), array([nan, nan, nan], dtype=float32), array([0.8706913, 0.8706913, 0.8706913], dtype=float32), array([nan, nan, nan], dtype=float32), array([0.8695306, 0.8695306, 0.8695306], dtype=float32), array([nan, nan, nan], dtype=float32), array([nan, nan, nan], dtype=float32), array([nan, nan, nan], dtype=float32), array([0.86898285, 0.86898285, 0.86898285], dtype=float32), array([nan, nan, nan], dtype=float32), array([nan, nan, nan], dtype=float32), array([nan, nan, nan], dtype=float32), array([0.8742573, 0.8742573, 0.8742573], dtype=float32), array([0.87653756, 0.87653756, 0.87653756], dtype=float32), array([nan, nan, nan], dtype=float32), array([nan, nan, nan], dtype=float32), array([0.8831005, 0.8831005, 0.8831005], dtype=float32), array([nan, nan, nan], dtype=float32), array([nan, nan, nan], dtype=float32), array([nan, nan, nan], dtype=float32), array([0.8935017, 0.8935017, 0.8935017], dtype=float32), array([nan, nan, nan], dtype=float32), array([0.89876455, 0.89876455, 0.89876455], dtype=float32), array([nan, nan, nan], dtype=float32), array([nan, nan, nan], dtype=float32), array([nan, nan, nan], dtype=float32), array([0.9077627, 0.9077627, 0.9077627], dtype=float32), array([nan, nan, nan], dtype=float32), array([nan, nan, nan], dtype=float32)]",1,0,0,0,0,0,13.298305084745763,20.099999999999994,0.00015547370601664336,0.0003476550529464577,9.98,9.98,2000,70000,70000,2000,0.3274514095862785,3.627251388138575e-08,0.4722185432910919,489431.9375,1.0,0.0013802934991,35.0,1083915,0.20564043521881104,-1.0,0.3523719906806946,81158,0.0025461206678301096,0.0,999.0,30969,0.003449030453339219,378.7398784782723,1.0,0.0393447157605,0.0,0.0013802934991,35.0,1083915,0.0,30969,23810,999.0,378.7396185476254,93000,0,3255000,61938,104968,2167830,1137.3586761687716,6450130.8003988825,6794795.62264745,2.0,9.5,2,50,0.0015564215001359115,1750,10.04,35.0,0.1482749997055158,0.0002884403857513691,100,10.5,70100,4.519705363877563e-05,1.0067001111073661,1.0067001111073661,2,9.778205609528008e-05,10.04,0.0003657330712086564,0.0001620023237853752,3500,10.04,3500,100,100,6.751256321523793e-06,3.255475801639806e-05,1.965368290392355e-05,7.221426073439491e-06,4.1849359083128045e-05,2.7901972813964583e-05,0.00014449400107647577,4.569582332856529e-05,1.546363340264067e-05,2.7733136979232865e-05,2.1168883036106108e-05,0.05201819596765579,0.00654832902608349,0.05012072599838478,0.1647325736702649,0.03534945601517671,0.017673284343093298,0.0001731676938822082,-0.012637019157409668,108066,1.0,498.0,97.73300170898438,0.4722185730934143,1051.0,1085.0,-0.002055443823337555,3782310,0.21094480156898499,0.34727255,0.002572797005996108,7564620,651000,22785000,216132,11031.287343531483,498.0,108066,1051.0,1085.0,3782310,0.0,2.9344226710192658e-05,4.645993849719089e-05,0.00015053360907410593,2.2661499022459252e-05,2.8991275176054056e-05,1.6414097580039446e-05,3.3772610879161066e-05,7.525870888732619e-06,6.444691135905142e-06,1.9794843377215132e-05,4.2320527799240465e-05
1,72000,False,36,cf747_00000,2025-08-18_00-11-15,1755475875,83.22438669204712,3027.559870004654,760236,intrinsic-attention2,10.156.0.3,3027.559870004654,36,86.2771375174892,1.5153156106867705e-05,86.27688232057461,2.5204112766769673,83.41932932084002,0.0019378823787830665,2.4916974202219895,0.0002679699973668903,9.97,2,2000,10.5,2,72000,9.377935981875597e-05,1000,4.457308623520586e-05,1.0067001111073661,1.0067001111073661,35.0,0.0014572197906090878,2.0,36000,9.5,376.89140573960884,2000.0,3000.0,"[array([0.9123038, 0.9123038, 0.9123038], dtype=float32), array([0.9135122, 0.9135122, 0.9135122], dtype=float32), array([0.9159872, 0.9159872, 0.9159872], dtype=float32), array([0.91823566, 0.91823566, 0.91823566], dtype=float32), array([0.9197533, 0.9197533, 0.9197533], dtype=float32), array([0.9216338, 0.9216338, 0.9216338], dtype=float32), array([0.9243458, 0.9243458, 0.9243458], dtype=float32), array([0.9265554, 0.9265554, 0.9265554], dtype=float32), array([0.9288586, 0.9288586, 0.9288586], dtype=float32), array([0.93153083, 0.93153083, 0.93153083], dtype=float32), array([0.93321157, 0.93321157, 0.93321157], dtype=float32), array([0.93548685, 0.93548685, 0.93548685], dtype=float32), array([0.93790317, 0.93790317, 0.93790317], dtype=float32), array([0.9399975, 0.9399975, 0.9399975], dtype=float32), array([0.94172096, 0.94172096, 0.94172096], dtype=float32), array([0.9435825, 0.9435825, 0.9435825], dtype=float32), array([0.9449359, 0.9449359, 0.9449359], dtype=float32), array([0.9457246, 0.9457246, 0.9457246], dtype=float32), array([0.9470871, 0.9470871, 0.9470871], dtype=float32), array([0.94851667, 0.94851667, 0.94851667], dtype=float32), array([0.9492361, 0.9492361, 0.9492361], dtype=float32), array([0.9498375, 0.9498375, 0.9498375], dtype=float32), array([0.9500705, 0.9500705, 0.9500705], dtype=float32), array([0.9513865, 0.9513865, 0.9513865], dtype=float32), array([0.952754, 0.952754, 0.952754], dtype=float32), array([0.95389575, 0.95389575, 0.95389575], dtype=float32), array([0.95495534, 0.95495534, 0.95495534], dtype=float32), array([0.95654666, 0.95654666, 0.95654666], dtype=float32), array([0.95806956, 0.95806956, 0.95806956], dtype=float32), array([0.9599294, 0.9599294, 0.9599294], dtype=float32), array([0.96210414, 0.96210414, 0.96210414], dtype=float32)]","[array([[4.2625508e-01, 1.5663804e-01, 4.1710690e-01],
       [1.0070853e-04, 9.9977630e-01, 1.2293740e-04],
       [4.0955690e-01, 1.8775088e-01, 4.0269235e-01]], dtype=float32), array([[3.4470764e-01, 3.0774605e-01, 3.4754628e-01],
       [2.7961441e-04, 9.9956554e-01, 1.5475048e-04],
       [3.9323819e-01, 1.9271176e-01, 4.1405001e-01]], dtype=float32), array([[4.2624763e-01, 1.5700574e-01, 4.1674662e-01],
       [1.5044493e-04, 9.9966609e-01, 1.8350707e-04],
       [4.0947714e-01, 1.8816911e-01, 4.0235373e-01]], dtype=float32), array([[1.0031382e-01, 8.1338143e-01, 8.6304635e-02],
       [4.0749659e-05, 9.9993956e-01, 1.9706882e-05],
       [1.5493061e-01, 7.0614088e-01, 1.3892852e-01]], dtype=float32), array([[4.3332738e-01, 1.4766544e-01, 4.1900718e-01],
       [1.8588179e-04, 9.9957103e-01, 2.4304740e-04],
       [4.1035691e-01, 1.8909197e-01, 4.0055108e-01]], dtype=float32), array([[2.1522790e-01, 6.1738539e-01, 1.6738668e-01],
       [1.0106212e-03, 9.9879432e-01, 1.9504520e-04],
       [3.5761485e-01, 2.5456455e-01, 3.8782057e-01]], dtype=float32), array([[2.1698117e-01, 6.1404496e-01, 1.6897391e-01],
       [1.1334220e-03, 9.9864453e-01, 2.2204524e-04],
       [3.5752213e-01, 2.5452679e-01, 3.8795111e-01]], dtype=float32), array([[3.4791291e-01, 3.0053338e-01, 3.5155368e-01],
       [5.8729242e-04, 9.9906677e-01, 3.4602801e-04],
       [3.9159462e-01, 1.9723985e-01, 4.1116557e-01]], dtype=float32), array([[2.2018600e-01, 6.0796422e-01, 1.7184985e-01],
       [1.3986593e-03, 9.9831980e-01, 2.8141518e-04],
       [3.5735902e-01, 2.5437179e-01, 3.8826916e-01]], dtype=float32), array([[3.4832755e-01, 2.9960701e-01, 3.5206544e-01],
       [6.8621594e-04, 9.9890411e-01, 4.0962306e-04],
       [3.9106235e-01, 1.9865431e-01, 4.1028339e-01]], dtype=float32), array([[4.2462349e-01, 1.6098697e-01, 4.1438952e-01],
       [3.6043205e-04, 9.9919957e-01, 4.3997157e-04],
       [4.0722719e-01, 1.9311678e-01, 3.9965606e-01]], dtype=float32), array([[4.3106112e-01, 1.5215261e-01, 4.1678622e-01],
       [3.7902597e-04, 9.9913210e-01, 4.8898795e-04],
       [4.0867761e-01, 1.9247577e-01, 3.9884666e-01]], dtype=float32), array([[3.4495041e-01, 3.0690038e-01, 3.4814918e-01],
       [9.3229476e-04, 9.9853039e-01, 5.3737091e-04],
       [3.9016300e-01, 1.9824353e-01, 4.1159347e-01]], dtype=float32), array([[1.7910410e-01, 7.1983045e-01, 1.0106541e-01],
       [4.0225512e-03, 9.9556065e-01, 4.1679526e-04],
       [3.4829727e-01, 2.5703886e-01, 3.9466390e-01]], dtype=float32), array([[1.21999413e-01, 7.68892705e-01, 1.09107822e-01],
       [1.10720626e-04, 9.99825537e-01, 6.37173507e-05],
       [1.67391419e-01, 6.78847373e-01, 1.53761193e-01]], dtype=float32), array([[4.3218383e-01, 1.5046194e-01, 4.1735423e-01],
       [4.7337788e-04, 9.9891686e-01, 6.0983619e-04],
       [4.0994051e-01, 1.9039167e-01, 3.9966774e-01]], dtype=float32), array([[4.3264762e-01, 1.4969537e-01, 4.1765705e-01],
       [4.8252026e-04, 9.9889565e-01, 6.2185834e-04],
       [4.1041103e-01, 1.8957606e-01, 4.0001288e-01]], dtype=float32), array([[3.5376942e-01, 2.8731990e-01, 3.5891071e-01],
       [9.9310547e-04, 9.9839205e-01, 6.1487063e-04],
       [3.9284652e-01, 1.9471113e-01, 4.1244230e-01]], dtype=float32), array([[1.8067870e-01, 7.1606606e-01, 1.0325523e-01],
       [4.0014014e-03, 9.9557328e-01, 4.2534253e-04],
       [3.4854463e-01, 2.5693667e-01, 3.9451867e-01]], dtype=float32), array([[1.22343965e-01, 7.67846048e-01, 1.09810032e-01],
       [1.03121194e-04, 9.99836802e-01, 6.00835556e-05],
       [1.66810080e-01, 6.79613650e-01, 1.53576314e-01]], dtype=float32), array([[1.8814532e-01, 6.1417168e-01, 1.9768301e-01],
       [3.7170477e-05, 9.9990582e-01, 5.6931847e-05],
       [1.4649953e-01, 6.9713038e-01, 1.5637012e-01]], dtype=float32), array([[3.4562650e-01, 3.0523327e-01, 3.4914020e-01],
       [9.2378497e-04, 9.9855310e-01, 5.2319362e-04],
       [3.9154097e-01, 1.9386557e-01, 4.1459343e-01]], dtype=float32), array([[1.7796096e-01, 7.2061485e-01, 1.0142423e-01],
       [3.5795451e-03, 9.9604791e-01, 3.7246911e-04],
       [3.4862450e-01, 2.5773993e-01, 3.9363560e-01]], dtype=float32), array([[4.3412650e-01, 1.4687124e-01, 4.1900229e-01],
       [4.1670239e-04, 9.9904579e-01, 5.3753442e-04],
       [4.1211033e-01, 1.8634349e-01, 4.0154618e-01]], dtype=float32), array([[1.8017301e-01, 6.3208765e-01, 1.8773933e-01],
       [4.1785588e-05, 9.9989998e-01, 5.8149806e-05],
       [1.4842759e-01, 6.9543797e-01, 1.5613443e-01]], dtype=float32), array([[2.3284379e-01, 5.7862192e-01, 1.8853430e-01],
       [1.7823505e-03, 9.9780685e-01, 4.1090249e-04],
       [3.5828540e-01, 2.5350076e-01, 3.8821381e-01]], dtype=float32), array([[1.2342509e-01, 7.6539332e-01, 1.1118169e-01],
       [1.0572539e-04, 9.9983168e-01, 6.2598541e-05],
       [1.6670202e-01, 6.7948103e-01, 1.5381697e-01]], dtype=float32), array([[1.81347072e-01, 7.14542925e-01, 1.04109965e-01],
       [4.01554164e-03, 9.95553195e-01, 4.31234861e-04],
       [3.48616302e-01, 2.56952912e-01, 3.94430757e-01]], dtype=float32), array([[4.2558789e-01, 1.5824434e-01, 4.1616774e-01],
       [5.1709963e-04, 9.9886924e-01, 6.1364460e-04],
       [4.1094902e-01, 1.8543436e-01, 4.0361658e-01]], dtype=float32), array([[2.2683652e-01, 5.9501219e-01, 1.7815129e-01],
       [2.0653866e-03, 9.9749547e-01, 4.3914665e-04],
       [3.5718381e-01, 2.5365114e-01, 3.8916504e-01]], dtype=float32), array([[3.4731239e-01, 3.0128893e-01, 3.5139871e-01],
       [1.0704825e-03, 9.9831969e-01, 6.0985587e-04],
       [3.9228162e-01, 1.9161458e-01, 4.1610378e-01]], dtype=float32)]","[array([0.9123038, 0.9123038, 0.9123038], dtype=float32), array([nan, nan, nan], dtype=float32), array([0.9159875, 0.9159875, 0.9159875], dtype=float32), array([0.9182357, 0.9182357, 0.9182357], dtype=float32), array([0.9197534, 0.9197534, 0.9197534], dtype=float32), array([nan, nan, nan], dtype=float32), array([0.9243456, 0.9243456, 0.9243456], dtype=float32), array([0.92655516, 0.92655516, 0.92655516], dtype=float32), array([nan, nan, nan], dtype=float32), array([0.9315306, 0.9315306, 0.9315306], dtype=float32), array([nan, nan, nan], dtype=float32), array([nan, nan, nan], dtype=float32), array([0.937903, 0.937903, 0.937903], dtype=float32), array([0.9399973, 0.9399973, 0.9399973], dtype=float32), array([nan, nan, nan], dtype=float32), array([0.94358253, 0.94358253, 0.94358253], dtype=float32), array([nan, nan, nan], dtype=float32), array([nan, nan, nan], dtype=float32), array([0.947087, 0.947087, 0.947087], dtype=float32), array([0.94851637, 0.94851637, 0.94851637], dtype=float32), array([nan, nan, nan], dtype=float32), array([nan, nan, nan], dtype=float32), array([0.95007044, 0.95007044, 0.95007044], dtype=float32), array([0.9513866, 0.9513866, 0.9513866], dtype=float32), array([nan, nan, nan], dtype=float32), array([nan, nan, nan], dtype=float32), array([0.9549555, 0.9549555, 0.9549555], dtype=float32), array([nan, nan, nan], dtype=float32), array([0.95806944, 0.95806944, 0.95806944], dtype=float32), array([0.9599293, 0.9599293, 0.9599293], dtype=float32), array([nan, nan, nan], dtype=float32)]",1,0,0,0,0,0,13.219491525423729,20.099999999999994,0.0001541224891220333,0.0003421090464558978,9.97,9.97,2000,72000,72000,2000,0.3272588704404527,3.627251388138575e-08,0.4722185432910919,503072.875,1.0,0.0013802934991,36.0,1114884,0.20515884459018707,-1.0,0.3560805320739746,81158,0.007513243239372969,0.0,999.0,30969,0.007156853098422289,378.7005706483547,1.0,0.0393447157605,0.0,0.0013802934991,36.0,1114884,0.0,30969,23810,999.0,378.70031592637446,93000,0,3348000,61938,104968,2229768,1137.2405467785557,6444078.685289286,6788922.384372917,2.0,9.5,2,50,0.0015567466804350262,1800,10.04,36.0,0.14807795098845475,0.0002871435420031839,100,10.5,72100,4.5462125994599966e-05,1.0067001111073661,1.0067001111073661,2,9.880199669041113e-05,10.04,0.0003686200035140942,0.00016334976022950245,3600,10.04,3600,100,100,6.7189689065165334e-06,3.25572038401531e-05,1.9596341227138352e-05,7.349909352017293e-06,4.066421825453442e-05,2.7555884219215096e-05,0.00014115340110112143,4.509713205131757e-05,1.5305355372388512e-05,2.745308434600326e-05,2.0952409646854963e-05,0.05200384998798154,0.006544980955745875,0.05006177590832608,0.16472391195355482,0.03527458292494032,0.01764068024962433,0.00017314935696854844,-0.01420438289642334,108066,1.0,498.0,96.43634033203125,0.4722185730934143,1081.0,1116.0,-0.022347168996930122,3890376,0.20537854731082916,0.32790864,0.008313500322401524,7780752,651000,23436000,216132,11004.562880628586,498.0,108066,1081.0,1116.0,3890376,0.0,3.0011371473082368e-05,4.70894760465516e-05,0.0001512339687410151,2.2848076275610914e-05,2.9164339433741325e-05,1.6571156780459665e-05,3.407566359960715e-05,7.5642584548929455e-06,6.506871655159965e-06,2.005285109046852e-05,4.2388046088049346e-05
1,74000,False,37,cf747_00000,2025-08-18_00-12-39,1755475959,83.80540084838867,3111.3652708530426,760236,intrinsic-attention2,10.156.0.3,3111.3652708530426,37,86.25098509646419,1.5118874565483462e-05,86.25072919796881,2.5209928375601502,83.39270348282162,0.0019381149351164408,2.492268873499783,0.0002679699973668903,10.06,2,2000,10.5,2,74000,9.79108268966782e-05,1000,4.6734391751388724e-05,1.0067001111073661,1.0067001111073661,36.0,0.001528097620466724,2.0,37000,9.5,365.34706242274393,2000.0,3000.0,"[array([0.9644182, 0.9644182, 0.9644182], dtype=float32), array([0.9657652, 0.9657652, 0.9657652], dtype=float32), array([0.9674016, 0.9674016, 0.9674016], dtype=float32), array([0.96879274, 0.96879274, 0.96879274], dtype=float32), array([0.97039014, 0.97039014, 0.97039014], dtype=float32), array([0.9717361, 0.9717361, 0.9717361], dtype=float32), array([0.97322255, 0.97322255, 0.97322255], dtype=float32), array([0.9745874, 0.9745874, 0.9745874], dtype=float32), array([0.9753713, 0.9753713, 0.9753713], dtype=float32), array([0.97648406, 0.97648406, 0.97648406], dtype=float32), array([0.9778451, 0.9778451, 0.9778451], dtype=float32), array([0.9791803, 0.9791803, 0.9791803], dtype=float32), array([0.9797862, 0.9797862, 0.9797862], dtype=float32), array([0.9804174, 0.9804174, 0.9804174], dtype=float32), array([0.9810476, 0.9810476, 0.9810476], dtype=float32), array([0.9814529, 0.9814529, 0.9814529], dtype=float32), array([0.9816497, 0.9816497, 0.9816497], dtype=float32), array([0.9813909, 0.9813909, 0.9813909], dtype=float32), array([0.98078924, 0.98078924, 0.98078924], dtype=float32), array([0.980282, 0.980282, 0.980282], dtype=float32), array([0.9804679, 0.9804679, 0.9804679], dtype=float32), array([0.98066795, 0.98066795, 0.98066795], dtype=float32), array([0.980345, 0.980345, 0.980345], dtype=float32), array([0.9804181, 0.9804181, 0.9804181], dtype=float32), array([0.9804556, 0.9804556, 0.9804556], dtype=float32), array([0.98079956, 0.98079956, 0.98079956], dtype=float32), array([0.9813222, 0.9813222, 0.9813222], dtype=float32), array([0.98215604, 0.98215604, 0.98215604], dtype=float32), array([0.9835702, 0.9835702, 0.9835702], dtype=float32), array([0.98553485, 0.98553485, 0.98553485], dtype=float32), array([0.98724645, 0.98724645, 0.98724645], dtype=float32)]","[array([[1.23216778e-01, 7.65932202e-01, 1.10851064e-01],
       [1.10124944e-04, 9.99824941e-01, 6.49813956e-05],
       [1.66694418e-01, 6.79634273e-01, 1.53671369e-01]], dtype=float32), array([[1.7708679e-01, 7.2641617e-01, 9.6497089e-02],
       [4.5454893e-03, 9.9500680e-01, 4.4767337e-04],
       [3.4737283e-01, 2.5754189e-01, 3.9508533e-01]], dtype=float32), array([[3.4720728e-01, 3.0152380e-01, 3.5126898e-01],
       [1.1012946e-03, 9.9827051e-01, 6.2819570e-04],
       [3.9211467e-01, 1.9199336e-01, 4.1589195e-01]], dtype=float32), array([[2.2577026e-01, 5.9778702e-01, 1.7644280e-01],
       [2.0939421e-03, 9.9746656e-01, 4.3951877e-04],
       [3.5697997e-01, 2.5386274e-01, 3.8915730e-01]], dtype=float32), array([[4.2486674e-01, 1.5943050e-01, 4.1570279e-01],
       [5.0264684e-04, 9.9890220e-01, 5.9516396e-04],
       [4.1039062e-01, 1.8636294e-01, 4.0324649e-01]], dtype=float32), array([[2.3055765e-01, 5.8439833e-01, 1.8504401e-01],
       [1.8037934e-03, 9.9779093e-01, 4.0520087e-04],
       [3.5791093e-01, 2.5391743e-01, 3.8817164e-01]], dtype=float32), array([[3.4572122e-01, 3.0492756e-01, 3.4935117e-01],
       [9.8375697e-04, 9.9846315e-01, 5.5308029e-04],
       [3.9189106e-01, 1.9230920e-01, 4.1579971e-01]], dtype=float32), array([[1.1948095e-01, 7.7354121e-01, 1.0697786e-01],
       [9.7255623e-05, 9.9984646e-01, 5.6297489e-05],
       [1.6381560e-01, 6.8567622e-01, 1.5050820e-01]], dtype=float32), array([[3.5348526e-01, 2.8782207e-01, 3.5869265e-01],
       [9.1287249e-04, 9.9853230e-01, 5.5481284e-04],
       [3.9368314e-01, 1.9199280e-01, 4.1432402e-01]], dtype=float32), array([[2.2945207e-01, 5.8676153e-01, 1.8378648e-01],
       [1.7446707e-03, 9.9786621e-01, 3.8904315e-04],
       [3.5771200e-01, 2.5466299e-01, 3.8762507e-01]], dtype=float32), array([[4.2416742e-01, 1.6052176e-01, 4.1531083e-01],
       [4.8779225e-04, 9.9893659e-01, 5.7562755e-04],
       [4.0996966e-01, 1.8699032e-01, 4.0304002e-01]], dtype=float32), array([[4.3299362e-01, 1.4849171e-01, 4.1851470e-01],
       [4.7518965e-04, 9.9891889e-01, 6.0598500e-04],
       [4.1193312e-01, 1.8638596e-01, 4.0168089e-01]], dtype=float32), array([[1.80330500e-01, 7.17602015e-01, 1.02067485e-01],
       [4.24219016e-03, 9.95310366e-01, 4.47474216e-04],
       [3.48103702e-01, 2.58156329e-01, 3.93739969e-01]], dtype=float32), array([[1.7919981e-01, 6.3420480e-01, 1.8659545e-01],
       [5.1468171e-05, 9.9987793e-01, 7.0592672e-05],
       [1.4898145e-01, 6.9451493e-01, 1.5650366e-01]], dtype=float32), array([[3.5581380e-01, 2.8253543e-01, 3.6165076e-01],
       [1.1801518e-03, 9.9808633e-01, 7.3348603e-04],
       [3.9403391e-01, 1.9132471e-01, 4.1464147e-01]], dtype=float32), array([[1.8105833e-01, 7.2020102e-01, 9.8740652e-02],
       [5.4787016e-03, 9.9396306e-01, 5.5821368e-04],
       [3.4693408e-01, 2.5782642e-01, 3.9523953e-01]], dtype=float32), array([[1.8265529e-01, 6.2720001e-01, 1.9014478e-01],
       [6.6674380e-05, 9.9984217e-01, 9.1198192e-05],
       [1.5239044e-01, 6.8755347e-01, 1.6005613e-01]], dtype=float32), array([[3.5819530e-01, 2.7712569e-01, 3.6467895e-01],
       [1.4577523e-03, 9.9761862e-01, 9.2357775e-04],
       [3.9465132e-01, 1.9000691e-01, 4.1534176e-01]], dtype=float32), array([[0.35036778, 0.29407433, 0.35555798],
       [0.00170967, 0.9972887 , 0.00100161],
       [0.39257842, 0.19022132, 0.41720027]], dtype=float32), array([[4.3428430e-01, 1.4677322e-01, 4.1894251e-01],
       [8.6562731e-04, 9.9804085e-01, 1.0935590e-03],
       [4.1391930e-01, 1.8319735e-01, 4.0288335e-01]], dtype=float32), array([[0.3602891 , 0.27236512, 0.36734578],
       [0.00175732, 0.9971105 , 0.00113218],
       [0.3952191 , 0.18878977, 0.41599116]], dtype=float32), array([[1.3470210e-01, 7.4256545e-01, 1.2273242e-01],
       [2.0789946e-04, 9.9966109e-01, 1.3095746e-04],
       [1.7419250e-01, 6.6386771e-01, 1.6193977e-01]], dtype=float32), array([[1.9513272e-01, 6.9038540e-01, 1.1448186e-01],
       [6.8192165e-03, 9.9234724e-01, 8.3351776e-04],
       [3.4788769e-01, 2.5643331e-01, 3.9567903e-01]], dtype=float32), array([[0.36105263, 0.27063853, 0.36830887],
       [0.00191692, 0.99683833, 0.00124482],
       [0.39532232, 0.18863948, 0.4160381 ]], dtype=float32), array([[1.9690508e-01, 6.8706262e-01, 1.1603230e-01],
       [7.2141686e-03, 9.9188775e-01, 8.9805707e-04],
       [3.4783930e-01, 2.5639758e-01, 3.9576322e-01]], dtype=float32), array([[0.4240499 , 0.16053699, 0.41541302],
       [0.00114745, 0.99752825, 0.00132435],
       [0.41168022, 0.18362123, 0.40469852]], dtype=float32), array([[0.43440008, 0.14681211, 0.41878784],
       [0.00107208, 0.9975777 , 0.00135018],
       [0.4141998 , 0.18286991, 0.4029303 ]], dtype=float32), array([[0.35269514, 0.288607  , 0.35869783],
       [0.00227821, 0.9963561 , 0.0013657 ],
       [0.39283353, 0.18947357, 0.41769287]], dtype=float32), array([[2.4455073e-01, 5.5583370e-01, 1.9961551e-01],
       [3.8813667e-03, 9.9513394e-01, 9.8471052e-04],
       [3.5763150e-01, 2.5264481e-01, 3.8972372e-01]], dtype=float32), array([[0.42393154, 0.1606125 , 0.41545594],
       [0.0012461 , 0.9973219 , 0.00143207],
       [0.41193816, 0.1830192 , 0.40504268]], dtype=float32), array([[0.19475307, 0.69552743, 0.10971952],
       [0.0085093 , 0.99049395, 0.00099682],
       [0.34648088, 0.25729597, 0.39622322]], dtype=float32)]","[array([0.964418, 0.964418, 0.964418], dtype=float32), array([0.96576524, 0.96576524, 0.96576524], dtype=float32), array([0.9674016, 0.9674016, 0.9674016], dtype=float32), array([0.96879256, 0.96879256, 0.96879256], dtype=float32), array([0.9703899, 0.9703899, 0.9703899], dtype=float32), array([0.971736, 0.971736, 0.971736], dtype=float32), array([0.97322243, 0.97322243, 0.97322243], dtype=float32), array([0.97458744, 0.97458744, 0.97458744], dtype=float32), array([0.9753713, 0.9753713, 0.9753713], dtype=float32), array([0.97648394, 0.97648394, 0.97648394], dtype=float32), array([0.97784495, 0.97784495, 0.97784495], dtype=float32), array([0.97918016, 0.97918016, 0.97918016], dtype=float32), array([0.9797862, 0.9797862, 0.9797862], dtype=float32), array([0.9804174, 0.9804174, 0.9804174], dtype=float32), array([0.98104745, 0.98104745, 0.98104745], dtype=float32), array([0.98145276, 0.98145276, 0.98145276], dtype=float32), array([0.9816498, 0.9816498, 0.9816498], dtype=float32), array([nan, nan, nan], dtype=float32), array([0.98078936, 0.98078936, 0.98078936], dtype=float32), array([0.9802821, 0.9802821, 0.9802821], dtype=float32), array([0.9804679, 0.9804679, 0.9804679], dtype=float32), array([0.9806679, 0.9806679, 0.9806679], dtype=float32), array([0.9803451, 0.9803451, 0.9803451], dtype=float32), array([0.9804179, 0.9804179, 0.9804179], dtype=float32), array([0.98045546, 0.98045546, 0.98045546], dtype=float32), array([0.9807996, 0.9807996, 0.9807996], dtype=float32), array([0.98132205, 0.98132205, 0.98132205], dtype=float32), array([0.98215616, 0.98215616, 0.98215616], dtype=float32), array([0.9835703, 0.9835703, 0.9835703], dtype=float32), array([0.9855351, 0.9855351, 0.9855351], dtype=float32), array([0.98724633, 0.98724633, 0.98724633], dtype=float32)]",1,0,0,0,0,0,13.2125,20.1,0.00016196708416011389,0.0003615026369841461,10.06,10.06,2000,74000,74000,2000,0.32716300887599215,1.8136256940692874e-08,0.4722185432910919,493303.5,1.0,0.0013802934991,37.0,1145853,0.19444718956947327,-1.0,0.34827813506126404,81158,0.0026019513607025146,0.0,999.0,30969,-0.0006602805806323886,378.65288873259857,1.0,0.0393447157605,0.0,0.0013802934991,37.0,1145853,0.0,30969,23810,999.0,378.65263761156655,93000,0,3441000,61938,104968,2291706,1137.0972792528746,6442178.464166901,6788838.36056853,2.0,9.5,2,50,0.0015724788486841134,1850,10.04,37.0,0.1478904596585927,0.0002858016265241113,100,10.5,74100,4.531790051893481e-05,1.0067001111073661,1.0067001111073661,2,9.925721573653327e-05,10.04,0.00037072406752308376,0.0001652810461058883,3700,10.04,3700,100,100,7.025138661096155e-06,3.415334645445376e-05,2.0384300886136214e-05,7.626958376166364e-06,4.352568133880088e-05,2.906113774149145e-05,0.00014994467269163956,4.7190098964898885e-05,1.6171007454435908e-05,2.8967037974531437e-05,2.2267800289932463e-05,0.05201916865811241,0.006547515976281754,0.05003414801912889,0.16472331779400223,0.035207192435710945,0.017621235257117385,0.00017326137350716437,0.005731940269470215,108066,1.0,498.0,96.53072357177734,0.4722185730934143,1111.0,1147.0,-0.027574937790632248,3998442,0.21170836687088013,0.32176077,0.0026273445691913366,7996884,651000,24087000,216132,10975.29490070749,498.0,108066,1111.0,1147.0,3998442,0.0,2.9963613977482727e-05,4.709436344220459e-05,0.0001520950210143284,2.2683063472545846e-05,2.921014298545879e-05,1.666578223790069e-05,3.417734067378918e-05,7.631102059914612e-06,6.607681699019049e-06,2.013527028478575e-05,4.285689360099886e-05
1,76000,False,38,cf747_00000,2025-08-18_00-14-02,1755476042,82.62005853652954,3193.985329389572,760236,intrinsic-attention2,10.156.0.3,3193.985329389572,38,86.21321794306958,1.5078925753004593e-05,86.21296146273912,2.522697159154544,83.35339441614337,0.0019364490657386212,2.493968511234736,0.0002679699973668903,10.03,2,2000,10.5,2,76000,9.604392892960181e-05,1000,4.529225585938309e-05,1.0067001111073661,1.0067001111073661,37.0,0.001484376290027285,2.0,38000,9.5,354.0744762440674,2000.0,3000.0,"[array([0.98884004, 0.98884004, 0.98884004], dtype=float32), array([0.99024373, 0.99024373, 0.99024373], dtype=float32), array([0.9918737, 0.9918737, 0.9918737], dtype=float32), array([0.9934166, 0.9934166, 0.9934166], dtype=float32), array([0.99469197, 0.99469197, 0.99469197], dtype=float32), array([0.99555945, 0.99555945, 0.99555945], dtype=float32), array([0.99668705, 0.99668705, 0.99668705], dtype=float32), array([0.9978311, 0.9978311, 0.9978311], dtype=float32), array([0.99779105, 0.99779105, 0.99779105], dtype=float32), array([0.99754065, 0.99754065, 0.99754065], dtype=float32), array([0.9969033, 0.9969033, 0.9969033], dtype=float32), array([0.9963465, 0.9963465, 0.9963465], dtype=float32), array([0.99585044, 0.99585044, 0.99585044], dtype=float32), array([0.9958125, 0.9958125, 0.9958125], dtype=float32), array([0.9960758, 0.9960758, 0.9960758], dtype=float32), array([0.9963968, 0.9963968, 0.9963968], dtype=float32), array([0.9968835, 0.9968835, 0.9968835], dtype=float32), array([0.9967816, 0.9967816, 0.9967816], dtype=float32), array([0.9968461, 0.9968461, 0.9968461], dtype=float32), array([0.9970942, 0.9970942, 0.9970942], dtype=float32), array([0.9973585, 0.9973585, 0.9973585], dtype=float32), array([0.99752736, 0.99752736, 0.99752736], dtype=float32), array([0.9976722, 0.9976722, 0.9976722], dtype=float32), array([0.99717605, 0.99717605, 0.99717605], dtype=float32), array([0.9962884, 0.9962884, 0.9962884], dtype=float32), array([0.99588376, 0.99588376, 0.99588376], dtype=float32), array([0.99573123, 0.99573123, 0.99573123], dtype=float32), array([0.9956714, 0.9956714, 0.9956714], dtype=float32), array([0.9954212, 0.9954212, 0.9954212], dtype=float32), array([0.9951631, 0.9951631, 0.9951631], dtype=float32), array([0.99486846, 0.99486846, 0.99486846], dtype=float32)]","[array([[1.3320605e-01, 7.4843997e-01, 1.1835397e-01],
       [2.9016993e-04, 9.9954373e-01, 1.6611126e-04],
       [1.8064363e-01, 6.5394825e-01, 1.6540813e-01]], dtype=float32), array([[1.4053349e-01, 7.3048538e-01, 1.2898110e-01],
       [2.5859836e-04, 9.9957317e-01, 1.6824379e-04],
       [1.7796598e-01, 6.5574634e-01, 1.6628772e-01]], dtype=float32), array([[2.02257603e-01, 5.85039854e-01, 2.12702468e-01],
       [1.02111684e-04, 9.99739945e-01, 1.57857881e-04],
       [1.58149645e-01, 6.72468066e-01, 1.69382319e-01]], dtype=float32), array([[0.43533292, 0.14517312, 0.41949388],
       [0.00105889, 0.9976069 , 0.00133421],
       [0.4152094 , 0.18105045, 0.40374014]], dtype=float32), array([[1.89957157e-01, 6.12468123e-01, 1.97574809e-01],
       [1.03782324e-04, 9.99754965e-01, 1.41228229e-04],
       [1.59541726e-01, 6.73013985e-01, 1.67444319e-01]], dtype=float32), array([[4.3540385e-01, 1.4493017e-01, 4.1966596e-01],
       [9.6407230e-04, 9.9781966e-01, 1.2162204e-03],
       [4.1524002e-01, 1.8090758e-01, 4.0385243e-01]], dtype=float32), array([[0.3514405 , 0.2913621 , 0.3571974 ],
       [0.00205184, 0.99674785, 0.00120036],
       [0.39317244, 0.18761854, 0.41920897]], dtype=float32), array([[1.29381254e-01, 7.56120205e-01, 1.14498466e-01],
       [2.33099403e-04, 9.99636292e-01, 1.30652086e-04],
       [1.78100795e-01, 6.59222960e-01, 1.62676200e-01]], dtype=float32), array([[0.35142392, 0.29145098, 0.35712507],
       [0.00211097, 0.99664587, 0.00124311],
       [0.3928298 , 0.18878847, 0.41838172]], dtype=float32), array([[1.92935988e-01, 6.97857618e-01, 1.09206386e-01],
       [7.78975151e-03, 9.91298497e-01, 9.11694020e-04],
       [3.46605688e-01, 2.59226769e-01, 3.94167483e-01]], dtype=float32), array([[1.3928901e-01, 7.3293811e-01, 1.2777281e-01],
       [2.3099034e-04, 9.9961948e-01, 1.4949171e-04],
       [1.7710140e-01, 6.5746748e-01, 1.6543102e-01]], dtype=float32), array([[0.3620817 , 0.26827615, 0.3696421 ],
       [0.00199837, 0.9966993 , 0.00130239],
       [0.39588976, 0.18725829, 0.416852  ]], dtype=float32), array([[0.42318606, 0.16129358, 0.41552037],
       [0.00120403, 0.9974285 , 0.00136755],
       [0.412288  , 0.18177344, 0.4059385 ]], dtype=float32), array([[2.4653557e-01, 5.4957432e-01, 2.0389013e-01],
       [3.6542944e-03, 9.9537766e-01, 9.6795877e-04],
       [3.5751721e-01, 2.5525865e-01, 3.8722411e-01]], dtype=float32), array([[0.36391115, 0.2641078 , 0.37198105],
       [0.00229326, 0.9961933 , 0.00151342],
       [0.3965418 , 0.1858048 , 0.4176534 ]], dtype=float32), array([[0.43610954, 0.1440311 , 0.41985938],
       [0.00130445, 0.9970578 , 0.00163778],
       [0.41627684, 0.17929319, 0.40442994]], dtype=float32), array([[0.35471   , 0.28352642, 0.3617636 ],
       [0.00309527, 0.99504143, 0.00186341],
       [0.3936883 , 0.18575057, 0.42056113]], dtype=float32), array([[0.20728692, 0.66454405, 0.12816903],
       [0.00892641, 0.9897947 , 0.00127888],
       [0.34802505, 0.25852638, 0.39344856]], dtype=float32), array([[0.42294878, 0.16135176, 0.4156995 ],
       [0.00196081, 0.99584657, 0.0021927 ],
       [0.41336235, 0.17941849, 0.40721917]], dtype=float32), array([[0.4228585 , 0.16139875, 0.4157427 ],
       [0.00213409, 0.99548775, 0.00237814],
       [0.41357198, 0.17891715, 0.4075108 ]], dtype=float32), array([[0.21450713, 0.64919657, 0.13629635],
       [0.01062639, 0.98771274, 0.00166084],
       [0.34807885, 0.2591267 , 0.39279446]], dtype=float32), array([[0.20941222, 0.6660334 , 0.1245544 ],
       [0.01246716, 0.985781  , 0.00175175],
       [0.34622097, 0.26013267, 0.39364636]], dtype=float32), array([[2.2154883e-01, 5.4557741e-01, 2.3287369e-01],
       [2.3365853e-04, 9.9939525e-01, 3.7106688e-04],
       [1.7253479e-01, 6.4192337e-01, 1.8554185e-01]], dtype=float32), array([[0.21392137, 0.6568279 , 0.12925075],
       [0.01403552, 0.9838837 , 0.00208084],
       [0.34613788, 0.26078248, 0.39307964]], dtype=float32), array([[0.25329456, 0.5397344 , 0.206971  ],
       [0.00816207, 0.9895706 , 0.00226733],
       [0.3553286 , 0.25740418, 0.38726723]], dtype=float32), array([[0.37327224, 0.2432875 , 0.38344032],
       [0.00686857, 0.9881037 , 0.00502783],
       [0.39780805, 0.18476067, 0.41743127]], dtype=float32), array([[0.43666017, 0.14569871, 0.41764113],
       [0.00579281, 0.9870717 , 0.0071355 ],
       [0.41735622, 0.17934726, 0.40329653]], dtype=float32), array([[0.18931335, 0.62915236, 0.18153423],
       [0.00171287, 0.9969158 , 0.00137127],
       [0.21099064, 0.5854089 , 0.2036005 ]], dtype=float32), array([[0.2443764 , 0.50007707, 0.25554654],
       [0.0010906 , 0.9972402 , 0.00166916],
       [0.19739969, 0.5912114 , 0.21138898]], dtype=float32), array([[0.18855019, 0.635586  , 0.1758638 ],
       [0.00280186, 0.9951971 , 0.00200104],
       [0.22083814, 0.57000625, 0.20915556]], dtype=float32), array([[0.37743384, 0.23491338, 0.38765284],
       [0.01654192, 0.97030705, 0.01315103],
       [0.39623246, 0.19089238, 0.41287515]], dtype=float32)]","[array([0.98883986, 0.98883986, 0.98883986], dtype=float32), array([0.9902437, 0.9902437, 0.9902437], dtype=float32), array([nan, nan, nan], dtype=float32), array([nan, nan, nan], dtype=float32), array([0.9946919, 0.9946919, 0.9946919], dtype=float32), array([nan, nan, nan], dtype=float32), array([nan, nan, nan], dtype=float32), array([0.9978309, 0.9978309, 0.9978309], dtype=float32), array([0.9977908, 0.9977908, 0.9977908], dtype=float32), array([nan, nan, nan], dtype=float32), array([0.99690324, 0.99690324, 0.99690324], dtype=float32), array([0.99634665, 0.99634665, 0.99634665], dtype=float32), array([0.9958503, 0.9958503, 0.9958503], dtype=float32), array([0.9958125, 0.9958125, 0.9958125], dtype=float32), array([0.996076, 0.996076, 0.996076], dtype=float32), array([0.9963967, 0.9963967, 0.9963967], dtype=float32), array([nan, nan, nan], dtype=float32), array([0.99678177, 0.99678177, 0.99678177], dtype=float32), array([0.9968461, 0.9968461, 0.9968461], dtype=float32), array([0.99709433, 0.99709433, 0.99709433], dtype=float32), array([0.99735874, 0.99735874, 0.99735874], dtype=float32), array([0.9975275, 0.9975275, 0.9975275], dtype=float32), array([0.99767226, 0.99767226, 0.99767226], dtype=float32), array([0.997176, 0.997176, 0.997176], dtype=float32), array([0.9962884, 0.9962884, 0.9962884], dtype=float32), array([0.99588346, 0.99588346, 0.99588346], dtype=float32), array([nan, nan, nan], dtype=float32), array([0.99567145, 0.99567145, 0.99567145], dtype=float32), array([0.995421, 0.995421, 0.995421], dtype=float32), array([0.9951634, 0.9951634, 0.9951634], dtype=float32), array([0.9948687, 0.9948687, 0.9948687], dtype=float32)]",1,0,0,0,0,0,13.242372881355935,20.099999999999994,0.00015707145385996884,0.00035117962029094997,10.03,10.03,2000,76000,76000,2000,0.32701537979723316,9.068128470346437e-09,0.4722185432910919,480824.6875,1.0,0.0013802934991,38.0,1176822,0.19771188497543335,-1.0,0.34818461537361145,81158,0.0026205771137028933,0.0,999.0,30969,-0.0007493130979128182,378.81500898845985,1.0,0.0393447157605,0.0,0.0013802934991,38.0,1176822,0.0,30969,23810,999.0,378.81476303074624,93000,0,3534000,61938,104968,2353644,1137.5840533084124,6440566.439558146,6788892.573973704,2.0,9.5,2,50,0.0015909869094321038,1900,10.04,38.0,0.14772451694203714,0.0002844997903271619,100,10.5,76100,4.622668439227848e-05,1.0067001111073661,1.0067001111073661,2,0.00010108566971551968,10.04,0.0003777446151254184,0.00016723195147221203,3800,10.04,3800,100,100,6.848111986555767e-06,3.319071926516848e-05,2.002761024099629e-05,7.382523409172166e-06,4.200924646719684e-05,2.8287613295848885e-05,0.00014549731374810098,4.588575493387604e-05,1.5991796280186313e-05,2.8025031747343656e-05,2.164476186762973e-05,0.05202629652155075,0.006546213616421672,0.049980879578914714,0.16471949669607355,0.0351440173813965,0.01758760870460465,0.00017328827986367484,-0.05975937843322754,108066,1.0,498.0,96.5069580078125,0.4722185730934143,1141.0,1178.0,-0.0011624256148934364,4106508,0.19364018738269806,0.34817368,0.0024743431713432074,8213016,651000,24738000,216132,10954.426216512597,498.0,108066,1141.0,1178.0,4106508,0.0,3.020791479166632e-05,4.857182372390673e-05,0.00015560102749937558,2.2842273916282515e-05,2.9822988385526734e-05,1.6732791570377352e-05,3.46732942277845e-05,7.730589477327382e-06,6.676393630991931e-06,2.0520590051881717e-05,4.361292393500463e-05
1,78000,False,39,cf747_00000,2025-08-18_00-15-24,1755476124,82.68668603897095,3276.672015428543,760236,intrinsic-attention2,10.156.0.3,3276.672015428543,39,86.17651146534892,1.503684643266891e-05,86.1762542313518,2.5224834620130285,83.31499386994196,0.001935799445029106,2.49374906741244,0.0002679699973668903,9.95,2,2000,10.5,2,78000,9.666109977794767e-05,1000,4.553342119805439e-05,1.0067001111073661,1.0067001111073661,38.0,0.001485667341039516,2.0,39000,9.5,343.07641131397924,2000.0,3000.0,"[array([0.9945796, 0.9945796, 0.9945796], dtype=float32), array([0.99431115, 0.99431115, 0.99431115], dtype=float32), array([0.9943494, 0.9943494, 0.9943494], dtype=float32), array([0.9942617, 0.9942617, 0.9942617], dtype=float32), array([0.9942439, 0.9942439, 0.9942439], dtype=float32), array([0.9940271, 0.9940271, 0.9940271], dtype=float32), array([0.99337184, 0.99337184, 0.99337184], dtype=float32), array([0.9925968, 0.9925968, 0.9925968], dtype=float32), array([0.9920328, 0.9920328, 0.9920328], dtype=float32), array([0.99147606, 0.99147606, 0.99147606], dtype=float32), array([0.99075335, 0.99075335, 0.99075335], dtype=float32), array([0.99023545, 0.99023545, 0.99023545], dtype=float32), array([0.98955894, 0.98955894, 0.98955894], dtype=float32), array([0.9891893, 0.9891893, 0.9891893], dtype=float32), array([0.98882985, 0.98882985, 0.98882985], dtype=float32), array([0.988323, 0.988323, 0.988323], dtype=float32), array([0.9880029, 0.9880029, 0.9880029], dtype=float32), array([0.9876716, 0.9876716, 0.9876716], dtype=float32), array([0.98771745, 0.98771745, 0.98771745], dtype=float32), array([0.98786616, 0.98786616, 0.98786616], dtype=float32), array([0.98783606, 0.98783606, 0.98783606], dtype=float32), array([0.98802453, 0.98802453, 0.98802453], dtype=float32), array([0.9880838, 0.9880838, 0.9880838], dtype=float32), array([0.98834157, 0.98834157, 0.98834157], dtype=float32), array([0.9887211, 0.9887211, 0.9887211], dtype=float32), array([0.98895824, 0.98895824, 0.98895824], dtype=float32), array([0.9894773, 0.9894773, 0.9894773], dtype=float32), array([0.9894979, 0.9894979, 0.9894979], dtype=float32), array([0.98980045, 0.98980045, 0.98980045], dtype=float32), array([0.99053884, 0.99053884, 0.99053884], dtype=float32), array([0.99191296, 0.99191296, 0.99191296], dtype=float32)]","[array([[0.37769556, 0.23449412, 0.38781035],
       [0.01819246, 0.9672122 , 0.01459537],
       [0.39587837, 0.19204277, 0.41207892]], dtype=float32), array([[0.24158855, 0.50841796, 0.24999343],
       [0.00230497, 0.99464864, 0.00304631],
       [0.21122365, 0.56773245, 0.22104388]], dtype=float32), array([[0.19523597, 0.62161946, 0.18314463],
       [0.0035511 , 0.9938471 , 0.00260184],
       [0.22533707, 0.5603782 , 0.21428473]], dtype=float32), array([[0.42113748, 0.16818248, 0.41068006],
       [0.01099489, 0.97657233, 0.01243276],
       [0.4094653 , 0.18961425, 0.40092042]], dtype=float32), array([[0.42125452, 0.16802506, 0.41072044],
       [0.00978113, 0.97911423, 0.0111047 ],
       [0.40924087, 0.19007477, 0.4006844 ]], dtype=float32), array([[0.2453748 , 0.49859563, 0.25602955],
       [0.00117803, 0.9970573 , 0.00176469],
       [0.2006616 , 0.58537483, 0.21396357]], dtype=float32), array([[0.18587843, 0.6409448 , 0.17317681],
       [0.0022987 , 0.99607676, 0.00162446],
       [0.2192005 , 0.57332456, 0.20747495]], dtype=float32), array([[0.27198246, 0.49847206, 0.22954543],
       [0.01907731, 0.9745816 , 0.00634111],
       [0.35493883, 0.25619677, 0.3888644 ]], dtype=float32), array([[0.37216312, 0.24678884, 0.38104805],
       [0.01113631, 0.9802526 , 0.0086111 ],
       [0.39349705, 0.19706264, 0.4094403 ]], dtype=float32), array([[0.4316434 , 0.15546866, 0.41288793],
       [0.00692104, 0.98449206, 0.00858688],
       [0.41074452, 0.19188754, 0.39736795]], dtype=float32), array([[0.4211895 , 0.16866773, 0.41014272],
       [0.0073447 , 0.98418784, 0.00846738],
       [0.40772054, 0.1933011 , 0.39897835]], dtype=float32), array([[0.2770181 , 0.48220727, 0.24077462],
       [0.0168964 , 0.9770498 , 0.00605371],
       [0.35648847, 0.25579745, 0.38771412]], dtype=float32), array([[0.37129116, 0.2488094 , 0.3798995 ],
       [0.01073542, 0.9809747 , 0.00828983],
       [0.39284334, 0.19867554, 0.4084811 ]], dtype=float32), array([[0.3627003 , 0.26623175, 0.37106797],
       [0.01068279, 0.9816636 , 0.00765362],
       [0.38996354, 0.20045297, 0.4095835 ]], dtype=float32), array([[0.3622148 , 0.2674676 , 0.3703176 ],
       [0.01027979, 0.9823496 , 0.00737067],
       [0.38955244, 0.2017371 , 0.4087105 ]], dtype=float32), array([[0.24252437, 0.59289044, 0.16458514],
       [0.02591261, 0.9686989 , 0.00538846],
       [0.34691277, 0.2598708 , 0.3932164 ]], dtype=float32), array([[0.4209574 , 0.16998295, 0.40905967],
       [0.00603095, 0.98688334, 0.00708566],
       [0.4055473 , 0.19799516, 0.39645752]], dtype=float32), array([[0.42863128, 0.1602494 , 0.4111194 ],
       [0.00520062, 0.988303  , 0.00649639],
       [0.40702453, 0.19818276, 0.39479265]], dtype=float32), array([[0.18278392, 0.64478415, 0.17243192],
       [0.00149423, 0.9973997 , 0.00110609],
       [0.21177389, 0.5861931 , 0.20203309]], dtype=float32), array([[0.42846316, 0.16045669, 0.41108015],
       [0.00489471, 0.9889826 , 0.00612271],
       [0.40675572, 0.1986011 , 0.39464316]], dtype=float32), array([[0.35987216, 0.27299345, 0.3671344 ],
       [0.00839366, 0.98565936, 0.00594685],
       [0.38846204, 0.20464994, 0.40688807]], dtype=float32), array([[0.42860442, 0.16016541, 0.41123015],
       [0.00466664, 0.9894881 , 0.0058453 ],
       [0.40681383, 0.19846427, 0.39472187]], dtype=float32), array([[0.3670662 , 0.25820193, 0.3747319 ],
       [0.00816683, 0.98567075, 0.00616245],
       [0.39076275, 0.20316613, 0.4060711 ]], dtype=float32), array([[0.24075073, 0.5951206 , 0.16412869],
       [0.02368338, 0.9714003 , 0.00491629],
       [0.34716344, 0.26130533, 0.39153123]], dtype=float32), array([[2.3250048e-01, 5.2660495e-01, 2.4089466e-01],
       [9.8604709e-04, 9.9768269e-01, 1.3312664e-03],
       [2.0002195e-01, 5.9034085e-01, 2.0963722e-01]], dtype=float32), array([[0.36955607, 0.25275743, 0.3776865 ],
       [0.01013775, 0.98206115, 0.00780112],
       [0.39158455, 0.20165706, 0.4067584 ]], dtype=float32), array([[0.36297742, 0.26577362, 0.37124896],
       [0.01148256, 0.9801916 , 0.00832584],
       [0.38946524, 0.20216453, 0.40837023]], dtype=float32), array([[0.23552787, 0.5204914 , 0.24398068],
       [0.001265  , 0.99703324, 0.00170174],
       [0.20334023, 0.58355993, 0.21309984]], dtype=float32), array([[0.2791281 , 0.47797105, 0.2429009 ],
       [0.01957549, 0.9732921 , 0.00713242],
       [0.35628211, 0.25544095, 0.38827693]], dtype=float32), array([[0.2451565 , 0.49934936, 0.2554941 ],
       [0.00124991, 0.9969078 , 0.00184225],
       [0.20226468, 0.5826569 , 0.21507849]], dtype=float32), array([[0.19004776, 0.63216156, 0.17779069],
       [0.00264357, 0.99545395, 0.00190243],
       [0.22182697, 0.5676108 , 0.21056218]], dtype=float32)]","[array([nan, nan, nan], dtype=float32), array([nan, nan, nan], dtype=float32), array([nan, nan, nan], dtype=float32), array([nan, nan, nan], dtype=float32), array([nan, nan, nan], dtype=float32), array([nan, nan, nan], dtype=float32), array([nan, nan, nan], dtype=float32), array([nan, nan, nan], dtype=float32), array([nan, nan, nan], dtype=float32), array([nan, nan, nan], dtype=float32), array([nan, nan, nan], dtype=float32), array([nan, nan, nan], dtype=float32), array([nan, nan, nan], dtype=float32), array([nan, nan, nan], dtype=float32), array([nan, nan, nan], dtype=float32), array([nan, nan, nan], dtype=float32), array([nan, nan, nan], dtype=float32), array([nan, nan, nan], dtype=float32), array([nan, nan, nan], dtype=float32), array([nan, nan, nan], dtype=float32), array([nan, nan, nan], dtype=float32), array([nan, nan, nan], dtype=float32), array([nan, nan, nan], dtype=float32), array([nan, nan, nan], dtype=float32), array([nan, nan, nan], dtype=float32), array([nan, nan, nan], dtype=float32), array([nan, nan, nan], dtype=float32), array([nan, nan, nan], dtype=float32), array([nan, nan, nan], dtype=float32), array([nan, nan, nan], dtype=float32), array([nan, nan, nan], dtype=float32)]",1,0,0,0,0,0,13.214406779661017,20.099999999999994,0.00015595382270472595,0.00035163531784529944,9.95,9.95,2000,78000,78000,2000,0.3289406929692962,4.5340642351732185e-09,0.4722185432910919,480462.90625,1.0,0.0013802934991,39.0,1207791,0.18874883651733398,-1.0,0.347887247800827,81158,0.0044378843158483505,0.0,999.0,30969,-0.0010590768652036786,379.0683506915432,1.0,0.0393447157605,0.0,0.0013802934991,39.0,1207791,0.0,30969,23810,999.0,379.0681095217843,93000,0,3627000,61938,104968,2415582,1138.3447667522216,6439717.85698254,6788422.5200788835,2.0,9.5,2,50,0.0015913617397018242,1950,10.04,39.0,0.14754098363252424,0.000283216242468282,100,10.5,78100,4.595625258755167e-05,1.0067001111073661,1.0067001111073661,2,9.942634573202026e-05,10.04,0.0003721780041034037,0.00016445165441558314,3900,10.04,3900,100,100,6.779284204700215e-06,3.2946291392274905e-05,1.9908685302779713e-05,7.444869716047185e-06,4.093680548266398e-05,2.85680318100156e-05,0.0001456480425449258,4.640753658783112e-05,1.5882913615574834e-05,2.8183965995169968e-05,2.1575482418477174e-05,0.052032532176355235,0.006545401440370912,0.0499525042932272,0.1647042089090936,0.03507882384760817,0.01961583575751532,0.00017326477707750931,-0.07128894329071045,108066,1.0,498.0,96.22197723388672,0.4722185730934143,1171.0,1209.0,0.0013646045699715614,4214574,0.21385443210601807,0.35114446,0.005416905507445335,8429148,651000,25389000,216132,10937.20959791161,498.0,108066,1171.0,1209.0,4214574,0.0,2.9831243161202375e-05,4.7253568304932705e-05,0.00015359157166668693,2.2663742507465604e-05,2.9496632769065745e-05,1.666005467047896e-05,3.414933145758044e-05,7.775271570848118e-06,6.5918965719059135e-06,2.0155802387578692e-05,4.2561437693394286e-05
1,80000,False,40,cf747_00000,2025-08-18_00-16-46,1755476206,81.48082637786865,3358.1528418064117,760236,intrinsic-attention2,10.156.0.3,3358.1528418064117,40,86.12815480423532,1.4996447955876206e-05,86.12789711748835,2.5221670599929573,83.26717483135252,0.001932788410470777,2.49343126934831,0.0002679699973668903,9.7,2,2000,10.5,2,80000,9.966116805271216e-05,1000,4.6131275839720886e-05,1.0067001111073661,1.0067001111073661,39.0,0.0015094425105780828,2.0,40000,-9.5,332.35341489590616,2000.0,3000.0,"[array([0.9933683, 0.9933683, 0.9933683], dtype=float32), array([0.9932897, 0.9932897, 0.9932897], dtype=float32), array([0.9930088, 0.9930088, 0.9930088], dtype=float32), array([0.99286056, 0.99286056, 0.99286056], dtype=float32), array([0.9928209, 0.9928209, 0.9928209], dtype=float32), array([0.9927728, 0.9927728, 0.9927728], dtype=float32), array([0.9927253, 0.9927253, 0.9927253], dtype=float32), array([0.9927149, 0.9927149, 0.9927149], dtype=float32), array([0.99270934, 0.99270934, 0.99270934], dtype=float32), array([0.9919022, 0.9919022, 0.9919022], dtype=float32), array([0.99163073, 0.99163073, 0.99163073], dtype=float32), array([0.9914122, 0.9914122, 0.9914122], dtype=float32), array([0.9911421, 0.9911421, 0.9911421], dtype=float32), array([0.99094373, 0.99094373, 0.99094373], dtype=float32), array([0.9908083, 0.9908083, 0.9908083], dtype=float32), array([0.99085444, 0.99085444, 0.99085444], dtype=float32), array([0.9909727, 0.9909727, 0.9909727], dtype=float32), array([0.9908493, 0.9908493, 0.9908493], dtype=float32), array([0.9906414, 0.9906414, 0.9906414], dtype=float32), array([0.9900914, 0.9900914, 0.9900914], dtype=float32), array([0.9894543, 0.9894543, 0.9894543], dtype=float32), array([0.98866755, 0.98866755, 0.98866755], dtype=float32), array([0.9880636, 0.9880636, 0.9880636], dtype=float32), array([0.98743933, 0.98743933, 0.98743933], dtype=float32), array([0.9867723, 0.9867723, 0.9867723], dtype=float32), array([0.9863033, 0.9863033, 0.9863033], dtype=float32), array([0.9859857, 0.9859857, 0.9859857], dtype=float32), array([0.9859153, 0.9859153, 0.9859153], dtype=float32), array([0.9858121, 0.9858121, 0.9858121], dtype=float32), array([0.98594457, 0.98594457, 0.98594457], dtype=float32), array([0.9861004, 0.9861004, 0.9861004], dtype=float32)]","[array([[0.37251243, 0.24634957, 0.381138  ],
       [0.01305544, 0.97666305, 0.01028148],
       [0.3926023 , 0.19984189, 0.40755582]], dtype=float32), array([[0.19585744, 0.61693704, 0.18720551],
       [0.00238268, 0.9957386 , 0.0018787 ],
       [0.2192243 , 0.5696414 , 0.21113425]], dtype=float32), array([[0.24516505, 0.49932513, 0.25550988],
       [0.00122127, 0.99697566, 0.00180301],
       [0.20207739, 0.5830139 , 0.21490869]], dtype=float32), array([[0.27490935, 0.49179134, 0.2332993 ],
       [0.02139728, 0.9713117 , 0.00729101],
       [0.3550944 , 0.25505877, 0.3898468 ]], dtype=float32), array([[0.43126446, 0.1568184 , 0.41191706],
       [0.00794279, 0.9821739 , 0.00988327],
       [0.40977216, 0.1941141 , 0.3961138 ]], dtype=float32), array([[0.37252146, 0.24636842, 0.38111007],
       [0.01258283, 0.9775187 , 0.00989844],
       [0.3926928 , 0.19969916, 0.40760806]], dtype=float32), array([[0.36495414, 0.26130652, 0.3737394 ],
       [0.01276716, 0.9778585 , 0.00937425],
       [0.39032272, 0.2003768 , 0.4093005 ]], dtype=float32), array([[0.37185937, 0.24777555, 0.38036504],
       [0.01131213, 0.9798651 , 0.00882286],
       [0.39269438, 0.19951598, 0.40778965]], dtype=float32), array([[0.4225323 , 0.16730258, 0.41016504],
       [0.00716625, 0.9844422 , 0.00839154],
       [0.4074617 , 0.19461699, 0.39792132]], dtype=float32), array([[0.42264464, 0.16704674, 0.4103086 ],
       [0.0069361 , 0.98493934, 0.00812454],
       [0.4075763 , 0.19436559, 0.39805812]], dtype=float32), array([[2.4159333e-01, 5.0642353e-01, 2.5198305e-01],
       [8.9646369e-04, 9.9776745e-01, 1.3361366e-03],
       [1.9763456e-01, 5.9200245e-01, 2.1036293e-01]], dtype=float32), array([[0.3638031 , 0.2638353 , 0.3723615 ],
       [0.01031328, 0.9822704 , 0.00741623],
       [0.3906977 , 0.1990653 , 0.41023698]], dtype=float32), array([[0.27696785, 0.48190728, 0.24112484],
       [0.01579271, 0.97858363, 0.00562367],
       [0.35707724, 0.25412455, 0.38879815]], dtype=float32), array([[0.24138187, 0.59954333, 0.1590747 ],
       [0.02827939, 0.96611583, 0.00560473],
       [0.3460161 , 0.25846428, 0.3955196 ]], dtype=float32), array([[0.3641323 , 0.26305133, 0.37281638],
       [0.01049298, 0.9819557 , 0.00755133],
       [0.3909118 , 0.19849451, 0.41059378]], dtype=float32), array([[0.43290472, 0.15368722, 0.41340798],
       [0.0057944 , 0.9869228 , 0.00728278],
       [0.41085374, 0.19197068, 0.3971756 ]], dtype=float32), array([[0.3637265 , 0.26400462, 0.37226886],
       [0.00974712, 0.98327523, 0.00697766],
       [0.39092806, 0.19846551, 0.41060638]], dtype=float32), array([[2.4035023e-01, 5.0883669e-01, 2.5081316e-01],
       [7.5873901e-04, 9.9810022e-01, 1.1410255e-03],
       [1.9545208e-01, 5.9630895e-01, 2.0823897e-01]], dtype=float32), array([[0.42353985, 0.16519473, 0.41126543],
       [0.00551039, 0.98800963, 0.00647998],
       [0.4082972 , 0.19285983, 0.398843  ]], dtype=float32), array([[0.18524219, 0.63879895, 0.1759588 ],
       [0.00140907, 0.99751794, 0.00107291],
       [0.21173185, 0.5852915 , 0.20297666]], dtype=float32), array([[0.3625742 , 0.26668832, 0.37073755],
       [0.00822236, 0.985966  , 0.00581164],
       [0.39082426, 0.19871056, 0.41046518]], dtype=float32), array([[2.2831348e-01, 5.3478950e-01, 2.3689704e-01],
       [6.3867582e-04, 9.9848276e-01, 8.7856717e-04],
       [1.9395778e-01, 6.0231668e-01, 2.0372553e-01]], dtype=float32), array([[1.7252855e-01, 6.6798872e-01, 1.5948273e-01],
       [1.1471119e-03, 9.9807870e-01, 7.7422633e-04],
       [2.0971511e-01, 5.9285355e-01, 1.9743130e-01]], dtype=float32), array([[0.42391697, 0.16428855, 0.4117945 ],
       [0.00364703, 0.99202335, 0.00432967],
       [0.40799338, 0.19323952, 0.39876705]], dtype=float32), array([[0.36683974, 0.25866702, 0.37449327],
       [0.00515944, 0.99105924, 0.00378134],
       [0.3925761 , 0.19873059, 0.40869328]], dtype=float32), array([[0.42406526, 0.16386417, 0.41207057],
       [0.00299784, 0.99343055, 0.00357159],
       [0.40791726, 0.19325812, 0.39882463]], dtype=float32), array([[0.2596106 , 0.5223392 , 0.2180501 ],
       [0.0078633 , 0.9897838 , 0.00235288],
       [0.3567064 , 0.2556827 , 0.38761088]], dtype=float32), array([[2.1937691e-01, 5.5273968e-01, 2.2788335e-01],
       [3.1321426e-04, 9.9925023e-01, 4.3660167e-04],
       [1.8407804e-01, 6.2237710e-01, 1.9354483e-01]], dtype=float32), array([[0.42420647, 0.1631136 , 0.41267994],
       [0.00220233, 0.995171  , 0.00262667],
       [0.40816814, 0.1924157 , 0.39941618]], dtype=float32), array([[0.2619329 , 0.5123999 , 0.22566706],
       [0.00548252, 0.99278957, 0.00172792],
       [0.358068  , 0.25624135, 0.38569066]], dtype=float32), array([[0.43411455, 0.14996974, 0.41591573],
       [0.00170989, 0.9960801 , 0.00220999],
       [0.41055253, 0.19133237, 0.39811504]], dtype=float32)]","[array([0.9933682, 0.9933682, 0.9933682], dtype=float32), array([0.99328965, 0.99328965, 0.99328965], dtype=float32), array([0.9930089, 0.9930089, 0.9930089], dtype=float32), array([0.99286044, 0.99286044, 0.99286044], dtype=float32), array([0.9928208, 0.9928208, 0.9928208], dtype=float32), array([nan, nan, nan], dtype=float32), array([0.9927253, 0.9927253, 0.9927253], dtype=float32), array([0.99271506, 0.99271506, 0.99271506], dtype=float32), array([nan, nan, nan], dtype=float32), array([0.99190205, 0.99190205, 0.99190205], dtype=float32), array([0.99163073, 0.99163073, 0.99163073], dtype=float32), array([0.99141216, 0.99141216, 0.99141216], dtype=float32), array([0.99114186, 0.99114186, 0.99114186], dtype=float32), array([0.9909438, 0.9909438, 0.9909438], dtype=float32), array([0.99080825, 0.99080825, 0.99080825], dtype=float32), array([0.99085456, 0.99085456, 0.99085456], dtype=float32), array([0.99097276, 0.99097276, 0.99097276], dtype=float32), array([0.99084914, 0.99084914, 0.99084914], dtype=float32), array([0.9906412, 0.9906412, 0.9906412], dtype=float32), array([0.9900914, 0.9900914, 0.9900914], dtype=float32), array([0.9894543, 0.9894543, 0.9894543], dtype=float32), array([0.98866767, 0.98866767, 0.98866767], dtype=float32), array([0.98806345, 0.98806345, 0.98806345], dtype=float32), array([0.98743945, 0.98743945, 0.98743945], dtype=float32), array([0.9867721, 0.9867721, 0.9867721], dtype=float32), array([0.9863033, 0.9863033, 0.9863033], dtype=float32), array([0.98598564, 0.98598564, 0.98598564], dtype=float32), array([0.98591536, 0.98591536, 0.98591536], dtype=float32), array([0.9858121, 0.9858121, 0.9858121], dtype=float32), array([0.98594445, 0.98594445, 0.98594445], dtype=float32), array([0.9861006, 0.9861006, 0.9861006], dtype=float32)]",1,0,0,0,0,0,13.242735042735044,20.099999999999994,0.0001591032863936276,0.00035804755530422893,9.7,9.7,2000,80000,80000,2000,0.32873823588957013,2.2670321175866093e-09,0.4722185432910919,481999.28125,1.0,0.0013802934991,40.0,1238760,0.199691042304039,-1.0,0.346389502286911,81158,0.0022594460751861334,0.0,999.0,30969,-0.0025416880380362272,379.5644567409417,1.0,0.0393447157605,0.0,0.0013802934991,40.0,1238760,0.0,30969,23810,999.0,379.56421982175027,93000,0,3720000,61938,104968,2477520,1139.8345096389016,6443644.878743233,6792949.92849595,2.0,9.5,2,50,0.0015571112690668087,2000,10.04,40.0,0.1473276661462789,0.0002819374101192934,100,10.5,80100,4.4683657331501194e-05,1.0067001111073661,1.0067001111073661,2,9.725267526595528e-05,10.04,0.00036610762092027663,0.0001618029487281519,4000,10.04,4000,100,100,6.959538693274533e-06,3.3319364442803935e-05,2.0367152195341423e-05,7.579703079268209e-06,4.2361743777966506e-05,2.8684219356025347e-05,0.00014847403804782336,4.711740107434523e-05,1.591801976365422e-05,2.859586218038521e-05,2.201986115427756e-05,0.052015201814561915,0.006542236716039133,0.04990606341025753,0.16469009435990656,0.035006743299145195,0.01956609755995761,0.00017324569925215717,0.01200258731842041,108066,1.0,498.0,96.48175048828125,0.4722185730934143,1201.0,1240.0,-0.021468717604875565,4322640,0.2054143249988556,0.32781547,0.002251678379252553,8645280,651000,26040000,216132,10928.890310267136,498.0,108066,1201.0,1240.0,4322640,0.0,2.9229725226481378e-05,4.6648704408455066e-05,0.00015063023800272892,2.2293255303811246e-05,2.8608812257294866e-05,1.6230290176159816e-05,3.337239189660311e-05,7.68721303832258e-06,6.444065672465273e-06,1.987778204525496e-05,4.2016264783340536e-05
1,82000,False,41,cf747_00000,2025-08-18_00-18-07,1755476287,81.44845294952393,3439.6012947559357,760236,intrinsic-attention2,10.156.0.3,3439.6012947559357,41,86.07991698829302,1.4952943396379196e-05,86.07965887821342,2.522000289483063,83.21934128307895,0.0019303692862284864,2.4932704068647316,0.0002679699973668903,9.82,2,2000,10.5,2,82000,9.548881202174821e-05,1000,4.5886769273964734e-05,1.0067001111073661,1.0067001111073661,40.0,0.0015105319807480555,2.0,41000,-10.5,321.906350701556,2000.0,3000.0,"[array([0.986127, 0.986127, 0.986127], dtype=float32), array([0.98563945, 0.98563945, 0.98563945], dtype=float32), array([0.9850303, 0.9850303, 0.9850303], dtype=float32), array([0.9845525, 0.9845525, 0.9845525], dtype=float32), array([0.98379505, 0.98379505, 0.98379505], dtype=float32), array([0.98316646, 0.98316646, 0.98316646], dtype=float32), array([0.9817687, 0.9817687, 0.9817687], dtype=float32), array([0.9804327, 0.9804327, 0.9804327], dtype=float32), array([0.97943205, 0.97943205, 0.97943205], dtype=float32), array([0.9774627, 0.9774627, 0.9774627], dtype=float32), array([0.97488797, 0.97488797, 0.97488797], dtype=float32), array([0.97288704, 0.97288704, 0.97288704], dtype=float32), array([0.97161174, 0.97161174, 0.97161174], dtype=float32), array([0.97055936, 0.97055936, 0.97055936], dtype=float32), array([0.96948254, 0.96948254, 0.96948254], dtype=float32), array([0.96845514, 0.96845514, 0.96845514], dtype=float32), array([0.9676751, 0.9676751, 0.9676751], dtype=float32), array([0.9674501, 0.9674501, 0.9674501], dtype=float32), array([0.9666168, 0.9666168, 0.9666168], dtype=float32), array([0.9656134, 0.9656134, 0.9656134], dtype=float32), array([0.96448433, 0.96448433, 0.96448433], dtype=float32), array([0.9632053, 0.9632053, 0.9632053], dtype=float32), array([0.9621507, 0.9621507, 0.9621507], dtype=float32), array([0.96092016, 0.96092016, 0.96092016], dtype=float32), array([0.9615154, 0.9615154, 0.9615154], dtype=float32), array([0.96237284, 0.96237284, 0.96237284], dtype=float32), array([0.9640444, 0.9640444, 0.9640444], dtype=float32), array([0.9663497, 0.9663497, 0.9663497], dtype=float32), array([0.9678658, 0.9678658, 0.9678658], dtype=float32), array([0.96872914, 0.96872914, 0.96872914], dtype=float32), array([0.97032845, 0.97032845, 0.97032845], dtype=float32)]","[array([[0.26047477, 0.51506466, 0.2244606 ],
       [0.00482962, 0.9936603 , 0.00151011],
       [0.3580836 , 0.25692296, 0.38499343]], dtype=float32), array([[1.5366003e-01, 7.0644325e-01, 1.3989672e-01],
       [4.5582335e-04, 9.9926013e-01, 2.8398071e-04],
       [1.9692989e-01, 6.1954612e-01, 1.8352397e-01]], dtype=float32), array([[0.25990334, 0.5159173 , 0.22417937],
       [0.00449377, 0.9941036 , 0.00140259],
       [0.35813287, 0.2572457 , 0.38462144]], dtype=float32), array([[2.1589005e-01, 5.5974507e-01, 2.2436492e-01],
       [2.1966294e-04, 9.9947160e-01, 3.0874391e-04],
       [1.7990340e-01, 6.3083565e-01, 1.8926093e-01]], dtype=float32), array([[0.42452607, 0.1621655 , 0.41330847],
       [0.00193967, 0.9957528 , 0.00230754],
       [0.40886497, 0.19084738, 0.4002877 ]], dtype=float32), array([[0.42463315, 0.16199279, 0.4133741 ],
       [0.0020927 , 0.99542207, 0.00248522],
       [0.40911853, 0.1903968 , 0.40048462]], dtype=float32), array([[0.35759217, 0.2778562 , 0.36455163],
       [0.00395572, 0.9934509 , 0.00259341],
       [0.39152288, 0.19564241, 0.4128347 ]], dtype=float32), array([[0.42492372, 0.16145417, 0.41362214],
       [0.00226246, 0.9950571 , 0.00268049],
       [0.4096327 , 0.18944076, 0.4009265 ]], dtype=float32), array([[0.35834175, 0.27609113, 0.3655671 ],
       [0.00418451, 0.99306256, 0.00275294],
       [0.3918694 , 0.19470593, 0.41342467]], dtype=float32), array([[0.43644214, 0.14677365, 0.41678426],
       [0.0024823 , 0.9943193 , 0.00319833],
       [0.41307437, 0.18742795, 0.39949772]], dtype=float32), array([[2.3627713e-01, 5.1660144e-01, 2.4712139e-01],
       [3.5857383e-04, 9.9907613e-01, 5.6519738e-04],
       [1.8636259e-01, 6.1408091e-01, 1.9955650e-01]], dtype=float32), array([[0.22571139, 0.6282864 , 0.14600217],
       [0.01583633, 0.98142827, 0.00273534],
       [0.3474822 , 0.25827786, 0.39423996]], dtype=float32), array([[0.22704375, 0.625589  , 0.14736731],
       [0.01646185, 0.98065716, 0.00288097],
       [0.34746042, 0.25813872, 0.39440086]], dtype=float32), array([[0.233617  , 0.60574347, 0.16063958],
       [0.01543473, 0.9815481 , 0.00301722],
       [0.34910113, 0.25733286, 0.39356598]], dtype=float32), array([[0.42561164, 0.16015504, 0.4142333 ],
       [0.00390992, 0.99153155, 0.00455851],
       [0.4117063 , 0.18558285, 0.40271083]], dtype=float32), array([[2.4172854e-01, 5.0553918e-01, 2.5273225e-01],
       [4.5728878e-04, 9.9881542e-01, 7.2721759e-04],
       [1.9035493e-01, 6.0552478e-01, 2.0412025e-01]], dtype=float32), array([[0.27474478, 0.48299885, 0.24225637],
       [0.0093375 , 0.9873612 , 0.00330138],
       [0.3589328 , 0.25301644, 0.38805076]], dtype=float32), array([[1.7434765e-01, 6.6395670e-01, 1.6169566e-01],
       [1.0816625e-03, 9.9818206e-01, 7.3627156e-04],
       [2.1102504e-01, 5.8982295e-01, 1.9915198e-01]], dtype=float32), array([[2.4146539e-01, 5.0595057e-01, 2.5258410e-01],
       [4.3463919e-04, 9.9886924e-01, 6.9614296e-04],
       [1.8932949e-01, 6.0742110e-01, 2.0324944e-01]], dtype=float32), array([[2.4099360e-01, 5.0685114e-01, 2.5215524e-01],
       [4.2214431e-04, 9.9890029e-01, 6.7754020e-04],
       [1.8867572e-01, 6.0869884e-01, 2.0262547e-01]], dtype=float32), array([[0.42664993, 0.15781803, 0.4155321 ],
       [0.00379832, 0.99179864, 0.00440309],
       [0.4134412 , 0.18202513, 0.40453368]], dtype=float32), array([[1.7185174e-01, 6.6903836e-01, 1.5910989e-01],
       [9.9543866e-04, 9.9833173e-01, 6.7283644e-04],
       [2.0900053e-01, 5.9401333e-01, 1.9698611e-01]], dtype=float32), array([[0.22918156, 0.6224386 , 0.1483798 ],
       [0.01792126, 0.9789354 , 0.00314341],
       [0.34738988, 0.2556064 , 0.39700374]], dtype=float32), array([[2.2788851e-01, 5.3543782e-01, 2.3667367e-01],
       [4.9709069e-04, 9.9880672e-01, 6.9614023e-04],
       [1.9154724e-01, 6.0687041e-01, 2.0158234e-01]], dtype=float32), array([[0.3645016 , 0.26138866, 0.37410977],
       [0.006705  , 0.98875856, 0.00453637],
       [0.3947744 , 0.18661515, 0.4186105 ]], dtype=float32), array([[0.2349309 , 0.6044812 , 0.16058798],
       [0.01648945, 0.9803264 , 0.00318421],
       [0.34917364, 0.25380874, 0.39701763]], dtype=float32), array([[0.44038665, 0.14089161, 0.4187217 ],
       [0.00372943, 0.9914956 , 0.00477494],
       [0.41767234, 0.17993735, 0.40239033]], dtype=float32), array([[2.2731468e-01, 5.3657603e-01, 2.3610926e-01],
       [5.0680147e-04, 9.9878448e-01, 7.0867961e-04],
       [1.9119526e-01, 6.0758549e-01, 2.0121929e-01]], dtype=float32), array([[0.42721763, 0.15701663, 0.41576564],
       [0.00382928, 0.99171793, 0.00445274],
       [0.41372684, 0.18168625, 0.40458694]], dtype=float32), array([[2.2508384e-01, 5.4105932e-01, 2.3385686e-01],
       [4.4200770e-04, 9.9893898e-01, 6.1895058e-04],
       [1.8895003e-01, 6.1216420e-01, 1.9888577e-01]], dtype=float32), array([[0.36369398, 0.26350486, 0.37280118],
       [0.00606524, 0.9898325 , 0.00410222],
       [0.39426902, 0.18848442, 0.41724652]], dtype=float32)]","[array([0.98612696, 0.98612696, 0.98612696], dtype=float32), array([0.98563945, 0.98563945, 0.98563945], dtype=float32), array([0.9850304, 0.9850304, 0.9850304], dtype=float32), array([0.9845525, 0.9845525, 0.9845525], dtype=float32), array([0.983795, 0.983795, 0.983795], dtype=float32), array([nan, nan, nan], dtype=float32), array([0.9817689, 0.9817689, 0.9817689], dtype=float32), array([0.9804328, 0.9804328, 0.9804328], dtype=float32), array([nan, nan, nan], dtype=float32), array([0.9774626, 0.9774626, 0.9774626], dtype=float32), array([0.9748881, 0.9748881, 0.9748881], dtype=float32), array([nan, nan, nan], dtype=float32), array([0.97161156, 0.97161156, 0.97161156], dtype=float32), array([nan, nan, nan], dtype=float32), array([0.96948254, 0.96948254, 0.96948254], dtype=float32), array([0.96845496, 0.96845496, 0.96845496], dtype=float32), array([0.9676751, 0.9676751, 0.9676751], dtype=float32), array([0.96744996, 0.96744996, 0.96744996], dtype=float32), array([nan, nan, nan], dtype=float32), array([0.96561337, 0.96561337, 0.96561337], dtype=float32), array([0.96448445, 0.96448445, 0.96448445], dtype=float32), array([0.9632051, 0.9632051, 0.9632051], dtype=float32), array([nan, nan, nan], dtype=float32), array([0.9609202, 0.9609202, 0.9609202], dtype=float32), array([nan, nan, nan], dtype=float32), array([0.9623729, 0.9623729, 0.9623729], dtype=float32), array([0.96404415, 0.96404415, 0.96404415], dtype=float32), array([nan, nan, nan], dtype=float32), array([0.9678657, 0.9678657, 0.9678657], dtype=float32), array([0.9687291, 0.9687291, 0.9687291], dtype=float32), array([0.9703284, 0.9703284, 0.9703284], dtype=float32)]",1,0,0,0,0,0,13.23189655172414,20.099999999999994,0.00015955737933562466,0.000353481006434993,9.82,9.82,2000,82000,82000,2000,0.32851947983075697,2.2670321175866093e-09,0.4722185432910919,476613.28125,1.0,0.0013802934991,41.0,1269729,0.20396891236305237,-1.0,0.3382601737976074,81158,0.007707120385020971,0.0,999.0,30969,-0.010665097273886204,379.95555216616054,1.0,0.0393447157605,0.0,0.0013802934991,41.0,1269729,0.0,30969,23810,999.0,379.95531837479183,93000,0,3813000,61938,104968,2539458,1141.0089063952096,6440578.269121094,6794533.861607491,2.0,9.5,2,50,0.001562332050380064,2050,10.04,41.0,0.14715196698475197,0.00028064890594023547,100,10.5,82100,4.5562425242271824e-05,1.0067001111073661,1.0067001111073661,2,9.883874445040236e-05,10.04,0.0003712414142543266,0.0001642538562417124,4100,10.04,4100,100,100,6.879264546065554e-06,3.318036465194834e-05,2.0413149922328234e-05,7.446360698223803e-06,4.2409983315532366e-05,2.8308799209495212e-05,0.0001462199849610859,4.6221871205724414e-05,1.5734387010763702e-05,2.8596852592276556e-05,2.148769836081678e-05,0.05202735899633249,0.00654311249892873,0.04985545012621831,0.1646415578763858,0.03492520939618764,0.019515153054452894,0.00017320676228521858,-0.21384739875793457,108066,1.0,498.0,96.35069274902344,0.4722185730934143,1231.0,1271.0,0.001441168482415378,4430706,0.18679283559322357,0.35146642,0.006714746356010437,8861412,651000,26691000,216132,10921.985913362603,498.0,108066,1231.0,1271.0,4430706,0.0,2.9908341492491026e-05,4.7354202510484436e-05,0.00015204940962246151,2.2764631972483667e-05,2.9484317467757904e-05,1.674979054138148e-05,3.4175122804864636e-05,7.705072685698995e-06,6.567753184709935e-06,2.02929016942249e-05,4.255913878386068e-05
1,84000,False,42,cf747_00000,2025-08-18_00-19-30,1755476370,82.89244627952576,3522.4937410354614,760236,intrinsic-attention2,10.156.0.3,3522.4937410354614,42,86.04660123089,1.4988243949535288e-05,86.04634250269127,2.52153777518824,83.18671125684821,0.0019309456233793567,2.4927990282661225,0.0002679699973668903,9.94,2,2000,10.5,2,84000,9.41325255642595e-05,1000,4.520438860313212e-05,1.0067001111073661,1.0067001111073661,41.0,0.0014736525806074497,2.0,42000,9.5,311.73449008490314,2000.0,3000.0,"[array([0.970319, 0.970319, 0.970319], dtype=float32), array([0.9729173, 0.9729173, 0.9729173], dtype=float32), array([0.9774571, 0.9774571, 0.9774571], dtype=float32), array([0.9810484, 0.9810484, 0.9810484], dtype=float32), array([0.9859838, 0.9859838, 0.9859838], dtype=float32), array([0.99028367, 0.99028367, 0.99028367], dtype=float32), array([0.9944847, 0.9944847, 0.9944847], dtype=float32), array([0.99736035, 0.99736035, 0.99736035], dtype=float32), array([1.0001527, 1.0001527, 1.0001527], dtype=float32), array([1.0025347, 1.0025347, 1.0025347], dtype=float32), array([1.0049647, 1.0049647, 1.0049647], dtype=float32), array([1.0076779, 1.0076779, 1.0076779], dtype=float32), array([1.0086467, 1.0086467, 1.0086467], dtype=float32), array([1.010247, 1.010247, 1.010247], dtype=float32), array([1.0112894, 1.0112894, 1.0112894], dtype=float32), array([1.0128373, 1.0128373, 1.0128373], dtype=float32), array([1.0145051, 1.0145051, 1.0145051], dtype=float32), array([1.0168369, 1.0168369, 1.0168369], dtype=float32), array([1.0194666, 1.0194666, 1.0194666], dtype=float32), array([1.0209513, 1.0209513, 1.0209513], dtype=float32), array([1.0216987, 1.0216987, 1.0216987], dtype=float32), array([1.022478, 1.022478, 1.022478], dtype=float32), array([1.022475, 1.022475, 1.022475], dtype=float32), array([1.023014, 1.023014, 1.023014], dtype=float32), array([1.0233918, 1.0233918, 1.0233918], dtype=float32), array([1.0240604, 1.0240604, 1.0240604], dtype=float32), array([1.0245236, 1.0245236, 1.0245236], dtype=float32), array([1.0252477, 1.0252477, 1.0252477], dtype=float32), array([1.0263282, 1.0263282, 1.0263282], dtype=float32), array([1.0271052, 1.0271052, 1.0271052], dtype=float32), array([1.0282762, 1.0282762, 1.0282762], dtype=float32)]","[array([[2.3443730e-01, 5.2006167e-01, 2.4550104e-01],
       [3.4281850e-04, 9.9911326e-01, 5.4397335e-04],
       [1.8402500e-01, 6.1857396e-01, 1.9740094e-01]], dtype=float32), array([[0.3624761 , 0.26639706, 0.37112683],
       [0.00504244, 0.9915925 , 0.00336498],
       [0.39416623, 0.18881157, 0.41702226]], dtype=float32), array([[1.6094591e-01, 6.9134277e-01, 1.4771129e-01],
       [6.4549252e-04, 9.9893552e-01, 4.1890269e-04],
       [2.0104195e-01, 6.1064458e-01, 1.8831339e-01]], dtype=float32), array([[0.22384667, 0.6273985 , 0.14875482],
       [0.01176567, 0.9862022 , 0.00203222],
       [0.34936556, 0.2545105 , 0.39612398]], dtype=float32), array([[1.6990286e-01, 6.6921246e-01, 1.6088468e-01],
       [5.6704105e-04, 9.9901175e-01, 4.2118886e-04],
       [1.9818535e-01, 6.1232698e-01, 1.8948761e-01]], dtype=float32), array([[0.36196166, 0.26726094, 0.37077743],
       [0.00479016, 0.9920723 , 0.00313756],
       [0.39471358, 0.18635732, 0.4189291 ]], dtype=float32), array([[1.6326314e-01, 6.8662310e-01, 1.5011373e-01],
       [6.9746439e-04, 9.9884641e-01, 4.5606893e-04],
       [2.0288526e-01, 6.0681605e-01, 1.9029875e-01]], dtype=float32), array([[0.37303156, 0.24457246, 0.382396  ],
       [0.00418039, 0.9927879 , 0.00303173],
       [0.39840755, 0.18479757, 0.41679484]], dtype=float32), array([[0.4273895 , 0.15590312, 0.41670737],
       [0.00243917, 0.99472445, 0.00283637],
       [0.41418466, 0.1801931 , 0.40562224]], dtype=float32), array([[1.6042826e-01, 6.9238532e-01, 1.4718643e-01],
       [6.0401578e-04, 9.9900562e-01, 3.9033612e-04],
       [2.0094140e-01, 6.1085743e-01, 1.8820125e-01]], dtype=float32), array([[0.44067064, 0.13949537, 0.41983405],
       [0.00211544, 0.9951434 , 0.0027412 ],
       [0.41741738, 0.17971823, 0.40286452]], dtype=float32), array([[0.44061875, 0.13950598, 0.41987532],
       [0.00197869, 0.995453  , 0.00256837],
       [0.41725376, 0.17994998, 0.40279633]], dtype=float32), array([[2.1967797e-01, 5.5190790e-01, 2.2841409e-01],
       [2.7309882e-04, 9.9934047e-01, 3.8651621e-04],
       [1.8270998e-01, 6.2481809e-01, 1.9247198e-01]], dtype=float32), array([[0.36169603, 0.2679369 , 0.37036708],
       [0.00461318, 0.99236804, 0.00301874],
       [0.39459896, 0.18680196, 0.4185991 ]], dtype=float32), array([[0.37372485, 0.24315464, 0.3831205 ],
       [0.00457266, 0.99207604, 0.00335121],
       [0.39835152, 0.18528794, 0.4163605 ]], dtype=float32), array([[0.36338663, 0.26396933, 0.37264413],
       [0.00559585, 0.99068075, 0.00372335],
       [0.39489475, 0.18612665, 0.41897857]], dtype=float32), array([[0.22672738, 0.62745064, 0.14582197],
       [0.01649802, 0.98069525, 0.00280668],
       [0.34760246, 0.25444907, 0.3979485 ]], dtype=float32), array([[0.4413854 , 0.13949482, 0.4191198 ],
       [0.00376013, 0.99140924, 0.00483054],
       [0.4183897 , 0.17889315, 0.40271714]], dtype=float32), array([[0.42764866, 0.15632658, 0.4160248 ],
       [0.00505253, 0.9891095 , 0.00583799],
       [0.41466385, 0.18003817, 0.40529796]], dtype=float32), array([[0.3791206 , 0.2316536 , 0.38922584],
       [0.00875584, 0.98443997, 0.00680425],
       [0.39927423, 0.18466775, 0.416058  ]], dtype=float32), array([[0.44196784, 0.13974972, 0.41828242],
       [0.00620287, 0.98589224, 0.0079049 ],
       [0.41915426, 0.17846732, 0.40237844]], dtype=float32), array([[0.2772692 , 0.48441502, 0.23831576],
       [0.01878354, 0.97478366, 0.00643282],
       [0.35721892, 0.24867004, 0.39411098]], dtype=float32), array([[0.25041154, 0.5794897 , 0.17009869],
       [0.03378261, 0.9589908 , 0.00722651],
       [0.34652832, 0.25253326, 0.40093845]], dtype=float32), array([[0.2540273 , 0.57190734, 0.17406538],
       [0.03763437, 0.9540169 , 0.00834869],
       [0.3463101 , 0.25241345, 0.40127644]], dtype=float32), array([[0.44323263, 0.1392203 , 0.4175471 ],
       [0.01071886, 0.97575593, 0.01352526],
       [0.4206858 , 0.17699148, 0.4023227 ]], dtype=float32), array([[0.21430078, 0.57559055, 0.21010871],
       [0.00304108, 0.9942503 , 0.00270864],
       [0.22612467, 0.5517479 , 0.22212736]], dtype=float32), array([[0.427773  , 0.15683864, 0.41538838],
       [0.01456627, 0.96896255, 0.01647117],
       [0.41626152, 0.17772198, 0.4060165 ]], dtype=float32), array([[0.26345584, 0.55118716, 0.18535696],
       [0.04891739, 0.9391085 , 0.01197416],
       [0.34587586, 0.25176316, 0.402361  ]], dtype=float32), array([[0.22156046, 0.55999374, 0.21844576],
       [0.0038348 , 0.99264234, 0.00352288],
       [0.2303071 , 0.5423783 , 0.22731462]], dtype=float32), array([[0.44524878, 0.13742754, 0.41732365],
       [0.01557957, 0.964864  , 0.01955637],
       [0.42268023, 0.17472118, 0.4025986 ]], dtype=float32), array([[0.21308272, 0.5829472 , 0.20397006],
       [0.00488292, 0.9912403 , 0.00387676],
       [0.23617595, 0.5359044 , 0.22791956]], dtype=float32)]","[array([nan, nan, nan], dtype=float32), array([nan, nan, nan], dtype=float32), array([nan, nan, nan], dtype=float32), array([nan, nan, nan], dtype=float32), array([nan, nan, nan], dtype=float32), array([nan, nan, nan], dtype=float32), array([nan, nan, nan], dtype=float32), array([nan, nan, nan], dtype=float32), array([nan, nan, nan], dtype=float32), array([nan, nan, nan], dtype=float32), array([nan, nan, nan], dtype=float32), array([nan, nan, nan], dtype=float32), array([nan, nan, nan], dtype=float32), array([nan, nan, nan], dtype=float32), array([nan, nan, nan], dtype=float32), array([nan, nan, nan], dtype=float32), array([nan, nan, nan], dtype=float32), array([nan, nan, nan], dtype=float32), array([nan, nan, nan], dtype=float32), array([nan, nan, nan], dtype=float32), array([nan, nan, nan], dtype=float32), array([nan, nan, nan], dtype=float32), array([nan, nan, nan], dtype=float32), array([nan, nan, nan], dtype=float32), array([nan, nan, nan], dtype=float32), array([nan, nan, nan], dtype=float32), array([nan, nan, nan], dtype=float32), array([nan, nan, nan], dtype=float32), array([nan, nan, nan], dtype=float32), array([nan, nan, nan], dtype=float32), array([nan, nan, nan], dtype=float32)]",1,0,0,0,0,0,13.308474576271188,20.099999999999994,0.0001570633826156675,0.0003487501189405922,9.94,9.94,2000,84000,84000,2000,0.3283118781924277,2.2670321175866093e-09,0.4722185432910919,482798.5,1.0,0.0013802934991,42.0,1300698,0.18403981626033783,-1.0,0.3462272882461548,81158,0.007099582813680172,0.0,999.0,30969,-0.0027255238965153694,380.13067904080066,1.0,0.0393447157605,0.0,0.0013802934991,42.0,1300698,0.0,30969,23810,999.0,380.13045012455314,93000,0,3906000,61938,104968,2601396,1141.5347484866286,6432450.4407573715,6786392.142580571,2.0,9.5,2,50,0.00158675129088806,2100,10.04,42.0,0.1469810745348026,0.0002795228369812892,100,10.5,84100,4.618798639893247e-05,1.0067001111073661,1.0067001111073661,2,9.954946560306311e-05,10.04,0.0003730426077354299,0.00016501392456007362,4200,10.04,4200,100,100,6.845875011909443e-06,3.2298819230963816e-05,1.966491391498511e-05,7.370606477826504e-06,4.3393975755579386e-05,2.8109755105737335e-05,0.0001442460960115229,4.5833430301001394e-05,1.536493348224891e-05,2.778448039525143e-05,2.133427994319022e-05,0.05201929268634051,0.0065378459640436926,0.04981017496495555,0.16461190786754654,0.034852331502264605,0.019468220023870605,0.0001732348246247157,-0.40408778190612793,108066,1.0,498.0,94.5242691040039,0.4722185730934143,1261.0,1302.0,-0.0022723358124494553,4538772,0.18074844777584076,0.34779918,0.0069514065980911255,9077544,651000,27342000,216132,10905.968863534928,498.0,108066,1261.0,1302.0,4538772,0.0,3.0192619137934116e-05,4.744858276712629e-05,0.00015356863322810987,2.2626815011482002e-05,2.9569183326308674e-05,1.6659955683329254e-05,3.4341646139256576e-05,7.691018255476906e-06,6.666130851061444e-06,2.024365963425183e-05,4.256411536077733e-05
1,86000,False,43,cf747_00000,2025-08-18_00-20-53,1755476453,82.46993684768677,3604.963677883148,760236,intrinsic-attention2,10.156.0.3,3604.963677883148,43,86.00942280770111,1.4949131416354026e-05,86.00916362002442,2.521168286066292,83.15006904034972,0.0019319536572708711,2.4924353407635156,0.0002679699973668903,10.08,2,2000,10.5,2,86000,9.676920553791329e-05,1000,4.6057337059704884e-05,1.0067001111073661,1.0067001111073661,42.0,0.001505969780118903,2.0,43000,9.5,301.8353344959231,2000.0,3000.0,"[array([1.0289686, 1.0289686, 1.0289686], dtype=float32), array([1.0295259, 1.0295259, 1.0295259], dtype=float32), array([1.0299338, 1.0299338, 1.0299338], dtype=float32), array([1.0310498, 1.0310498, 1.0310498], dtype=float32), array([1.032113, 1.032113, 1.032113], dtype=float32), array([1.0344923, 1.0344923, 1.0344923], dtype=float32), array([1.0373743, 1.0373743, 1.0373743], dtype=float32), array([1.0404139, 1.0404139, 1.0404139], dtype=float32), array([1.0429832, 1.0429832, 1.0429832], dtype=float32), array([1.0458823, 1.0458823, 1.0458823], dtype=float32), array([1.0488006, 1.0488006, 1.0488006], dtype=float32), array([1.0517054, 1.0517054, 1.0517054], dtype=float32), array([1.0539372, 1.0539372, 1.0539372], dtype=float32), array([1.0571425, 1.0571425, 1.0571425], dtype=float32), array([1.0607297, 1.0607297, 1.0607297], dtype=float32), array([1.064002, 1.064002, 1.064002], dtype=float32), array([1.0668707, 1.0668707, 1.0668707], dtype=float32), array([1.0700904, 1.0700904, 1.0700904], dtype=float32), array([1.0740765, 1.0740765, 1.0740765], dtype=float32), array([1.0772696, 1.0772696, 1.0772696], dtype=float32), array([1.0802572, 1.0802572, 1.0802572], dtype=float32), array([1.0832204, 1.0832204, 1.0832204], dtype=float32), array([1.0863427, 1.0863427, 1.0863427], dtype=float32), array([1.0896204, 1.0896204, 1.0896204], dtype=float32), array([1.0934603, 1.0934603, 1.0934603], dtype=float32), array([1.09805, 1.09805, 1.09805], dtype=float32), array([1.1026858, 1.1026858, 1.1026858], dtype=float32), array([1.1074809, 1.1074809, 1.1074809], dtype=float32), array([1.1114771, 1.1114771, 1.1114771], dtype=float32), array([1.1166276, 1.1166276, 1.1166276], dtype=float32), array([1.1227962, 1.1227962, 1.1227962], dtype=float32)]","[array([[0.3762188 , 0.2340732 , 0.38970798],
       [0.02723864, 0.95183885, 0.02092253],
       [0.39675176, 0.18304594, 0.4202023 ]], dtype=float32), array([[0.25918055, 0.4727213 , 0.26809818],
       [0.00303345, 0.9927642 , 0.0042024 ],
       [0.22250576, 0.54351676, 0.23397742]], dtype=float32), array([[0.38969225, 0.21031947, 0.39998826],
       [0.02542624, 0.95275956, 0.02181421],
       [0.40235785, 0.18151063, 0.41613147]], dtype=float32), array([[0.42835033, 0.15651178, 0.4151379 ],
       [0.02075596, 0.955861  , 0.02338305],
       [0.41693857, 0.17708635, 0.40597513]], dtype=float32), array([[0.26191524, 0.4672837 , 0.27080098],
       [0.00354144, 0.99155843, 0.00490016],
       [0.22527453, 0.53786415, 0.23686133]], dtype=float32), array([[0.44606587, 0.13769016, 0.4162439 ],
       [0.02293127, 0.94851965, 0.02854912],
       [0.42355856, 0.17443472, 0.40200678]], dtype=float32), array([[0.23753405, 0.52580583, 0.23666015],
       [0.00673962, 0.9866747 , 0.00658553],
       [0.23995842, 0.5209445 , 0.23909716]], dtype=float32), array([[0.2689343 , 0.4534    , 0.27766567],
       [0.00553961, 0.9868542 , 0.00760613],
       [0.23295516, 0.5222953 , 0.24474959]], dtype=float32), array([[0.42755967, 0.15760443, 0.41483593],
       [0.03539468, 0.92553514, 0.03907024],
       [0.41781393, 0.17521971, 0.40696642]], dtype=float32), array([[0.2862302 , 0.49921557, 0.21455419],
       [0.09395566, 0.87650687, 0.02953752],
       [0.34395316, 0.2515947 , 0.40445217]], dtype=float32), array([[0.29241756, 0.47012806, 0.23745446],
       [0.08748568, 0.88073325, 0.03178102],
       [0.34786117, 0.25019157, 0.4019473 ]], dtype=float32), array([[0.38112825, 0.22193906, 0.39693272],
       [0.06047636, 0.89011174, 0.04941198],
       [0.39722365, 0.18146743, 0.42130885]], dtype=float32), array([[0.38133   , 0.22134124, 0.39732876],
       [0.0624915 , 0.88636416, 0.05114431],
       [0.3972889 , 0.18113203, 0.4215791 ]], dtype=float32), array([[0.27541068, 0.44064063, 0.2839486 ],
       [0.00816198, 0.98069775, 0.01114034],
       [0.23991911, 0.50817466, 0.25190628]], dtype=float32), array([[0.24984805, 0.49918333, 0.25096872],
       [0.01001452, 0.9796697 , 0.01031575],
       [0.24670021, 0.5054527 , 0.2478471 ]], dtype=float32), array([[0.3971684 , 0.19606543, 0.40676624],
       [0.0483765 , 0.9078147 , 0.04380882],
       [0.40568995, 0.17708322, 0.41722685]], dtype=float32), array([[0.3806919 , 0.22252855, 0.3967796 ],
       [0.05210557, 0.90608495, 0.04180947],
       [0.39785147, 0.1790391 , 0.42310932]], dtype=float32), array([[0.38054624, 0.22267708, 0.3967766 ],
       [0.04990597, 0.9102951 , 0.03979888],
       [0.39805445, 0.1781518 , 0.4237938 ]], dtype=float32), array([[0.42801076, 0.15561517, 0.41637403],
       [0.0367456 , 0.9231356 , 0.04011884],
       [0.4194766 , 0.17116664, 0.40935677]], dtype=float32), array([[0.45048282, 0.13252589, 0.4169913 ],
       [0.03368011, 0.9248043 , 0.04151563],
       [0.4283941 , 0.16782455, 0.40378132]], dtype=float32), array([[0.42780498, 0.15531006, 0.41688493],
       [0.03938383, 0.91793704, 0.04267911],
       [0.4200199 , 0.16957062, 0.41040945]], dtype=float32), array([[0.4515946 , 0.13088697, 0.4175185 ],
       [0.03461594, 0.92276525, 0.04261886],
       [0.42965737, 0.1658321 , 0.40451062]], dtype=float32), array([[0.23399158, 0.5386181 , 0.22739032],
       [0.01043861, 0.98062986, 0.00893151],
       [0.2498281 , 0.5063287 , 0.24384327]], dtype=float32), array([[0.38104707, 0.2198307 , 0.39912218],
       [0.05332481, 0.9046669 , 0.0420083 ],
       [0.39891836, 0.1730901 , 0.42799157]], dtype=float32), array([[0.3809117 , 0.21989866, 0.39918956],
       [0.0509716 , 0.9091645 , 0.03986393],
       [0.39915407, 0.17196326, 0.42888263]], dtype=float32), array([[0.4007408 , 0.18769646, 0.41156277],
       [0.04422697, 0.916013  , 0.03976005],
       [0.40953144, 0.16790628, 0.42256236]], dtype=float32), array([[0.40124452, 0.18653819, 0.41221735],
       [0.04428015, 0.9159214 , 0.03979842],
       [0.41001773, 0.16676348, 0.4232188 ]], dtype=float32), array([[0.40193155, 0.1851016 , 0.41296682],
       [0.04585454, 0.9128401 , 0.04130525],
       [0.4105185 , 0.16574891, 0.42373255]], dtype=float32), array([[0.38113767, 0.21787287, 0.40098944],
       [0.05319628, 0.90567833, 0.04112535],
       [0.3996831 , 0.16788602, 0.43243086]], dtype=float32), array([[0.29719013, 0.39637327, 0.3064366 ],
       [0.00500632, 0.9862111 , 0.00878266],
       [0.22934291, 0.5204229 , 0.25023413]], dtype=float32), array([[0.4567253 , 0.12340324, 0.41987145],
       [0.04066414, 0.90967834, 0.04965745],
       [0.43570095, 0.15637653, 0.4079225 ]], dtype=float32)]","[array([1.0289685, 1.0289685, 1.0289685], dtype=float32), array([nan, nan, nan], dtype=float32), array([nan, nan, nan], dtype=float32), array([nan, nan, nan], dtype=float32), array([nan, nan, nan], dtype=float32), array([1.0344921, 1.0344921, 1.0344921], dtype=float32), array([nan, nan, nan], dtype=float32), array([nan, nan, nan], dtype=float32), array([1.0429832, 1.0429832, 1.0429832], dtype=float32), array([nan, nan, nan], dtype=float32), array([nan, nan, nan], dtype=float32), array([1.0517055, 1.0517055, 1.0517055], dtype=float32), array([1.0539373, 1.0539373, 1.0539373], dtype=float32), array([nan, nan, nan], dtype=float32), array([nan, nan, nan], dtype=float32), array([1.0640018, 1.0640018, 1.0640018], dtype=float32), array([nan, nan, nan], dtype=float32), array([nan, nan, nan], dtype=float32), array([nan, nan, nan], dtype=float32), array([1.0772694, 1.0772694, 1.0772694], dtype=float32), array([nan, nan, nan], dtype=float32), array([1.0832201, 1.0832201, 1.0832201], dtype=float32), array([nan, nan, nan], dtype=float32), array([nan, nan, nan], dtype=float32), array([1.0934604, 1.0934604, 1.0934604], dtype=float32), array([nan, nan, nan], dtype=float32), array([nan, nan, nan], dtype=float32), array([nan, nan, nan], dtype=float32), array([nan, nan, nan], dtype=float32), array([1.1166273, 1.1166273, 1.1166273], dtype=float32), array([nan, nan, nan], dtype=float32)]",1,0,0,0,0,0,13.228813559322033,20.099999999999994,0.00015830997900635196,0.0003564051164495477,10.08,10.08,2000,86000,86000,2000,0.32815503251056405,1.1335160587933046e-09,0.4722185432910919,472635.6875,1.0,0.0013802934991,43.0,1331667,0.19098658859729767,-1.0,0.3560290038585663,81158,0.004360265098512173,0.0,999.0,30969,0.00708581181243062,380.2730015495381,1.0,0.0393447157605,0.0,0.0013802934991,43.0,1331667,0.0,30969,23810,999.0,380.2727757418929,93000,0,3999000,61938,104968,2663334,1141.9620851582154,6426735.567960316,6780841.851072926,2.0,9.5,2,50,0.0015640297702339012,2150,10.04,43.0,0.146778779979437,0.00027824981854333977,100,10.5,86100,4.504865233337234e-05,1.0067001111073661,1.0067001111073661,2,9.807179913450917e-05,10.04,0.00036400070959500603,0.00016262816216439492,4300,10.04,4300,100,100,6.8287054801122165e-06,3.3003688474894434e-05,1.9836615072320734e-05,7.463391553577743e-06,4.298422370428341e-05,2.851168328907498e-05,0.00014913367750138583,4.695019388410442e-05,1.5739178682418728e-05,2.8285385590819254e-05,2.1409022584259777e-05,0.05202803775953842,0.006532922324453182,0.04976833741534427,0.16461609970881133,0.03477465132726619,0.01942269366353122,0.00017314953650430191,-0.240248441696167,108066,1.0,498.0,95.5548324584961,0.4722185730934143,1291.0,1333.0,-0.0019221593393012881,4646838,0.1928887814283371,0.34771216,0.004328115843236446,9293676,651000,27993000,216132,10890.058159804074,498.0,108066,1291.0,1333.0,4646838,0.0,2.9525109399862693e-05,4.5954760907459e-05,0.0001496292339455593,2.213100029733121e-05,2.89316066586015e-05,1.6242722363214602e-05,3.395030313459951e-05,7.73166968665363e-06,6.586823467934479e-06,2.0003525038034616e-05,4.18811797649635e-05
1,88000,False,44,cf747_00000,2025-08-18_00-22-16,1755476536,83.03040838241577,3687.994086265564,760236,intrinsic-attention2,10.156.0.3,3687.994086265564,44,85.97818847148415,1.4899340075552052e-05,85.97792872756422,2.521014003345551,83.1191461563162,0.0019302060707093505,2.4922732034159245,0.0002679699973668903,9.76,2,2000,10.5,2,88000,9.713363439262577e-05,1000,4.6459255640885044e-05,1.0067001111073661,1.0067001111073661,43.0,0.0015119636198505759,2.0,44000,-10.5,292.20734506156316,2000.0,3000.0,"[array([1.1317605, 1.1317605, 1.1317605], dtype=float32), array([1.1398975, 1.1398975, 1.1398975], dtype=float32), array([1.1471435, 1.1471435, 1.1471435], dtype=float32), array([1.1531975, 1.1531975, 1.1531975], dtype=float32), array([1.158703, 1.158703, 1.158703], dtype=float32), array([1.1638768, 1.1638768, 1.1638768], dtype=float32), array([1.1687609, 1.1687609, 1.1687609], dtype=float32), array([1.1730802, 1.1730802, 1.1730802], dtype=float32), array([1.1767966, 1.1767966, 1.1767966], dtype=float32), array([1.1791575, 1.1791575, 1.1791575], dtype=float32), array([1.1817347, 1.1817347, 1.1817347], dtype=float32), array([1.1847802, 1.1847802, 1.1847802], dtype=float32), array([1.1873637, 1.1873637, 1.1873637], dtype=float32), array([1.1904383, 1.1904383, 1.1904383], dtype=float32), array([1.193313, 1.193313, 1.193313], dtype=float32), array([1.1960734, 1.1960734, 1.1960734], dtype=float32), array([1.1978962, 1.1978962, 1.1978962], dtype=float32), array([1.1992819, 1.1992819, 1.1992819], dtype=float32), array([1.2004002, 1.2004002, 1.2004002], dtype=float32), array([1.2007163, 1.2007163, 1.2007163], dtype=float32), array([1.2011579, 1.2011579, 1.2011579], dtype=float32), array([1.2026565, 1.2026565, 1.2026565], dtype=float32), array([1.2042159, 1.2042159, 1.2042159], dtype=float32), array([1.2055128, 1.2055128, 1.2055128], dtype=float32), array([1.2069929, 1.2069929, 1.2069929], dtype=float32), array([1.208624, 1.208624, 1.208624], dtype=float32), array([1.210335, 1.210335, 1.210335], dtype=float32), array([1.2116324, 1.2116324, 1.2116324], dtype=float32), array([1.2132856, 1.2132856, 1.2132856], dtype=float32), array([1.2162597, 1.2162597, 1.2162597], dtype=float32), array([1.2192936, 1.2192936, 1.2192936], dtype=float32)]","[array([[0.40538767, 0.17862259, 0.4159897 ],
       [0.06214837, 0.8806826 , 0.05716901],
       [0.4124253 , 0.16290334, 0.4246714 ]], dtype=float32), array([[0.30051297, 0.44156718, 0.25791985],
       [0.09691065, 0.86241394, 0.04067539],
       [0.34979302, 0.2513526 , 0.39885437]], dtype=float32), array([[0.38157868, 0.21362807, 0.40479323],
       [0.09385591, 0.83097625, 0.07516792],
       [0.39772475, 0.16810417, 0.43417102]], dtype=float32), array([[0.45685148, 0.12552138, 0.41762725],
       [0.06736995, 0.85226846, 0.08036158],
       [0.43673444, 0.15657727, 0.40668836]], dtype=float32), array([[0.25269577, 0.49916288, 0.24814124],
       [0.02181951, 0.95845836, 0.01972216],
       [0.26299182, 0.47818407, 0.25882417]], dtype=float32), array([[0.38116392, 0.2128661 , 0.40596998],
       [0.10424598, 0.81227857, 0.08347543],
       [0.39708683, 0.16672374, 0.4361894 ]], dtype=float32), array([[0.30636907, 0.4231172 , 0.27051377],
       [0.11339915, 0.8340564 , 0.0525444 ],
       [0.3500311 , 0.25368485, 0.39628404]], dtype=float32), array([[0.277056  , 0.43973714, 0.28320682],
       [0.01792015, 0.9604263 , 0.02165361],
       [0.25597984, 0.48026845, 0.2637517 ]], dtype=float32), array([[0.4095763 , 0.17155589, 0.41886783],
       [0.09476379, 0.81558734, 0.08964884],
       [0.41455838, 0.16062623, 0.42481536]], dtype=float32), array([[0.40987274, 0.1714051 , 0.41872218],
       [0.10174072, 0.8015361 , 0.09672322],
       [0.41449782, 0.16130807, 0.4241941 ]], dtype=float32), array([[0.3202902 , 0.3548647 , 0.32484514],
       [0.01551419, 0.95711166, 0.02737422],
       [0.24862431, 0.47922865, 0.272147  ]], dtype=float32), array([[0.45722   , 0.12666255, 0.4161174 ],
       [0.09382924, 0.7963977 , 0.10977306],
       [0.43799216, 0.15597545, 0.40603238]], dtype=float32), array([[0.3274731 , 0.34956715, 0.32295978],
       [0.10719956, 0.82329834, 0.06950209],
       [0.35971916, 0.2524356 , 0.38784522]], dtype=float32), array([[0.41723102, 0.16375056, 0.41901842],
       [0.11339181, 0.77420765, 0.11240058],
       [0.41810855, 0.16196668, 0.41992477]], dtype=float32), array([[0.30502868, 0.45003533, 0.24493603],
       [0.16186985, 0.7710294 , 0.06710068],
       [0.34156808, 0.26015502, 0.39827687]], dtype=float32), array([[0.2913996 , 0.4097457 , 0.2988547 ],
       [0.02415092, 0.94415814, 0.03169098],
       [0.26017323, 0.4680787 , 0.2717481 ]], dtype=float32), array([[0.4164457 , 0.16470337, 0.41885087],
       [0.11758495, 0.7661904 , 0.11622466],
       [0.4176129 , 0.16231684, 0.4200702 ]], dtype=float32), array([[0.45663574, 0.1279282 , 0.41543603],
       [0.10277995, 0.7777594 , 0.11946068],
       [0.4377513 , 0.1566773 , 0.4055714 ]], dtype=float32), array([[0.41040236, 0.17149301, 0.41810462],
       [0.12358785, 0.7575079 , 0.11890422],
       [0.41414142, 0.16342996, 0.42242864]], dtype=float32), array([[0.28835517, 0.41649032, 0.2951545 ],
       [0.02719937, 0.938756  , 0.03404472],
       [0.2629543 , 0.4644368 , 0.27260897]], dtype=float32), array([[0.29263812, 0.407381  , 0.29998082],
       [0.0265462 , 0.9387794 , 0.03467431],
       [0.26193765, 0.46463352, 0.27342886]], dtype=float32), array([[0.26566815, 0.47184694, 0.2624849 ],
       [0.03682616, 0.9287594 , 0.03441437],
       [0.27254933, 0.45785215, 0.26959848]], dtype=float32), array([[0.26562977, 0.47193792, 0.26243237],
       [0.03676363, 0.9288912 , 0.03434521],
       [0.27254263, 0.4578778 , 0.26957956]], dtype=float32), array([[0.3241432 , 0.3483229 , 0.3275339 ],
       [0.01995121, 0.9451892 , 0.03485965],
       [0.25304288, 0.47019026, 0.27676687]], dtype=float32), array([[0.45565018, 0.12957455, 0.41477534],
       [0.10675605, 0.76950425, 0.12373978],
       [0.43687612, 0.15819103, 0.40493283]], dtype=float32), array([[0.41509736, 0.16695334, 0.41794932],
       [0.12364082, 0.7543879 , 0.12197119],
       [0.41647765, 0.16411887, 0.41940352]], dtype=float32), array([[0.29302576, 0.40665832, 0.30031592],
       [0.02722375, 0.9372786 , 0.03549754],
       [0.2625229 , 0.46352047, 0.27395663]], dtype=float32), array([[0.31342012, 0.4009083 , 0.28567165],
       [0.14310376, 0.781377  , 0.07551922],
       [0.3496117 , 0.25892273, 0.39146557]], dtype=float32), array([[0.29326487, 0.40619695, 0.3005382 ],
       [0.02747499, 0.9366989 , 0.03582618],
       [0.2627487 , 0.4630634 , 0.27418795]], dtype=float32), array([[0.31373382, 0.3999807 , 0.28628555],
       [0.14477088, 0.7784421 , 0.07678707],
       [0.34957078, 0.2590488 , 0.3913804 ]], dtype=float32), array([[0.29388592, 0.40499806, 0.30111608],
       [0.02847116, 0.93443435, 0.0370945 ],
       [0.26344976, 0.4616588 , 0.2748915 ]], dtype=float32)]","[array([nan, nan, nan], dtype=float32), array([1.1398976, 1.1398976, 1.1398976], dtype=float32), array([1.1471436, 1.1471436, 1.1471436], dtype=float32), array([1.1531975, 1.1531975, 1.1531975], dtype=float32), array([1.1587033, 1.1587033, 1.1587033], dtype=float32), array([1.1638768, 1.1638768, 1.1638768], dtype=float32), array([1.1687609, 1.1687609, 1.1687609], dtype=float32), array([1.1730801, 1.1730801, 1.1730801], dtype=float32), array([1.1767966, 1.1767966, 1.1767966], dtype=float32), array([1.1791577, 1.1791577, 1.1791577], dtype=float32), array([1.1817347, 1.1817347, 1.1817347], dtype=float32), array([nan, nan, nan], dtype=float32), array([1.1873637, 1.1873637, 1.1873637], dtype=float32), array([1.1904383, 1.1904383, 1.1904383], dtype=float32), array([1.193313, 1.193313, 1.193313], dtype=float32), array([1.1960734, 1.1960734, 1.1960734], dtype=float32), array([nan, nan, nan], dtype=float32), array([1.1992822, 1.1992822, 1.1992822], dtype=float32), array([1.2004001, 1.2004001, 1.2004001], dtype=float32), array([1.2007165, 1.2007165, 1.2007165], dtype=float32), array([1.2011579, 1.2011579, 1.2011579], dtype=float32), array([1.2026564, 1.2026564, 1.2026564], dtype=float32), array([1.2042158, 1.2042158, 1.2042158], dtype=float32), array([nan, nan, nan], dtype=float32), array([1.2069926, 1.2069926, 1.2069926], dtype=float32), array([1.2086242, 1.2086242, 1.2086242], dtype=float32), array([1.2103353, 1.2103353, 1.2103353], dtype=float32), array([1.2116324, 1.2116324, 1.2116324], dtype=float32), array([nan, nan, nan], dtype=float32), array([nan, nan, nan], dtype=float32), array([1.2192936, 1.2192936, 1.2192936], dtype=float32)]",1,0,0,0,0,0,13.222689075630257,20.099999999999994,0.00016046692651025183,0.0003592986475859185,9.76,9.76,2000,88000,88000,2000,0.32801171414535085,5.667580293966523e-10,0.4722185432910919,477665.9375,1.0,0.0013802934991,44.0,1362636,0.1901770979166031,-1.0,0.3460567593574524,81158,0.0034774888772517443,0.0,999.0,30969,-0.0028875567950308323,380.2876462205166,1.0,0.0393447157605,0.0,0.0013802934991,44.0,1362636,0.0,30969,23810,999.0,380.287423715972,93000,0,4092000,61938,104968,2725272,1142.0060072842775,6427406.922181812,6783257.095645667,2.0,9.5,2,50,0.0015595934503653552,2200,10.04,44.0,0.14660483625956156,0.0002770749203462533,100,10.5,88100,4.5666802581032835e-05,1.0067001111073661,1.0067001111073661,2,9.889380603356567e-05,10.04,0.0003697913808429325,0.0001656899848361738,4400,10.04,4400,100,100,7.023505247638423e-06,3.368746243643507e-05,2.0254401999320567e-05,7.654089778039586e-06,4.296298744891063e-05,2.8671579377163098e-05,0.00014951885781198024,4.732116455204418e-05,1.583603129660667e-05,2.8927872476683635e-05,2.1870965223186638e-05,0.052039047681929754,0.006530700111127545,0.04973827316121776,0.16460186485168538,0.034707381533920334,0.019381241946944988,0.0001731474511354462,-0.19037139415740967,108066,1.0,498.0,95.8756103515625,0.4722185730934143,1321.0,1364.0,-0.005372305866330862,4754904,0.17939803004264832,0.34404665,0.00286813429556787,9509808,651000,28644000,216132,10872.05313410243,498.0,108066,1321.0,1364.0,4754904,0.0,2.9771790109380232e-05,4.6671718083585725e-05,0.000152309364664925,2.2399357173965558e-05,2.9161964914282475e-05,1.647393935221561e-05,3.474715047378106e-05,7.698453889034991e-06,6.715731361517597e-06,2.0581494617092785e-05,4.232806565158433e-05
1,90000,False,45,cf747_00000,2025-08-18_00-23-38,1755476618,82.3148741722107,3770.3089604377747,760236,intrinsic-attention2,10.156.0.3,3770.3089604377747,45,85.94012801506923,1.4864516636103729e-05,85.93986766567865,2.5210627813421085,83.08121941447293,0.0019272513200132993,2.492314798621779,0.0002679699973668903,10.01,2,2000,10.5,2,90000,9.688612170333793e-05,1000,4.655672729975809e-05,1.0067001111073661,1.0067001111073661,44.0,0.0015154159303347114,2.0,45000,9.5,282.84774247626626,2000.0,3000.0,"[array([1.2224866, 1.2224866, 1.2224866], dtype=float32), array([1.2258943, 1.2258943, 1.2258943], dtype=float32), array([1.229269, 1.229269, 1.229269], dtype=float32), array([1.2326461, 1.2326461, 1.2326461], dtype=float32), array([1.2357866, 1.2357866, 1.2357866], dtype=float32), array([1.2374971, 1.2374971, 1.2374971], dtype=float32), array([1.2392408, 1.2392408, 1.2392408], dtype=float32), array([1.2405212, 1.2405212, 1.2405212], dtype=float32), array([1.2401105, 1.2401105, 1.2401105], dtype=float32), array([1.23966, 1.23966, 1.23966], dtype=float32), array([1.238981, 1.238981, 1.238981], dtype=float32), array([1.2384783, 1.2384783, 1.2384783], dtype=float32), array([1.2371293, 1.2371293, 1.2371293], dtype=float32), array([1.2361039, 1.2361039, 1.2361039], dtype=float32), array([1.2341338, 1.2341338, 1.2341338], dtype=float32), array([1.2327521, 1.2327521, 1.2327521], dtype=float32), array([1.2320857, 1.2320857, 1.2320857], dtype=float32), array([1.2317908, 1.2317908, 1.2317908], dtype=float32), array([1.2321461, 1.2321461, 1.2321461], dtype=float32), array([1.2329808, 1.2329808, 1.2329808], dtype=float32), array([1.2354003, 1.2354003, 1.2354003], dtype=float32), array([1.2401807, 1.2401807, 1.2401807], dtype=float32), array([1.2449988, 1.2449988, 1.2449988], dtype=float32), array([1.2494509, 1.2494509, 1.2494509], dtype=float32), array([1.2555196, 1.2555196, 1.2555196], dtype=float32), array([1.262222, 1.262222, 1.262222], dtype=float32), array([1.2661343, 1.2661343, 1.2661343], dtype=float32), array([1.2697011, 1.2697011, 1.2697011], dtype=float32), array([1.2745321, 1.2745321, 1.2745321], dtype=float32), array([1.2787917, 1.2787917, 1.2787917], dtype=float32), array([1.2841557, 1.2841557, 1.2841557], dtype=float32)]","[array([[0.3789627 , 0.2149578 , 0.40607947],
       [0.15112999, 0.7240118 , 0.12485826],
       [0.39317486, 0.17194697, 0.43487814]], dtype=float32), array([[0.45533046, 0.13046049, 0.41420904],
       [0.11016393, 0.76229364, 0.12754244],
       [0.43647143, 0.15915875, 0.40436986]], dtype=float32), array([[0.28994882, 0.4133521 , 0.29669908],
       [0.02903385, 0.9345948 , 0.03637132],
       [0.26440632, 0.46145582, 0.27413782]], dtype=float32), array([[0.32528692, 0.34641278, 0.3283003 ],
       [0.02148089, 0.9411408 , 0.03737833],
       [0.2545045 , 0.46728912, 0.27820638]], dtype=float32), array([[0.32943943, 0.34412384, 0.32643667],
       [0.12131848, 0.79697186, 0.08170965],
       [0.35912243, 0.2549792 , 0.38589838]], dtype=float32), array([[0.30723688, 0.44390905, 0.24885412],
       [0.17257689, 0.7532072 , 0.07421586],
       [0.34117112, 0.26171917, 0.3971097 ]], dtype=float32), array([[0.45560187, 0.1296506 , 0.41474754],
       [0.10432003, 0.77449393, 0.12118603],
       [0.43664044, 0.15856214, 0.4047974 ]], dtype=float32), array([[0.32158592, 0.35262847, 0.32578564],
       [0.01836282, 0.94963217, 0.03200501],
       [0.2512551 , 0.47400066, 0.27474424]], dtype=float32), array([[0.28517705, 0.42303136, 0.29179156],
       [0.02552892, 0.9429809 , 0.03149026],
       [0.26159585, 0.46781543, 0.27058876]], dtype=float32), array([[0.26290703, 0.47763637, 0.25945663],
       [0.03353851, 0.9353041 , 0.03115738],
       [0.27038658, 0.46241835, 0.26719508]], dtype=float32), array([[0.31140018, 0.40849313, 0.28010672],
       [0.13744871, 0.7931962 , 0.06935512],
       [0.34928262, 0.2570254 , 0.393692  ]], dtype=float32), array([[0.31064448, 0.41073328, 0.2786222 ],
       [0.13390888, 0.7993225 , 0.06676861],
       [0.34935352, 0.25678647, 0.39385998]], dtype=float32), array([[0.3263036 , 0.35291526, 0.32078117],
       [0.1059562 , 0.82629216, 0.06775167],
       [0.3593158 , 0.2527735 , 0.38791063]], dtype=float32), array([[0.2617724 , 0.48007226, 0.25815532],
       [0.03260576, 0.93720645, 0.03018777],
       [0.26959038, 0.46415892, 0.2662507 ]], dtype=float32), array([[0.29071063, 0.41102946, 0.29825997],
       [0.02492901, 0.9424512 , 0.0326198 ],
       [0.25988522, 0.46863616, 0.27147862]], dtype=float32), array([[0.40931067, 0.17396162, 0.41672775],
       [0.12606636, 0.75250703, 0.12142664],
       [0.41298595, 0.16605467, 0.42095932]], dtype=float32), array([[0.32248878, 0.35104647, 0.3264647 ],
       [0.02181706, 0.94061166, 0.03757126],
       [0.25349623, 0.46941775, 0.27708605]], dtype=float32), array([[0.28932413, 0.41451657, 0.29615936],
       [0.03144579, 0.9293742 , 0.03918002],
       [0.26450396, 0.46126518, 0.27423084]], dtype=float32), array([[0.3794308 , 0.21412903, 0.40644017],
       [0.15867056, 0.70878375, 0.13254568],
       [0.3931156 , 0.17300892, 0.43387547]], dtype=float32), array([[0.414142  , 0.16952404, 0.4163339 ],
       [0.1423057 , 0.7167418 , 0.14095251],
       [0.41516313, 0.16743983, 0.41739702]], dtype=float32), array([[0.29483142, 0.4034433 , 0.3017253 ],
       [0.03930521, 0.91114366, 0.04955125],
       [0.2684627 , 0.4525424 , 0.27899492]], dtype=float32), array([[0.27366707, 0.4546989 , 0.27163404],
       [0.05213089, 0.8978725 , 0.04999664],
       [0.2778951 , 0.44613516, 0.2759698 ]], dtype=float32), array([[0.31374687, 0.42872664, 0.2575265 ],
       [0.20792928, 0.69514877, 0.096922  ],
       [0.33898732, 0.26305634, 0.3979563 ]], dtype=float32), array([[0.410701  , 0.17384726, 0.4154518 ],
       [0.16279112, 0.6774939 , 0.15971507],
       [0.41279194, 0.16947031, 0.41773778]], dtype=float32), array([[0.3148973 , 0.42564085, 0.25946185],
       [0.21428974, 0.68406516, 0.10164504],
       [0.33863354, 0.2635024 , 0.397864  ]], dtype=float32), array([[0.29872304, 0.39569345, 0.30558348],
       [0.04560351, 0.8963905 , 0.05800603],
       [0.27113762, 0.44657415, 0.28228822]], dtype=float32), array([[0.30026093, 0.39267793, 0.30706117],
       [0.04812218, 0.890486  , 0.06139183],
       [0.27224523, 0.44415772, 0.28359696]], dtype=float32), array([[0.41065446, 0.17508526, 0.41426036],
       [0.17940345, 0.64352787, 0.17706867],
       [0.41217533, 0.17193693, 0.41588774]], dtype=float32), array([[0.45256904, 0.13846825, 0.4089627 ],
       [0.16175199, 0.6559157 , 0.18233234],
       [0.43429843, 0.16575581, 0.39994583]], dtype=float32), array([[0.41086513, 0.17594881, 0.41318604],
       [0.18775794, 0.6259799 , 0.18626218],
       [0.41183075, 0.17397465, 0.4141946 ]], dtype=float32), array([[0.4106532 , 0.17699097, 0.41235587],
       [0.19435938, 0.6123747 , 0.1932659 ],
       [0.4113536 , 0.17556742, 0.413079  ]], dtype=float32)]","[array([1.222487, 1.222487, 1.222487], dtype=float32), array([nan, nan, nan], dtype=float32), array([nan, nan, nan], dtype=float32), array([1.232646, 1.232646, 1.232646], dtype=float32), array([nan, nan, nan], dtype=float32), array([nan, nan, nan], dtype=float32), array([1.2392411, 1.2392411, 1.2392411], dtype=float32), array([nan, nan, nan], dtype=float32), array([nan, nan, nan], dtype=float32), array([nan, nan, nan], dtype=float32), array([nan, nan, nan], dtype=float32), array([1.2384783, 1.2384783, 1.2384783], dtype=float32), array([nan, nan, nan], dtype=float32), array([nan, nan, nan], dtype=float32), array([1.234134, 1.234134, 1.234134], dtype=float32), array([1.2327522, 1.2327522, 1.2327522], dtype=float32), array([nan, nan, nan], dtype=float32), array([nan, nan, nan], dtype=float32), array([nan, nan, nan], dtype=float32), array([nan, nan, nan], dtype=float32), array([1.2354002, 1.2354002, 1.2354002], dtype=float32), array([nan, nan, nan], dtype=float32), array([nan, nan, nan], dtype=float32), array([1.249451, 1.249451, 1.249451], dtype=float32), array([nan, nan, nan], dtype=float32), array([1.2622219, 1.2622219, 1.2622219], dtype=float32), array([nan, nan, nan], dtype=float32), array([nan, nan, nan], dtype=float32), array([1.274532, 1.274532, 1.274532], dtype=float32), array([nan, nan, nan], dtype=float32), array([1.2841556, 1.2841556, 1.2841556], dtype=float32)]",1,0,0,0,0,0,11.092307692307692,19.392307692307682,0.00016058938003075534,0.00035876719490767037,10.01,10.01,2000,90000,90000,2000,0.3278405669438282,2.8337901469832616e-10,0.4722185432910919,472546.15625,1.0,0.0013802934991,45.0,1393605,0.1987091451883316,-1.0,0.349368155002594,81158,0.0005356682231649756,0.0,999.0,30969,0.0004356172285042703,380.4892977322658,1.0,0.0393447157605,0.0,0.0013802934991,45.0,1393605,0.0,30969,23810,999.0,380.4890798741245,93000,0,4185000,61938,104968,2787210,1142.6115148468868,6430099.051505236,6787815.603154804,2.0,9.5,2,50,0.0015700285497587175,2250,10.04,45.0,0.14642314304694867,0.00027588500113684525,100,10.5,90100,4.571776466543548e-05,1.0067001111073661,1.0067001111073661,2,9.935975349864756e-05,10.04,0.0003685482223451258,0.0001626672618210523,4500,10.04,4500,100,100,6.997779037392735e-06,3.406462535273069e-05,2.04761919840463e-05,7.663917381388852e-06,4.2623529086016164e-05,2.893101169157135e-05,0.0001486321052679696,4.755246299529091e-05,1.599202613928271e-05,2.8641923196745175e-05,2.1909012829634493e-05,0.05205408577511184,0.00652543595006657,0.04970536853953972,0.16456986548326435,0.03463629705858821,0.019334871897546613,0.0001733045166154333,-0.2197420597076416,108066,1.0,498.0,95.92205810546875,0.4722185730934143,1351.0,1395.0,-0.000524164701346308,4862970,0.19089055061340332,0.34847537,0.0003505052882246673,9725940,651000,29295000,216132,10859.908645053927,498.0,108066,1351.0,1395.0,4862970,0.0,2.97641117201561e-05,4.674752921294028e-05,0.00015245309463657225,2.220608174830829e-05,2.9232084269923837e-05,1.6396684992373187e-05,3.371037713095101e-05,7.593401562791322e-06,6.5270568623665715e-06,1.9976049107931236e-05,4.210872590219287e-05
1,92000,False,46,cf747_00000,2025-08-18_00-25-03,1755476703,84.78903794288635,3855.097998380661,760236,intrinsic-attention2,10.156.0.3,3855.097998380661,46,85.92713530971855,1.482599134200353e-05,85.92687446285181,2.520524717588707,83.06896153857815,0.0019250346367709922,2.491776647345557,0.0002679699973668903,10.02,2,2000,10.5,2,92000,9.33944065467964e-05,1000,4.502689998086994e-05,1.0067001111073661,1.0067001111073661,45.0,0.0014779653496225364,2.0,46000,9.5,273.7543398856698,2000.0,3000.0,"[array([1.2869931, 1.2869931, 1.2869931], dtype=float32), array([1.2891351, 1.2891351, 1.2891351], dtype=float32), array([1.291195, 1.291195, 1.291195], dtype=float32), array([1.2935773, 1.2935773, 1.2935773], dtype=float32), array([1.2949773, 1.2949773, 1.2949773], dtype=float32), array([1.2957904, 1.2957904, 1.2957904], dtype=float32), array([1.2961829, 1.2961829, 1.2961829], dtype=float32), array([1.2962922, 1.2962922, 1.2962922], dtype=float32), array([1.296983, 1.296983, 1.296983], dtype=float32), array([1.2974919, 1.2974919, 1.2974919], dtype=float32), array([1.2966088, 1.2966088, 1.2966088], dtype=float32), array([1.295718, 1.295718, 1.295718], dtype=float32), array([1.2947298, 1.2947298, 1.2947298], dtype=float32), array([1.2937696, 1.2937696, 1.2937696], dtype=float32), array([1.2917173, 1.2917173, 1.2917173], dtype=float32), array([1.2906104, 1.2906104, 1.2906104], dtype=float32), array([1.2878197, 1.2878197, 1.2878197], dtype=float32), array([1.2851733, 1.2851733, 1.2851733], dtype=float32), array([1.2826575, 1.2826575, 1.2826575], dtype=float32), array([1.2807548, 1.2807548, 1.2807548], dtype=float32), array([1.2798412, 1.2798412, 1.2798412], dtype=float32), array([1.2799124, 1.2799124, 1.2799124], dtype=float32), array([1.2904404, 1.2904404, 1.2904404], dtype=float32), array([1.3141373, 1.3141373, 1.3141373], dtype=float32), array([1.3509349, 1.3509349, 1.3509349], dtype=float32), array([1.419224, 1.419224, 1.419224], dtype=float32), array([1.5177156, 1.5177156, 1.5177156], dtype=float32), array([1.6496562, 1.6496562, 1.6496562], dtype=float32), array([1.7805463, 1.7805463, 1.7805463], dtype=float32), array([1.9263248, 1.9263248, 1.9263248], dtype=float32), array([2.0652485, 2.0652485, 2.0652485], dtype=float32)]","[array([[0.33458468, 0.33138615, 0.33402917],
       [0.05152527, 0.864549  , 0.08392576],
       [0.27008745, 0.4364449 , 0.29346764]], dtype=float32), array([[0.4101498 , 0.1798036 , 0.41004664],
       [0.21261334, 0.5747087 , 0.21267788],
       [0.4101088 , 0.17988546, 0.4100057 ]], dtype=float32), array([[0.4051272 , 0.18622026, 0.4086526 ],
       [0.22463387, 0.5529766 , 0.22238941],
       [0.40649536, 0.18338642, 0.41011816]], dtype=float32), array([[0.3760944 , 0.22125942, 0.40264612],
       [0.25169683, 0.5189704 , 0.22933283],
       [0.3855467 , 0.19303842, 0.42141488]], dtype=float32), array([[0.32662585, 0.38853437, 0.28483975],
       [0.28442106, 0.5453721 , 0.17020674],
       [0.33445847, 0.27301472, 0.39252684]], dtype=float32), array([[0.49201328, 0.16217175, 0.34581494],
       [0.09114906, 0.7321554 , 0.17669553],
       [0.3473118 , 0.31573614, 0.3369521 ]], dtype=float32), array([[0.315695  , 0.3634839 , 0.32082114],
       [0.10150331, 0.7705369 , 0.12795977],
       [0.28819585, 0.41162637, 0.30017772]], dtype=float32), array([[0.3347646 , 0.3287283 , 0.33650717],
       [0.23880471, 0.5753837 , 0.18581156],
       [0.35192525, 0.26749954, 0.38057527]], dtype=float32), array([[0.40111762, 0.19817446, 0.40070796],
       [0.24422082, 0.5112967 , 0.24448247],
       [0.40095067, 0.19850694, 0.40054238]], dtype=float32), array([[0.40337825, 0.1971201 , 0.39950165],
       [0.24623038, 0.50514144, 0.24862811],
       [0.40178913, 0.20017926, 0.39803165]], dtype=float32), array([[0.40255058, 0.20146899, 0.39598048],
       [0.26752746, 0.46145523, 0.27101737],
       [0.4000337 , 0.20618626, 0.39377996]], dtype=float32), array([[0.3316181 , 0.34228712, 0.32609478],
       [0.29631022, 0.47229323, 0.23139656],
       [0.34119016, 0.27967492, 0.37913492]], dtype=float32), array([[0.36992255, 0.24006522, 0.39001223],
       [0.3026701 , 0.40527606, 0.29205388],
       [0.37597713, 0.2233088 , 0.40071404]], dtype=float32), array([[0.34604055, 0.31545323, 0.3385062 ],
       [0.16052867, 0.618239  , 0.22123234],
       [0.29889855, 0.3838735 , 0.317228  ]], dtype=float32), array([[0.3339299 , 0.3539266 , 0.3121436 ],
       [0.33129045, 0.4099927 , 0.25871688],
       [0.3292705 , 0.29155967, 0.37916985]], dtype=float32), array([[0.36490318, 0.25128856, 0.3838083 ],
       [0.3224739 , 0.35979933, 0.31772676],
       [0.3695161 , 0.23836963, 0.39211428]], dtype=float32), array([[0.41647324, 0.20856315, 0.37496364],
       [0.31470633, 0.36361006, 0.32168365],
       [0.40218765, 0.2286655 , 0.36914682]], dtype=float32), array([[0.37969115, 0.24024557, 0.3800633 ],
       [0.32014453, 0.3597909 , 0.32006454],
       [0.37980288, 0.24002098, 0.38017616]], dtype=float32), array([[0.39083868, 0.23335344, 0.37580794],
       [0.32151434, 0.3545699 , 0.32391578],
       [0.38602054, 0.24148515, 0.37249434]], dtype=float32), array([[0.40632465, 0.22667553, 0.3669999 ],
       [0.32913485, 0.3398809 , 0.3309843 ],
       [0.3934822 , 0.24439783, 0.36211994]], dtype=float32), array([[0.34784806, 0.31475818, 0.33739373],
       [0.23618162, 0.47204125, 0.29177713],
       [0.31281334, 0.36052087, 0.32666582]], dtype=float32), array([[0.40221676, 0.23393908, 0.36384413],
       [0.33305576, 0.33375853, 0.3331857 ],
       [0.3898914 , 0.25078437, 0.35932437]], dtype=float32), array([[0.33526483, 0.33051476, 0.33422035],
       [0.2369783 , 0.48577103, 0.27725068],
       [0.31354192, 0.36275852, 0.3236996 ]], dtype=float32), array([[0.3334899 , 0.3352165 , 0.3312936 ],
       [0.3348882 , 0.36238116, 0.30273062],
       [0.32942915, 0.301322  , 0.3692488 ]], dtype=float32), array([[0.38025665, 0.24820317, 0.3715401 ],
       [0.33091956, 0.337791  , 0.33128944],
       [0.3777641 , 0.25264314, 0.36959273]], dtype=float32), array([[0.32180285, 0.35255256, 0.32564458],
       [0.16062807, 0.64684486, 0.19252712],
       [0.30011198, 0.389434  , 0.310454  ]], dtype=float32), array([[0.4177849 , 0.188524  , 0.39369115],
       [0.16312666, 0.6558916 , 0.18098177],
       [0.4023883 , 0.21377958, 0.3838321 ]], dtype=float32), array([[0.43336293, 0.16498399, 0.4016531 ],
       [0.03837485, 0.9123843 , 0.04924084],
       [0.40356275, 0.21270634, 0.38373092]], dtype=float32), array([[0.25033075, 0.5835876 , 0.16608159],
       [0.0341164 , 0.9591135 , 0.00677011],
       [0.34622726, 0.24142294, 0.4123498 ]], dtype=float32), array([[2.2771679e-01, 5.3289819e-01, 2.3938505e-01],
       [1.1610306e-04, 9.9968624e-01, 1.9775031e-04],
       [1.7026876e-01, 6.4558870e-01, 1.8414252e-01]], dtype=float32), array([[1.6354659e-01, 7.5366759e-01, 8.2785875e-02],
       [2.9603862e-03, 9.9681818e-01, 2.2138587e-04],
       [3.4871277e-01, 2.3740663e-01, 4.1388065e-01]], dtype=float32)]","[array([nan, nan, nan], dtype=float32), array([nan, nan, nan], dtype=float32), array([nan, nan, nan], dtype=float32), array([nan, nan, nan], dtype=float32), array([nan, nan, nan], dtype=float32), array([nan, nan, nan], dtype=float32), array([nan, nan, nan], dtype=float32), array([nan, nan, nan], dtype=float32), array([nan, nan, nan], dtype=float32), array([nan, nan, nan], dtype=float32), array([nan, nan, nan], dtype=float32), array([nan, nan, nan], dtype=float32), array([nan, nan, nan], dtype=float32), array([nan, nan, nan], dtype=float32), array([nan, nan, nan], dtype=float32), array([nan, nan, nan], dtype=float32), array([nan, nan, nan], dtype=float32), array([nan, nan, nan], dtype=float32), array([nan, nan, nan], dtype=float32), array([nan, nan, nan], dtype=float32), array([nan, nan, nan], dtype=float32), array([nan, nan, nan], dtype=float32), array([nan, nan, nan], dtype=float32), array([nan, nan, nan], dtype=float32), array([nan, nan, nan], dtype=float32), array([nan, nan, nan], dtype=float32), array([nan, nan, nan], dtype=float32), array([nan, nan, nan], dtype=float32), array([nan, nan, nan], dtype=float32), array([nan, nan, nan], dtype=float32), array([nan, nan, nan], dtype=float32)]",1,0,0,0,0,0,9.016528925619836,18.699999999999996,0.0001547872105253122,0.00034727385424292915,10.02,10.02,2000,92000,92000,2000,0.3276577051443938,4.2506853592527705e-10,0.4722185432910919,451122.53125,1.0,0.0013802934991,46.0,1424574,0.4363868832588196,-1.0,0.39507535099983215,81158,0.12515540421009064,0.0,999.0,30969,0.04647088423371315,380.2238854197528,1.0,0.0393447157605,0.0,0.0013802934991,46.0,1424574,0.0,30969,23810,999.0,380.2236720013874,93000,0,4278000,61938,104968,2849148,1141.8144281392974,6416160.062109605,6774284.984172634,2.0,-10.5,2,50,0.001596629129635403,2300,7.84,46.0,0.14629346673645374,0.0002747021311117048,100,10.5,92100,4.674235324590428e-05,1.0067001111073661,1.0067001111073661,2,0.00010270511899575242,7.84,0.00038013008711698426,0.00016778662225896588,4600,7.84,4600,100,100,6.669854384084457e-06,3.242833911858167e-05,1.9553148859543524e-05,7.312880381595864e-06,4.1748046308255686e-05,2.7858383309382586e-05,0.0001431520211557557,4.582718731928211e-05,1.5575478213391997e-05,2.7945078389275598e-05,2.12078345586461e-05,0.05205520965729638,0.006524292890436906,0.04965903872416142,0.1645468315883568,0.03456769529787487,0.019289108898540505,0.00017326503134710967,-1.0,108066,1.0,498.0,105.40168762207031,0.4722185730934143,1381.0,1426.0,-0.09226730465888977,4971036,0.4526711106300354,0.28348088,0.16949522495269775,9942072,651000,29946000,216132,10836.543191348486,498.0,108066,1381.0,1426.0,4971036,0.0,3.1287134094358305e-05,4.801584641549852e-05,0.00015641422150697824,2.3183655171846454e-05,2.993528137123336e-05,1.7106492191115218e-05,3.474509937927059e-05,7.803174914486096e-06,6.880865073979983e-06,2.0748977988349903e-05,4.320624982714051e-05
1,94000,False,47,cf747_00000,2025-08-18_00-26-25,1755476785,82.20975184440613,3937.307750225067,760236,intrinsic-attention2,10.156.0.3,3937.307750225067,47,85.88846789233146,1.4783111451016151e-05,85.88820655775324,2.520656689362828,83.03030881794228,0.001923212330412973,2.491913010782087,0.0002679699973668903,6.64,2,2000,10.5,2,94000,9.576600036134761e-05,1000,4.5478888849361566e-05,1.0067001111073661,1.0067001111073661,46.0,0.0014907509005570318,2.0,47000,-10.5,264.9220557761465,2000.0,3000.0,"[array([2.2002184, 2.2002184, 2.2002184], dtype=float32), array([2.321673, 2.321673, 2.321673], dtype=float32), array([2.4307652, 2.4307652, 2.4307652], dtype=float32), array([2.5282655, 2.5282655, 2.5282655], dtype=float32), array([2.6156468, 2.6156468, 2.6156468], dtype=float32), array([2.6933415, 2.6933415, 2.6933415], dtype=float32), array([2.7625628, 2.7625628, 2.7625628], dtype=float32), array([2.824144, 2.824144, 2.824144], dtype=float32), array([2.8785796, 2.8785796, 2.8785796], dtype=float32), array([2.9262009, 2.9262009, 2.9262009], dtype=float32), array([2.9684527, 2.9684527, 2.9684527], dtype=float32), array([3.0055914, 3.0055914, 3.0055914], dtype=float32), array([3.0383608, 3.0383608, 3.0383608], dtype=float32), array([3.0679357, 3.0679357, 3.0679357], dtype=float32), array([3.0944173, 3.0944173, 3.0944173], dtype=float32), array([3.1175487, 3.1175487, 3.1175487], dtype=float32), array([3.1370518, 3.1370518, 3.1370518], dtype=float32), array([3.1534793, 3.1534793, 3.1534793], dtype=float32), array([3.1672719, 3.1672719, 3.1672719], dtype=float32), array([3.180126, 3.180126, 3.180126], dtype=float32), array([3.1912272, 3.1912272, 3.1912272], dtype=float32), array([3.2002287, 3.2002287, 3.2002287], dtype=float32), array([3.208651, 3.208651, 3.208651], dtype=float32), array([3.2152014, 3.2152014, 3.2152014], dtype=float32), array([3.2210877, 3.2210877, 3.2210877], dtype=float32), array([3.225521, 3.225521, 3.225521], dtype=float32), array([3.2281227, 3.2281227, 3.2281227], dtype=float32), array([3.2303607, 3.2303607, 3.2303607], dtype=float32), array([3.2310758, 3.2310758, 3.2310758], dtype=float32), array([3.2316434, 3.2316434, 3.2316434], dtype=float32), array([3.2313955, 3.2313955, 3.2313955], dtype=float32)]","[array([[5.1807606e-01, 3.0033909e-02, 4.5189008e-01],
       [6.5497719e-05, 9.9983037e-01, 1.0399862e-04],
       [4.9919614e-01, 5.2680697e-02, 4.4812307e-01]], dtype=float32), array([[4.4790149e-01, 6.1598964e-02, 4.9049956e-01],
       [3.1335821e-05, 9.9994922e-01, 1.9489016e-05],
       [4.5414191e-01, 3.5471149e-02, 5.1038688e-01]], dtype=float32), array([[3.0284194e-02, 9.4546008e-01, 2.4255749e-02],
       [2.3026494e-08, 1.0000000e+00, 7.4051911e-09],
       [6.9517471e-02, 8.7142760e-01, 5.9054930e-02]], dtype=float32), array([[1.3710271e-01, 7.2746688e-01, 1.3543040e-01],
       [2.6958040e-09, 1.0000000e+00, 2.3316895e-09],
       [1.5072121e-01, 7.0025045e-01, 1.4902830e-01]], dtype=float32), array([[1.4219785e-02, 9.8340088e-01, 2.3793059e-03],
       [5.6133774e-07, 9.9999940e-01, 1.2920843e-09],
       [3.3640265e-01, 3.2004163e-01, 3.4355581e-01]], dtype=float32), array([[1.24403566e-01, 7.44475663e-01, 1.31120831e-01],
       [5.97047628e-12, 1.00000000e+00, 1.27619044e-11],
       [7.03611225e-02, 8.53921235e-01, 7.57176653e-02]], dtype=float32), array([[1.1138190e-02, 9.8596823e-01, 2.8935678e-03],
       [5.4055942e-09, 1.0000000e+00, 1.7673361e-11],
       [3.2445392e-01, 3.6145839e-01, 3.1408769e-01]], dtype=float32), array([[3.9066076e-03, 9.9005109e-01, 6.0423398e-03],
       [1.1659913e-16, 1.0000000e+00, 2.0994999e-15],
       [3.3861358e-04, 9.9902594e-01, 6.3548196e-04]], dtype=float32), array([[1.9521662e-03, 9.9685174e-01, 1.1960173e-03],
       [6.0001862e-14, 1.0000000e+00, 5.4867042e-15],
       [1.2832663e-02, 9.7803795e-01, 9.1294143e-03]], dtype=float32), array([[4.0268973e-03, 9.9516273e-01, 8.1033137e-04],
       [7.2909886e-11, 1.0000000e+00, 8.1845927e-14],
       [3.0400556e-01, 4.1910535e-01, 2.7688915e-01]], dtype=float32), array([[9.9676079e-04, 9.9843103e-01, 5.7217490e-04],
       [2.5756701e-15, 1.0000000e+00, 1.7333235e-16],
       [8.3954586e-03, 9.8587960e-01, 5.7249214e-03]], dtype=float32), array([[8.3659899e-01, 4.2029780e-05, 1.6335905e-01],
       [1.3120605e-15, 1.0000000e+00, 3.7467100e-13],
       [5.8023345e-01, 4.2629760e-02, 3.7713677e-01]], dtype=float32), array([[3.2845656e-03, 9.9587172e-01, 8.4377790e-04],
       [9.7346252e-13, 1.0000000e+00, 1.3535652e-15],
       [2.8328922e-01, 4.6490684e-01, 2.5180390e-01]], dtype=float32), array([[6.8387389e-01, 1.5607809e-05, 3.1611046e-01],
       [1.1160463e-12, 1.0000000e+00, 8.1408214e-12],
       [6.3919061e-01, 2.3020749e-04, 3.6057916e-01]], dtype=float32), array([[4.8206928e-03, 9.9051452e-01, 4.6648220e-03],
       [2.3822926e-18, 1.0000000e+00, 1.8544965e-18],
       [5.9786299e-03, 9.8822826e-01, 5.7930928e-03]], dtype=float32), array([[2.9602976e-04, 9.9955279e-01, 1.5121019e-04],
       [8.1519526e-18, 1.0000000e+00, 3.1496851e-19],
       [3.8904820e-03, 9.9364942e-01, 2.4601398e-03]], dtype=float32), array([[3.3309197e-03, 9.9345028e-01, 3.2188171e-03],
       [2.7883809e-19, 1.0000000e+00, 2.1570951e-19],
       [4.1540116e-03, 9.9182630e-01, 4.0195747e-03]], dtype=float32), array([[3.9100625e-05, 9.9995422e-01, 6.7247702e-06],
       [3.3595216e-17, 1.0000000e+00, 4.6666651e-20],
       [4.8088422e-03, 9.9328351e-01, 1.9077080e-03]], dtype=float32), array([[3.5376379e-03, 9.9247688e-01, 3.9855209e-03],
       [7.9021259e-21, 1.0000000e+00, 2.1031820e-20],
       [1.5039301e-03, 9.9677062e-01, 1.7254222e-03]], dtype=float32), array([[1.5348969e-04, 9.9984205e-01, 4.3615860e-06],
       [3.0159225e-13, 1.0000000e+00, 2.5269375e-18],
       [2.7113658e-01, 5.2077371e-01, 2.0808980e-01]], dtype=float32), array([[6.3297188e-01, 9.9192548e-06, 3.6701819e-01],
       [3.6215978e-14, 1.0000000e+00, 1.6635218e-13],
       [6.0894233e-01, 7.5595548e-05, 3.9098212e-01]], dtype=float32), array([[1.1720297e-04, 9.9987984e-01, 3.0129233e-06],
       [1.2510472e-13, 1.0000000e+00, 7.5611804e-19],
       [2.6592982e-01, 5.3338879e-01, 2.0068134e-01]], dtype=float32), array([[5.8811653e-02, 8.6724389e-01, 7.3944435e-02],
       [2.6941556e-23, 1.0000000e+00, 2.2431329e-21],
       [1.0211517e-03, 9.9714440e-01, 1.8343378e-03]], dtype=float32), array([[3.5479986e-03, 9.9246937e-01, 3.9826282e-03],
       [4.7329221e-22, 1.0000000e+00, 1.2957964e-21],
       [1.4611126e-03, 9.9686855e-01, 1.6703698e-03]], dtype=float32), array([[1.3999546e-05, 9.9998415e-01, 1.9498184e-06],
       [8.5159991e-19, 1.0000000e+00, 5.5350141e-22],
       [2.9877990e-03, 9.9593973e-01, 1.0724314e-03]], dtype=float32), array([[5.2032873e-02, 8.8174361e-01, 6.6223525e-02],
       [5.5005311e-24, 1.0000000e+00, 5.2779828e-22],
       [7.8098598e-04, 9.9778241e-01, 1.4366598e-03]], dtype=float32), array([[1.1072895e-03, 9.9782550e-01, 1.0672520e-03],
       [4.8508559e-22, 1.0000000e+00, 3.7191669e-22],
       [1.3912207e-03, 9.9726629e-01, 1.3425783e-03]], dtype=float32), array([[3.4085207e-02, 9.0302062e-01, 6.2894218e-02],
       [2.1498458e-30, 1.0000000e+00, 7.5607244e-25],
       [1.9804199e-07, 9.9999619e-01, 3.5471739e-06]], dtype=float32), array([[1.0333672e-05, 9.9998832e-01, 1.3452244e-06],
       [3.0376548e-19, 1.0000000e+00, 1.5626703e-22],
       [2.6058157e-03, 9.9648786e-01, 9.0633903e-04]], dtype=float32), array([[7.3149848e-01, 6.0949249e-05, 2.6844051e-01],
       [6.3994890e-19, 1.0000000e+00, 5.5965578e-17],
       [5.9593755e-01, 1.1833012e-02, 3.9222950e-01]], dtype=float32), array([[2.3911649e-03, 9.9491173e-01, 2.6970927e-03],
       [4.9576547e-23, 1.0000000e+00, 1.3821116e-22],
       [9.7037276e-04, 9.9791521e-01, 1.1144737e-03]], dtype=float32)]","[array([2.2002182, 2.2002182, 2.2002182], dtype=float32), array([2.3216727, 2.3216727, 2.3216727], dtype=float32), array([2.4307652, 2.4307652, 2.4307652], dtype=float32), array([2.5282655, 2.5282655, 2.5282655], dtype=float32), array([2.6156468, 2.6156468, 2.6156468], dtype=float32), array([2.6933417, 2.6933417, 2.6933417], dtype=float32), array([2.762563, 2.762563, 2.762563], dtype=float32), array([2.8241441, 2.8241441, 2.8241441], dtype=float32), array([2.8785796, 2.8785796, 2.8785796], dtype=float32), array([2.926201, 2.926201, 2.926201], dtype=float32), array([2.9684527, 2.9684527, 2.9684527], dtype=float32), array([3.0055912, 3.0055912, 3.0055912], dtype=float32), array([3.0383613, 3.0383613, 3.0383613], dtype=float32), array([3.0679357, 3.0679357, 3.0679357], dtype=float32), array([3.0944169, 3.0944169, 3.0944169], dtype=float32), array([3.1175485, 3.1175485, 3.1175485], dtype=float32), array([3.1370518, 3.1370518, 3.1370518], dtype=float32), array([3.1534793, 3.1534793, 3.1534793], dtype=float32), array([3.1672719, 3.1672719, 3.1672719], dtype=float32), array([3.1801257, 3.1801257, 3.1801257], dtype=float32), array([3.1912272, 3.1912272, 3.1912272], dtype=float32), array([3.2002285, 3.2002285, 3.2002285], dtype=float32), array([3.2086515, 3.2086515, 3.2086515], dtype=float32), array([3.215201, 3.215201, 3.215201], dtype=float32), array([3.2210872, 3.2210872, 3.2210872], dtype=float32), array([3.2255208, 3.2255208, 3.2255208], dtype=float32), array([3.2281225, 3.2281225, 3.2281225], dtype=float32), array([3.2303607, 3.2303607, 3.2303607], dtype=float32), array([3.2310753, 3.2310753, 3.2310753], dtype=float32), array([3.2316434, 3.2316434, 3.2316434], dtype=float32), array([3.2313955, 3.2313955, 3.2313955], dtype=float32)]",1,0,0,0,0,0,7.491525423728813,18.237288135593225,0.00015663521807297542,0.0003501271205792805,6.64,6.64,2000,94000,94000,2000,0.3275245475629476,4.2506853592527705e-10,0.4722185432910919,371332.8125,1.0,0.0013802934991,47.0,1455543,0.41778451204299927,-1.0,0.36063098907470703,81158,0.026729809120297432,0.0,999.0,30969,0.012000802904367447,380.34585115177356,1.0,0.0393447157605,0.0,0.0013802934991,47.0,1455543,0.0,30969,23810,999.0,380.34564241397976,93000,0,4371000,61938,104968,2911086,1142.1806396734528,6404885.458006105,6759415.985385833,2.0,-10.5,2,50,0.0016354628901171964,2350,7.04,47.0,0.1461732634790573,0.0002736399097364893,100,10.5,94100,4.745690729302818e-05,1.0067001111073661,1.0067001111073661,2,0.00010330891988439088,7.04,0.00038376400301937076,0.00017021736218197328,4700,7.04,4700,100,100,6.866120177009547e-06,3.3000635586452334e-05,1.9885252195167253e-05,7.452361381839967e-06,4.142603199665505e-05,2.824239394837638e-05,0.0001443108564821695,4.6296673939358576e-05,1.5484538425942004e-05,2.7990335912577e-05,2.1346517001232775e-05,0.05205365364064141,0.00651947331161059,0.04962989837693404,0.16455277263252951,0.0345087645547909,0.019243232319558018,0.00017335128108842492,-0.035981059074401855,108066,1.0,498.0,110.03428649902344,0.4722185730934143,1411.0,1457.0,-0.066341333091259,5079102,0.4122409522533417,0.28680372,0.028121480718255043,10158204,651000,30597000,216132,10825.857338190754,498.0,108066,1411.0,1457.0,5079102,0.0,3.154776131798136e-05,4.877514793727455e-05,0.00015784468655123131,2.332613795672955e-05,3.0321728663632365e-05,1.7173390228064414e-05,3.5242694763573935e-05,7.927690806544565e-06,6.977836858203844e-06,2.0855233609658015e-05,4.3658577622384156e-05
1,96000,False,48,cf747_00000,2025-08-18_00-27-49,1755476869,83.55817151069641,4020.8659217357635,760236,intrinsic-attention2,10.156.0.3,4020.8659217357635,48,85.86370119290815,1.4757590348153632e-05,85.86343922864563,2.5210568442790904,83.00520593948278,0.001921483637098872,2.492295538274332,0.0002679699973668903,8.01,2,2000,10.5,2,96000,9.686940088028852e-05,1000,4.657614192873903e-05,1.0067001111073661,1.0067001111073661,47.0,0.0015289946297707502,2.0,48000,-10.5,256.3493873734497,2000.0,3000.0,"[array([3.2308154, 3.2308154, 3.2308154], dtype=float32), array([3.2304678, 3.2304678, 3.2304678], dtype=float32), array([3.2305615, 3.2305615, 3.2305615], dtype=float32), array([3.2309427, 3.2309427, 3.2309427], dtype=float32), array([3.2313704, 3.2313704, 3.2313704], dtype=float32), array([3.2313373, 3.2313373, 3.2313373], dtype=float32), array([3.231243, 3.231243, 3.231243], dtype=float32), array([3.2307575, 3.2307575, 3.2307575], dtype=float32), array([3.2298367, 3.2298367, 3.2298367], dtype=float32), array([3.22879, 3.22879, 3.22879], dtype=float32), array([3.227505, 3.227505, 3.227505], dtype=float32), array([3.225913, 3.225913, 3.225913], dtype=float32), array([3.2240143, 3.2240143, 3.2240143], dtype=float32), array([3.2220232, 3.2220232, 3.2220232], dtype=float32), array([3.220508, 3.220508, 3.220508], dtype=float32), array([3.2187529, 3.2187529, 3.2187529], dtype=float32), array([3.2166452, 3.2166452, 3.2166452], dtype=float32), array([3.2142928, 3.2142928, 3.2142928], dtype=float32), array([3.211952, 3.211952, 3.211952], dtype=float32), array([3.2092893, 3.2092893, 3.2092893], dtype=float32), array([3.206912, 3.206912, 3.206912], dtype=float32), array([3.2046895, 3.2046895, 3.2046895], dtype=float32), array([3.2028437, 3.2028437, 3.2028437], dtype=float32), array([3.2010689, 3.2010689, 3.2010689], dtype=float32), array([3.199416, 3.199416, 3.199416], dtype=float32), array([3.1982508, 3.1982508, 3.1982508], dtype=float32), array([3.196693, 3.196693, 3.196693], dtype=float32), array([3.1959188, 3.1959188, 3.1959188], dtype=float32), array([3.1955564, 3.1955564, 3.1955564], dtype=float32), array([3.1954818, 3.1954818, 3.1954818], dtype=float32), array([3.1952934, 3.1952934, 3.1952934], dtype=float32)]","[array([[7.9398349e-05, 9.9988496e-01, 3.5644411e-05],
       [6.0491169e-21, 1.0000000e+00, 1.1655918e-22],
       [1.8446507e-03, 9.9707377e-01, 1.0816483e-03]], dtype=float32), array([[8.74496996e-04, 9.98282790e-01, 8.42804031e-04],
       [1.33097003e-22, 1.00000000e+00, 1.02203285e-22],
       [1.09708391e-03, 9.97844338e-01, 1.05858443e-03]], dtype=float32), array([[2.5204907e-04, 9.9972159e-01, 2.6327611e-05],
       [4.2098178e-16, 1.0000000e+00, 2.7051480e-20],
       [2.3673449e-01, 5.7763833e-01, 1.8562716e-01]], dtype=float32), array([[5.8412530e-05, 9.9991608e-01, 2.5540312e-05],
       [3.2194092e-21, 1.0000000e+00, 5.8704290e-23],
       [1.3977019e-03, 9.9780196e-01, 8.0026977e-04]], dtype=float32), array([[3.9475081e-03, 9.9413270e-01, 1.9197316e-03],
       [3.7719399e-18, 1.0000000e+00, 2.0170704e-20],
       [2.1529163e-01, 5.9619254e-01, 1.8851584e-01]], dtype=float32), array([[2.0284925e-03, 9.9567729e-01, 2.2942645e-03],
       [1.8803718e-23, 1.0000000e+00, 5.3187874e-23],
       [8.1319653e-04, 9.9825007e-01, 9.3664695e-04]], dtype=float32), array([[4.0488724e-02, 9.0669513e-01, 5.2816130e-02],
       [3.8564585e-25, 1.0000000e+00, 4.7152772e-23],
       [4.7575374e-04, 9.9860930e-01, 9.1496808e-04]], dtype=float32), array([[1.6303464e-03, 9.9651825e-01, 1.8514416e-03],
       [1.2676916e-23, 1.0000000e+00, 3.6049034e-23],
       [6.5242965e-04, 9.9859303e-01, 7.5451186e-04]], dtype=float32), array([[8.3927996e-04, 9.9698585e-01, 2.1748724e-03],
       [1.2608394e-29, 1.0000000e+00, 9.7124173e-26],
       [2.8318860e-07, 9.9999762e-01, 2.1513190e-06]], dtype=float32), array([[7.1200711e-06, 9.9999201e-01, 8.5507980e-07],
       [8.1815711e-20, 1.0000000e+00, 3.1598720e-23],
       [2.2074743e-03, 9.9705267e-01, 7.3987822e-04]], dtype=float32), array([[5.0890267e-05, 9.9992716e-01, 2.1941194e-05],
       [1.6483075e-21, 1.0000000e+00, 2.8077052e-23],
       [1.2855926e-03, 9.9798465e-01, 7.2971720e-04]], dtype=float32), array([[2.5403962e-04, 9.9908924e-01, 6.5678050e-04],
       [3.6231455e-29, 1.0000000e+00, 6.6510681e-26],
       [3.5810416e-07, 9.9999774e-01, 1.9666825e-06]], dtype=float32), array([[2.5466666e-02, 9.2491823e-01, 4.9615044e-02],
       [1.0594423e-31, 1.0000000e+00, 5.9652774e-26],
       [9.5270103e-08, 9.9999797e-01, 1.9161371e-06]], dtype=float32), array([[4.7792204e-05, 9.9993169e-01, 2.0459145e-05],
       [1.2313975e-21, 1.0000000e+00, 2.0285725e-23],
       [1.2395985e-03, 9.9805981e-01, 7.0058822e-04]], dtype=float32), array([[3.6452949e-02, 9.1554254e-01, 4.8004586e-02],
       [1.6460985e-25, 1.0000000e+00, 2.1521673e-23],
       [4.0056172e-04, 9.9881822e-01, 7.8116840e-04]], dtype=float32), array([[3.6147546e-02, 9.1621429e-01, 4.7638182e-02],
       [1.5251766e-25, 1.0000000e+00, 2.0060559e-23],
       [3.9484623e-04, 9.9883431e-01, 7.7091344e-04]], dtype=float32), array([[3.4701794e-03, 9.9485767e-01, 1.6721671e-03],
       [1.4409649e-18, 1.0000000e+00, 7.1884653e-21],
       [2.0673782e-01, 6.1359900e-01, 1.7966323e-01]], dtype=float32), array([[3.5423439e-02, 9.1780901e-01, 4.6767570e-02],
       [1.3628324e-25, 1.0000000e+00, 1.8071084e-23],
       [3.8384733e-04, 9.9886501e-01, 7.5109524e-04]], dtype=float32), array([[1.0109495e-04, 9.9983895e-01, 5.9972281e-05],
       [2.6992695e-22, 1.0000000e+00, 1.6104362e-23],
       [1.0036738e-03, 9.9831796e-01, 6.7832216e-04]], dtype=float32), array([[1.00121055e-04, 9.99840498e-01, 5.93216864e-05],
       [2.59132098e-22, 1.00000000e+00, 1.53682363e-23],
       [9.98742878e-04, 9.98326838e-01, 6.74457522e-04]], dtype=float32), array([[4.4609085e-05, 9.9993646e-01, 1.8948051e-05],
       [9.0330132e-22, 1.0000000e+00, 1.4358253e-23],
       [1.1899113e-03, 9.9814081e-01, 6.6929258e-04]], dtype=float32), array([[3.8848561e-05, 9.9996042e-01, 6.6385059e-07],
       [3.5623351e-15, 1.0000000e+00, 5.7863271e-21],
       [2.4123102e-01, 5.9021771e-01, 1.6855121e-01]], dtype=float32), array([[2.1236681e-04, 9.9923134e-01, 5.5630394e-04],
       [1.6909976e-29, 1.0000000e+00, 3.1961146e-26],
       [2.9455535e-07, 9.9999809e-01, 1.6326177e-06]], dtype=float32), array([[1.8504265e-04, 9.9979669e-01, 1.8284229e-05],
       [1.0273677e-16, 1.0000000e+00, 5.0828031e-21],
       [2.2370440e-01, 6.0518372e-01, 1.7111188e-01]], dtype=float32), array([[9.46073487e-05, 9.99849558e-01, 5.57567255e-05],
       [1.90193556e-22, 1.00000000e+00, 1.09575304e-23],
       [9.66370921e-04, 9.98383284e-01, 6.50343718e-04]], dtype=float32), array([[9.40880927e-05, 9.99850512e-01, 5.54286562e-05],
       [1.82935279e-22, 1.00000000e+00, 1.05112166e-23],
       [9.63258848e-04, 9.98388767e-01, 6.48089626e-04]], dtype=float32), array([[9.3002123e-01, 4.9557802e-09, 6.9978811e-02],
       [2.0884267e-17, 1.0000000e+00, 3.8458269e-15],
       [8.2161665e-01, 1.0714822e-05, 1.7837273e-01]], dtype=float32), array([[4.38944626e-05, 9.99937534e-01, 1.86237157e-05],
       [7.26033448e-22, 1.00000000e+00, 1.13416875e-23],
       [1.19004922e-03, 9.98140454e-01, 6.69495959e-04]], dtype=float32), array([[5.6093249e-06, 9.9999380e-01, 6.3713429e-07],
       [3.5648001e-20, 1.0000000e+00, 1.1306093e-23],
       [2.0035468e-03, 9.9734086e-01, 6.5553578e-04]], dtype=float32), array([[3.3459105e-03, 9.9503666e-01, 1.6173595e-03],
       [9.7071186e-19, 1.0000000e+00, 4.8733754e-21],
       [2.0183218e-01, 6.2339526e-01, 1.7477256e-01]], dtype=float32), array([[5.6441399e-06, 9.9999380e-01, 6.4245728e-07],
       [3.6016513e-20, 1.0000000e+00, 1.1487381e-23],
       [2.0089373e-03, 9.9733317e-01, 6.5796275e-04]], dtype=float32)]","[array([3.2308156, 3.2308156, 3.2308156], dtype=float32), array([3.2304673, 3.2304673, 3.2304673], dtype=float32), array([3.2305617, 3.2305617, 3.2305617], dtype=float32), array([3.2309434, 3.2309434, 3.2309434], dtype=float32), array([3.231371, 3.231371, 3.231371], dtype=float32), array([3.231337, 3.231337, 3.231337], dtype=float32), array([3.2312427, 3.2312427, 3.2312427], dtype=float32), array([3.2307572, 3.2307572, 3.2307572], dtype=float32), array([3.2298372, 3.2298372, 3.2298372], dtype=float32), array([3.2287896, 3.2287896, 3.2287896], dtype=float32), array([3.227505, 3.227505, 3.227505], dtype=float32), array([3.2259126, 3.2259126, 3.2259126], dtype=float32), array([3.2240145, 3.2240145, 3.2240145], dtype=float32), array([3.2220237, 3.2220237, 3.2220237], dtype=float32), array([3.2205083, 3.2205083, 3.2205083], dtype=float32), array([3.2187524, 3.2187524, 3.2187524], dtype=float32), array([3.2166457, 3.2166457, 3.2166457], dtype=float32), array([3.2142925, 3.2142925, 3.2142925], dtype=float32), array([3.2119513, 3.2119513, 3.2119513], dtype=float32), array([3.2092893, 3.2092893, 3.2092893], dtype=float32), array([3.2069113, 3.2069113, 3.2069113], dtype=float32), array([3.2046897, 3.2046897, 3.2046897], dtype=float32), array([3.2028444, 3.2028444, 3.2028444], dtype=float32), array([3.2010682, 3.2010682, 3.2010682], dtype=float32), array([3.1994157, 3.1994157, 3.1994157], dtype=float32), array([3.198251, 3.198251, 3.198251], dtype=float32), array([3.1966922, 3.1966922, 3.1966922], dtype=float32), array([3.1959188, 3.1959188, 3.1959188], dtype=float32), array([3.1955564, 3.1955564, 3.1955564], dtype=float32), array([3.195482, 3.195482, 3.195482], dtype=float32), array([3.1952934, 3.1952934, 3.1952934], dtype=float32)]",1,0,0,0,0,0,4.75798319327731,17.400000000000006,0.00016327482663304173,0.0003595024273539709,8.01,8.01,2000,96000,96000,2000,0.3274746969172512,4.2506853592527705e-10,0.4722185432910919,342848.375,1.0,0.0013802934991,48.0,1486512,0.3526856601238251,-1.0,0.34570759534835815,81158,0.017163341864943504,0.0,999.0,30969,-0.003012408036738634,380.2889774111916,1.0,0.0393447157605,0.0,0.0013802934991,48.0,1486512,0.0,30969,23810,999.0,380.2887740565067,93000,0,4464000,61938,104968,2973024,1142.0097984349331,6391004.031082153,6745853.422693125,2.0,-10.5,2,50,0.0016212842804088723,2400,8.64,48.0,0.14602494473414165,0.00027248570050965705,100,10.5,96100,4.667412217712364e-05,1.0067001111073661,1.0067001111073661,2,0.00010144677218453011,8.64,0.0003769102172373576,0.00016783607257501589,4800,8.64,4800,100,100,7.07201715923483e-06,3.447133655136178e-05,2.0684616723851984e-05,7.672005625514903e-06,4.3156760025150316e-05,2.911248557023731e-05,0.00014757809806919587,4.72221835037034e-05,1.6140300182456123e-05,2.885921492233045e-05,2.2181537160405986e-05,0.052076558734232684,0.006520120618406724,0.04961899781315187,0.16458860308627127,0.03444873656933405,0.01920352443648469,0.00017367728832516435,-0.01604914665222168,108066,1.0,498.0,112.12777709960938,0.4722185730934143,1441.0,1488.0,-0.05300239101052284,5187168,0.3594597280025482,0.29851577,0.017516301944851875,10374336,651000,31248000,216132,10811.154489990002,498.0,108066,1441.0,1488.0,5187168,0.0,3.065963385710112e-05,4.776905777627078e-05,0.00015410497905146359,2.288647651404635e-05,2.978830184030994e-05,1.6918479434290407e-05,3.5029273601734e-05,7.831019646656608e-06,6.852755873326243e-06,2.068747415519352e-05,4.265491661309732e-05
1,98000,False,49,cf747_00000,2025-08-18_00-29-11,1755476951,81.78650569915771,4102.652427434921,760236,intrinsic-attention2,10.156.0.3,4102.652427434921,49,85.8214380324591,1.4720864386519941e-05,85.82117569757922,2.5214418673662995,82.96267084026788,0.001922066580696823,2.4926625161816305,0.0002679699973668903,9.04,2,2000,10.5,2,98000,9.883236139211665e-05,1000,4.674713863320781e-05,1.0067001111073661,1.0067001111073661,48.0,0.0015321460102859419,2.0,49000,-10.5,248.03149282461854,2000.0,3000.0,"[array([3.1949093, 3.1949093, 3.1949093], dtype=float32), array([3.1946898, 3.1946898, 3.1946898], dtype=float32), array([3.1944742, 3.1944742, 3.1944742], dtype=float32), array([3.1942863, 3.1942863, 3.1942863], dtype=float32), array([3.1940114, 3.1940114, 3.1940114], dtype=float32), array([3.1936185, 3.1936185, 3.1936185], dtype=float32), array([3.193236, 3.193236, 3.193236], dtype=float32), array([3.1928186, 3.1928186, 3.1928186], dtype=float32), array([3.1924021, 3.1924021, 3.1924021], dtype=float32), array([3.1920087, 3.1920087, 3.1920087], dtype=float32), array([3.1914139, 3.1914139, 3.1914139], dtype=float32), array([3.1909587, 3.1909587, 3.1909587], dtype=float32), array([3.1905797, 3.1905797, 3.1905797], dtype=float32), array([3.1901653, 3.1901653, 3.1901653], dtype=float32), array([3.1895714, 3.1895714, 3.1895714], dtype=float32), array([3.1888647, 3.1888647, 3.1888647], dtype=float32), array([3.1882157, 3.1882157, 3.1882157], dtype=float32), array([3.1876676, 3.1876676, 3.1876676], dtype=float32), array([3.1870909, 3.1870909, 3.1870909], dtype=float32), array([3.1864812, 3.1864812, 3.1864812], dtype=float32), array([3.185927, 3.185927, 3.185927], dtype=float32), array([3.1854613, 3.1854613, 3.1854613], dtype=float32), array([3.1850247, 3.1850247, 3.1850247], dtype=float32), array([3.1848795, 3.1848795, 3.1848795], dtype=float32), array([3.1846962, 3.1846962, 3.1846962], dtype=float32), array([3.1845336, 3.1845336, 3.1845336], dtype=float32), array([3.1842835, 3.1842835, 3.1842835], dtype=float32), array([3.1840467, 3.1840467, 3.1840467], dtype=float32), array([3.18394, 3.18394, 3.18394], dtype=float32), array([3.183643, 3.183643, 3.183643], dtype=float32), array([3.1833158, 3.1833158, 3.1833158], dtype=float32)]","[array([[3.7066944e-05, 9.9996233e-01, 6.3096360e-07],
       [2.9049433e-15, 1.0000000e+00, 4.5666703e-21],
       [2.3889263e-01, 5.9517479e-01, 1.6593260e-01]], dtype=float32), array([[9.44297135e-05, 9.99849916e-01, 5.56654122e-05],
       [1.78530646e-22, 1.00000000e+00, 1.02677244e-23],
       [9.66462831e-04, 9.98383045e-01, 6.50578411e-04]], dtype=float32), array([[5.4469479e-06, 9.9999392e-01, 6.1503744e-07],
       [3.1651730e-20, 1.0000000e+00, 9.8029520e-24],
       [1.9806218e-03, 9.9737298e-01, 6.4647914e-04]], dtype=float32), array([[4.1748612e-05, 9.9994063e-01, 1.7637429e-05],
       [5.9990633e-22, 1.0000000e+00, 9.2194608e-24],
       [1.1456774e-03, 9.9821186e-01, 6.4243667e-04]], dtype=float32), array([[1.3659158e-03, 9.9708170e-01, 1.5523621e-03],
       [2.8313876e-24, 1.0000000e+00, 8.1096826e-24],
       [5.4293621e-04, 9.9882883e-01, 6.2821596e-04]], dtype=float32), array([[3.1290855e-02, 9.2689371e-01, 4.1815355e-02],
       [4.7986320e-26, 1.0000000e+00, 7.0392062e-24],
       [3.0725557e-04, 9.9907899e-01, 6.1377900e-04]], dtype=float32), array([[4.9839879e-04, 9.9902177e-01, 4.7979548e-04],
       [8.2471069e-24, 1.0000000e+00, 6.3213231e-24],
       [6.2580727e-04, 9.9877101e-01, 6.0313579e-04]], dtype=float32), array([[1.2945120e-03, 9.9723345e-01, 1.4721367e-03],
       [1.9845451e-24, 1.0000000e+00, 5.7039377e-24],
       [5.1304715e-04, 9.9889296e-01, 5.9400336e-04]], dtype=float32), array([[3.0243902e-02, 9.2923176e-01, 4.0524349e-02],
       [3.2933966e-26, 1.0000000e+00, 4.9504146e-24],
       [2.8987910e-04, 9.9912876e-01, 5.8133004e-04]], dtype=float32), array([[3.0476169e-03, 9.9548328e-01, 1.4691516e-03],
       [4.1384461e-19, 1.0000000e+00, 1.9937904e-21],
       [1.9508764e-01, 6.3685197e-01, 1.6806036e-01]], dtype=float32), array([[4.5880085e-04, 9.9910069e-01, 4.4058240e-04],
       [5.2358252e-24, 1.0000000e+00, 3.9468746e-24],
       [5.8432150e-04, 9.9885392e-01, 5.6183519e-04]], dtype=float32), array([[4.4571025e-06, 9.9999511e-01, 4.8544376e-07],
       [1.4243604e-20, 1.0000000e+00, 3.8214166e-24],
       [1.8050973e-03, 9.9761558e-01, 5.7941396e-04]], dtype=float32), array([[2.9961115e-05, 9.9996960e-01, 4.8139196e-07],
       [1.3304367e-15, 1.0000000e+00, 1.6747500e-21],
       [2.3267433e-01, 6.0840362e-01, 1.5892209e-01]], dtype=float32), array([[1.2555665e-03, 9.9731690e-01, 1.4275566e-03],
       [1.2722691e-24, 1.0000000e+00, 3.6641997e-24],
       [4.9647299e-04, 9.9892884e-01, 5.7465798e-04]], dtype=float32), array([[1.2466591e-03, 9.9733597e-01, 1.4173156e-03],
       [1.2413614e-24, 1.0000000e+00, 3.5704681e-24],
       [4.9355347e-04, 9.9893516e-01, 5.7120243e-04]], dtype=float32), array([[4.4895656e-04, 9.9912053e-01, 4.3054638e-04],
       [4.6751727e-24, 1.0000000e+00, 3.4918719e-24],
       [5.7630084e-04, 9.9887019e-01, 5.5341946e-04]], dtype=float32), array([[2.9851912e-05, 9.9996972e-01, 4.7653515e-07],
       [1.3455393e-15, 1.0000000e+00, 1.6733962e-21],
       [2.3293960e-01, 6.0790765e-01, 1.5915281e-01]], dtype=float32), array([[6.6515017e-01, 1.4719218e-06, 3.3484825e-01],
       [2.9723448e-16, 1.0000000e+00, 1.9566281e-15],
       [6.3431686e-01, 1.8354853e-05, 3.6566481e-01]], dtype=float32), array([[3.4013927e-05, 9.9995196e-01, 1.4085418e-05],
       [2.5246200e-22, 1.0000000e+00, 3.5603762e-24],
       [9.9727896e-04, 9.9845099e-01, 5.5170280e-04]], dtype=float32), array([[1.9791404e-02, 9.3996638e-01, 4.0242128e-02],
       [1.1979840e-32, 1.0000000e+00, 8.8383282e-27],
       [5.8029482e-08, 9.9999881e-01, 1.2412446e-06]], dtype=float32), array([[4.5984884e-06, 9.9999487e-01, 5.0464575e-07],
       [1.6236825e-20, 1.0000000e+00, 4.4923321e-24],
       [1.8195866e-03, 9.9759489e-01, 5.8549171e-04]], dtype=float32), array([[3.0435553e-02, 9.2881823e-01, 4.0746268e-02],
       [3.1624599e-26, 1.0000000e+00, 4.7473831e-24],
       [2.9197615e-04, 9.9912328e-01, 5.8478763e-04]], dtype=float32), array([[3.7341171e-05, 9.9994707e-01, 1.5626398e-05],
       [3.4573474e-22, 1.0000000e+00, 5.0699175e-24],
       [1.0639066e-03, 9.9834323e-01, 5.9283094e-04]], dtype=float32), array([[8.6122098e-05, 9.9986315e-01, 5.0649185e-05],
       [9.6602581e-23, 1.0000000e+00, 5.4497785e-24],
       [8.9658279e-04, 9.9850118e-01, 6.0226768e-04]], dtype=float32), array([[5.1252509e-04, 9.9899441e-01, 4.9302739e-04],
       [8.7061632e-24, 1.0000000e+00, 6.6337428e-24],
       [6.4688112e-04, 9.9873012e-01, 6.2301505e-04]], dtype=float32), array([[3.9814273e-05, 9.9994338e-01, 1.6778245e-05],
       [4.6438583e-22, 1.0000000e+00, 7.0351255e-24],
       [1.1056779e-03, 9.9827552e-01, 6.1876955e-04]], dtype=float32), array([[5.2613794e-04, 9.9896729e-01, 5.0657283e-04],
       [9.9352818e-24, 1.0000000e+00, 7.6156687e-24],
       [6.6069246e-04, 9.9870253e-01, 6.3685252e-04]], dtype=float32), array([[1.4105358e-03, 9.9698561e-01, 1.6038938e-03],
       [2.9124753e-24, 1.0000000e+00, 8.4160888e-24],
       [5.5605534e-04, 9.9880004e-01, 6.4393313e-04]], dtype=float32), array([[1.7772646e-04, 9.9980491e-01, 1.7430511e-05],
       [8.2903502e-17, 1.0000000e+00, 3.9280602e-21],
       [2.2311415e-01, 6.0636979e-01, 1.7051604e-01]], dtype=float32), array([[6.1149331e-04, 9.9775106e-01, 1.6374049e-03],
       [2.5838284e-30, 1.0000000e+00, 2.2485246e-26],
       [1.8858253e-07, 9.9999833e-01, 1.4820891e-06]], dtype=float32), array([[9.2965747e-05, 9.9985218e-01, 5.4799235e-05],
       [1.7449015e-22, 1.0000000e+00, 1.0067439e-23],
       [9.4842061e-04, 9.9841332e-01, 6.3814496e-04]], dtype=float32)]","[array([3.1949096, 3.1949096, 3.1949096], dtype=float32), array([3.1946895, 3.1946895, 3.1946895], dtype=float32), array([3.1944745, 3.1944745, 3.1944745], dtype=float32), array([3.194286, 3.194286, 3.194286], dtype=float32), array([3.1940117, 3.1940117, 3.1940117], dtype=float32), array([3.1936183, 3.1936183, 3.1936183], dtype=float32), array([3.1932356, 3.1932356, 3.1932356], dtype=float32), array([3.1928194, 3.1928194, 3.1928194], dtype=float32), array([3.1924024, 3.1924024, 3.1924024], dtype=float32), array([3.1920083, 3.1920083, 3.1920083], dtype=float32), array([3.1914132, 3.1914132, 3.1914132], dtype=float32), array([3.1909587, 3.1909587, 3.1909587], dtype=float32), array([3.19058, 3.19058, 3.19058], dtype=float32), array([3.1901653, 3.1901653, 3.1901653], dtype=float32), array([3.189572, 3.189572, 3.189572], dtype=float32), array([3.1888645, 3.1888645, 3.1888645], dtype=float32), array([3.1882155, 3.1882155, 3.1882155], dtype=float32), array([3.1876674, 3.1876674, 3.1876674], dtype=float32), array([3.1870902, 3.1870902, 3.1870902], dtype=float32), array([3.1864805, 3.1864805, 3.1864805], dtype=float32), array([3.1859264, 3.1859264, 3.1859264], dtype=float32), array([3.185461, 3.185461, 3.185461], dtype=float32), array([3.1850252, 3.1850252, 3.1850252], dtype=float32), array([3.18488, 3.18488, 3.18488], dtype=float32), array([3.1846955, 3.1846955, 3.1846955], dtype=float32), array([3.184534, 3.184534, 3.184534], dtype=float32), array([3.1842825, 3.1842825, 3.1842825], dtype=float32), array([3.184046, 3.184046, 3.184046], dtype=float32), array([3.1839397, 3.1839397, 3.1839397], dtype=float32), array([3.1836426, 3.1836426, 3.1836426], dtype=float32), array([3.1833162, 3.1833162, 3.1833162], dtype=float32)]",1,0,0,0,0,0,4.81965811965812,17.400000000000006,0.00016349527938056119,0.0003606483193149759,9.04,9.04,2000,98000,98000,2000,0.3273746362280414,2.1253426796263852e-10,0.4722185432910919,296089.375,1.0,0.0013802934991,49.0,1517481,0.31601542234420776,-1.0,0.34443894028663635,81158,0.0063678729347884655,0.0,999.0,30969,-0.004331668838858604,380.5019294795804,1.0,0.0393447157605,0.0,0.0013802934991,49.0,1517481,0.0,30969,23810,999.0,380.5017292573803,93000,0,4557000,61938,104968,3034962,1142.649248378704,6389810.153027187,6739930.684537996,2.0,-10.5,2,50,0.0016181185601453763,2450,9.44,49.0,0.14590625882669989,0.0002713436535777201,100,10.5,98100,4.7505558371040126e-05,1.0067001111073661,1.0067001111073661,2,0.00010305444555137717,9.44,0.00038353977233798286,0.00017049996613940284,4900,9.44,4900,100,100,7.0783299097170985e-06,3.4325996010121975e-05,2.078523573050536e-05,7.789098411480887e-06,4.3331132560849886e-05,2.9506453675856724e-05,0.00014758352324363057,4.744571904864768e-05,1.6241967250413613e-05,2.9074444410207954e-05,2.2094373721834548e-05,0.052088776276850844,0.006519267172130489,0.049591876254936204,0.1645996863854784,0.034399244313657026,0.01915745018216832,0.00017396374548678243,-0.011363983154296875,108066,1.0,498.0,114.47798919677734,0.4722185730934143,1471.0,1519.0,-0.04463311284780502,5295234,0.32627472281455994,0.3048023,0.004235963337123394,10590468,651000,31899000,216132,10805.355135839622,498.0,108066,1471.0,1519.0,5295234,0.0,3.101466772131689e-05,4.87634131454156e-05,0.00015782824888084155,2.3237389325346482e-05,3.0318830552980588e-05,1.7361288112459826e-05,3.5522400391650177e-05,7.963902703171425e-06,6.836423757873177e-06,2.1017690882324138e-05,4.358918207532837e-05
1,100000,True,50,cf747_00000,2025-08-18_00-30-31,1755477031,80.25027871131897,4182.90270614624,760236,intrinsic-attention2,10.156.0.3,4182.90270614624,50,85.76428799034449,1.4686335733361708e-05,85.76402548375341,2.5215846990926116,82.90548085348507,0.001921496744914708,2.49279259891989,0.0002679699973668903,9.48,2,2000,10.5,2,100000,9.66742825751575e-05,1000,4.5952377353852704e-05,1.0067001111073661,1.0067001111073661,49.0,0.001515063979459228,2.0,50000,-10.5,239.96563779830967,2000.0,3000.0,"[array([3.1830368, 3.1830368, 3.1830368], dtype=float32), array([3.1832197, 3.1832197, 3.1832197], dtype=float32), array([3.18364, 3.18364, 3.18364], dtype=float32), array([3.184101, 3.184101, 3.184101], dtype=float32), array([3.184651, 3.184651, 3.184651], dtype=float32), array([3.1853828, 3.1853828, 3.1853828], dtype=float32), array([3.1865728, 3.1865728, 3.1865728], dtype=float32), array([3.1876292, 3.1876292, 3.1876292], dtype=float32), array([3.1887975, 3.1887975, 3.1887975], dtype=float32), array([3.1898887, 3.1898887, 3.1898887], dtype=float32), array([3.191046, 3.191046, 3.191046], dtype=float32), array([3.1921222, 3.1921222, 3.1921222], dtype=float32), array([3.1927805, 3.1927805, 3.1927805], dtype=float32), array([3.193418, 3.193418, 3.193418], dtype=float32), array([3.1941562, 3.1941562, 3.1941562], dtype=float32), array([3.1948888, 3.1948888, 3.1948888], dtype=float32), array([3.1954615, 3.1954615, 3.1954615], dtype=float32), array([3.196293, 3.196293, 3.196293], dtype=float32), array([3.1971362, 3.1971362, 3.1971362], dtype=float32), array([3.1979742, 3.1979742, 3.1979742], dtype=float32), array([3.198906, 3.198906, 3.198906], dtype=float32), array([3.1998928, 3.1998928, 3.1998928], dtype=float32), array([3.2005959, 3.2005959, 3.2005959], dtype=float32), array([3.2012134, 3.2012134, 3.2012134], dtype=float32), array([3.2022433, 3.2022433, 3.2022433], dtype=float32), array([3.2033088, 3.2033088, 3.2033088], dtype=float32), array([3.2042723, 3.2042723, 3.2042723], dtype=float32), array([3.2053154, 3.2053154, 3.2053154], dtype=float32), array([3.206451, 3.206451, 3.206451], dtype=float32), array([3.2076943, 3.2076943, 3.2076943], dtype=float32), array([3.2087712, 3.2087712, 3.2087712], dtype=float32)]","[array([[4.3006250e-05, 9.9993873e-01, 1.8256211e-05],
       [6.4659796e-22, 1.0000000e+00, 1.0111469e-23],
       [1.1653776e-03, 9.9817920e-01, 6.5543514e-04]], dtype=float32), array([[4.3019005e-05, 9.9993873e-01, 1.8263385e-05],
       [6.5511892e-22, 1.0000000e+00, 1.0259737e-23],
       [1.1641302e-03, 9.9818122e-01, 6.5470528e-04]], dtype=float32), array([[3.2875885e-03, 9.9513704e-01, 1.5754470e-03],
       [9.4963343e-19, 1.0000000e+00, 4.5377917e-21],
       [2.0467712e-01, 6.1778522e-01, 1.7753772e-01]], dtype=float32), array([[3.2881934e-03, 9.9513692e-01, 1.5749129e-03],
       [9.5980899e-19, 1.0000000e+00, 4.5745338e-21],
       [2.0495607e-01, 6.1723131e-01, 1.7781261e-01]], dtype=float32), array([[5.3320518e-06, 9.9999404e-01, 5.9752176e-07],
       [3.2247084e-20, 1.0000000e+00, 9.8834561e-24],
       [1.9445451e-03, 9.9742413e-01, 6.3138834e-04]], dtype=float32), array([[5.54565748e-04, 9.98908401e-01, 5.37106185e-04],
       [1.28506885e-23, 1.00000000e+00, 1.02622032e-23],
       [6.72426075e-04, 9.98675764e-01, 6.51792390e-04]], dtype=float32), array([[4.1733470e-05, 9.9995756e-01, 7.0628931e-07],
       [5.1205539e-15, 1.0000000e+00, 8.4869329e-21],
       [2.4662276e-01, 5.7871729e-01, 1.7465989e-01]], dtype=float32), array([[4.6782065e-05, 9.9995244e-01, 8.1562757e-07],
       [7.8155408e-15, 1.0000000e+00, 1.4567704e-20],
       [2.4999788e-01, 5.7128674e-01, 1.7871542e-01]], dtype=float32), array([[1.7162754e-03, 9.9633104e-01, 1.9527716e-03],
       [2.1103072e-23, 1.0000000e+00, 6.0858890e-23],
       [6.7862956e-04, 9.9853456e-01, 7.8684726e-04]], dtype=float32), array([[4.9441110e-04, 9.9942446e-01, 8.1155049e-05],
       [2.3911994e-16, 1.0000000e+00, 4.6780007e-20],
       [2.3692048e-01, 5.7079524e-01, 1.9228432e-01]], dtype=float32), array([[8.24027156e-05, 9.99880195e-01, 3.74466908e-05],
       [1.20106625e-20, 1.00000000e+00, 2.56345741e-22],
       [1.74983428e-03, 9.97222424e-01, 1.02770084e-03]], dtype=float32), array([[3.4297552e-04, 9.9961901e-01, 3.7982343e-05],
       [1.7197306e-15, 1.0000000e+00, 1.4546277e-19],
       [2.4826090e-01, 5.5265325e-01, 1.9908582e-01]], dtype=float32), array([[1.7766083e-04, 9.9971408e-01, 1.0817952e-04],
       [9.0880080e-21, 1.0000000e+00, 6.4138991e-22],
       [1.5293036e-03, 9.9741673e-01, 1.0539321e-03]], dtype=float32), array([[5.1079363e-02, 8.8306266e-01, 6.5857962e-02],
       [9.9793429e-24, 1.0000000e+00, 1.1219233e-21],
       [6.6208612e-04, 9.9806648e-01, 1.2714544e-03]], dtype=float32), array([[1.2022143e-04, 9.9982291e-01, 5.6795572e-05],
       [6.3758500e-20, 1.0000000e+00, 1.6210143e-21],
       [2.2263401e-03, 9.9643278e-01, 1.3407853e-03]], dtype=float32), array([[3.0539504e-03, 9.9348587e-01, 3.4602112e-03],
       [8.1918063e-22, 1.0000000e+00, 2.3368977e-21],
       [1.2176982e-03, 9.9737477e-01, 1.4074662e-03]], dtype=float32), array([[1.4627649e-03, 9.9707258e-01, 1.4645992e-03],
       [3.0170609e-21, 1.0000000e+00, 3.0445659e-21],
       [1.4514016e-03, 9.9709535e-01, 1.4532235e-03]], dtype=float32), array([[1.4836178e-03, 9.9702954e-01, 1.4867820e-03],
       [3.2485604e-21, 1.0000000e+00, 3.2991137e-21],
       [1.4640599e-03, 9.9706870e-01, 1.4671895e-03]], dtype=float32), array([[6.1871498e-03, 9.9071991e-01, 3.0928256e-03],
       [1.4350694e-16, 1.0000000e+00, 9.8324137e-19],
       [2.4432424e-01, 5.3622711e-01, 2.1944861e-01]], dtype=float32), array([[1.4119562e-04, 9.9979097e-01, 6.7797846e-05],
       [1.3935065e-19, 1.0000000e+00, 3.8347112e-21],
       [2.4545141e-03, 9.9605221e-01, 1.4932079e-03]], dtype=float32), array([[5.0660886e-04, 9.9943334e-01, 6.0024438e-05],
       [1.0866835e-14, 1.0000000e+00, 1.2895506e-18],
       [2.6304445e-01, 5.1974452e-01, 2.1721111e-01]], dtype=float32), array([[2.1511802e-05, 9.9997544e-01, 3.0767910e-06],
       [8.2359718e-18, 1.0000000e+00, 6.6712605e-21],
       [3.7789328e-03, 9.9484271e-01, 1.3784335e-03]], dtype=float32), array([[2.73323763e-04, 9.99556124e-01, 1.70497035e-04],
       [1.27344740e-19, 1.00000000e+00, 1.04253765e-20],
       [2.07616948e-03, 9.96468306e-01, 1.45557104e-03]], dtype=float32), array([[4.2605638e-03, 9.9092835e-01, 4.8110867e-03],
       [7.1225461e-21, 1.0000000e+00, 2.0041698e-20],
       [1.7190613e-03, 9.9629980e-01, 1.9811180e-03]], dtype=float32), array([[7.5765275e-03, 9.8860288e-01, 3.8205469e-03],
       [8.1894878e-16, 1.0000000e+00, 6.2056541e-18],
       [2.5836632e-01, 5.0659746e-01, 2.3503621e-01]], dtype=float32), array([[1.7971224e-04, 9.9973148e-01, 8.8751811e-05],
       [8.6349741e-19, 1.0000000e+00, 2.8739634e-20],
       [2.6558649e-03, 9.9570870e-01, 1.6354424e-03]], dtype=float32), array([[8.0448296e-03, 9.8788714e-01, 4.0680645e-03],
       [1.3621118e-15, 1.0000000e+00, 1.0643553e-17],
       [2.6241556e-01, 4.9794525e-01, 2.3963910e-01]], dtype=float32), array([[2.7174267e-04, 9.9958926e-01, 1.3907904e-04],
       [1.8820845e-18, 1.0000000e+00, 6.7384285e-20],
       [3.8616157e-03, 9.9368298e-01, 2.4553637e-03]], dtype=float32), array([[2.5983378e-03, 9.9119359e-01, 6.2080449e-03],
       [6.3004200e-26, 1.0000000e+00, 3.1045062e-22],
       [1.2710666e-06, 9.9998939e-01, 9.2913315e-06]], dtype=float32), array([[7.9086021e-02, 8.2298726e-01, 9.7926676e-02],
       [1.3374497e-21, 1.0000000e+00, 1.0726448e-19],
       [1.4774785e-03, 9.9584597e-01, 2.6764744e-03]], dtype=float32), array([[8.7681189e-03, 9.8678464e-01, 4.4472264e-03],
       [2.8969867e-15, 1.0000000e+00, 2.3578919e-17],
       [2.6849070e-01, 4.8488569e-01, 2.4662359e-01]], dtype=float32)]","[array([3.1830375, 3.1830375, 3.1830375], dtype=float32), array([3.1832192, 3.1832192, 3.1832192], dtype=float32), array([3.1836398, 3.1836398, 3.1836398], dtype=float32), array([3.1841009, 3.1841009, 3.1841009], dtype=float32), array([3.1846514, 3.1846514, 3.1846514], dtype=float32), array([3.1853826, 3.1853826, 3.1853826], dtype=float32), array([3.1865728, 3.1865728, 3.1865728], dtype=float32), array([3.1876287, 3.1876287, 3.1876287], dtype=float32), array([3.188798, 3.188798, 3.188798], dtype=float32), array([3.1898892, 3.1898892, 3.1898892], dtype=float32), array([3.1910458, 3.1910458, 3.1910458], dtype=float32), array([3.1921222, 3.1921222, 3.1921222], dtype=float32), array([3.1927812, 3.1927812, 3.1927812], dtype=float32), array([3.1934183, 3.1934183, 3.1934183], dtype=float32), array([3.1941557, 3.1941557, 3.1941557], dtype=float32), array([3.1948888, 3.1948888, 3.1948888], dtype=float32), array([3.1954622, 3.1954622, 3.1954622], dtype=float32), array([3.1962934, 3.1962934, 3.1962934], dtype=float32), array([3.1971366, 3.1971366, 3.1971366], dtype=float32), array([3.197974, 3.197974, 3.197974], dtype=float32), array([3.1989062, 3.1989062, 3.1989062], dtype=float32), array([3.1998925, 3.1998925, 3.1998925], dtype=float32), array([3.2005968, 3.2005968, 3.2005968], dtype=float32), array([3.2012124, 3.2012124, 3.2012124], dtype=float32), array([3.2022429, 3.2022429, 3.2022429], dtype=float32), array([3.2033095, 3.2033095, 3.2033095], dtype=float32), array([3.2042718, 3.2042718, 3.2042718], dtype=float32), array([3.2053149, 3.2053149, 3.2053149], dtype=float32), array([3.2064507, 3.2064507, 3.2064507], dtype=float32), array([3.2076933, 3.2076933, 3.2076933], dtype=float32), array([3.2087712, 3.2087712, 3.2087712], dtype=float32)]",1,0,0,0,0,0,4.739473684210526,17.400000000000006,0.0001628646524694726,0.00035702884020099305,9.48,9.48,2000,100000,100000,2000,0.32728475677572805,1.0626713398131926e-10,0.4722185432910919,271522.28125,1.0,0.0013802934991,50.0,1548450,0.28274115920066833,-1.0,0.3527790307998657,81158,0.0029799300245940685,0.0,999.0,30969,0.003962479531764984,381.23476875571123,1.0,0.0393447157605,0.0,0.0013802934991,50.0,1548450,0.0,30969,23810,999.0,381.2345718155793,93000,0,4650000,61938,104968,3096900,1144.849924631705,6384755.980574322,6731944.186774596,2.0,-9.5,2,50,0.0016125129295687657,2500,9.84,50.0,0.1457484532284058,0.00027020085705735874,100,10.5,100100,4.635554086766415e-05,1.0067001111073661,1.0067001111073661,2,0.00010088532444365267,9.84,0.000377230978533686,0.00016745567106352859,5000,9.84,5000,100,100,6.9064939734978435e-06,3.382782286117088e-05,2.0305327324080454e-05,7.545374894757044e-06,4.513477316677841e-05,2.8899034940137618e-05,0.0001475405511942766,4.694473266380058e-05,1.6136443712035717e-05,2.858363122666514e-05,2.1939572357872724e-05,0.052111803504058085,0.0065185745803068825,0.049575732052322165,0.16459989212157353,0.034347183170391524,0.019112563270368976,0.0001742924479953582,-0.011759757995605469,108066,1.0,498.0,115.3935317993164,0.4722185730934143,1501.0,1550.0,-0.021104643121361732,5403300,0.2956557273864746,0.32798544,0.0018175531877204776,10806600,651000,32550000,216132,10812.480165500232,498.0,108066,1501.0,1550.0,5403300,0.0,3.042035059554266e-05,4.819678197772067e-05,0.0001547347623089909,2.292598522628167e-05,3.0098235780162286e-05,1.698138867857402e-05,3.51548050206561e-05,7.84522453954961e-06,6.727165389771011e-06,2.060044846305441e-05,4.278305168946501e-05
