num_training_step_calls_per_iteration,num_env_steps_sampled_lifetime,done,training_iteration,trial_id,date,timestamp,time_this_iter_s,time_total_s,pid,hostname,node_ip,time_since_restore,iterations_since_restore,timers/training_iteration,timers/restore_env_runners,timers/training_step,timers/env_runner_sampling_timer,timers/learner_update_timer,timers/synch_weights,env_runners/env_to_module_sum_episodes_length_in,env_runners/num_env_steps_sampled_lifetime,env_runners/weights_seq_no,env_runners/sample,env_runners/episode_len_min,env_runners/episode_duration_sec_mean,env_runners/num_env_steps_sampled,env_runners/env_to_module_sum_episodes_length_out,env_runners/episode_return_min,env_runners/episode_len_mean,env_runners/rlmodule_inference_timer,env_runners/env_reset_timer,env_runners/num_episodes,env_runners/num_episodes_lifetime,env_runners/env_step_timer,env_runners/episode_return_mean,env_runners/episode_return_max,env_runners/episode_len_max,env_runners/num_env_steps_sampled_lifetime_throughput,__all_modules__/learner_connector_sum_episodes_length_in,__all_modules__/learner_connector_sum_episodes_length_out,learners/IntrinsicAttentionMask,learners/IntrinsicRewardsNegative,learners/IntrinsicRewardsPositive,evaluation/num_healthy_workers,evaluation/actor_manager_num_outstanding_async_reqs,evaluation/num_remote_worker_restarts,fault_tolerance/num_healthy_workers,fault_tolerance/num_remote_worker_restarts,env_runner_group/actor_manager_num_outstanding_async_reqs,perf/cpu_util_percent,perf/ram_util_percent,env_runners/module_to_env_connector/connector_pipeline_timer,env_runners/module_episode_return_mean/default_policy,env_runners/env_to_module_connector/connector_pipeline_timer,env_runners/num_module_steps_sampled_lifetime/default_policy,env_runners/num_module_steps_sampled/default_policy,env_runners/num_agent_steps_sampled_lifetime/default_agent,env_runners/agent_episode_return_mean/default_agent,env_runners/num_agent_steps_sampled/default_agent,__all_modules__/learner_connector/connector_pipeline_timer,learners/intrinsic_reward_module/num_module_steps_trained,learners/intrinsic_reward_module/gradients_default_optimizer_global_norm,learners/intrinsic_reward_module/diff_num_grad_updates_vs_sampler_policy,learners/intrinsic_reward_module/curr_entropy_coeff,learners/intrinsic_reward_module/num_module_steps_trained_lifetime,learners/intrinsic_reward_module/weights_seq_no,learners/intrinsic_reward_module/default_optimizer_learning_rate,learners/intrinsic_reward_module/module_train_batch_size_mean,learners/intrinsic_reward_module/total_loss,learners/intrinsic_reward_module/num_trainable_parameters,learners/intrinsic_reward_module/num_module_steps_trained_lifetime_throughput,learners/default_policy/curr_entropy_coeff,learners/default_policy/num_module_steps_trained,learners/default_policy/entropy,learners/default_policy/weights_seq_no,learners/default_policy/num_module_steps_trained_lifetime,learners/default_policy/vf_loss,learners/default_policy/module_train_batch_size_mean,learners/default_policy/vf_explained_var,learners/default_policy/curr_kl_coeff,learners/default_policy/num_trainable_parameters,learners/default_policy/total_loss,learners/default_policy/vf_loss_unclipped,learners/default_policy/use_intrinsic_rewards,learners/default_policy/mean_kl_loss,learners/default_policy/diff_num_grad_updates_vs_sampler_policy,learners/default_policy/policy_loss,learners/default_policy/num_module_steps_trained_lifetime_throughput,learners/__all_modules__/num_module_steps_trained_lifetime,learners/__all_modules__/num_env_steps_trained_lifetime,learners/__all_modules__/num_trainable_parameters,learners/__all_modules__/num_non_trainable_parameters,learners/__all_modules__/num_env_steps_trained,learners/__all_modules__/num_module_steps_trained,learners/__all_modules__/num_env_steps_trained_lifetime_throughput,learners/__all_modules__/num_module_steps_trained_throughput,learners/__all_modules__/num_module_steps_trained_lifetime_throughput,evaluation/env_runners/episode_return_max,evaluation/env_runners/num_env_steps_sampled_lifetime,evaluation/env_runners/num_env_steps_sampled,evaluation/env_runners/env_to_module_sum_episodes_length_out,evaluation/env_runners/rlmodule_inference_timer,evaluation/env_runners/num_episodes_lifetime,evaluation/env_runners/env_step_timer,evaluation/env_runners/env_to_module_sum_episodes_length_in,evaluation/env_runners/sample,evaluation/env_runners/weights_seq_no,evaluation/env_runners/episode_duration_sec_mean,evaluation/env_runners/episode_len_mean,evaluation/env_runners/env_reset_timer,evaluation/env_runners/episode_return_mean,evaluation/env_runners/episode_len_max,evaluation/env_runners/episode_len_min,evaluation/env_runners/episode_return_min,evaluation/env_runners/num_episodes,evaluation/env_runners/module_to_env_connector/connector_pipeline_timer,evaluation/env_runners/num_module_steps_sampled_lifetime/default_policy,evaluation/env_runners/env_to_module_connector/connector_pipeline_timer,evaluation/env_runners/num_agent_steps_sampled_lifetime/default_agent,evaluation/env_runners/num_agent_steps_sampled/default_agent,evaluation/env_runners/agent_episode_return_mean/default_agent,evaluation/env_runners/num_module_steps_sampled/default_policy,evaluation/env_runners/module_episode_return_mean/default_policy,env_runners/module_to_env_connector/timers/connectors/listify_data_for_vector_env,env_runners/module_to_env_connector/timers/connectors/tensor_to_numpy,env_runners/module_to_env_connector/timers/connectors/remove_single_ts_time_rank_from_batch,env_runners/module_to_env_connector/timers/connectors/get_actions,env_runners/module_to_env_connector/timers/connectors/un_batch_to_individual_items,env_runners/module_to_env_connector/timers/connectors/normalize_and_clip_actions,env_runners/env_to_module_connector/timers/connectors/add_time_dim_to_batch_and_zero_pad,env_runners/env_to_module_connector/timers/connectors/add_observations_from_episodes_to_batch,env_runners/env_to_module_connector/timers/connectors/numpy_to_tensor,env_runners/env_to_module_connector/timers/connectors/add_states_from_episodes_to_batch,env_runners/env_to_module_connector/timers/connectors/batch_individual_items,__all_modules__/learner_connector/timers/connectors/add_one_ts_to_episodes_and_truncate,__all_modules__/learner_connector/timers/connectors/add_observations_from_episodes_to_batch,__all_modules__/learner_connector/timers/connectors/add_columns_from_episodes_to_train_batch,__all_modules__/learner_connector/timers/connectors/add_time_dim_to_batch_and_zero_pad,__all_modules__/learner_connector/timers/connectors/add_states_from_episodes_to_batch,__all_modules__/learner_connector/timers/connectors/batch_individual_items,__all_modules__/learner_connector/timers/connectors/numpy_to_tensor,learners/differentiable_learners/intrinsic_attention_ppo_learner/intrinsic_reward_module/num_module_steps_trained,learners/differentiable_learners/intrinsic_attention_ppo_learner/intrinsic_reward_module/diff_num_grad_updates_vs_sampler_policy,learners/differentiable_learners/intrinsic_attention_ppo_learner/intrinsic_reward_module/num_module_steps_trained_lifetime,learners/differentiable_learners/intrinsic_attention_ppo_learner/intrinsic_reward_module/weights_seq_no,learners/differentiable_learners/intrinsic_attention_ppo_learner/intrinsic_reward_module/module_train_batch_size_mean,learners/differentiable_learners/intrinsic_attention_ppo_learner/intrinsic_reward_module/total_loss,learners/differentiable_learners/intrinsic_attention_ppo_learner/default_policy/total_loss,learners/differentiable_learners/intrinsic_attention_ppo_learner/default_policy/vf_loss_unclipped,learners/differentiable_learners/intrinsic_attention_ppo_learner/default_policy/use_intrinsic_rewards,learners/differentiable_learners/intrinsic_attention_ppo_learner/default_policy/diff_num_grad_updates_vs_sampler_policy,learners/differentiable_learners/intrinsic_attention_ppo_learner/default_policy/policy_loss,learners/differentiable_learners/intrinsic_attention_ppo_learner/default_policy/num_module_steps_trained,learners/differentiable_learners/intrinsic_attention_ppo_learner/default_policy/mean_kl_loss,learners/differentiable_learners/intrinsic_attention_ppo_learner/default_policy/entropy,learners/differentiable_learners/intrinsic_attention_ppo_learner/default_policy/weights_seq_no,learners/differentiable_learners/intrinsic_attention_ppo_learner/default_policy/num_module_steps_trained_lifetime,learners/differentiable_learners/intrinsic_attention_ppo_learner/default_policy/vf_loss,learners/differentiable_learners/intrinsic_attention_ppo_learner/default_policy/module_train_batch_size_mean,learners/differentiable_learners/intrinsic_attention_ppo_learner/default_policy/vf_explained_var,learners/differentiable_learners/intrinsic_attention_ppo_learner/__all_modules__/num_env_steps_trained,learners/differentiable_learners/intrinsic_attention_ppo_learner/__all_modules__/num_module_steps_trained,learners/differentiable_learners/intrinsic_attention_ppo_learner/__all_modules__/num_module_steps_trained_lifetime,learners/differentiable_learners/intrinsic_attention_ppo_learner/__all_modules__/num_env_steps_trained_lifetime,learners/differentiable_learners/intrinsic_attention_ppo_learner/__all_modules__/num_env_steps_trained_lifetime_throughput,evaluation/env_runners/module_to_env_connector/timers/connectors/un_batch_to_individual_items,evaluation/env_runners/module_to_env_connector/timers/connectors/normalize_and_clip_actions,evaluation/env_runners/module_to_env_connector/timers/connectors/tensor_to_numpy,evaluation/env_runners/module_to_env_connector/timers/connectors/remove_single_ts_time_rank_from_batch,evaluation/env_runners/module_to_env_connector/timers/connectors/listify_data_for_vector_env,evaluation/env_runners/module_to_env_connector/timers/connectors/get_actions,evaluation/env_runners/env_to_module_connector/timers/connectors/add_observations_from_episodes_to_batch,evaluation/env_runners/env_to_module_connector/timers/connectors/numpy_to_tensor,evaluation/env_runners/env_to_module_connector/timers/connectors/add_states_from_episodes_to_batch,evaluation/env_runners/env_to_module_connector/timers/connectors/batch_individual_items,evaluation/env_runners/env_to_module_connector/timers/connectors/add_time_dim_to_batch_and_zero_pad
1,2000,False,1,cb694_00000,2025-08-17_21-31-14,1755466274,91.24629950523376,91.24629950523376,720237,intrinsic-attention2,10.156.0.3,91.24629950523376,1,91.03820628501126,1.4556004316546023e-05,91.03796790000342,2.6332865430013044,88.05019357299898,0.002113340000505559,1.0067001111072869,2000,0.0,2.602204613998765,2,0.0015863936887762975,2000,1.0067001111072869,-10.5,2.0,0.00010278251194136409,0.00029005900432821363,1000,1000,4.730876862076234e-05,-1.2,10.5,2,766.5784972635117,2000,3000,"[array([[0.3650442 , 0.2747991 , 0.36015663],
       [0.01106891, 0.97524035, 0.01369075],
       [0.34002256, 0.32088843, 0.33908907]], dtype=float32), array([[0.32241803, 0.3561242 , 0.32145774],
       [0.01497882, 0.9718046 , 0.01321648],
       [0.33577546, 0.32821977, 0.3360048 ]], dtype=float32), array([[0.35126773, 0.30347037, 0.34526184],
       [0.00724811, 0.97982556, 0.01292633],
       [0.27609286, 0.4327866 , 0.2911205 ]], dtype=float32), array([[0.31430328, 0.37496096, 0.3107357 ],
       [0.01940046, 0.96553236, 0.01506721],
       [0.33997744, 0.31861484, 0.34140775]], dtype=float32), array([[0.27863145, 0.47512752, 0.2462411 ],
       [0.01618223, 0.9775572 , 0.00626061],
       [0.35504574, 0.26504034, 0.37991396]], dtype=float32), array([[0.27614486, 0.4653717 , 0.25848347],
       [0.00648708, 0.99008113, 0.00343178],
       [0.3379943 , 0.3219193 , 0.34008646]], dtype=float32), array([[0.41014248, 0.21894535, 0.3709122 ],
       [0.00115084, 0.99544936, 0.00339977],
       [0.26062217, 0.45447692, 0.2849009 ]], dtype=float32), array([[0.3304506 , 0.33849016, 0.33105925],
       [0.00164507, 0.99566865, 0.00268631],
       [0.26956952, 0.45007262, 0.28035796]], dtype=float32), array([[0.34700415, 0.3064549 , 0.34654096],
       [0.00354507, 0.9926885 , 0.00376643],
       [0.34026656, 0.31969485, 0.34003854]], dtype=float32), array([[0.2978603 , 0.40994316, 0.2921965 ],
       [0.00334464, 0.9942802 , 0.00237516],
       [0.33371955, 0.3324867 , 0.3337938 ]], dtype=float32), array([[3.8990706e-01, 2.3037624e-01, 3.7971663e-01],
       [5.8366690e-04, 9.9856734e-01, 8.4896747e-04],
       [3.4768024e-01, 3.0682030e-01, 3.4549943e-01]], dtype=float32), array([[3.2175839e-01, 3.5459831e-01, 3.2364330e-01],
       [4.1988638e-04, 9.9891019e-01, 6.6997804e-04],
       [2.6438415e-01, 4.6220472e-01, 2.7341112e-01]], dtype=float32), array([[3.4997436e-01, 3.0419785e-01, 3.4582788e-01],
       [2.5340234e-04, 9.9923432e-01, 5.1232195e-04],
       [2.6119462e-01, 4.6450740e-01, 2.7429792e-01]], dtype=float32), array([[3.8579953e-01, 2.2799078e-01, 3.8620970e-01],
       [5.2860461e-04, 9.9895072e-01, 5.2060967e-04],
       [3.8722220e-01, 2.2513121e-01, 3.8764665e-01]], dtype=float32), array([[2.5975609e-01, 5.1289493e-01, 2.2734895e-01],
       [1.4856869e-03, 9.9809915e-01, 4.1509679e-04],
       [3.6698204e-01, 2.3131430e-01, 4.0170366e-01]], dtype=float32), array([[3.0264649e-01, 3.9760104e-01, 2.9975247e-01],
       [2.6400562e-04, 9.9953842e-01, 1.9752525e-04],
       [3.3414811e-01, 3.3161426e-01, 3.3423766e-01]], dtype=float32), array([[2.5360072e-01, 5.2254057e-01, 2.2385867e-01],
       [8.3666923e-04, 9.9891698e-01, 2.4638296e-04],
       [3.6308056e-01, 2.4957779e-01, 3.8734165e-01]], dtype=float32), array([[2.9850557e-01, 4.0628251e-01, 2.9521182e-01],
       [1.7615203e-04, 9.9969482e-01, 1.2905293e-04],
       [3.3245030e-01, 3.3519781e-01, 3.3235183e-01]], dtype=float32), array([[2.8754392e-01, 4.3296471e-01, 2.7949142e-01],
       [3.4378920e-04, 9.9945861e-01, 1.9766437e-04],
       [3.4497705e-01, 3.0726296e-01, 3.4776002e-01]], dtype=float32), array([[3.3404917e-01, 3.3187976e-01, 3.3407110e-01],
       [5.1721159e-05, 9.9990141e-01, 4.6822974e-05],
       [3.4477672e-01, 3.1007764e-01, 3.4514561e-01]], dtype=float32), array([[2.8220499e-01, 4.4219857e-01, 2.7559647e-01],
       [1.0360347e-04, 9.9983251e-01, 6.3848151e-05],
       [3.3451363e-01, 3.3077425e-01, 3.3471209e-01]], dtype=float32), array([[2.4617983e-01, 5.0858045e-01, 2.4523970e-01],
       [2.1498408e-05, 9.9995828e-01, 2.0313852e-05],
       [2.5278050e-01, 4.9533418e-01, 2.5188532e-01]], dtype=float32), array([[3.9754918e-01, 2.1677783e-01, 3.8567302e-01],
       [1.5455662e-05, 9.9995756e-01, 2.6895759e-05],
       [3.3590719e-01, 3.2855710e-01, 3.3553573e-01]], dtype=float32), array([[2.7731350e-01, 4.5258853e-01, 2.7009797e-01],
       [1.3186109e-05, 9.9997962e-01, 7.2023104e-06],
       [3.4246308e-01, 3.1343752e-01, 3.4409937e-01]], dtype=float32), array([[2.8118247e-01, 4.5055956e-01, 2.6825795e-01],
       [2.4020834e-05, 9.9996758e-01, 8.3093464e-06],
       [3.7926334e-01, 2.2035314e-01, 4.0038347e-01]], dtype=float32), array([[3.3784872e-01, 3.2440633e-01, 3.3774498e-01],
       [3.0017679e-06, 9.9999368e-01, 3.3048682e-06],
       [3.2702011e-01, 3.4582147e-01, 3.2715842e-01]], dtype=float32), array([[4.0028134e-01, 2.0152470e-01, 3.9819399e-01],
       [5.2065075e-06, 9.9998903e-01, 5.7121470e-06],
       [3.9203763e-01, 2.1767800e-01, 3.9028430e-01]], dtype=float32), array([[3.3878371e-01, 3.2189813e-01, 3.3931810e-01],
       [6.6026582e-06, 9.9998891e-01, 4.5711295e-06],
       [3.7455726e-01, 2.4599949e-01, 3.7944326e-01]], dtype=float32), array([[3.1278995e-01, 3.7278086e-01, 3.1442922e-01],
       [2.8822967e-06, 9.9999297e-01, 4.2149436e-06],
       [2.6664752e-01, 4.6229759e-01, 2.7105492e-01]], dtype=float32), array([[2.0295486e-01, 6.1506563e-01, 1.8197949e-01],
       [6.8984627e-06, 9.9999094e-01, 2.1425803e-06],
       [3.2840940e-01, 3.4474605e-01, 3.2684448e-01]], dtype=float32), array([[2.6971698e-01, 4.7342893e-01, 2.5685412e-01],
       [8.0019609e-06, 9.9998915e-01, 2.8875766e-06],
       [3.7020874e-01, 2.4623631e-01, 3.8355491e-01]], dtype=float32)]","[array([0., 0., 0.], dtype=float32), array([0.03925631, 0.03925631, 0.03925631], dtype=float32), array([0.03570252, 0.03570252, 0.03570252], dtype=float32), array([0.0606842, 0.0606842, 0.0606842], dtype=float32), array([0.05544831, 0.05544831, 0.05544831], dtype=float32), array([0.07114881, 0.07114881, 0.07114881], dtype=float32), array([0.08852434, 0.08852434, 0.08852434], dtype=float32), array([0.10643613, 0.10643613, 0.10643613], dtype=float32), array([0.12606569, 0.12606569, 0.12606569], dtype=float32), array([0.14741337, 0.14741337, 0.14741337], dtype=float32), array([0.16531658, 0.16531658, 0.16531658], dtype=float32), array([0.18109824, 0.18109824, 0.18109824], dtype=float32), array([0.20057848, 0.20057848, 0.20057848], dtype=float32), array([0.21848053, 0.21848053, 0.21848053], dtype=float32), array([0.23441894, 0.23441894, 0.23441894], dtype=float32), array([0.2527952, 0.2527952, 0.2527952], dtype=float32), array([0.26886776, 0.26886776, 0.26886776], dtype=float32), array([0.283133, 0.283133, 0.283133], dtype=float32), array([0.30366796, 0.30366796, 0.30366796], dtype=float32), array([0.32093382, 0.32093382, 0.32093382], dtype=float32), array([0.33627763, 0.33627763, 0.33627763], dtype=float32), array([0.34999138, 0.34999138, 0.34999138], dtype=float32), array([0.3624864, 0.3624864, 0.3624864], dtype=float32), array([0.37983808, 0.37983808, 0.37983808], dtype=float32), array([0.39350253, 0.39350253, 0.39350253], dtype=float32), array([0.40654463, 0.40654463, 0.40654463], dtype=float32), array([0.4228244, 0.4228244, 0.4228244], dtype=float32), array([0.4366155, 0.4366155, 0.4366155], dtype=float32), array([0.45383394, 0.45383394, 0.45383394], dtype=float32), array([0.46920913, 0.46920913, 0.46920913], dtype=float32), array([0.4838977, 0.4838977, 0.4838977], dtype=float32)]","[array([0., 0., 0.], dtype=float32), array([0.03925631, 0.03925631, 0.03925631], dtype=float32), array([0.03570252, 0.03570252, 0.03570252], dtype=float32), array([0.0606842, 0.0606842, 0.0606842], dtype=float32), array([0.05544831, 0.05544831, 0.05544831], dtype=float32), array([0.07114881, 0.07114881, 0.07114881], dtype=float32), array([0.08852434, 0.08852434, 0.08852434], dtype=float32), array([0.10643614, 0.10643614, 0.10643614], dtype=float32), array([0.1260657, 0.1260657, 0.1260657], dtype=float32), array([0.14741337, 0.14741337, 0.14741337], dtype=float32), array([0.16531657, 0.16531657, 0.16531657], dtype=float32), array([0.18109822, 0.18109822, 0.18109822], dtype=float32), array([0.20057847, 0.20057847, 0.20057847], dtype=float32), array([0.21848054, 0.21848054, 0.21848054], dtype=float32), array([0.23441893, 0.23441893, 0.23441893], dtype=float32), array([0.2527952, 0.2527952, 0.2527952], dtype=float32), array([0.26886776, 0.26886776, 0.26886776], dtype=float32), array([0.283133, 0.283133, 0.283133], dtype=float32), array([0.30366793, 0.30366793, 0.30366793], dtype=float32), array([0.32093382, 0.32093382, 0.32093382], dtype=float32), array([0.33627763, 0.33627763, 0.33627763], dtype=float32), array([0.3499914, 0.3499914, 0.3499914], dtype=float32), array([0.3624864, 0.3624864, 0.3624864], dtype=float32), array([0.37983802, 0.37983802, 0.37983802], dtype=float32), array([0.39350253, 0.39350253, 0.39350253], dtype=float32), array([0.4065447, 0.4065447, 0.4065447], dtype=float32), array([0.42282447, 0.42282447, 0.42282447], dtype=float32), array([0.43661547, 0.43661547, 0.43661547], dtype=float32), array([0.4538339, 0.4538339, 0.4538339], dtype=float32), array([0.46920916, 0.46920916, 0.46920916], dtype=float32), array([0.48389772, 0.48389772, 0.48389772], dtype=float32)]",1,0,0,0,0,0,54.33053435114503,55.59618320610687,0.0003768527208345464,-1.2,0.00016384128650542024,2000,2000,2000,-1.2,2000,0.3429950989957433,30969,0.0,1.0,0.0013802934991,30969,1.0,0.0393447157605,999.0,0.0,23810,356.229816655828,0.0013802934991,30969,0.6519069075584412,1.0,30969,0.4722185432910919,999.0,0.0031821727752685547,0.2404155135154724,81158,0.21292507648468018,93.9571304321289,0.0,0.038978345692157745,1.0,-0.14162923395633698,356.2310125395883,61938,93000,104968,0,93000,61938,1069.7700079280514,5988874.829488726,6184666.012380429,10.5,2100,100,0.7837645722890833,0.00024402036228690987,50,8.925795301235472e-05,0.7837645722890833,0.18852424999931827,1.0,0.0023068305794731714,2.0,0.0003170769923599437,1.5,2,2,-10.5,50,0.0008087718953580403,100,0.0003618410962861646,100,100,1.5,100,1.5,3.042153452429888e-05,5.005447297610622e-05,2.96015588400386e-05,0.00015881782973931735,1.6822818772557908e-05,2.292271623477386e-05,2.0464336428738837e-05,7.813446438873948e-06,4.5475608995954896e-05,6.723024146301837e-06,3.3991560051459276e-05,0.05695400100375991,0.006717762997141108,0.04894499400688801,0.18417354300618172,0.028804819987271912,0.01641265999933239,0.0001737179991323501,108066,31.0,108066,31.0,498.0,0.0,0.20151636,92.10459899902344,1.0,31.0,-0.15275239944458008,108066,0.037194445729255676,0.6516496539115906,31.0,108066,0.4722185730934143,498.0,-0.00018739700317382812,651000,216132,216132,651000,12911.739969268336,2.8935753542003704e-05,6.800462740875408e-05,0.0001241767568436471,5.470095245901603e-05,4.906211449191276e-05,0.0003547681459005948,1.3513480279086537e-05,0.00011028135611376595,1.1065721064298785e-05,5.865622654364677e-05,3.5014786530096546e-05
1,4000,False,2,cb694_00000,2025-08-17_21-32-44,1755466364,90.27624440193176,181.52254390716553,720237,intrinsic-attention2,10.156.0.3,181.52254390716553,2,91.02853770799119,1.4574644155800341e-05,91.02829806254347,2.6332083852212236,88.040818954899,0.0021116797404829414,1.0067001111073661,4000,1.0,2.6021332345186967,2,0.0015759809597511777,2000,1.0067001111073661,-10.5,2.0,0.00010378024761296046,0.00029005900432821363,1000,2000,4.685614353503056e-05,3.98,10.5,2,764.7168255323335,2000.0,3000.0,"[array([[3.9211431e-01, 2.3270795e-01, 3.7517777e-01],
       [6.6470477e-07, 9.9999702e-01, 2.2150002e-06],
       [2.4211524e-01, 5.0042748e-01, 2.5745732e-01]], dtype=float32), array([[4.1662794e-01, 1.8255131e-01, 4.0082070e-01],
       [8.0154661e-07, 9.9999762e-01, 1.5476805e-06],
       [3.4802026e-01, 3.0604964e-01, 3.4593007e-01]], dtype=float32), array([[3.9798728e-01, 2.1343787e-01, 3.8857478e-01],
       [2.2270119e-06, 9.9999404e-01, 3.6715187e-06],
       [3.4461814e-01, 3.1207433e-01, 3.4330750e-01]], dtype=float32), array([[4.4982669e-01, 1.5501714e-01, 3.9515620e-01],
       [2.0423352e-07, 9.9999845e-01, 1.3299980e-06],
       [2.1388005e-01, 5.4639322e-01, 2.3972678e-01]], dtype=float32), array([[3.1703013e-01, 3.6662304e-01, 3.1634676e-01],
       [3.4743628e-06, 9.9999368e-01, 2.8828404e-06],
       [3.3758718e-01, 3.2462946e-01, 3.3778343e-01]], dtype=float32), array([[3.8466647e-01, 2.3698263e-01, 3.7835094e-01],
       [2.0755197e-06, 9.9999475e-01, 3.2459732e-06],
       [3.3569723e-01, 3.2884213e-01, 3.3546060e-01]], dtype=float32), array([[4.4082871e-01, 1.6714031e-01, 3.9203098e-01],
       [2.1546498e-07, 9.9999833e-01, 1.3797842e-06],
       [2.0578727e-01, 5.6184101e-01, 2.3237169e-01]], dtype=float32), array([[4.3869019e-01, 1.7002039e-01, 3.9128944e-01],
       [2.0889759e-07, 9.9999845e-01, 1.3359078e-06],
       [2.0366874e-01, 5.6593937e-01, 2.3039190e-01]], dtype=float32), array([[3.7725964e-01, 2.5110960e-01, 3.7163070e-01],
       [1.7449859e-06, 9.9999535e-01, 2.8474446e-06],
       [3.2193613e-01, 3.5496446e-01, 3.2309946e-01]], dtype=float32), array([[2.3293942e-01, 5.4727864e-01, 2.1978192e-01],
       [6.1897072e-06, 9.9999106e-01, 2.7362003e-06],
       [3.2318005e-01, 3.5574496e-01, 3.2107499e-01]], dtype=float32), array([[4.4897348e-01, 1.3300033e-01, 4.1802618e-01],
       [7.3200948e-07, 9.9999762e-01, 1.6776186e-06],
       [3.6889571e-01, 2.6898560e-01, 3.6211869e-01]], dtype=float32), array([[3.0481619e-01, 3.9693123e-01, 2.9825267e-01],
       [7.8988905e-06, 9.9998915e-01, 2.9987184e-06],
       [3.9014667e-01, 1.9711898e-01, 4.1273427e-01]], dtype=float32), array([[2.3120667e-01, 5.5247271e-01, 2.1632066e-01],
       [9.6619870e-06, 9.9998629e-01, 3.9988345e-06],
       [3.2756984e-01, 3.4624496e-01, 3.2618523e-01]], dtype=float32), array([[3.4366599e-01, 3.1498185e-01, 3.4135208e-01],
       [6.8293838e-07, 9.9999726e-01, 2.0525927e-06],
       [2.0594668e-01, 5.7116163e-01, 2.2289166e-01]], dtype=float32), array([[3.1817588e-01, 3.6523417e-01, 3.1658995e-01],
       [5.7228540e-06, 9.9999058e-01, 3.6957454e-06],
       [3.6287990e-01, 2.7035001e-01, 3.6677009e-01]], dtype=float32), array([[4.2752036e-01, 1.5438274e-01, 4.1809687e-01],
       [4.4927556e-06, 9.9998963e-01, 5.8820528e-06],
       [4.0524292e-01, 1.9590853e-01, 3.9884850e-01]], dtype=float32), array([[3.0338910e-01, 3.9466724e-01, 3.0194366e-01],
       [8.0048094e-06, 9.9998558e-01, 6.4686465e-06],
       [3.2730454e-01, 3.4571597e-01, 3.2697949e-01]], dtype=float32), array([[2.5147435e-01, 5.1347893e-01, 2.3504676e-01],
       [1.3102735e-05, 9.9998236e-01, 4.5216466e-06],
       [3.5958576e-01, 2.7108490e-01, 3.6932939e-01]], dtype=float32), array([[2.0111336e-01, 6.0171199e-01, 1.9717465e-01],
       [4.7740914e-06, 9.9999142e-01, 3.8269768e-06],
       [2.2572112e-01, 5.5217278e-01, 2.2210613e-01]], dtype=float32), array([[4.2377797e-01, 1.6144486e-01, 4.1477713e-01],
       [9.2212322e-06, 9.9997890e-01, 1.1934436e-05],
       [4.0182900e-01, 2.0242465e-01, 3.9574638e-01]], dtype=float32), array([[2.4350050e-01, 5.2708328e-01, 2.2941622e-01],
       [4.0698862e-05, 9.9994063e-01, 1.8657249e-05],
       [3.2795155e-01, 3.4540638e-01, 3.2664210e-01]], dtype=float32), array([[3.6112347e-01, 2.8032526e-01, 3.5855126e-01],
       [2.0452999e-05, 9.9995172e-01, 2.7739941e-05],
       [3.2658064e-01, 3.4629789e-01, 3.2712144e-01]], dtype=float32), array([[3.5900635e-01, 2.8476787e-01, 3.5622582e-01],
       [2.6994665e-05, 9.9993467e-01, 3.8424976e-05],
       [3.1824458e-01, 3.6212811e-01, 3.1962734e-01]], dtype=float32), array([[4.1896260e-01, 1.7009106e-01, 4.1094637e-01],
       [4.6002777e-05, 9.9989700e-01, 5.6981535e-05],
       [4.0024596e-01, 2.0519805e-01, 3.9455602e-01]], dtype=float32), array([[4.1945615e-01, 1.6930665e-01, 4.1123721e-01],
       [5.9746206e-05, 9.9986637e-01, 7.3864503e-05],
       [4.0090364e-01, 2.0405482e-01, 3.9504153e-01]], dtype=float32), array([[3.7811953e-01, 2.4624801e-01, 3.7563252e-01],
       [5.6221706e-05, 9.9987841e-01, 6.5358043e-05],
       [3.6259273e-01, 2.7632725e-01, 3.6108008e-01]], dtype=float32), array([[3.1680986e-01, 3.6322555e-01, 3.1996471e-01],
       [2.4664227e-05, 9.9992216e-01, 5.3213593e-05],
       [2.2142006e-01, 5.4230821e-01, 2.3627166e-01]], dtype=float32), array([[4.0875673e-01, 2.0434046e-01, 3.8690281e-01],
       [8.5047563e-05, 9.9973613e-01, 1.7874238e-04],
       [3.2068843e-01, 3.5596019e-01, 3.2335138e-01]], dtype=float32), array([[3.7654752e-01, 2.4811764e-01, 3.7533486e-01],
       [2.0308018e-04, 9.9958009e-01, 2.1687942e-04],
       [3.6992013e-01, 2.6115438e-01, 3.6892551e-01]], dtype=float32), array([[4.3845782e-01, 1.5520827e-01, 4.0633401e-01],
       [1.3606917e-04, 9.9960274e-01, 2.6122652e-04],
       [3.6888900e-01, 2.7051097e-01, 3.6060005e-01]], dtype=float32), array([[3.7594807e-01, 2.4924707e-01, 3.7480488e-01],
       [2.9587315e-04, 9.9938989e-01, 3.1423286e-04],
       [3.6986390e-01, 2.6122400e-01, 3.6891207e-01]], dtype=float32)]","[array([0.5031429, 0.5031429, 0.5031429], dtype=float32), array([0.5262509, 0.5262509, 0.5262509], dtype=float32), array([0.5441971, 0.5441971, 0.5441971], dtype=float32), array([0.55953676, 0.55953676, 0.55953676], dtype=float32), array([0.571639, 0.571639, 0.571639], dtype=float32), array([0.5825013, 0.5825013, 0.5825013], dtype=float32), array([0.5864744, 0.5864744, 0.5864744], dtype=float32), array([0.5860766, 0.5860766, 0.5860766], dtype=float32), array([0.58121186, 0.58121186, 0.58121186], dtype=float32), array([0.5692467, 0.5692467, 0.5692467], dtype=float32), array([0.55775064, 0.55775064, 0.55775064], dtype=float32), array([0.55073935, 0.55073935, 0.55073935], dtype=float32), array([0.54652774, 0.54652774, 0.54652774], dtype=float32), array([0.5379277, 0.5379277, 0.5379277], dtype=float32), array([0.5321531, 0.5321531, 0.5321531], dtype=float32), array([0.526012, 0.526012, 0.526012], dtype=float32), array([0.51942456, 0.51942456, 0.51942456], dtype=float32), array([0.51541615, 0.51541615, 0.51541615], dtype=float32), array([0.5120544, 0.5120544, 0.5120544], dtype=float32), array([0.50757354, 0.50757354, 0.50757354], dtype=float32), array([0.4955196, 0.4955196, 0.4955196], dtype=float32), array([0.48480988, 0.48480988, 0.48480988], dtype=float32), array([0.474873, 0.474873, 0.474873], dtype=float32), array([0.4641212, 0.4641212, 0.4641212], dtype=float32), array([0.45363793, 0.45363793, 0.45363793], dtype=float32), array([0.4430014, 0.4430014, 0.4430014], dtype=float32), array([0.4317072, 0.4317072, 0.4317072], dtype=float32), array([0.41909406, 0.41909406, 0.41909406], dtype=float32), array([0.4073385, 0.4073385, 0.4073385], dtype=float32), array([0.39568275, 0.39568275, 0.39568275], dtype=float32), array([0.38395184, 0.38395184, 0.38395184], dtype=float32)]","[array([0.5031429, 0.5031429, 0.5031429], dtype=float32), array([0.5262509, 0.5262509, 0.5262509], dtype=float32), array([0.5441971, 0.5441971, 0.5441971], dtype=float32), array([0.55953676, 0.55953676, 0.55953676], dtype=float32), array([0.571639, 0.571639, 0.571639], dtype=float32), array([0.5825013, 0.5825013, 0.5825013], dtype=float32), array([0.5864745, 0.5864745, 0.5864745], dtype=float32), array([0.58607656, 0.58607656, 0.58607656], dtype=float32), array([0.5812119, 0.5812119, 0.5812119], dtype=float32), array([0.5692467, 0.5692467, 0.5692467], dtype=float32), array([0.5577506, 0.5577506, 0.5577506], dtype=float32), array([0.5507394, 0.5507394, 0.5507394], dtype=float32), array([0.54652774, 0.54652774, 0.54652774], dtype=float32), array([0.5379276, 0.5379276, 0.5379276], dtype=float32), array([0.5321531, 0.5321531, 0.5321531], dtype=float32), array([0.526012, 0.526012, 0.526012], dtype=float32), array([0.51942456, 0.51942456, 0.51942456], dtype=float32), array([0.51541615, 0.51541615, 0.51541615], dtype=float32), array([0.5120544, 0.5120544, 0.5120544], dtype=float32), array([0.50757354, 0.50757354, 0.50757354], dtype=float32), array([0.49551958, 0.49551958, 0.49551958], dtype=float32), array([0.48480988, 0.48480988, 0.48480988], dtype=float32), array([0.47487304, 0.47487304, 0.47487304], dtype=float32), array([0.46412128, 0.46412128, 0.46412128], dtype=float32), array([0.45363796, 0.45363796, 0.45363796], dtype=float32), array([0.4430014, 0.4430014, 0.4430014], dtype=float32), array([0.4317072, 0.4317072, 0.4317072], dtype=float32), array([0.41909403, 0.41909403, 0.41909403], dtype=float32), array([0.4073385, 0.4073385, 0.4073385], dtype=float32), array([0.39568278, 0.39568278, 0.39568278], dtype=float32), array([0.3839518, 0.3839518, 0.3839518], dtype=float32)]",1,0,0,0,0,0,54.44186046511627,55.60000000000001,0.00037370465856430133,3.98,0.00016148806235527385,4000,2000,4000,3.98,2000,0.34280766036579735,30969,0.0,1.0,0.0013802934991,61938,2.0,0.0393447157605,999.0,0.0,23810,356.00868260534696,0.0013802934991,30969,0.5102500319480896,2.0,61938,0.4722185432910919,999.0,-0.013697147369384766,0.3606232702732086,81158,0.24137435853481293,130.38525390625,0.0,0.06391149014234543,1.0,-0.12249348312616348,356.0098327233063,123876,186000,104968,0,93000,61938,1069.105510433321,5998410.176257922,6201921.210961433,10.5,4100,100,0.9573306375970015,0.00017696857433938568,100,7.045100413209901e-05,0.9573306375970015,0.18851195290932082,2.0,0.002307375859527383,2.0,0.0003160574224602897,4.3,2,2,-10.5,50,0.000598126039820331,200,0.00026161488602752584,200,100,4.3,100,4.3,3.0018967465951206e-05,4.9377785883326384e-05,2.947376620209177e-05,0.00015722091859713284,1.6395087716529442e-05,2.2652880008335197e-05,2.0369814358307047e-05,7.634097442005033e-06,4.349824434103876e-05,6.830745532775953e-06,3.403441122265391e-05,0.056948266413819504,0.006714421567157842,0.048959826946811516,0.18399699718604096,0.028797842487401797,0.016403915339324157,0.00017382398917106912,108066,61.0,216132,62.0,498.0,0.0,0.23301038,93.6140365600586,1.0,61.0,-0.12538760900497437,108066,0.06177562102675438,0.5144298076629639,62.0,216132,0.4722185730934143,498.0,6.80685043334961e-05,651000,216132,432264,1302000,12780.339228600933,2.5109461224172515e-05,4.0135770992438784e-05,8.398067762827321e-05,4.5645130164039473e-05,4.440979441886616e-05,0.0002507400804368158,1.0895922680123325e-05,7.282585657399912e-05,9.872719703997868e-06,5.1363825324038206e-05,2.9832036470268406e-05
1,6000,False,3,cb694_00000,2025-08-17_21-34-17,1755466457,92.56046319007874,274.08300709724426,720237,intrinsic-attention2,10.156.0.3,274.08300709724426,3,91.04184614395133,1.459560765651986e-05,91.04160517931804,2.6335932441689875,88.0539727513599,0.0021106860631261953,1.0067001111073661,6000,2.0,2.602526487733488,2,0.00160759757985943,2000,1.0067001111073661,-10.5,2.0,0.00010603604917263593,0.00029005900432821363,1000,3000,4.8332495379462505e-05,7.58,10.5,2,761.180199250868,2000.0,3000.0,"[array([[3.3796665e-01, 3.2433057e-01, 3.3770275e-01],
       [4.0992597e-04, 9.9911481e-01, 4.7527900e-04],
       [3.2096982e-01, 3.5740504e-01, 3.2162514e-01]], dtype=float32), array([[3.3738914e-01, 3.2544854e-01, 3.3716232e-01],
       [4.9256498e-04, 9.9893969e-01, 5.6779612e-04],
       [3.2106027e-01, 3.5723901e-01, 3.2170078e-01]], dtype=float32), array([[3.7822390e-01, 2.6207498e-01, 3.5970113e-01],
       [9.9651988e-05, 9.9954861e-01, 3.5169060e-04],
       [2.1234445e-01, 5.4600883e-01, 2.4164669e-01]], dtype=float32), array([[3.1041336e-01, 3.7472951e-01, 3.1485716e-01],
       [2.5203501e-04, 9.9927694e-01, 4.7106438e-04],
       [2.3328148e-01, 5.1892430e-01, 2.4779420e-01]], dtype=float32), array([[3.7761563e-01, 2.6337782e-01, 3.5900655e-01],
       [2.2107038e-04, 9.9905914e-01, 7.1980146e-04],
       [2.2130783e-01, 5.2863473e-01, 2.5005743e-01]], dtype=float32), array([[0.3509482 , 0.29450884, 0.3545429 ],
       [0.0035475 , 0.99389595, 0.00255665],
       [0.38038322, 0.2277194 , 0.39189738]], dtype=float32), array([[0.39019695, 0.2362869 , 0.37351614],
       [0.00215397, 0.9941706 , 0.00367533],
       [0.3240346 , 0.3497668 , 0.32619855]], dtype=float32), array([[0.3186842 , 0.35944918, 0.32186663],
       [0.00208939, 0.9944349 , 0.00347578],
       [0.25573865, 0.4751067 , 0.2691547 ]], dtype=float32), array([[0.26294956, 0.47454086, 0.26250952],
       [0.00441669, 0.9912339 , 0.00434938],
       [0.26465356, 0.47112548, 0.26422095]], dtype=float32), array([[0.28980446, 0.43042514, 0.2797704 ],
       [0.01282505, 0.978458  , 0.00871701],
       [0.3287613 , 0.34378323, 0.32745543]], dtype=float32), array([[0.3878106 , 0.24197772, 0.37021175],
       [0.00518618, 0.98611915, 0.00869464],
       [0.3220775 , 0.3529308 , 0.32499167]], dtype=float32), array([[0.29050815, 0.42875263, 0.28073922],
       [0.01271986, 0.97859573, 0.00868438],
       [0.32905194, 0.34310296, 0.32784507]], dtype=float32), array([[0.33997577, 0.32047936, 0.3395448 ],
       [0.00782167, 0.98350084, 0.00867746],
       [0.3280724 , 0.34353063, 0.32839698]], dtype=float32), array([[0.28917566, 0.43048522, 0.28033912],
       [0.01087499, 0.98147076, 0.0076543 ],
       [0.32522747, 0.3515105 , 0.32326204]], dtype=float32), array([[0.34023914, 0.31996733, 0.33979356],
       [0.0071137 , 0.9849836 , 0.00790272],
       [0.3281855 , 0.3433133 , 0.32850116]], dtype=float32), array([[0.34907874, 0.30139557, 0.3495257 ],
       [0.00668642, 0.9869118 , 0.00640173],
       [0.35369986, 0.29200926, 0.3542909 ]], dtype=float32), array([[0.3221788 , 0.35291016, 0.324911  ],
       [0.00299257, 0.9918828 , 0.00512458],
       [0.2551533 , 0.47458658, 0.2702602 ]], dtype=float32), array([[0.37661785, 0.2663975 , 0.35698467],
       [0.00201007, 0.9927452 , 0.00524465],
       [0.24657117, 0.48009753, 0.27333122]], dtype=float32), array([[0.34136218, 0.31779942, 0.3408385 ],
       [0.00792927, 0.9832771 , 0.00879367],
       [0.3295143 , 0.3407345 , 0.32975122]], dtype=float32), array([[0.37535995, 0.26734042, 0.3572996 ],
       [0.00229366, 0.9921657 , 0.00554063],
       [0.2565915 , 0.4637717 , 0.27963686]], dtype=float32), array([[0.37625802, 0.26691213, 0.3568298 ],
       [0.00187229, 0.99319506, 0.00493263],
       [0.24503274, 0.4828764 , 0.27209088]], dtype=float32), array([[0.3932286 , 0.2340588 , 0.3727126 ],
       [0.00376104, 0.9895516 , 0.00668742],
       [0.3196863 , 0.35696486, 0.32334882]], dtype=float32), array([[0.32890505, 0.34220785, 0.32888708],
       [0.00697578, 0.98609596, 0.00692832],
       [0.32966542, 0.3406841 , 0.32965046]], dtype=float32), array([[0.32140285, 0.35427114, 0.32432595],
       [0.00286842, 0.9921916 , 0.00494002],
       [0.25369492, 0.47725648, 0.2690486 ]], dtype=float32), array([[0.33163306, 0.33665967, 0.33170727],
       [0.00878072, 0.9818007 , 0.00941871],
       [0.32363117, 0.35232845, 0.3240403 ]], dtype=float32), array([[0.37724382, 0.26474443, 0.35801172],
       [0.00314251, 0.98950547, 0.00735197],
       [0.2621641 , 0.45355448, 0.28428146]], dtype=float32), array([[0.326322  , 0.34554368, 0.32813427],
       [0.00533104, 0.9858344 , 0.00883444],
       [0.26312673, 0.45918036, 0.27769285]], dtype=float32), array([[0.34444648, 0.3123637 , 0.3431898 ],
       [0.01328864, 0.9711103 , 0.01560116],
       [0.32562134, 0.34794894, 0.32642964]], dtype=float32), array([[0.3876317 , 0.24245848, 0.36990976],
       [0.01417062, 0.9642432 , 0.02158623],
       [0.3335219 , 0.3330075 , 0.33347058]], dtype=float32), array([[0.3280317 , 0.34249997, 0.32946837],
       [0.01074577, 0.97229767, 0.01695664],
       [0.27087158, 0.44433695, 0.2847915 ]], dtype=float32), array([[0.33082822, 0.3385222 , 0.33064955],
       [0.01939632, 0.9629078 , 0.01769593],
       [0.34063885, 0.31817594, 0.34118527]], dtype=float32)]","[array([0.36958104, 0.36958104, 0.36958104], dtype=float32), array([0.3567846, 0.3567846, 0.3567846], dtype=float32), array([0.34607595, 0.34607595, 0.34607595], dtype=float32), array([0.33652526, 0.33652526, 0.33652526], dtype=float32), array([0.3274006, 0.3274006, 0.3274006], dtype=float32), array([0.32150507, 0.32150507, 0.32150507], dtype=float32), array([0.3118016, 0.3118016, 0.3118016], dtype=float32), array([0.30233055, 0.30233055, 0.30233055], dtype=float32), array([0.29010004, 0.29010004, 0.29010004], dtype=float32), array([0.27514052, 0.27514052, 0.27514052], dtype=float32), array([0.2597228, 0.2597228, 0.2597228], dtype=float32), array([0.23933126, 0.23933126, 0.23933126], dtype=float32), array([0.21725963, 0.21725963, 0.21725963], dtype=float32), array([0.19222364, 0.19222364, 0.19222364], dtype=float32), array([0.1659366, 0.1659366, 0.1659366], dtype=float32), array([0.13798428, 0.13798428, 0.13798428], dtype=float32), array([0.11388389, 0.11388389, 0.11388389], dtype=float32), array([0.08963241, 0.08963241, 0.08963241], dtype=float32), array([0.06300747, 0.06300747, 0.06300747], dtype=float32), array([0.03759407, 0.03759407, 0.03759407], dtype=float32), array([0.01472711, 0.01472711, 0.01472711], dtype=float32), array([-0.00933846, -0.00933846, -0.00933846], dtype=float32), array([-0.03035763, -0.03035763, -0.03035763], dtype=float32), array([-0.05117472, -0.05117472, -0.05117472], dtype=float32), array([-0.07652197, -0.07652197, -0.07652197], dtype=float32), array([-0.10326605, -0.10326605, -0.10326605], dtype=float32), array([-0.12694958, -0.12694958, -0.12694958], dtype=float32), array([-0.1574429, -0.1574429, -0.1574429], dtype=float32), array([-0.18654051, -0.18654051, -0.18654051], dtype=float32), array([-0.21951847, -0.21951847, -0.21951847], dtype=float32), array([-0.25309315, -0.25309315, -0.25309315], dtype=float32)]","[array([0.36958104, 0.36958104, 0.36958104], dtype=float32), array([0.35678464, 0.35678464, 0.35678464], dtype=float32), array([0.34607598, 0.34607598, 0.34607598], dtype=float32), array([0.3365253, 0.3365253, 0.3365253], dtype=float32), array([0.32740062, 0.32740062, 0.32740062], dtype=float32), array([0.32150507, 0.32150507, 0.32150507], dtype=float32), array([0.31180158, 0.31180158, 0.31180158], dtype=float32), array([0.30233055, 0.30233055, 0.30233055], dtype=float32), array([0.29010004, 0.29010004, 0.29010004], dtype=float32), array([0.27514052, 0.27514052, 0.27514052], dtype=float32), array([0.25972277, 0.25972277, 0.25972277], dtype=float32), array([0.23933126, 0.23933126, 0.23933126], dtype=float32), array([0.21725963, 0.21725963, 0.21725963], dtype=float32), array([0.19222364, 0.19222364, 0.19222364], dtype=float32), array([0.16593662, 0.16593662, 0.16593662], dtype=float32), array([0.13798429, 0.13798429, 0.13798429], dtype=float32), array([0.11388388, 0.11388388, 0.11388388], dtype=float32), array([0.0896324, 0.0896324, 0.0896324], dtype=float32), array([0.06300747, 0.06300747, 0.06300747], dtype=float32), array([0.03759407, 0.03759407, 0.03759407], dtype=float32), array([0.01472711, 0.01472711, 0.01472711], dtype=float32), array([-0.00933846, -0.00933846, -0.00933846], dtype=float32), array([-0.03035763, -0.03035763, -0.03035763], dtype=float32), array([-0.05117472, -0.05117472, -0.05117472], dtype=float32), array([-0.07652197, -0.07652197, -0.07652197], dtype=float32), array([-0.10326603, -0.10326603, -0.10326603], dtype=float32), array([-0.12694958, -0.12694958, -0.12694958], dtype=float32), array([-0.1574429, -0.1574429, -0.1574429], dtype=float32), array([-0.18654053, -0.18654053, -0.18654053], dtype=float32), array([-0.21951844, -0.21951844, -0.21951844], dtype=float32), array([-0.25309315, -0.25309315, -0.25309315], dtype=float32)]",1,0,0,0,0,0,54.46742424242425,55.60000000000001,0.0003824515301991926,7.58,0.00016560225059659593,6000,2000,6000,7.58,2000,0.342606447112131,30969,0.0,1.0,0.0013802934991,92907,3.0,0.0393447157605,999.0,0.0,23810,355.5333484766121,0.0013802934991,30969,0.39650312066078186,3.0,92907,0.4708152115345001,999.0,-0.07535254955291748,0.3606232702732086,81158,0.28829458355903625,170.73109436035156,0.0,0.022836612537503242,1.0,-0.06756255030632019,355.5344496111872,185814,279000,104968,0,93000,61938,1067.677594208326,6011205.996945896,6226063.00287589,10.5,6100,100,0.9957671529634575,0.00015558335918151305,150,6.432335123635733e-05,0.9957671529634575,0.18846578779013218,3.0,0.0022826543296105227,2.0,0.0003148991281792405,7.7,2,2,-10.5,50,0.0005372998407711167,300,0.00023250687414089611,300,100,7.7,100,7.7,3.043212614373598e-05,5.0607593008617734e-05,2.981441336966753e-05,0.00016217905361032734,1.7002620466854105e-05,2.3158821403711864e-05,2.0992407048148336e-05,7.858770612254438e-06,4.490905626729001e-05,6.871596897512957e-06,3.426406008561276e-05,0.05691778651962812,0.006714495441457257,0.04896090771742893,0.18382441637417357,0.028809991142500078,0.016390456105940393,0.00017370576932735274,108066,91.0,324198,93.0,498.0,0.0,0.2879702,91.11852264404297,1.0,91.0,-0.06424463540315628,108066,0.02221745252609253,0.400617390871048,93.0,324198,0.4722185730934143,498.0,-0.0002683401107788086,651000,216132,648396,1953000,12622.68123574722,2.357726843725265e-05,3.270337131892423e-05,7.241393769687501e-05,4.1847237085409506e-05,4.211033805104418e-05,0.00022351187027427785,9.999682287037246e-06,6.247711787978043e-05,9.266535195445538e-06,4.828412347962608e-05,2.804816182670968e-05
1,8000,False,4,cb694_00000,2025-08-17_21-35-48,1755466548,90.97927236557007,365.06227946281433,720237,intrinsic-attention2,10.156.0.3,365.06227946281433,4,91.03916972674178,1.4652801555232144e-05,91.03892675237483,2.6334788952072254,88.05174409744636,0.0021072842224949275,1.0067001111073661,8000,3.0,2.602434377746234,2,0.0015454481990309432,2000,1.0067001111073661,-10.5,2.0,0.00010005734700296812,0.00029005900432821363,1000,4000,4.675066568737503e-05,8.74,10.5,2,756.1394567484933,2000.0,3000.0,"[array([[0.37483612, 0.2691287 , 0.35603514],
       [0.00862526, 0.97340333, 0.01797142],
       [0.27411568, 0.4317293 , 0.29415503]], dtype=float32), array([[0.38678628, 0.24391577, 0.3692979 ],
       [0.01583185, 0.9602652 , 0.02390291],
       [0.3336761 , 0.33274168, 0.3335822 ]], dtype=float32), array([[0.33744738, 0.32479474, 0.33775795],
       [0.0203797 , 0.961046  , 0.01857429],
       [0.3472691 , 0.3043575 , 0.34837344]], dtype=float32), array([[0.3371732 , 0.3259325 , 0.3368943 ],
       [0.02328396, 0.9512256 , 0.02549046],
       [0.326739  , 0.3460635 , 0.32719752]], dtype=float32), array([[0.38468984, 0.2473711 , 0.3679391 ],
       [0.01823886, 0.95457786, 0.02718319],
       [0.33308658, 0.33375907, 0.33315435]], dtype=float32), array([[0.37570462, 0.26887384, 0.35542154],
       [0.00830837, 0.97338134, 0.01831021],
       [0.26626414, 0.44391045, 0.28982532]], dtype=float32), array([[0.30649716, 0.39334598, 0.30015683],
       [0.03804118, 0.9328633 , 0.02909554],
       [0.33309907, 0.33386612, 0.33303484]], dtype=float32), array([[0.3434619 , 0.3138796 , 0.34265843],
       [0.03034665, 0.93647605, 0.03317726],
       [0.33316752, 0.3336523 , 0.33318016]], dtype=float32), array([[0.3375137 , 0.32512152, 0.33736476],
       [0.03497082, 0.92867893, 0.03635026],
       [0.33313978, 0.33371374, 0.33314654]], dtype=float32), array([[0.38091698, 0.2538921 , 0.3651909 ],
       [0.02763909, 0.9325189 , 0.03984206],
       [0.3330657 , 0.33379304, 0.33314124]], dtype=float32), array([[0.37613738, 0.26860672, 0.35525596],
       [0.01500006, 0.9546564 , 0.03034354],
       [0.27745083, 0.42436045, 0.2981888 ]], dtype=float32), array([[0.3277847 , 0.34645522, 0.32576013],
       [0.05209001, 0.9100823 , 0.03782777],
       [0.35693267, 0.2756715 , 0.36739588]], dtype=float32), array([[0.37673995, 0.26779485, 0.3554651 ],
       [0.01714941, 0.9488825 , 0.03396801],
       [0.28068325, 0.41883466, 0.30048203]], dtype=float32), array([[0.33124423, 0.3370113 , 0.3317445 ],
       [0.02866214, 0.932475  , 0.0388629 ],
       [0.2936154 , 0.40443262, 0.30195197]], dtype=float32), array([[0.3324563 , 0.33485842, 0.3326853 ],
       [0.03003275, 0.92826855, 0.04169867],
       [0.2915417 , 0.40743226, 0.301026  ]], dtype=float32), array([[0.33887824, 0.3239044 , 0.33721736],
       [0.03150209, 0.9230187 , 0.04547923],
       [0.2921521 , 0.4051255 , 0.30272248]], dtype=float32), array([[0.35909382, 0.28632462, 0.35458162],
       [0.04366088, 0.9046264 , 0.0517127 ],
       [0.33853188, 0.32377756, 0.3376906 ]], dtype=float32), array([[0.37612292, 0.26266822, 0.3612088 ],
       [0.05686779, 0.86584014, 0.07729206],
       [0.3347787 , 0.33088383, 0.33433747]], dtype=float32), array([[0.30988237, 0.37873578, 0.31138182],
       [0.06094334, 0.87408084, 0.06497582],
       [0.30274963, 0.3926018 , 0.30464846]], dtype=float32), array([[0.31180492, 0.37481266, 0.31338245],
       [0.07289489, 0.84913385, 0.07797119],
       [0.30431306, 0.38931158, 0.30637538]], dtype=float32), array([[0.34329483, 0.3144073 , 0.34229794],
       [0.10458297, 0.78362834, 0.11178873],
       [0.3354356 , 0.32933247, 0.33523187]], dtype=float32), array([[0.31517297, 0.36795372, 0.31687337],
       [0.09930454, 0.7939516 , 0.10674393],
       [0.30713224, 0.3833602 , 0.30950758]], dtype=float32), array([[0.34293276, 0.31511584, 0.3419514 ],
       [0.12957698, 0.7330114 , 0.13741155],
       [0.33596954, 0.3283229 , 0.3357076 ]], dtype=float32), array([[0.37030023, 0.2796368 , 0.35006303],
       [0.07380142, 0.8070826 , 0.11911602],
       [0.2992698 , 0.3858482 , 0.31488207]], dtype=float32), array([[0.32441026, 0.35322708, 0.3223627 ],
       [0.15450889, 0.7075191 , 0.13797203],
       [0.33556044, 0.32833526, 0.3361043 ]], dtype=float32), array([[0.324777  , 0.35240993, 0.3228131 ],
       [0.15884086, 0.6988711 , 0.14228812],
       [0.33561778, 0.32820737, 0.33617485]], dtype=float32), array([[0.36927587, 0.2757682 , 0.35495597],
       [0.12263237, 0.72146565, 0.155902  ],
       [0.33489594, 0.33077002, 0.33433408]], dtype=float32), array([[0.36799425, 0.27735862, 0.35464707],
       [0.13324496, 0.7012232 , 0.16553189],
       [0.33694834, 0.32737043, 0.33568117]], dtype=float32), array([[0.32006574, 0.35820827, 0.32172596],
       [0.1382479 , 0.7126829 , 0.14906916],
       [0.31162548, 0.37412065, 0.31425387]], dtype=float32), array([[0.365704  , 0.28149092, 0.35280508],
       [0.15699205, 0.652141  , 0.19086702],
       [0.3371706 , 0.32706377, 0.33576566]], dtype=float32), array([[0.32791469, 0.34737185, 0.3247134 ],
       [0.20172231, 0.6321968 , 0.16608095],
       [0.3445176 , 0.30343926, 0.3520432 ]], dtype=float32)]","[array([-0.28075477, -0.28075477, -0.28075477], dtype=float32), array([-0.298378, -0.298378, -0.298378], dtype=float32), array([-0.31340095, -0.31340095, -0.31340095], dtype=float32), array([-0.32543567, -0.32543567, -0.32543567], dtype=float32), array([-0.3377624, -0.3377624, -0.3377624], dtype=float32), array([-0.35183135, -0.35183135, -0.35183135], dtype=float32), array([-0.3631613, -0.3631613, -0.3631613], dtype=float32), array([-0.37297046, -0.37297046, -0.37297046], dtype=float32), array([-0.38453957, -0.38453957, -0.38453957], dtype=float32), array([-0.39539436, -0.39539436, -0.39539436], dtype=float32), array([-0.4107883, -0.4107883, -0.4107883], dtype=float32), array([-0.42608497, -0.42608497, -0.42608497], dtype=float32), array([-0.43777543, -0.43777543, -0.43777543], dtype=float32), array([-0.45266291, -0.45266291, -0.45266291], dtype=float32), array([-0.46665835, -0.46665835, -0.46665835], dtype=float32), array([-0.4781005, -0.4781005, -0.4781005], dtype=float32), array([-0.49453685, -0.49453685, -0.49453685], dtype=float32), array([-0.50561196, -0.50561196, -0.50561196], dtype=float32), array([-0.5160261, -0.5160261, -0.5160261], dtype=float32), array([-0.5338712, -0.5338712, -0.5338712], dtype=float32), array([-0.54895663, -0.54895663, -0.54895663], dtype=float32), array([-0.56037235, -0.56037235, -0.56037235], dtype=float32), array([-0.568334, -0.568334, -0.568334], dtype=float32), array([-0.5746508, -0.5746508, -0.5746508], dtype=float32), array([-0.5861246, -0.5861246, -0.5861246], dtype=float32), array([-0.5957863, -0.5957863, -0.5957863], dtype=float32), array([-0.60524625, -0.60524625, -0.60524625], dtype=float32), array([-0.6173442, -0.6173442, -0.6173442], dtype=float32), array([-0.6326306, -0.6326306, -0.6326306], dtype=float32), array([-0.6492409, -0.6492409, -0.6492409], dtype=float32), array([-0.6590784, -0.6590784, -0.6590784], dtype=float32)]","[array([-0.28075477, -0.28075477, -0.28075477], dtype=float32), array([-0.298378, -0.298378, -0.298378], dtype=float32), array([-0.31340092, -0.31340092, -0.31340092], dtype=float32), array([-0.32543567, -0.32543567, -0.32543567], dtype=float32), array([-0.3377624, -0.3377624, -0.3377624], dtype=float32), array([-0.3518314, -0.3518314, -0.3518314], dtype=float32), array([-0.36316124, -0.36316124, -0.36316124], dtype=float32), array([-0.37297052, -0.37297052, -0.37297052], dtype=float32), array([-0.38453957, -0.38453957, -0.38453957], dtype=float32), array([-0.39539436, -0.39539436, -0.39539436], dtype=float32), array([-0.41078836, -0.41078836, -0.41078836], dtype=float32), array([-0.42608497, -0.42608497, -0.42608497], dtype=float32), array([-0.4377755, -0.4377755, -0.4377755], dtype=float32), array([-0.45266291, -0.45266291, -0.45266291], dtype=float32), array([-0.46665844, -0.46665844, -0.46665844], dtype=float32), array([-0.47810042, -0.47810042, -0.47810042], dtype=float32), array([-0.49453688, -0.49453688, -0.49453688], dtype=float32), array([-0.50561196, -0.50561196, -0.50561196], dtype=float32), array([-0.5160261, -0.5160261, -0.5160261], dtype=float32), array([-0.5338711, -0.5338711, -0.5338711], dtype=float32), array([-0.5489567, -0.5489567, -0.5489567], dtype=float32), array([-0.56037235, -0.56037235, -0.56037235], dtype=float32), array([-0.568334, -0.568334, -0.568334], dtype=float32), array([-0.57465076, -0.57465076, -0.57465076], dtype=float32), array([-0.58612454, -0.58612454, -0.58612454], dtype=float32), array([-0.5957862, -0.5957862, -0.5957862], dtype=float32), array([-0.6052462, -0.6052462, -0.6052462], dtype=float32), array([-0.6173442, -0.6173442, -0.6173442], dtype=float32), array([-0.63263047, -0.63263047, -0.63263047], dtype=float32), array([-0.6492409, -0.6492409, -0.6492409], dtype=float32), array([-0.6590785, -0.6590785, -0.6590785], dtype=float32)]",1,0,0,0,0,0,54.470000000000006,55.60076923076923,0.000367935218107777,8.74,0.0001604988939239511,8000,2000,8000,8.74,2000,0.3423039918910427,30969,0.0,1.0,0.0013802934991,123876,4.0,0.0393447157605,999.0,0.0,23810,355.10123484214705,0.0013802934991,30969,0.33668196201324463,4.0,123876,0.4722185432910919,999.0,-0.01503443717956543,0.1803116351366043,81158,0.3189160227775574,144.5334014892578,0.0,0.0064048124477267265,1.0,-0.03213581070303917,355.10228678151157,247752,372000,104968,0,93000,61938,1066.379483957075,6025354.490230764,6248502.433796079,10.5,8100,100,1.0042789879865917,0.0001576121935127971,200,6.459777557339757e-05,1.0042789879865917,0.18845620435226218,4.0,0.002276569089590339,2.0,0.0003137250969298329,8.5,2,2,-10.5,50,0.0005371637696966437,400,0.00023396389352234987,400,100,8.5,100,8.5,2.9576491451743934e-05,4.832855050160136e-05,2.8924269606903852e-05,0.0001552916521271966,1.6175778357314864e-05,2.259393419403869e-05,2.0277200053049168e-05,7.50509918106848e-06,4.432968975719882e-05,6.7175513232320375e-06,3.331883467080307e-05,0.056869563524439545,0.006711274796985789,0.04893970389024888,0.18361739103039815,0.02879663053100501,0.01637748149491314,0.00017362996162349008,108066,121.0,432264,124.0,498.0,0.0,0.31318095,87.76522827148438,1.0,121.0,-0.036880724132061005,108066,0.008162863552570343,0.3285147547721863,124.0,432264,0.4722185730934143,498.0,0.0005787014961242676,651000,216132,864528,2604000,12467.032593685148,2.4087959583917593e-05,3.171664834362148e-05,7.261682100871477e-05,4.319451654224294e-05,4.2398592742545696e-05,0.00022151565323650271,1.0124832356151638e-05,6.325744540729431e-05,9.397468197526555e-06,4.914950545052468e-05,2.8192720209236067e-05
1,10000,False,5,cb694_00000,2025-08-17_21-37-19,1755466639,91.32695508003235,456.3892345428467,720237,intrinsic-attention2,10.156.0.3,456.3892345428467,5,91.04052696011439,1.4646243464610306e-05,91.04028278840106,2.633830579365174,88.0530656643419,0.0021049213802738992,1.0067001111073661,10000,4.0,2.6028025346487116,2,0.0015529286391392815,2000,1.0067001111073661,-10.5,2.0,0.00010247560668827503,0.00029005900432821363,1000,5000,4.7459982838647145e-05,9.64,10.5,2,749.7547345782596,2000.0,3000.0,"[array([[0.32788727, 0.34552327, 0.32658944],
       [0.2072656 , 0.60153013, 0.19120423],
       [0.3358148 , 0.32775193, 0.3364332 ]], dtype=float32), array([[0.34102064, 0.31873664, 0.3402427 ],
       [0.1946098 , 0.60319644, 0.2021938 ],
       [0.3364302 , 0.32744715, 0.33612263]], dtype=float32), array([[0.36496854, 0.2896948 , 0.34533665],
       [0.15083945, 0.636271  , 0.21288949],
       [0.31005725, 0.36709562, 0.32284713]], dtype=float32), array([[0.33194184, 0.33642966, 0.33162856],
       [0.26150766, 0.48821536, 0.250277  ],
       [0.33636197, 0.32657713, 0.3370609 ]], dtype=float32), array([[0.33311108, 0.33381888, 0.33306998],
       [0.27606374, 0.45580128, 0.26813492],
       [0.33613136, 0.32721144, 0.3366572 ]], dtype=float32), array([[0.34651187, 0.31089577, 0.34259236],
       [0.26208407, 0.45990837, 0.27800763],
       [0.3379945 , 0.32535902, 0.33664653]], dtype=float32), array([[0.34672952, 0.31060064, 0.34266984],
       [0.2643538 , 0.45544365, 0.2802025 ],
       [0.33824012, 0.32496607, 0.33679384]], dtype=float32), array([[0.34686768, 0.3105576 , 0.34257475],
       [0.2694056 , 0.44548765, 0.2851067 ],
       [0.33844236, 0.32469252, 0.3368651 ]], dtype=float32), array([[0.3596573 , 0.29881755, 0.34152514],
       [0.22480375, 0.4949822 , 0.28021398],
       [0.32101512, 0.35010242, 0.32888246]], dtype=float32), array([[0.3570492 , 0.2979048 , 0.34504598],
       [0.25891358, 0.45329267, 0.2877937 ],
       [0.33876023, 0.3251018 , 0.33613795]], dtype=float32), array([[0.34135824, 0.32127988, 0.33736184],
       [0.25006875, 0.46753874, 0.28239256],
       [0.3236607 , 0.3480738 , 0.3282655 ]], dtype=float32), array([[0.36035842, 0.29741788, 0.34222364],
       [0.20896555, 0.52351207, 0.26752234],
       [0.31829628, 0.35413912, 0.3275646 ]], dtype=float32), array([[0.33969814, 0.32324502, 0.33705685],
       [0.20299262, 0.5589698 , 0.23803756],
       [0.3181449 , 0.35778236, 0.3240728 ]], dtype=float32), array([[0.3432125 , 0.3152883 , 0.34149927],
       [0.21237104, 0.5626978 , 0.2249311 ],
       [0.33596164, 0.32852015, 0.33551818]], dtype=float32), array([[0.34156093, 0.3179564 , 0.34048265],
       [0.18219824, 0.6254068 , 0.19239493],
       [0.334954  , 0.33029893, 0.33474708]], dtype=float32), array([[0.33643192, 0.3281556 , 0.33541244],
       [0.11656169, 0.7374971 , 0.14594121],
       [0.3076929 , 0.3769122 , 0.3153949 ]], dtype=float32), array([[0.3267941 , 0.34797075, 0.3252352 ],
       [0.20571356, 0.60479236, 0.18949407],
       [0.33482245, 0.3299837 , 0.33519384]], dtype=float32), array([[0.3571221 , 0.29958823, 0.3432897 ],
       [0.15453556, 0.6332508 , 0.21221364],
       [0.30864564, 0.3698869 , 0.3214675 ]], dtype=float32), array([[0.35520867, 0.30296513, 0.3418262 ],
       [0.17950712, 0.58203965, 0.23845331],
       [0.31079456, 0.3659168 , 0.32328865]], dtype=float32), array([[0.32604828, 0.34633297, 0.32761875],
       [0.23548004, 0.5139439 , 0.25057608],
       [0.31905   , 0.35889667, 0.32205334]], dtype=float32), array([[0.35197473, 0.30875984, 0.33926547],
       [0.22280833, 0.4979484 , 0.27924326],
       [0.31464145, 0.35887927, 0.3264793 ]], dtype=float32), array([[0.3448043 , 0.31404623, 0.34114942],
       [0.28485867, 0.41758153, 0.29755983],
       [0.33816427, 0.32517833, 0.3366574 ]], dtype=float32), array([[0.35184175, 0.30656272, 0.3415956 ],
       [0.2920688 , 0.3961291 , 0.3118021 ],
       [0.33910576, 0.3248898 , 0.33600447]], dtype=float32), array([[0.3381652 , 0.32425183, 0.3375829 ],
       [0.31191364, 0.37384668, 0.31423965],
       [0.3371174 , 0.32621938, 0.33666328]], dtype=float32), array([[0.33501768, 0.33101898, 0.33396336],
       [0.2958685 , 0.38671714, 0.31741434],
       [0.32471514, 0.34529036, 0.32999444]], dtype=float32), array([[0.33279145, 0.3341129 , 0.33309564],
       [0.3076066 , 0.3711722 , 0.32122123],
       [0.32699034, 0.3425057 , 0.33050397]], dtype=float32), array([[0.3355232 , 0.33057395, 0.33390284],
       [0.30954903, 0.36409542, 0.32635552],
       [0.3270283 , 0.34134638, 0.33162534]], dtype=float32), array([[0.3463134 , 0.31789345, 0.3357932 ],
       [0.32460266, 0.34395242, 0.33144492],
       [0.33846632, 0.32717827, 0.33435544]], dtype=float32), array([[0.3454872 , 0.31958824, 0.33492452],
       [0.3274182 , 0.34014884, 0.332433  ],
       [0.33826256, 0.32771707, 0.33402032]], dtype=float32), array([[0.33453995, 0.33196643, 0.33349365],
       [0.3225744 , 0.34567362, 0.33175194],
       [0.32967347, 0.3375003 , 0.33282614]], dtype=float32), array([[0.33661747, 0.32945424, 0.3339283 ],
       [0.3302371 , 0.33701453, 0.33274832],
       [0.3342356 , 0.33226502, 0.3334994 ]], dtype=float32)]","[array([-0.66524583, -0.66524583, -0.66524583], dtype=float32), array([-0.67351687, -0.67351687, -0.67351687], dtype=float32), array([-0.68203664, -0.68203664, -0.68203664], dtype=float32), array([-0.68266815, -0.68266815, -0.68266815], dtype=float32), array([-0.67647386, -0.67647386, -0.67647386], dtype=float32), array([-0.66246676, -0.66246676, -0.66246676], dtype=float32), array([-0.6498479, -0.6498479, -0.6498479], dtype=float32), array([-0.637604, -0.637604, -0.637604], dtype=float32), array([-0.6148196, -0.6148196, -0.6148196], dtype=float32), array([-0.5977757, -0.5977757, -0.5977757], dtype=float32), array([-0.58435243, -0.58435243, -0.58435243], dtype=float32), array([-0.55655265, -0.55655265, -0.55655265], dtype=float32), array([-0.5298295, -0.5298295, -0.5298295], dtype=float32), array([-0.5072553, -0.5072553, -0.5072553], dtype=float32), array([-0.4745447, -0.4745447, -0.4745447], dtype=float32), array([-0.44511786, -0.44511786, -0.44511786], dtype=float32), array([-0.4035908, -0.4035908, -0.4035908], dtype=float32), array([-0.36641672, -0.36641672, -0.36641672], dtype=float32), array([-0.33213222, -0.33213222, -0.33213222], dtype=float32), array([-0.30038208, -0.30038208, -0.30038208], dtype=float32), array([-0.2719022, -0.2719022, -0.2719022], dtype=float32), array([-0.24526736, -0.24526736, -0.24526736], dtype=float32), array([-0.22417942, -0.22417942, -0.22417942], dtype=float32), array([-0.20835915, -0.20835915, -0.20835915], dtype=float32), array([-0.18894318, -0.18894318, -0.18894318], dtype=float32), array([-0.17193541, -0.17193541, -0.17193541], dtype=float32), array([-0.15015101, -0.15015101, -0.15015101], dtype=float32), array([-0.12993273, -0.12993273, -0.12993273], dtype=float32), array([-0.11005161, -0.11005161, -0.11005161], dtype=float32), array([-0.09196948, -0.09196948, -0.09196948], dtype=float32), array([-0.07477449, -0.07477449, -0.07477449], dtype=float32)]","[array([-0.66524595, -0.66524595, -0.66524595], dtype=float32), array([-0.6735169, -0.6735169, -0.6735169], dtype=float32), array([-0.6820365, -0.6820365, -0.6820365], dtype=float32), array([-0.68266803, -0.68266803, -0.68266803], dtype=float32), array([-0.67647374, -0.67647374, -0.67647374], dtype=float32), array([-0.6624669, -0.6624669, -0.6624669], dtype=float32), array([-0.6498479, -0.6498479, -0.6498479], dtype=float32), array([-0.6376039, -0.6376039, -0.6376039], dtype=float32), array([-0.6148195, -0.6148195, -0.6148195], dtype=float32), array([-0.5977756, -0.5977756, -0.5977756], dtype=float32), array([-0.58435243, -0.58435243, -0.58435243], dtype=float32), array([-0.55655277, -0.55655277, -0.55655277], dtype=float32), array([-0.52982956, -0.52982956, -0.52982956], dtype=float32), array([-0.5072552, -0.5072552, -0.5072552], dtype=float32), array([-0.4745446, -0.4745446, -0.4745446], dtype=float32), array([-0.44511795, -0.44511795, -0.44511795], dtype=float32), array([-0.40359074, -0.40359074, -0.40359074], dtype=float32), array([-0.36641675, -0.36641675, -0.36641675], dtype=float32), array([-0.33213225, -0.33213225, -0.33213225], dtype=float32), array([-0.3003821, -0.3003821, -0.3003821], dtype=float32), array([-0.2719023, -0.2719023, -0.2719023], dtype=float32), array([-0.24526738, -0.24526738, -0.24526738], dtype=float32), array([-0.22417946, -0.22417946, -0.22417946], dtype=float32), array([-0.2083592, -0.2083592, -0.2083592], dtype=float32), array([-0.18894316, -0.18894316, -0.18894316], dtype=float32), array([-0.1719354, -0.1719354, -0.1719354], dtype=float32), array([-0.15015101, -0.15015101, -0.15015101], dtype=float32), array([-0.12993275, -0.12993275, -0.12993275], dtype=float32), array([-0.11005162, -0.11005162, -0.11005162], dtype=float32), array([-0.09196949, -0.09196949, -0.09196949], dtype=float32), array([-0.07477449, -0.07477449, -0.07477449], dtype=float32)]",1,0,0,0,0,0,54.526923076923076,55.60153846153847,0.0003705231782574774,9.64,0.00016069275814430549,10000,2000,10000,9.64,2000,0.3420174744321045,30969,0.0,1.0,0.0013802934991,154845,5.0,0.0393447157605,999.0,0.0,23810,354.64827737982273,0.0013802934991,30969,0.3199883997440338,5.0,154845,0.4722185432910919,999.0,-0.001737356185913086,0.09015581756830215,81158,0.32092052698135376,138.88607788085938,0.0,0.0033456585370004177,1.0,-0.028447870165109634,354.6492819758721,309690,465000,104968,0,93000,61938,1065.0188008501088,6031610.159595676,6260728.17528257,10.5,10100,100,1.006163949065147,0.00012257365681798225,250,5.322272249320264e-05,1.006163949065147,0.18794414200867673,5.0,0.0019854528999712785,2.0,0.0003121692559939301,8.9,2,2,-10.5,50,0.00043663526915860865,500,0.00018921556919372352,500,100,8.9,100,8.9,2.9475520167622485e-05,4.881791343842107e-05,2.9535698531408075e-05,0.00015720846882454496,1.634018182523777e-05,2.217823614296847e-05,2.0247362390168632e-05,7.484206521056535e-06,4.381976027619448e-05,6.680331405724145e-06,3.345140751806609e-05,0.0568280389992019,0.006710572049015381,0.048921385131443965,0.18340600746008676,0.028783612815635285,0.01637422223994675,0.00017352901206138513,108066,151.0,540330,155.0,498.0,0.0,0.332945,91.38314056396484,1.0,151.0,-0.01640361361205578,108066,0.00358993886038661,0.3141316771507263,155.0,540330,0.4722185730934143,498.0,-0.0017522573471069336,651000,216132,1080660,3255000,12315.248387099513,1.9418709050229076e-05,2.5828850194408653e-05,5.840425465742741e-05,3.5225680957085976e-05,3.414063850503794e-05,0.00018142983713787195,8.510840452189389e-06,5.0142178328863194e-05,7.784823998540563e-06,4.052438526882061e-05,2.3235775987798158e-05
1,12000,False,6,cb694_00000,2025-08-17_21-38-53,1755466733,93.54811525344849,549.9373497962952,720237,intrinsic-attention2,10.156.0.3,549.9373497962952,6,91.06356010793321,1.4636391063187609e-05,91.06331460914711,2.633852801841538,88.07515116645855,0.002102660986487358,1.0067001111073661,12000,5.0,2.6028438219022356,2,0.0015445996189373545,2000,1.0067001111073661,-10.5,2.0,0.00010085587659823604,0.00029005900432821363,1000,6000,4.624794465337873e-05,9.46,10.5,2,742.1728727673174,2000.0,3000.0,"[array([[0.34504077, 0.32353368, 0.33142552],
       [0.32907552, 0.33694687, 0.33397758],
       [0.33501723, 0.3319116 , 0.33307114]], dtype=float32), array([[0.3359258 , 0.33103672, 0.33303747],
       [0.32675406, 0.3392112 , 0.33403477],
       [0.3305112 , 0.33584583, 0.33364293]], dtype=float32), array([[0.34290308, 0.32706144, 0.3300355 ],
       [0.3268607 , 0.33761197, 0.33552742],
       [0.32990208, 0.33559775, 0.33450016]], dtype=float32), array([[0.34472087, 0.3270953 , 0.32818386],
       [0.33471593, 0.33257443, 0.3327096 ],
       [0.33534506, 0.33222926, 0.33242565]], dtype=float32), array([[0.33686697, 0.33090642, 0.3322266 ],
       [0.33375642, 0.3330422 , 0.33320138],
       [0.334449  , 0.33256596, 0.332985  ]], dtype=float32), array([[0.33593848, 0.33184364, 0.33221793],
       [0.33174768, 0.33424115, 0.3340112 ],
       [0.33213174, 0.33402118, 0.33384708]], dtype=float32), array([[0.33423206, 0.33342084, 0.33234704],
       [0.33412814, 0.33341083, 0.332461  ],
       [0.3339902 , 0.33339748, 0.3326123 ]], dtype=float32), array([[0.3353243 , 0.33482015, 0.32985553],
       [0.33513218, 0.33467698, 0.33019078],
       [0.33322164, 0.33324972, 0.33352864]], dtype=float32), array([[0.3326906 , 0.33945712, 0.3278523 ],
       [0.3321461 , 0.34423724, 0.32361662],
       [0.3330616 , 0.33599505, 0.3309434 ]], dtype=float32), array([[0.3309294 , 0.340408  , 0.3286627 ],
       [0.32795557, 0.34902018, 0.32302424],
       [0.33164018, 0.33832693, 0.33003286]], dtype=float32), array([[0.3356763 , 0.3423178 , 0.32200596],
       [0.33650666, 0.3457059 , 0.31778744],
       [0.33381987, 0.33513582, 0.33104432]], dtype=float32), array([[0.33252332, 0.34715667, 0.32031998],
       [0.33177355, 0.35660356, 0.31162286],
       [0.33304203, 0.33902216, 0.32793579]], dtype=float32), array([[0.33520606, 0.34840924, 0.31638473],
       [0.33603254, 0.35692352, 0.30704388],
       [0.3336684 , 0.33574405, 0.33058754]], dtype=float32), array([[0.32958564, 0.34707278, 0.3233416 ],
       [0.3213723 , 0.37512922, 0.30349857],
       [0.3323722 , 0.3369239 , 0.33070385]], dtype=float32), array([[0.32853097, 0.3490817 , 0.3223873 ],
       [0.31694657, 0.3846293 , 0.29842415],
       [0.33183727, 0.33831576, 0.32984707]], dtype=float32), array([[0.32682198, 0.36018208, 0.31299597],
       [0.31642556, 0.39775664, 0.28581774],
       [0.3308644 , 0.34391493, 0.3252206 ]], dtype=float32), array([[0.32899627, 0.3526551 , 0.31834862],
       [0.32091606, 0.38451004, 0.29457384],
       [0.33234113, 0.33793572, 0.32972315]], dtype=float32), array([[0.32734817, 0.3469167 , 0.32573512],
       [0.3062827 , 0.3939225 , 0.29979485],
       [0.32906267, 0.34303698, 0.32790035]], dtype=float32), array([[0.35314992, 0.3107098 , 0.33614028],
       [0.30509093, 0.36721802, 0.32769102],
       [0.3344434 , 0.33204138, 0.33351523]], dtype=float32), array([[0.327832  , 0.35409844, 0.31806952],
       [0.31970885, 0.3822071 , 0.29808408],
       [0.33074683, 0.34330627, 0.3259469 ]], dtype=float32), array([[0.3299501 , 0.34795925, 0.32209066],
       [0.32502782, 0.3675926 , 0.3073796 ],
       [0.33200708, 0.33919707, 0.32879585]], dtype=float32), array([[0.33651483, 0.34426525, 0.31921992],
       [0.33761835, 0.34832558, 0.31405607],
       [0.33379686, 0.33486253, 0.33134055]], dtype=float32), array([[0.33514187, 0.3361811 , 0.32867706],
       [0.33541232, 0.33660942, 0.3279782 ],
       [0.33342782, 0.33348143, 0.33309078]], dtype=float32), array([[0.33627743, 0.33155236, 0.33217022],
       [0.33212405, 0.33406603, 0.33380988],
       [0.33266908, 0.33373573, 0.3335952 ]], dtype=float32), array([[0.33454496, 0.33118826, 0.33426672],
       [0.32980528, 0.33959275, 0.330602  ],
       [0.33415538, 0.3318777 , 0.33396688]], dtype=float32), array([[0.33471856, 0.33070782, 0.33457366],
       [0.32174358, 0.35536224, 0.32289416],
       [0.3342591 , 0.33157846, 0.3341624 ]], dtype=float32), array([[0.33857885, 0.3231173 , 0.33830383],
       [0.30609256, 0.3865703 , 0.30733716],
       [0.3380359 , 0.32417417, 0.33778995]], dtype=float32), array([[0.3274179 , 0.3476278 , 0.32495433],
       [0.2837682 , 0.4483697 , 0.26786214],
       [0.3323827 , 0.33564347, 0.33197376]], dtype=float32), array([[0.3228529 , 0.35875532, 0.31839177],
       [0.25325695, 0.5161999 , 0.23054326],
       [0.33086595, 0.33937484, 0.3297592 ]], dtype=float32), array([[0.33788607, 0.32622212, 0.33589184],
       [0.14399001, 0.6694623 , 0.18654762],
       [0.30323872, 0.38155392, 0.31520736]], dtype=float32), array([[0.32107517, 0.35862565, 0.32029915],
       [0.1497749 , 0.7054433 , 0.14478177],
       [0.3246118 , 0.3513377 , 0.3240504 ]], dtype=float32)]","[array([-0.05483473, -0.05483473, -0.05483473], dtype=float32), array([-0.03669409, -0.03669409, -0.03669409], dtype=float32), array([-0.00767526, -0.00767526, -0.00767526], dtype=float32), array([0.01910097, 0.01910097, 0.01910097], dtype=float32), array([0.04893842, 0.04893842, 0.04893842], dtype=float32), array([0.08962528, 0.08962528, 0.08962528], dtype=float32), array([0.12932321, 0.12932321, 0.12932321], dtype=float32), array([0.1694847, 0.1694847, 0.1694847], dtype=float32), array([0.20330705, 0.20330705, 0.20330705], dtype=float32), array([0.2492858, 0.2492858, 0.2492858], dtype=float32), array([0.2984862, 0.2984862, 0.2984862], dtype=float32), array([0.34236965, 0.34236965, 0.34236965], dtype=float32), array([0.3814167, 0.3814167, 0.3814167], dtype=float32), array([0.42716938, 0.42716938, 0.42716938], dtype=float32), array([0.46638826, 0.46638826, 0.46638826], dtype=float32), array([0.5018206, 0.5018206, 0.5018206], dtype=float32), array([0.5410136, 0.5410136, 0.5410136], dtype=float32), array([0.5789179, 0.5789179, 0.5789179], dtype=float32), array([0.6281013, 0.6281013, 0.6281013], dtype=float32), array([0.6808162, 0.6808162, 0.6808162], dtype=float32), array([0.7256261, 0.7256261, 0.7256261], dtype=float32), array([0.7762607, 0.7762607, 0.7762607], dtype=float32), array([0.83147204, 0.83147204, 0.83147204], dtype=float32), array([0.8881119, 0.8881119, 0.8881119], dtype=float32), array([0.9408651, 0.9408651, 0.9408651], dtype=float32), array([0.99088156, 0.99088156, 0.99088156], dtype=float32), array([1.0466375, 1.0466375, 1.0466375], dtype=float32), array([1.1007029, 1.1007029, 1.1007029], dtype=float32), array([1.1497395, 1.1497395, 1.1497395], dtype=float32), array([1.1937631, 1.1937631, 1.1937631], dtype=float32), array([1.2430238, 1.2430238, 1.2430238], dtype=float32)]","[array([-0.05483473, -0.05483473, -0.05483473], dtype=float32), array([-0.03669409, -0.03669409, -0.03669409], dtype=float32), array([-0.00767526, -0.00767526, -0.00767526], dtype=float32), array([0.01910097, 0.01910097, 0.01910097], dtype=float32), array([0.04893841, 0.04893841, 0.04893841], dtype=float32), array([0.08962525, 0.08962525, 0.08962525], dtype=float32), array([0.12932323, 0.12932323, 0.12932323], dtype=float32), array([0.16948469, 0.16948469, 0.16948469], dtype=float32), array([0.20330708, 0.20330708, 0.20330708], dtype=float32), array([0.24928576, 0.24928576, 0.24928576], dtype=float32), array([0.2984862, 0.2984862, 0.2984862], dtype=float32), array([0.3423696, 0.3423696, 0.3423696], dtype=float32), array([0.38141677, 0.38141677, 0.38141677], dtype=float32), array([0.42716938, 0.42716938, 0.42716938], dtype=float32), array([0.4663883, 0.4663883, 0.4663883], dtype=float32), array([0.5018206, 0.5018206, 0.5018206], dtype=float32), array([0.54101366, 0.54101366, 0.54101366], dtype=float32), array([0.5789179, 0.5789179, 0.5789179], dtype=float32), array([0.62810135, 0.62810135, 0.62810135], dtype=float32), array([0.6808163, 0.6808163, 0.6808163], dtype=float32), array([0.72562605, 0.72562605, 0.72562605], dtype=float32), array([0.7762605, 0.7762605, 0.7762605], dtype=float32), array([0.8314722, 0.8314722, 0.8314722], dtype=float32), array([0.888112, 0.888112, 0.888112], dtype=float32), array([0.94086534, 0.94086534, 0.94086534], dtype=float32), array([0.9908817, 0.9908817, 0.9908817], dtype=float32), array([1.0466377, 1.0466377, 1.0466377], dtype=float32), array([1.100703, 1.100703, 1.100703], dtype=float32), array([1.1497394, 1.1497394, 1.1497394], dtype=float32), array([1.1937636, 1.1937636, 1.1937636], dtype=float32), array([1.2430238, 1.2430238, 1.2430238], dtype=float32)]",1,0,0,0,0,0,54.60671641791045,55.605223880597016,0.00036853025191610803,9.46,0.0001605452743127475,12000,2000,12000,9.46,2000,0.3429575763377515,30969,0.0,1.0,0.0013802934991,185814,6.0,0.0393447157605,999.0,0.0,23810,354.0577408036735,0.0013802934991,30969,0.28859567642211914,6.0,185814,0.4722185432910919,999.0,-0.003562450408935547,0.09015581756830215,81158,0.322457879781723,118.22776794433594,0.0,0.008368819020688534,1.0,-0.027105117216706276,354.0587010482885,371628,558000,104968,0,93000,61938,1063.2449960068218,6029503.27375578,6268457.79327411,10.5,12100,100,1.0065813770648688,0.0001478231085674166,300,6.208594393384339e-05,1.0065813770648688,0.18792013251860645,6.0,0.0019760477798990905,2.0,0.00031099546345241273,9.3,2,2,-10.5,50,0.0005101493479608,600,0.0002220114326959714,600,100,9.3,100,9.3,2.9796016613182527e-05,4.880393278841624e-05,2.928593735147164e-05,0.00015328630075624425,1.6343682256452752e-05,2.2685092408703916e-05,2.02132707800573e-05,7.453442363907087e-06,4.2696366506141956e-05,6.7183110145546914e-06,3.3923386199421584e-05,0.05677783849923542,0.00670950679864456,0.048904448240047034,0.18415571724555213,0.028933274077418313,0.016476595057687275,0.00017384710195328347,108066,181.0,648396,186.0,498.0,0.0,0.31908974,102.77062225341797,1.0,181.0,-0.030936988070607185,108066,0.007469725329428911,0.2733389735221863,186.0,648396,0.4722185730934143,498.0,-0.00027489662170410156,651000,216132,1296792,3906000,12165.126112952701,2.2839594773755447e-05,3.0130895579593847e-05,6.867662309967433e-05,4.12134257580318e-05,4.0222067217281575e-05,0.0002111684877572653,9.903028749000054e-06,5.962012064786487e-05,8.978581629521399e-06,4.703973918076633e-05,2.675563144111714e-05
1,14000,False,7,cb694_00000,2025-08-17_21-40-25,1755466825,92.68971586227417,642.6270656585693,720237,intrinsic-attention2,10.156.0.3,642.6270656585693,7,91.07832342823384,1.4650417198049574e-05,91.07807563580559,2.635720240253228,88.08821138330387,0.0021022955965187677,1.0067001111073661,14000,6.0,2.604717821653255,2,0.0016127819906978402,2000,1.0067001111073661,-9.5,2.0,0.00010406216277034886,0.00029005900432821363,1000,7000,4.8293373893848696e-05,9.66,10.5,2,733.5281188840286,2000.0,3000.0,"[array([[0.32127634, 0.35734293, 0.32138073],
       [0.1044232 , 0.7905062 , 0.10507058],
       [0.3206017 , 0.35868675, 0.32071158]], dtype=float32), array([[0.34267768, 0.31695285, 0.34036946],
       [0.0625561 , 0.8589559 , 0.07848799],
       [0.31427464, 0.3671867 , 0.3185386 ]], dtype=float32), array([[0.28707477, 0.44453523, 0.26839006],
       [0.08287238, 0.8593072 , 0.05782036],
       [0.31912223, 0.36878043, 0.31209734]], dtype=float32), array([[0.30348235, 0.395762  , 0.30075556],
       [0.05237139, 0.9000839 , 0.04754476],
       [0.3136182 , 0.37465385, 0.311728  ]], dtype=float32), array([[0.27739236, 0.4669887 , 0.25561887],
       [0.05860965, 0.9032354 , 0.03815498],
       [0.3162087 , 0.37607053, 0.30772084]], dtype=float32), array([[0.2978678 , 0.40762985, 0.29450244],
       [0.036353  , 0.93132323, 0.03232384],
       [0.31024775, 0.38182855, 0.3079237 ]], dtype=float32), array([[0.3334791 , 0.33311406, 0.33340687],
       [0.00578325, 0.9782623 , 0.01595448],
       [0.20086914, 0.553659  , 0.24547185]], dtype=float32), array([[0.2658979 , 0.49304676, 0.2410554 ],
       [0.03841768, 0.93845785, 0.0231245 ],
       [0.3126307 , 0.3848967 , 0.30247253]], dtype=float32), array([[0.2825093 , 0.42578897, 0.29170182],
       [0.00867775, 0.97877353, 0.01254865],
       [0.23976004, 0.50608337, 0.25415656]], dtype=float32), array([[0.3346142 , 0.33102098, 0.3343649 ],
       [0.01132456, 0.9732748 , 0.0154006 ],
       [0.2969943 , 0.39985183, 0.30315396]], dtype=float32), array([[0.28506428, 0.43448365, 0.28045207],
       [0.01571829, 0.970882  , 0.01339969],
       [0.30211556, 0.39900407, 0.2988804 ]], dtype=float32), array([[0.2944875 , 0.42170647, 0.283806  ],
       [0.02320048, 0.9609836 , 0.01581607],
       [0.3320459 , 0.33634764, 0.33160645]], dtype=float32), array([[0.3359539 , 0.3281343 , 0.33591184],
       [0.01416084, 0.97135645, 0.01448264],
       [0.33344   , 0.3331216 , 0.3334383 ]], dtype=float32), array([[0.28856647, 0.4252904 , 0.28614315],
       [0.01156164, 0.97794026, 0.01049816],
       [0.2991259 , 0.4036917 , 0.2971824 ]], dtype=float32), array([[0.28293777, 0.4388594 , 0.2782029 ],
       [0.01343215, 0.975176  , 0.01139196],
       [0.3005937 , 0.40215787, 0.2972484 ]], dtype=float32), array([[0.25233307, 0.52292335, 0.22474356],
       [0.02309807, 0.96413565, 0.01276627],
       [0.30799422, 0.396079  , 0.29592672]], dtype=float32), array([[0.2657912 , 0.5096622 , 0.22454658],
       [0.04081784, 0.9410741 , 0.01810808],
       [0.33276305, 0.33506843, 0.3321685 ]], dtype=float32), array([[0.29204327, 0.41859385, 0.2893629 ],
       [0.01743358, 0.96683675, 0.01572969],
       [0.30317545, 0.39571038, 0.30111414]], dtype=float32), array([[0.29284886, 0.41697326, 0.29017785],
       [0.01853776, 0.9647301 , 0.01673221],
       [0.30392554, 0.3941914 , 0.30188307]], dtype=float32), array([[0.2847501 , 0.42250803, 0.29274184],
       [0.00918528, 0.97807103, 0.01274374],
       [0.24677159, 0.49414003, 0.2590884 ]], dtype=float32), array([[0.28189227, 0.42206135, 0.2960463 ],
       [0.00586637, 0.98321056, 0.01092309],
       [0.2091893 , 0.5553046 , 0.23550616]], dtype=float32), array([[0.2724647 , 0.4907329 , 0.23680247],
       [0.04597745, 0.9315832 , 0.02243935],
       [0.33236906, 0.33615914, 0.33147177]], dtype=float32), array([[0.34702554, 0.3118078 , 0.34116668],
       [0.00587152, 0.98087156, 0.01325697],
       [0.23890758, 0.4929965 , 0.26809588]], dtype=float32), array([[0.29304338, 0.40175125, 0.30520537],
       [0.00584812, 0.9828319 , 0.01131987],
       [0.21385546, 0.5448922 , 0.24125233]], dtype=float32), array([[0.30097133, 0.39155096, 0.30747768],
       [0.01067148, 0.9739266 , 0.01540202],
       [0.2571589 , 0.4726389 , 0.27020216]], dtype=float32), array([[0.2747542 , 0.46981978, 0.25542593],
       [0.03631186, 0.94035953, 0.0233286 ],
       [0.31653047, 0.37404352, 0.30942598]], dtype=float32), array([[0.3138291 , 0.37648332, 0.30968758],
       [0.040674  , 0.92694986, 0.03237617],
       [0.33669147, 0.32580873, 0.33749983]], dtype=float32), array([[0.31438902, 0.36446446, 0.32114655],
       [0.00887331, 0.97368187, 0.01744485],
       [0.229696  , 0.5124917 , 0.2578123 ]], dtype=float32), array([[0.32246515, 0.3521549 , 0.32537997],
       [0.01533158, 0.9612688 , 0.02339957],
       [0.26994652, 0.44590423, 0.28414926]], dtype=float32), array([[0.37877622, 0.26602918, 0.35519454],
       [0.0125272 , 0.95988864, 0.02758421],
       [0.26706064, 0.4404326 , 0.29250672]], dtype=float32), array([[0.3848902 , 0.25788426, 0.35722554],
       [0.01437387, 0.9542232 , 0.03140287],
       [0.27279592, 0.43024516, 0.2969589 ]], dtype=float32)]","[array([1.2973804, 1.2973804, 1.2973804], dtype=float32), array([1.3488449, 1.3488449, 1.3488449], dtype=float32), array([1.391868, 1.391868, 1.391868], dtype=float32), array([1.4353021, 1.4353021, 1.4353021], dtype=float32), array([1.4748317, 1.4748317, 1.4748317], dtype=float32), array([1.5089993, 1.5089993, 1.5089993], dtype=float32), array([1.5434638, 1.5434638, 1.5434638], dtype=float32), array([1.5715913, 1.5715913, 1.5715913], dtype=float32), array([1.6039995, 1.6039995, 1.6039995], dtype=float32), array([1.6319863, 1.6319863, 1.6319863], dtype=float32), array([1.654815, 1.654815, 1.654815], dtype=float32), array([1.6807648, 1.6807648, 1.6807648], dtype=float32), array([1.7045, 1.7045, 1.7045], dtype=float32), array([1.7246914, 1.7246914, 1.7246914], dtype=float32), array([1.7608408, 1.7608408, 1.7608408], dtype=float32), array([1.8019756, 1.8019756, 1.8019756], dtype=float32), array([1.8472947, 1.8472947, 1.8472947], dtype=float32), array([1.888328, 1.888328, 1.888328], dtype=float32), array([1.9213295, 1.9213295, 1.9213295], dtype=float32), array([1.9489638, 1.9489638, 1.9489638], dtype=float32), array([1.9723049, 1.9723049, 1.9723049], dtype=float32), array([2.0014307, 2.0014307, 2.0014307], dtype=float32), array([2.0415754, 2.0415754, 2.0415754], dtype=float32), array([2.0772815, 2.0772815, 2.0772815], dtype=float32), array([2.1115844, 2.1115844, 2.1115844], dtype=float32), array([2.1413207, 2.1413207, 2.1413207], dtype=float32), array([2.165164, 2.165164, 2.165164], dtype=float32), array([2.1972625, 2.1972625, 2.1972625], dtype=float32), array([2.232856, 2.232856, 2.232856], dtype=float32), array([2.260064, 2.260064, 2.260064], dtype=float32), array([2.283109, 2.283109, 2.283109], dtype=float32)]","[array([1.2973803, 1.2973803, 1.2973803], dtype=float32), array([1.3488446, 1.3488446, 1.3488446], dtype=float32), array([1.391868, 1.391868, 1.391868], dtype=float32), array([1.4353025, 1.4353025, 1.4353025], dtype=float32), array([1.4748319, 1.4748319, 1.4748319], dtype=float32), array([1.5089991, 1.5089991, 1.5089991], dtype=float32), array([1.5434641, 1.5434641, 1.5434641], dtype=float32), array([1.571591, 1.571591, 1.571591], dtype=float32), array([1.6039996, 1.6039996, 1.6039996], dtype=float32), array([1.6319865, 1.6319865, 1.6319865], dtype=float32), array([1.6548153, 1.6548153, 1.6548153], dtype=float32), array([1.6807649, 1.6807649, 1.6807649], dtype=float32), array([1.7044998, 1.7044998, 1.7044998], dtype=float32), array([1.7246914, 1.7246914, 1.7246914], dtype=float32), array([1.760841, 1.760841, 1.760841], dtype=float32), array([1.8019755, 1.8019755, 1.8019755], dtype=float32), array([1.8472941, 1.8472941, 1.8472941], dtype=float32), array([1.888328, 1.888328, 1.888328], dtype=float32), array([1.9213294, 1.9213294, 1.9213294], dtype=float32), array([1.9489635, 1.9489635, 1.9489635], dtype=float32), array([1.972305, 1.972305, 1.972305], dtype=float32), array([2.0014307, 2.0014307, 2.0014307], dtype=float32), array([2.041576, 2.041576, 2.041576], dtype=float32), array([2.0772817, 2.0772817, 2.0772817], dtype=float32), array([2.1115842, 2.1115842, 2.1115842], dtype=float32), array([2.141321, 2.141321, 2.141321], dtype=float32), array([2.1651645, 2.1651645, 2.1651645], dtype=float32), array([2.1972623, 2.1972623, 2.1972623], dtype=float32), array([2.2328563, 2.2328563, 2.2328563], dtype=float32), array([2.2600636, 2.2600636, 2.2600636], dtype=float32), array([2.2831094, 2.2831094, 2.2831094], dtype=float32)]",1,0,0,0,0,0,54.57045454545454,55.622727272727275,0.0003851594129982893,9.66,0.0001669641796706243,14000,2000,14000,9.66,2000,0.342819361194434,30969,0.0,1.0,0.0013802934991,216783,7.0,0.0393447157605,999.0,0.0,23810,353.4192107242003,0.0013802934991,30969,0.27304351329803467,7.0,216783,0.4722185432910919,999.0,-0.0021680593490600586,0.04507790878415108,81158,0.33868616819381714,122.03450012207031,0.0,0.002317683072760701,1.0,-0.010352723300457,353.42013905174025,433566,651000,104968,0,93000,61938,1061.3271245545943,6029670.593469033,6273507.282761146,10.5,14100,100,1.0066738172414504,0.00011557476902375848,350,5.2467405080217495e-05,1.0066738172414504,0.1873843444834351,7.0,0.0019562670997402163,2.0,0.0003093911387340983,9.5,2,2,-10.5,50,0.00041580248556315246,700,0.00017969161443640293,700,100,9.5,100,9.5,3.145972413965131e-05,5.055339754791365e-05,3.028272145088011e-05,0.00016203862963245746,1.7084409332149747e-05,2.3349710415438244e-05,2.0863945865277307e-05,7.821065224353638e-06,4.537092648905311e-05,7.153735936110109e-06,3.4639249369090635e-05,0.05677460733437165,0.006710125180774685,0.04889237863764924,0.18402982369307636,0.028934140696523027,0.016474760087115008,0.00017379001102405436,108066,211.0,756462,217.0,498.0,0.0,0.33581117,112.52881622314453,1.0,211.0,-0.013361282646656036,108066,0.002096991054713726,0.2684287428855896,217.0,756462,0.4722185730934143,498.0,0.0008960366249084473,651000,216132,1512924,4557000,12026.163324953184,1.7908596657614035e-05,2.433535817014644e-05,5.4700775888931704e-05,3.245505595767943e-05,3.238973319539599e-05,0.00017655423893369406,8.204148738409252e-06,4.870003828606166e-05,7.570186955378335e-06,3.831969802471014e-05,2.2453194150781803e-05
1,16000,False,8,cb694_00000,2025-08-17_21-41-56,1755466916,90.93484997749329,733.5619156360626,720237,intrinsic-attention2,10.156.0.3,733.5619156360626,8,91.07482384091149,1.462478298018572e-05,91.0745747258275,2.6355716798006203,88.08509694381083,0.0021003549005224344,1.0067001111073661,16000,7.0,2.604584403456625,2,0.0015631602601206395,2000,1.0067001111073661,9.5,2.0,0.00010280278988882173,0.00029005900432821363,1000,8000,4.7376872322374655e-05,10.04,10.5,2,723.9464375398462,2000.0,3000.0,"[array([[0.33592722, 0.32890686, 0.33516592],
       [0.0224271 , 0.94405633, 0.03351651],
       [0.28501803, 0.41799504, 0.2969869 ]], dtype=float32), array([[0.34121382, 0.3200131 , 0.338773  ],
       [0.02513983, 0.93716973, 0.03769038],
       [0.28935853, 0.40979186, 0.30084965]], dtype=float32), array([[0.3460827 , 0.31198615, 0.3419312 ],
       [0.02920018, 0.9271359 , 0.04366385],
       [0.29401517, 0.40114632, 0.30483848]], dtype=float32), array([[0.30588531, 0.3954428 , 0.29867196],
       [0.07138922, 0.8720356 , 0.05657513],
       [0.32842886, 0.34460655, 0.32696456]], dtype=float32), array([[0.37868878, 0.25995612, 0.361355  ],
       [0.04303152, 0.89417845, 0.0627901 ],
       [0.32724938, 0.34351784, 0.32923278]], dtype=float32), array([[0.3376988 , 0.3249567 , 0.33734456],
       [0.05774122, 0.8800622 , 0.06219652],
       [0.32909754, 0.34147322, 0.3294292 ]], dtype=float32), array([[0.368196  , 0.27788922, 0.35391477],
       [0.03503891, 0.909578  , 0.05538308],
       [0.30563205, 0.3793135 , 0.31505445]], dtype=float32), array([[0.3407461 , 0.31924096, 0.34001294],
       [0.04752305, 0.9001037 , 0.05237332],
       [0.32939556, 0.34083706, 0.32976738]], dtype=float32), array([[0.34181824, 0.31724903, 0.34093273],
       [0.04025396, 0.91487324, 0.04487281],
       [0.3291012 , 0.34137818, 0.3295206 ]], dtype=float32), array([[0.32755437, 0.34415907, 0.32828653],
       [0.02804771, 0.93908626, 0.03286593],
       [0.30885407, 0.37940925, 0.31173667]], dtype=float32), array([[0.34481016, 0.3117066 , 0.34348318],
       [0.02928892, 0.93727577, 0.03343526],
       [0.32923895, 0.34107748, 0.32968357]], dtype=float32), array([[0.34454232, 0.30970734, 0.34575033],
       [0.04174723, 0.9205377 , 0.03771507],
       [0.3550869 , 0.28734967, 0.3575634 ]], dtype=float32), array([[0.350679  , 0.30115005, 0.34817094],
       [0.02279503, 0.9500278 , 0.02717709],
       [0.32974193, 0.3400379 , 0.3302202 ]], dtype=float32), array([[0.33111563, 0.3374687 , 0.33141568],
       [0.01731794, 0.96171004, 0.02097207],
       [0.30834147, 0.3802222 , 0.3114363 ]], dtype=float32), array([[0.32412827, 0.35067824, 0.32519346],
       [0.00846341, 0.98121923, 0.01031738],
       [0.30065638, 0.39524055, 0.3041031 ]], dtype=float32), array([[0.30084217, 0.40392512, 0.2952327 ],
       [0.00910203, 0.9841494 , 0.00674856],
       [0.33184138, 0.33662018, 0.3315384 ]], dtype=float32), array([[0.43191814, 0.17971039, 0.38837147],
       [0.00160037, 0.99490994, 0.00348967],
       [0.33221695, 0.33520535, 0.3325777 ]], dtype=float32), array([[0.43518552, 0.16980465, 0.39500985],
       [0.00101863, 0.9969121 , 0.00206927],
       [0.34972298, 0.30539823, 0.34487876]], dtype=float32), array([[3.8438657e-01, 2.4994561e-01, 3.6566788e-01],
       [2.2917968e-04, 9.9916506e-01, 6.0578960e-04],
       [2.5787818e-01, 4.6592844e-01, 2.7619341e-01]], dtype=float32), array([[4.5184746e-01, 1.5009761e-01, 3.9805484e-01],
       [2.7510858e-04, 9.9901867e-01, 7.0626911e-04],
       [3.3734545e-01, 3.2656670e-01, 3.3608782e-01]], dtype=float32), array([[4.5645109e-01, 1.4330076e-01, 4.0024814e-01],
       [1.6705006e-04, 9.9938500e-01, 4.4792655e-04],
       [3.3836356e-01, 3.2483512e-01, 3.3680132e-01]], dtype=float32), array([[3.5539326e-01, 2.9492241e-01, 3.4968433e-01],
       [6.5588320e-05, 9.9978310e-01, 1.5136521e-04],
       [2.4963023e-01, 4.8587930e-01, 2.6449043e-01]], dtype=float32), array([[3.8070551e-01, 2.5509447e-01, 3.6420000e-01],
       [2.8202901e-05, 9.9988174e-01, 8.9936453e-05],
       [2.3112708e-01, 5.1624280e-01, 2.5263011e-01]], dtype=float32), array([[2.8652477e-01, 4.3396330e-01, 2.7951190e-01],
       [2.3848464e-04, 9.9961662e-01, 1.4495592e-04],
       [3.3931050e-01, 3.2020304e-01, 3.4048644e-01]], dtype=float32), array([[3.4497952e-01, 3.1291032e-01, 3.4211007e-01],
       [1.6722588e-05, 9.9994040e-01, 4.2876785e-05],
       [2.2620046e-01, 5.3047657e-01, 2.4332291e-01]], dtype=float32), array([[3.4029049e-01, 3.2105929e-01, 3.3865014e-01],
       [1.0632479e-05, 9.9996185e-01, 2.7525501e-05],
       [2.2066426e-01, 5.4158539e-01, 2.3775035e-01]], dtype=float32), array([[2.8085425e-01, 4.4585496e-01, 2.7329078e-01],
       [7.9275989e-05, 9.9987531e-01, 4.5384615e-05],
       [3.4036538e-01, 3.1789315e-01, 3.4174144e-01]], dtype=float32), array([[2.4715872e-01, 5.0785244e-01, 2.4498883e-01],
       [2.0289744e-05, 9.9996197e-01, 1.7775259e-05],
       [2.6255104e-01, 4.7680902e-01, 2.6063985e-01]], dtype=float32), array([[3.6631513e-01, 2.6922417e-01, 3.6446071e-01],
       [3.3768094e-05, 9.9992621e-01, 4.0012856e-05],
       [3.4805530e-01, 3.0465257e-01, 3.4729213e-01]], dtype=float32), array([[2.8705999e-01, 4.2767093e-01, 2.8526911e-01],
       [3.3980479e-05, 9.9993706e-01, 2.8912080e-05],
       [3.0564609e-01, 3.8987345e-01, 3.0448052e-01]], dtype=float32), array([[4.9072781e-01, 9.7605929e-02, 4.1166624e-01],
       [1.4392839e-05, 9.9993718e-01, 4.8400208e-05],
       [3.6062285e-01, 2.8753123e-01, 3.5184598e-01]], dtype=float32)]","[array([2.3158114, 2.3158114, 2.3158114], dtype=float32), array([2.341506, 2.341506, 2.341506], dtype=float32), array([2.355997, 2.355997, 2.355997], dtype=float32), array([2.375831, 2.375831, 2.375831], dtype=float32), array([2.3955042, 2.3955042, 2.3955042], dtype=float32), array([2.4206188, 2.4206188, 2.4206188], dtype=float32), array([2.4433725, 2.4433725, 2.4433725], dtype=float32), array([2.4826245, 2.4826245, 2.4826245], dtype=float32), array([2.517933, 2.517933, 2.517933], dtype=float32), array([2.5459175, 2.5459175, 2.5459175], dtype=float32), array([nan, nan, nan], dtype=float32), array([2.602688, 2.602688, 2.602688], dtype=float32), array([2.6278892, 2.6278892, 2.6278892], dtype=float32), array([nan, nan, nan], dtype=float32), array([2.6396353, 2.6396353, 2.6396353], dtype=float32), array([2.629839, 2.629839, 2.629839], dtype=float32), array([2.620296, 2.620296, 2.620296], dtype=float32), array([2.6103506, 2.6103506, 2.6103506], dtype=float32), array([2.6043394, 2.6043394, 2.6043394], dtype=float32), array([2.596846, 2.596846, 2.596846], dtype=float32), array([2.5927348, 2.5927348, 2.5927348], dtype=float32), array([2.5874295, 2.5874295, 2.5874295], dtype=float32), array([2.5833023, 2.5833023, 2.5833023], dtype=float32), array([2.5812416, 2.5812416, 2.5812416], dtype=float32), array([2.5792449, 2.5792449, 2.5792449], dtype=float32), array([2.5813758, 2.5813758, 2.5813758], dtype=float32), array([2.5827606, 2.5827606, 2.5827606], dtype=float32), array([2.5833454, 2.5833454, 2.5833454], dtype=float32), array([2.5894785, 2.5894785, 2.5894785], dtype=float32), array([2.5947084, 2.5947084, 2.5947084], dtype=float32), array([2.5995603, 2.5995603, 2.5995603], dtype=float32)]","[array([2.3158114, 2.3158114, 2.3158114], dtype=float32), array([2.3415065, 2.3415065, 2.3415065], dtype=float32), array([2.3559973, 2.3559973, 2.3559973], dtype=float32), array([2.3758311, 2.3758311, 2.3758311], dtype=float32), array([2.3955042, 2.3955042, 2.3955042], dtype=float32), array([2.4206188, 2.4206188, 2.4206188], dtype=float32), array([2.4433725, 2.4433725, 2.4433725], dtype=float32), array([2.4826243, 2.4826243, 2.4826243], dtype=float32), array([2.517933, 2.517933, 2.517933], dtype=float32), array([2.5459175, 2.5459175, 2.5459175], dtype=float32), array([2.5755935, 2.5755935, 2.5755935], dtype=float32), array([2.602688, 2.602688, 2.602688], dtype=float32), array([2.6278894, 2.6278894, 2.6278894], dtype=float32), array([2.6505303, 2.6505303, 2.6505303], dtype=float32), array([2.6396356, 2.6396356, 2.6396356], dtype=float32), array([2.6298385, 2.6298385, 2.6298385], dtype=float32), array([2.6202962, 2.6202962, 2.6202962], dtype=float32), array([2.610351, 2.610351, 2.610351], dtype=float32), array([2.6043394, 2.6043394, 2.6043394], dtype=float32), array([2.596846, 2.596846, 2.596846], dtype=float32), array([2.592735, 2.592735, 2.592735], dtype=float32), array([2.5874293, 2.5874293, 2.5874293], dtype=float32), array([2.5833018, 2.5833018, 2.5833018], dtype=float32), array([2.5812416, 2.5812416, 2.5812416], dtype=float32), array([2.579245, 2.579245, 2.579245], dtype=float32), array([2.5813756, 2.5813756, 2.5813756], dtype=float32), array([2.58276, 2.58276, 2.58276], dtype=float32), array([2.5833452, 2.5833452, 2.5833452], dtype=float32), array([2.589478, 2.589478, 2.589478], dtype=float32), array([2.594708, 2.594708, 2.594708], dtype=float32), array([2.59956, 2.59956, 2.59956], dtype=float32)]",1,0,0,0,0,0,54.526153846153846,55.66692307692308,0.00037116428100562735,10.04,0.0001619209082884991,16000,2000,16000,10.04,2000,0.34261041023242833,30969,0.0,1.0,0.0013802934991,247752,8.0,0.0393447157605,999.0,0.0,23810,353.056672945571,0.0013802934991,30969,0.26286160945892334,8.0,247752,0.4722185432910919,999.0,-0.004426002502441406,0.02253895439207554,81158,0.334321528673172,125.27869415283203,0.0,0.0007428493117913604,1.0,-0.014555957168340683,353.0575550773954,495504,744000,104968,0,93000,61938,1060.2380188617867,6043204.860562157,6290856.703470737,10.5,16100,100,1.0066942882837675,0.00014656603871450872,400,6.26425187350878e-05,1.0066942882837675,0.18738773860860716,8.0,0.001971720719739096,2.0,0.0003082576273148413,9.7,2,2,-10.5,50,0.0005119931077838505,800,0.00022341731938021325,800,100,9.7,100,9.7,2.9889839685227184e-05,4.902101248804596e-05,2.92166414584531e-05,0.0001566162512842501,1.6390814039153204e-05,2.229007005737534e-05,2.036051804937069e-05,7.537045403685199e-06,4.385121750596858e-05,6.782255431684525e-06,3.3613797668067596e-05,0.05673112938108955,0.006714402278933774,0.04888282623133366,0.18386755393609167,0.02894269117948943,0.016464945796212185,0.00017374960099290942,108066,241.0,864528,248.0,498.0,0.0,0.32788098,116.15229797363281,1.0,241.0,-0.0211234912276268,108066,0.0010246674064546824,0.2656095027923584,248.0,864528,0.4722185730934143,498.0,-0.0026618242263793945,651000,216132,1729056,5208000,11898.958476945923,2.300001678680511e-05,2.9998853543420414e-05,6.911102082483746e-05,4.056166284756742e-05,4.018024171410128e-05,0.00021223158213207305,9.809124543581352e-06,5.9577836366788864e-05,9.243971301658684e-06,4.7089393432906794e-05,2.716423928590475e-05
1,18000,False,9,cb694_00000,2025-08-17_21-43-29,1755467009,92.46933484077454,826.0312504768372,720237,intrinsic-attention2,10.156.0.3,826.0312504768372,9,91.08670392752228,1.4597865220831041e-05,91.08645381367911,2.6355458598326074,88.09727732105264,0.0020998368015943134,1.0067001111073661,18000,8.0,2.6045733782320624,2,0.0015653014204872306,2000,1.0067001111073661,-9.5,2.0,0.00010119944018718148,0.00029005900432821363,1000,9000,4.77039072794618e-05,9.83,10.5,2,713.5440457015972,2000.0,3000.0,"[array([[4.0930417e-01, 1.9476338e-01, 3.9593247e-01],
       [3.6265737e-05, 9.9990642e-01, 5.7291356e-05],
       [3.6154741e-01, 2.8095987e-01, 3.5749266e-01]], dtype=float32), array([[2.1929039e-01, 5.7800764e-01, 2.0270200e-01],
       [2.9462033e-06, 9.9999595e-01, 1.0480595e-06],
       [3.3187109e-01, 3.3664206e-01, 3.3148685e-01]], dtype=float32), array([[3.40783089e-01, 3.20456088e-01, 3.38760853e-01],
       [6.54557075e-10, 1.00000000e+00, 5.06680475e-09],
       [1.04876265e-01, 7.67962337e-01, 1.27161309e-01]], dtype=float32), array([[2.5282514e-01, 4.8522484e-01, 2.6195005e-01],
       [3.7979786e-11, 1.0000000e+00, 1.4005234e-10],
       [1.1184665e-01, 7.6398617e-01, 1.2416722e-01]], dtype=float32), array([[1.3962269e-01, 7.2839427e-01, 1.3198310e-01],
       [1.9879338e-11, 1.0000000e+00, 8.5874884e-12],
       [2.2962783e-01, 5.4744047e-01, 2.2293173e-01]], dtype=float32), array([[1.3044827e-02, 9.7215015e-01, 1.4805018e-02],
       [2.8323727e-15, 1.0000000e+00, 7.5731174e-15],
       [5.6264033e-03, 9.8782533e-01, 6.5482892e-03]], dtype=float32), array([[3.2660975e-03, 9.9502736e-01, 1.7065497e-03],
       [1.1528024e-13, 1.0000000e+00, 3.9198843e-15],
       [4.6428688e-02, 9.2049235e-01, 3.3078909e-02]], dtype=float32), array([[2.0216661e-02, 9.5454997e-01, 2.5233407e-02],
       [1.7640000e-17, 1.0000000e+00, 1.6213958e-16],
       [2.8562744e-03, 9.9314487e-01, 3.9987965e-03]], dtype=float32), array([[1.9210237e-01, 6.1575294e-01, 1.9214469e-01],
       [1.1284601e-14, 1.0000000e+00, 1.1353341e-14],
       [1.9141027e-01, 6.1713713e-01, 1.9145267e-01]], dtype=float32), array([[6.8483301e-02, 8.5965449e-01, 7.1862221e-02],
       [8.8680972e-16, 1.0000000e+00, 1.7154128e-15],
       [3.9680123e-02, 9.1819435e-01, 4.2125538e-02]], dtype=float32), array([[4.2095071e-01, 1.2761575e-01, 4.5143357e-01],
       [2.1823552e-12, 1.0000000e+00, 4.5273236e-13],
       [4.4655094e-01, 2.6187740e-02, 5.2726132e-01]], dtype=float32), array([[2.3103444e-02, 9.6175301e-01, 1.5143555e-02],
       [2.9609999e-12, 1.0000000e+00, 1.4636912e-13],
       [1.9928871e-01, 6.2564665e-01, 1.7506465e-01]], dtype=float32), array([[3.2104183e-02, 9.4597495e-01, 2.1920782e-02],
       [8.8419244e-11, 1.0000000e+00, 6.4975009e-12],
       [1.9805303e-01, 6.2806487e-01, 1.7388214e-01]], dtype=float32), array([[1.20333314e-01, 7.46578097e-01, 1.33088589e-01],
       [1.91517132e-11, 1.00000000e+00, 7.47839568e-11],
       [4.15103585e-02, 9.09268439e-01, 4.92211133e-02]], dtype=float32), array([[1.14928223e-01, 7.65347838e-01, 1.19723946e-01],
       [1.94635454e-08, 1.00000000e+00, 2.85415656e-08],
       [8.75379741e-02, 8.20596397e-01, 9.18655694e-02]], dtype=float32), array([[1.3689575e-01, 7.2082168e-01, 1.4228255e-01],
       [5.8480333e-07, 9.9999857e-01, 8.1625268e-07],
       [1.0967722e-01, 7.7554619e-01, 1.1477656e-01]], dtype=float32), array([[3.0787036e-01, 3.8074189e-01, 3.1138775e-01],
       [1.8396509e-05, 9.9994874e-01, 3.2956948e-05],
       [2.3622189e-01, 5.1744086e-01, 2.4633728e-01]], dtype=float32), array([[3.0346355e-01, 3.8914061e-01, 3.0739588e-01],
       [1.5054029e-04, 9.9961215e-01, 2.3743149e-04],
       [2.4795055e-01, 4.9506178e-01, 2.5698763e-01]], dtype=float32), array([[2.1197748e-01, 5.6546688e-01, 2.2255564e-01],
       [3.9053688e-04, 9.9903297e-01, 5.7650416e-04],
       [1.7186615e-01, 6.4461344e-01, 1.8352039e-01]], dtype=float32), array([[0.18122782, 0.62921274, 0.18955947],
       [0.00121111, 0.99724555, 0.00154337],
       [0.15914868, 0.6731947 , 0.16765659]], dtype=float32), array([[0.26018542, 0.48620537, 0.25360924],
       [0.01067468, 0.98045415, 0.00887112],
       [0.27977195, 0.4457408 , 0.2744872 ]], dtype=float32), array([[0.2630341 , 0.4817212 , 0.25524473],
       [0.01902857, 0.96531516, 0.01565625],
       [0.28319046, 0.43974325, 0.27706626]], dtype=float32), array([[0.29675132, 0.40302417, 0.30022457],
       [0.02654943, 0.94304204, 0.03040854],
       [0.28137127, 0.43261838, 0.28601038]], dtype=float32), array([[0.23034212, 0.518885  , 0.25077277],
       [0.02248814, 0.944261  , 0.03325081],
       [0.19291775, 0.5902167 , 0.21686552]], dtype=float32), array([[0.304085  , 0.38935035, 0.3065647 ],
       [0.08235388, 0.82880116, 0.08884498],
       [0.29580995, 0.40530324, 0.29888678]], dtype=float32), array([[0.30946937, 0.45883727, 0.23169331],
       [0.24701859, 0.6286498 , 0.12433162],
       [0.33342758, 0.33235225, 0.3342201 ]], dtype=float32), array([[0.29820475, 0.41096315, 0.2908321 ],
       [0.15781744, 0.7017154 , 0.1404671 ],
       [0.30864477, 0.3881853 , 0.30316994]], dtype=float32), array([[0.2979302 , 0.42961335, 0.27245638],
       [0.20750694, 0.6345528 , 0.15794033],
       [0.3167977 , 0.38020974, 0.30299252]], dtype=float32), array([[0.30844325, 0.3917135 , 0.29984325],
       [0.22786124, 0.56760216, 0.20453653],
       [0.317058  , 0.37180343, 0.31113857]], dtype=float32), array([[0.30008766, 0.3982331 , 0.30167928],
       [0.22210154, 0.5519844 , 0.22591396],
       [0.29866457, 0.40102088, 0.30031452]], dtype=float32), array([[0.29346773, 0.38325626, 0.32327598],
       [0.15701587, 0.58939487, 0.2535893 ],
       [0.23922686, 0.45805028, 0.3027228 ]], dtype=float32)]","[array([2.6034095, 2.6034095, 2.6034095], dtype=float32), array([2.6412003, 2.6412003, 2.6412003], dtype=float32), array([2.6614337, 2.6614337, 2.6614337], dtype=float32), array([2.6924777, 2.6924777, 2.6924777], dtype=float32), array([2.723379, 2.723379, 2.723379], dtype=float32), array([2.767988, 2.767988, 2.767988], dtype=float32), array([2.7998323, 2.7998323, 2.7998323], dtype=float32), array([2.804969, 2.804969, 2.804969], dtype=float32), array([2.8248875, 2.8248875, 2.8248875], dtype=float32), array([2.8351412, 2.8351412, 2.8351412], dtype=float32), array([2.841188, 2.841188, 2.841188], dtype=float32), array([nan, nan, nan], dtype=float32), array([2.8121953, 2.8121953, 2.8121953], dtype=float32), array([2.7810025, 2.7810025, 2.7810025], dtype=float32), array([2.772971, 2.772971, 2.772971], dtype=float32), array([2.7562034, 2.7562034, 2.7562034], dtype=float32), array([2.7431614, 2.7431614, 2.7431614], dtype=float32), array([2.726021, 2.726021, 2.726021], dtype=float32), array([2.715229, 2.715229, 2.715229], dtype=float32), array([2.7083304, 2.7083304, 2.7083304], dtype=float32), array([2.70055, 2.70055, 2.70055], dtype=float32), array([nan, nan, nan], dtype=float32), array([2.677866, 2.677866, 2.677866], dtype=float32), array([2.6641045, 2.6641045, 2.6641045], dtype=float32), array([nan, nan, nan], dtype=float32), array([2.656676, 2.656676, 2.656676], dtype=float32), array([2.64615, 2.64615, 2.64615], dtype=float32), array([2.6418736, 2.6418736, 2.6418736], dtype=float32), array([2.635435, 2.635435, 2.635435], dtype=float32), array([2.6304462, 2.6304462, 2.6304462], dtype=float32), array([2.6220903, 2.6220903, 2.6220903], dtype=float32)]","[array([2.6034093, 2.6034093, 2.6034093], dtype=float32), array([2.6412005, 2.6412005, 2.6412005], dtype=float32), array([2.661434, 2.661434, 2.661434], dtype=float32), array([2.692478, 2.692478, 2.692478], dtype=float32), array([2.7233784, 2.7233784, 2.7233784], dtype=float32), array([2.7679877, 2.7679877, 2.7679877], dtype=float32), array([2.7998316, 2.7998316, 2.7998316], dtype=float32), array([2.8049695, 2.8049695, 2.8049695], dtype=float32), array([2.8248875, 2.8248875, 2.8248875], dtype=float32), array([2.835141, 2.835141, 2.835141], dtype=float32), array([2.8411877, 2.8411877, 2.8411877], dtype=float32), array([2.8386776, 2.8386776, 2.8386776], dtype=float32), array([2.812195, 2.812195, 2.812195], dtype=float32), array([2.7810023, 2.7810023, 2.7810023], dtype=float32), array([2.772971, 2.772971, 2.772971], dtype=float32), array([2.7562032, 2.7562032, 2.7562032], dtype=float32), array([2.7431614, 2.7431614, 2.7431614], dtype=float32), array([2.7260208, 2.7260208, 2.7260208], dtype=float32), array([2.7152288, 2.7152288, 2.7152288], dtype=float32), array([2.7083309, 2.7083309, 2.7083309], dtype=float32), array([2.7005498, 2.7005498, 2.7005498], dtype=float32), array([2.6913311, 2.6913311, 2.6913311], dtype=float32), array([2.6778655, 2.6778655, 2.6778655], dtype=float32), array([2.6641045, 2.6641045, 2.6641045], dtype=float32), array([2.6630769, 2.6630769, 2.6630769], dtype=float32), array([2.656676, 2.656676, 2.656676], dtype=float32), array([2.64615, 2.64615, 2.64615], dtype=float32), array([2.6418736, 2.6418736, 2.6418736], dtype=float32), array([2.6354356, 2.6354356, 2.6354356], dtype=float32), array([2.6304462, 2.6304462, 2.6304462], dtype=float32), array([2.6220899, 2.6220899, 2.6220899], dtype=float32)]",1,0,0,0,0,0,54.45454545454545,55.63787878787878,0.00037310250694497997,9.83,0.00016407313213810754,18000,2000,18000,9.83,2000,0.34236322147006265,30969,0.0,1.0,0.0013802934991,278721,9.0,0.0393447157605,999.0,0.0,23810,352.6388023002785,0.0013802934991,30969,0.24861426651477814,9.0,278721,0.4722185432910919,999.0,0.006592214107513428,0.01126947719603777,81158,0.3345158100128174,115.67559051513672,0.0,0.001119257416576147,1.0,-0.014373078010976315,352.63964743736403,557442,837000,104968,0,93000,61938,1058.9827886333271,6048143.121942553,6301707.045466618,10.5,18100,100,1.0066988216326744,0.00015285060476227265,450,6.489346300769884e-05,1.0066988216326744,0.1873872040224752,9.0,0.002308034539455548,2.0,0.0003072642610709187,9.7,2,2,-10.5,50,0.0005326471636394407,900,0.0002323740053145698,900,100,9.7,100,9.7,2.9856037518491772e-05,4.9112655299579316e-05,2.9913323254536236e-05,0.000156022267605658,1.6654009707723666e-05,2.2913063943352585e-05,2.0633686254232904e-05,7.696670295764896e-06,4.405640120856971e-05,6.942935601413446e-06,3.433293924423111e-05,0.056709635337227976,0.006711193866231792,0.04886069280901754,0.183693681926733,0.0289339261476459,0.016445435868318325,0.00017358950494509635,108066,271.0,972594,279.0,498.0,0.0,0.34829286,117.32721710205078,1.0,271.0,-0.0007041936623863876,108066,0.000873248151037842,0.2533515989780426,279.0,972594,0.4722185730934143,498.0,-0.027474284172058105,651000,216132,1945188,5859000,11777.398608543945,2.4300085848334688e-05,3.120042148308753e-05,7.159592659938733e-05,4.19691586685846e-05,4.247130843285174e-05,0.0002202626865578667,1.0058060320538231e-05,6.21618808558898e-05,9.614161147916542e-06,4.920426479854593e-05,2.790202020886263e-05
1,20000,False,10,cb694_00000,2025-08-17_21-45-01,1755467101,91.7080066204071,917.7392570972443,720237,intrinsic-attention2,10.156.0.3,917.7392570972443,10,91.09091904724707,1.4586276707178049e-05,91.09066744192229,2.6392112326842283,88.09812623099216,0.002097845043524161,1.0067001111073661,20000,9.0,2.6082575724897747,2,0.0015390852795098909,2000,1.0067001111073661,9.5,2.0,0.00010196252835816435,0.00029005900432821363,1000,10000,4.624830621227996e-05,9.97,10.5,2,702.4258513059406,2000.0,3000.0,"[array([[0.3414461 , 0.3557869 , 0.30276698],
       [0.34494814, 0.36681542, 0.2882364 ],
       [0.32930675, 0.32335314, 0.3473401 ]], dtype=float32), array([[0.31769812, 0.35895377, 0.3233481 ],
       [0.27493823, 0.43162456, 0.2934372 ],
       [0.31156576, 0.36914587, 0.3192884 ]], dtype=float32), array([[0.32753912, 0.34939596, 0.3230649 ],
       [0.31871697, 0.37307534, 0.30820763],
       [0.3293434 , 0.34444132, 0.32621524]], dtype=float32), array([[0.31127372, 0.35278377, 0.33594257],
       [0.24843825, 0.4129681 , 0.33859363],
       [0.2720842 , 0.38941008, 0.33850566]], dtype=float32), array([[0.35471186, 0.32881373, 0.31647438],
       [0.33008373, 0.33396932, 0.33594698],
       [0.3179535 , 0.3362185 , 0.34582797]], dtype=float32), array([[0.3318923 , 0.3380257 , 0.3300819 ],
       [0.3314601 , 0.33942154, 0.32911834],
       [0.332021  , 0.3376093 , 0.33036974]], dtype=float32), array([[0.34872022, 0.32696795, 0.32431185],
       [0.32051256, 0.33856496, 0.3409225 ],
       [0.31702608, 0.33997577, 0.3429982 ]], dtype=float32), array([[0.34999037, 0.3234068 , 0.32660285],
       [0.31004962, 0.3474187 , 0.34253165],
       [0.31488675, 0.3444713 , 0.34064198]], dtype=float32), array([[0.33644652, 0.3282754 , 0.33527803],
       [0.33227572, 0.33505642, 0.3326678 ],
       [0.3358575 , 0.32923082, 0.33491173]], dtype=float32), array([[0.33665866, 0.32590353, 0.33743778],
       [0.33348265, 0.33300036, 0.33351701],
       [0.336883  , 0.32540125, 0.33771572]], dtype=float32), array([[0.33821532, 0.3257421 , 0.33604255],
       [0.32969   , 0.3390356 , 0.3312744 ],
       [0.33675712, 0.32800347, 0.33523935]], dtype=float32), array([[0.3377522 , 0.3264917 , 0.3357561 ],
       [0.3300929 , 0.33838034, 0.33152685],
       [0.33641642, 0.32855487, 0.3350287 ]], dtype=float32), array([[0.3356865 , 0.32947418, 0.33483925],
       [0.332276  , 0.33507127, 0.3326528 ],
       [0.33522588, 0.3302287 , 0.33454543]], dtype=float32), array([[0.33418316, 0.33198127, 0.33383554],
       [0.33357704, 0.33294544, 0.33347753],
       [0.33408776, 0.332133  , 0.33377925]], dtype=float32), array([[0.32526878, 0.33788532, 0.33684587],
       [0.29037136, 0.3578141 , 0.3518145 ],
       [0.29311398, 0.3562334 , 0.35065266]], dtype=float32), array([[0.33388633, 0.33466262, 0.33145106],
       [0.33396026, 0.33484122, 0.33119848],
       [0.33365262, 0.33409953, 0.33224782]], dtype=float32), array([[0.34082013, 0.33220637, 0.3269735 ],
       [0.32650593, 0.3342874 , 0.33920667],
       [0.31776008, 0.33540383, 0.3468361 ]], dtype=float32), array([[0.3307325 , 0.3374556 , 0.3318119 ],
       [0.32382268, 0.3484834 , 0.32769385],
       [0.3296161 , 0.3392299 , 0.33115402]], dtype=float32), array([[0.3320089 , 0.33610156, 0.3318896 ],
       [0.32936078, 0.34163168, 0.3290075 ],
       [0.3320862 , 0.33593997, 0.33197382]], dtype=float32), array([[0.3321517 , 0.33584204, 0.33200625],
       [0.3301822 , 0.3400197 , 0.3297981 ],
       [0.33222947, 0.33567694, 0.33209354]], dtype=float32), array([[0.33126408, 0.33818442, 0.33055156],
       [0.32688698, 0.3483874 , 0.32472566],
       [0.3317144 , 0.3371302 , 0.3311554 ]], dtype=float32), array([[0.33427286, 0.33468837, 0.3310387 ],
       [0.3353046 , 0.33618242, 0.32851297],
       [0.32597515, 0.32289353, 0.35113132]], dtype=float32), array([[0.31783187, 0.35165265, 0.3305155 ],
       [0.25059444, 0.43828878, 0.3111168 ],
       [0.29115224, 0.38458672, 0.32426107]], dtype=float32), array([[0.33331802, 0.33335987, 0.3333221 ],
       [0.2975455 , 0.39642614, 0.30602834],
       [0.32988116, 0.33932427, 0.3307946 ]], dtype=float32), array([[0.33378804, 0.33687797, 0.3293339 ],
       [0.33570415, 0.35552168, 0.30877417],
       [0.32961836, 0.31012148, 0.36026016]], dtype=float32), array([[0.3335381 , 0.33683133, 0.32963055],
       [0.33424866, 0.3628087 , 0.3029427 ],
       [0.33084753, 0.30641058, 0.3627419 ]], dtype=float32), array([[0.33185282, 0.33613148, 0.33201575],
       [0.29580706, 0.4048088 , 0.29938412],
       [0.33051607, 0.33865952, 0.33082443]], dtype=float32), array([[0.32670426, 0.34661895, 0.32667676],
       [0.2995027 , 0.40111923, 0.2993781 ],
       [0.3267418 , 0.34654376, 0.32671443]], dtype=float32), array([[0.33060592, 0.33834374, 0.33105034],
       [0.3042444 , 0.38722098, 0.30853465],
       [0.32910717, 0.34110087, 0.3297919 ]], dtype=float32), array([[0.32454157, 0.35422364, 0.32123482],
       [0.3039198 , 0.40194172, 0.29413852],
       [0.32683772, 0.34880283, 0.32435942]], dtype=float32), array([[0.32420552, 0.350825  , 0.32496938],
       [0.28786314, 0.42099172, 0.29114515],
       [0.32315436, 0.35284305, 0.32400253]], dtype=float32)]","[array([nan, nan, nan], dtype=float32), array([nan, nan, nan], dtype=float32), array([nan, nan, nan], dtype=float32), array([nan, nan, nan], dtype=float32), array([nan, nan, nan], dtype=float32), array([nan, nan, nan], dtype=float32), array([nan, nan, nan], dtype=float32), array([nan, nan, nan], dtype=float32), array([nan, nan, nan], dtype=float32), array([nan, nan, nan], dtype=float32), array([nan, nan, nan], dtype=float32), array([nan, nan, nan], dtype=float32), array([nan, nan, nan], dtype=float32), array([nan, nan, nan], dtype=float32), array([nan, nan, nan], dtype=float32), array([nan, nan, nan], dtype=float32), array([nan, nan, nan], dtype=float32), array([nan, nan, nan], dtype=float32), array([nan, nan, nan], dtype=float32), array([nan, nan, nan], dtype=float32), array([nan, nan, nan], dtype=float32), array([nan, nan, nan], dtype=float32), array([nan, nan, nan], dtype=float32), array([nan, nan, nan], dtype=float32), array([nan, nan, nan], dtype=float32), array([nan, nan, nan], dtype=float32), array([nan, nan, nan], dtype=float32), array([nan, nan, nan], dtype=float32), array([nan, nan, nan], dtype=float32), array([nan, nan, nan], dtype=float32), array([nan, nan, nan], dtype=float32)]","[array([2.6100352, 2.6100352, 2.6100352], dtype=float32), array([2.6070712, 2.6070712, 2.6070712], dtype=float32), array([2.615727, 2.615727, 2.615727], dtype=float32), array([2.6354523, 2.6354523, 2.6354523], dtype=float32), array([2.6644275, 2.6644275, 2.6644275], dtype=float32), array([2.7034376, 2.7034376, 2.7034376], dtype=float32), array([2.7488637, 2.7488637, 2.7488637], dtype=float32), array([2.800565, 2.800565, 2.800565], dtype=float32), array([2.8539767, 2.8539767, 2.8539767], dtype=float32), array([2.9152858, 2.9152858, 2.9152858], dtype=float32), array([2.9836595, 2.9836595, 2.9836595], dtype=float32), array([3.0596094, 3.0596094, 3.0596094], dtype=float32), array([3.138416, 3.138416, 3.138416], dtype=float32), array([3.216522, 3.216522, 3.216522], dtype=float32), array([3.295841, 3.295841, 3.295841], dtype=float32), array([3.3855982, 3.3855982, 3.3855982], dtype=float32), array([3.474498, 3.474498, 3.474498], dtype=float32), array([3.5595205, 3.5595205, 3.5595205], dtype=float32), array([3.6459537, 3.6459537, 3.6459537], dtype=float32), array([3.7214575, 3.7214575, 3.7214575], dtype=float32), array([3.7948756, 3.7948756, 3.7948756], dtype=float32), array([3.872997, 3.872997, 3.872997], dtype=float32), array([3.9454231, 3.9454231, 3.9454231], dtype=float32), array([3.9828146, 3.9828146, 3.9828146], dtype=float32), array([4.0190973, 4.0190973, 4.0190973], dtype=float32), array([4.0518413, 4.0518413, 4.0518413], dtype=float32), array([4.060585, 4.060585, 4.060585], dtype=float32), array([4.0736694, 4.0736694, 4.0736694], dtype=float32), array([4.087284, 4.087284, 4.087284], dtype=float32), array([4.0820966, 4.0820966, 4.0820966], dtype=float32), array([4.0776258, 4.0776258, 4.0776258], dtype=float32)]",1,0,0,0,0,0,54.55267175572519,55.67251908396946,0.00036769604106992056,9.97,0.0001590302603101701,20000,2000,20000,9.97,2000,0.3420934567053809,30969,0.0,1.0,0.0013802934991,309690,10.0,0.0393447157605,999.0,0.0,23810,352.28607197226256,0.0013802934991,30969,0.2171119749546051,10.0,309690,0.4722185432910919,999.0,-0.58765709400177,0.005634738598018885,81158,0.34409818053245544,221.14617919921875,0.0,0.002743588760495186,1.0,-0.004839819855988026,352.28687882646904,619380,930000,104968,0,93000,61938,1057.9231789521684,6053421.11852108,6311192.495011487,10.5,20100,100,1.0066998255508928,0.00015130269269371754,500,6.384373086647501e-05,1.0066998255508928,0.18733499424229524,10.0,0.0022735898804967293,2.0,0.00030609115838979133,9.5,2,2,-10.5,50,0.0005286981948576192,1000,0.0002304334720319791,1000,100,9.5,100,9.5,2.9436615017834543e-05,4.8425937966732195e-05,2.8877104824961186e-05,0.000154835612402313,1.6185169887968346e-05,2.2234495554218907e-05,1.9971549166917845e-05,7.636501996048768e-06,4.296525217613045e-05,6.77042073231722e-06,3.316669690359164e-05,0.0566701271738718,0.00671377760756424,0.048845315620800564,0.1835006656375069,0.02892013812607113,0.01643312195971693,0.00017345935000370695,108066,301.0,1080660,310.0,498.0,0.0,0.34851417,131.33216857910156,1.0,301.0,-0.0007684833835810423,108066,0.0023941071704030037,0.2230931520462036,310.0,1080660,0.4722185730934143,498.0,-0.01352846622467041,651000,216132,2161320,6510000,11664.818083575288,2.405584625817495e-05,3.093835400944184e-05,7.129307714584373e-05,4.205865960295612e-05,4.2020579490903384e-05,0.00021791531249272135,9.908640599434518e-06,6.142931879696914e-05,9.399990527813774e-06,4.903425316080221e-05,2.790680664065601e-05
1,22000,False,11,cb694_00000,2025-08-17_21-46-32,1755467192,91.4723653793335,1009.2116224765778,720237,intrinsic-attention2,10.156.0.3,1009.2116224765778,11,91.09259942739465,1.455604404058748e-05,91.09234685349311,2.6394703232673833,88.09982555418216,0.0021001742631422465,1.0067001111073661,22000,10.0,2.6085333268947557,2,0.0015669831800914835,2000,1.0067001111073661,-9.5,2.0,0.00010275301178881082,0.00029005900432821363,1000,11000,4.711775397126386e-05,9.8,10.5,2,690.6903123636655,2000.0,3000.0,"[array([[0.3215091 , 0.36122516, 0.31726575],
       [0.29374737, 0.42459399, 0.28165877],
       [0.32449162, 0.3542481 , 0.3212603 ]], dtype=float32), array([[0.32159138, 0.35585117, 0.32255736],
       [0.27909642, 0.4380545 , 0.28284907],
       [0.3203728 , 0.35819337, 0.32143378]], dtype=float32), array([[0.32563737, 0.34955934, 0.3248033 ],
       [0.28837997, 0.42731386, 0.2843061 ],
       [0.32691762, 0.34686455, 0.32621783]], dtype=float32), array([[0.3007239 , 0.376395  , 0.32288116],
       [0.19457209, 0.53705204, 0.2683759 ],
       [0.26523393, 0.42647457, 0.30829152]], dtype=float32), array([[0.32815337, 0.34288007, 0.3289666 ],
       [0.2726778 , 0.44694102, 0.28038123],
       [0.32513407, 0.34845933, 0.3264066 ]], dtype=float32), array([[0.32466048, 0.35184512, 0.3234944 ],
       [0.27778515, 0.4503716 , 0.2718432 ],
       [0.3266281 , 0.3476544 , 0.32571754]], dtype=float32), array([[0.32762298, 0.34394333, 0.3284337 ],
       [0.2643316 , 0.46367538, 0.27199298],
       [0.32452977, 0.34970534, 0.32576483]], dtype=float32), array([[0.314706  , 0.36926123, 0.3160328 ],
       [0.25159857, 0.4923185 , 0.25608295],
       [0.31310427, 0.37236   , 0.3145357 ]], dtype=float32), array([[0.31215784, 0.3824718 , 0.30537033],
       [0.26420343, 0.4885997 , 0.2471969 ],
       [0.31697252, 0.37144864, 0.31157884]], dtype=float32), array([[0.32596338, 0.3475194 , 0.3265172 ],
       [0.25699812, 0.4816875 , 0.2613144 ],
       [0.32422337, 0.35087356, 0.32490307]], dtype=float32), array([[0.3316479 , 0.34347403, 0.32487804],
       [0.31730905, 0.4096931 , 0.27299786],
       [0.33704567, 0.3065766 , 0.35637766]], dtype=float32), array([[0.3312064 , 0.34746513, 0.32132846],
       [0.3172558 , 0.41500401, 0.2677402 ],
       [0.33646497, 0.3070477 , 0.35648736]], dtype=float32), array([[0.31914404, 0.36534658, 0.3155094 ],
       [0.25836813, 0.49720186, 0.24443005],
       [0.32385585, 0.35478085, 0.3213633 ]], dtype=float32), array([[0.30508244, 0.39875937, 0.29615825],
       [0.24212894, 0.5361697 , 0.22170138],
       [0.3115357 , 0.3840755 , 0.3043889 ]], dtype=float32), array([[0.32992178, 0.3530719 , 0.3170063 ],
       [0.31029046, 0.43560255, 0.25410706],
       [0.33695295, 0.3073356 , 0.35571146]], dtype=float32), array([[0.304333  , 0.39033124, 0.30533576],
       [0.21537524, 0.56647885, 0.21814594],
       [0.30319256, 0.39257762, 0.30422977]], dtype=float32), array([[0.3198064 , 0.360016  , 0.32017764],
       [0.23239742, 0.5333062 , 0.23429628],
       [0.3189953 , 0.36161724, 0.31938747]], dtype=float32), array([[0.32005   , 0.3595677 , 0.32038233],
       [0.22962071, 0.5390055 , 0.23137377],
       [0.31928754, 0.3610748 , 0.31963775]], dtype=float32), array([[0.32971197, 0.3547754 , 0.31551263],
       [0.30848768, 0.4434667 , 0.24804562],
       [0.3370914 , 0.30477417, 0.35813448]], dtype=float32), array([[0.32011822, 0.35999244, 0.31988934],
       [0.2296936 , 0.54181075, 0.2284956 ],
       [0.32063526, 0.35894993, 0.3204148 ]], dtype=float32), array([[0.3219518 , 0.3558423 , 0.3222058 ],
       [0.22937703, 0.5396943 , 0.23092864],
       [0.3212644 , 0.35720265, 0.32153293]], dtype=float32), array([[0.31726506, 0.37219885, 0.3105361 ],
       [0.2511139 , 0.5212219 , 0.22766428],
       [0.32514504, 0.35331675, 0.32153824]], dtype=float32), array([[0.32226366, 0.35636595, 0.32137033],
       [0.23964785, 0.5258453 , 0.23450683],
       [0.32437465, 0.35198104, 0.32364434]], dtype=float32), array([[0.30210343, 0.39957756, 0.29831904],
       [0.22511534, 0.55880946, 0.21607529],
       [0.30540136, 0.39263687, 0.30196175]], dtype=float32), array([[0.32301274, 0.35694224, 0.320045  ],
       [0.25997186, 0.49507967, 0.24494846],
       [0.32827085, 0.3449591 , 0.32677007]], dtype=float32), array([[0.30830157, 0.37895688, 0.31274158],
       [0.21798925, 0.5495953 , 0.23241538],
       [0.30213106, 0.39032766, 0.30754128]], dtype=float32), array([[0.30645445, 0.38826352, 0.30528203],
       [0.23507921, 0.532938  , 0.2319828 ],
       [0.30756044, 0.38600898, 0.30643058]], dtype=float32), array([[0.30726984, 0.38596484, 0.30676532],
       [0.23532154, 0.5307322 , 0.23394625],
       [0.30776697, 0.38496205, 0.30727097]], dtype=float32), array([[0.30836686, 0.38158005, 0.31005305],
       [0.23016453, 0.5346512 , 0.2351842 ],
       [0.30642736, 0.38534254, 0.3082301 ]], dtype=float32), array([[0.33066708, 0.3390728 , 0.3302601 ],
       [0.26623031, 0.47499466, 0.258775  ],
       [0.33355182, 0.33286256, 0.33358568]], dtype=float32), array([[0.3356189 , 0.32894945, 0.33543167],
       [0.25698653, 0.4815011 , 0.26151237],
       [0.33356807, 0.3328829 , 0.333549  ]], dtype=float32)]","[array([nan, nan, nan], dtype=float32), array([nan, nan, nan], dtype=float32), array([4.08801, 4.08801, 4.08801], dtype=float32), array([4.1147594, 4.1147594, 4.1147594], dtype=float32), array([4.146689, 4.146689, 4.146689], dtype=float32), array([nan, nan, nan], dtype=float32), array([nan, nan, nan], dtype=float32), array([nan, nan, nan], dtype=float32), array([4.2251396, 4.2251396, 4.2251396], dtype=float32), array([4.241165, 4.241165, 4.241165], dtype=float32), array([4.2571735, 4.2571735, 4.2571735], dtype=float32), array([4.2679543, 4.2679543, 4.2679543], dtype=float32), array([4.277817, 4.277817, 4.277817], dtype=float32), array([nan, nan, nan], dtype=float32), array([4.29202, 4.29202, 4.29202], dtype=float32), array([nan, nan, nan], dtype=float32), array([4.314495, 4.314495, 4.314495], dtype=float32), array([4.3272967, 4.3272967, 4.3272967], dtype=float32), array([4.3393598, 4.3393598, 4.3393598], dtype=float32), array([nan, nan, nan], dtype=float32), array([4.3584695, 4.3584695, 4.3584695], dtype=float32), array([4.366852, 4.366852, 4.366852], dtype=float32), array([nan, nan, nan], dtype=float32), array([4.379393, 4.379393, 4.379393], dtype=float32), array([nan, nan, nan], dtype=float32), array([4.388223, 4.388223, 4.388223], dtype=float32), array([nan, nan, nan], dtype=float32), array([4.3921185, 4.3921185, 4.3921185], dtype=float32), array([4.3926024, 4.3926024, 4.3926024], dtype=float32), array([nan, nan, nan], dtype=float32), array([4.391646, 4.391646, 4.391646], dtype=float32)]","[array([4.0773587, 4.0773587, 4.0773587], dtype=float32), array([4.082477, 4.082477, 4.082477], dtype=float32), array([4.0880094, 4.0880094, 4.0880094], dtype=float32), array([4.1147604, 4.1147604, 4.1147604], dtype=float32), array([4.1466894, 4.1466894, 4.1466894], dtype=float32), array([4.1705694, 4.1705694, 4.1705694], dtype=float32), array([4.1927238, 4.1927238, 4.1927238], dtype=float32), array([4.20969, 4.20969, 4.20969], dtype=float32), array([4.2251396, 4.2251396, 4.2251396], dtype=float32), array([4.241165, 4.241165, 4.241165], dtype=float32), array([4.2571726, 4.2571726, 4.2571726], dtype=float32), array([4.267955, 4.267955, 4.267955], dtype=float32), array([4.277817, 4.277817, 4.277817], dtype=float32), array([4.2852254, 4.2852254, 4.2852254], dtype=float32), array([4.292019, 4.292019, 4.292019], dtype=float32), array([4.303445, 4.303445, 4.303445], dtype=float32), array([4.314495, 4.314495, 4.314495], dtype=float32), array([4.327297, 4.327297, 4.327297], dtype=float32), array([4.3393598, 4.3393598, 4.3393598], dtype=float32), array([4.3487315, 4.3487315, 4.3487315], dtype=float32), array([4.35847, 4.35847, 4.35847], dtype=float32), array([4.366852, 4.366852, 4.366852], dtype=float32), array([4.37379, 4.37379, 4.37379], dtype=float32), array([4.3793936, 4.3793936, 4.3793936], dtype=float32), array([4.3839726, 4.3839726, 4.3839726], dtype=float32), array([4.388222, 4.388222, 4.388222], dtype=float32), array([4.390713, 4.390713, 4.390713], dtype=float32), array([4.3921194, 4.3921194, 4.3921194], dtype=float32), array([4.392602, 4.392602, 4.392602], dtype=float32), array([4.392387, 4.392387, 4.392387], dtype=float32), array([4.3916464, 4.3916464, 4.3916464], dtype=float32)]",1,0,0,0,0,0,54.55572519083969,55.67022900763359,0.0003749961277298136,9.8,0.00016344431630193004,22000,2000,22000,9.8,2000,0.3418342271283794,30969,0.0,1.0,0.0013802934991,340659,11.0,0.0393447157605,999.0,0.0,23810,351.8319754751997,0.0013802934991,30969,0.21261940896511078,11.0,340659,0.4722185432910919,999.0,-0.022889137268066406,0.0028173692990094423,81158,0.3453567326068878,101.7211685180664,0.0,0.0009041783632710576,1.0,-0.0035617509856820107,351.83274915376995,681318,1023000,104968,0,93000,61938,1056.5591991323602,6049482.349922215,6310993.378054582,10.5,22100,100,1.006700047870376,0.00016024298849211875,550,6.610438457388081e-05,1.006700047870376,0.18740492230987557,11.0,0.0023142761005146895,2.0,0.0003048791369027739,9.7,2,2,-10.5,50,0.0005523161290520623,1100,0.0002413818872264588,1100,100,9.7,100,9.7,2.9755940905400958e-05,4.956211035509603e-05,2.9509327864717067e-05,0.00015789402461488365,1.6491435835916712e-05,2.2834537967960186e-05,2.08074446929356e-05,7.624630667140118e-06,4.407734652125795e-05,6.867592953307321e-06,3.4268316033027674e-05,0.056645593451998634,0.006708458651447314,0.048825798584606964,0.18331743467110206,0.028899909854733955,0.01642500539017073,0.00017340596648208456,108066,331.0,1188726,341.0,498.0,0.0,0.32853502,134.4187774658203,1.0,331.0,-0.020561272278428078,108066,0.0011825957335531712,0.21739716827869415,341.0,1188726,0.4722185730934143,498.0,-0.003541231155395508,651000,216132,2377452,7161000,11558.32278483278,2.5118236369718854e-05,3.240490448567617e-05,7.489110275897674e-05,4.425202881890174e-05,4.3155441572696535e-05,0.00022689174529131988,1.0351192624361196e-05,6.495945556869579e-05,9.651482162598487e-06,5.090398885969837e-05,2.9062517684735907e-05
1,24000,False,12,cb694_00000,2025-08-17_21-48-07,1755467287,95.016934633255,1104.2285571098328,720237,intrinsic-attention2,10.156.0.3,1104.2285571098328,12,91.13028366262074,1.452398359131169e-05,91.13003005568811,2.640568082904705,88.1366857555604,0.002097710940628517,1.0067001111073661,24000,11.0,2.609650400135849,2,0.0015928380392142571,2000,1.0067001111073661,9.5,2.0,0.0001000536437791563,0.00029005900432821363,1000,12000,4.60854706810216e-05,9.92,10.5,2,678.4268405557948,2000.0,3000.0,"[array([[0.325882  , 0.3526162 , 0.3215018 ],
       [0.27571934, 0.4729495 , 0.25133112],
       [0.33335498, 0.3332766 , 0.33336842]], dtype=float32), array([[0.30979902, 0.37478352, 0.31541744],
       [0.2068485 , 0.56569827, 0.22745325],
       [0.30010775, 0.3921135 , 0.30777872]], dtype=float32), array([[0.30441588, 0.38905764, 0.30652645],
       [0.20668802, 0.5805243 , 0.21278761],
       [0.30172598, 0.3942664 , 0.30400768]], dtype=float32), array([[0.30051115, 0.39936823, 0.30012065],
       [0.20151526, 0.5979691 , 0.20051561],
       [0.30095026, 0.39848557, 0.30056423]], dtype=float32), array([[0.332042  , 0.3358259 , 0.3321321 ],
       [0.21846479, 0.55810916, 0.223426  ],
       [0.32950163, 0.3407322 , 0.32976612]], dtype=float32), array([[0.29443222, 0.4194518 , 0.28611606],
       [0.19894375, 0.61959374, 0.18146256],
       [0.3017547 , 0.40350655, 0.29473877]], dtype=float32), array([[0.32509238, 0.3507677 , 0.32413995],
       [0.22133008, 0.565206  , 0.21346392],
       [0.32872683, 0.34308854, 0.3281847 ]], dtype=float32), array([[0.32540062, 0.3500205 , 0.32457888],
       [0.21797948, 0.5712007 , 0.21081983],
       [0.3287845 , 0.3429102 , 0.32830536]], dtype=float32), array([[0.32977927, 0.35406795, 0.31615278],
       [0.29924414, 0.4726404 , 0.2281155 ],
       [0.33873254, 0.28918493, 0.37208256]], dtype=float32), array([[0.29345652, 0.41454998, 0.2919934 ],
       [0.17234527, 0.6586202 , 0.16903457],
       [0.29518792, 0.41103476, 0.29377738]], dtype=float32), array([[0.29849935, 0.40027034, 0.30123028],
       [0.1786868 , 0.6354484 , 0.18586482],
       [0.2947886 , 0.40744606, 0.29776534]], dtype=float32), array([[0.3004777 , 0.3963248 , 0.3031975 ],
       [0.19195344, 0.6087454 , 0.19930108],
       [0.29698482, 0.4030636 , 0.2999516 ]], dtype=float32), array([[0.28591657, 0.40205225, 0.31203118],
       [0.12596706, 0.6799448 , 0.19408825],
       [0.23937519, 0.47523227, 0.28539258]], dtype=float32), array([[0.3056428 , 0.38599107, 0.3083661 ],
       [0.22189425, 0.54844743, 0.2296583 ],
       [0.3025337 , 0.39194077, 0.3055255 ]], dtype=float32), array([[0.33496878, 0.33026046, 0.33477077],
       [0.2662922 , 0.46123457, 0.27247328],
       [0.332246  , 0.33537775, 0.33237624]], dtype=float32), array([[0.31086752, 0.37780392, 0.31132853],
       [0.2576309 , 0.48350284, 0.25886628],
       [0.3104772 , 0.37857744, 0.31094542]], dtype=float32), array([[0.3153311 , 0.36466768, 0.32000118],
       [0.26400262, 0.4569336 , 0.27906376],
       [0.3102123 , 0.37368006, 0.31610763]], dtype=float32), array([[0.33094978, 0.3390634 , 0.32998678],
       [0.30920666, 0.3901138 , 0.30067948],
       [0.3334145 , 0.33313772, 0.3334478 ]], dtype=float32), array([[0.33256847, 0.33496264, 0.3324689 ],
       [0.3145827 , 0.37306622, 0.31235108],
       [0.3332957 , 0.33341357, 0.3332908 ]], dtype=float32), array([[0.32282358, 0.35314307, 0.32403332],
       [0.30788982, 0.38145936, 0.31065086],
       [0.32220924, 0.35430416, 0.3234866 ]], dtype=float32), array([[0.33299375, 0.33402762, 0.3329786 ],
       [0.32553956, 0.349257  , 0.32520348],
       [0.33310196, 0.33380643, 0.33309165]], dtype=float32), array([[0.3329865 , 0.3340737 , 0.33293977],
       [0.330362  , 0.33967122, 0.32996687],
       [0.33309895, 0.33383366, 0.33306736]], dtype=float32), array([[0.33077353, 0.3364353 , 0.3327912 ],
       [0.33001378, 0.3373591 , 0.33262718],
       [0.33050123, 0.33676615, 0.33273256]], dtype=float32), array([[0.33349392, 0.33298686, 0.3335193 ],
       [0.33318   , 0.33366415, 0.33315578],
       [0.3335096 , 0.33295295, 0.3335375 ]], dtype=float32), array([[0.3363116 , 0.32652572, 0.3371627 ],
       [0.33494055, 0.32966337, 0.33539614],
       [0.33642852, 0.32625788, 0.33731362]], dtype=float32), array([[0.3346628 , 0.33090666, 0.33443058],
       [0.32971865, 0.3399428 , 0.33033848],
       [0.33436012, 0.33145893, 0.33418095]], dtype=float32), array([[0.34147188, 0.31728676, 0.34124127],
       [0.33283648, 0.3343135 , 0.33285004],
       [0.34139353, 0.31744125, 0.34116524]], dtype=float32), array([[0.33701396, 0.32644436, 0.33654168],
       [0.31702286, 0.36401978, 0.31895733],
       [0.33615214, 0.32805616, 0.33579168]], dtype=float32), array([[0.33520547, 0.32922038, 0.33557424],
       [0.3111147 , 0.38162524, 0.30726016],
       [0.3366051 , 0.32614037, 0.33725452]], dtype=float32), array([[0.3358102 , 0.32791042, 0.3362794 ],
       [0.30554327, 0.39340946, 0.30104724],
       [0.33748272, 0.32424137, 0.33827588]], dtype=float32), array([[0.34369627, 0.31038436, 0.34591937],
       [0.32088456, 0.36058953, 0.31852582],
       [0.34506238, 0.30733952, 0.34759814]], dtype=float32)]","[array([nan, nan, nan], dtype=float32), array([4.391536, 4.391536, 4.391536], dtype=float32), array([4.3934374, 4.3934374, 4.3934374], dtype=float32), array([4.394303, 4.394303, 4.394303], dtype=float32), array([nan, nan, nan], dtype=float32), array([nan, nan, nan], dtype=float32), array([4.3933845, 4.3933845, 4.3933845], dtype=float32), array([nan, nan, nan], dtype=float32), array([4.393893, 4.393893, 4.393893], dtype=float32), array([4.3934727, 4.3934727, 4.3934727], dtype=float32), array([nan, nan, nan], dtype=float32), array([nan, nan, nan], dtype=float32), array([4.3975897, 4.3975897, 4.3975897], dtype=float32), array([nan, nan, nan], dtype=float32), array([4.395309, 4.395309, 4.395309], dtype=float32), array([nan, nan, nan], dtype=float32), array([nan, nan, nan], dtype=float32), array([4.393106, 4.393106, 4.393106], dtype=float32), array([4.3916903, 4.3916903, 4.3916903], dtype=float32), array([nan, nan, nan], dtype=float32), array([4.3895245, 4.3895245, 4.3895245], dtype=float32), array([nan, nan, nan], dtype=float32), array([nan, nan, nan], dtype=float32), array([4.38019, 4.38019, 4.38019], dtype=float32), array([nan, nan, nan], dtype=float32), array([4.3747234, 4.3747234, 4.3747234], dtype=float32), array([4.3731074, 4.3731074, 4.3731074], dtype=float32), array([4.3753304, 4.3753304, 4.3753304], dtype=float32), array([nan, nan, nan], dtype=float32), array([nan, nan, nan], dtype=float32), array([4.3764925, 4.3764925, 4.3764925], dtype=float32)]","[array([4.389724, 4.389724, 4.389724], dtype=float32), array([4.3915367, 4.3915367, 4.3915367], dtype=float32), array([4.3934364, 4.3934364, 4.3934364], dtype=float32), array([4.3943024, 4.3943024, 4.3943024], dtype=float32), array([4.3933873, 4.3933873, 4.3933873], dtype=float32), array([4.393089, 4.393089, 4.393089], dtype=float32), array([4.3933835, 4.3933835, 4.3933835], dtype=float32), array([4.39396, 4.39396, 4.39396], dtype=float32), array([4.3938932, 4.3938932, 4.3938932], dtype=float32), array([4.3934712, 4.3934712, 4.3934712], dtype=float32), array([4.3959355, 4.3959355, 4.3959355], dtype=float32), array([4.396831, 4.396831, 4.396831], dtype=float32), array([4.39759, 4.39759, 4.39759], dtype=float32), array([4.3963404, 4.3963404, 4.3963404], dtype=float32), array([4.395309, 4.395309, 4.395309], dtype=float32), array([4.3950076, 4.3950076, 4.3950076], dtype=float32), array([4.3934712, 4.3934712, 4.3934712], dtype=float32), array([4.393105, 4.393105, 4.393105], dtype=float32), array([4.39169, 4.39169, 4.39169], dtype=float32), array([4.3903737, 4.3903737, 4.3903737], dtype=float32), array([4.3895254, 4.3895254, 4.3895254], dtype=float32), array([4.3875155, 4.3875155, 4.3875155], dtype=float32), array([4.3835535, 4.3835535, 4.3835535], dtype=float32), array([4.380189, 4.380189, 4.380189], dtype=float32), array([4.37729, 4.37729, 4.37729], dtype=float32), array([4.3747244, 4.3747244, 4.3747244], dtype=float32), array([4.3731074, 4.3731074, 4.3731074], dtype=float32), array([4.3753314, 4.3753314, 4.3753314], dtype=float32), array([4.3770475, 4.3770475, 4.3770475], dtype=float32), array([4.3748693, 4.3748693, 4.3748693], dtype=float32), array([4.376492, 4.376492, 4.376492], dtype=float32)]",1,0,0,0,0,0,54.432352941176475,53.502941176470586,0.00036224433759328667,9.92,0.0001593655357684867,24000,2000,24000,9.92,2000,0.34158909863719655,30969,0.0,1.0,0.0013802934991,371628,12.0,0.0393447157605,999.0,0.0,23810,351.0951278573852,0.0013802934991,30969,0.24843929708003998,12.0,371628,0.4722185432910919,999.0,-0.10579943656921387,0.0028173692990094423,81158,0.3472301661968231,174.2081756591797,0.0,0.01140514574944973,1.0,-0.0016658599488437176,351.09584948480807,743256,1116000,104968,0,93000,61938,1054.3460250677363,6047471.095080794,6313699.043764526,10.5,24100,100,1.0067000971034235,0.00012109313726826544,600,5.430966985418372e-05,1.0067000971034235,0.18692398453679238,12.0,0.0020471652194100896,2.0,0.00030337082554069805,9.9,2,2,9.5,50,0.0004386399638729902,1200,0.00018920142389896937,1200,100,9.9,100,9.9,2.919131536418387e-05,4.740765072836782e-05,2.8979041797936167e-05,0.00015064634478030817,1.6028257266966068e-05,2.198064846330084e-05,2.0098539612145836e-05,7.372732222298097e-06,4.2145505796822717e-05,6.860961468100984e-06,3.3642304549422825e-05,0.05662100578741692,0.0067121746549706745,0.048816525568865544,0.18312441373436245,0.028884634766226203,0.016416177436338723,0.00017334953673349394,108066,361.0,1296792,372.0,498.0,0.0,0.34157726,136.6495819091797,1.0,361.0,-0.008507481776177883,108066,0.007576728239655495,0.24378643929958344,372.0,1296792,0.4722185730934143,498.0,-0.005261063575744629,651000,216132,2593584,7812000,11447.063824582232,1.9707230255513803e-05,2.594235328300837e-05,5.926373583760647e-05,3.4158453072000416e-05,3.388327787769661e-05,0.00018498524590603206,8.70201343262724e-06,5.1430797035414374e-05,7.80055895286918e-06,4.014527241341528e-05,2.336094110233324e-05
1,26000,False,13,cb694_00000,2025-08-17_21-49-41,1755467381,93.68778657913208,1197.9163436889648,720237,intrinsic-attention2,10.156.0.3,1197.9163436889648,13,91.15368544029452,1.4523313686251895e-05,91.15343029876125,2.644780629915681,88.15590264395479,0.0020989258111736896,1.0067001111073661,26000,12.0,2.6138621613845507,2,0.0015421468002023175,2000,1.0067001111073661,-9.5,2.0,0.00010306127529372149,0.00029005900432821363,1000,13000,4.686957598040524e-05,9.78,10.5,2,665.7154113036438,2000.0,3000.0,"[array([[0.33084458, 0.32045633, 0.34869915],
       [0.3328587 , 0.33070704, 0.33643425],
       [0.3269976 , 0.30374056, 0.3692619 ]], dtype=float32), array([[0.34303844, 0.31446218, 0.34249938],
       [0.3263041 , 0.3470283 , 0.32666764],
       [0.34274286, 0.31503633, 0.34222087]], dtype=float32), array([[0.33718342, 0.32908648, 0.33373016],
       [0.29181173, 0.3813544 , 0.32683393],
       [0.3177227 , 0.35090315, 0.33137414]], dtype=float32), array([[0.32772452, 0.32727516, 0.34500033],
       [0.32793233, 0.32749915, 0.34456858],
       [0.31984833, 0.3188079 , 0.36134377]], dtype=float32), array([[0.33698174, 0.32418498, 0.3388332 ],
       [0.33124265, 0.3385338 , 0.33022353],
       [0.3377764 , 0.32217956, 0.340044  ]], dtype=float32), array([[0.32854939, 0.32612368, 0.3453269 ],
       [0.32960448, 0.32769984, 0.34269565],
       [0.32128397, 0.31546885, 0.3632472 ]], dtype=float32), array([[0.33563522, 0.3304432 , 0.33392164],
       [0.2755076 , 0.410458  , 0.31403443],
       [0.3156274 , 0.35601693, 0.32835564]], dtype=float32), array([[0.33698332, 0.32604772, 0.3369689 ],
       [0.30771148, 0.38448805, 0.30780047],
       [0.33694682, 0.32612064, 0.33693254]], dtype=float32), array([[0.34648082, 0.30751315, 0.34600607],
       [0.30817983, 0.38287076, 0.30894938],
       [0.34606338, 0.30833212, 0.34560454]], dtype=float32), array([[0.34137577, 0.3226256 , 0.3359986 ],
       [0.23374942, 0.48009622, 0.28615436],
       [0.3103707 , 0.36483112, 0.32479814]], dtype=float32), array([[0.34297055, 0.32005033, 0.33697915],
       [0.21800868, 0.51112056, 0.27087072],
       [0.31025583, 0.36612004, 0.32362413]], dtype=float32), array([[0.33274055, 0.33426684, 0.3329927 ],
       [0.21633369, 0.5325416 , 0.25112468],
       [0.3133907 , 0.36518246, 0.3214268 ]], dtype=float32), array([[0.33355784, 0.33282492, 0.3336173 ],
       [0.2615192 , 0.48992902, 0.24855177],
       [0.33869836, 0.32113943, 0.34016222]], dtype=float32), array([[0.3479151 , 0.3009271 , 0.35115778],
       [0.26417643, 0.48159817, 0.25422537],
       [0.35247523, 0.29067823, 0.3568465 ]], dtype=float32), array([[0.36123458, 0.27999085, 0.35877457],
       [0.24347576, 0.5081954 , 0.24832879],
       [0.35844064, 0.2853059 , 0.35625347]], dtype=float32), array([[0.36355516, 0.27572516, 0.36071962],
       [0.23485307, 0.52488446, 0.24026252],
       [0.3603549 , 0.28179088, 0.35785428]], dtype=float32), array([[0.35195655, 0.29239866, 0.35564485],
       [0.23396786, 0.54288024, 0.22315186],
       [0.35740787, 0.28026396, 0.36232817]], dtype=float32), array([[0.3682232 , 0.2671192 , 0.36465767],
       [0.20959899, 0.57429904, 0.21610191],
       [0.3640634 , 0.27495793, 0.3609787 ]], dtype=float32), array([[0.33428037, 0.33121744, 0.3345022 ],
       [0.19453934, 0.6266491 , 0.17881154],
       [0.3428253 , 0.31201485, 0.34515986]], dtype=float32), array([[0.3321172 , 0.33613938, 0.33174348],
       [0.18799642, 0.6444678 , 0.16753584],
       [0.34333998, 0.31002697, 0.34663305]], dtype=float32), array([[0.33551344, 0.32946786, 0.33501863],
       [0.11807108, 0.74481946, 0.13710949],
       [0.3171743 , 0.36221465, 0.3206111 ]], dtype=float32), array([[0.33175388, 0.33698544, 0.33126074],
       [0.16704394, 0.6869242 , 0.14603181],
       [0.34476408, 0.3066055 , 0.34863046]], dtype=float32), array([[0.3498528 , 0.2824454 , 0.36770174],
       [0.22845514, 0.58818084, 0.18336402],
       [0.36555874, 0.22537681, 0.40906438]], dtype=float32), array([[0.34935045, 0.2846557 , 0.36599383],
       [0.19144097, 0.6642654 , 0.14429362],
       [0.36828902, 0.21589722, 0.41581374]], dtype=float32), array([[0.34963432, 0.2964065 , 0.35395917],
       [0.09924966, 0.8159056 , 0.0848448 ],
       [0.36482257, 0.2611635 , 0.3740139 ]], dtype=float32), array([[0.35848862, 0.29284143, 0.34866992],
       [0.0202686 , 0.9453797 , 0.03435175],
       [0.287925  , 0.40984774, 0.30222717]], dtype=float32), array([[0.36884984, 0.24499243, 0.38615775],
       [0.08270315, 0.85363084, 0.06366602],
       [0.3887986 , 0.18988833, 0.42131308]], dtype=float32), array([[0.34262547, 0.31499454, 0.34238002],
       [0.02207543, 0.95512885, 0.02279576],
       [0.33902922, 0.3220897 , 0.33888113]], dtype=float32), array([[0.38315445, 0.23826641, 0.37857914],
       [0.01921396, 0.9595748 , 0.02121132],
       [0.3723522 , 0.25870857, 0.36893922]], dtype=float32), array([[0.37708247, 0.22908583, 0.39383167],
       [0.03343206, 0.94157916, 0.02498871],
       [0.39838803, 0.17321068, 0.4284013 ]], dtype=float32), array([[0.2888535 , 0.4314452 , 0.27970138],
       [0.00802171, 0.9865262 , 0.00545207],
       [0.32844913, 0.34434512, 0.32720578]], dtype=float32)]","[array([nan, nan, nan], dtype=float32), array([4.389586, 4.389586, 4.389586], dtype=float32), array([4.399482, 4.399482, 4.399482], dtype=float32), array([4.4078274, 4.4078274, 4.4078274], dtype=float32), array([nan, nan, nan], dtype=float32), array([nan, nan, nan], dtype=float32), array([nan, nan, nan], dtype=float32), array([4.4357095, 4.4357095, 4.4357095], dtype=float32), array([4.4410434, 4.4410434, 4.4410434], dtype=float32), array([nan, nan, nan], dtype=float32), array([4.4502897, 4.4502897, 4.4502897], dtype=float32), array([nan, nan, nan], dtype=float32), array([4.4592605, 4.4592605, 4.4592605], dtype=float32), array([4.4630084, 4.4630084, 4.4630084], dtype=float32), array([nan, nan, nan], dtype=float32), array([nan, nan, nan], dtype=float32), array([4.477744, 4.477744, 4.477744], dtype=float32), array([nan, nan, nan], dtype=float32), array([4.487123, 4.487123, 4.487123], dtype=float32), array([4.492284, 4.492284, 4.492284], dtype=float32), array([nan, nan, nan], dtype=float32), array([nan, nan, nan], dtype=float32), array([4.503964, 4.503964, 4.503964], dtype=float32), array([nan, nan, nan], dtype=float32), array([nan, nan, nan], dtype=float32), array([4.517223, 4.517223, 4.517223], dtype=float32), array([4.521554, 4.521554, 4.521554], dtype=float32), array([nan, nan, nan], dtype=float32), array([nan, nan, nan], dtype=float32), array([4.5314965, 4.5314965, 4.5314965], dtype=float32), array([nan, nan, nan], dtype=float32)]","[array([4.3794127, 4.3794127, 4.3794127], dtype=float32), array([4.3895864, 4.3895864, 4.3895864], dtype=float32), array([4.3994823, 4.3994823, 4.3994823], dtype=float32), array([4.4078283, 4.4078283, 4.4078283], dtype=float32), array([4.416054, 4.416054, 4.416054], dtype=float32), array([4.4221764, 4.4221764, 4.4221764], dtype=float32), array([4.428834, 4.428834, 4.428834], dtype=float32), array([4.43571, 4.43571, 4.43571], dtype=float32), array([4.4410434, 4.4410434, 4.4410434], dtype=float32), array([4.4453425, 4.4453425, 4.4453425], dtype=float32), array([4.4502907, 4.4502907, 4.4502907], dtype=float32), array([4.454884, 4.454884, 4.454884], dtype=float32), array([4.45926, 4.45926, 4.45926], dtype=float32), array([4.463009, 4.463009, 4.463009], dtype=float32), array([4.4679875, 4.4679875, 4.4679875], dtype=float32), array([4.472237, 4.472237, 4.472237], dtype=float32), array([4.4777446, 4.4777446, 4.4777446], dtype=float32), array([4.4827847, 4.4827847, 4.4827847], dtype=float32), array([4.4871225, 4.4871225, 4.4871225], dtype=float32), array([4.492283, 4.492283, 4.492283], dtype=float32), array([4.496823, 4.496823, 4.496823], dtype=float32), array([4.500644, 4.500644, 4.500644], dtype=float32), array([4.503964, 4.503964, 4.503964], dtype=float32), array([4.5084085, 4.5084085, 4.5084085], dtype=float32), array([4.5123377, 4.5123377, 4.5123377], dtype=float32), array([4.517223, 4.517223, 4.517223], dtype=float32), array([4.5215535, 4.5215535, 4.5215535], dtype=float32), array([4.5254626, 4.5254626, 4.5254626], dtype=float32), array([4.5287204, 4.5287204, 4.5287204], dtype=float32), array([4.531497, 4.531497, 4.531497], dtype=float32), array([4.5354466, 4.5354466, 4.5354466], dtype=float32)]",1,0,0,0,0,0,54.593233082706774,53.045112781954884,0.0003716196135734482,9.78,0.00016277940251218092,26000,2000,26000,9.78,2000,0.3415887286109404,30969,0.0,1.0,0.0013802934991,402597,13.0,0.0393447157605,999.0,0.0,23810,350.57696450441426,0.0013802934991,30969,0.22180262207984924,13.0,402597,0.4722185432910919,999.0,-0.009359002113342285,0.0014086846495047212,81158,0.3348225951194763,120.36177062988281,0.0,0.002102045575156808,1.0,-0.014084008522331715,350.577652430207,805194,1209000,104968,0,93000,61938,1052.7896658397826,6058088.207841385,6329761.262540502,10.5,26100,100,1.0067001080061695,0.0001621226150806747,650,6.300506998671741e-05,1.0067001080061695,0.18704990470139835,13.0,0.0020794768400082832,2.0,0.00030225980727473304,9.9,2,2,9.5,50,0.0005410478636446733,1300,0.00023659062594663332,1300,100,9.9,100,9.9,2.992254015469964e-05,4.8802078385037906e-05,2.9250373976768325e-05,0.00015651529653692875,1.631958819194586e-05,2.2465549107252173e-05,2.058122662617027e-05,7.600660757741025e-06,4.321931236526929e-05,6.922949985328008e-06,3.4009281772453276e-05,0.05659520266952379,0.006741183658301071,0.04901883100320097,0.18294406096695512,0.028864059208529694,0.016409990041956504,0.0001732326412775172,108066,391.0,1404858,403.0,498.0,0.0,0.34955177,137.65170288085938,1.0,391.0,0.0002988734922837466,108066,0.0022443782072514296,0.22726789116859436,403.0,1404858,0.4722185730934143,498.0,-0.05308198928833008,651000,216132,2809716,8463000,11342.901161206335,2.357568529972517e-05,3.154965858304156e-05,7.285599348577029e-05,4.285722533300606e-05,4.2527656416469264e-05,0.00022228901872558152,9.95710246342072e-06,6.494529011436916e-05,9.42104982485378e-06,4.934768466139329e-05,2.7882278428392963e-05
1,28000,False,14,cb694_00000,2025-08-17_21-51-13,1755467473,92.19934320449829,1290.1156868934631,720237,intrinsic-attention2,10.156.0.3,1290.1156868934631,14,91.16225662020155,1.450312050033386e-05,91.16200036540377,2.6450652473165377,88.16191828932524,0.0020964021030089484,1.0067001111073661,28000,13.0,2.6141625751507314,2,0.0016201153103611431,2000,1.0067001111073661,9.5,2.0,0.00010603907170493133,0.00029005900432821363,1000,14000,4.877575928473032e-05,10.03,10.5,2,652.6326157316192,2000.0,3000.0,"[array([[0.336793  , 0.32665566, 0.33655134],
       [0.00290164, 0.9937704 , 0.00332796],
       [0.32095277, 0.35728496, 0.32176226]], dtype=float32), array([[0.32122508, 0.3572745 , 0.32150042],
       [0.00202988, 0.9958364 , 0.00213376],
       [0.3155174 , 0.36856988, 0.31591266]], dtype=float32), array([[2.4108714e-01, 5.1749372e-01, 2.4141912e-01],
       [8.9621410e-04, 9.9819618e-01, 9.0761326e-04],
       [2.3968111e-01, 5.2030289e-01, 2.4001603e-01]], dtype=float32), array([[0.32197866, 0.35533217, 0.32268912],
       [0.00105734, 0.9977102 , 0.00123236],
       [0.304041  , 0.3902166 , 0.30574238]], dtype=float32), array([[3.1328699e-01, 3.6845621e-01, 3.1825674e-01],
       [2.2422268e-04, 9.9926907e-01, 5.0669693e-04],
       [2.1213184e-01, 5.5498725e-01, 2.3288086e-01]], dtype=float32), array([[0.39583403, 0.2161819 , 0.38798404],
       [0.00119329, 0.9973156 , 0.00149112],
       [0.3725305 , 0.2593786 , 0.36809093]], dtype=float32), array([[0.39528647, 0.21695979, 0.38775378],
       [0.0012003 , 0.99731064, 0.00148911],
       [0.37278372, 0.25877172, 0.3684446 ]], dtype=float32), array([[0.39486927, 0.2175628 , 0.38756794],
       [0.00123993, 0.9972312 , 0.00152886],
       [0.3730357 , 0.25820154, 0.36876282]], dtype=float32), array([[0.39663064, 0.21443793, 0.38893136],
       [0.00120939, 0.99729246, 0.00149804],
       [0.3744112 , 0.25570115, 0.36988765]], dtype=float32), array([[2.9872835e-01, 3.9504328e-01, 3.0622840e-01],
       [1.8215454e-04, 9.9942684e-01, 3.9104777e-04],
       [2.0559138e-01, 5.6936938e-01, 2.2503924e-01]], dtype=float32), array([[2.2317058e-01, 5.7279599e-01, 2.0403346e-01],
       [1.1478546e-03, 9.9824917e-01, 6.0300092e-04],
       [2.9082361e-01, 4.2890328e-01, 2.8027308e-01]], dtype=float32), array([[2.2049417e-01, 5.7824200e-01, 2.0126383e-01],
       [1.0563607e-03, 9.9839121e-01, 5.5230723e-04],
       [2.8865311e-01, 4.3359935e-01, 2.7774760e-01]], dtype=float32), array([[2.0380667e-01, 5.9622371e-01, 1.9996962e-01],
       [3.3693505e-04, 9.9937063e-01, 2.9246093e-04],
       [2.1875520e-01, 5.6614190e-01, 2.1510297e-01]], dtype=float32), array([[3.9987788e-01, 2.0823197e-01, 3.9189014e-01],
       [8.3891407e-04, 9.9811673e-01, 1.0442893e-03],
       [3.7753892e-01, 2.4971712e-01, 3.7274393e-01]], dtype=float32), array([[2.1389718e-01, 5.8945131e-01, 1.9665147e-01],
       [6.8705861e-04, 9.9893731e-01, 3.7560795e-04],
       [2.7789035e-01, 4.5537075e-01, 2.6673892e-01]], dtype=float32), array([[2.8237838e-01, 4.3367279e-01, 2.8394884e-01],
       [3.6881177e-04, 9.9922276e-01, 4.0848920e-04],
       [2.7038577e-01, 4.5738482e-01, 2.7222937e-01]], dtype=float32), array([[2.8277627e-01, 4.3288875e-01, 2.8433508e-01],
       [3.7067689e-04, 9.9921882e-01, 4.1047353e-04],
       [2.7080604e-01, 4.5655578e-01, 2.7263826e-01]], dtype=float32), array([[0.40544158, 0.1988443 , 0.39571416],
       [0.00104428, 0.9976362 , 0.00131946],
       [0.3817455 , 0.24237452, 0.37588   ]], dtype=float32), array([[2.3371270e-01, 5.4776001e-01, 2.1852735e-01],
       [1.0611080e-03, 9.9832052e-01, 6.1833498e-04],
       [2.9144186e-01, 4.2569706e-01, 2.8286105e-01]], dtype=float32), array([[0.3413685 , 0.31561238, 0.34301916],
       [0.00200833, 0.99662054, 0.00137113],
       [0.37633973, 0.23640601, 0.3872542 ]], dtype=float32), array([[0.41987842, 0.17545691, 0.4046647 ],
       [0.00105158, 0.9975432 , 0.00140527],
       [0.3911439 , 0.22663721, 0.38221887]], dtype=float32), array([[3.1073591e-01, 3.7772086e-01, 3.1154320e-01],
       [5.5419275e-04, 9.9883360e-01, 6.1225781e-04],
       [2.9910207e-01, 4.0063184e-01, 3.0026615e-01]], dtype=float32), array([[0.34028345, 0.3177234 , 0.34199315],
       [0.00214693, 0.99648225, 0.00137086],
       [0.37992513, 0.22537453, 0.39470032]], dtype=float32), array([[0.3410627 , 0.31598324, 0.34295407],
       [0.00199537, 0.99673223, 0.00127242],
       [0.38069242, 0.22366965, 0.39563796]], dtype=float32), array([[0.43094486, 0.15963857, 0.40941653],
       [0.00177109, 0.9957734 , 0.00245556],
       [0.39850718, 0.21543576, 0.3860571 ]], dtype=float32), array([[0.270263  , 0.4733189 , 0.25641814],
       [0.00343623, 0.994545  , 0.00201877],
       [0.3250052 , 0.35245293, 0.3225419 ]], dtype=float32), array([[0.29351333, 0.41973358, 0.28675312],
       [0.00456876, 0.9922133 , 0.00321789],
       [0.3301453 , 0.34036434, 0.32949033]], dtype=float32), array([[0.43611556, 0.15507679, 0.40880758],
       [0.00689253, 0.98370785, 0.00939971],
       [0.403723  , 0.20885612, 0.3874209 ]], dtype=float32), array([[0.41945922, 0.17584229, 0.4046985 ],
       [0.01130688, 0.9751067 , 0.01358647],
       [0.40069276, 0.20920251, 0.3901047 ]], dtype=float32), array([[0.30677292, 0.3934913 , 0.2997358 ],
       [0.01642797, 0.97234195, 0.01123009],
       [0.343931  , 0.30865058, 0.34741843]], dtype=float32), array([[0.39947578, 0.18197009, 0.41855413],
       [0.04663105, 0.9142853 , 0.03908361],
       [0.41218105, 0.15019517, 0.43762377]], dtype=float32)]","[array([nan, nan, nan], dtype=float32), array([nan, nan, nan], dtype=float32), array([nan, nan, nan], dtype=float32), array([nan, nan, nan], dtype=float32), array([nan, nan, nan], dtype=float32), array([nan, nan, nan], dtype=float32), array([nan, nan, nan], dtype=float32), array([nan, nan, nan], dtype=float32), array([nan, nan, nan], dtype=float32), array([nan, nan, nan], dtype=float32), array([nan, nan, nan], dtype=float32), array([nan, nan, nan], dtype=float32), array([nan, nan, nan], dtype=float32), array([nan, nan, nan], dtype=float32), array([nan, nan, nan], dtype=float32), array([nan, nan, nan], dtype=float32), array([nan, nan, nan], dtype=float32), array([nan, nan, nan], dtype=float32), array([nan, nan, nan], dtype=float32), array([nan, nan, nan], dtype=float32), array([nan, nan, nan], dtype=float32), array([nan, nan, nan], dtype=float32), array([nan, nan, nan], dtype=float32), array([nan, nan, nan], dtype=float32), array([nan, nan, nan], dtype=float32), array([nan, nan, nan], dtype=float32), array([nan, nan, nan], dtype=float32), array([nan, nan, nan], dtype=float32), array([nan, nan, nan], dtype=float32), array([nan, nan, nan], dtype=float32), array([nan, nan, nan], dtype=float32)]","[array([4.5403633, 4.5403633, 4.5403633], dtype=float32), array([4.5449114, 4.5449114, 4.5449114], dtype=float32), array([4.548478, 4.548478, 4.548478], dtype=float32), array([4.5520663, 4.5520663, 4.5520663], dtype=float32), array([4.556442, 4.556442, 4.556442], dtype=float32), array([4.5604253, 4.5604253, 4.5604253], dtype=float32), array([4.5655293, 4.5655293, 4.5655293], dtype=float32), array([4.571129, 4.571129, 4.571129], dtype=float32), array([4.578128, 4.578128, 4.578128], dtype=float32), array([4.585591, 4.585591, 4.585591], dtype=float32), array([4.589341, 4.589341, 4.589341], dtype=float32), array([4.59803, 4.59803, 4.59803], dtype=float32), array([4.608334, 4.608334, 4.608334], dtype=float32), array([4.6190715, 4.6190715, 4.6190715], dtype=float32), array([4.6286283, 4.6286283, 4.6286283], dtype=float32), array([4.639697, 4.639697, 4.639697], dtype=float32), array([4.6508183, 4.6508183, 4.6508183], dtype=float32), array([4.66095, 4.66095, 4.66095], dtype=float32), array([4.674237, 4.674237, 4.674237], dtype=float32), array([4.6895823, 4.6895823, 4.6895823], dtype=float32), array([4.7058635, 4.7058635, 4.7058635], dtype=float32), array([4.7194815, 4.7194815, 4.7194815], dtype=float32), array([4.7351985, 4.7351985, 4.7351985], dtype=float32), array([4.7495527, 4.7495527, 4.7495527], dtype=float32), array([4.763718, 4.763718, 4.763718], dtype=float32), array([4.7779236, 4.7779236, 4.7779236], dtype=float32), array([4.792927, 4.792927, 4.792927], dtype=float32), array([4.808906, 4.808906, 4.808906], dtype=float32), array([4.824172, 4.824172, 4.824172], dtype=float32), array([4.840805, 4.840805, 4.840805], dtype=float32), array([4.8566046, 4.8566046, 4.8566046], dtype=float32)]",1,0,0,0,0,0,54.61060606060606,53.09696969696971,0.000383907771599644,10.03,0.00016423998349041982,28000,2000,28000,10.03,2000,0.3438864105148058,30969,0.0,1.0,0.0013802934991,433566,14.0,0.0393447157605,999.0,0.0,23810,350.2266800109351,0.0013802934991,30969,0.26426053047180176,14.0,433566,0.4722185432910919,999.0,-0.12886285781860352,0.0014086846495047212,81158,0.3375731110572815,347.5481872558594,0.0,0.008787062019109726,1.0,-0.011281331069767475,350.22734153015625,867132,1302000,104968,0,93000,61938,1051.737492761307,6063470.0204055905,6337570.616535269,10.5,28100,100,1.0067001104206028,0.00013734280014214022,700,5.8001667497413905e-05,1.0067001104206028,0.18689639255437612,14.0,0.002278171970101539,2.0,0.000301111759273065,9.9,2,2,9.5,50,0.000480343942963021,1400,0.0002100890594482247,1400,100,9.9,100,9.9,3.0370771227149816e-05,5.126196123760956e-05,2.9826575500769817e-05,0.00016235031188006384,1.6970424145045276e-05,2.3226923612186994e-05,2.085209824395674e-05,7.682604680829434e-06,4.455028638723117e-05,6.904513298552573e-06,3.455414561290257e-05,0.05657262012282983,0.00674467632174385,0.04900392952321099,0.1828181797772698,0.0313174362364838,0.016411131081505437,0.00017319653485267647,108066,421.0,1512924,434.0,498.0,0.0,0.36132383,142.697265625,1.0,421.0,0.009760500863194466,108066,0.017060525715351105,0.2738042175769806,434.0,1512924,0.4722185730934143,498.0,-0.17265403270721436,651000,216132,3025848,9114000,11244.883571655866,2.1510640824977015e-05,2.8317841317850015e-05,6.45790942877396e-05,3.803407297051451e-05,3.758584441210487e-05,0.0001992332550927534,9.231638935660002e-06,5.6964748511923435e-05,8.611503672288497e-06,4.428864052190332e-05,2.5485184573562577e-05
1,30000,False,15,cb694_00000,2025-08-17_21-52-46,1755467566,92.51872730255127,1382.6344141960144,720237,intrinsic-attention2,10.156.0.3,1382.6344141960144,15,91.1737535837495,1.4486969351184617e-05,91.17349586134969,2.64487359213336,88.17391640997192,0.0020983797518646266,1.0067001111073661,30000,14.0,2.6139953483392397,2,0.0015535321505740286,2000,1.0067001111073661,9.5,2.0,9.898995477143265e-05,0.00029005900432821363,1000,15000,4.643452631035784e-05,10.03,10.5,2,639.2480361735255,2000.0,3000.0,"[array([[0.37857738, 0.2503131 , 0.37110943],
       [0.02050225, 0.95482963, 0.0246681 ],
       [0.35694584, 0.2896797 , 0.35337442]], dtype=float32), array([[0.41536406, 0.16114137, 0.4234946 ],
       [0.07066163, 0.86220455, 0.06713379],
       [0.41971725, 0.15173072, 0.428552  ]], dtype=float32), array([[0.44303125, 0.15363964, 0.4033291 ],
       [0.04369485, 0.89917445, 0.05713074],
       [0.41014907, 0.20427966, 0.38557124]], dtype=float32), array([[0.3644138 , 0.24028197, 0.3953042 ],
       [0.1267827 , 0.7844137 , 0.08880359],
       [0.38353872, 0.16329369, 0.45316756]], dtype=float32), array([[0.41447246, 0.1637403 , 0.42178723],
       [0.11390165, 0.7762408 , 0.10985755],
       [0.41786802, 0.15645927, 0.42567268]], dtype=float32), array([[0.36164075, 0.28430334, 0.3540559 ],
       [0.04518335, 0.89603144, 0.05878514],
       [0.3280216 , 0.3426902 , 0.32928818]], dtype=float32), array([[0.35693416, 0.2831141 , 0.3599518 ],
       [0.09304602, 0.8209856 , 0.08596832],
       [0.36518058, 0.26537833, 0.3694411 ]], dtype=float32), array([[0.3819655 , 0.22928096, 0.3887536 ],
       [0.12275562, 0.76198536, 0.11525903],
       [0.38844386, 0.21510741, 0.3964488 ]], dtype=float32), array([[0.34543446, 0.30491805, 0.34964746],
       [0.12180959, 0.77644426, 0.10174619],
       [0.36235827, 0.26395366, 0.3736881 ]], dtype=float32), array([[0.36284786, 0.2712414 , 0.3659108 ],
       [0.13137905, 0.7436592 , 0.12496179],
       [0.36829484, 0.2596734 , 0.37203178]], dtype=float32), array([[0.38981378, 0.24621452, 0.36397168],
       [0.09239842, 0.7805398 , 0.12706181],
       [0.34252363, 0.31863034, 0.338846  ]], dtype=float32), array([[0.35246298, 0.2880309 , 0.35950613],
       [0.1939707 , 0.63329744, 0.1727319 ],
       [0.36401978, 0.25971332, 0.37626687]], dtype=float32), array([[0.36908865, 0.25972676, 0.37118462],
       [0.19771284, 0.6081218 , 0.19416535],
       [0.37130097, 0.25514653, 0.37355253]], dtype=float32), array([[0.37096515, 0.2564346 , 0.37260026],
       [0.21365893, 0.5751876 , 0.21115346],
       [0.37247267, 0.25334078, 0.37418658]], dtype=float32), array([[0.36311463, 0.23493002, 0.4019554 ],
       [0.2931679 , 0.4401973 , 0.26663485],
       [0.3716808 , 0.19757469, 0.4307445 ]], dtype=float32), array([[0.38676745, 0.22548375, 0.38774878],
       [0.25443268, 0.4919212 , 0.25364614],
       [0.38725376, 0.22449969, 0.38824657]], dtype=float32), array([[0.4401612 , 0.17786197, 0.38197678],
       [0.23952408, 0.49236524, 0.2681107 ],
       [0.41249403, 0.21499519, 0.3725108 ]], dtype=float32), array([[0.38832703, 0.22364481, 0.38802817],
       [0.26564547, 0.46849865, 0.26585585],
       [0.38819104, 0.2239159 , 0.3878931 ]], dtype=float32), array([[0.41059586, 0.18750875, 0.40189546],
       [0.29259276, 0.41206402, 0.29534316],
       [0.4080666 , 0.19217762, 0.3997558 ]], dtype=float32), array([[0.37697414, 0.247441  , 0.37558487],
       [0.2541288 , 0.49027368, 0.25559756],
       [0.37607843, 0.24919812, 0.37472352]], dtype=float32), array([[0.41608453, 0.19792485, 0.38599062],
       [0.2657138 , 0.45380592, 0.28048024],
       [0.40304267, 0.21815376, 0.37880355]], dtype=float32), array([[0.37734294, 0.24718802, 0.3754691 ],
       [0.26105475, 0.47603825, 0.26290703],
       [0.3761957 , 0.24942367, 0.37438062]], dtype=float32), array([[0.4197246 , 0.19633934, 0.38393605],
       [0.27279592, 0.43876818, 0.28843588],
       [0.4046755 , 0.21880981, 0.3765146 ]], dtype=float32), array([[0.45148337, 0.17422354, 0.374293  ],
       [0.2681905 , 0.43660745, 0.29520208],
       [0.41858965, 0.21446656, 0.36694375]], dtype=float32), array([[0.4151603 , 0.20139332, 0.38344634],
       [0.2809183 , 0.4250857 , 0.29399598],
       [0.40224513, 0.22110198, 0.37665296]], dtype=float32), array([[0.38654292, 0.24936014, 0.3640969 ],
       [0.24160998, 0.4921445 , 0.26624557],
       [0.36804944, 0.27776897, 0.35418156]], dtype=float32), array([[0.45472634, 0.17430617, 0.3709675 ],
       [0.27705845, 0.42025846, 0.302683  ],
       [0.4199363 , 0.21556434, 0.36449936]], dtype=float32), array([[0.427189  , 0.18174559, 0.39106545],
       [0.30651438, 0.3800785 , 0.3134072 ],
       [0.41646522, 0.19790252, 0.3856323 ]], dtype=float32), array([[0.4170018 , 0.19949768, 0.38350046],
       [0.28480843, 0.4177192 , 0.29747245],
       [0.40381452, 0.21940568, 0.3767798 ]], dtype=float32), array([[0.3997489 , 0.22598852, 0.37426263],
       [0.26733452, 0.44884214, 0.28382343],
       [0.38595036, 0.24741986, 0.36662975]], dtype=float32), array([[0.3689604 , 0.25843447, 0.37260514],
       [0.2844248 , 0.4344576 , 0.28111762],
       [0.37091964, 0.254274  , 0.3748064 ]], dtype=float32)]","[array([nan, nan, nan], dtype=float32), array([4.8904643, 4.8904643, 4.8904643], dtype=float32), array([4.908767, 4.908767, 4.908767], dtype=float32), array([nan, nan, nan], dtype=float32), array([4.9521565, 4.9521565, 4.9521565], dtype=float32), array([nan, nan, nan], dtype=float32), array([4.9968686, 4.9968686, 4.9968686], dtype=float32), array([nan, nan, nan], dtype=float32), array([5.0397773, 5.0397773, 5.0397773], dtype=float32), array([nan, nan, nan], dtype=float32), array([5.0914555, 5.0914555, 5.0914555], dtype=float32), array([nan, nan, nan], dtype=float32), array([nan, nan, nan], dtype=float32), array([5.1663046, 5.1663046, 5.1663046], dtype=float32), array([nan, nan, nan], dtype=float32), array([nan, nan, nan], dtype=float32), array([5.2420616, 5.2420616, 5.2420616], dtype=float32), array([5.2715726, 5.2715726, 5.2715726], dtype=float32), array([5.299095, 5.299095, 5.299095], dtype=float32), array([5.3236737, 5.3236737, 5.3236737], dtype=float32), array([nan, nan, nan], dtype=float32), array([5.370243, 5.370243, 5.370243], dtype=float32), array([nan, nan, nan], dtype=float32), array([5.41719, 5.41719, 5.41719], dtype=float32), array([5.437811, 5.437811, 5.437811], dtype=float32), array([5.4574685, 5.4574685, 5.4574685], dtype=float32), array([nan, nan, nan], dtype=float32), array([5.4907446, 5.4907446, 5.4907446], dtype=float32), array([nan, nan, nan], dtype=float32), array([nan, nan, nan], dtype=float32), array([5.535239, 5.535239, 5.535239], dtype=float32)]","[array([4.873298, 4.873298, 4.873298], dtype=float32), array([4.8904643, 4.8904643, 4.8904643], dtype=float32), array([4.908767, 4.908767, 4.908767], dtype=float32), array([4.9281693, 4.9281693, 4.9281693], dtype=float32), array([4.9521565, 4.9521565, 4.9521565], dtype=float32), array([4.9765315, 4.9765315, 4.9765315], dtype=float32), array([4.9968686, 4.9968686, 4.9968686], dtype=float32), array([5.0188546, 5.0188546, 5.0188546], dtype=float32), array([5.0397773, 5.0397773, 5.0397773], dtype=float32), array([5.0637136, 5.0637136, 5.0637136], dtype=float32), array([5.0914545, 5.0914545, 5.0914545], dtype=float32), array([5.115338, 5.115338, 5.115338], dtype=float32), array([5.1410146, 5.1410146, 5.1410146], dtype=float32), array([5.1663046, 5.1663046, 5.1663046], dtype=float32), array([5.191836, 5.191836, 5.191836], dtype=float32), array([5.21827, 5.21827, 5.21827], dtype=float32), array([5.2420626, 5.2420626, 5.2420626], dtype=float32), array([5.271573, 5.271573, 5.271573], dtype=float32), array([5.299095, 5.299095, 5.299095], dtype=float32), array([5.3236737, 5.3236737, 5.3236737], dtype=float32), array([5.347196, 5.347196, 5.347196], dtype=float32), array([5.370242, 5.370242, 5.370242], dtype=float32), array([5.394855, 5.394855, 5.394855], dtype=float32), array([5.41719, 5.41719, 5.41719], dtype=float32), array([5.4378123, 5.4378123, 5.4378123], dtype=float32), array([5.4574685, 5.4574685, 5.4574685], dtype=float32), array([5.4749, 5.4749, 5.4749], dtype=float32), array([5.490745, 5.490745, 5.490745], dtype=float32), array([5.5058813, 5.5058813, 5.5058813], dtype=float32), array([5.5213633, 5.5213633, 5.5213633], dtype=float32), array([5.5352397, 5.5352397, 5.5352397], dtype=float32)]",1,0,0,0,0,0,54.60227272727273,53.10000000000001,0.00036519326886818985,10.03,0.00016002870742526054,30000,2000,30000,10.03,2000,0.34359927815962515,30969,0.0,1.0,0.0013802934991,464535,15.0,0.0393447157605,999.0,0.0,23810,349.87412051214005,0.0013802934991,30969,0.28657910227775574,15.0,464535,0.4722185432910919,999.0,-0.06361973285675049,0.0007043423247523606,81158,0.3514905571937561,151.14608764648438,0.0,0.00599744264036417,1.0,0.0026707921642810106,349.8747538481278,929070,1395000,104968,0,93000,61938,1050.6784915230085,6050683.208885852,6325791.144871127,10.5,30100,100,1.0067001109552822,0.00015210710460677982,750,6.323171913168559e-05,1.0067001109552822,0.18689974119888134,15.0,0.002202269779809285,2.0,0.0002999997216238758,9.9,2,2,9.5,50,0.0005279577938151663,1500,0.00022809598700110136,1500,100,9.9,100,9.9,2.9437086045969194e-05,4.840533730333737e-05,2.8981738631539137e-05,0.0001519073739274337,1.6257233464210645e-05,2.2277912409956664e-05,2.0269344661762765e-05,7.524614398021266e-06,4.277023969452085e-05,6.757479569641603e-06,3.359617503304091e-05,0.05652649153156549,0.006741159118509492,0.048994032638066745,0.18261785634954486,0.031286293474045955,0.016412626950642002,0.00017312005955447487,108066,451.0,1620990,465.0,498.0,0.0,0.3485282,148.24839782714844,1.0,451.0,-0.0013824141351506114,108066,0.006876880303025246,0.2886536717414856,465.0,1620990,0.4722185730934143,498.0,-0.05205273628234863,651000,216132,3241980,9765000,11150.828997559362,2.3860480126714084e-05,3.109003598749601e-05,7.181100230441276e-05,4.219601136990127e-05,4.141891014623058e-05,0.00021787547923553079,9.873685402330554e-06,6.162549738701014e-05,9.343390830482584e-06,4.802674660212176e-05,2.7630593648761315e-05
1,32000,False,16,cb694_00000,2025-08-17_21-54-18,1755467658,91.74886584281921,1474.3832800388336,720237,intrinsic-attention2,10.156.0.3,1474.3832800388336,16,91.17766623992208,1.447829961792504e-05,91.17740720800626,2.6456464357119187,88.17738711977223,0.0020967232144341558,1.0067001111073661,32000,15.0,2.614768114745799,2,0.0015650953409203795,2000,1.0067001111073661,9.5,2.0,0.00010237788923438915,0.00029005900432821363,1000,16000,4.7039706836449175e-05,10.01,10.5,2,625.6242867225865,2000.0,3000.0,"[array([[0.36595806, 0.2638547 , 0.37018728],
       [0.2944976 , 0.4145199 , 0.2909825 ],
       [0.36810118, 0.25923622, 0.37266263]], dtype=float32), array([[0.42679033, 0.20347147, 0.36973816],
       [0.30848336, 0.37169114, 0.3198255 ],
       [0.40526184, 0.23122047, 0.36351767]], dtype=float32), array([[0.425372  , 0.20667477, 0.36795327],
       [0.3123217 , 0.36535886, 0.32231945],
       [0.40389225, 0.23412329, 0.3619844 ]], dtype=float32), array([[0.3649302 , 0.24720015, 0.3878696 ],
       [0.3329629 , 0.33427978, 0.33275726],
       [0.36899176, 0.23502351, 0.3959847 ]], dtype=float32), array([[0.38912782, 0.24579415, 0.36507806],
       [0.30038732, 0.38832176, 0.31129095],
       [0.37750867, 0.26338902, 0.35910228]], dtype=float32), array([[0.40417042, 0.22333676, 0.37249282],
       [0.31551656, 0.36284068, 0.3216427 ],
       [0.39281675, 0.24009539, 0.36708787]], dtype=float32), array([[0.38560724, 0.237974  , 0.37641874],
       [0.31704742, 0.3637219 , 0.31923062],
       [0.38252   , 0.2434965 , 0.37398353]], dtype=float32), array([[0.4239886 , 0.2094573 , 0.36655408],
       [0.31385168, 0.362771  , 0.32337734],
       [0.40238392, 0.23690991, 0.36070612]], dtype=float32), array([[0.4469526 , 0.19705871, 0.35598865],
       [0.3162555 , 0.35672784, 0.32701665],
       [0.41172937, 0.23566934, 0.3526013 ]], dtype=float32), array([[0.41566268, 0.20896667, 0.3753707 ],
       [0.33635244, 0.3284749 , 0.33517268],
       [0.40468055, 0.2244931 , 0.37082633]], dtype=float32), array([[0.38040125, 0.26235953, 0.35723922],
       [0.3222766 , 0.350793  , 0.32693034],
       [0.37085685, 0.2762934 , 0.35284972]], dtype=float32), array([[0.39525726, 0.26125732, 0.34348544],
       [0.31229854, 0.359986  , 0.32771543],
       [0.36703232, 0.29294854, 0.34001917]], dtype=float32), array([[0.35217825, 0.27959314, 0.36822864],
       [0.34240347, 0.3081535 , 0.349443  ],
       [0.35393494, 0.27426508, 0.37179992]], dtype=float32), array([[0.3729265 , 0.27760977, 0.34946373],
       [0.3366844 , 0.32845944, 0.33485615],
       [0.36502713, 0.28839853, 0.3465743 ]], dtype=float32), array([[0.38253462, 0.27548584, 0.34197944],
       [0.32500535, 0.34371844, 0.33127618],
       [0.3628404 , 0.29793024, 0.3392293 ]], dtype=float32), array([[0.38385805, 0.2627022 , 0.3534397 ],
       [0.34479794, 0.3167209 , 0.33848113],
       [0.37546778, 0.27396235, 0.35056987]], dtype=float32), array([[0.4407627 , 0.22660404, 0.33263323],
       [0.35142726, 0.3136523 , 0.33492038],
       [0.40286392, 0.26155707, 0.33557904]], dtype=float32), array([[0.35430402, 0.29792944, 0.34776658],
       [0.32939065, 0.3400857 , 0.33052367],
       [0.35167694, 0.30231574, 0.3460072 ]], dtype=float32), array([[0.37183195, 0.27510256, 0.35306546],
       [0.34568864, 0.3142433 , 0.340068  ],
       [0.36739877, 0.2816163 , 0.35098493]], dtype=float32), array([[0.43424547, 0.2454096 , 0.3203449 ],
       [0.3660452 , 0.30299738, 0.3309574 ],
       [0.3976375 , 0.27542186, 0.32694066]], dtype=float32), array([[0.3616179 , 0.29369494, 0.3446872 ],
       [0.34252268, 0.3202272 , 0.3372501 ],
       [0.35723472, 0.2997007 , 0.34306452]], dtype=float32), array([[0.3397178 , 0.31459185, 0.34569034],
       [0.3353165 , 0.3275891 , 0.3370944 ],
       [0.34068635, 0.3116819 , 0.34763178]], dtype=float32), array([[0.3412596 , 0.31285778, 0.34588265],
       [0.33598244, 0.32655042, 0.3374672 ],
       [0.34205753, 0.31076515, 0.3471774 ]], dtype=float32), array([[0.3394852 , 0.31449458, 0.34602022],
       [0.33586445, 0.3256831 , 0.33845246],
       [0.3403626 , 0.31173614, 0.3479013 ]], dtype=float32), array([[0.3342211 , 0.31810617, 0.34767276],
       [0.33392394, 0.32406497, 0.34201106],
       [0.33440965, 0.31338114, 0.35220924]], dtype=float32), array([[0.44948658, 0.23725542, 0.31325802],
       [0.37317437, 0.29812184, 0.32870382],
       [0.40606487, 0.27089584, 0.32303932]], dtype=float32), array([[0.36459464, 0.29714453, 0.33826077],
       [0.3460582 , 0.3183193 , 0.33562255],
       [0.3577904 , 0.3048224 , 0.3373872 ]], dtype=float32), array([[0.36115414, 0.29940608, 0.33943978],
       [0.3520214 , 0.31033018, 0.3376484 ],
       [0.35813314, 0.30299678, 0.3388701 ]], dtype=float32), array([[0.3369204 , 0.31558764, 0.34749195],
       [0.33504748, 0.3251027 , 0.33984983],
       [0.33775446, 0.31114084, 0.35110465]], dtype=float32), array([[0.45050275, 0.22550078, 0.32399642],
       [0.36184737, 0.30473393, 0.33341864],
       [0.40806204, 0.26169682, 0.33024114]], dtype=float32), array([[0.36296287, 0.29098442, 0.34605262],
       [0.33804545, 0.32644704, 0.33550754],
       [0.35761943, 0.29845297, 0.3439276 ]], dtype=float32)]","[array([nan, nan, nan], dtype=float32), array([nan, nan, nan], dtype=float32), array([nan, nan, nan], dtype=float32), array([nan, nan, nan], dtype=float32), array([nan, nan, nan], dtype=float32), array([nan, nan, nan], dtype=float32), array([nan, nan, nan], dtype=float32), array([nan, nan, nan], dtype=float32), array([nan, nan, nan], dtype=float32), array([nan, nan, nan], dtype=float32), array([nan, nan, nan], dtype=float32), array([nan, nan, nan], dtype=float32), array([nan, nan, nan], dtype=float32), array([nan, nan, nan], dtype=float32), array([nan, nan, nan], dtype=float32), array([nan, nan, nan], dtype=float32), array([nan, nan, nan], dtype=float32), array([nan, nan, nan], dtype=float32), array([nan, nan, nan], dtype=float32), array([nan, nan, nan], dtype=float32), array([nan, nan, nan], dtype=float32), array([nan, nan, nan], dtype=float32), array([nan, nan, nan], dtype=float32), array([nan, nan, nan], dtype=float32), array([nan, nan, nan], dtype=float32), array([nan, nan, nan], dtype=float32), array([nan, nan, nan], dtype=float32), array([nan, nan, nan], dtype=float32), array([nan, nan, nan], dtype=float32), array([nan, nan, nan], dtype=float32), array([nan, nan, nan], dtype=float32)]","[array([5.5459113, 5.5459113, 5.5459113], dtype=float32), array([5.556597, 5.556597, 5.556597], dtype=float32), array([5.565625, 5.565625, 5.565625], dtype=float32), array([5.57347, 5.57347, 5.57347], dtype=float32), array([5.579665, 5.579665, 5.579665], dtype=float32), array([5.5861945, 5.5861945, 5.5861945], dtype=float32), array([5.5922923, 5.5922923, 5.5922923], dtype=float32), array([5.597664, 5.597664, 5.597664], dtype=float32), array([5.601519, 5.601519, 5.601519], dtype=float32), array([5.6052985, 5.6052985, 5.6052985], dtype=float32), array([5.6073127, 5.6073127, 5.6073127], dtype=float32), array([5.6088862, 5.6088862, 5.6088862], dtype=float32), array([5.610159, 5.610159, 5.610159], dtype=float32), array([5.612725, 5.612725, 5.612725], dtype=float32), array([5.6155667, 5.6155667, 5.6155667], dtype=float32), array([5.619502, 5.619502, 5.619502], dtype=float32), array([5.6233115, 5.6233115, 5.6233115], dtype=float32), array([5.626287, 5.626287, 5.626287], dtype=float32), array([5.6287313, 5.6287313, 5.6287313], dtype=float32), array([5.6290684, 5.6290684, 5.6290684], dtype=float32), array([5.6286087, 5.6286087, 5.6286087], dtype=float32), array([5.6285477, 5.6285477, 5.6285477], dtype=float32), array([5.6284, 5.6284, 5.6284], dtype=float32), array([5.6268167, 5.6268167, 5.6268167], dtype=float32), array([5.6237407, 5.6237407, 5.6237407], dtype=float32), array([5.6200895, 5.6200895, 5.6200895], dtype=float32), array([5.6163173, 5.6163173, 5.6163173], dtype=float32), array([5.612899, 5.612899, 5.612899], dtype=float32), array([5.608345, 5.608345, 5.608345], dtype=float32), array([5.6037984, 5.6037984, 5.6037984], dtype=float32), array([5.5983353, 5.5983353, 5.5983353], dtype=float32)]",1,0,0,0,0,0,55.83969465648855,52.50229007633588,0.00037630092293892807,10.01,0.00016363206802938687,32000,2000,32000,10.01,2000,0.34329609064802624,30969,0.0,1.0,0.0013802934991,495504,16.0,0.0393447157605,999.0,0.0,23810,349.6266913545917,0.0013802934991,30969,0.2820378541946411,16.0,495504,0.4722185432910919,999.0,-1.0,0.0003521711623761803,81158,0.34832581877708435,174.5176544189453,0.0,0.0021423373837023973,1.0,-0.0004932357696816325,349.6272972259631,991008,1488000,104968,0,93000,61938,1049.9351990285006,6057280.903518931,6334993.319758376,10.5,32100,100,1.0067001110736886,0.00013258845300201171,800,5.757599130687835e-05,1.0067001110736886,0.18669948633684744,16.0,0.0021726364005007783,2.0,0.0002989927243038113,9.9,2,2,9.5,50,0.0004683652798149393,1600,0.00020438498494969564,1600,100,9.9,100,9.9,3.0661583666818094e-05,4.960355238822195e-05,2.9935257260501056e-05,0.00015618036009350947,1.689332914525785e-05,2.2999384766122278e-05,2.0545815172351655e-05,7.840811732494174e-06,4.3956394584573834e-05,6.974836854165889e-06,3.413051988572782e-05,0.05648316249620118,0.006737111027263839,0.04896324198174564,0.18243482467617766,0.03125484573931195,0.01640109168106831,0.00017295023900860956,108066,481.0,1729056,496.0,498.0,0.0,0.3496405,149.83811950683594,1.0,481.0,0.0007421137415803969,108066,0.0004493957676459104,0.27565082907676697,496.0,1729056,0.4722185730934143,498.0,-0.13721466064453125,651000,216132,3458112,10416000,11065.275481917179,2.0996667225208803e-05,2.7782780492927367e-05,6.314086497099528e-05,3.784292770621412e-05,3.675898779309934e-05,0.00019358551493335225,8.98166615986563e-06,5.445578507907678e-05,8.463841302320491e-06,4.3774368110548247e-05,2.4884073445305306e-05
1,34000,False,17,cb694_00000,2025-08-17_21-55-50,1755467750,92.60500311851501,1566.9882831573486,720237,intrinsic-attention2,10.156.0.3,1566.9882831573486,17,91.18988228776284,1.4452786592783074e-05,91.18962240447611,2.6458394486348067,88.18966767491452,0.00209462523234219,1.0067001111073661,34000,16.0,2.614971195858313,2,0.0015723183302907273,2000,1.0067001111073661,9.5,2.0,0.00010017041641660761,0.00029005900432821363,1000,17000,4.635463232860812e-05,10.08,10.5,2,611.819288135643,2000.0,3000.0,"[array([[0.36191642, 0.293415  , 0.34466857],
       [0.3392849 , 0.32484657, 0.33586857],
       [0.35667342, 0.30057734, 0.3427492 ]], dtype=float32), array([[0.4324768 , 0.2421827 , 0.3253405 ],
       [0.36511075, 0.30216718, 0.33272213],
       [0.39921814, 0.27081472, 0.32996714]], dtype=float32), array([[0.4454716 , 0.23438036, 0.320148  ],
       [0.36717477, 0.30121142, 0.33161378],
       [0.40494004, 0.26774472, 0.3273152 ]], dtype=float32), array([[0.42699808, 0.24832384, 0.324678  ],
       [0.37025428, 0.2979783 , 0.3317675 ],
       [0.39816996, 0.2728775 , 0.3289526 ]], dtype=float32), array([[0.33102876, 0.325267  , 0.34370428],
       [0.33144003, 0.3266646 , 0.34189537],
       [0.3301325 , 0.32227868, 0.3475888 ]], dtype=float32), array([[0.34010768, 0.3192008 , 0.34069145],
       [0.33922175, 0.32105127, 0.33972695],
       [0.3401316 , 0.3191509 , 0.3407175 ]], dtype=float32), array([[0.36727   , 0.31009576, 0.3226343 ],
       [0.34903574, 0.32246354, 0.32850066],
       [0.3532722 , 0.31956634, 0.32716146]], dtype=float32), array([[0.3394741 , 0.32731998, 0.33320594],
       [0.3378024 , 0.32894975, 0.33324784],
       [0.33861926, 0.32815275, 0.33322805]], dtype=float32), array([[0.35025063, 0.32372624, 0.32602307],
       [0.34717104, 0.32546866, 0.32736027],
       [0.347447  , 0.3253124 , 0.3272406 ]], dtype=float32), array([[0.38346416, 0.32019404, 0.29634178],
       [0.37061074, 0.323811  , 0.30557823],
       [0.36514038, 0.32530043, 0.30955917]], dtype=float32), array([[0.32608816, 0.36195198, 0.31195986],
       [0.3248757 , 0.36643124, 0.308693  ],
       [0.32659492, 0.36005694, 0.31334817]], dtype=float32), array([[0.36127552, 0.35723805, 0.28148642],
       [0.3605345 , 0.35661584, 0.2828497 ],
       [0.34441152, 0.34291527, 0.31267318]], dtype=float32), array([[0.33682755, 0.40814137, 0.25503102],
       [0.33575243, 0.4281687 , 0.23607883],
       [0.33691335, 0.37911734, 0.28396934]], dtype=float32), array([[0.29284862, 0.42888153, 0.27826983],
       [0.24935794, 0.52493006, 0.22571194],
       [0.29837343, 0.4162581 , 0.2853685 ]], dtype=float32), array([[0.27875495, 0.45566347, 0.2655815 ],
       [0.2081194 , 0.60451424, 0.18736641],
       [0.28549355, 0.44098306, 0.27352342]], dtype=float32), array([[0.27653277, 0.47507998, 0.24838717],
       [0.19617566, 0.6490971 , 0.15472728],
       [0.29152545, 0.43978035, 0.2686942 ]], dtype=float32), array([[0.26985204, 0.50877917, 0.22136883],
       [0.18460304, 0.69328237, 0.12211458],
       [0.2943163 , 0.44746163, 0.25822213]], dtype=float32), array([[0.25755033, 0.5302369 , 0.21221268],
       [0.14806557, 0.75631547, 0.09561904],
       [0.28627288, 0.46192247, 0.25180462]], dtype=float32), array([[0.27882642, 0.5008874 , 0.22028613],
       [0.16885203, 0.7378549 , 0.09329308],
       [0.31559676, 0.3964867 , 0.28791648]], dtype=float32), array([[0.2181947 , 0.5710216 , 0.21078369],
       [0.0522588 , 0.900562  , 0.04717925],
       [0.22654626, 0.55406934, 0.21938442]], dtype=float32), array([[0.2661976 , 0.5752053 , 0.15859716],
       [0.16050224, 0.7842388 , 0.05525895],
       [0.32154226, 0.40150145, 0.27695635]], dtype=float32), array([[0.22325106, 0.58174026, 0.19500865],
       [0.05148325, 0.91422224, 0.03429447],
       [0.25675672, 0.5102173 , 0.23302604]], dtype=float32), array([[0.21843131, 0.5912856 , 0.190283  ],
       [0.04341901, 0.9281735 , 0.02840747],
       [0.25384334, 0.51607835, 0.23007825]], dtype=float32), array([[0.18832012, 0.628849  , 0.18283089],
       [0.01820647, 0.96527696, 0.01651653],
       [0.19635858, 0.6126888 , 0.19095257]], dtype=float32), array([[0.20683862, 0.56779927, 0.22536214],
       [0.00893316, 0.9777559 , 0.01331086],
       [0.17026806, 0.63921684, 0.19051512]], dtype=float32), array([[0.1914439 , 0.67738104, 0.13117507],
       [0.03882274, 0.9462444 , 0.0149328 ],
       [0.26311275, 0.5226112 , 0.21427609]], dtype=float32), array([[0.18322788, 0.6928876 , 0.12388449],
       [0.03140986, 0.9570968 , 0.0114933 ],
       [0.2592986 , 0.53067005, 0.2100313 ]], dtype=float32), array([[0.190728  , 0.6000483 , 0.20922373],
       [0.00409377, 0.9895298 , 0.00637649],
       [0.15161489, 0.6772915 , 0.17109366]], dtype=float32), array([[0.1873115 , 0.65376216, 0.1589263 ],
       [0.01402821, 0.97794276, 0.00802904],
       [0.23540723, 0.55424964, 0.21034312]], dtype=float32), array([[0.15237412, 0.6997088 , 0.14791708],
       [0.00456865, 0.99131715, 0.00411419],
       [0.16046119, 0.68354326, 0.15599555]], dtype=float32), array([[0.17821836, 0.6734875 , 0.1482941 ],
       [0.01051539, 0.9838702 , 0.00561433],
       [0.23204276, 0.5626604 , 0.20529678]], dtype=float32)]","[array([nan, nan, nan], dtype=float32), array([nan, nan, nan], dtype=float32), array([nan, nan, nan], dtype=float32), array([nan, nan, nan], dtype=float32), array([nan, nan, nan], dtype=float32), array([nan, nan, nan], dtype=float32), array([nan, nan, nan], dtype=float32), array([nan, nan, nan], dtype=float32), array([nan, nan, nan], dtype=float32), array([nan, nan, nan], dtype=float32), array([nan, nan, nan], dtype=float32), array([nan, nan, nan], dtype=float32), array([nan, nan, nan], dtype=float32), array([nan, nan, nan], dtype=float32), array([nan, nan, nan], dtype=float32), array([nan, nan, nan], dtype=float32), array([nan, nan, nan], dtype=float32), array([nan, nan, nan], dtype=float32), array([nan, nan, nan], dtype=float32), array([nan, nan, nan], dtype=float32), array([nan, nan, nan], dtype=float32), array([nan, nan, nan], dtype=float32), array([nan, nan, nan], dtype=float32), array([nan, nan, nan], dtype=float32), array([nan, nan, nan], dtype=float32), array([nan, nan, nan], dtype=float32), array([nan, nan, nan], dtype=float32), array([nan, nan, nan], dtype=float32), array([nan, nan, nan], dtype=float32), array([nan, nan, nan], dtype=float32), array([nan, nan, nan], dtype=float32)]","[array([5.593356, 5.593356, 5.593356], dtype=float32), array([5.5878215, 5.5878215, 5.5878215], dtype=float32), array([5.58428, 5.58428, 5.58428], dtype=float32), array([5.581474, 5.581474, 5.581474], dtype=float32), array([5.577813, 5.577813, 5.577813], dtype=float32), array([5.57445, 5.57445, 5.57445], dtype=float32), array([5.569532, 5.569532, 5.569532], dtype=float32), array([5.5640354, 5.5640354, 5.5640354], dtype=float32), array([5.556732, 5.556732, 5.556732], dtype=float32), array([5.55118, 5.55118, 5.55118], dtype=float32), array([5.5476456, 5.5476456, 5.5476456], dtype=float32), array([5.5460944, 5.5460944, 5.5460944], dtype=float32), array([5.544991, 5.544991, 5.544991], dtype=float32), array([5.542623, 5.542623, 5.542623], dtype=float32), array([5.5419154, 5.5419154, 5.5419154], dtype=float32), array([5.5409245, 5.5409245, 5.5409245], dtype=float32), array([5.5405736, 5.5405736, 5.5405736], dtype=float32), array([5.540466, 5.540466, 5.540466], dtype=float32), array([5.5433145, 5.5433145, 5.5433145], dtype=float32), array([5.5461955, 5.5461955, 5.5461955], dtype=float32), array([5.549273, 5.549273, 5.549273], dtype=float32), array([5.5513225, 5.5513225, 5.5513225], dtype=float32), array([5.554352, 5.554352, 5.554352], dtype=float32), array([5.5556617, 5.5556617, 5.5556617], dtype=float32), array([5.558141, 5.558141, 5.558141], dtype=float32), array([5.5605645, 5.5605645, 5.5605645], dtype=float32), array([5.5640545, 5.5640545, 5.5640545], dtype=float32), array([5.56692, 5.56692, 5.56692], dtype=float32), array([5.568827, 5.568827, 5.568827], dtype=float32), array([5.5697255, 5.5697255, 5.5697255], dtype=float32), array([5.571282, 5.571282, 5.571282], dtype=float32)]",1,0,0,0,0,0,54.29621212121212,52.01060606060606,0.0003672395074774271,10.08,0.0001612990595346483,34000,2000,34000,10.08,2000,0.34306244077143955,30969,0.0,1.0,0.0013802934991,526473,17.0,0.0393447157605,999.0,0.0,23810,349.35239739229246,0.0013802934991,30969,0.3000656068325043,17.0,526473,0.4722185432910919,999.0,-1.0,0.00017608558118809015,81158,0.35246333479881287,182.98240661621094,0.0,0.0017523153219372034,1.0,0.0036700479686260223,349.3529807205625,1052946,1581000,104968,0,93000,61938,1049.111263112721,6065685.785759883,6341921.51492082,10.5,34100,100,1.0067001110999096,0.00014813480611830843,850,6.21597576763662e-05,1.0067001110999096,0.18669587268361146,17.0,0.0021678515305393374,2.0,0.0002980555970339444,9.9,2,2,9.5,50,0.0005197620944590581,1700,0.00022675806975884776,1700,100,9.9,100,9.9,2.9340568266996868e-05,4.776984620490661e-05,2.9073221662876257e-05,0.00015482113872639352,1.624355993658569e-05,2.2253799917850164e-05,2.0351451302186206e-05,7.498330561348306e-06,4.422746460485324e-05,6.790538994825593e-06,3.34744506185171e-05,0.056441106111336126,0.0067339188170568,0.048947240551946325,0.18228150212932262,0.03123402904185375,0.016400459184368884,0.00017294822663501558,108066,511.0,1837122,527.0,498.0,0.0,0.35559303,148.85897827148438,1.0,511.0,0.0058902716264128685,108066,0.0057772379368543625,0.3115866184234619,527.0,1837122,0.4722185730934143,498.0,-0.052945613861083984,651000,216132,3674244,11067000,10983.584729892204,2.363425491338683e-05,3.1212923873413514e-05,7.025234971020732e-05,4.146232390865347e-05,4.12229059075476e-05,0.00021351851871655734,9.914747759193327e-06,6.041707781119264e-05,9.262212007351674e-06,4.768915237417434e-05,2.7445177855274327e-05
1,36000,False,18,cb694_00000,2025-08-17_21-57-23,1755467843,93.03310632705688,1660.0213894844055,720237,intrinsic-attention2,10.156.0.3,1660.0213894844055,18,91.20628433882524,1.4445278687530631e-05,91.20602310783127,2.6478358120084766,88.20437279654537,0.0020939249400592514,1.0067001111073661,36000,17.0,2.6169871032596634,2,0.0015551487107586582,2000,1.0067001111073661,9.5,2.0,9.910842933153076e-05,0.00029005900432821363,1000,18000,4.611482494728362e-05,9.97,10.5,2,597.8845841037927,2000.0,3000.0,"[array([[0.13925026, 0.72575736, 0.13499236],
       [0.00261076, 0.9950546 , 0.00233462],
       [0.14752455, 0.70924455, 0.14323099]], dtype=float32), array([[0.13164519, 0.74083585, 0.12751904],
       [0.00173505, 0.99672157, 0.00154331],
       [0.14009981, 0.7239781 , 0.1359221 ]], dtype=float32), array([[0.15313509, 0.77133465, 0.07553031],
       [0.01624795, 0.9810463 , 0.0027057 ],
       [0.2862496 , 0.4867971 , 0.22695328]], dtype=float32), array([[0.16137727, 0.728226  , 0.11039675],
       [0.00688486, 0.99114674, 0.0019684 ],
       [0.26750752, 0.50450283, 0.22798966]], dtype=float32), array([[1.33884713e-01, 7.18912542e-01, 1.47202671e-01],
       [1.71083782e-04, 9.99549806e-01, 2.79078260e-04],
       [9.90991071e-02, 7.89491594e-01, 1.11409254e-01]], dtype=float32), array([[1.20993964e-01, 7.78266430e-01, 1.00739576e-01],
       [5.86335838e-04, 9.99131739e-01, 2.81894754e-04],
       [1.78792641e-01, 6.64077044e-01, 1.57130361e-01]], dtype=float32), array([[6.1781727e-02, 8.9458829e-01, 4.3629967e-02],
       [2.0564032e-04, 9.9972612e-01, 6.8119109e-05],
       [1.1666789e-01, 7.9241085e-01, 9.0921223e-02]], dtype=float32), array([[7.1104884e-02, 8.8743114e-01, 4.1464008e-02],
       [3.4242097e-04, 9.9959534e-01, 6.2251762e-05],
       [1.7733707e-01, 6.9000763e-01, 1.3265541e-01]], dtype=float32), array([[9.77375060e-02, 7.96826005e-01, 1.05436504e-01],
       [1.28445472e-05, 9.99967813e-01, 1.92958396e-05],
       [7.43774772e-02, 8.44420314e-01, 8.12022090e-02]], dtype=float32), array([[8.5033067e-02, 8.2283229e-01, 9.2134610e-02],
       [5.0990498e-06, 9.9998701e-01, 7.8437452e-06],
       [6.3151293e-02, 8.6757064e-01, 6.9278061e-02]], dtype=float32), array([[5.3263683e-02, 9.1003942e-01, 3.6696874e-02],
       [1.8807879e-05, 9.9997663e-01, 4.5084098e-06],
       [1.2926792e-01, 7.6843208e-01, 1.0230007e-01]], dtype=float32), array([[8.0089293e-02, 8.4349197e-01, 7.6418638e-02],
       [1.8895461e-06, 9.9999666e-01, 1.4531281e-06],
       [9.5723830e-02, 8.1254619e-01, 9.1730021e-02]], dtype=float32), array([[6.0794681e-02, 9.0322614e-01, 3.5979129e-02],
       [2.8948185e-05, 9.9996722e-01, 3.7966072e-06],
       [1.9663030e-01, 6.4739710e-01, 1.5597257e-01]], dtype=float32), array([[9.3655169e-02, 8.3466882e-01, 7.1676001e-02],
       [2.9515471e-05, 9.9996221e-01, 8.2443785e-06],
       [1.9537249e-01, 6.3549423e-01, 1.6913322e-01]], dtype=float32), array([[6.6363312e-02, 8.9996511e-01, 3.3671565e-02],
       [1.4995076e-04, 9.9983490e-01, 1.5163884e-05],
       [2.2346987e-01, 6.0400891e-01, 1.7252126e-01]], dtype=float32), array([[5.5597257e-02, 8.7709355e-01, 6.7309119e-02],
       [1.3172271e-06, 9.9999535e-01, 3.3664073e-06],
       [2.8107593e-02, 9.3605548e-01, 3.5836950e-02]], dtype=float32), array([[1.15775280e-01, 7.92883039e-01, 9.13416818e-02],
       [1.03584585e-04, 9.99862909e-01, 3.34486904e-05],
       [2.13503957e-01, 5.98452687e-01, 1.88043281e-01]], dtype=float32), array([[7.49850273e-02, 8.70275915e-01, 5.47390506e-02],
       [7.99423360e-05, 9.99896169e-01, 2.38125704e-05],
       [1.52560309e-01, 7.22488880e-01, 1.24950856e-01]], dtype=float32), array([[9.6090272e-02, 8.4292418e-01, 6.0985498e-02],
       [2.8552819e-04, 9.9966276e-01, 5.1715571e-05],
       [2.3102017e-01, 5.7834107e-01, 1.9063878e-01]], dtype=float32), array([[1.2174224e-01, 7.6027048e-01, 1.1798731e-01],
       [3.6762936e-05, 9.9993241e-01, 3.0872056e-05],
       [1.3545235e-01, 7.3295093e-01, 1.3159673e-01]], dtype=float32), array([[6.4971440e-02, 8.9828467e-01, 3.6743931e-02],
       [2.4295150e-04, 9.9971706e-01, 3.9919269e-05],
       [1.7371891e-01, 6.9781184e-01, 1.2846921e-01]], dtype=float32), array([[1.0994015e-01, 7.6971102e-01, 1.2034887e-01],
       [2.1366664e-05, 9.9994349e-01, 3.5222602e-05],
       [7.8996100e-02, 8.3286732e-01, 8.8136517e-02]], dtype=float32), array([[1.2400324e-01, 7.4074262e-01, 1.3525419e-01],
       [4.7022284e-05, 9.9987662e-01, 7.6310796e-05],
       [9.0909958e-02, 8.0799872e-01, 1.0109138e-01]], dtype=float32), array([[1.1402493e-01, 8.2965666e-01, 5.6318447e-02],
       [3.2789090e-03, 9.9629128e-01, 4.2983866e-04],
       [2.6862895e-01, 5.1877224e-01, 2.1259883e-01]], dtype=float32), array([[7.0265077e-02, 8.6559504e-01, 6.4139873e-02],
       [2.0485920e-04, 9.9964464e-01, 1.5048288e-04],
       [8.4506817e-02, 8.3774191e-01, 7.7751279e-02]], dtype=float32), array([[1.3211064e-01, 7.6202774e-01, 1.0586157e-01],
       [1.6807492e-03, 9.9756950e-01, 7.4975990e-04],
       [1.9708411e-01, 6.3285375e-01, 1.7006214e-01]], dtype=float32), array([[1.3000925e-01, 7.4608457e-01, 1.2390612e-01],
       [1.0213667e-03, 9.9813360e-01, 8.4508565e-04],
       [1.4411521e-01, 7.1799952e-01, 1.3788529e-01]], dtype=float32), array([[0.15631917, 0.7144891 , 0.1291917 ],
       [0.00424779, 0.9936092 , 0.00214303],
       [0.21416134, 0.5975392 , 0.18829942]], dtype=float32), array([[0.15014802, 0.7514324 , 0.09841957],
       [0.01110095, 0.98547655, 0.0034225 ],
       [0.24080124, 0.56682694, 0.19237177]], dtype=float32), array([[0.11915155, 0.7701292 , 0.11071925],
       [0.0028716 , 0.9948467 , 0.00228159],
       [0.13402109, 0.740673  , 0.12530588]], dtype=float32), array([[0.14671807, 0.69307095, 0.160211  ],
       [0.00220001, 0.9946891 , 0.00311088],
       [0.12157807, 0.74370426, 0.13471767]], dtype=float32)]","[array([nan, nan, nan], dtype=float32), array([5.5773587, 5.5773587, 5.5773587], dtype=float32), array([nan, nan, nan], dtype=float32), array([nan, nan, nan], dtype=float32), array([nan, nan, nan], dtype=float32), array([5.6124916, 5.6124916, 5.6124916], dtype=float32), array([nan, nan, nan], dtype=float32), array([nan, nan, nan], dtype=float32), array([5.632506, 5.632506, 5.632506], dtype=float32), array([5.640183, 5.640183, 5.640183], dtype=float32), array([nan, nan, nan], dtype=float32), array([nan, nan, nan], dtype=float32), array([nan, nan, nan], dtype=float32), array([nan, nan, nan], dtype=float32), array([5.6703587, 5.6703587, 5.6703587], dtype=float32), array([nan, nan, nan], dtype=float32), array([5.679906, 5.679906, 5.679906], dtype=float32), array([nan, nan, nan], dtype=float32), array([nan, nan, nan], dtype=float32), array([nan, nan, nan], dtype=float32), array([5.6972604, 5.6972604, 5.6972604], dtype=float32), array([nan, nan, nan], dtype=float32), array([nan, nan, nan], dtype=float32), array([5.7092075, 5.7092075, 5.7092075], dtype=float32), array([5.7134333, 5.7134333, 5.7134333], dtype=float32), array([nan, nan, nan], dtype=float32), array([nan, nan, nan], dtype=float32), array([nan, nan, nan], dtype=float32), array([nan, nan, nan], dtype=float32), array([5.7405996, 5.7405996, 5.7405996], dtype=float32), array([nan, nan, nan], dtype=float32)]","[array([5.5713983, 5.5713983, 5.5713983], dtype=float32), array([5.5773597, 5.5773597, 5.5773597], dtype=float32), array([5.58563, 5.58563, 5.58563], dtype=float32), array([5.5930247, 5.5930247, 5.5930247], dtype=float32), array([5.6029816, 5.6029816, 5.6029816], dtype=float32), array([5.6124907, 5.6124907, 5.6124907], dtype=float32), array([5.6198783, 5.6198783, 5.6198783], dtype=float32), array([5.6268005, 5.6268005, 5.6268005], dtype=float32), array([5.632507, 5.632507, 5.632507], dtype=float32), array([5.640183, 5.640183, 5.640183], dtype=float32), array([5.6486025, 5.6486025, 5.6486025], dtype=float32), array([5.655434, 5.655434, 5.655434], dtype=float32), array([5.6592855, 5.6592855, 5.6592855], dtype=float32), array([5.6651363, 5.6651363, 5.6651363], dtype=float32), array([5.6703577, 5.6703577, 5.6703577], dtype=float32), array([5.675379, 5.675379, 5.675379], dtype=float32), array([5.679907, 5.679907, 5.679907], dtype=float32), array([5.6837916, 5.6837916, 5.6837916], dtype=float32), array([5.688281, 5.688281, 5.688281], dtype=float32), array([5.6924844, 5.6924844, 5.6924844], dtype=float32), array([5.6972604, 5.6972604, 5.6972604], dtype=float32), array([5.701783, 5.701783, 5.701783], dtype=float32), array([5.7052617, 5.7052617, 5.7052617], dtype=float32), array([5.7092066, 5.7092066, 5.7092066], dtype=float32), array([5.713433, 5.713433, 5.713433], dtype=float32), array([5.720014, 5.720014, 5.720014], dtype=float32), array([5.7258787, 5.7258787, 5.7258787], dtype=float32), array([5.7306895, 5.7306895, 5.7306895], dtype=float32), array([5.73514, 5.73514, 5.73514], dtype=float32), array([5.7406, 5.7406, 5.7406], dtype=float32), array([5.7453384, 5.7453384, 5.7453384], dtype=float32)]",1,0,0,0,0,0,54.11654135338346,50.0421052631579,0.00037041264059218106,9.97,0.0001603078439472503,36000,2000,36000,9.97,2000,0.34278683971384355,30969,0.0,1.0,0.0013802934991,557442,18.0,0.0393447157605,999.0,0.0,23810,349.0022119178477,0.0013802934991,30969,0.31985583901405334,18.0,557442,0.4722185432910919,999.0,-0.007710695266723633,8.804279059404507e-05,81158,0.3474302887916565,161.8616485595703,0.0,0.0035304189659655094,1.0,-0.0013356365961953998,349.002773162542,1114884,1674000,104968,0,93000,61938,1048.059431476241,6067065.6071573105,6342426.85207536,10.5,36100,100,1.0067001111057168,0.00015083523047875353,900,6.325440541290771e-05,1.0067001111057168,0.18665979934671148,18.0,0.0022731107404979412,2.0,0.0002971839810160548,9.9,2,2,9.5,50,0.0005259589479946272,1800,0.00023159468809385805,1800,100,9.9,100,9.9,2.9747170166021022e-05,4.849756538862145e-05,2.9143743476617858e-05,0.00015532930564401498,1.660561682754046e-05,2.245049562287647e-05,2.0378193435203616e-05,7.695030444717882e-06,4.30967884474078e-05,6.7644646195824206e-06,3.345074906678461e-05,0.05639727581028054,0.006727663738797694,0.04893384073652651,0.18211678001810402,0.031200166741503707,0.016386006312476175,0.0001728612544016452,108066,541.0,1945188,558.0,498.0,0.0,0.35095587,151.2958526611328,1.0,541.0,0.0014036936918273568,108066,0.004926489200443029,0.32184067368507385,558.0,1945188,0.4722185730934143,498.0,-0.15155386924743652,651000,216132,3890376,11718000,10904.20278243218,2.4018068140334212e-05,3.096576472118489e-05,7.163091415319344e-05,4.210273644568436e-05,4.1873628561354736e-05,0.0002152570095246598,9.931279179140064e-06,6.208376272100317e-05,9.322750691097878e-06,4.889791005352058e-05,2.7769393794876405e-05
1,38000,False,19,cb694_00000,2025-08-17_21-58-57,1755467937,93.52239084243774,1753.5437803268433,720237,intrinsic-attention2,10.156.0.3,1753.5437803268433,19,91.22741900675702,1.4436485984852623e-05,91.22715643376304,2.648512489458423,88.2251056401499,0.002094001000561964,1.0067001111073661,38000,18.0,2.6176715350969726,2,0.0015850271187082398,2000,1.0067001111073661,9.5,2.0,0.00010281473114539245,0.00029005900432821363,1000,19000,4.7685855484346274e-05,9.97,10.5,2,583.86758809035,2000.0,3000.0,"[array([[0.19090818, 0.6447975 , 0.16429435],
       [0.01345563, 0.9786145 , 0.00792985],
       [0.2372668 , 0.5487804 , 0.21395285]], dtype=float32), array([[0.17640583, 0.6454758 , 0.17811835],
       [0.00649831, 0.9867557 , 0.006746  ],
       [0.17325298, 0.651776  , 0.17497107]], dtype=float32), array([[0.16304655, 0.7004164 , 0.13653703],
       [0.01461299, 0.97662544, 0.00876156],
       [0.20210592, 0.62162316, 0.1762709 ]], dtype=float32), array([[0.19822617, 0.6640564 , 0.13771738],
       [0.04117377, 0.9427947 , 0.01603153],
       [0.26993382, 0.5067898 , 0.22327636]], dtype=float32), array([[0.2097092 , 0.6414203 , 0.14887041],
       [0.05302516, 0.92489785, 0.02207695],
       [0.2754905 , 0.49419475, 0.23031478]], dtype=float32), array([[0.20711337, 0.587573  , 0.20531368],
       [0.02329987, 0.95411295, 0.02258706],
       [0.20982945, 0.5821254 , 0.20804507]], dtype=float32), array([[0.2587389 , 0.5348266 , 0.20643452],
       [0.09928229, 0.84980035, 0.0509174 ],
       [0.30825204, 0.40957275, 0.28217518]], dtype=float32), array([[0.2401861 , 0.5787982 , 0.18101572],
       [0.09844494, 0.85238   , 0.04917502],
       [0.2892328 , 0.46196556, 0.24880162]], dtype=float32), array([[0.23666331, 0.5275188 , 0.23581794],
       [0.05263732, 0.8953871 , 0.05197557],
       [0.237794  , 0.52525187, 0.23695418]], dtype=float32), array([[0.20860936, 0.5824329 , 0.2089577 ],
       [0.04816722, 0.9034356 , 0.0483972 ],
       [0.20823322, 0.58318484, 0.20858198]], dtype=float32), array([[0.24424642, 0.5318769 , 0.22387663],
       [0.09266342, 0.83488   , 0.07245663],
       [0.26380143, 0.49005994, 0.24613869]], dtype=float32), array([[0.26671085, 0.48373726, 0.24955188],
       [0.11657112, 0.7892798 , 0.09414906],
       [0.28435418, 0.44517756, 0.27046826]], dtype=float32), array([[0.27071357, 0.47503528, 0.25425115],
       [0.12850878, 0.766193  , 0.10529821],
       [0.2869842 , 0.4393485 , 0.27366737]], dtype=float32), array([[0.2829748 , 0.41860217, 0.2984231 ],
       [0.08280213, 0.80445516, 0.11274273],
       [0.24989155, 0.47727388, 0.2728345 ]], dtype=float32), array([[0.2769963 , 0.46113965, 0.26186404],
       [0.14905514, 0.7257528 , 0.12519212],
       [0.290965  , 0.4303556 , 0.27867937]], dtype=float32), array([[0.27463463, 0.45084098, 0.27452433],
       [0.12911236, 0.7419581 , 0.12892951],
       [0.2747603 , 0.4505895 , 0.2746502 ]], dtype=float32), array([[0.2426543 , 0.508496  , 0.24884975],
       [0.10554481, 0.78145826, 0.11299692],
       [0.23726496, 0.5190553 , 0.24367975]], dtype=float32), array([[0.287996  , 0.42345646, 0.2885476 ],
       [0.15369876, 0.69145095, 0.15485026],
       [0.2873165 , 0.42480874, 0.28787473]], dtype=float32), array([[0.28903097, 0.4136626 , 0.29730645],
       [0.14235198, 0.69634175, 0.16130629],
       [0.2767684 , 0.43636125, 0.28687033]], dtype=float32), array([[0.2855096 , 0.45400378, 0.26048657],
       [0.19523522, 0.65089923, 0.15386558],
       [0.3018642 , 0.414638  , 0.28349784]], dtype=float32), array([[0.29043993, 0.4101391 , 0.29942095],
       [0.13709329, 0.7045094 , 0.15839727],
       [0.27593982, 0.4367117 , 0.28734845]], dtype=float32), array([[0.31584486, 0.37461945, 0.30953568],
       [0.21711676, 0.5899693 , 0.19291395],
       [0.32607302, 0.35064265, 0.3232843 ]], dtype=float32), array([[0.31302363, 0.3907223 , 0.29625407],
       [0.23855153, 0.5692357 , 0.19221285],
       [0.3281164 , 0.348684  , 0.3231996 ]], dtype=float32), array([[0.2964006 , 0.39746377, 0.30613557],
       [0.14657788, 0.67985624, 0.17356586],
       [0.2788711 , 0.42872936, 0.29239953]], dtype=float32), array([[0.2901047 , 0.46242115, 0.24747418],
       [0.2242862 , 0.61685103, 0.15886278],
       [0.30936906, 0.40945318, 0.28117776]], dtype=float32), array([[0.3160655 , 0.41472414, 0.2692103 ],
       [0.27664894, 0.53620696, 0.18714415],
       [0.33134052, 0.3452943 , 0.32336518]], dtype=float32), array([[0.28758168, 0.43188596, 0.28053236],
       [0.18133764, 0.65093124, 0.16773118],
       [0.29388726, 0.41849744, 0.28761533]], dtype=float32), array([[0.30003533, 0.39038482, 0.3095798 ],
       [0.1473997 , 0.67592305, 0.17667721],
       [0.28075236, 0.42435342, 0.29489428]], dtype=float32), array([[0.31208885, 0.36609894, 0.32181218],
       [0.13192862, 0.6869078 , 0.18116349],
       [0.27384564, 0.42779285, 0.29836148]], dtype=float32), array([[0.30148312, 0.3875463 , 0.3109706 ],
       [0.14924005, 0.6711033 , 0.17965664],
       [0.28156587, 0.42241782, 0.2960163 ]], dtype=float32), array([[0.31658027, 0.37827682, 0.30514282],
       [0.24208431, 0.5538931 , 0.20402262],
       [0.32940736, 0.34415302, 0.32643962]], dtype=float32)]","[array([nan, nan, nan], dtype=float32), array([nan, nan, nan], dtype=float32), array([nan, nan, nan], dtype=float32), array([nan, nan, nan], dtype=float32), array([nan, nan, nan], dtype=float32), array([nan, nan, nan], dtype=float32), array([nan, nan, nan], dtype=float32), array([nan, nan, nan], dtype=float32), array([nan, nan, nan], dtype=float32), array([nan, nan, nan], dtype=float32), array([nan, nan, nan], dtype=float32), array([nan, nan, nan], dtype=float32), array([nan, nan, nan], dtype=float32), array([nan, nan, nan], dtype=float32), array([nan, nan, nan], dtype=float32), array([nan, nan, nan], dtype=float32), array([nan, nan, nan], dtype=float32), array([nan, nan, nan], dtype=float32), array([nan, nan, nan], dtype=float32), array([nan, nan, nan], dtype=float32), array([nan, nan, nan], dtype=float32), array([nan, nan, nan], dtype=float32), array([nan, nan, nan], dtype=float32), array([nan, nan, nan], dtype=float32), array([nan, nan, nan], dtype=float32), array([nan, nan, nan], dtype=float32), array([nan, nan, nan], dtype=float32), array([nan, nan, nan], dtype=float32), array([nan, nan, nan], dtype=float32), array([nan, nan, nan], dtype=float32), array([nan, nan, nan], dtype=float32)]","[array([5.750137, 5.750137, 5.750137], dtype=float32), array([5.7556615, 5.7556615, 5.7556615], dtype=float32), array([5.760987, 5.760987, 5.760987], dtype=float32), array([5.7658973, 5.7658973, 5.7658973], dtype=float32), array([5.7696314, 5.7696314, 5.7696314], dtype=float32), array([5.7722316, 5.7722316, 5.7722316], dtype=float32), array([5.7771583, 5.7771583, 5.7771583], dtype=float32), array([5.7819185, 5.7819185, 5.7819185], dtype=float32), array([5.7873507, 5.7873507, 5.7873507], dtype=float32), array([5.7919307, 5.7919307, 5.7919307], dtype=float32), array([5.79674, 5.79674, 5.79674], dtype=float32), array([5.800034, 5.800034, 5.800034], dtype=float32), array([5.80217, 5.80217, 5.80217], dtype=float32), array([5.8041253, 5.8041253, 5.8041253], dtype=float32), array([5.804504, 5.804504, 5.804504], dtype=float32), array([5.805099, 5.805099, 5.805099], dtype=float32), array([5.805511, 5.805511, 5.805511], dtype=float32), array([5.8052435, 5.8052435, 5.8052435], dtype=float32), array([5.80507, 5.80507, 5.80507], dtype=float32), array([5.8034263, 5.8034263, 5.8034263], dtype=float32), array([5.8025904, 5.8025904, 5.8025904], dtype=float32), array([5.8046775, 5.8046775, 5.8046775], dtype=float32), array([5.806229, 5.806229, 5.806229], dtype=float32), array([5.8084645, 5.8084645, 5.8084645], dtype=float32), array([5.811562, 5.811562, 5.811562], dtype=float32), array([5.813753, 5.813753, 5.813753], dtype=float32), array([5.8153005, 5.8153005, 5.8153005], dtype=float32), array([5.817062, 5.817062, 5.817062], dtype=float32), array([5.819272, 5.819272, 5.819272], dtype=float32), array([5.821739, 5.821739, 5.821739], dtype=float32), array([5.8242717, 5.8242717, 5.8242717], dtype=float32)]",1,0,0,0,0,0,54.58257575757575,49.677272727272715,0.00037870517806790614,9.97,0.00016474354096490432,38000,2000,38000,9.97,2000,0.34253792199671745,30969,0.0,1.0,0.0013802934991,588411,19.0,0.0393447157605,999.0,0.0,23810,348.4554501184002,0.0013802934991,30969,0.3278345763683319,19.0,588411,0.4722185432910919,999.0,-0.8685181140899658,4.4021395297022536e-05,81158,0.34372901916503906,247.73101806640625,0.0,0.0035781345795840025,1.0,-0.005025662947446108,348.4559948481277,1176822,1767000,104968,0,93000,61938,1046.417308769232,6071411.975545406,6350739.641551656,10.5,38100,100,1.0067001111070022,0.00015425526199084076,950,6.46349761330187e-05,1.0067001111070022,0.18664238868317976,19.0,0.0022602551207819488,2.0,0.0002960711112689343,9.9,2,2,9.5,50,0.0005315786715208118,1900,0.00023442615460361505,1900,100,9.9,100,9.9,3.033344927467203e-05,4.949822434607829e-05,3.021234132952088e-05,0.00015865059616870187,1.6942220128073336e-05,2.346275750843964e-05,2.1285700327342762e-05,7.668292797057514e-06,4.446504426089243e-05,6.9555872679943545e-06,3.419839242779586e-05,0.05637645069216037,0.0067295578613714244,0.048927849139085364,0.18193425112785824,0.031160030134146862,0.016382600799410927,0.00017281182184386906,108066,571.0,2053254,589.0,498.0,0.0,0.347882,155.1161346435547,1.0,571.0,-0.0011988605838268995,108066,0.0020711570978164673,0.3317744731903076,589.0,2053254,0.4722185730934143,498.0,-0.21246790885925293,651000,216132,4106508,12369000,10826.979267611005,2.4142861929899463e-05,3.117792915451058e-05,7.211073352455907e-05,4.300604877438073e-05,4.27148166151164e-05,0.00021816745474856908,1.034155831119819e-05,6.28216576570526e-05,9.47106942834788e-06,4.945256403793339e-05,2.863146912291347e-05
1,40000,False,20,cb694_00000,2025-08-17_22-00-28,1755468028,91.09838080406189,1844.6421611309052,720237,intrinsic-attention2,10.156.0.3,1844.6421611309052,20,91.22396622751943,1.444278103238049e-05,91.22370212508552,2.6479953443238644,88.22149602549834,0.002091882510617809,1.0067001111073661,40000,19.0,2.6171650875259362,2,0.0015695780198439024,2000,1.0067001111073661,-9.5,2.0,0.00010286061372061006,0.00029005900432821363,1000,20000,4.716054856247381e-05,9.81,10.5,2,569.8110783302703,2000.0,3000.0,"[array([[0.29065588, 0.42412427, 0.28521988],
       [0.18587136, 0.63938314, 0.17474554],
       [0.2957355 , 0.41343802, 0.2908264 ]], dtype=float32), array([[0.29489768, 0.40549543, 0.2996069 ],
       [0.16726737, 0.65373   , 0.17900269],
       [0.28843558, 0.4177643 , 0.2938001 ]], dtype=float32), array([[0.313588  , 0.36348104, 0.32293096],
       [0.13270248, 0.6834648 , 0.1838327 ],
       [0.27385294, 0.42700514, 0.29914194]], dtype=float32), array([[0.28955364, 0.46094322, 0.24950315],
       [0.22005653, 0.62218076, 0.15776272],
       [0.3087926 , 0.408986  , 0.2822214 ]], dtype=float32), array([[0.28813118, 0.43022138, 0.2816475 ],
       [0.17462435, 0.6634964 , 0.16187927],
       [0.2944229 , 0.41691175, 0.28866532]], dtype=float32), array([[0.27334476, 0.42338553, 0.30326968],
       [0.07714679, 0.7888698 , 0.1339834 ],
       [0.21465528, 0.5204533 , 0.2648914 ]], dtype=float32), array([[0.28343797, 0.45296216, 0.2635999 ],
       [0.17842487, 0.6764044 , 0.14517076],
       [0.29872492, 0.41764945, 0.2836256 ]], dtype=float32), array([[0.2728786 , 0.4262011 , 0.30092034],
       [0.07061107, 0.80883145, 0.12055743],
       [0.21589388, 0.52206504, 0.26204112]], dtype=float32), array([[0.3068423 , 0.40707585, 0.28608185],
       [0.21190608, 0.6260858 , 0.16200821],
       [0.32602856, 0.354678  , 0.31929344]], dtype=float32), array([[0.27274913, 0.42717305, 0.3000778 ],
       [0.06769776, 0.81726825, 0.11503392],
       [0.21618043, 0.5229234 , 0.26089615]], dtype=float32), array([[0.2893611 , 0.41765994, 0.2929789 ],
       [0.12855625, 0.73506993, 0.1363738 ],
       [0.28357902, 0.428843  , 0.287578  ]], dtype=float32), array([[0.29477805, 0.40215093, 0.30307102],
       [0.11332383, 0.75247365, 0.13420251],
       [0.27680993, 0.43497646, 0.28821367]], dtype=float32), array([[0.27953652, 0.48283243, 0.23763105],
       [0.18223315, 0.695362  , 0.12240492],
       [0.30520284, 0.4165367 , 0.27826047]], dtype=float32), array([[0.29324523, 0.4050761 , 0.30167872],
       [0.10840517, 0.7629405 , 0.12865432],
       [0.27508086, 0.43835574, 0.28656343]], dtype=float32), array([[0.3075121 , 0.37493223, 0.31755567],
       [0.0895638 , 0.78314185, 0.12729435],
       [0.26556093, 0.4456292 , 0.28880984]], dtype=float32), array([[0.30203885, 0.41765857, 0.28030258],
       [0.19045912, 0.6668512 , 0.14268968],
       [0.32349113, 0.36111665, 0.31539223]], dtype=float32), array([[0.24663731, 0.50985354, 0.24350908],
       [0.09807828, 0.8074111 , 0.09451061],
       [0.24966598, 0.50372946, 0.24660459]], dtype=float32), array([[0.28800005, 0.42110994, 0.29089   ],
       [0.11339585, 0.76736474, 0.11923946],
       [0.28301623, 0.430825  , 0.28615883]], dtype=float32), array([[0.3124159 , 0.37651062, 0.31107345],
       [0.14487198, 0.7154982 , 0.13962987],
       [0.31615412, 0.3688137 , 0.31503215]], dtype=float32), array([[0.2877638 , 0.42180267, 0.29043356],
       [0.10974415, 0.77520615, 0.11504967],
       [0.28306672, 0.4309782 , 0.28595504]], dtype=float32), array([[0.28642756, 0.41887012, 0.29470232],
       [0.09290732, 0.7979408 , 0.10915184],
       [0.26961327, 0.4502132 , 0.28017348]], dtype=float32), array([[0.2791708 , 0.45242268, 0.26840648],
       [0.12855817, 0.7602079 , 0.11123398],
       [0.29170045, 0.42542818, 0.2828714 ]], dtype=float32), array([[0.27907428, 0.45276237, 0.26816332],
       [0.12804195, 0.7614134 , 0.11054465],
       [0.2917936 , 0.42533606, 0.28287032]], dtype=float32), array([[0.28787306, 0.4219019 , 0.290225  ],
       [0.1079329 , 0.77949476, 0.11257234],
       [0.28368053, 0.43011454, 0.286205  ]], dtype=float32), array([[0.30965936, 0.38197088, 0.30836973],
       [0.13510282, 0.7342666 , 0.13063067],
       [0.31307772, 0.37496552, 0.31195673]], dtype=float32), array([[0.2997575 , 0.38873842, 0.31150413],
       [0.07454156, 0.81920576, 0.10625272],
       [0.25854906, 0.45991567, 0.28153524]], dtype=float32), array([[0.27606896, 0.44548663, 0.27844444],
       [0.09840178, 0.79943544, 0.10216282],
       [0.2724654 , 0.45258212, 0.27495235]], dtype=float32), array([[0.27957702, 0.45248458, 0.26793846],
       [0.12644239, 0.7657083 , 0.10784926],
       [0.29336542, 0.42257333, 0.28406122]], dtype=float32), array([[0.27451363, 0.42974707, 0.29573932],
       [0.05638701, 0.85502106, 0.08859198],
       [0.22572841, 0.5153537 , 0.25891787]], dtype=float32), array([[0.2786001 , 0.455041  , 0.26635897],
       [0.12361109, 0.77186805, 0.1045208 ],
       [0.29313365, 0.4234422 , 0.28342417]], dtype=float32), array([[0.27443105, 0.4494031 , 0.2761658 ],
       [0.09441565, 0.8085424 , 0.09704199],
       [0.2718016 , 0.45460472, 0.27359363]], dtype=float32)]","[array([5.826212, 5.826212, 5.826212], dtype=float32), array([nan, nan, nan], dtype=float32), array([5.894929, 5.894929, 5.894929], dtype=float32), array([nan, nan, nan], dtype=float32), array([5.9629807, 5.9629807, 5.9629807], dtype=float32), array([5.9915714, 5.9915714, 5.9915714], dtype=float32), array([6.017121, 6.017121, 6.017121], dtype=float32), array([nan, nan, nan], dtype=float32), array([nan, nan, nan], dtype=float32), array([nan, nan, nan], dtype=float32), array([6.134716, 6.134716, 6.134716], dtype=float32), array([6.1610527, 6.1610527, 6.1610527], dtype=float32), array([6.186941, 6.186941, 6.186941], dtype=float32), array([6.211873, 6.211873, 6.211873], dtype=float32), array([nan, nan, nan], dtype=float32), array([6.2588577, 6.2588577, 6.2588577], dtype=float32), array([6.2796087, 6.2796087, 6.2796087], dtype=float32), array([nan, nan, nan], dtype=float32), array([6.317944, 6.317944, 6.317944], dtype=float32), array([nan, nan, nan], dtype=float32), array([nan, nan, nan], dtype=float32), array([6.360988, 6.360988, 6.360988], dtype=float32), array([6.37316, 6.37316, 6.37316], dtype=float32), array([nan, nan, nan], dtype=float32), array([6.3986197, 6.3986197, 6.3986197], dtype=float32), array([6.4114914, 6.4114914, 6.4114914], dtype=float32), array([nan, nan, nan], dtype=float32), array([6.435945, 6.435945, 6.435945], dtype=float32), array([6.4484434, 6.4484434, 6.4484434], dtype=float32), array([nan, nan, nan], dtype=float32), array([nan, nan, nan], dtype=float32)]","[array([5.826211, 5.826211, 5.826211], dtype=float32), array([5.858978, 5.858978, 5.858978], dtype=float32), array([5.8949285, 5.8949285, 5.8949285], dtype=float32), array([5.928777, 5.928777, 5.928777], dtype=float32), array([5.9629817, 5.9629817, 5.9629817], dtype=float32), array([5.99157, 5.99157, 5.99157], dtype=float32), array([6.017121, 6.017121, 6.017121], dtype=float32), array([6.047675, 6.047675, 6.047675], dtype=float32), array([6.079699, 6.079699, 6.079699], dtype=float32), array([6.108025, 6.108025, 6.108025], dtype=float32), array([6.1347165, 6.1347165, 6.1347165], dtype=float32), array([6.161053, 6.161053, 6.161053], dtype=float32), array([6.1869426, 6.1869426, 6.1869426], dtype=float32), array([6.2118735, 6.2118735, 6.2118735], dtype=float32), array([6.23657, 6.23657, 6.23657], dtype=float32), array([6.2588573, 6.2588573, 6.2588573], dtype=float32), array([6.279609, 6.279609, 6.279609], dtype=float32), array([6.298647, 6.298647, 6.298647], dtype=float32), array([6.317945, 6.317945, 6.317945], dtype=float32), array([6.335129, 6.335129, 6.335129], dtype=float32), array([6.350548, 6.350548, 6.350548], dtype=float32), array([6.3609867, 6.3609867, 6.3609867], dtype=float32), array([6.373161, 6.373161, 6.373161], dtype=float32), array([6.3847346, 6.3847346, 6.3847346], dtype=float32), array([6.3986197, 6.3986197, 6.3986197], dtype=float32), array([6.411492, 6.411492, 6.411492], dtype=float32), array([6.4246206, 6.4246206, 6.4246206], dtype=float32), array([6.4359446, 6.4359446, 6.4359446], dtype=float32), array([6.448442, 6.448442, 6.448442], dtype=float32), array([6.4579782, 6.4579782, 6.4579782], dtype=float32), array([6.4672527, 6.4672527, 6.4672527], dtype=float32)]",1,0,0,0,0,0,54.23664122137404,49.696946564885494,0.0003778503196079099,9.81,0.00016222469750775813,40000,2000,40000,9.81,2000,0.34321896205674707,30969,0.0,1.0,0.0013802934991,619380,20.0,0.0393447157605,999.0,0.0,23810,348.3337255821066,0.0013802934991,30969,0.34440141916275024,20.0,619380,0.4722185432910919,999.0,-0.09901630878448486,4.4021395297022536e-05,81158,0.351800799369812,151.34165954589844,0.0,0.007582047488540411,1.0,0.00306903850287199,348.3342513956965,1238760,1860000,104968,0,93000,61938,1046.0515695687814,6072588.837708474,6354681.88207713,10.5,40100,100,1.0067001111072869,0.00016853216750095431,1000,6.569473118568978e-05,1.0067001111072869,0.18675472286638378,20.0,0.0023595388207468203,2.0,0.00029491914020933805,9.9,2,2,9.5,50,0.0005591464920664281,2000,0.000248166591040406,2000,100,9.9,100,9.9,3.080879485273809e-05,4.984501872191562e-05,2.962120859016105e-05,0.00015821973700744124,1.6955949511053794e-05,2.3219461265324197e-05,2.05179001687583e-05,7.607483442233529e-06,4.336135497064868e-05,7.046149317908934e-06,3.3864615986339965e-05,0.05636658632531448,0.006727535892846917,0.048948616167753575,0.1823460119264755,0.03132661920284734,0.01646919178143713,0.0001731794435355766,108066,601.0,2161320,620.0,498.0,0.0,0.34496596,160.96722412109375,1.0,601.0,-0.004687923938035965,108066,0.005752825643867254,0.3441121578216553,620.0,2161320,0.4722185730934143,498.0,-0.1602928638458252,651000,216132,4322640,13020000,10757.136609160985,2.508672708753366e-05,3.224506776616591e-05,7.499954312366768e-05,4.539317641184924e-05,4.594678602834146e-05,0.00022662909175620764,1.0429635548537954e-05,6.735230402410793e-05,1.0051736360768153e-05,5.2258039344693804e-05,2.9524396324247194e-05
1,42000,False,21,cb694_00000,2025-08-17_22-02-00,1755468120,91.66387701034546,1936.3060381412506,720237,intrinsic-attention2,10.156.0.3,1936.3060381412506,21,91.22625814568431,1.4435823273470087e-05,91.22599261061465,2.649958307760638,88.22212258768334,0.0020950047555032846,1.0067001111073661,42000,20.0,2.6191451006006523,2,0.001567454139876645,2000,1.0067001111073661,-10.5,2.0,0.00010308028713269386,0.00029005900432821363,1000,21000,4.698563943940622e-05,9.83,10.5,2,555.7552526118833,2000.0,3000.0,"[array([[0.28970504, 0.43991116, 0.2703838 ],
       [0.1479787 , 0.73856384, 0.11345744],
       [0.3113749 , 0.3884201 , 0.300205  ]], dtype=float32), array([[0.2754416 , 0.44779804, 0.2767604 ],
       [0.09603234, 0.80590624, 0.09806143],
       [0.2734382 , 0.45177078, 0.274791  ]], dtype=float32), array([[0.27836156, 0.4564664 , 0.26517212],
       [0.12447457, 0.77145493, 0.10407051],
       [0.29376182, 0.42278862, 0.28344965]], dtype=float32), array([[0.2745696 , 0.4968197 , 0.22861072],
       [0.16071719, 0.7389602 , 0.10032257],
       [0.30612305, 0.4152738 , 0.2786031 ]], dtype=float32), array([[0.28241295, 0.42882103, 0.288766  ],
       [0.09066224, 0.80747616, 0.10186157],
       [0.27055597, 0.4514099 , 0.2780342 ]], dtype=float32), array([[0.26930594, 0.47656447, 0.25412956],
       [0.12027005, 0.7802746 , 0.09945524],
       [0.28513387, 0.4421661 , 0.27270007]], dtype=float32), array([[0.26082602, 0.48240617, 0.25676787],
       [0.09812126, 0.8088962 , 0.09298252],
       [0.26555002, 0.47277743, 0.2616726 ]], dtype=float32), array([[0.26070276, 0.4836622 , 0.25563508],
       [0.10005261, 0.8063116 , 0.09363583],
       [0.26647648, 0.47183946, 0.26168406]], dtype=float32), array([[0.2599512 , 0.48589623, 0.2541526 ],
       [0.10049833, 0.8062742 , 0.09322751],
       [0.26644924, 0.472551  , 0.26099983]], dtype=float32), array([[0.28201646, 0.42840353, 0.28958002],
       [0.09005589, 0.8064823 , 0.10346184],
       [0.26782593, 0.45520303, 0.27697098]], dtype=float32), array([[0.2752915 , 0.5018484 , 0.22286011],
       [0.17100506, 0.72618854, 0.10280649],
       [0.30743778, 0.41620663, 0.27635553]], dtype=float32), array([[0.26432556, 0.4673917 , 0.2682827 ],
       [0.09129041, 0.8120667 , 0.09664298],
       [0.25904092, 0.4777512 , 0.2632078 ]], dtype=float32), array([[0.25809488, 0.5131626 , 0.22874247],
       [0.13066733, 0.77372843, 0.09560425],
       [0.2810534 , 0.4613253 , 0.25762132]], dtype=float32), array([[0.29062942, 0.42339897, 0.2859716 ],
       [0.13108757, 0.7472648 , 0.12164764],
       [0.297584  , 0.40886372, 0.29355222]], dtype=float32), array([[0.28292882, 0.47224012, 0.2448311 ],
       [0.1744782 , 0.7080301 , 0.11749171],
       [0.3098184 , 0.40241066, 0.28777102]], dtype=float32), array([[0.2666267 , 0.4835268 , 0.24984644],
       [0.13006502, 0.762716  , 0.10721899],
       [0.28203723, 0.44995084, 0.26801187]], dtype=float32), array([[0.27984646, 0.43039072, 0.28976274],
       [0.09495331, 0.7923151 , 0.11273156],
       [0.26244122, 0.46279413, 0.27476472]], dtype=float32), array([[0.28964806, 0.42454576, 0.28580618],
       [0.13391483, 0.7399304 , 0.12615475],
       [0.2951865 , 0.4130706 , 0.2917429 ]], dtype=float32), array([[0.28783092, 0.42451885, 0.28765026],
       [0.12465831, 0.75104463, 0.12429713],
       [0.28810835, 0.42396304, 0.2879286 ]], dtype=float32), array([[0.29314563, 0.39833754, 0.3085168 ],
       [0.07882734, 0.8050613 , 0.11611137],
       [0.2490714 , 0.4736899 , 0.2772387 ]], dtype=float32), array([[0.29329023, 0.39779717, 0.3089127 ],
       [0.07966323, 0.8022897 , 0.11804705],
       [0.24847797, 0.47414488, 0.27737716]], dtype=float32), array([[0.26317784, 0.48792735, 0.24889483],
       [0.13038623, 0.75841117, 0.11120253],
       [0.2757441 , 0.4610293 , 0.26322657]], dtype=float32), array([[0.28220275, 0.44966477, 0.26813254],
       [0.1516925 , 0.72046334, 0.12784421],
       [0.2961996 , 0.41864005, 0.28516036]], dtype=float32), array([[0.28138274, 0.47601217, 0.24260521],
       [0.18263353, 0.6919308 , 0.12543568],
       [0.30610108, 0.41249943, 0.28139946]], dtype=float32), array([[0.28849804, 0.42310318, 0.28839877],
       [0.13430962, 0.73158526, 0.13410518],
       [0.28864187, 0.4228153 , 0.28854287]], dtype=float32), array([[0.2695982 , 0.460933  , 0.2694688 ],
       [0.12019365, 0.75981086, 0.11999546],
       [0.26974356, 0.46064207, 0.26961437]], dtype=float32), array([[0.26995403, 0.46022895, 0.26981702],
       [0.12183223, 0.7565471 , 0.12162069],
       [0.27010676, 0.45992324, 0.26996997]], dtype=float32), array([[0.27024567, 0.4554327 , 0.27432165],
       [0.11590055, 0.7617675 , 0.12233199],
       [0.26535326, 0.4649895 , 0.26965716]], dtype=float32), array([[0.2907621 , 0.41799867, 0.2912393 ],
       [0.1378815 , 0.72320074, 0.1389178 ],
       [0.2900488 , 0.41941875, 0.29053253]], dtype=float32), array([[0.30104995, 0.39042816, 0.30852196],
       [0.11861063, 0.74041796, 0.14097142],
       [0.28222325, 0.42447817, 0.29329857]], dtype=float32), array([[0.28177133, 0.47656578, 0.24166295],
       [0.1867182 , 0.68559974, 0.12768202],
       [0.3062923 , 0.41303983, 0.28066784]], dtype=float32)]","[array([nan, nan, nan], dtype=float32), array([nan, nan, nan], dtype=float32), array([6.4712563, 6.4712563, 6.4712563], dtype=float32), array([nan, nan, nan], dtype=float32), array([6.4725485, 6.4725485, 6.4725485], dtype=float32), array([nan, nan, nan], dtype=float32), array([6.474856, 6.474856, 6.474856], dtype=float32), array([nan, nan, nan], dtype=float32), array([nan, nan, nan], dtype=float32), array([nan, nan, nan], dtype=float32), array([6.4866233, 6.4866233, 6.4866233], dtype=float32), array([nan, nan, nan], dtype=float32), array([6.496978, 6.496978, 6.496978], dtype=float32), array([nan, nan, nan], dtype=float32), array([nan, nan, nan], dtype=float32), array([nan, nan, nan], dtype=float32), array([nan, nan, nan], dtype=float32), array([6.540731, 6.540731, 6.540731], dtype=float32), array([6.5480576, 6.5480576, 6.5480576], dtype=float32), array([nan, nan, nan], dtype=float32), array([nan, nan, nan], dtype=float32), array([nan, nan, nan], dtype=float32), array([6.5848336, 6.5848336, 6.5848336], dtype=float32), array([nan, nan, nan], dtype=float32), array([nan, nan, nan], dtype=float32), array([nan, nan, nan], dtype=float32), array([6.62771, 6.62771, 6.62771], dtype=float32), array([6.6377873, 6.6377873, 6.6377873], dtype=float32), array([nan, nan, nan], dtype=float32), array([nan, nan, nan], dtype=float32), array([nan, nan, nan], dtype=float32)]","[array([6.4729443, 6.4729443, 6.4729443], dtype=float32), array([6.4712296, 6.4712296, 6.4712296], dtype=float32), array([6.4712553, 6.4712553, 6.4712553], dtype=float32), array([6.470062, 6.470062, 6.470062], dtype=float32), array([6.472549, 6.472549, 6.472549], dtype=float32), array([6.4736004, 6.4736004, 6.4736004], dtype=float32), array([6.474855, 6.474855, 6.474855], dtype=float32), array([6.4784775, 6.4784775, 6.4784775], dtype=float32), array([6.480912, 6.480912, 6.480912], dtype=float32), array([6.485543, 6.485543, 6.485543], dtype=float32), array([6.486624, 6.486624, 6.486624], dtype=float32), array([6.487838, 6.487838, 6.487838], dtype=float32), array([6.496978, 6.496978, 6.496978], dtype=float32), array([6.509148, 6.509148, 6.509148], dtype=float32), array([6.519889, 6.519889, 6.519889], dtype=float32), array([6.5269785, 6.5269785, 6.5269785], dtype=float32), array([6.5330596, 6.5330596, 6.5330596], dtype=float32), array([6.540732, 6.540732, 6.540732], dtype=float32), array([6.5480576, 6.5480576, 6.5480576], dtype=float32), array([6.55628, 6.55628, 6.55628], dtype=float32), array([6.5648518, 6.5648518, 6.5648518], dtype=float32), array([6.5743465, 6.5743465, 6.5743465], dtype=float32), array([6.584833, 6.584833, 6.584833], dtype=float32), array([6.5972223, 6.5972223, 6.5972223], dtype=float32), array([6.609207, 6.609207, 6.609207], dtype=float32), array([6.6184244, 6.6184244, 6.6184244], dtype=float32), array([6.627709, 6.627709, 6.627709], dtype=float32), array([6.637788, 6.637788, 6.637788], dtype=float32), array([6.6478186, 6.6478186, 6.6478186], dtype=float32), array([6.6584086, 6.6584086, 6.6584086], dtype=float32), array([6.6686387, 6.6686387, 6.6686387], dtype=float32)]",1,0,0,0,0,0,54.26615384615385,49.699999999999996,0.0003723473019792067,9.83,0.00016218930283882238,42000,2000,42000,9.83,2000,0.34291976226622606,30969,0.0,1.0,0.0013802934991,650349,21.0,0.0393447157605,999.0,0.0,23810,348.2268582705889,0.0013802934991,30969,0.3229287564754486,21.0,650349,0.4722185432910919,999.0,-0.2659686803817749,4.4021395297022536e-05,81158,0.3430953919887543,185.389404296875,0.0,0.010990739800035954,1.0,-0.0056661199778318405,348.2273649558065,1300698,1953000,104968,0,93000,61938,1045.7304532548471,6084225.473945302,6363217.239525883,10.5,42100,100,1.0067001111073501,0.0001612380989618614,1050,6.599693425788293e-05,1.0067001111073501,0.1867940479277028,21.0,0.002401602330501191,2.0,0.00029409654881849655,9.9,2,2,9.5,50,0.0005485471805505119,2100,0.00023977745557656147,2100,100,9.9,100,9.9,2.970924944287664e-05,4.920656026008462e-05,2.8889932778406806e-05,0.00015724530168665816,1.6270734103883163e-05,2.2450210678046996e-05,2.0440966698960367e-05,7.538596937536603e-06,4.450016906833807e-05,6.820628370359148e-06,3.411563248919921e-05,0.05632701382206116,0.006725195093841579,0.04892015955613667,0.18215775564733447,0.03129247013075398,0.01646084325359464,0.00017305958919728461,108066,631.0,2269386,651.0,498.0,0.0,0.33891734,163.6505889892578,1.0,631.0,-0.01090217474848032,108066,0.0066659944131970406,0.33013108372688293,651.0,2269386,0.4722185730934143,498.0,-0.18124878406524658,651000,216132,4538772,13671000,10692.446772315758,2.510705657767989e-05,3.1819012281717535e-05,7.397510180932931e-05,4.4272833884979845e-05,4.432024426376478e-05,0.0002240194212460239,1.0449299763067875e-05,6.363463875392133e-05,9.732142394144554e-06,5.1090884337947395e-05,2.880349867729334e-05
1,44000,False,22,cb694_00000,2025-08-17_22-03-33,1755468213,93.10430765151978,2029.4103457927704,720237,intrinsic-attention2,10.156.0.3,2029.4103457927704,22,91.24310497604742,1.4410805006484918e-05,91.24283835395843,2.660230335763071,88.2269404837365,0.002091946527973649,1.0067001111073661,44000,21.0,2.629247485894674,2,0.002262906259420561,2000,1.0067001111073661,9.5,2.0,0.00015421846844548013,0.00029005900432821363,1000,22000,6.44274508749208e-05,10.04,10.5,2,541.7345146913162,2000.0,3000.0,"[array([[0.27087727, 0.45838615, 0.27073658],
       [0.12159751, 0.7570244 , 0.12137812],
       [0.27103692, 0.45806667, 0.2708965 ]], dtype=float32), array([[0.27075785, 0.45859557, 0.27064657],
       [0.12048694, 0.75919896, 0.12031404],
       [0.27088502, 0.45834097, 0.27077395]], dtype=float32), array([[0.28561658, 0.49642867, 0.2179548 ],
       [0.21222712, 0.6665121 , 0.12126084],
       [0.31441513, 0.40917927, 0.27640557]], dtype=float32), array([[0.27810496, 0.4292363 , 0.29265875],
       [0.09468195, 0.7839344 , 0.12138366],
       [0.25269508, 0.4751435 , 0.2721614 ]], dtype=float32), array([[0.2866607 , 0.42722338, 0.28611594],
       [0.13292508, 0.7352293 , 0.1318456 ],
       [0.28742355, 0.4256906 , 0.2868859 ]], dtype=float32), array([[0.2807772 , 0.45347092, 0.26575193],
       [0.15225938, 0.72034746, 0.12739314],
       [0.29518846, 0.42143872, 0.28337276]], dtype=float32), array([[0.28001708, 0.45504475, 0.2649381 ],
       [0.15160948, 0.72148275, 0.12690781],
       [0.294363  , 0.4232089 , 0.2824281 ]], dtype=float32), array([[0.28469792, 0.43113905, 0.28416297],
       [0.13038406, 0.7402539 , 0.129362  ],
       [0.28543052, 0.42966753, 0.28490195]], dtype=float32), array([[0.28489152, 0.506589  , 0.20851953],
       [0.21385865, 0.67110234, 0.11503907],
       [0.31527936, 0.4120245 , 0.27269614]], dtype=float32), array([[0.28563187, 0.40801734, 0.30635077],
       [0.06828342, 0.82045513, 0.11126138],
       [0.23070839, 0.5006707 , 0.26862097]], dtype=float32), array([[0.25711426, 0.48642644, 0.25645936],
       [0.10585397, 0.7891393 , 0.10500675],
       [0.25779876, 0.48505348, 0.2571478 ]], dtype=float32), array([[0.28358743, 0.51148593, 0.20492667],
       [0.21089834, 0.6782794 , 0.11082234],
       [0.31517947, 0.41337776, 0.27144277]], dtype=float32), array([[0.28187862, 0.4134417 , 0.30467975],
       [0.06499503, 0.8260865 , 0.10891839],
       [0.2244385 , 0.5103747 , 0.26518673]], dtype=float32), array([[0.28059152, 0.41529647, 0.30411202],
       [0.06524825, 0.8249081 , 0.10984363],
       [0.222949  , 0.51254994, 0.26450107]], dtype=float32), array([[0.27854583, 0.4959692 , 0.2254849 ],
       [0.18681937, 0.6978982 , 0.11528242],
       [0.30755636, 0.41744873, 0.27499494]], dtype=float32), array([[0.2688725 , 0.4669269 , 0.26420057],
       [0.11895866, 0.7689283 , 0.11211299],
       [0.27400684, 0.45639035, 0.26960286]], dtype=float32), array([[0.2799228 , 0.4173082 , 0.30276895],
       [0.06214691, 0.8343313 , 0.10352176],
       [0.22354786, 0.5132491 , 0.2632031 ]], dtype=float32), array([[0.2712989 , 0.44681963, 0.28188148],
       [0.09060043, 0.80230284, 0.10709671],
       [0.2549012 , 0.47762114, 0.26747763]], dtype=float32), array([[0.2660329 , 0.44934896, 0.2846181 ],
       [0.07344017, 0.8262477 , 0.1003121 ],
       [0.234713  , 0.5061485 , 0.25913846]], dtype=float32), array([[0.24980359, 0.521339  , 0.22885741],
       [0.11914045, 0.7856788 , 0.09518071],
       [0.26658878, 0.485162  , 0.24824922]], dtype=float32), array([[0.25241056, 0.49664646, 0.25094295],
       [0.09908581, 0.8035992 , 0.09731492],
       [0.25393343, 0.49358305, 0.2524835 ]], dtype=float32), array([[0.25736892, 0.49476254, 0.24786848],
       [0.11020413, 0.79141194, 0.09838388],
       [0.26671833, 0.47528532, 0.25799638]], dtype=float32), array([[0.28352508, 0.4139845 , 0.30249044],
       [0.06375225, 0.8372117 , 0.09903601],
       [0.23453556, 0.4986304 , 0.266834  ]], dtype=float32), array([[0.26976004, 0.47736603, 0.25287402],
       [0.12486714, 0.7735681 , 0.10156476],
       [0.2866919 , 0.44020772, 0.27310038]], dtype=float32), array([[0.27317402, 0.5389406 , 0.18788536],
       [0.18855748, 0.721396  , 0.09004655],
       [0.31145892, 0.42665026, 0.26189077]], dtype=float32), array([[0.27428037, 0.45158687, 0.27413276],
       [0.09662227, 0.8069766 , 0.09640115],
       [0.27449733, 0.4511525 , 0.27435014]], dtype=float32), array([[0.25978562, 0.49041182, 0.24980257],
       [0.09538874, 0.8210817 , 0.08352961],
       [0.27127755, 0.46635985, 0.26236257]], dtype=float32), array([[0.26410472, 0.55445266, 0.18144262],
       [0.16473189, 0.7592589 , 0.07600915],
       [0.30765912, 0.4337936 , 0.25854728]], dtype=float32), array([[0.26038745, 0.559813  , 0.17979948],
       [0.15391083, 0.7757137 , 0.07037543],
       [0.30613175, 0.43582767, 0.25804052]], dtype=float32), array([[0.24229956, 0.52446806, 0.23323229],
       [0.06825177, 0.8715645 , 0.0601837 ],
       [0.2531883 , 0.5020406 , 0.24477105]], dtype=float32), array([[0.22597301, 0.56893563, 0.20509134],
       [0.06706001, 0.8817754 , 0.05116463],
       [0.24747542, 0.5237863 , 0.2287383 ]], dtype=float32)]","[array([6.6797347, 6.6797347, 6.6797347], dtype=float32), array([nan, nan, nan], dtype=float32), array([nan, nan, nan], dtype=float32), array([6.719455, 6.719455, 6.719455], dtype=float32), array([nan, nan, nan], dtype=float32), array([nan, nan, nan], dtype=float32), array([nan, nan, nan], dtype=float32), array([nan, nan, nan], dtype=float32), array([6.827306, 6.827306, 6.827306], dtype=float32), array([6.8521795, 6.8521795, 6.8521795], dtype=float32), array([nan, nan, nan], dtype=float32), array([nan, nan, nan], dtype=float32), array([nan, nan, nan], dtype=float32), array([nan, nan, nan], dtype=float32), array([6.987345, 6.987345, 6.987345], dtype=float32), array([7.01445, 7.01445, 7.01445], dtype=float32), array([nan, nan, nan], dtype=float32), array([nan, nan, nan], dtype=float32), array([nan, nan, nan], dtype=float32), array([7.123911, 7.123911, 7.123911], dtype=float32), array([nan, nan, nan], dtype=float32), array([nan, nan, nan], dtype=float32), array([nan, nan, nan], dtype=float32), array([7.2233834, 7.2233834, 7.2233834], dtype=float32), array([nan, nan, nan], dtype=float32), array([nan, nan, nan], dtype=float32), array([7.289576, 7.289576, 7.289576], dtype=float32), array([nan, nan, nan], dtype=float32), array([7.335762, 7.335762, 7.335762], dtype=float32), array([nan, nan, nan], dtype=float32), array([nan, nan, nan], dtype=float32)]","[array([6.6797338, 6.6797338, 6.6797338], dtype=float32), array([6.6904287, 6.6904287, 6.6904287], dtype=float32), array([6.7054596, 6.7054596, 6.7054596], dtype=float32), array([6.719454, 6.719454, 6.719454], dtype=float32), array([6.737711, 6.737711, 6.737711], dtype=float32), array([6.754264, 6.754264, 6.754264], dtype=float32), array([6.7757587, 6.7757587, 6.7757587], dtype=float32), array([6.79959, 6.79959, 6.79959], dtype=float32), array([6.827307, 6.827307, 6.827307], dtype=float32), array([6.8521795, 6.8521795, 6.8521795], dtype=float32), array([6.8782063, 6.8782063, 6.8782063], dtype=float32), array([6.9027925, 6.9027925, 6.9027925], dtype=float32), array([6.9314876, 6.9314876, 6.9314876], dtype=float32), array([6.9573207, 6.9573207, 6.9573207], dtype=float32), array([6.9873443, 6.9873443, 6.9873443], dtype=float32), array([7.01445, 7.01445, 7.01445], dtype=float32), array([7.042519, 7.042519, 7.042519], dtype=float32), array([7.0679326, 7.0679326, 7.0679326], dtype=float32), array([7.0973907, 7.0973907, 7.0973907], dtype=float32), array([7.1239095, 7.1239095, 7.1239095], dtype=float32), array([7.147636, 7.147636, 7.147636], dtype=float32), array([7.174246, 7.174246, 7.174246], dtype=float32), array([7.1982327, 7.1982327, 7.1982327], dtype=float32), array([7.223383, 7.223383, 7.223383], dtype=float32), array([7.246041, 7.246041, 7.246041], dtype=float32), array([7.2656617, 7.2656617, 7.2656617], dtype=float32), array([7.289575, 7.289575, 7.289575], dtype=float32), array([7.311495, 7.311495, 7.311495], dtype=float32), array([7.3357615, 7.3357615, 7.3357615], dtype=float32), array([7.3576493, 7.3576493, 7.3576493], dtype=float32), array([7.3772645, 7.3772645, 7.3772645], dtype=float32)]",1,0,0,0,0,0,54.27368421052631,49.14661654135338,0.0005325097455710236,10.04,0.00023205335899794316,44000,2000,44000,10.04,2000,0.3446827487536195,30969,0.0,1.0,0.0013802934991,681318,22.0,0.0393447157605,999.0,0.0,23810,348.0934798207282,0.0013802934991,30969,0.3291568160057068,22.0,681318,0.4722185432910919,999.0,-0.028035283088684082,4.4021395297022536e-05,81158,0.34153252840042114,174.84408569335938,0.0,0.018980134278535843,1.0,-0.007220786530524492,348.0939642738949,1362636,2046000,104968,0,93000,61938,1045.329721490945,6092635.782087536,6375276.262180542,10.5,44100,100,1.0067001111073648,0.00014491776414029465,1100,6.174585937826706e-05,1.0067001111073648,0.18668944458842643,22.0,0.0022505063704738857,2.0,0.0002930251333633184,9.9,2,2,9.5,50,0.0005151695259548561,2200,0.0002268554569038095,2200,100,9.9,100,9.9,4.2666550352958845e-05,7.321636668736167e-05,4.226982480805572e-05,0.0002175099891549721,2.4043046121213006e-05,3.1189512865072536e-05,2.7740589570469185e-05,1.0153174139952012e-05,6.265874726743105e-05,9.538237494892148e-06,4.841459583609007e-05,0.056644253893958336,0.006762563892819812,0.04926873109061778,0.18295095640095071,0.031451579099531224,0.016561119921099977,0.0001734200233425752,108066,661.0,2377452,682.0,498.0,0.0,0.32460052,174.54623413085938,1.0,661.0,-0.025622574612498283,108066,0.00924124289304018,0.3367776572704315,682.0,2377452,0.4722185730934143,498.0,-0.28217601776123047,651000,216132,4754904,14322000,10627.406644210765,2.402563984850495e-05,3.0437625156856695e-05,6.920657196533404e-05,4.3039123596878824e-05,4.148150341933873e-05,0.0002087170968092561,9.969973243993589e-06,5.774465750679252e-05,9.628469072923768e-06,4.829815194360387e-05,2.7704178057133343e-05
1,46000,False,23,cb694_00000,2025-08-17_22-05-05,1755468305,91.63695502281189,2121.0473008155823,720237,intrinsic-attention2,10.156.0.3,2121.0473008155823,23,91.24533282391694,1.4384927047595133e-05,91.24506563686897,2.662681294385447,88.2269592827892,0.002090327502583688,1.0067001111073661,46000,22.0,2.6316949726857173,2,0.001590036679262994,2000,1.0067001111073661,9.5,2.0,0.00010329287875115677,0.00029005900432821363,1000,23000,4.78439947501842e-05,10.08,10.5,2,527.7805802153367,2000.0,3000.0,"[array([[0.24200529, 0.54952985, 0.2084649 ],
       [0.08610594, 0.8572085 , 0.05668559],
       [0.27472687, 0.47675896, 0.24851419]], dtype=float32), array([[0.2521176 , 0.57212573, 0.17575662],
       [0.13004409, 0.8118948 , 0.05806118],
       [0.30288464, 0.44020224, 0.2569132 ]], dtype=float32), array([[0.26344383, 0.46331263, 0.27324352],
       [0.04480089, 0.9007986 , 0.05440055],
       [0.2435012 , 0.5013513 , 0.25514755]], dtype=float32), array([[0.26312968, 0.46266267, 0.27420768],
       [0.04180685, 0.90585005, 0.05234301],
       [0.23988485, 0.506756  , 0.25335914]], dtype=float32), array([[0.2172472 , 0.5854102 , 0.19734262],
       [0.05477528, 0.9034824 , 0.04174227],
       [0.23897073, 0.54022604, 0.22080329]], dtype=float32), array([[0.26680452, 0.44069022, 0.29250523],
       [0.02101452, 0.93684036, 0.04214517],
       [0.190615  , 0.5759504 , 0.23343466]], dtype=float32), array([[0.24846555, 0.5780368 , 0.17349762],
       [0.11868925, 0.82939935, 0.05191142],
       [0.30218792, 0.4403425 , 0.25746962]], dtype=float32), array([[0.26257265, 0.4601322 , 0.2772952 ],
       [0.03273782, 0.92196965, 0.04529256],
       [0.22831647, 0.52414894, 0.2475345 ]], dtype=float32), array([[0.22562054, 0.5962447 , 0.17813484],
       [0.0762056 , 0.8817794 , 0.04201501],
       [0.26976088, 0.49781966, 0.23241949]], dtype=float32), array([[0.2392519 , 0.50063497, 0.26011318],
       [0.02426155, 0.93903637, 0.03670211],
       [0.19840382, 0.57767206, 0.22392404]], dtype=float32), array([[0.26277348, 0.44742373, 0.28980273],
       [0.01714425, 0.9469945 , 0.03586124],
       [0.18281221, 0.5903761 , 0.2268117 ]], dtype=float32), array([[0.22812954, 0.5624009 , 0.20946956],
       [0.05191989, 0.9084725 , 0.03960765],
       [0.25109023, 0.5142806 , 0.23462915]], dtype=float32), array([[0.2697404 , 0.44603932, 0.2842203 ],
       [0.02930989, 0.92870903, 0.0419811 ],
       [0.23064567, 0.5184453 , 0.25090903]], dtype=float32), array([[0.2616883 , 0.45989087, 0.27842087],
       [0.02554775, 0.9364951 , 0.03795708],
       [0.21940286, 0.5384377 , 0.24215947]], dtype=float32), array([[0.26089537, 0.46135706, 0.27774757],
       [0.02394129, 0.940234  , 0.03582469],
       [0.21783221, 0.5414322 , 0.2407357 ]], dtype=float32), array([[0.22336946, 0.571115  , 0.2055156 ],
       [0.04408564, 0.92225444, 0.03365983],
       [0.24647704, 0.522962  , 0.23056099]], dtype=float32), array([[0.25132665, 0.46749726, 0.28117603],
       [0.01187535, 0.9618375 , 0.02628715],
       [0.16817693, 0.6189625 , 0.21286052]], dtype=float32), array([[0.22695597, 0.52378714, 0.24925692],
       [0.01746465, 0.955187  , 0.02734835],
       [0.18404573, 0.60562605, 0.21032827]], dtype=float32), array([[0.2554289 , 0.5038964 , 0.24067459],
       [0.05716572, 0.8979193 , 0.04491498],
       [0.27759647, 0.45664695, 0.26575652]], dtype=float32), array([[0.2569943 , 0.50029135, 0.2427144 ],
       [0.05960844, 0.89314014, 0.04725149],
       [0.27834415, 0.45479676, 0.2668591 ]], dtype=float32), array([[0.24774186, 0.5479015 , 0.20435667],
       [0.08492652, 0.86672974, 0.04834379],
       [0.29165295, 0.4451203 , 0.26322672]], dtype=float32), array([[0.23512426, 0.50620055, 0.2586752 ],
       [0.02131559, 0.94451267, 0.0341717 ],
       [0.18903168, 0.59302324, 0.21794505]], dtype=float32), array([[0.25120714, 0.5408723 , 0.20792061],
       [0.09252793, 0.8539841 , 0.05348805],
       [0.29342234, 0.44123945, 0.26533815]], dtype=float32), array([[0.26780513, 0.44588473, 0.28631017],
       [0.02966612, 0.9237776 , 0.04655629],
       [0.2189012 , 0.5349973 , 0.24610148]], dtype=float32), array([[0.24889927, 0.49289584, 0.2582049 ],
       [0.04092719, 0.910723  , 0.04834982],
       [0.23256917, 0.52447623, 0.24295463]], dtype=float32), array([[0.27006218, 0.4411178 , 0.2888201 ],
       [0.03248603, 0.916206  , 0.05130791],
       [0.22025065, 0.5312904 , 0.24845888]], dtype=float32), array([[0.26709035, 0.47727954, 0.25563017],
       [0.07857358, 0.8558228 , 0.06560361],
       [0.283616  , 0.4421226 , 0.2742614 ]], dtype=float32), array([[0.2171041 , 0.5813184 , 0.20157751],
       [0.05621068, 0.8981703 , 0.04561895],
       [0.23373277, 0.5470387 , 0.2192285 ]], dtype=float32), array([[0.24713288, 0.5261074 , 0.2267598 ],
       [0.07844783, 0.8618399 , 0.05971231],
       [0.27002966, 0.47687298, 0.2530973 ]], dtype=float32), array([[0.28164783, 0.42309514, 0.295257  ],
       [0.04562356, 0.8899891 , 0.06438731],
       [0.2434626 , 0.4923582 , 0.26417914]], dtype=float32), array([[0.27041072, 0.47009492, 0.25949436],
       [0.08710907, 0.8393127 , 0.07357826],
       [0.2857973 , 0.43732268, 0.27688006]], dtype=float32)]","[array([nan, nan, nan], dtype=float32), array([nan, nan, nan], dtype=float32), array([nan, nan, nan], dtype=float32), array([nan, nan, nan], dtype=float32), array([nan, nan, nan], dtype=float32), array([nan, nan, nan], dtype=float32), array([nan, nan, nan], dtype=float32), array([nan, nan, nan], dtype=float32), array([nan, nan, nan], dtype=float32), array([nan, nan, nan], dtype=float32), array([nan, nan, nan], dtype=float32), array([nan, nan, nan], dtype=float32), array([nan, nan, nan], dtype=float32), array([nan, nan, nan], dtype=float32), array([nan, nan, nan], dtype=float32), array([nan, nan, nan], dtype=float32), array([nan, nan, nan], dtype=float32), array([nan, nan, nan], dtype=float32), array([nan, nan, nan], dtype=float32), array([nan, nan, nan], dtype=float32), array([nan, nan, nan], dtype=float32), array([nan, nan, nan], dtype=float32), array([nan, nan, nan], dtype=float32), array([nan, nan, nan], dtype=float32), array([nan, nan, nan], dtype=float32), array([nan, nan, nan], dtype=float32), array([nan, nan, nan], dtype=float32), array([nan, nan, nan], dtype=float32), array([nan, nan, nan], dtype=float32), array([nan, nan, nan], dtype=float32), array([nan, nan, nan], dtype=float32)]","[array([7.398668, 7.398668, 7.398668], dtype=float32), array([7.41722, 7.41722, 7.41722], dtype=float32), array([7.433685, 7.433685, 7.433685], dtype=float32), array([7.4512806, 7.4512806, 7.4512806], dtype=float32), array([7.467546, 7.467546, 7.467546], dtype=float32), array([7.482369, 7.482369, 7.482369], dtype=float32), array([7.496766, 7.496766, 7.496766], dtype=float32), array([7.5104084, 7.5104084, 7.5104084], dtype=float32), array([7.5235143, 7.5235143, 7.5235143], dtype=float32), array([7.534827, 7.534827, 7.534827], dtype=float32), array([7.54396, 7.54396, 7.54396], dtype=float32), array([7.552878, 7.552878, 7.552878], dtype=float32), array([7.5612574, 7.5612574, 7.5612574], dtype=float32), array([7.57061, 7.57061, 7.57061], dtype=float32), array([7.5782146, 7.5782146, 7.5782146], dtype=float32), array([7.5843754, 7.5843754, 7.5843754], dtype=float32), array([7.591574, 7.591574, 7.591574], dtype=float32), array([7.60013, 7.60013, 7.60013], dtype=float32), array([7.606421, 7.606421, 7.606421], dtype=float32), array([7.61226, 7.61226, 7.61226], dtype=float32), array([7.617591, 7.617591, 7.617591], dtype=float32), array([7.6231766, 7.6231766, 7.6231766], dtype=float32), array([7.6305866, 7.6305866, 7.6305866], dtype=float32), array([7.6373124, 7.6373124, 7.6373124], dtype=float32), array([7.6436324, 7.6436324, 7.6436324], dtype=float32), array([7.6487412, 7.6487412, 7.6487412], dtype=float32), array([7.6550984, 7.6550984, 7.6550984], dtype=float32), array([7.6601124, 7.6601124, 7.6601124], dtype=float32), array([7.665312, 7.665312, 7.665312], dtype=float32), array([7.66884, 7.66884, 7.66884], dtype=float32), array([7.672419, 7.672419, 7.672419], dtype=float32)]",1,0,0,0,0,0,54.31374045801527,49.10076335877863,0.00038059053576738997,10.08,0.00016605014399689703,46000,2000,46000,10.08,2000,0.3444641953760894,30969,0.0,1.0,0.0013802934991,712287,23.0,0.0393447157605,999.0,0.0,23810,347.9214037545203,0.0013802934991,30969,0.33422449231147766,23.0,712287,0.4722185432910919,999.0,-0.6294078826904297,2.2010697648511268e-05,81158,0.34800347685813904,151.88526916503906,0.0,0.0008113366202451289,1.0,-0.0007420158945024014,347.9218690812761,1424574,2139000,104968,0,93000,61938,1044.8127983082907,6091620.077436787,6382139.483191062,10.5,46100,100,1.0067001111073661,0.00012531463521472786,1150,5.437504612594524e-05,1.0067001111073661,0.18637366952256154,23.0,0.0020230428600916638,2.0,0.0002922034621132715,9.9,2,2,9.5,50,0.0004449426101504457,2300,0.0001945808395114585,2300,100,9.9,100,9.9,3.036103007325475e-05,5.0872668643908054e-05,2.9763736907595318e-05,0.00016006122099494624,1.7050813395225233e-05,2.2785630931690627e-05,2.1417678124952847e-05,7.730918644259431e-06,4.4865371048555676e-05,7.003260747557912e-06,3.458373460715123e-05,0.05662526287512458,0.006761972493801458,0.049271009129646826,0.18278236581684676,0.03142967162855046,0.016548338931879472,0.00017333445309559767,108066,691.0,2485518,713.0,498.0,0.0,0.3510446,177.90704345703125,1.0,691.0,0.002045091474428773,108066,0.001597520662471652,0.33569082617759705,713.0,2485518,0.4722185730934143,498.0,-0.20891988277435303,651000,216132,4971036,14973000,10566.502317326458,1.9841813179168708e-05,2.6200671280255794e-05,5.973107716579551e-05,3.539156572848579e-05,3.505572769667432e-05,0.00018618861565366623,8.773979577371604e-06,5.195469389528412e-05,8.11370854928709e-06,4.1008439894929806e-05,2.4296198581004053e-05
1,48000,False,24,cb694_00000,2025-08-17_22-06-38,1755468398,93.14388489723206,2214.1911857128143,720237,intrinsic-attention2,10.156.0.3,2214.1911857128143,24,91.26241558603782,1.4379777756407686e-05,91.2621471327103,2.66585255457167,88.23890661268123,0.0020892432876655443,1.0067001111073661,48000,23.0,2.6348940264788263,2,0.00237069210052141,2000,1.0067001111073661,9.5,2.0,0.00016646997222890492,0.00029005900432821363,1000,24000,6.456206209801749e-05,10.11,10.5,2,513.9221874778557,2000.0,3000.0,"[array([[0.26254937, 0.5168375 , 0.22061317],
       [0.11942725, 0.8074878 , 0.07308492],
       [0.29893076, 0.42856592, 0.27250335]], dtype=float32), array([[0.27474844, 0.43219924, 0.29305232],
       [0.0411053 , 0.89515924, 0.06373543],
       [0.2266682 , 0.51833737, 0.25499448]], dtype=float32), array([[0.24220069, 0.5292538 , 0.22854544],
       [0.07502358, 0.86239165, 0.06258474],
       [0.2574604 , 0.49736178, 0.2451779 ]], dtype=float32), array([[0.24260646, 0.5279978 , 0.22939576],
       [0.07550543, 0.861127  , 0.06336749],
       [0.25737506, 0.4971661 , 0.24545892]], dtype=float32), array([[0.22777942, 0.55832213, 0.21389845],
       [0.06887602, 0.87348706, 0.05763689],
       [0.24207397, 0.52875906, 0.22916697]], dtype=float32), array([[0.2699095 , 0.45528585, 0.27480468],
       [0.06879653, 0.85617775, 0.07502566],
       [0.2612797 , 0.47207284, 0.26664743]], dtype=float32), array([[0.24124047, 0.55466974, 0.20408982],
       [0.10071747, 0.833401  , 0.06588145],
       [0.27258247, 0.48458442, 0.24283317]], dtype=float32), array([[0.27503967, 0.45955598, 0.26540443],
       [0.09848631, 0.8164851 , 0.08502863],
       [0.2884021 , 0.43113974, 0.28045815]], dtype=float32), array([[0.25717643, 0.5060913 , 0.23673224],
       [0.09978577, 0.82313514, 0.07707917],
       [0.27841017, 0.4597534 , 0.26183644]], dtype=float32), array([[0.26141596, 0.4661106 , 0.27247345],
       [0.06139835, 0.8643962 , 0.07420541],
       [0.2426654 , 0.50170857, 0.2556261 ]], dtype=float32), array([[0.27868623, 0.42432424, 0.2969895 ],
       [0.0498394 , 0.8732947 , 0.07686593],
       [0.2309201 , 0.508838  , 0.2602419 ]], dtype=float32), array([[0.26248437, 0.46359164, 0.27392396],
       [0.06353048, 0.8592347 , 0.07723481],
       [0.2431266 , 0.50022906, 0.2566443 ]], dtype=float32), array([[0.2793274 , 0.42291522, 0.29775736],
       [0.05158328, 0.8687235 , 0.07969316],
       [0.23131955, 0.50759244, 0.26108807]], dtype=float32), array([[0.24654432, 0.54372615, 0.2097296 ],
       [0.11309599, 0.8113136 , 0.07559038],
       [0.27575198, 0.47781354, 0.2464345 ]], dtype=float32), array([[0.28363776, 0.42014077, 0.2962215 ],
       [0.06655858, 0.8453039 , 0.08813755],
       [0.25314578, 0.47545108, 0.27140322]], dtype=float32), array([[0.27192903, 0.42767644, 0.3003946 ],
       [0.03532331, 0.89282244, 0.07185423],
       [0.19381805, 0.5613172 , 0.24486472]], dtype=float32), array([[0.24973749, 0.5134469 , 0.23681562],
       [0.09347446, 0.8269275 , 0.07959802],
       [0.26301435, 0.48559472, 0.251391  ]], dtype=float32), array([[0.22976603, 0.55615526, 0.21407866],
       [0.08326062, 0.84758484, 0.06915462],
       [0.24401581, 0.52652895, 0.22945525]], dtype=float32), array([[0.2584964 , 0.5353742 , 0.20612934],
       [0.14140846, 0.7752793 , 0.08331224],
       [0.29357225, 0.44922733, 0.25720042]], dtype=float32), array([[0.24869949, 0.5390252 , 0.21227531],
       [0.11751866, 0.80319154, 0.07928979],
       [0.27709424, 0.4747309 , 0.24817488]], dtype=float32), array([[0.28123188, 0.4482152 , 0.27055296],
       [0.11883201, 0.779523  , 0.10164493],
       [0.29511428, 0.41819295, 0.28669277]], dtype=float32), array([[0.26545334, 0.45739   , 0.27715665],
       [0.07049394, 0.8436773 , 0.08582877],
       [0.24593115, 0.49414682, 0.259922  ]], dtype=float32), array([[0.26607507, 0.45567462, 0.2782503 ],
       [0.07166304, 0.8403915 , 0.08794551],
       [0.24573062, 0.4938522 , 0.2604172 ]], dtype=float32), array([[0.281555  , 0.5111862 , 0.20725887],
       [0.19442102, 0.7052838 , 0.1002951 ],
       [0.31686044, 0.40315357, 0.279986  ]], dtype=float32), array([[0.2828218 , 0.5087773 , 0.20840086],
       [0.19804092, 0.6991892 , 0.10276993],
       [0.3173457 , 0.40204254, 0.28061175]], dtype=float32), array([[0.26803768, 0.4504201 , 0.28154218],
       [0.07562345, 0.82949966, 0.0948769 ],
       [0.24537788, 0.4925084 , 0.26211375]], dtype=float32), array([[0.2655188 , 0.52406836, 0.21041277],
       [0.16179511, 0.74211997, 0.09608491],
       [0.29817036, 0.44103205, 0.26079753]], dtype=float32), array([[0.25501046, 0.50185764, 0.24313183],
       [0.10914798, 0.79596215, 0.09488976],
       [0.26637298, 0.47800514, 0.25562185]], dtype=float32), array([[0.28498062, 0.4184067 , 0.29661268],
       [0.08641098, 0.8045674 , 0.10902158],
       [0.26030722, 0.46327478, 0.27641803]], dtype=float32), array([[0.25468424, 0.5239984 , 0.22131735],
       [0.13370313, 0.77123415, 0.09506279],
       [0.27878582, 0.46930388, 0.25191033]], dtype=float32), array([[0.29678506, 0.40406805, 0.29914683],
       [0.12019017, 0.75381535, 0.12599453],
       [0.2919759 , 0.41342795, 0.29459617]], dtype=float32)]","[array([nan, nan, nan], dtype=float32), array([nan, nan, nan], dtype=float32), array([7.694797, 7.694797, 7.694797], dtype=float32), array([nan, nan, nan], dtype=float32), array([7.7137856, 7.7137856, 7.7137856], dtype=float32), array([nan, nan, nan], dtype=float32), array([7.733782, 7.733782, 7.733782], dtype=float32), array([nan, nan, nan], dtype=float32), array([nan, nan, nan], dtype=float32), array([7.766998, 7.766998, 7.766998], dtype=float32), array([nan, nan, nan], dtype=float32), array([nan, nan, nan], dtype=float32), array([nan, nan, nan], dtype=float32), array([7.825723, 7.825723, 7.825723], dtype=float32), array([nan, nan, nan], dtype=float32), array([nan, nan, nan], dtype=float32), array([7.864155, 7.864155, 7.864155], dtype=float32), array([nan, nan, nan], dtype=float32), array([nan, nan, nan], dtype=float32), array([nan, nan, nan], dtype=float32), array([7.9134083, 7.9134083, 7.9134083], dtype=float32), array([7.927253, 7.927253, 7.927253], dtype=float32), array([nan, nan, nan], dtype=float32), array([nan, nan, nan], dtype=float32), array([nan, nan, nan], dtype=float32), array([7.9870777, 7.9870777, 7.9870777], dtype=float32), array([nan, nan, nan], dtype=float32), array([8.017458, 8.017458, 8.017458], dtype=float32), array([nan, nan, nan], dtype=float32), array([nan, nan, nan], dtype=float32), array([nan, nan, nan], dtype=float32)]","[array([7.677247, 7.677247, 7.677247], dtype=float32), array([7.6871123, 7.6871123, 7.6871123], dtype=float32), array([7.6947956, 7.6947956, 7.6947956], dtype=float32), array([7.703559, 7.703559, 7.703559], dtype=float32), array([7.7137847, 7.7137847, 7.7137847], dtype=float32), array([7.723539, 7.723539, 7.723539], dtype=float32), array([7.733781, 7.733781, 7.733781], dtype=float32), array([7.742403, 7.742403, 7.742403], dtype=float32), array([7.7539215, 7.7539215, 7.7539215], dtype=float32), array([7.7669973, 7.7669973, 7.7669973], dtype=float32), array([7.7813854, 7.7813854, 7.7813854], dtype=float32), array([7.796106, 7.796106, 7.796106], dtype=float32), array([7.811142, 7.811142, 7.811142], dtype=float32), array([7.8257227, 7.8257227, 7.8257227], dtype=float32), array([7.839266, 7.839266, 7.839266], dtype=float32), array([7.852089, 7.852089, 7.852089], dtype=float32), array([7.8641524, 7.8641524, 7.8641524], dtype=float32), array([7.875662, 7.875662, 7.875662], dtype=float32), array([7.8882604, 7.8882604, 7.8882604], dtype=float32), array([7.901161, 7.901161, 7.901161], dtype=float32), array([7.9134073, 7.9134073, 7.9134073], dtype=float32), array([7.927253, 7.927253, 7.927253], dtype=float32), array([7.943186, 7.943186, 7.943186], dtype=float32), array([7.958266, 7.958266, 7.958266], dtype=float32), array([7.9725714, 7.9725714, 7.9725714], dtype=float32), array([7.9870768, 7.9870768, 7.9870768], dtype=float32), array([8.003288, 8.003288, 8.003288], dtype=float32), array([8.017457, 8.017457, 8.017457], dtype=float32), array([8.030656, 8.030656, 8.030656], dtype=float32), array([8.044222, 8.044222, 8.044222], dtype=float32), array([8.057829, 8.057829, 8.057829], dtype=float32)]",1,0,0,0,0,0,54.40827067669172,49.106766917293236,0.000553101680581209,10.11,0.000243934804388761,48000,2000,48000,10.11,2000,0.3464525717423649,30969,0.0,1.0,0.0013802934991,743256,24.0,0.0393447157605,999.0,0.0,23810,347.6060803772662,0.0013802934991,30969,0.30398938059806824,24.0,743256,0.4722185432910919,999.0,-0.08194601535797119,2.2010697648511268e-05,81158,0.3516502380371094,189.34170532226562,0.0,0.008473199792206287,1.0,0.002862821565940976,347.6065283071604,1486512,2232000,104968,0,93000,61938,1043.8657133019556,6097305.193210929,6389028.764638735,10.5,48100,100,1.0067001111073661,0.0001380230448048327,1200,5.805227919196266e-05,1.0067001111073661,0.1862599458073824,24.0,0.0020273961400380357,2.0,0.0002912094974701599,9.9,2,2,9.5,50,0.0004815026826452107,2400,0.00020922632254379928,2400,100,9.9,100,9.9,4.48314188626834e-05,7.503145006328404e-05,4.473326893251993e-05,0.00022576703615419778,2.3980478989817418e-05,3.1776222352269486e-05,2.8697380848067753e-05,1.0240123694899914e-05,6.638729569007011e-05,9.885472020908348e-06,5.076011244210564e-05,0.056571985326283,0.006757735948813039,0.051500643858272355,0.18262627290862762,0.03141469920221876,0.016534561932585307,0.0001732445385697022,108066,721.0,2593584,744.0,498.0,0.0,0.33522364,183.18170166015625,1.0,721.0,-0.014169647358357906,108066,0.0038870240096002817,0.3162587583065033,744.0,2593584,0.4722185730934143,498.0,-0.26179563999176025,651000,216132,5187168,15624000,10508.548957078885,2.1969629623470517e-05,2.861469688530659e-05,6.460123627838533e-05,3.891782098501571e-05,3.808159935533333e-05,0.00019901618283488766,9.299505820153056e-06,5.5948853744440134e-05,8.525682675015519e-06,4.438966559981017e-05,2.5455129366221727e-05
1,50000,False,25,cb694_00000,2025-08-17_22-08-10,1755468490,92.33192253112793,2306.5231082439423,720237,intrinsic-attention2,10.156.0.3,2306.5231082439423,25,91.27159271124737,1.4365269962149688e-05,91.27132320189307,2.6670253578659193,88.2448525719745,0.0020878348347840186,1.0067001111073661,50000,24.0,2.63607471110405,2,0.001593990029214183,2000,1.0067001111073661,9.5,2.0,0.00010350897776738461,0.00029005900432821363,1000,25000,4.792369341402926e-05,10.14,10.5,2,500.1839528929078,2000.0,3000.0,"[array([[0.25601873, 0.46030715, 0.28367406],
       [0.05754996, 0.8502911 , 0.09215897],
       [0.20919593, 0.54359305, 0.24721096]], dtype=float32), array([[0.23940243, 0.51632047, 0.2442771 ],
       [0.08542932, 0.8239096 , 0.09066113],
       [0.23449272, 0.5259932 , 0.23951408]], dtype=float32), array([[0.2685292 , 0.49656248, 0.23490828],
       [0.15348272, 0.73743993, 0.10907725],
       [0.292609  , 0.43958005, 0.26781088]], dtype=float32), array([[0.29010066, 0.4947269 , 0.21517247],
       [0.21838436, 0.66447335, 0.11714226],
       [0.32025087, 0.39496732, 0.28478187]], dtype=float32), array([[0.2713574 , 0.42623702, 0.3024056 ],
       [0.04814209, 0.85583454, 0.09602335],
       [0.1963565 , 0.5520248 , 0.2516187 ]], dtype=float32), array([[0.2710276 , 0.42674744, 0.3022249 ],
       [0.04801322, 0.856127  , 0.0958598 ],
       [0.1960191 , 0.5526049 , 0.25137597]], dtype=float32), array([[0.27139544, 0.44040412, 0.28820044],
       [0.08057506, 0.81209415, 0.10733078],
       [0.24226229, 0.4931355 , 0.26460215]], dtype=float32), array([[0.25671044, 0.4947859 , 0.24850367],
       [0.11408164, 0.78220975, 0.10370865],
       [0.2644754 , 0.4787063 , 0.2568182 ]], dtype=float32), array([[0.2553087 , 0.460824  , 0.2838674 ],
       [0.05928617, 0.84518003, 0.09553379],
       [0.20814362, 0.54448545, 0.24737094]], dtype=float32), array([[0.25546584, 0.5181251 , 0.22640909],
       [0.135898  , 0.7628796 , 0.1012224 ],
       [0.27643472, 0.47119102, 0.25237432]], dtype=float32), array([[0.28978252, 0.4290304 , 0.28118706],
       [0.14648867, 0.7239253 , 0.1295861 ],
       [0.30057284, 0.40569243, 0.29373467]], dtype=float32), array([[0.25523776, 0.5185326 , 0.22622974],
       [0.13536516, 0.7638024 , 0.10083243],
       [0.2762194 , 0.47160003, 0.25218055]], dtype=float32), array([[0.2545826 , 0.4619971 , 0.2834203 ],
       [0.05822596, 0.8474698 , 0.09430422],
       [0.20699076, 0.54647934, 0.24652989]], dtype=float32), array([[0.26960805, 0.4969422 , 0.23344967],
       [0.15884103, 0.73025477, 0.11090425],
       [0.2943622 , 0.43750203, 0.26813576]], dtype=float32), array([[0.25491366, 0.46125567, 0.28383064],
       [0.05884975, 0.8457659 , 0.09538438],
       [0.20721859, 0.54581296, 0.24696846]], dtype=float32), array([[0.2703665 , 0.49587363, 0.23375982],
       [0.16105741, 0.72673595, 0.11220665],
       [0.29512072, 0.43615285, 0.26872644]], dtype=float32), array([[0.23691349, 0.5404978 , 0.22258863],
       [0.1066269 , 0.80183357, 0.09153952],
       [0.24810115, 0.5172037 , 0.2346951 ]], dtype=float32), array([[0.25661176, 0.49367055, 0.24971773],
       [0.11433684, 0.78010905, 0.10555411],
       [0.26313505, 0.48023695, 0.25662798]], dtype=float32), array([[0.2564482 , 0.4580719 , 0.28548   ],
       [0.06136607, 0.8391106 , 0.09952331],
       [0.20852062, 0.5426296 , 0.24884972]], dtype=float32), array([[0.2735737 , 0.490324  , 0.23610234],
       [0.16964674, 0.7122549 , 0.11809837],
       [0.29789802, 0.4306741 , 0.27142787]], dtype=float32), array([[0.25774226, 0.4903243 , 0.25193352],
       [0.11751357, 0.77256066, 0.1099258 ],
       [0.26318806, 0.4791542 , 0.2576577 ]], dtype=float32), array([[0.2920048 , 0.42380026, 0.284195  ],
       [0.15442258, 0.70734507, 0.13823232],
       [0.30174267, 0.40279156, 0.2954657 ]], dtype=float32), array([[0.2731523 , 0.43482038, 0.2920273 ],
       [0.08348254, 0.80097646, 0.11554094],
       [0.23979257, 0.49415407, 0.2660534 ]], dtype=float32), array([[0.24300647, 0.50841624, 0.24857734],
       [0.09498316, 0.8035975 , 0.10141939],
       [0.23763293, 0.5189661 , 0.243401  ]], dtype=float32), array([[0.3007274 , 0.39596236, 0.3033103 ],
       [0.13645881, 0.7198424 , 0.14369877],
       [0.29544935, 0.40616378, 0.29838684]], dtype=float32), array([[0.25791493, 0.51030415, 0.23178096],
       [0.14278175, 0.74702513, 0.11019316],
       [0.27628073, 0.46944413, 0.25427514]], dtype=float32), array([[0.2877056 , 0.40345275, 0.30884168],
       [0.07287564, 0.80648965, 0.12063459],
       [0.2305232 , 0.49849516, 0.27098158]], dtype=float32), array([[0.27625713, 0.41725135, 0.3064915 ],
       [0.05595783, 0.8335539 , 0.11048826],
       [0.2011735 , 0.540761  , 0.25806555]], dtype=float32), array([[0.2741847 , 0.43318117, 0.29263407],
       [0.08879469, 0.78999346, 0.12121189],
       [0.24236235, 0.48974273, 0.26789492]], dtype=float32), array([[0.27744123, 0.48107186, 0.24148682],
       [0.17927873, 0.6932488 , 0.1274724 ],
       [0.30008328, 0.42505562, 0.27486107]], dtype=float32), array([[0.26069978, 0.50564873, 0.23365141],
       [0.15121453, 0.73228836, 0.11649704],
       [0.27884632, 0.46490768, 0.25624603]], dtype=float32)]","[array([nan, nan, nan], dtype=float32), array([nan, nan, nan], dtype=float32), array([nan, nan, nan], dtype=float32), array([nan, nan, nan], dtype=float32), array([nan, nan, nan], dtype=float32), array([nan, nan, nan], dtype=float32), array([nan, nan, nan], dtype=float32), array([nan, nan, nan], dtype=float32), array([nan, nan, nan], dtype=float32), array([nan, nan, nan], dtype=float32), array([nan, nan, nan], dtype=float32), array([nan, nan, nan], dtype=float32), array([nan, nan, nan], dtype=float32), array([nan, nan, nan], dtype=float32), array([nan, nan, nan], dtype=float32), array([nan, nan, nan], dtype=float32), array([nan, nan, nan], dtype=float32), array([nan, nan, nan], dtype=float32), array([nan, nan, nan], dtype=float32), array([nan, nan, nan], dtype=float32), array([nan, nan, nan], dtype=float32), array([nan, nan, nan], dtype=float32), array([nan, nan, nan], dtype=float32), array([nan, nan, nan], dtype=float32), array([nan, nan, nan], dtype=float32), array([nan, nan, nan], dtype=float32), array([nan, nan, nan], dtype=float32), array([nan, nan, nan], dtype=float32), array([nan, nan, nan], dtype=float32), array([nan, nan, nan], dtype=float32), array([nan, nan, nan], dtype=float32)]","[array([8.068221, 8.068221, 8.068221], dtype=float32), array([8.077315, 8.077315, 8.077315], dtype=float32), array([8.0857525, 8.0857525, 8.0857525], dtype=float32), array([8.093279, 8.093279, 8.093279], dtype=float32), array([8.100023, 8.100023, 8.100023], dtype=float32), array([8.106348, 8.106348, 8.106348], dtype=float32), array([8.112006, 8.112006, 8.112006], dtype=float32), array([8.117294, 8.117294, 8.117294], dtype=float32), array([8.121544, 8.121544, 8.121544], dtype=float32), array([8.126023, 8.126023, 8.126023], dtype=float32), array([8.130373, 8.130373, 8.130373], dtype=float32), array([8.134185, 8.134185, 8.134185], dtype=float32), array([8.137545, 8.137545, 8.137545], dtype=float32), array([8.140807, 8.140807, 8.140807], dtype=float32), array([8.143699, 8.143699, 8.143699], dtype=float32), array([8.146299, 8.146299, 8.146299], dtype=float32), array([8.148454, 8.148454, 8.148454], dtype=float32), array([8.150246, 8.150246, 8.150246], dtype=float32), array([8.152376, 8.152376, 8.152376], dtype=float32), array([8.154779, 8.154779, 8.154779], dtype=float32), array([8.156565, 8.156565, 8.156565], dtype=float32), array([8.15847, 8.15847, 8.15847], dtype=float32), array([8.159721, 8.159721, 8.159721], dtype=float32), array([8.160865, 8.160865, 8.160865], dtype=float32), array([8.162505, 8.162505, 8.162505], dtype=float32), array([8.164169, 8.164169, 8.164169], dtype=float32), array([8.165827, 8.165827, 8.165827], dtype=float32), array([8.167174, 8.167174, 8.167174], dtype=float32), array([8.168473, 8.168473, 8.168473], dtype=float32), array([8.169685, 8.169685, 8.169685], dtype=float32), array([8.170722, 8.170722, 8.170722], dtype=float32)]",1,0,0,0,0,0,54.4,49.17651515151515,0.000380927554311249,10.14,0.0001641580299542407,50000,2000,50000,10.14,2000,0.3485356123550016,30969,0.0,1.0,0.0013802934991,774225,25.0,0.0393447157605,999.0,0.0,23810,347.41773452115325,0.0013802934991,30969,0.29735422134399414,25.0,774225,0.4722185432910919,999.0,-0.0685347318649292,1.1005348824255634e-05,81158,0.34564903378486633,210.1647186279297,0.0,0.0016693156212568283,1.0,-0.0031473315320909023,347.41816373637454,1548450,2325000,104968,0,93000,61938,1043.299937557569,6102561.826191902,6396333.004307203,10.5,50100,100,1.0067001111073661,0.0001149619005841321,1250,5.215144085719132e-05,1.0067001111073661,0.18575350427929435,25.0,0.0019095875303901267,2.0,0.00028985663249966274,9.9,2,2,9.5,50,0.00041252043012460416,2500,0.000178466101742732,2500,100,9.9,100,9.9,3.057508047210425e-05,4.9939018050936645e-05,3.019179683693572e-05,0.00016003890511136752,1.6967933164999932e-05,2.3121772178433497e-05,2.088807887191768e-05,7.637563231916628e-06,4.3627536908632714e-05,7.161414982633715e-06,3.4554554677890216e-05,0.056561935623081074,0.006757675199322165,0.05144861050972384,0.18244003504953513,0.03137280792005705,0.01890555805331074,0.00017324349315459998,108066,751.0,2701650,775.0,498.0,0.0,0.3457191,184.755615234375,1.0,751.0,-0.003284879494458437,108066,0.0013326347107067704,0.30171602964401245,775.0,2701650,0.4722185730934143,498.0,-0.3587455749511719,651000,216132,5403300,16275000,10453.16800206857,1.836075810044412e-05,2.4847828900043006e-05,5.451391789240837e-05,3.2536243510943345e-05,3.27250357860509e-05,0.00017350128344106652,8.267259699428074e-06,4.91716375875704e-05,7.308998054587112e-06,3.7414184300902316e-05,2.2277141240528232e-05
1,52000,False,26,cb694_00000,2025-08-17_22-09-41,1755468581,90.10211730003357,2396.625225543976,720237,intrinsic-attention2,10.156.0.3,2396.625225543976,26,91.25797496579497,1.4372967221724714e-05,91.25770390077412,2.6660774159672616,88.23246890427465,0.002086268206388562,1.0067001111073661,52000,25.0,2.6351508636730716,2,0.0015205439610872418,2000,1.0067001111073661,9.5,2.0,9.828781164114447e-05,0.00029005900432821363,1000,26000,4.54416989029753e-05,10.0,10.5,2,486.5889805039194,2000.0,3000.0,"[array([[0.30119953, 0.39500698, 0.30379346],
       [0.14433302, 0.7039165 , 0.15175049],
       [0.2961201 , 0.404817  , 0.29906294]], dtype=float32), array([[0.27927926, 0.4776787 , 0.24304205],
       [0.18548262, 0.6821263 , 0.1323911 ],
       [0.3013022 , 0.42268065, 0.27601713]], dtype=float32), array([[0.26441568, 0.4424943 , 0.29309002],
       [0.07376398, 0.80721444, 0.11902151],
       [0.21593955, 0.5260413 , 0.25801912]], dtype=float32), array([[0.28462884, 0.49233502, 0.22303616],
       [0.21393254, 0.6561458 , 0.12992163],
       [0.31072405, 0.41654783, 0.27272812]], dtype=float32), array([[0.26419434, 0.44284895, 0.2929567 ],
       [0.07397906, 0.8067066 , 0.11931435],
       [0.2158342 , 0.5262067 , 0.25795907]], dtype=float32), array([[0.24927412, 0.49609962, 0.2546262 ],
       [0.11045711, 0.7722523 , 0.11729052],
       [0.24440475, 0.50564384, 0.24995136]], dtype=float32), array([[0.25026476, 0.4941167 , 0.2556185 ],
       [0.11276803, 0.76752955, 0.11970237],
       [0.24542852, 0.50359213, 0.25097933]], dtype=float32), array([[0.25153708, 0.49156263, 0.2569003 ],
       [0.11619496, 0.7605286 , 0.12327644],
       [0.24675529, 0.50092596, 0.25231877]], dtype=float32), array([[0.28741398, 0.4243405 , 0.2882455 ],
       [0.1521886 , 0.69390106, 0.1539104 ],
       [0.2863885 , 0.42637658, 0.28723484]], dtype=float32), array([[0.28142622, 0.40772998, 0.3108438 ],
       [0.07271847, 0.7894393 , 0.1378422 ],
       [0.20994927, 0.5220141 , 0.26803657]], dtype=float32), array([[0.28166148, 0.4072597 , 0.31107882],
       [0.07371397, 0.7867853 , 0.1395008 ],
       [0.2103286 , 0.5211061 , 0.26856527]], dtype=float32), array([[0.28189018, 0.40680677, 0.3113031 ],
       [0.07460255, 0.78439903, 0.14099844],
       [0.21066064, 0.52029395, 0.2690454 ]], dtype=float32), array([[0.28024867, 0.41989926, 0.29985204],
       [0.11009274, 0.7385568 , 0.15135045],
       [0.24747   , 0.47641534, 0.2761146 ]], dtype=float32), array([[0.2679947 , 0.47095263, 0.2610527 ],
       [0.15472116, 0.7010665 , 0.14421241],
       [0.27340198, 0.45973086, 0.26686713]], dtype=float32), array([[0.3070016 , 0.46174383, 0.23125458],
       [0.2673653 , 0.5756279 , 0.1570068 ],
       [0.32595298, 0.38218975, 0.2918573 ]], dtype=float32), array([[0.2828976 , 0.40470392, 0.3123985 ],
       [0.07644608, 0.7781692 , 0.14538471],
       [0.2106383 , 0.5189545 , 0.27040714]], dtype=float32), array([[0.26914367, 0.4697494 , 0.26110697],
       [0.15952891, 0.69320196, 0.14726913],
       [0.27521098, 0.45707336, 0.2677156 ]], dtype=float32), array([[0.25677687, 0.48063543, 0.26258776],
       [0.13263689, 0.7264255 , 0.14093758],
       [0.25195524, 0.49003503, 0.2580097 ]], dtype=float32), array([[0.28438136, 0.40196586, 0.31365275],
       [0.08014684, 0.7678915 , 0.15196165],
       [0.21205907, 0.5152815 , 0.2726594 ]], dtype=float32), array([[0.28919342, 0.45801395, 0.2527926 ],
       [0.21902782, 0.6193824 , 0.16158988],
       [0.30719253, 0.41061988, 0.28218755]], dtype=float32), array([[0.28964758, 0.45696327, 0.25338915],
       [0.22066537, 0.61605006, 0.16328466],
       [0.30737948, 0.41018468, 0.28243583]], dtype=float32), array([[0.31042355, 0.45628577, 0.23329058],
       [0.27705395, 0.5581349 , 0.16481112],
       [0.32708943, 0.3805646 , 0.29234594]], dtype=float32), array([[0.30538222, 0.38645878, 0.30815902],
       [0.1787612 , 0.63356733, 0.18767145],
       [0.30055046, 0.3957042 , 0.30374527]], dtype=float32), array([[0.25907508, 0.49201572, 0.24890926],
       [0.1584677 , 0.69705796, 0.14447431],
       [0.26553047, 0.4785222 , 0.25594732]], dtype=float32), array([[0.27279633, 0.46547943, 0.2617242 ],
       [0.1742934 , 0.6686698 , 0.1570368 ],
       [0.2803853 , 0.44929585, 0.2703188 ]], dtype=float32), array([[0.2601609 , 0.4894102 , 0.25042894],
       [0.1609538 , 0.69164574, 0.14740048],
       [0.2662963 , 0.47659698, 0.2571068 ]], dtype=float32), array([[0.28749618, 0.396317  , 0.31618685],
       [0.08546221, 0.7517579 , 0.16277993],
       [0.21360345, 0.50995743, 0.27643907]], dtype=float32), array([[0.27649254, 0.47753772, 0.2459698 ],
       [0.19983415, 0.6446453 , 0.15552056],
       [0.29185396, 0.44097057, 0.2671755 ]], dtype=float32), array([[0.28349784, 0.41449088, 0.3020113 ],
       [0.1274903 , 0.7030866 , 0.16942303],
       [0.254511  , 0.46418774, 0.28130117]], dtype=float32), array([[0.29395625, 0.39153534, 0.3145084 ],
       [0.11574961, 0.70691615, 0.1773342 ],
       [0.24559832, 0.4684217 , 0.28598005]], dtype=float32), array([[0.2630481 , 0.46698543, 0.2699664 ],
       [0.1509761 , 0.6873345 , 0.16168942],
       [0.25767767, 0.47735754, 0.2649647 ]], dtype=float32)]","[array([nan, nan, nan], dtype=float32), array([8.174719, 8.174719, 8.174719], dtype=float32), array([8.179911, 8.179911, 8.179911], dtype=float32), array([nan, nan, nan], dtype=float32), array([8.191205, 8.191205, 8.191205], dtype=float32), array([8.202843, 8.202843, 8.202843], dtype=float32), array([nan, nan, nan], dtype=float32), array([8.224725, 8.224725, 8.224725], dtype=float32), array([8.23864, 8.23864, 8.23864], dtype=float32), array([8.249565, 8.249565, 8.249565], dtype=float32), array([8.262917, 8.262917, 8.262917], dtype=float32), array([nan, nan, nan], dtype=float32), array([nan, nan, nan], dtype=float32), array([8.30727, 8.30727, 8.30727], dtype=float32), array([8.325978, 8.325978, 8.325978], dtype=float32), array([8.341695, 8.341695, 8.341695], dtype=float32), array([8.359433, 8.359433, 8.359433], dtype=float32), array([nan, nan, nan], dtype=float32), array([8.39165, 8.39165, 8.39165], dtype=float32), array([8.404999, 8.404999, 8.404999], dtype=float32), array([nan, nan, nan], dtype=float32), array([8.4293995, 8.4293995, 8.4293995], dtype=float32), array([nan, nan, nan], dtype=float32), array([nan, nan, nan], dtype=float32), array([8.46604, 8.46604, 8.46604], dtype=float32), array([nan, nan, nan], dtype=float32), array([8.48815, 8.48815, 8.48815], dtype=float32), array([8.4990425, 8.4990425, 8.4990425], dtype=float32), array([nan, nan, nan], dtype=float32), array([8.521462, 8.521462, 8.521462], dtype=float32), array([8.534713, 8.534713, 8.534713], dtype=float32)]","[array([8.171647, 8.171647, 8.171647], dtype=float32), array([8.17472, 8.17472, 8.17472], dtype=float32), array([8.17991, 8.17991, 8.17991], dtype=float32), array([8.185067, 8.185067, 8.185067], dtype=float32), array([8.191206, 8.191206, 8.191206], dtype=float32), array([8.202843, 8.202843, 8.202843], dtype=float32), array([8.212984, 8.212984, 8.212984], dtype=float32), array([8.224725, 8.224725, 8.224725], dtype=float32), array([8.23864, 8.23864, 8.23864], dtype=float32), array([8.249565, 8.249565, 8.249565], dtype=float32), array([8.262917, 8.262917, 8.262917], dtype=float32), array([8.274149, 8.274149, 8.274149], dtype=float32), array([8.28787, 8.28787, 8.28787], dtype=float32), array([8.307268, 8.307268, 8.307268], dtype=float32), array([8.325979, 8.325979, 8.325979], dtype=float32), array([8.341696, 8.341696, 8.341696], dtype=float32), array([8.359434, 8.359434, 8.359434], dtype=float32), array([8.376174, 8.376174, 8.376174], dtype=float32), array([8.391648, 8.391648, 8.391648], dtype=float32), array([8.404999, 8.404999, 8.404999], dtype=float32), array([8.416716, 8.416716, 8.416716], dtype=float32), array([8.429399, 8.429399, 8.429399], dtype=float32), array([8.443306, 8.443306, 8.443306], dtype=float32), array([8.456132, 8.456132, 8.456132], dtype=float32), array([8.466041, 8.466041, 8.466041], dtype=float32), array([8.477485, 8.477485, 8.477485], dtype=float32), array([8.488152, 8.488152, 8.488152], dtype=float32), array([8.499041, 8.499041, 8.499041], dtype=float32), array([8.508345, 8.508345, 8.508345], dtype=float32), array([8.521462, 8.521462, 8.521462], dtype=float32), array([8.534713, 8.534713, 8.534713], dtype=float32)]",1,0,0,0,0,0,54.564341085271316,49.165116279069764,0.000364260879961702,10.0,0.00015770980128367832,52000,2000,52000,10.0,2000,0.3482749314715049,30969,0.0,1.0,0.0013802934991,805194,26.0,0.0393447157605,999.0,0.0,23810,347.58906845426424,0.0013802934991,30969,0.31378665566444397,26.0,805194,0.4722185432910919,999.0,-0.06552815437316895,5.502674412127817e-06,81158,0.3449905812740326,147.31350708007812,0.0,0.0063390182331204414,1.0,-0.0037831715308129787,347.5894804525724,1610388,2418000,104968,0,93000,61938,1043.8142927438828,6102186.281481735,6399082.483772156,10.5,52100,100,1.0067001111073661,0.00013345418942694543,1300,5.686294042290455e-05,1.0067001111073661,0.18565350182648296,26.0,0.001907174449879676,2.0,0.0002889323361552308,9.9,2,2,9.5,50,0.00046718870469519846,2600,0.00020378324140226113,2600,100,9.9,100,9.9,2.9298343553323512e-05,4.8141744949573333e-05,2.8698052907267934e-05,0.00015229523851957051,1.612726957485908e-05,2.218172607423238e-05,1.9840904293438206e-05,7.4604015951067725e-06,4.195935295467769e-05,6.782775441461423e-06,3.339141761913293e-05,0.056523288366756096,0.006757795757334258,0.05141769961471826,0.18229818722900437,0.031348209290958814,0.018878962122796352,0.0001733412181132866,108066,781.0,2809716,806.0,498.0,0.0,0.34649011,187.20895385742188,1.0,781.0,-0.003091363934800029,108066,0.005013768095523119,0.31078943610191345,806.0,2809716,0.4722185730934143,498.0,-0.1726682186126709,651000,216132,5619432,16926000,10410.048142865002,2.0716042084496325e-05,2.7647370672733733e-05,6.296824469993817e-05,3.6929298527563765e-05,3.680929444075794e-05,0.00019450968926561124,9.111246811860086e-06,5.515427730770666e-05,8.388849034594595e-06,4.2719823085791685e-05,2.47614400470007e-05
1,54000,False,27,cb694_00000,2025-08-17_22-11-12,1755468672,91.4765408039093,2488.101766347885,720237,intrinsic-attention2,10.156.0.3,2488.101766347885,27,91.25845656238705,1.441351761975087e-05,91.25818349015641,2.667728662947598,88.23164835678186,0.002084210104356105,1.0067001111073661,54000,26.0,2.636825108946383,2,0.0015195277800376062,2000,1.0067001111073661,9.5,2.0,9.880629244774036e-05,0.00029005900432821363,1000,27000,4.654511181621286e-05,9.94,10.5,2,473.15834378258705,2000.0,3000.0,"[array([[0.30667573, 0.38349998, 0.3098243 ],
       [0.19052354, 0.60857   , 0.20090646],
       [0.30143172, 0.39344507, 0.30512324]], dtype=float32), array([[0.2633585 , 0.4661724 , 0.27046913],
       [0.15127647, 0.6863878 , 0.16233571],
       [0.2578197 , 0.4768565 , 0.26532385]], dtype=float32), array([[0.3018014 , 0.3853191 , 0.31287947],
       [0.15637241, 0.65064186, 0.19298582],
       [0.27904916, 0.42412066, 0.29683018]], dtype=float32), array([[0.27873892, 0.4717186 , 0.24954249],
       [0.2067736 , 0.62962335, 0.16360308],
       [0.29286978, 0.4380357 , 0.2690945 ]], dtype=float32), array([[0.2904575 , 0.39133716, 0.31820533],
       [0.09118529, 0.736028  , 0.17278664],
       [0.21617213, 0.50376576, 0.28006208]], dtype=float32), array([[0.2631128 , 0.48192304, 0.2549641 ],
       [0.16709916, 0.6775294 , 0.15537144],
       [0.2681962 , 0.47135505, 0.26044872]], dtype=float32), array([[0.29542738, 0.4621103 , 0.2424623 ],
       [0.24448036, 0.58981574, 0.16570383],
       [0.31398416, 0.40559986, 0.28041604]], dtype=float32), array([[0.3033182 , 0.44506356, 0.25161824],
       [0.25637504, 0.569929  , 0.17369604],
       [0.32113454, 0.38484076, 0.29402465]], dtype=float32), array([[0.27561417, 0.4794824 , 0.24490339],
       [0.19722973, 0.6498422 , 0.15292805],
       [0.29130238, 0.44221836, 0.2664793 ]], dtype=float32), array([[0.2764673 , 0.4178468 , 0.3056859 ],
       [0.09342667, 0.7514382 , 0.15513515],
       [0.22269657, 0.50546914, 0.27183422]], dtype=float32), array([[0.29171845, 0.4093524 , 0.29892918],
       [0.15565148, 0.6714036 , 0.17294493],
       [0.2815114 , 0.42833105, 0.29015753]], dtype=float32), array([[0.29063925, 0.47026196, 0.23909874],
       [0.23096019, 0.61366624, 0.15537359],
       [0.31096864, 0.41145203, 0.27757943]], dtype=float32), array([[0.28163883, 0.4185237 , 0.29983747],
       [0.1197897 , 0.72111654, 0.15909378],
       [0.25276062, 0.46857303, 0.27866632]], dtype=float32), array([[0.29955205, 0.38885194, 0.311596  ],
       [0.13287786, 0.6964556 , 0.17066649],
       [0.27198222, 0.43594187, 0.29207593]], dtype=float32), array([[0.25690758, 0.4947272 , 0.24836525],
       [0.14822736, 0.71510696, 0.13666573],
       [0.26276505, 0.48258498, 0.25464997]], dtype=float32), array([[0.30563092, 0.4655262 , 0.22884285],
       [0.26540035, 0.57946324, 0.15513635],
       [0.3250103 , 0.3864701 , 0.2885196 ]], dtype=float32), array([[0.30490658, 0.46690607, 0.22818732],
       [0.26348504, 0.58299816, 0.1535167 ],
       [0.32472998, 0.3871328 , 0.28813723]], dtype=float32), array([[0.27065474, 0.49102256, 0.23832265],
       [0.18296908, 0.6787444 , 0.13828656],
       [0.28844005, 0.4491527 , 0.2624072 ]], dtype=float32), array([[0.25429323, 0.4999901 , 0.24571668],
       [0.14008489, 0.731097  , 0.12881818],
       [0.26042533, 0.4872994 , 0.2522753 ]], dtype=float32), array([[0.2533103 , 0.501994  , 0.24469568],
       [0.13735929, 0.7364681 , 0.12617268],
       [0.2595459 , 0.4890955 , 0.25135857]], dtype=float32), array([[0.25383016, 0.48409805, 0.26207173],
       [0.11553486, 0.7576602 , 0.12680486],
       [0.24612471, 0.49898925, 0.254886  ]], dtype=float32), array([[0.28924173, 0.4009829 , 0.30977535],
       [0.09033345, 0.7680811 , 0.1415854 ],
       [0.2387214 , 0.48432872, 0.2769499 ]], dtype=float32), array([[0.29310519, 0.419007  , 0.2878878 ],
       [0.16744746, 0.67645246, 0.15610006],
       [0.29925773, 0.40603915, 0.2947032 ]], dtype=float32), array([[0.28781062, 0.39699772, 0.31519163],
       [0.06216245, 0.8094612 , 0.1283764 ],
       [0.20361231, 0.5296323 , 0.26675543]], dtype=float32), array([[0.29185265, 0.4669246 , 0.24122272],
       [0.22077735, 0.6354043 , 0.14381835],
       [0.3153376 , 0.3976162 , 0.28704613]], dtype=float32), array([[0.28809813, 0.4029704 , 0.30893147],
       [0.08651226, 0.77689683, 0.13659093],
       [0.2368731 , 0.4878328 , 0.27529407]], dtype=float32), array([[0.27571774, 0.43096617, 0.2933161 ],
       [0.10075123, 0.7658123 , 0.13343652],
       [0.24736801, 0.48136565, 0.27126637]], dtype=float32), array([[0.297694  , 0.3914665 , 0.31083947],
       [0.10751893, 0.7465055 , 0.14597556],
       [0.26328534, 0.45017385, 0.2865408 ]], dtype=float32), array([[0.28776455, 0.39708886, 0.31514657],
       [0.059153  , 0.81674117, 0.1241059 ],
       [0.20164084, 0.5330517 , 0.26530743]], dtype=float32), array([[0.2628429 , 0.4884958 , 0.24866125],
       [0.14439933, 0.73070514, 0.1248955 ],
       [0.27376074, 0.4651633 , 0.261076  ]], dtype=float32), array([[0.297172  , 0.39221826, 0.31060976],
       [0.10542718, 0.75043017, 0.14414261],
       [0.26196054, 0.4522602 , 0.28577927]], dtype=float32)]","[array([nan, nan, nan], dtype=float32), array([nan, nan, nan], dtype=float32), array([nan, nan, nan], dtype=float32), array([nan, nan, nan], dtype=float32), array([nan, nan, nan], dtype=float32), array([nan, nan, nan], dtype=float32), array([nan, nan, nan], dtype=float32), array([nan, nan, nan], dtype=float32), array([nan, nan, nan], dtype=float32), array([nan, nan, nan], dtype=float32), array([nan, nan, nan], dtype=float32), array([nan, nan, nan], dtype=float32), array([nan, nan, nan], dtype=float32), array([nan, nan, nan], dtype=float32), array([nan, nan, nan], dtype=float32), array([nan, nan, nan], dtype=float32), array([nan, nan, nan], dtype=float32), array([nan, nan, nan], dtype=float32), array([nan, nan, nan], dtype=float32), array([nan, nan, nan], dtype=float32), array([nan, nan, nan], dtype=float32), array([nan, nan, nan], dtype=float32), array([nan, nan, nan], dtype=float32), array([nan, nan, nan], dtype=float32), array([nan, nan, nan], dtype=float32), array([nan, nan, nan], dtype=float32), array([nan, nan, nan], dtype=float32), array([nan, nan, nan], dtype=float32), array([nan, nan, nan], dtype=float32), array([nan, nan, nan], dtype=float32), array([nan, nan, nan], dtype=float32)]","[array([8.549949, 8.549949, 8.549949], dtype=float32), array([8.565339, 8.565339, 8.565339], dtype=float32), array([8.578574, 8.578574, 8.578574], dtype=float32), array([8.590752, 8.590752, 8.590752], dtype=float32), array([8.601839, 8.601839, 8.601839], dtype=float32), array([8.612564, 8.612564, 8.612564], dtype=float32), array([8.622271, 8.622271, 8.622271], dtype=float32), array([8.631705, 8.631705, 8.631705], dtype=float32), array([8.6410675, 8.6410675, 8.6410675], dtype=float32), array([8.649703, 8.649703, 8.649703], dtype=float32), array([8.658027, 8.658027, 8.658027], dtype=float32), array([8.6649685, 8.6649685, 8.6649685], dtype=float32), array([8.671098, 8.671098, 8.671098], dtype=float32), array([8.677393, 8.677393, 8.677393], dtype=float32), array([8.682573, 8.682573, 8.682573], dtype=float32), array([8.687285, 8.687285, 8.687285], dtype=float32), array([8.6916895, 8.6916895, 8.6916895], dtype=float32), array([8.696443, 8.696443, 8.696443], dtype=float32), array([8.699728, 8.699728, 8.699728], dtype=float32), array([8.703133, 8.703133, 8.703133], dtype=float32), array([8.706513, 8.706513, 8.706513], dtype=float32), array([8.709696, 8.709696, 8.709696], dtype=float32), array([8.712641, 8.712641, 8.712641], dtype=float32), array([8.715926, 8.715926, 8.715926], dtype=float32), array([8.719366, 8.719366, 8.719366], dtype=float32), array([8.722662, 8.722662, 8.722662], dtype=float32), array([8.726333, 8.726333, 8.726333], dtype=float32), array([8.729539, 8.729539, 8.729539], dtype=float32), array([8.733008, 8.733008, 8.733008], dtype=float32), array([8.736846, 8.736846, 8.736846], dtype=float32), array([8.740273, 8.740273, 8.740273], dtype=float32)]",1,0,0,0,0,0,54.480152671755725,49.19541984732823,0.00036764378332631756,9.94,0.0001577378169646069,54000,2000,54000,9.94,2000,0.3479492418768961,30969,0.0,1.0,0.0013802934991,836163,27.0,0.0393447157605,999.0,0.0,23810,347.5150061867459,0.0013802934991,30969,0.27769386768341064,27.0,836163,0.4722185432910919,999.0,-0.09695148468017578,5.502674412127817e-06,81158,0.34543538093566895,245.23468017578125,0.0,0.007346241269260645,1.0,-0.003388172946870327,347.51540447219827,1672326,2511000,104968,0,93000,61938,1043.59174296071,6108627.8852455355,6409267.470282827,10.5,54100,100,1.0067001111073661,0.00011746033704134441,1350,5.115413360919886e-05,1.0067001111073661,0.18533181160826223,27.0,0.002020584090205375,2.0,0.00028798481279475584,9.9,2,2,9.5,50,0.0004178748081202671,2700,0.0001848150251604711,2700,100,9.9,100,9.9,2.929455338540011e-05,4.81553965347061e-05,2.8885998504933628e-05,0.0001549057723973095,1.612829756232088e-05,2.2454573091093155e-05,1.987822968169842e-05,7.431933554523292e-06,4.193397350242704e-05,6.865544486976339e-06,3.321306199650527e-05,0.05647903108317259,0.006756717369708979,0.05136553040847277,0.18213524911677162,0.031309427238076025,0.0188499323014309,0.0001734499859954033,108066,811.0,2917782,837.0,498.0,0.0,0.34794483,190.0731201171875,1.0,811.0,-0.0018582056509330869,108066,0.00615012226626277,0.28214725852012634,837.0,2917782,0.4722185730934143,498.0,-0.12723159790039062,651000,216132,5835564,17577000,10363.690853796947,1.8210841334591286e-05,2.4846079527736483e-05,5.577800184620287e-05,3.3874731774686014e-05,3.3063165855310224e-05,0.00017250918734974794,8.240561802402431e-06,4.920287294862811e-05,7.738808682913386e-06,3.928749871892723e-05,2.2397431592901167e-05
1,56000,False,28,cb694_00000,2025-08-17_22-12-44,1755468764,92.28010177612305,2580.381868124008,720237,intrinsic-attention2,10.156.0.3,2580.381868124008,28,91.26659697251323,1.4384492458584313e-05,91.26632287620478,2.6699583335880592,88.23793262869404,0.0020888888032851265,1.0067001111073661,56000,27.0,2.6390774204969087,2,0.001577334521134617,2000,1.0067001111073661,9.5,2.0,0.00010032459643330369,0.00029005900432821363,1000,28000,4.740517445025339e-05,10.02,10.5,2,459.9088859770821,2000.0,3000.0,"[array([[0.2482654 , 0.5121975 , 0.23953703],
       [0.12491018, 0.76084983, 0.11423999],
       [0.25490567, 0.49849933, 0.24659498]], dtype=float32), array([[0.2780902 , 0.4921887 , 0.22972111],
       [0.1953177 , 0.6757604 , 0.12892202],
       [0.3025996 , 0.42794165, 0.2694587 ]], dtype=float32), array([[0.27486902, 0.43286845, 0.2922625 ],
       [0.09901841, 0.7703368 , 0.1306448 ],
       [0.24698102, 0.48263913, 0.27037987]], dtype=float32), array([[0.28722343, 0.40464866, 0.3081279 ],
       [0.08443011, 0.7823167 , 0.13325325],
       [0.23619556, 0.48955247, 0.27425194]], dtype=float32), array([[0.28718093, 0.40464565, 0.30817342],
       [0.08434834, 0.7822715 , 0.13338012],
       [0.23593123, 0.48986873, 0.27420008]], dtype=float32), array([[0.2970717 , 0.39223558, 0.3106928 ],
       [0.10509297, 0.7505893 , 0.1443177 ],
       [0.26133698, 0.45306718, 0.28559586]], dtype=float32), array([[0.24999095, 0.49107352, 0.2589355 ],
       [0.10544015, 0.7775597 , 0.11700012],
       [0.24131659, 0.5078347 , 0.25084877]], dtype=float32), array([[0.24799003, 0.51226956, 0.23974048],
       [0.12410757, 0.76185524, 0.11403725],
       [0.2542968 , 0.4992828 , 0.24642044]], dtype=float32), array([[0.29780316, 0.39075726, 0.3114395 ],
       [0.10323261, 0.75351655, 0.14325082],
       [0.260637  , 0.45378453, 0.28557855]], dtype=float32), array([[0.27192435, 0.42628267, 0.30179298],
       [0.06787163, 0.8114896 , 0.12063875],
       [0.21059169, 0.5287232 , 0.26068518]], dtype=float32), array([[0.26148158, 0.4920306 , 0.24648787],
       [0.14293292, 0.7343974 , 0.12266971],
       [0.272916  , 0.46755266, 0.25953135]], dtype=float32), array([[0.24986804, 0.49091786, 0.25921404],
       [0.10366465, 0.7806424 , 0.115693  ],
       [0.24066511, 0.5086743 , 0.25066066]], dtype=float32), array([[0.27207634, 0.42600548, 0.30191818],
       [0.06688999, 0.8136496 , 0.11946036],
       [0.21011896, 0.52948534, 0.26039562]], dtype=float32), array([[0.24948095, 0.49176055, 0.25875843],
       [0.10220586, 0.783749  , 0.11404511],
       [0.24027601, 0.5095309 , 0.25019315]], dtype=float32), array([[0.29742843, 0.4004462 , 0.30212542],
       [0.1368013 , 0.71395504, 0.14924356],
       [0.28855038, 0.41723806, 0.29421154]], dtype=float32), array([[0.2865035 , 0.4067914 , 0.30670512],
       [0.08480519, 0.7845123 , 0.13068256],
       [0.23849893, 0.48745254, 0.27404857]], dtype=float32), array([[0.27472153, 0.43519017, 0.29008833],
       [0.10104699, 0.7704532 , 0.12849985],
       [0.25080264, 0.47847602, 0.27072135]], dtype=float32), array([[0.27469453, 0.4359048 , 0.28940064],
       [0.10111953, 0.7716717 , 0.12720868],
       [0.25190824, 0.47732723, 0.2707646 ]], dtype=float32), array([[0.2888294 , 0.4280565 , 0.28311405],
       [0.15334001, 0.7047524 , 0.14190759],
       [0.29565582, 0.4136911 , 0.29065314]], dtype=float32), array([[0.27220544, 0.49657744, 0.23121716],
       [0.1764568 , 0.7022608 , 0.12128238],
       [0.29622468, 0.43726778, 0.26650754]], dtype=float32), array([[0.288299  , 0.42933586, 0.28236517],
       [0.15123664, 0.70925224, 0.13951108],
       [0.29541233, 0.414349  , 0.29023868]], dtype=float32), array([[0.29624197, 0.4031514 , 0.3006067 ],
       [0.13053681, 0.72783256, 0.1416306 ],
       [0.28793007, 0.41896787, 0.29310215]], dtype=float32), array([[0.26630822, 0.51285416, 0.22083762],
       [0.17051698, 0.71632606, 0.11315699],
       [0.29198122, 0.44997612, 0.25804266]], dtype=float32), array([[0.2704096 , 0.4978832 , 0.23170719],
       [0.16978121, 0.71209604, 0.11812277],
       [0.29427135, 0.4399263 , 0.26580238]], dtype=float32), array([[0.25158733, 0.48902673, 0.25938594],
       [0.09840217, 0.7932955 , 0.10830235],
       [0.24336216, 0.50497794, 0.25165993]], dtype=float32), array([[0.29796004, 0.38933235, 0.3127075 ],
       [0.08667383, 0.7843051 , 0.12902112],
       [0.2518117 , 0.4666926 , 0.28149572]], dtype=float32), array([[0.25164238, 0.48922163, 0.25913602],
       [0.09792066, 0.7946777 , 0.10740167],
       [0.2437041 , 0.504635  , 0.251661  ]], dtype=float32), array([[0.28326407, 0.42140037, 0.29533565],
       [0.10107116, 0.77375776, 0.12517108],
       [0.2611838 , 0.4615323 , 0.27728388]], dtype=float32), array([[0.27260935, 0.42842585, 0.29896486],
       [0.06518755, 0.8253608 , 0.10945167],
       [0.217278  , 0.5227921 , 0.2599299 ]], dtype=float32), array([[0.2506613 , 0.49174616, 0.25759256],
       [0.09547981, 0.8004588 , 0.10406146],
       [0.24326827, 0.506141  , 0.2505907 ]], dtype=float32), array([[0.26719907, 0.5121021 , 0.22069883],
       [0.16909242, 0.7204712 , 0.11043642],
       [0.29407892, 0.4456651 , 0.26025593]], dtype=float32)]","[array([nan, nan, nan], dtype=float32), array([nan, nan, nan], dtype=float32), array([nan, nan, nan], dtype=float32), array([nan, nan, nan], dtype=float32), array([nan, nan, nan], dtype=float32), array([nan, nan, nan], dtype=float32), array([nan, nan, nan], dtype=float32), array([nan, nan, nan], dtype=float32), array([nan, nan, nan], dtype=float32), array([nan, nan, nan], dtype=float32), array([nan, nan, nan], dtype=float32), array([nan, nan, nan], dtype=float32), array([nan, nan, nan], dtype=float32), array([nan, nan, nan], dtype=float32), array([nan, nan, nan], dtype=float32), array([nan, nan, nan], dtype=float32), array([nan, nan, nan], dtype=float32), array([nan, nan, nan], dtype=float32), array([nan, nan, nan], dtype=float32), array([nan, nan, nan], dtype=float32), array([nan, nan, nan], dtype=float32), array([nan, nan, nan], dtype=float32), array([nan, nan, nan], dtype=float32), array([nan, nan, nan], dtype=float32), array([nan, nan, nan], dtype=float32), array([nan, nan, nan], dtype=float32), array([nan, nan, nan], dtype=float32), array([nan, nan, nan], dtype=float32), array([nan, nan, nan], dtype=float32), array([nan, nan, nan], dtype=float32), array([nan, nan, nan], dtype=float32)]","[array([8.743987, 8.743987, 8.743987], dtype=float32), array([8.747292, 8.747292, 8.747292], dtype=float32), array([8.750083, 8.750083, 8.750083], dtype=float32), array([8.7531805, 8.7531805, 8.7531805], dtype=float32), array([8.75659, 8.75659, 8.75659], dtype=float32), array([8.759554, 8.759554, 8.759554], dtype=float32), array([8.762717, 8.762717, 8.762717], dtype=float32), array([8.766242, 8.766242, 8.766242], dtype=float32), array([8.769546, 8.769546, 8.769546], dtype=float32), array([8.772668, 8.772668, 8.772668], dtype=float32), array([8.775871, 8.775871, 8.775871], dtype=float32), array([8.780085, 8.780085, 8.780085], dtype=float32), array([8.782723, 8.782723, 8.782723], dtype=float32), array([8.78476, 8.78476, 8.78476], dtype=float32), array([8.787859, 8.787859, 8.787859], dtype=float32), array([8.790772, 8.790772, 8.790772], dtype=float32), array([8.794807, 8.794807, 8.794807], dtype=float32), array([8.797713, 8.797713, 8.797713], dtype=float32), array([8.800231, 8.800231, 8.800231], dtype=float32), array([8.802004, 8.802004, 8.802004], dtype=float32), array([8.803474, 8.803474, 8.803474], dtype=float32), array([8.80504, 8.80504, 8.80504], dtype=float32), array([8.806625, 8.806625, 8.806625], dtype=float32), array([8.807615, 8.807615, 8.807615], dtype=float32), array([8.808724, 8.808724, 8.808724], dtype=float32), array([8.8088455, 8.8088455, 8.8088455], dtype=float32), array([8.809364, 8.809364, 8.809364], dtype=float32), array([8.810396, 8.810396, 8.810396], dtype=float32), array([8.810923, 8.810923, 8.810923], dtype=float32), array([8.811852, 8.811852, 8.811852], dtype=float32), array([8.813529, 8.813529, 8.813529], dtype=float32)]",1,0,0,0,0,0,54.55075757575757,49.19772727272726,0.00037487537044526864,10.02,0.00016235853739442397,56000,2000,56000,10.02,2000,0.34759743928812553,30969,0.0,1.0,0.0013802934991,867132,28.0,0.0393447157605,999.0,0.0,23810,347.3720035119107,0.0013802934991,30969,0.2841399610042572,28.0,867132,0.4722185432910919,999.0,-0.08161163330078125,2.7513372060639085e-06,81158,0.3458405137062073,280.519287109375,0.0,0.00215604854747653,1.0,-0.0029741006437689066,347.37238352150507,1734264,2604000,104968,0,93000,61938,1043.1621428898231,6110249.874583677,6409854.512208631,10.5,56100,100,1.0067001111073661,0.0001458438985039125,1400,6.141562909190661e-05,1.0067001111073661,0.18532903589209546,28.0,0.002083566290239105,2.0,0.0002869914547298516,9.9,2,2,9.5,50,0.0005088221414042605,2800,0.00022383891701188949,2800,100,9.9,100,9.9,2.979207100700038e-05,4.931091807514316e-05,2.9063843547785157e-05,0.0001590093119229965,1.6489430710946215e-05,2.2962212738987313e-05,2.0564490557397273e-05,7.709218511292614e-06,4.4236372854188816e-05,6.664929656199606e-06,3.3894974994887016e-05,0.05643617876231992,0.006754606675945235,0.05131210385440458,0.18195045177563873,0.03127003893558002,0.018819061878467942,0.0001734311460269373,108066,841.0,3025848,868.0,498.0,0.0,0.35001266,190.5316619873047,1.0,841.0,0.0008973386138677597,108066,0.0018391211051493883,0.2798333466053009,868.0,3025848,0.4722185730934143,498.0,-0.15472543239593506,651000,216132,6051696,18228000,10317.739695476623,2.3181743956546873e-05,2.9951491108762816e-05,6.840632663463103e-05,4.106280871681205e-05,4.0247661235408926e-05,0.0002091040104898254,9.66562246066302e-06,5.9412709885584004e-05,9.11347630466012e-06,4.740179206240135e-05,2.711508107824778e-05
1,58000,False,29,cb694_00000,2025-08-17_22-14-15,1755468855,90.64818215370178,2671.03005027771,720237,intrinsic-attention2,10.156.0.3,2671.03005027771,29,91.25897861942816,1.437254754881991e-05,91.25870327499278,2.6693837576322115,88.23059686207712,0.002088168695281328,1.0067001111073661,58000,28.0,2.638518505901983,2,0.0015543626301223411,2000,1.0067001111073661,9.5,2.0,9.858571982200022e-05,0.00029005900432821363,1000,29000,4.5728239458518084e-05,9.97,10.5,2,446.8557931265789,2000.0,3000.0,"[array([[0.28788537, 0.40866765, 0.30344695],
       [0.08700431, 0.79175353, 0.12124217],
       [0.25151283, 0.47202024, 0.27646685]], dtype=float32), array([[0.27306664, 0.42778334, 0.29915002],
       [0.06914517, 0.81665164, 0.11420318],
       [0.2196504 , 0.51878005, 0.2615695 ]], dtype=float32), array([[0.27104375, 0.5023427 , 0.22661361],
       [0.17976654, 0.6990133 , 0.12122022],
       [0.29544774, 0.4416325 , 0.26291975]], dtype=float32), array([[0.28836304, 0.4125364 , 0.29910058],
       [0.12199382, 0.73153406, 0.14647205],
       [0.26962525, 0.44650114, 0.28387362]], dtype=float32), array([[0.28229737, 0.4220691 , 0.2956335 ],
       [0.1228155 , 0.7265741 , 0.1506104 ],
       [0.26197442, 0.45865965, 0.2793659 ]], dtype=float32), array([[0.3048725 , 0.37752163, 0.31760576],
       [0.12059455, 0.71007633, 0.16932918],
       [0.2651089 , 0.44246808, 0.29242298]], dtype=float32), array([[0.26552233, 0.460685  , 0.27379268],
       [0.14110859, 0.7045693 , 0.15432215],
       [0.25808474, 0.47491878, 0.2669965 ]], dtype=float32), array([[0.289228  , 0.44187045, 0.2689016 ],
       [0.2129412 , 0.6093326 , 0.17772613],
       [0.3013297 , 0.41327122, 0.28539905]], dtype=float32), array([[0.289806  , 0.40438128, 0.3058127 ],
       [0.15334518, 0.6529214 , 0.19373345],
       [0.2661748 , 0.4446692 , 0.289156  ]], dtype=float32), array([[0.27365288, 0.45734325, 0.26900393],
       [0.18896599, 0.62950444, 0.18152961],
       [0.27647242, 0.45154324, 0.2719843 ]], dtype=float32), array([[0.27388313, 0.44342384, 0.28269306],
       [0.17377906, 0.6369583 , 0.1892626 ],
       [0.26708382, 0.45626682, 0.27664933]], dtype=float32), array([[0.29249692, 0.45632988, 0.2511733 ],
       [0.2341196 , 0.5958599 , 0.1700206 ],
       [0.30970988, 0.4086244 , 0.28166574]], dtype=float32), array([[0.27507755, 0.49201876, 0.23290363],
       [0.19379213, 0.67035437, 0.13585354],
       [0.29632783, 0.4388466 , 0.26482555]], dtype=float32), array([[0.24688071, 0.5133602 , 0.23975909],
       [0.11401173, 0.78041637, 0.1055719 ],
       [0.25280264, 0.5012191 , 0.24597828]], dtype=float32), array([[0.25927854, 0.50554335, 0.23517816],
       [0.1284735 , 0.772678  , 0.09884847],
       [0.2790914 , 0.4615984 , 0.25931028]], dtype=float32), array([[0.23714115, 0.51552325, 0.24733561],
       [0.06239701, 0.86564577, 0.07195716],
       [0.22460113, 0.5398632 , 0.2355356 ]], dtype=float32), array([[0.23201817, 0.5256862 , 0.24229562],
       [0.0523111 , 0.8869121 , 0.06077683],
       [0.21877344, 0.5514674 , 0.22975917]], dtype=float32), array([[0.286341  , 0.41177225, 0.3018867 ],
       [0.04302334, 0.89011437, 0.06686224],
       [0.23611   , 0.5005003 , 0.26338962]], dtype=float32), array([[0.21601324, 0.5773887 , 0.20659804],
       [0.05033086, 0.9055176 , 0.04415153],
       [0.22666533, 0.55569786, 0.21763678]], dtype=float32), array([[0.28594473, 0.4133464 , 0.3007089 ],
       [0.03439104, 0.9117916 , 0.05381734],
       [0.23466803, 0.504776  , 0.26055595]], dtype=float32), array([[0.24096717, 0.5441978 , 0.21483503],
       [0.0710239 , 0.8791518 , 0.04982428],
       [0.27032974, 0.48037675, 0.2492935 ]], dtype=float32), array([[0.22930884, 0.52964514, 0.24104597],
       [0.03139717, 0.93017507, 0.03842778],
       [0.21052323, 0.5661611 , 0.22331566]], dtype=float32), array([[0.21700463, 0.5737276 , 0.20926781],
       [0.04147216, 0.9215903 , 0.03693746],
       [0.22680701, 0.55382204, 0.2193709 ]], dtype=float32), array([[0.21839672, 0.56978905, 0.2118142 ],
       [0.03865832, 0.9264104 , 0.0349314 ],
       [0.22713041, 0.55208683, 0.22078274]], dtype=float32), array([[0.28173497, 0.41420186, 0.3040632 ],
       [0.0156325 , 0.9491347 , 0.0352328 ],
       [0.18801345, 0.57723933, 0.23474716]], dtype=float32), array([[0.2325747 , 0.589474  , 0.17795126],
       [0.07901741, 0.8815184 , 0.03946409],
       [0.28413078, 0.47006857, 0.24580058]], dtype=float32), array([[0.2976426 , 0.39153528, 0.31082216],
       [0.02386705, 0.93353134, 0.04260163],
       [0.22804686, 0.5127557 , 0.25919753]], dtype=float32), array([[0.24037574, 0.572637  , 0.1869873 ],
       [0.09048953, 0.8623797 , 0.04713071],
       [0.28829423, 0.45984226, 0.25186354]], dtype=float32), array([[0.27000704, 0.45645955, 0.27353343],
       [0.0622137 , 0.8713791 , 0.06640723],
       [0.26346266, 0.46928886, 0.26724842]], dtype=float32), array([[0.35174996, 0.30806658, 0.3401835 ],
       [0.04249484, 0.8666153 , 0.09088991],
       [0.24281836, 0.47031865, 0.28686303]], dtype=float32), array([[0.26941714, 0.46042523, 0.2701576 ],
       [0.099526  , 0.79988   , 0.10059404],
       [0.2684303 , 0.4623907 , 0.269179  ]], dtype=float32)]","[array([nan, nan, nan], dtype=float32), array([nan, nan, nan], dtype=float32), array([nan, nan, nan], dtype=float32), array([nan, nan, nan], dtype=float32), array([nan, nan, nan], dtype=float32), array([nan, nan, nan], dtype=float32), array([nan, nan, nan], dtype=float32), array([nan, nan, nan], dtype=float32), array([nan, nan, nan], dtype=float32), array([nan, nan, nan], dtype=float32), array([nan, nan, nan], dtype=float32), array([nan, nan, nan], dtype=float32), array([nan, nan, nan], dtype=float32), array([nan, nan, nan], dtype=float32), array([nan, nan, nan], dtype=float32), array([nan, nan, nan], dtype=float32), array([nan, nan, nan], dtype=float32), array([nan, nan, nan], dtype=float32), array([nan, nan, nan], dtype=float32), array([nan, nan, nan], dtype=float32), array([nan, nan, nan], dtype=float32), array([nan, nan, nan], dtype=float32), array([nan, nan, nan], dtype=float32), array([nan, nan, nan], dtype=float32), array([nan, nan, nan], dtype=float32), array([nan, nan, nan], dtype=float32), array([nan, nan, nan], dtype=float32), array([nan, nan, nan], dtype=float32), array([nan, nan, nan], dtype=float32), array([nan, nan, nan], dtype=float32), array([nan, nan, nan], dtype=float32)]","[array([8.815483, 8.815483, 8.815483], dtype=float32), array([8.802756, 8.802756, 8.802756], dtype=float32), array([8.781594, 8.781594, 8.781594], dtype=float32), array([8.755499, 8.755499, 8.755499], dtype=float32), array([8.722433, 8.722433, 8.722433], dtype=float32), array([8.685012, 8.685012, 8.685012], dtype=float32), array([8.643583, 8.643583, 8.643583], dtype=float32), array([8.605324, 8.605324, 8.605324], dtype=float32), array([8.571715, 8.571715, 8.571715], dtype=float32), array([8.541839, 8.541839, 8.541839], dtype=float32), array([8.518693, 8.518693, 8.518693], dtype=float32), array([8.488875, 8.488875, 8.488875], dtype=float32), array([8.455857, 8.455857, 8.455857], dtype=float32), array([8.426362, 8.426362, 8.426362], dtype=float32), array([8.400758, 8.400758, 8.400758], dtype=float32), array([8.370085, 8.370085, 8.370085], dtype=float32), array([8.336144, 8.336144, 8.336144], dtype=float32), array([8.299911, 8.299911, 8.299911], dtype=float32), array([8.265907, 8.265907, 8.265907], dtype=float32), array([8.228204, 8.228204, 8.228204], dtype=float32), array([8.188225, 8.188225, 8.188225], dtype=float32), array([8.147277, 8.147277, 8.147277], dtype=float32), array([8.1094055, 8.1094055, 8.1094055], dtype=float32), array([8.06851, 8.06851, 8.06851], dtype=float32), array([8.026305, 8.026305, 8.026305], dtype=float32), array([7.9829774, 7.9829774, 7.9829774], dtype=float32), array([7.943116, 7.943116, 7.943116], dtype=float32), array([7.9010944, 7.9010944, 7.9010944], dtype=float32), array([7.8579426, 7.8579426, 7.8579426], dtype=float32), array([7.8145156, 7.8145156, 7.8145156], dtype=float32), array([7.774126, 7.774126, 7.774126], dtype=float32)]",1,0,0,0,0,0,54.4953488372093,48.1170542635659,0.00036357229880326126,9.97,0.00015810706096681094,58000,2000,58000,9.97,2000,0.3479121146651884,30969,0.0,1.0,0.0013802934991,898101,29.0,0.0393447157605,999.0,0.0,23810,347.39620485041365,0.0013802934991,30969,0.27401140332221985,29.0,898101,0.4722185432910919,999.0,-0.2946587800979614,2.7513372060639085e-06,81158,0.34069088101387024,295.9254150390625,0.0,0.007738389540463686,1.0,-0.008137723430991173,347.39656533672843,1796202,2697000,104968,0,93000,61938,1043.234653673275,6113321.183437167,6416731.035570688,10.5,58100,100,1.0067001111073661,0.0001101698592343462,1450,4.994469995954388e-05,1.0067001111073661,0.18476165023322744,29.0,0.0019192510591528845,2.0,0.0002856267802529538,9.9,2,2,9.5,50,0.00040107083431374077,2900,0.00017448946370119797,2900,100,9.9,100,9.9,2.911610636039905e-05,4.7539877301481136e-05,2.8959859704292817e-05,0.00015259112959131342,1.6390362667281433e-05,2.2154432064275442e-05,2.000897242244399e-05,7.33964623881249e-06,4.254210558965113e-05,6.657836178589956e-06,3.3529053029982e-05,0.05639593403467328,0.006749656759132114,0.051274650875959074,0.18241829773791962,0.03123066430628724,0.01878633247966667,0.00017337552458992253,108066,871.0,3133914,899.0,498.0,0.0,0.34155968,175.9834442138672,1.0,871.0,-0.007635495625436306,108066,0.0024110025260597467,0.28833937644958496,899.0,3133914,0.4722185730934143,498.0,-0.058284878730773926,651000,216132,6267828,18879000,10274.75724371466,1.764923372720901e-05,2.3942325728099704e-05,5.287490138344502e-05,3.1467605260978465e-05,3.149764235490007e-05,0.0001685240581315152,8.119650900549022e-06,4.642808062415371e-05,7.275239328836407e-06,3.7239608554035e-05,2.157805590953494e-05
1,60000,False,30,cb694_00000,2025-08-17_22-15-45,1755468945,90.2578055858612,2761.287855863571,720237,intrinsic-attention2,10.156.0.3,2761.287855863571,30,91.2475451061938,1.436942209619158e-05,91.24726859313276,2.6694884833158343,88.2192135531063,0.0020865048083282657,1.0067001111073661,60000,29.0,2.638638920822973,2,0.0015363958205853122,2000,1.0067001111073661,-9.5,2.0,9.937876022677122e-05,0.00029005900432821363,1000,30000,4.605687184276011e-05,9.85,10.5,2,434.01332071762835,2000.0,3000.0,"[array([[0.29883638, 0.40147522, 0.2996884 ],
       [0.12496109, 0.7479032 , 0.12713578],
       [0.29709327, 0.40492505, 0.29798168]], dtype=float32), array([[0.29587144, 0.40122575, 0.30290285],
       [0.10715999, 0.76810455, 0.12473547],
       [0.2796575 , 0.43119055, 0.28915194]], dtype=float32), array([[0.2789086 , 0.4655566 , 0.2555348 ],
       [0.15576832, 0.72443473, 0.11979687],
       [0.29893848, 0.41886163, 0.28219992]], dtype=float32), array([[0.2973694 , 0.39835647, 0.30427417],
       [0.11172502, 0.7584221 , 0.12985294],
       [0.28128344, 0.4280084 , 0.29070812]], dtype=float32), array([[0.2928164 , 0.40357882, 0.30360475],
       [0.10017304, 0.7736811 , 0.12614588],
       [0.26782587, 0.4483267 , 0.2838474 ]], dtype=float32), array([[0.2996397 , 0.39403072, 0.30632964],
       [0.11700705, 0.74711925, 0.13587369],
       [0.28356028, 0.423555  , 0.29288474]], dtype=float32), array([[0.28513604, 0.42643362, 0.28843033],
       [0.12422222, 0.7450394 , 0.13073836],
       [0.2802129 , 0.43601596, 0.28377116]], dtype=float32), array([[0.3177978 , 0.35813373, 0.32406846],
       [0.10683253, 0.74635744, 0.14681014],
       [0.2786001 , 0.4230993 , 0.29830065]], dtype=float32), array([[0.30424103, 0.38601685, 0.30974206],
       [0.13584836, 0.7102903 , 0.15386139],
       [0.29088503, 0.4105846 , 0.29853028]], dtype=float32), array([[0.34996018, 0.31141064, 0.3386292 ],
       [0.08839536, 0.75004613, 0.16155852],
       [0.2605198 , 0.437875  , 0.30160525]], dtype=float32), array([[0.30742234, 0.37906075, 0.3135169 ],
       [0.1426937 , 0.69186   , 0.16544634],
       [0.29120493, 0.4082243 , 0.30057076]], dtype=float32), array([[0.29281417, 0.43316323, 0.2740226 ],
       [0.19461346, 0.6465882 , 0.15879832],
       [0.3079149 , 0.39716312, 0.29492196]], dtype=float32), array([[0.3096704 , 0.3748068 , 0.31552276],
       [0.1471678 , 0.68178606, 0.17104606],
       [0.29301736, 0.4045483 , 0.3024343 ]], dtype=float32), array([[0.29929206, 0.39742097, 0.3032869 ],
       [0.1551311 , 0.6786548 , 0.16621415],
       [0.2923985 , 0.41052672, 0.29707468]], dtype=float32), array([[0.2947434 , 0.42645696, 0.27879962],
       [0.19433127, 0.6433866 , 0.16228208],
       [0.30853036, 0.39410216, 0.29736745]], dtype=float32), array([[0.3858557 , 0.2710655 , 0.34307876],
       [0.08564033, 0.73892003, 0.17543963],
       [0.26368803, 0.42679578, 0.30951613]], dtype=float32), array([[0.35733122, 0.30187097, 0.3407978 ],
       [0.09663273, 0.7326665 , 0.17070071],
       [0.27036417, 0.4230432 , 0.30659264]], dtype=float32), array([[0.3038479 , 0.3929571 , 0.303195  ],
       [0.16681428, 0.6682967 , 0.16488896],
       [0.30496866, 0.39069393, 0.3043374 ]], dtype=float32), array([[0.38884753, 0.26727173, 0.34388074],
       [0.08056163, 0.75190985, 0.16752851],
       [0.26408458, 0.4268237 , 0.30909166]], dtype=float32), array([[0.38983923, 0.26604056, 0.34412017],
       [0.07777125, 0.758631  , 0.16359778],
       [0.26327246, 0.42815545, 0.3085722 ]], dtype=float32), array([[0.31246266, 0.37233382, 0.31520355],
       [0.14849012, 0.6911956 , 0.16031417],
       [0.3041826 , 0.38792714, 0.30789033]], dtype=float32), array([[0.35774082, 0.29953426, 0.3427249 ],
       [0.10004357, 0.7378735 , 0.16208293],
       [0.2854235 , 0.4041463 , 0.31043014]], dtype=float32), array([[0.29590762, 0.44976753, 0.2543248 ],
       [0.21397403, 0.64224184, 0.1437842 ],
       [0.31970823, 0.37992972, 0.30036208]], dtype=float32), array([[0.31050837, 0.3733219 , 0.31616965],
       [0.12634611, 0.7237191 , 0.1499348 ],
       [0.29113358, 0.40793982, 0.30092654]], dtype=float32), array([[0.29529616, 0.4497992 , 0.25490463],
       [0.21001247, 0.6483676 , 0.14161995],
       [0.31939116, 0.38005212, 0.30055672]], dtype=float32), array([[0.30024055, 0.3952913 , 0.30446815],
       [0.12909234, 0.72993004, 0.14097759],
       [0.2910581 , 0.41267172, 0.29627022]], dtype=float32), array([[0.3150465 , 0.36365187, 0.32130158],
       [0.10776851, 0.7516032 , 0.14062832],
       [0.28314206, 0.41817513, 0.2986828 ]], dtype=float32), array([[0.2989438 , 0.3977839 , 0.30327234],
       [0.1215381 , 0.74530923, 0.13315274],
       [0.28940234, 0.41586658, 0.29473105]], dtype=float32), array([[0.32829982, 0.34118226, 0.33051792],
       [0.09323155, 0.771824  , 0.13494436],
       [0.28035673, 0.41888443, 0.3007589 ]], dtype=float32), array([[0.28211862, 0.46776074, 0.25012067],
       [0.16591424, 0.716988  , 0.11709763],
       [0.30713025, 0.40537906, 0.2874907 ]], dtype=float32), array([[0.28420788, 0.44317183, 0.27262032],
       [0.13479224, 0.75044584, 0.11476192],
       [0.29814783, 0.41264686, 0.28920534]], dtype=float32)]","[array([7.7322254, 7.7322254, 7.7322254], dtype=float32), array([nan, nan, nan], dtype=float32), array([7.660776, 7.660776, 7.660776], dtype=float32), array([nan, nan, nan], dtype=float32), array([7.6063905, 7.6063905, 7.6063905], dtype=float32), array([7.583894, 7.583894, 7.583894], dtype=float32), array([nan, nan, nan], dtype=float32), array([7.5465355, 7.5465355, 7.5465355], dtype=float32), array([nan, nan, nan], dtype=float32), array([7.5192757, 7.5192757, 7.5192757], dtype=float32), array([7.50885, 7.50885, 7.50885], dtype=float32), array([nan, nan, nan], dtype=float32), array([nan, nan, nan], dtype=float32), array([nan, nan, nan], dtype=float32), array([7.485441, 7.485441, 7.485441], dtype=float32), array([7.48044, 7.48044, 7.48044], dtype=float32), array([7.4759855, 7.4759855, 7.4759855], dtype=float32), array([nan, nan, nan], dtype=float32), array([nan, nan, nan], dtype=float32), array([nan, nan, nan], dtype=float32), array([7.4719152, 7.4719152, 7.4719152], dtype=float32), array([7.471743, 7.471743, 7.471743], dtype=float32), array([7.4741716, 7.4741716, 7.4741716], dtype=float32), array([nan, nan, nan], dtype=float32), array([7.4790735, 7.4790735, 7.4790735], dtype=float32), array([nan, nan, nan], dtype=float32), array([7.4855595, 7.4855595, 7.4855595], dtype=float32), array([7.4892297, 7.4892297, 7.4892297], dtype=float32), array([nan, nan, nan], dtype=float32), array([nan, nan, nan], dtype=float32), array([7.5015855, 7.5015855, 7.5015855], dtype=float32)]","[array([7.732224, 7.732224, 7.732224], dtype=float32), array([7.6940293, 7.6940293, 7.6940293], dtype=float32), array([7.6607747, 7.6607747, 7.6607747], dtype=float32), array([7.631277, 7.631277, 7.631277], dtype=float32), array([7.606391, 7.606391, 7.606391], dtype=float32), array([7.583894, 7.583894, 7.583894], dtype=float32), array([7.5636663, 7.5636663, 7.5636663], dtype=float32), array([7.546538, 7.546538, 7.546538], dtype=float32), array([7.531752, 7.531752, 7.531752], dtype=float32), array([7.5192733, 7.5192733, 7.5192733], dtype=float32), array([7.50885, 7.50885, 7.50885], dtype=float32), array([7.50145, 7.50145, 7.50145], dtype=float32), array([7.495859, 7.495859, 7.495859], dtype=float32), array([7.491838, 7.491838, 7.491838], dtype=float32), array([7.485442, 7.485442, 7.485442], dtype=float32), array([7.480439, 7.480439, 7.480439], dtype=float32), array([7.4759846, 7.4759846, 7.4759846], dtype=float32), array([7.4732294, 7.4732294, 7.4732294], dtype=float32), array([7.4725637, 7.4725637, 7.4725637], dtype=float32), array([7.4721212, 7.4721212, 7.4721212], dtype=float32), array([7.4719157, 7.4719157, 7.4719157], dtype=float32), array([7.471742, 7.471742, 7.471742], dtype=float32), array([7.4741726, 7.4741726, 7.4741726], dtype=float32), array([7.476609, 7.476609, 7.476609], dtype=float32), array([7.479073, 7.479073, 7.479073], dtype=float32), array([7.4821234, 7.4821234, 7.4821234], dtype=float32), array([7.485558, 7.485558, 7.485558], dtype=float32), array([7.489229, 7.489229, 7.489229], dtype=float32), array([7.49262, 7.49262, 7.49262], dtype=float32), array([7.497085, 7.497085, 7.497085], dtype=float32), array([7.501586, 7.501586, 7.501586], dtype=float32)]",1,0,0,0,0,0,54.46821705426356,48.05038759689923,0.0003667594892249693,9.85,0.00015989666452462535,60000,2000,60000,9.85,2000,0.3477813998586194,30969,0.0,1.0,0.0013802934991,929070,30.0,0.0393447157605,999.0,0.0,23810,347.46428738983826,0.0013802934991,30969,0.3193870782852173,30.0,929070,0.4722185432910919,999.0,-0.3542381525039673,2.7513372060639085e-06,81158,0.3359428346157074,173.79869079589844,0.0,0.016796734184026718,1.0,-0.012823184952139854,347.4646345141971,1858140,2790000,104968,0,93000,61938,1043.438977587639,6115270.19980491,6418823.421802658,10.5,60100,100,1.0067001111073661,0.00010228230095839904,1500,4.6959930612774527e-05,1.0067001111073661,0.18418448554087327,30.0,0.0015579017288109753,2.0,0.00028428925247810154,9.9,2,2,9.5,50,0.00037271964477079674,3000,0.00016158597240145098,3000,100,9.9,100,9.9,2.959024502084686e-05,4.848257530045728e-05,2.9072739343819567e-05,0.00015362952531225012,1.6332881150618544e-05,2.2348530200388283e-05,2.03350227275996e-05,7.423545298521456e-06,4.3139404659347156e-05,6.696346100215756e-06,3.3534913254686455e-05,0.05646115980433699,0.006795677541650552,0.05126033553718039,0.18224844981051097,0.031194736863155766,0.018762011444971763,0.00017334537937658732,108066,901.0,3241980,930.0,498.0,0.0,0.34670666,171.59671020507812,1.0,901.0,-0.004884513095021248,108066,0.017650414258241653,0.32206326723098755,930.0,3241980,0.4722185730934143,498.0,0.013612031936645508,651000,216132,6483960,19530000,10239.09284231533,1.633474239689441e-05,2.2285504817860688e-05,4.900478319592753e-05,2.954306853294927e-05,2.9076498177200576e-05,0.00015679916305133483,7.65764566399105e-06,4.2953409405304106e-05,6.842889813803699e-06,3.456686089141538e-05,2.0234673137858404e-05
1,62000,False,31,cb694_00000,2025-08-17_22-17-16,1755469036,90.9662127494812,2852.2540686130524,720237,intrinsic-attention2,10.156.0.3,2852.2540686130524,31,91.24271905520193,1.4336987890048646e-05,91.24244207371152,2.669070583032735,88.21512792811518,0.0020840800902676964,1.0067001111073661,62000,30.0,2.6382256310547594,2,0.0015434418896620628,2000,1.0067001111073661,9.5,2.0,9.924982990462447e-05,0.00029005900432821363,1000,31000,4.649388688806273e-05,10.05,10.5,2,421.39336086326585,2000.0,3000.0,"[array([[0.3048517 , 0.3837972 , 0.31135103],
       [0.09259468, 0.79465765, 0.11274767],
       [0.2825756 , 0.42413852, 0.29328594]], dtype=float32), array([[0.39989895, 0.25261828, 0.34748286],
       [0.04462573, 0.8456341 , 0.10974021],
       [0.25111493, 0.448936  , 0.29994905]], dtype=float32), array([[0.28458673, 0.4498682 , 0.26554504],
       [0.1352572 , 0.7605744 , 0.10416835],
       [0.30625007, 0.3995754 , 0.29417446]], dtype=float32), array([[0.27826443, 0.4552854 , 0.26645023],
       [0.11347726, 0.7908896 , 0.09563314],
       [0.29339325, 0.42249092, 0.2841158 ]], dtype=float32), array([[0.39761108, 0.2520703 , 0.35031855],
       [0.04691363, 0.8482271 , 0.10485925],
       [0.26670703, 0.42894402, 0.30434895]], dtype=float32), array([[0.27108398, 0.49205604, 0.23685995],
       [0.13304447, 0.7777485 , 0.08920699],
       [0.30114684, 0.4194724 , 0.2793808 ]], dtype=float32), array([[0.36045617, 0.29626206, 0.34328175],
       [0.04857906, 0.85230654, 0.09911443],
       [0.25562102, 0.45010063, 0.2942784 ]], dtype=float32), array([[0.3973506 , 0.2525619 , 0.3500875 ],
       [0.05021892, 0.8394571 , 0.11032411],
       [0.2686578 , 0.4257884 , 0.30555382]], dtype=float32), array([[0.3591106 , 0.2966199 , 0.3442695 ],
       [0.06438015, 0.8226355 , 0.11298439],
       [0.2771901 , 0.4191272 , 0.30368266]], dtype=float32), array([[0.29264396, 0.4097529 , 0.29760313],
       [0.09326342, 0.80289125, 0.10384531],
       [0.2813238 , 0.43128717, 0.28738907]], dtype=float32), array([[0.30498642, 0.38298598, 0.3120276 ],
       [0.08873927, 0.8006332 , 0.11062749],
       [0.2798208 , 0.42817077, 0.2920084 ]], dtype=float32), array([[0.28321674, 0.4430804 , 0.27370286],
       [0.12841778, 0.7594598 , 0.1121224 ],
       [0.29521638, 0.41726404, 0.2875195 ]], dtype=float32), array([[0.32847106, 0.34083492, 0.330694  ],
       [0.08131827, 0.79537886, 0.12330281],
       [0.27414456, 0.42843238, 0.29742303]], dtype=float32), array([[0.39901704, 0.2550593 , 0.34592366],
       [0.06215654, 0.79753023, 0.14031324],
       [0.26035   , 0.43334156, 0.30630842]], dtype=float32), array([[0.29081765, 0.4270859 , 0.28209648],
       [0.15726466, 0.7030655 , 0.1396698 ],
       [0.30107772, 0.40482527, 0.29409695]], dtype=float32), array([[0.32020038, 0.35619855, 0.32360107],
       [0.13587624, 0.70416933, 0.15995449],
       [0.3010399 , 0.3900849 , 0.30887517]], dtype=float32), array([[0.36510798, 0.29183826, 0.34305373],
       [0.08936074, 0.74919826, 0.16144101],
       [0.27293396, 0.41947377, 0.30759227]], dtype=float32), array([[0.33027944, 0.33795455, 0.33176595],
       [0.10487707, 0.74140793, 0.15371501],
       [0.27975896, 0.4176824 , 0.30255866]], dtype=float32), array([[0.28549135, 0.4566178 , 0.2578908 ],
       [0.17908435, 0.6870603 , 0.13385537],
       [0.30632097, 0.40538895, 0.28829014]], dtype=float32), array([[0.30205604, 0.39540884, 0.30253512],
       [0.14121607, 0.71621203, 0.14257187],
       [0.30109903, 0.3973102 , 0.30159077]], dtype=float32), array([[0.3994174 , 0.25589037, 0.3446922 ],
       [0.05857946, 0.802148  , 0.13927253],
       [0.25177163, 0.44437465, 0.30385372]], dtype=float32), array([[0.29493186, 0.4037477 , 0.30132046],
       [0.11035405, 0.7637191 , 0.12592684],
       [0.28102416, 0.42968985, 0.28928608]], dtype=float32), array([[0.40045863, 0.2546753 , 0.34486607],
       [0.05139118, 0.82033163, 0.12827718],
       [0.24587695, 0.4532263 , 0.30089667]], dtype=float32), array([[0.3021977 , 0.38666224, 0.31114003],
       [0.09027532, 0.79298353, 0.1167412 ],
       [0.27286685, 0.4385123 , 0.28862086]], dtype=float32), array([[0.3615715 , 0.29614797, 0.3422806 ],
       [0.05253996, 0.83513665, 0.11232329],
       [0.24790654, 0.4585582 , 0.29353526]], dtype=float32), array([[0.28734827, 0.41813222, 0.29451948],
       [0.08739889, 0.8114194 , 0.10118169],
       [0.27197632, 0.4470198 , 0.28100392]], dtype=float32), array([[0.3593714 , 0.29739374, 0.34323484],
       [0.06163363, 0.82276624, 0.11560011],
       [0.26665443, 0.4333409 , 0.30000466]], dtype=float32), array([[0.2741323 , 0.4626174 , 0.2632502 ],
       [0.11901551, 0.7780679 , 0.1029166 ],
       [0.286718  , 0.4357024 , 0.27757955]], dtype=float32), array([[0.3225843 , 0.3505834 , 0.32683226],
       [0.09070569, 0.78203523, 0.1272591 ],
       [0.28000996, 0.42139968, 0.29859036]], dtype=float32), array([[0.31180695, 0.3701699 , 0.3180232 ],
       [0.10790073, 0.7570877 , 0.13501157],
       [0.2856625 , 0.41604677, 0.29829067]], dtype=float32), array([[0.40201268, 0.25473344, 0.3432539 ],
       [0.05708674, 0.8004531 , 0.1424601 ],
       [0.24450812, 0.45281598, 0.30267593]], dtype=float32)]","[array([nan, nan, nan], dtype=float32), array([nan, nan, nan], dtype=float32), array([nan, nan, nan], dtype=float32), array([nan, nan, nan], dtype=float32), array([nan, nan, nan], dtype=float32), array([nan, nan, nan], dtype=float32), array([nan, nan, nan], dtype=float32), array([nan, nan, nan], dtype=float32), array([nan, nan, nan], dtype=float32), array([nan, nan, nan], dtype=float32), array([nan, nan, nan], dtype=float32), array([nan, nan, nan], dtype=float32), array([nan, nan, nan], dtype=float32), array([nan, nan, nan], dtype=float32), array([nan, nan, nan], dtype=float32), array([nan, nan, nan], dtype=float32), array([nan, nan, nan], dtype=float32), array([nan, nan, nan], dtype=float32), array([nan, nan, nan], dtype=float32), array([nan, nan, nan], dtype=float32), array([nan, nan, nan], dtype=float32), array([nan, nan, nan], dtype=float32), array([nan, nan, nan], dtype=float32), array([nan, nan, nan], dtype=float32), array([nan, nan, nan], dtype=float32), array([nan, nan, nan], dtype=float32), array([nan, nan, nan], dtype=float32), array([nan, nan, nan], dtype=float32), array([nan, nan, nan], dtype=float32), array([nan, nan, nan], dtype=float32), array([nan, nan, nan], dtype=float32)]","[array([7.50678, 7.50678, 7.50678], dtype=float32), array([7.5118923, 7.5118923, 7.5118923], dtype=float32), array([7.5160236, 7.5160236, 7.5160236], dtype=float32), array([7.519949, 7.519949, 7.519949], dtype=float32), array([7.523668, 7.523668, 7.523668], dtype=float32), array([7.527206, 7.527206, 7.527206], dtype=float32), array([7.530044, 7.530044, 7.530044], dtype=float32), array([7.532411, 7.532411, 7.532411], dtype=float32), array([7.534911, 7.534911, 7.534911], dtype=float32), array([7.5371623, 7.5371623, 7.5371623], dtype=float32), array([7.539583, 7.539583, 7.539583], dtype=float32), array([7.541785, 7.541785, 7.541785], dtype=float32), array([7.5436387, 7.5436387, 7.5436387], dtype=float32), array([7.5456324, 7.5456324, 7.5456324], dtype=float32), array([7.547685, 7.547685, 7.547685], dtype=float32), array([7.5489573, 7.5489573, 7.5489573], dtype=float32), array([7.5497828, 7.5497828, 7.5497828], dtype=float32), array([7.5505524, 7.5505524, 7.5505524], dtype=float32), array([7.551681, 7.551681, 7.551681], dtype=float32), array([7.5528855, 7.5528855, 7.5528855], dtype=float32), array([7.5536566, 7.5536566, 7.5536566], dtype=float32), array([7.5550528, 7.5550528, 7.5550528], dtype=float32), array([7.5564117, 7.5564117, 7.5564117], dtype=float32), array([7.557448, 7.557448, 7.557448], dtype=float32), array([7.558793, 7.558793, 7.558793], dtype=float32), array([7.5604324, 7.5604324, 7.5604324], dtype=float32), array([7.5616302, 7.5616302, 7.5616302], dtype=float32), array([7.5626144, 7.5626144, 7.5626144], dtype=float32), array([7.5638595, 7.5638595, 7.5638595], dtype=float32), array([7.5643916, 7.5643916, 7.5643916], dtype=float32), array([7.5649867, 7.5649867, 7.5649867], dtype=float32)]",1,0,0,0,0,0,54.488461538461536,47.877692307692314,0.00036571836693669344,10.05,0.0001599573530578316,62000,2000,62000,10.05,2000,0.34747902393995794,30969,0.0,1.0,0.0013802934991,960039,31.0,0.0393447157605,999.0,0.0,23810,347.51979565472146,0.0013802934991,30969,0.32147037982940674,31.0,960039,0.4722185432910919,999.0,-1.0,1.3756686030319543e-06,81158,0.3434922695159912,236.0935821533203,0.0,0.004852562211453915,1.0,-0.005270788911730051,347.5201303367211,1920078,2883000,104968,0,93000,61938,1043.6055451495156,6119813.334930986,6426799.695970884,10.5,62100,100,1.0067001111073661,0.00014166650828356027,1550,6.024916383407735e-05,1.0067001111073661,0.1841800320855049,31.0,0.0019155175104970112,2.0,0.0002833255599433919,9.9,2,2,9.5,50,0.000495768309674902,3100,0.00021632946402808144,3100,100,9.9,100,9.9,2.9664295393193795e-05,4.792287799039853e-05,2.8961891732219637e-05,0.00015282806067738237,1.637871036859722e-05,2.2307032987566907e-05,2.017168714158333e-05,7.480674640948838e-06,4.2899092360295265e-05,6.793039515839822e-06,3.352792395327307e-05,0.05640371596637265,0.006787473166209015,0.051227168411752115,0.18206818082247947,0.031170173004527773,0.018760416410560282,0.00017348030549632474,108066,931.0,3350046,961.0,498.0,0.0,0.34629506,172.06346130371094,1.0,931.0,-0.0030565261840820312,108066,0.0037169356364756823,0.32676681876182556,961.0,3350046,0.4722185730934143,498.0,-0.009604573249816895,651000,216132,6700092,20181000,10201.245162703915,2.212420115604516e-05,2.932562223897443e-05,6.64123959579586e-05,3.974918491230916e-05,3.964164355827958e-05,0.00020487204012566813,9.504884854397786e-06,5.765713888846562e-05,8.842159167719806e-06,4.517487123971186e-05,2.6733643724693802e-05
1,64000,False,32,cb694_00000,2025-08-17_22-18-46,1755469126,89.79921698570251,2942.053285598755,720237,intrinsic-attention2,10.156.0.3,2942.053285598755,32,91.22623625624996,1.4314978073769694e-05,91.22595881560444,2.6683277737024094,88.19967543195398,0.0020810073892981837,1.0067001111073661,64000,31.0,2.6374996596442446,2,0.0015499162313062699,2000,1.0067001111073661,9.5,2.0,9.979687339647705e-05,0.00029005900432821363,1000,32000,4.642302043571246e-05,9.96,10.5,2,409.0053233333656,2000.0,3000.0,"[array([[0.2826124 , 0.44450426, 0.27288327],
       [0.15178877, 0.71354973, 0.13466147],
       [0.2926512 , 0.422915  , 0.28443378]], dtype=float32), array([[0.36600164, 0.2922871 , 0.34171122],
       [0.0741372 , 0.77411926, 0.15174349],
       [0.25398457, 0.44466355, 0.30135188]], dtype=float32), array([[0.3243539 , 0.34748018, 0.3281659 ],
       [0.1148871 , 0.72796786, 0.15714505],
       [0.2846424 , 0.41225478, 0.30310282]], dtype=float32), array([[0.31129277, 0.36834192, 0.32036528],
       [0.1080623 , 0.741797  , 0.15014075],
       [0.27168664, 0.43400857, 0.29430482]], dtype=float32), array([[0.31141943, 0.36807147, 0.32050905],
       [0.11038496, 0.73657626, 0.15303871],
       [0.2720721 , 0.43317893, 0.29474893]], dtype=float32), array([[0.29389244, 0.45287153, 0.25323611],
       [0.21881427, 0.62907827, 0.15210749],
       [0.31536332, 0.39204463, 0.29259205]], dtype=float32), array([[0.4001748 , 0.25892022, 0.34090504],
       [0.07662107, 0.7462443 , 0.1771346 ],
       [0.25086787, 0.44048673, 0.30864543]], dtype=float32), array([[0.30528137, 0.38705543, 0.30766323],
       [0.16855462, 0.6552276 , 0.1762178 ],
       [0.30081895, 0.39565063, 0.30353045]], dtype=float32), array([[0.3108884 , 0.37250167, 0.31660986],
       [0.15367518, 0.66809666, 0.17822821],
       [0.29443353, 0.40175727, 0.3038093 ]], dtype=float32), array([[0.31695214, 0.36076286, 0.32228503],
       [0.15154432, 0.6650884 , 0.18336725],
       [0.29460913, 0.39903408, 0.30635673]], dtype=float32), array([[0.3091251 , 0.37235788, 0.31851706],
       [0.13665797, 0.68619305, 0.17714897],
       [0.278975  , 0.42276284, 0.29826215]], dtype=float32), array([[0.3698671 , 0.289256  , 0.34087688],
       [0.09861113, 0.7113445 , 0.1900444 ],
       [0.2622768 , 0.42891762, 0.3088056 ]], dtype=float32), array([[0.3043102 , 0.38372663, 0.31196314],
       [0.15439779, 0.66506195, 0.18054023],
       [0.28752103, 0.4135435 , 0.2989355 ]], dtype=float32), array([[0.370472  , 0.2886636 , 0.34086436],
       [0.10067364, 0.70640796, 0.19291843],
       [0.2632806 , 0.4272551 , 0.3094643 ]], dtype=float32), array([[0.2904238 , 0.42832324, 0.28125298],
       [0.18743011, 0.6432881 , 0.16928186],
       [0.29855475, 0.41064778, 0.29079744]], dtype=float32), array([[0.36717096, 0.29047805, 0.34235102],
       [0.11548574, 0.6877231 , 0.19679113],
       [0.28072026, 0.4058753 , 0.31340447]], dtype=float32), array([[0.3080719 , 0.37414068, 0.31778747],
       [0.13478732, 0.69022626, 0.17498638],
       [0.27788535, 0.4247359 , 0.29737875]], dtype=float32), array([[0.2940126 , 0.43077236, 0.275215  ],
       [0.20210427, 0.63196325, 0.16593249],
       [0.3083921 , 0.3963099 , 0.29529798]], dtype=float32), array([[0.31300494, 0.36506927, 0.3219257 ],
       [0.12296966, 0.70774657, 0.16928375],
       [0.27428302, 0.42818937, 0.29752767]], dtype=float32), array([[0.2984881 , 0.3944265 , 0.30708542],
       [0.13776137, 0.69967055, 0.16256799],
       [0.28097886, 0.42588076, 0.29314038]], dtype=float32), array([[0.31085762, 0.36859167, 0.32055068],
       [0.1165923 , 0.72147226, 0.16193542],
       [0.27136272, 0.43338215, 0.29525515]], dtype=float32), array([[0.3093681 , 0.3710628 , 0.3195691 ],
       [0.11204496, 0.73137015, 0.15658484],
       [0.26933032, 0.4370441 , 0.29362556]], dtype=float32), array([[0.31075633, 0.37129498, 0.3179487 ],
       [0.12927006, 0.70982   , 0.16090989],
       [0.28548047, 0.4149762 , 0.29954326]], dtype=float32), array([[0.28046876, 0.47029582, 0.2492354 ],
       [0.18680973, 0.6738293 , 0.13936101],
       [0.30007076, 0.4224029 , 0.27752632]], dtype=float32), array([[0.28183717, 0.44721377, 0.27094904],
       [0.1673312 , 0.6842864 , 0.14838238],
       [0.29140478, 0.42651033, 0.28208488]], dtype=float32), array([[0.31929296, 0.3551419 , 0.32556516],
       [0.12989539, 0.69366145, 0.17644317],
       [0.28119218, 0.41665667, 0.30215114]], dtype=float32), array([[0.30263487, 0.39135936, 0.3060058 ],
       [0.16879147, 0.6522941 , 0.17891434],
       [0.2968395 , 0.40240413, 0.30075642]], dtype=float32), array([[0.29397696, 0.43273476, 0.27328825],
       [0.21213304, 0.6143073 , 0.1735597 ],
       [0.307899  , 0.39888677, 0.29321432]], dtype=float32), array([[0.39061308, 0.2679505 , 0.34143636],
       [0.1085888 , 0.6821453 , 0.20926592],
       [0.27236727, 0.41192028, 0.31571245]], dtype=float32), array([[0.31473324, 0.36194873, 0.32331795],
       [0.14782901, 0.6552654 , 0.19690561],
       [0.28002676, 0.4175565 , 0.30241677]], dtype=float32), array([[0.39503086, 0.26653698, 0.33843213],
       [0.10140268, 0.6838882 , 0.21470922],
       [0.25705668, 0.42866302, 0.3142802 ]], dtype=float32)]","[array([nan, nan, nan], dtype=float32), array([nan, nan, nan], dtype=float32), array([nan, nan, nan], dtype=float32), array([nan, nan, nan], dtype=float32), array([nan, nan, nan], dtype=float32), array([nan, nan, nan], dtype=float32), array([nan, nan, nan], dtype=float32), array([nan, nan, nan], dtype=float32), array([nan, nan, nan], dtype=float32), array([nan, nan, nan], dtype=float32), array([nan, nan, nan], dtype=float32), array([nan, nan, nan], dtype=float32), array([nan, nan, nan], dtype=float32), array([nan, nan, nan], dtype=float32), array([nan, nan, nan], dtype=float32), array([nan, nan, nan], dtype=float32), array([nan, nan, nan], dtype=float32), array([nan, nan, nan], dtype=float32), array([nan, nan, nan], dtype=float32), array([nan, nan, nan], dtype=float32), array([nan, nan, nan], dtype=float32), array([nan, nan, nan], dtype=float32), array([nan, nan, nan], dtype=float32), array([nan, nan, nan], dtype=float32), array([nan, nan, nan], dtype=float32), array([nan, nan, nan], dtype=float32), array([nan, nan, nan], dtype=float32), array([nan, nan, nan], dtype=float32), array([nan, nan, nan], dtype=float32), array([nan, nan, nan], dtype=float32), array([nan, nan, nan], dtype=float32)]","[array([7.5658183, 7.5658183, 7.5658183], dtype=float32), array([7.5665116, 7.5665116, 7.5665116], dtype=float32), array([7.567109, 7.567109, 7.567109], dtype=float32), array([7.5676894, 7.5676894, 7.5676894], dtype=float32), array([7.5681767, 7.5681767, 7.5681767], dtype=float32), array([7.5687246, 7.5687246, 7.5687246], dtype=float32), array([7.569412, 7.569412, 7.569412], dtype=float32), array([7.570107, 7.570107, 7.570107], dtype=float32), array([7.570868, 7.570868, 7.570868], dtype=float32), array([7.571663, 7.571663, 7.571663], dtype=float32), array([7.572416, 7.572416, 7.572416], dtype=float32), array([7.5731335, 7.5731335, 7.5731335], dtype=float32), array([7.5739202, 7.5739202, 7.5739202], dtype=float32), array([7.574685, 7.574685, 7.574685], dtype=float32), array([7.5758605, 7.5758605, 7.5758605], dtype=float32), array([7.5770283, 7.5770283, 7.5770283], dtype=float32), array([7.578163, 7.578163, 7.578163], dtype=float32), array([7.579238, 7.579238, 7.579238], dtype=float32), array([7.580504, 7.580504, 7.580504], dtype=float32), array([7.58172, 7.58172, 7.58172], dtype=float32), array([7.582993, 7.582993, 7.582993], dtype=float32), array([7.584182, 7.584182, 7.584182], dtype=float32), array([7.5851755, 7.5851755, 7.5851755], dtype=float32), array([7.586172, 7.586172, 7.586172], dtype=float32), array([7.5872126, 7.5872126, 7.5872126], dtype=float32), array([7.588395, 7.588395, 7.588395], dtype=float32), array([7.5894785, 7.5894785, 7.5894785], dtype=float32), array([7.5905147, 7.5905147, 7.5905147], dtype=float32), array([7.5914707, 7.5914707, 7.5914707], dtype=float32), array([7.592341, 7.592341, 7.592341], dtype=float32), array([7.593354, 7.593354, 7.593354], dtype=float32)]",1,0,0,0,0,0,53.854687500000004,46.75156249999999,0.000367859167515958,9.96,0.0001601332109122922,64000,2000,64000,9.96,2000,0.3472191640405949,30969,0.0,1.0,0.0013802934991,991008,32.0,0.0393447157605,999.0,0.0,23810,347.719205387645,0.0013802934991,30969,0.31677839159965515,32.0,991008,0.4722185432910919,999.0,-1.0,6.878343015159771e-07,81158,0.3467213809490204,251.62091064453125,0.0,0.001020235475152731,1.0,-0.0020482405088841915,347.71952857761056,1982016,2976000,104968,0,93000,61938,1044.204262863401,6128692.786314324,6437234.082486814,10.5,64100,100,1.0067001111073661,0.00015242478616874378,1600,6.175766957353544e-05,1.0067001111073661,0.18422253777468334,32.0,0.002300972551165614,2.0,0.0002823019642236126,9.9,2,2,9.5,50,0.0005170332699935497,3200,0.00022759820339476687,3200,100,9.9,100,9.9,2.9565942102862017e-05,4.800260566757189e-05,2.8983657979387738e-05,0.0001549431026366694,1.621125327866863e-05,2.253270206401075e-05,2.010488662517182e-05,7.344195829209456e-06,4.370138594365945e-05,6.781790392309085e-06,3.343899107092406e-05,0.056380012296770955,0.006787167724514575,0.05118654916766286,0.18194119731418698,0.03113654363442509,0.01872494187631438,0.00017344481238297553,108066,961.0,3458112,992.0,498.0,0.0,0.34841898,172.04188537597656,1.0,961.0,-0.0005231305840425193,108066,0.0010536197805777192,0.31413283944129944,992.0,3458112,0.4722185730934143,498.0,-0.004665374755859375,651000,216132,6916224,20832000,10172.669799285399,2.2836145238126186e-05,3.0227383416217596e-05,6.860678631248809e-05,4.1775008986739364e-05,4.124336147116442e-05,0.00021249452046009345,9.574804649995138e-06,6.138523059717994e-05,9.219929724059376e-06,4.784403355572377e-05,2.7131423042289992e-05
1,66000,False,33,cb694_00000,2025-08-17_22-20-16,1755469216,89.69594764709473,3031.7492332458496,720237,intrinsic-attention2,10.156.0.3,3031.7492332458496,33,91.20951868577754,1.429683826703111e-05,91.20924072452837,2.6679740183754728,88.18365092064447,0.0020796564254496105,1.0067001111073661,66000,32.0,2.6371647677577754,2,0.001547315550269559,2000,1.0067001111073661,9.5,2.0,0.00010171892828949486,0.00029005900432821363,1000,33000,4.690937167910396e-05,9.96,10.5,2,396.8582283848107,2000.0,3000.0,"[array([[0.39576456, 0.2658844 , 0.33835107],
       [0.1049945 , 0.67626405, 0.21874142],
       [0.25963542, 0.42506343, 0.3153011 ]], dtype=float32), array([[0.2932119 , 0.4394059 , 0.2673822 ],
       [0.22570197, 0.59322053, 0.18107757],
       [0.30699602, 0.404758  , 0.28824595]], dtype=float32), array([[0.32063827, 0.35273892, 0.32662284],
       [0.15340623, 0.64401317, 0.2025806 ],
       [0.28593016, 0.407776  , 0.3062939 ]], dtype=float32), array([[0.30794048, 0.3738456 , 0.31821385],
       [0.14830229, 0.66073495, 0.1909627 ],
       [0.27891427, 0.42193416, 0.29915163]], dtype=float32), array([[0.3222384 , 0.35033688, 0.32742476],
       [0.14760329, 0.6561363 , 0.19626044],
       [0.2863408 , 0.40737495, 0.30628428]], dtype=float32), array([[0.40176165, 0.25782803, 0.34041032],
       [0.09881512, 0.6962579 , 0.20492695],
       [0.26634803, 0.41836235, 0.3152896 ]], dtype=float32), array([[0.37222624, 0.28593996, 0.3418338 ],
       [0.10845866, 0.6940161 , 0.1975253 ],
       [0.2725499 , 0.4152067 , 0.31224343]], dtype=float32), array([[0.32424474, 0.34731674, 0.32843846],
       [0.13879327, 0.6746745 , 0.1865322 ],
       [0.28660452, 0.40732417, 0.3060714 ]], dtype=float32), array([[0.2878815 , 0.44623026, 0.26588815],
       [0.19858946, 0.64082754, 0.16058302],
       [0.30273545, 0.4108344 , 0.28643012]], dtype=float32), array([[0.37332663, 0.28405702, 0.34261635],
       [0.1041825 , 0.7058002 , 0.19001734],
       [0.27390748, 0.4141902 , 0.31190234]], dtype=float32), array([[0.30700678, 0.3762918 , 0.31670135],
       [0.13381243, 0.69411093, 0.17207663],
       [0.27817768, 0.42503285, 0.29678953]], dtype=float32), array([[0.3258364 , 0.3448943 , 0.32926932],
       [0.13369593, 0.68557924, 0.18072478],
       [0.2871807 , 0.4066207 , 0.30619854]], dtype=float32), array([[0.28714716, 0.44886345, 0.26398942],
       [0.19561332, 0.64826876, 0.15611793],
       [0.3029234 , 0.4110692 , 0.28600734]], dtype=float32), array([[0.40646246, 0.25116357, 0.342374  ],
       [0.08771914, 0.72596616, 0.18631469],
       [0.2681389 , 0.4178    , 0.31406108]], dtype=float32), array([[0.3225203 , 0.35010028, 0.32737944],
       [0.12651935, 0.7006473 , 0.17283347],
       [0.28309444, 0.41356456, 0.30334103]], dtype=float32), array([[0.32196093, 0.35100627, 0.3270328 ],
       [0.12324779, 0.7076552 , 0.1690971 ],
       [0.28207695, 0.4153825 , 0.3025406 ]], dtype=float32), array([[0.30618873, 0.3808522 , 0.31295905],
       [0.1387494 , 0.6981107 , 0.16313984],
       [0.28839853, 0.4126586 , 0.29894286]], dtype=float32), array([[0.28417426, 0.45729032, 0.2585354 ],
       [0.18668649, 0.66843235, 0.14488122],
       [0.30196276, 0.4145001 , 0.28353718]], dtype=float32), array([[0.4078618 , 0.24892691, 0.34321126],
       [0.07883984, 0.7480615 , 0.1730987 ],
       [0.2653218 , 0.4225045 , 0.31217375]], dtype=float32), array([[0.32065278, 0.3531295 , 0.32621765],
       [0.11620802, 0.72280055, 0.16099139],
       [0.27975085, 0.4195315 , 0.30071756]], dtype=float32), array([[0.30484182, 0.38339642, 0.3117617 ],
       [0.13314322, 0.71000606, 0.15685067],
       [0.286886  , 0.4156253 , 0.29748866]], dtype=float32), array([[0.4083915 , 0.24788375, 0.34372473],
       [0.07289147, 0.7631141 , 0.16399443],
       [0.2628536 , 0.4264848 , 0.31066158]], dtype=float32), array([[0.300792  , 0.38864613, 0.31056187],
       [0.11261433, 0.7448455 , 0.1425402 ],
       [0.2744967 , 0.4347976 , 0.29070568]], dtype=float32), array([[0.3223622 , 0.35059398, 0.32704386],
       [0.10172746, 0.7547508 , 0.14352185],
       [0.27885598, 0.42175308, 0.2993909 ]], dtype=float32), array([[0.27421534, 0.4816403 , 0.24414437],
       [0.15795746, 0.7267351 , 0.1153075 ],
       [0.29694265, 0.42762795, 0.27542946]], dtype=float32), array([[0.31441283, 0.36260593, 0.32298127],
       [0.07652593, 0.80423594, 0.11923812],
       [0.2590344 , 0.45312852, 0.28783706]], dtype=float32), array([[0.31795004, 0.35785624, 0.3241937 ],
       [0.08204041, 0.7986751 , 0.11928441],
       [0.271307  , 0.43543255, 0.2932605 ]], dtype=float32), array([[0.3127077 , 0.36544275, 0.32184955],
       [0.06824854, 0.8235864 , 0.10816505],
       [0.25547418, 0.45973438, 0.28479132]], dtype=float32), array([[0.3657174 , 0.2896513 , 0.34463125],
       [0.05943771, 0.82443744, 0.11612486],
       [0.2647837 , 0.4347857 , 0.3004306 ]], dtype=float32), array([[0.36610615, 0.29008505, 0.3438088 ],
       [0.04925264, 0.8446624 , 0.10608491],
       [0.25048   , 0.4552034 , 0.29431653]], dtype=float32), array([[0.3106193 , 0.36892986, 0.32045084],
       [0.05855876, 0.84644616, 0.09499512],
       [0.25078818, 0.46838057, 0.2808313 ]], dtype=float32)]","[array([nan, nan, nan], dtype=float32), array([nan, nan, nan], dtype=float32), array([nan, nan, nan], dtype=float32), array([nan, nan, nan], dtype=float32), array([nan, nan, nan], dtype=float32), array([nan, nan, nan], dtype=float32), array([nan, nan, nan], dtype=float32), array([nan, nan, nan], dtype=float32), array([nan, nan, nan], dtype=float32), array([nan, nan, nan], dtype=float32), array([nan, nan, nan], dtype=float32), array([nan, nan, nan], dtype=float32), array([nan, nan, nan], dtype=float32), array([nan, nan, nan], dtype=float32), array([nan, nan, nan], dtype=float32), array([nan, nan, nan], dtype=float32), array([nan, nan, nan], dtype=float32), array([nan, nan, nan], dtype=float32), array([nan, nan, nan], dtype=float32), array([nan, nan, nan], dtype=float32), array([nan, nan, nan], dtype=float32), array([nan, nan, nan], dtype=float32), array([nan, nan, nan], dtype=float32), array([nan, nan, nan], dtype=float32), array([nan, nan, nan], dtype=float32), array([nan, nan, nan], dtype=float32), array([nan, nan, nan], dtype=float32), array([nan, nan, nan], dtype=float32), array([nan, nan, nan], dtype=float32), array([nan, nan, nan], dtype=float32), array([nan, nan, nan], dtype=float32)]","[array([7.5943913, 7.5943913, 7.5943913], dtype=float32), array([7.595991, 7.595991, 7.595991], dtype=float32), array([7.59719, 7.59719, 7.59719], dtype=float32), array([7.597962, 7.597962, 7.597962], dtype=float32), array([7.5983734, 7.5983734, 7.5983734], dtype=float32), array([7.599052, 7.599052, 7.599052], dtype=float32), array([7.59974, 7.59974, 7.59974], dtype=float32), array([7.6007743, 7.6007743, 7.6007743], dtype=float32), array([7.6018963, 7.6018963, 7.6018963], dtype=float32), array([7.6026015, 7.6026015, 7.6026015], dtype=float32), array([7.603102, 7.603102, 7.603102], dtype=float32), array([7.603738, 7.603738, 7.603738], dtype=float32), array([7.6044326, 7.6044326, 7.6044326], dtype=float32), array([7.604997, 7.604997, 7.604997], dtype=float32), array([7.6053333, 7.6053333, 7.6053333], dtype=float32), array([7.605744, 7.605744, 7.605744], dtype=float32), array([7.606245, 7.606245, 7.606245], dtype=float32), array([7.606619, 7.606619, 7.606619], dtype=float32), array([7.606988, 7.606988, 7.606988], dtype=float32), array([7.6074686, 7.6074686, 7.6074686], dtype=float32), array([7.6078253, 7.6078253, 7.6078253], dtype=float32), array([7.6081448, 7.6081448, 7.6081448], dtype=float32), array([7.6085277, 7.6085277, 7.6085277], dtype=float32), array([7.608941, 7.608941, 7.608941], dtype=float32), array([7.6091933, 7.6091933, 7.6091933], dtype=float32), array([7.6096478, 7.6096478, 7.6096478], dtype=float32), array([7.6100855, 7.6100855, 7.6100855], dtype=float32), array([7.6104903, 7.6104903, 7.6104903], dtype=float32), array([7.6109786, 7.6109786, 7.6109786], dtype=float32), array([7.6114492, 7.6114492, 7.6114492], dtype=float32), array([7.6118603, 7.6118603, 7.6118603], dtype=float32)]",1,0,0,0,0,0,55.22578125,46.83984375,0.00036873772965916447,9.96,0.0001605973972840761,66000,2000,66000,9.96,2000,0.34690467307016976,30969,0.0,1.0,0.0013802934991,1021977,33.0,0.0393447157605,999.0,0.0,23810,347.89335060004294,0.0013802934991,30969,0.3157428801059723,33.0,1021977,0.4722185432910919,999.0,-0.07683908939361572,3.4391715075798857e-07,81158,0.34297189116477966,247.51666259765625,0.0,0.0037664289120584726,1.0,-0.005799130070954561,347.8936621861928,2043954,3069000,104968,0,93000,61938,1044.7271178263147,6141566.190470062,6454287.578101623,10.5,66100,100,1.0067001111073661,0.00011060242715879031,1650,4.995238910818891e-05,1.0067001111073661,0.18364883178693256,33.0,0.0019392484199488537,2.0,0.0002809415746067205,9.9,2,2,9.5,50,0.0003992571398528048,3300,0.0001739332195819457,3300,100,9.9,100,9.9,2.951240894299973e-05,4.840153554796585e-05,2.902568706431787e-05,0.00015562949049303403,1.615202052588795e-05,2.2187730177630842e-05,2.0342199630023242e-05,7.563483615564674e-06,4.368556499060365e-05,6.7827777106901924e-06,3.351735012885958e-05,0.05633566624382092,0.006782125737265281,0.051150553256100025,0.18177091948107024,0.03110526215817766,0.018695667397635625,0.00017361790424964355,108066,991.0,3566178,1023.0,498.0,0.0,0.35152042,171.60635375976562,1.0,991.0,0.0021118600852787495,108066,0.00405557407066226,0.3247734308242798,1023.0,3566178,0.4722185730934143,498.0,-0.00513148307800293,651000,216132,7132356,21483000,10143.238737910486,1.7395517385056258e-05,2.3692719033887226e-05,5.2230512208916685e-05,3.185013497272699e-05,3.186795567897059e-05,0.00016735252454544208,7.986246530275013e-06,4.64292519322845e-05,7.401238795979885e-06,3.6746895322569586e-05,2.1575860687343837e-05
1,68000,False,34,cb694_00000,2025-08-17_22-21-47,1755469307,91.40422129631042,3123.15345454216,720237,intrinsic-attention2,10.156.0.3,3123.15345454216,34,91.20943915173974,1.428566992752462e-05,91.209160545703,2.6696043133817975,88.181594227378,0.0020777406711434284,1.0067001111073661,68000,33.0,2.638816561120329,2,0.00156448139983695,2000,1.0067001111073661,9.5,2.0,0.0001024038822659084,0.00029005900432821363,1000,34000,4.68428762310798e-05,9.99,10.5,2,384.95891618936736,2000.0,3000.0,"[array([[0.31023413, 0.36957046, 0.32019544],
       [0.05749564, 0.8490102 , 0.09349412],
       [0.25017092, 0.46953535, 0.28029367]], dtype=float32), array([[0.36294067, 0.2929545 , 0.3441048 ],
       [0.04965575, 0.8497014 , 0.10064289],
       [0.25833866, 0.44577157, 0.2958898 ]], dtype=float32), array([[0.258049  , 0.51833516, 0.22361583],
       [0.11760116, 0.8031342 , 0.07926464],
       [0.2877869 , 0.44962153, 0.26259157]], dtype=float32), array([[0.36193967, 0.29493126, 0.34312907],
       [0.03687419, 0.8788444 , 0.0842814 ],
       [0.24055387, 0.4725905 , 0.28685564]], dtype=float32), array([[0.25285318, 0.52956676, 0.21758   ],
       [0.10573393, 0.8246162 , 0.06964982],
       [0.28475478, 0.45653948, 0.25870577]], dtype=float32), array([[0.25040576, 0.53451043, 0.2150838 ],
       [0.10017993, 0.83432895, 0.0654911 ],
       [0.28313473, 0.4599845 , 0.2568808 ]], dtype=float32), array([[0.3073215 , 0.3759228 , 0.31675574],
       [0.04582208, 0.88274926, 0.07142871],
       [0.25337526, 0.4687447 , 0.27788007]], dtype=float32), array([[0.28322208, 0.42582622, 0.29095164],
       [0.05964448, 0.86916953, 0.071186  ],
       [0.26425076, 0.46158543, 0.27416387]], dtype=float32), array([[0.25544733, 0.50034547, 0.24420719],
       [0.07617874, 0.8590465 , 0.06477477],
       [0.26985693, 0.47012913, 0.26001394]], dtype=float32), array([[0.25393957, 0.53636324, 0.20969714],
       [0.10909673, 0.8259301 , 0.06497317],
       [0.2922987 , 0.44526204, 0.26243925]], dtype=float32), array([[0.2537295 , 0.5042448 , 0.24202567],
       [0.07298884, 0.86543554, 0.06157554],
       [0.2688454 , 0.47253543, 0.2586192 ]], dtype=float32), array([[0.25181133, 0.5082665 , 0.23992214],
       [0.06874409, 0.873552  , 0.05770386],
       [0.26742432, 0.4755449 , 0.25703087]], dtype=float32), array([[0.24910519, 0.5473239 , 0.20357087],
       [0.09904025, 0.8437837 , 0.05717611],
       [0.29023153, 0.45048073, 0.25928771]], dtype=float32), array([[0.24818112, 0.54962534, 0.20219362],
       [0.09747376, 0.846692  , 0.0558342 ],
       [0.28992063, 0.4514306 , 0.25864872]], dtype=float32), array([[0.273114  , 0.44548196, 0.28140408],
       [0.04816344, 0.8942583 , 0.05757831],
       [0.25430545, 0.48127872, 0.2644158 ]], dtype=float32), array([[0.24534813, 0.54813325, 0.20651871],
       [0.09279801, 0.84946734, 0.05773471],
       [0.28173983, 0.46523616, 0.25302404]], dtype=float32), array([[0.3051713 , 0.37820336, 0.3166253 ],
       [0.03802668, 0.89654267, 0.06543073],
       [0.23883544, 0.49087602, 0.2702886 ]], dtype=float32), array([[0.35698578, 0.30065846, 0.34235582],
       [0.03404658, 0.89052904, 0.07542437],
       [0.24262539, 0.4720306 , 0.28534403]], dtype=float32), array([[0.26104498, 0.4978618 , 0.24109316],
       [0.09475929, 0.8327332 , 0.07250741],
       [0.28366235, 0.44821486, 0.2681228 ]], dtype=float32), array([[0.25726953, 0.499663  , 0.24306743],
       [0.0864491 , 0.8424004 , 0.07115042],
       [0.27413136, 0.4637951 , 0.26207352]], dtype=float32), array([[0.2577917 , 0.49884135, 0.24336703],
       [0.08824521, 0.83925   , 0.07250475],
       [0.2747492 , 0.46271375, 0.26253697]], dtype=float32), array([[0.40524504, 0.24835339, 0.3464016 ],
       [0.02413217, 0.89894956, 0.07691831],
       [0.21794142, 0.49803904, 0.2840195 ]], dtype=float32), array([[0.2838616 , 0.42450824, 0.29163015],
       [0.06316433, 0.86156845, 0.07526715],
       [0.2650979 , 0.45982593, 0.27507618]], dtype=float32), array([[0.3063327 , 0.37613687, 0.31753045],
       [0.04299803, 0.8840419 , 0.07296005],
       [0.2415535 , 0.48552373, 0.27292284]], dtype=float32), array([[0.30021346, 0.38951206, 0.31027442],
       [0.05588423, 0.8650664 , 0.0790493 ],
       [0.25966242, 0.46109736, 0.27924016]], dtype=float32), array([[0.28497714, 0.42228982, 0.292733  ],
       [0.06558925, 0.8562456 , 0.07816516],
       [0.2661797 , 0.45760885, 0.27621147]], dtype=float32), array([[0.28361577, 0.4212435 , 0.2951408 ],
       [0.05976802, 0.8620377 , 0.07819422],
       [0.2543119 , 0.47487178, 0.27081633]], dtype=float32), array([[0.2671175 , 0.4868415 , 0.24604104],
       [0.11439787, 0.7979193 , 0.08768281],
       [0.2889182 , 0.43817893, 0.27290282]], dtype=float32), array([[0.36063054, 0.2978052 , 0.34156433],
       [0.04203004, 0.85901767, 0.09895232],
       [0.23369434, 0.47970483, 0.2866008 ]], dtype=float32), array([[0.26734513, 0.47977024, 0.25288466],
       [0.11784817, 0.7837333 , 0.09841844],
       [0.2823598 , 0.44737056, 0.27026963]], dtype=float32), array([[0.3610926 , 0.29735887, 0.34154853],
       [0.04280946, 0.85618687, 0.10100363],
       [0.2334704 , 0.47957605, 0.2869536 ]], dtype=float32)]","[array([nan, nan, nan], dtype=float32), array([nan, nan, nan], dtype=float32), array([nan, nan, nan], dtype=float32), array([nan, nan, nan], dtype=float32), array([nan, nan, nan], dtype=float32), array([nan, nan, nan], dtype=float32), array([nan, nan, nan], dtype=float32), array([nan, nan, nan], dtype=float32), array([nan, nan, nan], dtype=float32), array([nan, nan, nan], dtype=float32), array([nan, nan, nan], dtype=float32), array([nan, nan, nan], dtype=float32), array([nan, nan, nan], dtype=float32), array([nan, nan, nan], dtype=float32), array([nan, nan, nan], dtype=float32), array([nan, nan, nan], dtype=float32), array([nan, nan, nan], dtype=float32), array([nan, nan, nan], dtype=float32), array([nan, nan, nan], dtype=float32), array([nan, nan, nan], dtype=float32), array([nan, nan, nan], dtype=float32), array([nan, nan, nan], dtype=float32), array([nan, nan, nan], dtype=float32), array([nan, nan, nan], dtype=float32), array([nan, nan, nan], dtype=float32), array([nan, nan, nan], dtype=float32), array([nan, nan, nan], dtype=float32), array([nan, nan, nan], dtype=float32), array([nan, nan, nan], dtype=float32), array([nan, nan, nan], dtype=float32), array([nan, nan, nan], dtype=float32)]","[array([7.6125813, 7.6125813, 7.6125813], dtype=float32), array([7.613952, 7.613952, 7.613952], dtype=float32), array([7.615373, 7.615373, 7.615373], dtype=float32), array([7.6164837, 7.6164837, 7.6164837], dtype=float32), array([7.6178193, 7.6178193, 7.6178193], dtype=float32), array([7.6191397, 7.6191397, 7.6191397], dtype=float32), array([7.6201863, 7.6201863, 7.6201863], dtype=float32), array([7.6209884, 7.6209884, 7.6209884], dtype=float32), array([7.622179, 7.622179, 7.622179], dtype=float32), array([7.6232, 7.6232, 7.6232], dtype=float32), array([7.6241302, 7.6241302, 7.6241302], dtype=float32), array([7.6253796, 7.6253796, 7.6253796], dtype=float32), array([7.626459, 7.626459, 7.626459], dtype=float32), array([7.6273203, 7.6273203, 7.6273203], dtype=float32), array([7.6282587, 7.6282587, 7.6282587], dtype=float32), array([7.6293797, 7.6293797, 7.6293797], dtype=float32), array([7.6304007, 7.6304007, 7.6304007], dtype=float32), array([7.631286, 7.631286, 7.631286], dtype=float32), array([7.63227, 7.63227, 7.63227], dtype=float32), array([7.633089, 7.633089, 7.633089], dtype=float32), array([7.6338487, 7.6338487, 7.6338487], dtype=float32), array([7.6348953, 7.6348953, 7.6348953], dtype=float32), array([7.6358857, 7.6358857, 7.6358857], dtype=float32), array([7.6369534, 7.6369534, 7.6369534], dtype=float32), array([7.6381164, 7.6381164, 7.6381164], dtype=float32), array([7.6391206, 7.6391206, 7.6391206], dtype=float32), array([7.6402454, 7.6402454, 7.6402454], dtype=float32), array([7.641257, 7.641257, 7.641257], dtype=float32), array([7.642243, 7.642243, 7.642243], dtype=float32), array([7.643156, 7.643156, 7.643156], dtype=float32), array([7.6419845, 7.6419845, 7.6419845], dtype=float32)]",1,0,0,0,0,0,53.79541984732823,46.62595419847329,0.00037140115692067425,9.99,0.00015968587298456836,68000,2000,68000,9.99,2000,0.34724441374941184,30969,0.0,1.0,0.0013802934991,1052946,34.0,0.0393447157605,999.0,0.0,23810,347.76508234001284,0.0013802934991,30969,0.31046003103256226,34.0,1052946,0.4722185432910919,999.0,-0.6469151973724365,1.7195857537899428e-07,81158,0.3472835123538971,248.4278106689453,0.0,0.0035238340497016907,1.0,-0.0014947542222216725,347.7653832691659,2105892,3162000,104968,0,93000,61938,1044.3418265945904,6141224.080910391,6454867.344276527,10.5,68100,100,1.0067001111073661,0.00014167323365543976,1700,6.045005136160364e-05,1.0067001111073661,0.1836583814790346,34.0,0.001913569339667447,2.0,0.0002800079187779646,9.9,2,2,9.5,50,0.0004974774342356353,3400,0.00021650955590254444,3400,100,9.9,100,9.9,2.9833445358166558e-05,4.907494814101379e-05,2.929215530437297e-05,0.00015663453710421536,1.6288462849769397e-05,2.283129359738662e-05,2.035951467700539e-05,7.588765426474479e-06,4.269641289110439e-05,6.803392506689889e-06,3.3416444313930374e-05,0.056292881611455514,0.006780549149907922,0.051113379593457416,0.18200473366618286,0.03121663307659925,0.01876329007366231,0.00017413022515707548,108066,1021.0,3674244,1054.0,498.0,0.0,0.3443914,172.3526153564453,1.0,1021.0,-0.004615864250808954,108066,0.0015090646920725703,0.31984490156173706,1054.0,3674244,0.4722185730934143,498.0,0.016183912754058838,651000,216132,7348488,22134000,10110.091869674814,2.2544270083926167e-05,2.928061731458011e-05,6.676882091898758e-05,4.026061651165273e-05,3.98639280605331e-05,0.00020515582786105697,9.464507324562601e-06,5.842850146407326e-05,8.97340986155104e-06,4.551749092699705e-05,2.6160817704680226e-05
1,70000,False,35,cb694_00000,2025-08-17_22-23-17,1755469397,89.96815824508667,3213.1216127872467,720237,intrinsic-attention2,10.156.0.3,3213.1216127872467,35,91.19514906773243,1.4344213190201493e-05,91.19486997652596,2.66902010766801,88.16825132250419,0.002073831394473979,1.0067001111073661,70000,34.0,2.6382500045591613,2,0.001508206359576434,2000,1.0067001111073661,9.5,2.0,9.828669765398359e-05,0.00029005900432821363,1000,35000,4.537592027177912e-05,10.01,10.5,2,373.312193315741,2000.0,3000.0,"[array([[0.26749918, 0.51337206, 0.21912877],
       [0.1502382 , 0.75820696, 0.09155484],
       [0.30079973, 0.42944863, 0.2697517 ]], dtype=float32), array([[0.308081  , 0.3731644 , 0.31875458],
       [0.05903798, 0.84620273, 0.0947594 ],
       [0.25014707, 0.47003487, 0.279818  ]], dtype=float32), array([[0.4049385 , 0.25049585, 0.3445656 ],
       [0.03089685, 0.8740688 , 0.09503435],
       [0.21993694, 0.49180532, 0.28825778]], dtype=float32), array([[0.2866327 , 0.4184354 , 0.2949319 ],
       [0.07757124, 0.829671  , 0.09275776],
       [0.26758045, 0.45395267, 0.27846685]], dtype=float32), array([[0.30659243, 0.37597683, 0.31743068],
       [0.05992971, 0.8460053 , 0.09406495],
       [0.25186077, 0.46822906, 0.2799102 ]], dtype=float32), array([[0.30654255, 0.37611923, 0.31733817],
       [0.06193398, 0.841753  , 0.09631299],
       [0.25302675, 0.4663646 , 0.2806087 ]], dtype=float32), array([[0.3074745 , 0.3745093 , 0.31801617],
       [0.06877397, 0.8260424 , 0.10518362],
       [0.25595745, 0.46100453, 0.28303805]], dtype=float32), array([[0.28534135, 0.42092603, 0.2937326 ],
       [0.09320296, 0.7974187 , 0.10937836],
       [0.26872757, 0.4519263 , 0.2793462 ]], dtype=float32), array([[0.36556447, 0.29305923, 0.34137625],
       [0.05636235, 0.81474936, 0.1288883 ],
       [0.23835538, 0.46791977, 0.2937249 ]], dtype=float32), array([[0.29112718, 0.40833122, 0.30054164],
       [0.11398882, 0.74992085, 0.1360903 ],
       [0.27258083, 0.44214848, 0.2852707 ]], dtype=float32), array([[0.29660836, 0.39746544, 0.30592623],
       [0.12203493, 0.73052627, 0.14743885],
       [0.27635932, 0.433795  , 0.28984573]], dtype=float32), array([[0.40186164, 0.25829518, 0.33984315],
       [0.06775098, 0.7625695 , 0.16967957],
       [0.23923561, 0.45538366, 0.3053807 ]], dtype=float32), array([[0.36850435, 0.29146898, 0.3400267 ],
       [0.08653896, 0.73336405, 0.180097  ],
       [0.24978203, 0.4455898 , 0.3046281 ]], dtype=float32), array([[0.3148504 , 0.36152676, 0.32362282],
       [0.13257281, 0.68373823, 0.18368891],
       [0.27483228, 0.42539996, 0.29976782]], dtype=float32), array([[0.30361   , 0.38360962, 0.31278032],
       [0.15664305, 0.6554253 , 0.18793172],
       [0.283946  , 0.41780606, 0.298248  ]], dtype=float32), array([[0.31707054, 0.3582059 , 0.3247235 ],
       [0.14955784, 0.6510509 , 0.19939123],
       [0.28176928, 0.4143902 , 0.30384052]], dtype=float32), array([[0.39701694, 0.26492378, 0.3380593 ],
       [0.10182726, 0.6814366 , 0.21673612],
       [0.25684142, 0.42841083, 0.31474775]], dtype=float32), array([[0.30700403, 0.37715092, 0.31584504],
       [0.17014861, 0.62619436, 0.20365706],
       [0.28737512, 0.41073465, 0.30189022]], dtype=float32), array([[0.37010613, 0.2910106 , 0.33888322],
       [0.11624473, 0.66361547, 0.2201398 ],
       [0.26168674, 0.4255648 , 0.3127485 ]], dtype=float32), array([[0.30577192, 0.38011414, 0.314114  ],
       [0.17894918, 0.6126802 , 0.20837063],
       [0.28965366, 0.40814325, 0.30220315]], dtype=float32), array([[0.2990518 , 0.4218217 , 0.27912658],
       [0.2370234 , 0.5637442 , 0.19923238],
       [0.31022692, 0.39407232, 0.29570073]], dtype=float32), array([[0.31055975, 0.371824  , 0.31761622],
       [0.18644966, 0.59791756, 0.21563278],
       [0.29477325, 0.3990947 , 0.30613202]], dtype=float32), array([[0.36976823, 0.29102138, 0.33921036],
       [0.13262402, 0.63433343, 0.2330426 ],
       [0.27271175, 0.41112393, 0.31616428]], dtype=float32), array([[0.36976722, 0.29116383, 0.33906895],
       [0.13592732, 0.6273768 , 0.23669587],
       [0.27379185, 0.40940568, 0.3168025 ]], dtype=float32), array([[0.37117302, 0.29089558, 0.3379314 ],
       [0.1376057 , 0.61716896, 0.24522537],
       [0.26931432, 0.41313976, 0.31754586]], dtype=float32), array([[0.31196192, 0.41745603, 0.27058205],
       [0.28336492, 0.50242615, 0.21420899],
       [0.3232176 , 0.37696272, 0.29981965]], dtype=float32), array([[0.37188902, 0.29103526, 0.33707568],
       [0.1494933 , 0.59109455, 0.25941208],
       [0.27216572, 0.40777448, 0.32005978]], dtype=float32), array([[0.30704695, 0.4069118 , 0.28604126],
       [0.26476842, 0.5108208 , 0.22441073],
       [0.31648195, 0.38159087, 0.30192724]], dtype=float32), array([[0.314867  , 0.36300322, 0.32212985],
       [0.21109769, 0.54326683, 0.2456355 ],
       [0.29800475, 0.39076024, 0.31123498]], dtype=float32), array([[0.31042355, 0.40074468, 0.2888318 ],
       [0.2765751 , 0.48778278, 0.23564215],
       [0.3188785 , 0.37695363, 0.30416784]], dtype=float32), array([[0.32434058, 0.34600908, 0.32965034],
       [0.21656534, 0.5143346 , 0.2691    ],
       [0.29645312, 0.38664716, 0.31689972]], dtype=float32)]","[array([nan, nan, nan], dtype=float32), array([nan, nan, nan], dtype=float32), array([nan, nan, nan], dtype=float32), array([nan, nan, nan], dtype=float32), array([nan, nan, nan], dtype=float32), array([nan, nan, nan], dtype=float32), array([nan, nan, nan], dtype=float32), array([nan, nan, nan], dtype=float32), array([nan, nan, nan], dtype=float32), array([nan, nan, nan], dtype=float32), array([nan, nan, nan], dtype=float32), array([nan, nan, nan], dtype=float32), array([nan, nan, nan], dtype=float32), array([nan, nan, nan], dtype=float32), array([nan, nan, nan], dtype=float32), array([nan, nan, nan], dtype=float32), array([nan, nan, nan], dtype=float32), array([nan, nan, nan], dtype=float32), array([nan, nan, nan], dtype=float32), array([nan, nan, nan], dtype=float32), array([nan, nan, nan], dtype=float32), array([nan, nan, nan], dtype=float32), array([nan, nan, nan], dtype=float32), array([nan, nan, nan], dtype=float32), array([nan, nan, nan], dtype=float32), array([nan, nan, nan], dtype=float32), array([nan, nan, nan], dtype=float32), array([nan, nan, nan], dtype=float32), array([nan, nan, nan], dtype=float32), array([nan, nan, nan], dtype=float32), array([nan, nan, nan], dtype=float32)]","[array([7.640999, 7.640999, 7.640999], dtype=float32), array([7.640624, 7.640624, 7.640624], dtype=float32), array([7.6406546, 7.6406546, 7.6406546], dtype=float32), array([7.640448, 7.640448, 7.640448], dtype=float32), array([7.640732, 7.640732, 7.640732], dtype=float32), array([7.6410284, 7.6410284, 7.6410284], dtype=float32), array([7.6422825, 7.6422825, 7.6422825], dtype=float32), array([7.643349, 7.643349, 7.643349], dtype=float32), array([7.6445985, 7.6445985, 7.6445985], dtype=float32), array([7.645667, 7.645667, 7.645667], dtype=float32), array([7.646117, 7.646117, 7.646117], dtype=float32), array([7.6457987, 7.6457987, 7.6457987], dtype=float32), array([7.645819, 7.645819, 7.645819], dtype=float32), array([7.6464067, 7.6464067, 7.6464067], dtype=float32), array([7.6469564, 7.6469564, 7.6469564], dtype=float32), array([7.6474543, 7.6474543, 7.6474543], dtype=float32), array([7.647966, 7.647966, 7.647966], dtype=float32), array([7.648843, 7.648843, 7.648843], dtype=float32), array([7.6496115, 7.6496115, 7.6496115], dtype=float32), array([7.650726, 7.650726, 7.650726], dtype=float32), array([7.6519227, 7.6519227, 7.6519227], dtype=float32), array([7.653624, 7.653624, 7.653624], dtype=float32), array([7.655325, 7.655325, 7.655325], dtype=float32), array([7.6567926, 7.6567926, 7.6567926], dtype=float32), array([7.658548, 7.658548, 7.658548], dtype=float32), array([7.660263, 7.660263, 7.660263], dtype=float32), array([7.662321, 7.662321, 7.662321], dtype=float32), array([7.66439, 7.66439, 7.66439], dtype=float32), array([7.6663685, 7.6663685, 7.6663685], dtype=float32), array([7.66835, 7.66835, 7.66835], dtype=float32), array([7.6698017, 7.6698017, 7.6698017], dtype=float32)]",1,0,0,0,0,0,53.7609375,45.765625,0.0003607058520228465,10.01,0.00015726388563155888,70000,2000,70000,10.01,2000,0.34690685820191103,30969,0.0,1.0,0.0013802934991,1083915,35.0,0.0393447157605,999.0,0.0,23810,347.8549681038712,0.0013802934991,30969,0.2994125187397003,35.0,1083915,0.4722185432910919,999.0,-1.0,1.7195857537899428e-07,81158,0.3523913621902466,247.0493621826172,0.0,0.01039808988571167,1.0,0.0035978208761662245,347.85525888905954,2167830,3255000,104968,0,93000,61938,1044.6116602715435,6154230.069269877,6468733.725303647,10.5,70100,100,1.0067001111073661,0.00013601909565976548,1750,5.743028804109364e-05,1.0067001111073661,0.1835363391142998,35.0,0.0021953651498188265,2.0,0.00027925214968497363,9.9,2,2,9.5,50,0.0004753782153968162,3500,0.00020971517319450954,3500,100,9.9,100,9.9,2.8776957582291944e-05,4.758797203238883e-05,2.871814645111919e-05,0.00015040747257916701,1.5920647987780712e-05,2.188611574934684e-05,1.9989389925367336e-05,7.31635018536913e-06,4.179686805650703e-05,6.7137165688997546e-06,3.338105778954055e-05,0.05627146221534074,0.00677894943843069,0.051078353807566236,0.1817967049094292,0.031178715115802683,0.018729025502991548,0.00017396877297358776,108066,1051.0,3782310,1085.0,498.0,0.0,0.34075457,173.36070251464844,1.0,1051.0,-0.009336885064840317,108066,0.00811949372291565,0.30191507935523987,1085.0,3782310,0.4722185730934143,498.0,-0.0015321969985961914,651000,216132,7564620,22785000,10084.814306973823,2.132166370898506e-05,2.7810548648166717e-05,6.437549945330477e-05,3.847232388009369e-05,3.784051879229532e-05,0.00019592960059702764,9.416832911432066e-06,5.588594882892931e-05,8.69783200696811e-06,4.4931808914390075e-05,2.532631655636811e-05
1,72000,False,36,cb694_00000,2025-08-17_22-24-47,1755469487,89.42696380615234,3302.548576593399,720237,intrinsic-attention2,10.156.0.3,3302.548576593399,36,91.17544758643504,1.4333031087503668e-05,91.17516748307078,2.671371388211409,88.14641656093913,0.002072461070409505,1.0067001111073661,72000,35.0,2.640614477063713,2,0.0015617254814424086,2000,1.0067001111073661,9.5,2.0,9.925919527746922e-05,0.00029005900432821363,1000,36000,4.6146303578509995e-05,9.95,10.5,2,361.92310725261586,2000.0,3000.0,"[array([[0.31538707, 0.39116192, 0.29345098],
       [0.2927309 , 0.45466053, 0.2526085 ],
       [0.322115  , 0.37051976, 0.30736527]], dtype=float32), array([[0.32289705, 0.3478833 , 0.32921958],
       [0.23752809, 0.47760692, 0.2848649 ],
       [0.30022424, 0.38046762, 0.3193081 ]], dtype=float32), array([[0.31904012, 0.35587263, 0.32508734],
       [0.2555719 , 0.46153128, 0.2828969 ],
       [0.308138  , 0.37338334, 0.3184786 ]], dtype=float32), array([[0.32557157, 0.343897  , 0.33053136],
       [0.23150949, 0.48460278, 0.28388777],
       [0.29891756, 0.38136873, 0.31971362]], dtype=float32), array([[0.32116854, 0.3951003 , 0.2837311 ],
       [0.30790934, 0.445097  , 0.24699366],
       [0.32755062, 0.3658826 , 0.3065668 ]], dtype=float32), array([[0.31756416, 0.3575997 , 0.32483616],
       [0.22526912, 0.5113472 , 0.2633838 ],
       [0.29972136, 0.3857784 , 0.31450018]], dtype=float32), array([[0.31493813, 0.40305623, 0.2820056 ],
       [0.2927384 , 0.47056702, 0.23669466],
       [0.32331905, 0.3736354 , 0.30304548]], dtype=float32), array([[0.37140462, 0.29088867, 0.33770669],
       [0.16601816, 0.5663179 , 0.26766387],
       [0.28367987, 0.39395788, 0.3223622 ]], dtype=float32), array([[0.30765063, 0.41536075, 0.2769887 ],
       [0.2706161 , 0.5130107 , 0.2163731 ],
       [0.31872657, 0.38214776, 0.2991256 ]], dtype=float32), array([[0.32175854, 0.3505159 , 0.32772556],
       [0.18737002, 0.57433224, 0.23829772],
       [0.29167145, 0.3967447 , 0.31158388]], dtype=float32), array([[0.32228833, 0.34969336, 0.3280183 ],
       [0.1876546 , 0.57349485, 0.23885058],
       [0.291966  , 0.39617643, 0.31185758]], dtype=float32), array([[0.32496327, 0.3456069 , 0.32942978],
       [0.19603164, 0.556893  , 0.24707544],
       [0.2953204 , 0.3904958 , 0.31418386]], dtype=float32), array([[0.30997947, 0.41133773, 0.27868277],
       [0.27785826, 0.49925807, 0.2228836 ],
       [0.32026443, 0.3791857 , 0.30054983]], dtype=float32), array([[0.3156097 , 0.36137345, 0.32301685],
       [0.2096937 , 0.54345196, 0.24685429],
       [0.29714966, 0.39134663, 0.31150368]], dtype=float32), array([[0.3756434 , 0.28708524, 0.33727133],
       [0.1585109 , 0.5756947 , 0.2657945 ],
       [0.2792852 , 0.39862657, 0.32208827]], dtype=float32), array([[0.31009004, 0.41287273, 0.2770372 ],
       [0.27801436, 0.5016127 , 0.22037286],
       [0.3207366 , 0.3788938 , 0.30036956]], dtype=float32), array([[0.31009474, 0.4145777 , 0.27532753],
       [0.27752098, 0.50536054, 0.21711835],
       [0.3212195 , 0.37840673, 0.30037376]], dtype=float32), array([[0.30722666, 0.40408328, 0.28869006],
       [0.26311347, 0.51054496, 0.22634159],
       [0.31617624, 0.38070583, 0.30311793]], dtype=float32), array([[0.32670408, 0.34288204, 0.33041397],
       [0.20901251, 0.53109694, 0.25989053],
       [0.29835585, 0.38498086, 0.31666335]], dtype=float32), array([[0.3205926 , 0.3961107 , 0.28329667],
       [0.30692387, 0.44658682, 0.2464893 ],
       [0.32707822, 0.36727732, 0.30564445]], dtype=float32), array([[0.3800633 , 0.28966138, 0.3302754 ],
       [0.21600556, 0.46347266, 0.3205217 ],
       [0.29008454, 0.3775126 , 0.33240288]], dtype=float32), array([[0.32472736, 0.34461194, 0.33066067],
       [0.29452506, 0.38572252, 0.31975237],
       [0.31547683, 0.35694948, 0.32757378]], dtype=float32), array([[0.38226545, 0.29947346, 0.3182611 ],
       [0.26405278, 0.38529044, 0.35065678],
       [0.29140416, 0.3641347 , 0.3444612 ]], dtype=float32), array([[0.35283354, 0.32767195, 0.31949455],
       [0.34621996, 0.3296313 , 0.32414868],
       [0.34397325, 0.3302879 , 0.32573888]], dtype=float32), array([[0.33064145, 0.33381462, 0.33554393],
       [0.32768807, 0.33433113, 0.3379808 ],
       [0.32609528, 0.3346046 , 0.3393001 ]], dtype=float32), array([[0.33068544, 0.3321527 , 0.33716184],
       [0.32941562, 0.33158013, 0.33900425],
       [0.3251199 , 0.32961267, 0.3452675 ]], dtype=float32), array([[0.36447865, 0.29978397, 0.3357374 ],
       [0.33705515, 0.32920998, 0.33373493],
       [0.35290042, 0.31200495, 0.3350946 ]], dtype=float32), array([[0.37611154, 0.33355775, 0.29033074],
       [0.34147966, 0.33366534, 0.3248549 ],
       [0.3026467 , 0.3307795 , 0.36657384]], dtype=float32), array([[0.38344276, 0.2721769 , 0.3443803 ],
       [0.30259928, 0.37401822, 0.32338247],
       [0.35803035, 0.30239978, 0.33956993]], dtype=float32), array([[0.33217242, 0.33866444, 0.32916316],
       [0.3112237 , 0.41779307, 0.27098316],
       [0.33910778, 0.3037846 , 0.35710758]], dtype=float32), array([[0.3445579 , 0.30755505, 0.34788704],
       [0.24722865, 0.5206458 , 0.2321255 ],
       [0.35137674, 0.29166317, 0.35696003]], dtype=float32)]","[array([nan, nan, nan], dtype=float32), array([nan, nan, nan], dtype=float32), array([nan, nan, nan], dtype=float32), array([nan, nan, nan], dtype=float32), array([nan, nan, nan], dtype=float32), array([nan, nan, nan], dtype=float32), array([nan, nan, nan], dtype=float32), array([nan, nan, nan], dtype=float32), array([nan, nan, nan], dtype=float32), array([nan, nan, nan], dtype=float32), array([nan, nan, nan], dtype=float32), array([nan, nan, nan], dtype=float32), array([nan, nan, nan], dtype=float32), array([nan, nan, nan], dtype=float32), array([nan, nan, nan], dtype=float32), array([nan, nan, nan], dtype=float32), array([nan, nan, nan], dtype=float32), array([nan, nan, nan], dtype=float32), array([nan, nan, nan], dtype=float32), array([nan, nan, nan], dtype=float32), array([nan, nan, nan], dtype=float32), array([nan, nan, nan], dtype=float32), array([nan, nan, nan], dtype=float32), array([nan, nan, nan], dtype=float32), array([nan, nan, nan], dtype=float32), array([nan, nan, nan], dtype=float32), array([nan, nan, nan], dtype=float32), array([nan, nan, nan], dtype=float32), array([nan, nan, nan], dtype=float32), array([nan, nan, nan], dtype=float32), array([nan, nan, nan], dtype=float32)]","[array([7.670866, 7.670866, 7.670866], dtype=float32), array([7.671548, 7.671548, 7.671548], dtype=float32), array([7.67315, 7.67315, 7.67315], dtype=float32), array([7.675057, 7.675057, 7.675057], dtype=float32), array([7.677393, 7.677393, 7.677393], dtype=float32), array([7.679544, 7.679544, 7.679544], dtype=float32), array([7.6816025, 7.6816025, 7.6816025], dtype=float32), array([7.6840587, 7.6840587, 7.6840587], dtype=float32), array([7.68621, 7.68621, 7.68621], dtype=float32), array([7.688582, 7.688582, 7.688582], dtype=float32), array([7.6912627, 7.6912627, 7.6912627], dtype=float32), array([7.694007, 7.694007, 7.694007], dtype=float32), array([7.6966004, 7.6966004, 7.6966004], dtype=float32), array([7.699026, 7.699026, 7.699026], dtype=float32), array([7.701295, 7.701295, 7.701295], dtype=float32), array([7.704073, 7.704073, 7.704073], dtype=float32), array([7.7068543, 7.7068543, 7.7068543], dtype=float32), array([7.7097874, 7.7097874, 7.7097874], dtype=float32), array([7.712618, 7.712618, 7.712618], dtype=float32), array([7.7154374, 7.7154374, 7.7154374], dtype=float32), array([7.7183614, 7.7183614, 7.7183614], dtype=float32), array([7.721254, 7.721254, 7.721254], dtype=float32), array([7.7241197, 7.7241197, 7.7241197], dtype=float32), array([7.726792, 7.726792, 7.726792], dtype=float32), array([7.729506, 7.729506, 7.729506], dtype=float32), array([7.732179, 7.732179, 7.732179], dtype=float32), array([7.734953, 7.734953, 7.734953], dtype=float32), array([7.73774, 7.73774, 7.73774], dtype=float32), array([7.7404256, 7.7404256, 7.7404256], dtype=float32), array([7.743179, 7.743179, 7.743179], dtype=float32), array([7.7458186, 7.7458186, 7.7458186], dtype=float32)]",1,0,0,0,0,0,53.634375000000006,45.337500000000006,0.00036605571082081514,9.95,0.00016053238235229602,72000,2000,72000,9.95,2000,0.3467111845398529,30969,0.0,1.0,0.0013802934991,1114884,36.0,0.0393447157605,999.0,0.0,23810,348.1740921549984,0.0013802934991,30969,0.3023218512535095,36.0,1114884,0.4722185432910919,999.0,-1.0,8.597928768949714e-08,81158,0.3497253656387329,360.4010009765625,0.0,0.002648757304996252,1.0,0.000935757823754102,348.1743742630155,2229768,3348000,104968,0,93000,61938,1045.5699021302266,6161375.203763471,6478597.828155437,10.5,72100,100,1.0067001111073661,0.0001504585541599296,1800,6.264748930550814e-05,1.0067001111073661,0.18355091331317053,36.0,0.002196774650074076,2.0,0.0002784794782596435,9.9,2,2,9.5,50,0.0005196235264451445,3600,0.0002272279610273685,3600,100,9.9,100,9.9,2.9415474821549414e-05,4.818954584251181e-05,2.9072607766934316e-05,0.0001528039186291061,1.6265374606361784e-05,2.22508895103538e-05,2.054484626612642e-05,7.528861973741945e-06,4.267299940877885e-05,6.807322355257335e-06,3.375097256798563e-05,0.056243323513215475,0.006777853213955975,0.05103328781945024,0.18171227931027428,0.03117315783468346,0.018696367978080095,0.0001739159352535708,108066,1081.0,3890376,1116.0,498.0,0.0,0.3465944,174.95724487304688,1.0,1081.0,-0.002492019906640053,108066,0.0018845130689442158,0.30609801411628723,1116.0,3890376,0.4722185730934143,498.0,-0.005063056945800781,651000,216132,7780752,23436000,10066.051774387422,2.3466828036873235e-05,3.0131922792708444e-05,6.989466985903325e-05,4.2028758377987746e-05,4.111634532236609e-05,0.0002136598559914767,9.959792813764745e-06,6.0356707299266834e-05,9.604775897608332e-06,4.8097504406527624e-05,2.7445625069664972e-05
1,74000,False,37,cb694_00000,2025-08-17_22-26-17,1755469577,89.71411561965942,3392.2626922130585,720237,intrinsic-attention2,10.156.0.3,3392.2626922130585,37,91.1588449573407,1.4337140781722445e-05,91.15856366356017,2.673113048509343,88.12838060719965,0.002069637269612997,1.0067001111073661,74000,36.0,2.6423637493330374,2,0.0015403853806492407,2000,1.0067001111073661,9.5,2.0,0.00010105368524859349,0.00029005900432821363,1000,37000,4.604974848933128e-05,10.01,10.5,2,350.7955690967733,2000.0,3000.0,"[array([[0.32735837, 0.35223997, 0.3204017 ],
       [0.23050244, 0.59494334, 0.17455423],
       [0.34629148, 0.28829724, 0.36541128]], dtype=float32), array([[0.3243904 , 0.35980588, 0.3158037 ],
       [0.1832526 , 0.6865707 , 0.13017665],
       [0.34896234, 0.28243107, 0.36860663]], dtype=float32), array([[0.35177925, 0.28879362, 0.3594271 ],
       [0.13175103, 0.7593998 , 0.10884918],
       [0.3690721 , 0.24499612, 0.3859318 ]], dtype=float32), array([[0.33205912, 0.33694887, 0.33099204],
       [0.11718586, 0.8061726 , 0.07664159],
       [0.3623863 , 0.24127236, 0.3963413 ]], dtype=float32), array([[0.4295262 , 0.18296494, 0.38750893],
       [0.02993131, 0.92479414, 0.04527454],
       [0.37391564, 0.26704726, 0.3590371 ]], dtype=float32), array([[0.32916263, 0.34466225, 0.3261751 ],
       [0.06209495, 0.90135956, 0.03654547],
       [0.36756748, 0.22859   , 0.40384257]], dtype=float32), array([[0.28274983, 0.5516904 , 0.1655598 ],
       [0.12079345, 0.8539777 , 0.02522886],
       [0.32973972, 0.22949113, 0.44076908]], dtype=float32), array([[0.50793713, 0.10646143, 0.38560146],
       [0.00579328, 0.9798892 , 0.01431749],
       [0.38209522, 0.26071617, 0.35718858]], dtype=float32), array([[0.26920894, 0.516443  , 0.21434793],
       [0.03422824, 0.9550888 , 0.01068296],
       [0.35003796, 0.263224  , 0.38673803]], dtype=float32), array([[0.265068  , 0.5239175 , 0.21101452],
       [0.026452  , 0.9656136 , 0.00793439],
       [0.351072  , 0.26145798, 0.3874701 ]], dtype=float32), array([[0.30302513, 0.41991365, 0.27706122],
       [0.02361591, 0.9678646 , 0.00851949],
       [0.36669424, 0.20049202, 0.4328137 ]], dtype=float32), array([[0.4273539 , 0.16090718, 0.41173902],
       [0.00506676, 0.9887388 , 0.00619455],
       [0.40815797, 0.19501187, 0.39683017]], dtype=float32), array([[0.5015675 , 0.08887573, 0.40955675],
       [0.0023924 , 0.99276114, 0.00484658],
       [0.42592165, 0.18724057, 0.38683778]], dtype=float32), array([[0.3440113 , 0.31018522, 0.34580344],
       [0.00364532, 0.99360377, 0.00275089],
       [0.37082493, 0.25101432, 0.37816074]], dtype=float32), array([[0.29254466, 0.44541633, 0.26203892],
       [0.01048475, 0.9863266 , 0.00318858],
       [0.36960062, 0.1910611 , 0.4393382 ]], dtype=float32), array([[0.34241986, 0.31095704, 0.3466231 ],
       [0.00555952, 0.9915559 , 0.00288447],
       [0.3895457 , 0.1813135 , 0.42914084]], dtype=float32), array([[0.34507468, 0.30803102, 0.34689438],
       [0.00217111, 0.99619436, 0.00163459],
       [0.37211257, 0.24877015, 0.3791173 ]], dtype=float32), array([[0.20469274, 0.67576873, 0.11953849],
       [0.01091894, 0.9876453 , 0.00143584],
       [0.34646896, 0.2575612 , 0.39596987]], dtype=float32), array([[0.3195099 , 0.36814973, 0.31234035],
       [0.00450666, 0.99359435, 0.00189909],
       [0.38236663, 0.18991843, 0.42771488]], dtype=float32), array([[0.24263977, 0.5643438 , 0.19301651],
       [0.0051881 , 0.9935634 , 0.00124849],
       [0.35668662, 0.25096586, 0.3923475 ]], dtype=float32), array([[3.1777638e-01, 3.6756659e-01, 3.1465703e-01],
       [1.4576418e-03, 9.9760580e-01, 9.3647634e-04],
       [3.6099359e-01, 2.7092183e-01, 3.6808458e-01]], dtype=float32), array([[0.43735614, 0.14070481, 0.42193907],
       [0.0011185 , 0.9974948 , 0.00138673],
       [0.41913205, 0.173288  , 0.40757996]], dtype=float32), array([[4.3779570e-01, 1.3956504e-01, 4.2263922e-01],
       [9.7593787e-04, 9.9781573e-01, 1.2083066e-03],
       [4.1987535e-01, 1.7166519e-01, 4.0845942e-01]], dtype=float32), array([[1.8604927e-01, 7.0909524e-01, 1.0485545e-01],
       [5.7371045e-03, 9.9363291e-01, 6.2994950e-04],
       [3.4738892e-01, 2.5795397e-01, 3.9465711e-01]], dtype=float32), array([[3.1660169e-01, 3.7502149e-01, 3.0837685e-01],
       [2.1036097e-03, 9.9708909e-01, 8.0731866e-04],
       [3.8573283e-01, 1.8002833e-01, 4.3423882e-01]], dtype=float32), array([[5.2209872e-01, 6.3140832e-02, 4.1476047e-01],
       [2.9156916e-04, 9.9900073e-01, 7.0771854e-04],
       [4.4116539e-01, 1.6301712e-01, 3.9581746e-01]], dtype=float32), array([[4.3576595e-01, 1.4052887e-01, 4.2370522e-01],
       [5.2384532e-04, 9.9884439e-01, 6.3176872e-04],
       [4.2060488e-01, 1.6824074e-01, 4.1115433e-01]], dtype=float32), array([[2.6231980e-01, 5.0021571e-01, 2.3746458e-01],
       [9.7894389e-04, 9.9868470e-01, 3.3632349e-04],
       [3.6038172e-01, 2.6080781e-01, 3.7881041e-01]], dtype=float32), array([[4.3505260e-01, 1.4106573e-01, 4.2388156e-01],
       [4.2723794e-04, 9.9906176e-01, 5.1107188e-04],
       [4.2068982e-01, 1.6747549e-01, 4.1183469e-01]], dtype=float32), array([[2.6015732e-01, 5.0488836e-01, 2.3495440e-01],
       [8.5649564e-04, 9.9885416e-01, 2.8935759e-04],
       [3.6017618e-01, 2.6147878e-01, 3.7834504e-01]], dtype=float32), array([[2.7440846e-01, 4.9092528e-01, 2.3466632e-01],
       [2.8982400e-03, 9.9649918e-01, 6.0246728e-04],
       [3.7231341e-01, 1.6190958e-01, 4.6577698e-01]], dtype=float32)]","[array([nan, nan, nan], dtype=float32), array([nan, nan, nan], dtype=float32), array([nan, nan, nan], dtype=float32), array([nan, nan, nan], dtype=float32), array([nan, nan, nan], dtype=float32), array([nan, nan, nan], dtype=float32), array([nan, nan, nan], dtype=float32), array([nan, nan, nan], dtype=float32), array([nan, nan, nan], dtype=float32), array([nan, nan, nan], dtype=float32), array([nan, nan, nan], dtype=float32), array([nan, nan, nan], dtype=float32), array([nan, nan, nan], dtype=float32), array([nan, nan, nan], dtype=float32), array([nan, nan, nan], dtype=float32), array([nan, nan, nan], dtype=float32), array([nan, nan, nan], dtype=float32), array([nan, nan, nan], dtype=float32), array([nan, nan, nan], dtype=float32), array([nan, nan, nan], dtype=float32), array([nan, nan, nan], dtype=float32), array([nan, nan, nan], dtype=float32), array([nan, nan, nan], dtype=float32), array([nan, nan, nan], dtype=float32), array([nan, nan, nan], dtype=float32), array([nan, nan, nan], dtype=float32), array([nan, nan, nan], dtype=float32), array([nan, nan, nan], dtype=float32), array([nan, nan, nan], dtype=float32), array([nan, nan, nan], dtype=float32), array([nan, nan, nan], dtype=float32)]","[array([7.7482367, 7.7482367, 7.7482367], dtype=float32), array([7.750724, 7.750724, 7.750724], dtype=float32), array([7.753051, 7.753051, 7.753051], dtype=float32), array([7.7549596, 7.7549596, 7.7549596], dtype=float32), array([7.756387, 7.756387, 7.756387], dtype=float32), array([7.7578797, 7.7578797, 7.7578797], dtype=float32), array([7.759751, 7.759751, 7.759751], dtype=float32), array([7.761545, 7.761545, 7.761545], dtype=float32), array([7.763334, 7.763334, 7.763334], dtype=float32), array([7.7650537, 7.7650537, 7.7650537], dtype=float32), array([7.7668443, 7.7668443, 7.7668443], dtype=float32), array([7.7687297, 7.7687297, 7.7687297], dtype=float32), array([7.770235, 7.770235, 7.770235], dtype=float32), array([7.771933, 7.771933, 7.771933], dtype=float32), array([7.7741303, 7.7741303, 7.7741303], dtype=float32), array([7.77552, 7.77552, 7.77552], dtype=float32), array([7.776445, 7.776445, 7.776445], dtype=float32), array([7.7774587, 7.7774587, 7.7774587], dtype=float32), array([7.7787, 7.7787, 7.7787], dtype=float32), array([7.7804413, 7.7804413, 7.7804413], dtype=float32), array([7.7815614, 7.7815614, 7.7815614], dtype=float32), array([7.7829742, 7.7829742, 7.7829742], dtype=float32), array([7.784583, 7.784583, 7.784583], dtype=float32), array([7.7856064, 7.7856064, 7.7856064], dtype=float32), array([7.787123, 7.787123, 7.787123], dtype=float32), array([7.788748, 7.788748, 7.788748], dtype=float32), array([7.7902317, 7.7902317, 7.7902317], dtype=float32), array([7.79171, 7.79171, 7.79171], dtype=float32), array([7.793328, 7.793328, 7.793328], dtype=float32), array([7.795241, 7.795241, 7.795241], dtype=float32), array([7.7965617, 7.7965617, 7.7965617], dtype=float32)]",1,0,0,0,0,0,53.69062500000001,44.28984374999999,0.000364521350578594,10.01,0.00015873090702225745,74000,2000,74000,10.01,2000,0.34642633058445715,30969,0.0,1.0,0.0013802934991,1145853,37.0,0.0393447157605,999.0,0.0,23810,348.45233592523834,0.0013802934991,30969,0.3340620696544647,37.0,1145853,0.4722185432910919,999.0,-0.8917893171310425,8.597928768949714e-08,81158,0.33920150995254517,381.7207946777344,0.0,0.011748467572033405,1.0,-0.009544234722852707,348.45260873047664,2291706,3441000,104968,0,93000,61938,1046.4053824470907,6166064.678165322,6482854.711021463,10.5,74100,100,1.0067001111073661,0.0001499815941914347,1850,6.232347319380168e-05,1.0067001111073661,0.1835331567000396,37.0,0.002258020369336009,2.0,0.00027750168341211714,9.9,2,2,9.5,50,0.000514870829635963,3700,0.00022965491453825156,3700,100,9.9,100,9.9,2.931274353675993e-05,4.784306953947308e-05,2.8636805869428058e-05,0.00015319740082787682,1.6000102179983783e-05,2.212420857369008e-05,2.0137871178884068e-05,7.417410989085859e-06,4.2667848562837133e-05,6.744407134080617e-06,3.3300838075403024e-05,0.0562183620580547,0.006773704321878987,0.05099796368128736,0.1815495344670613,0.031147429566366253,0.018662249128307985,0.0001737948459923888,108066,1111.0,3998442,1147.0,498.0,0.0,0.3378777,174.88674926757812,1.0,1111.0,-0.01236631814390421,108066,0.009342575445771217,0.33343276381492615,1147.0,3998442,0.4722185730934143,498.0,-0.006837368011474609,651000,216132,7996884,24087000,10045.166219159099,2.3202574798297297e-05,2.9705542048909705e-05,7.080360752635842e-05,4.129873313194626e-05,4.0779744384421125e-05,0.0002127605313919465,9.765381844805469e-06,6.170963306551233e-05,9.273494119753166e-06,5.1114286104506106e-05,2.7550450788328468e-05
1,76000,False,38,cb694_00000,2025-08-17_22-27-47,1755469667,90.47377824783325,3482.7364704608917,720237,intrinsic-attention2,10.156.0.3,3482.7364704608917,38,91.15031530303735,1.4333529314698958e-05,91.15003277737466,2.6750849237742442,88.11822596777758,0.0020691262169438064,1.0067001111073661,76000,37.0,2.644349654619698,2,0.0015834102108783555,2000,1.0067001111073661,9.5,2.0,0.00010232510602924228,0.00029005900432821363,1000,38000,4.727597476638918e-05,10.02,10.5,2,339.9316575299678,2000.0,3000.0,"[array([[5.6651253e-01, 5.4573875e-02, 3.7891364e-01],
       [7.9317128e-05, 9.9951875e-01, 4.0192978e-04],
       [3.7353170e-01, 2.7261850e-01, 3.5384983e-01]], dtype=float32), array([[4.0028191e-01, 2.1001138e-01, 3.8970673e-01],
       [4.2569035e-04, 9.9898678e-01, 5.8749411e-04],
       [3.6609736e-01, 2.7227718e-01, 3.6162543e-01]], dtype=float32), array([[5.3475320e-01, 5.7954855e-02, 4.0729198e-01],
       [6.0434901e-04, 9.9789751e-01, 1.4981622e-03],
       [4.4785255e-01, 1.5797566e-01, 3.9417177e-01]], dtype=float32), array([[4.80303556e-01, 1.14003226e-01, 4.05693233e-01],
       [4.44663805e-04, 9.98455286e-01, 1.10007287e-03],
       [3.76872003e-01, 2.62000948e-01, 3.61126989e-01]], dtype=float32), array([[0.2616126 , 0.52585566, 0.2125318 ],
       [0.00831909, 0.9896744 , 0.00200647],
       [0.36194867, 0.2159961 , 0.42205516]], dtype=float32), array([[0.33531082, 0.32904768, 0.3356415 ],
       [0.00254099, 0.99559927, 0.0018597 ],
       [0.3656296 , 0.26233995, 0.37203053]], dtype=float32), array([[5.8676618e-01, 5.1671632e-02, 3.6156216e-01],
       [5.6007545e-04, 9.9695110e-01, 2.4887982e-03],
       [3.9238036e-01, 2.4918354e-01, 3.5843614e-01]], dtype=float32), array([[0.405342  , 0.20191376, 0.39274418],
       [0.00239977, 0.994447  , 0.0031532 ],
       [0.37623608, 0.25415522, 0.3696087 ]], dtype=float32), array([[0.27654198, 0.5657476 , 0.15771039],
       [0.07073911, 0.91980743, 0.00945346],
       [0.3067643 , 0.1470613 , 0.5461744 ]], dtype=float32), array([[0.28242856, 0.55396974, 0.16360167],
       [0.08196077, 0.90635115, 0.01168804],
       [0.3042397 , 0.14690946, 0.54885083]], dtype=float32), array([[0.33779892, 0.32175767, 0.34044337],
       [0.0175346 , 0.97325426, 0.00921112],
       [0.38237262, 0.18983978, 0.42778766]], dtype=float32), array([[0.37245706, 0.22323515, 0.40430778],
       [0.03103262, 0.95103836, 0.0179291 ],
       [0.39682668, 0.12658767, 0.47658572]], dtype=float32), array([[0.29438013, 0.45645526, 0.24916458],
       [0.03916105, 0.94918483, 0.01165421],
       [0.35655922, 0.1943893 , 0.4490515 ]], dtype=float32), array([[0.29548293, 0.4541426 , 0.25037447],
       [0.0411593 , 0.94654787, 0.01229283],
       [0.35609615, 0.1929094 , 0.45099452]], dtype=float32), array([[0.34137717, 0.30523998, 0.35338286],
       [0.05160611, 0.92725056, 0.02114328],
       [0.3659998 , 0.12952329, 0.5044769 ]], dtype=float32), array([[0.29761776, 0.4495517 , 0.25283045],
       [0.04525811, 0.9411104 , 0.01363151],
       [0.3551592 , 0.19020453, 0.4546363 ]], dtype=float32), array([[0.2983979 , 0.4478683 , 0.2537338 ],
       [0.04676731, 0.9391154 , 0.01411726],
       [0.35478297, 0.18903525, 0.45618176]], dtype=float32), array([[0.5616029 , 0.05609149, 0.38230562],
       [0.00675161, 0.97775614, 0.0154922 ],
       [0.4607267 , 0.15510845, 0.3841649 ]], dtype=float32), array([[0.39199355, 0.20427275, 0.40373367],
       [0.01815801, 0.9666745 , 0.01516747],
       [0.40610883, 0.17163381, 0.42225736]], dtype=float32), array([[0.31169683, 0.43690556, 0.25139755],
       [0.09574314, 0.8809515 , 0.02330528],
       [0.31722233, 0.13419515, 0.54858243]], dtype=float32), array([[0.5238586 , 0.08971167, 0.38642976],
       [0.00370851, 0.9865791 , 0.00971243],
       [0.39591628, 0.240719  , 0.36336467]], dtype=float32), array([[0.39372948, 0.20034212, 0.4059284 ],
       [0.01918125, 0.9647482 , 0.01607064],
       [0.40746626, 0.16848868, 0.42404503]], dtype=float32), array([[0.56711185, 0.05417799, 0.37871018],
       [0.00715448, 0.97618526, 0.01666026],
       [0.46276706, 0.15416375, 0.38306922]], dtype=float32), array([[0.30538422, 0.50781673, 0.186799  ],
       [0.1398846 , 0.8352448 , 0.02487065],
       [0.2855042 , 0.13799456, 0.5765013 ]], dtype=float32), array([[0.28552783, 0.52114797, 0.19332424],
       [0.08088169, 0.90217566, 0.01694267],
       [0.3318964 , 0.18741703, 0.4806865 ]], dtype=float32), array([[0.39293474, 0.2020866 , 0.4049787 ],
       [0.02077806, 0.9617643 , 0.0174577 ],
       [0.40658337, 0.17046575, 0.42295092]], dtype=float32), array([[0.28470525, 0.5231848 , 0.19210988],
       [0.07832891, 0.90557635, 0.01609471],
       [0.33166775, 0.18559638, 0.48273584]], dtype=float32), array([[0.3133541 , 0.4322544 , 0.2543915 ],
       [0.099414  , 0.87632453, 0.02426139],
       [0.31409794, 0.1302477 , 0.55565435]], dtype=float32), array([[0.30167058, 0.44081935, 0.2575101 ],
       [0.04992213, 0.9353814 , 0.01469649],
       [0.35273543, 0.17776085, 0.4695038 ]], dtype=float32), array([[0.49141833, 0.09303898, 0.4155427 ],
       [0.00790502, 0.97924757, 0.0128474 ],
       [0.44110614, 0.16051085, 0.39838308]], dtype=float32), array([[0.397549  , 0.19204164, 0.41040945],
       [0.016441  , 0.96980447, 0.01375457],
       [0.41095465, 0.16087581, 0.4281696 ]], dtype=float32)]","[array([7.7983603, 7.7983603, 7.7983603], dtype=float32), array([nan, nan, nan], dtype=float32), array([nan, nan, nan], dtype=float32), array([nan, nan, nan], dtype=float32), array([nan, nan, nan], dtype=float32), array([7.799485, 7.799485, 7.799485], dtype=float32), array([nan, nan, nan], dtype=float32), array([7.799578, 7.799578, 7.799578], dtype=float32), array([nan, nan, nan], dtype=float32), array([nan, nan, nan], dtype=float32), array([7.8001165, 7.8001165, 7.8001165], dtype=float32), array([nan, nan, nan], dtype=float32), array([nan, nan, nan], dtype=float32), array([7.8007865, 7.8007865, 7.8007865], dtype=float32), array([nan, nan, nan], dtype=float32), array([nan, nan, nan], dtype=float32), array([nan, nan, nan], dtype=float32), array([7.801802, 7.801802, 7.801802], dtype=float32), array([nan, nan, nan], dtype=float32), array([7.8019485, 7.8019485, 7.8019485], dtype=float32), array([nan, nan, nan], dtype=float32), array([nan, nan, nan], dtype=float32), array([7.802375, 7.802375, 7.802375], dtype=float32), array([nan, nan, nan], dtype=float32), array([7.802612, 7.802612, 7.802612], dtype=float32), array([nan, nan, nan], dtype=float32), array([nan, nan, nan], dtype=float32), array([nan, nan, nan], dtype=float32), array([nan, nan, nan], dtype=float32), array([7.8032246, 7.8032246, 7.8032246], dtype=float32), array([nan, nan, nan], dtype=float32)]","[array([7.7983613, 7.7983613, 7.7983613], dtype=float32), array([7.798705, 7.798705, 7.798705], dtype=float32), array([7.798966, 7.798966, 7.798966], dtype=float32), array([7.7992034, 7.7992034, 7.7992034], dtype=float32), array([7.799422, 7.799422, 7.799422], dtype=float32), array([7.7994847, 7.7994847, 7.7994847], dtype=float32), array([7.799552, 7.799552, 7.799552], dtype=float32), array([7.799577, 7.799577, 7.799577], dtype=float32), array([7.7996845, 7.7996845, 7.7996845], dtype=float32), array([7.799966, 7.799966, 7.799966], dtype=float32), array([7.8001165, 7.8001165, 7.8001165], dtype=float32), array([7.8002605, 7.8002605, 7.8002605], dtype=float32), array([7.800538, 7.800538, 7.800538], dtype=float32), array([7.800787, 7.800787, 7.800787], dtype=float32), array([7.8010926, 7.8010926, 7.8010926], dtype=float32), array([7.8014145, 7.8014145, 7.8014145], dtype=float32), array([7.801675, 7.801675, 7.801675], dtype=float32), array([7.8018026, 7.8018026, 7.8018026], dtype=float32), array([7.801909, 7.801909, 7.801909], dtype=float32), array([7.801948, 7.801948, 7.801948], dtype=float32), array([7.8020315, 7.8020315, 7.8020315], dtype=float32), array([7.8021693, 7.8021693, 7.8021693], dtype=float32), array([7.802375, 7.802375, 7.802375], dtype=float32), array([7.8025, 7.8025, 7.8025], dtype=float32), array([7.8026114, 7.8026114, 7.8026114], dtype=float32), array([7.802749, 7.802749, 7.802749], dtype=float32), array([7.8028555, 7.8028555, 7.8028555], dtype=float32), array([7.802949, 7.802949, 7.802949], dtype=float32), array([7.803068, 7.803068, 7.803068], dtype=float32), array([7.8032236, 7.8032236, 7.8032236], dtype=float32), array([7.8033223, 7.8033223, 7.8033223], dtype=float32)]",1,0,0,0,0,0,53.528682170542645,43.801550387596905,0.0003719263631000629,10.02,0.00016339335223402148,76000,2000,76000,10.02,2000,0.34609860734858494,30969,0.0,1.0,0.0013802934991,1176822,38.0,0.0393447157605,999.0,0.0,23810,348.5763698749119,0.0013802934991,30969,0.32725343108177185,38.0,1176822,0.4722185432910919,999.0,-0.0033692121505737305,4.298964384474857e-08,81158,0.34801825881004333,120.29885864257812,0.0,0.004532740451395512,1.0,-0.0007368666119873524,348.57663012105706,2353644,3534000,104968,0,93000,61938,1046.7777601856405,6167101.960368339,6486180.822461718,10.5,76100,100,1.0067001111073661,0.0001253843126215643,1900,5.3762184544051886e-05,1.0067001111073661,0.18321748362303603,38.0,0.002050378109270241,2.0,0.0002766812066353366,9.9,2,2,9.5,50,0.0004399698388119439,3800,0.00019149900961194842,3800,100,9.9,100,9.9,3.0107530847404752e-05,4.932374632736877e-05,2.906579906315392e-05,0.0001564398424824499,1.6471202674532836e-05,2.248490261158218e-05,2.12111573279913e-05,7.674921891677417e-06,4.387006534087649e-05,6.840936865041137e-06,3.418808364781971e-05,0.056178614327490065,0.006771333758635835,0.05095526369436708,0.1813687291924498,0.031115033570784482,0.018631049077027343,0.00017371682751764542,108066,1141.0,4106508,1178.0,498.0,0.0,0.34568465,174.64532470703125,1.0,1141.0,-0.003582425881177187,108066,0.003164406167343259,0.32375243306159973,1178.0,4106508,0.4722185730934143,498.0,0.005196988582611084,651000,216132,8213016,24738000,10024.672398989276,1.951651734926803e-05,2.585699479773957e-05,5.9010104125543514e-05,3.416307174430615e-05,3.433033162398031e-05,0.00018635911393842484,8.507927865308982e-06,5.219476736869183e-05,7.812177572074887e-06,4.092642574771011e-05,2.369830459168491e-05
1,78000,False,39,cb694_00000,2025-08-17_22-29-18,1755469758,90.69512176513672,3573.4315922260284,720237,intrinsic-attention2,10.156.0.3,3573.4315922260284,39,91.14370480450697,1.433548398117079e-05,91.14342116053086,2.676873047846416,88.1077383584599,0.002068597414761118,1.0067001111073661,78000,38.0,2.6461459067334814,2,0.001554088279081043,2000,1.0067001111073661,-9.5,2.0,0.00010160046049987332,0.00029005900432821363,1000,39000,4.666509538034106e-05,9.8,10.5,2,329.3323952701664,2000.0,3000.0,"[array([[0.3813749 , 0.19700347, 0.42162156],
       [0.03482273, 0.9440814 , 0.02109591],
       [0.40090582, 0.11348247, 0.48561177]], dtype=float32), array([[0.39778778, 0.19156666, 0.41064554],
       [0.01619491, 0.9702535 , 0.01355162],
       [0.4111563 , 0.16049902, 0.42834467]], dtype=float32), array([[0.2796478 , 0.5339999 , 0.18635224],
       [0.06580719, 0.92163223, 0.01256051],
       [0.3325329 , 0.18187591, 0.4855911 ]], dtype=float32), array([[0.3822528 , 0.19645487, 0.42129233],
       [0.03209059, 0.9483417 , 0.01956769],
       [0.40224925, 0.11437635, 0.48337436]], dtype=float32), array([[0.3460022 , 0.2903914 , 0.36360648],
       [0.0395697 , 0.94431883, 0.01611145],
       [0.37039745, 0.12044588, 0.5091567 ]], dtype=float32), array([[0.4058834 , 0.19999506, 0.39412156],
       [0.00413489, 0.99067324, 0.00519189],
       [0.38188186, 0.2433212 , 0.37479696]], dtype=float32), array([[0.28471845, 0.54938525, 0.16589636],
       [0.08078802, 0.90814984, 0.01106217],
       [0.2968426 , 0.13460456, 0.56855285]], dtype=float32), array([[0.4848935 , 0.09490463, 0.42020193],
       [0.00374158, 0.99015254, 0.00610583],
       [0.43769982, 0.16132253, 0.40097764]], dtype=float32), array([[0.25909775, 0.5768004 , 0.16410181],
       [0.03661714, 0.9576982 , 0.00568467],
       [0.33799386, 0.18443432, 0.47757187]], dtype=float32), array([[0.34002277, 0.31609187, 0.34388542],
       [0.01044807, 0.9843821 , 0.00516984],
       [0.3869201 , 0.17597933, 0.4371006 ]], dtype=float32), array([[0.5680313 , 0.04791282, 0.38405582],
       [0.00178443, 0.99336195, 0.00485364],
       [0.4582736 , 0.15550756, 0.3862188 ]], dtype=float32), array([[6.0739732e-01, 4.3318897e-02, 3.4928381e-01],
       [5.8402738e-04, 9.9663830e-01, 2.7776267e-03],
       [4.0239289e-01, 2.3735034e-01, 3.6025673e-01]], dtype=float32), array([[5.0959897e-01, 9.1008969e-02, 3.9939210e-01],
       [8.7420805e-04, 9.9675971e-01, 2.3661405e-03],
       [3.9205343e-01, 2.4179974e-01, 3.6614680e-01]], dtype=float32), array([[0.29066426, 0.48314005, 0.22619562],
       [0.02994307, 0.9646612 , 0.00539575],
       [0.3348071 , 0.12886617, 0.5363267 ]], dtype=float32), array([[0.24106514, 0.61243457, 0.14650024],
       [0.02165381, 0.9755136 , 0.00283263],
       [0.34161198, 0.18681405, 0.47157392]], dtype=float32), array([[0.33556896, 0.32763448, 0.33679652],
       [0.0061012 , 0.99109286, 0.00280587],
       [0.38790205, 0.17353842, 0.4385596 ]], dtype=float32), array([[0.33287725, 0.33449084, 0.33263192],
       [0.00566576, 0.9917563 , 0.00257788],
       [0.38697553, 0.1770554 , 0.43596905]], dtype=float32), array([[6.0292006e-01, 4.2280003e-02, 3.5479990e-01],
       [2.9107151e-04, 9.9823207e-01, 1.4769488e-03],
       [3.9853889e-01, 2.4098374e-01, 3.6047736e-01]], dtype=float32), array([[5.6591028e-01, 4.6071064e-02, 3.8801870e-01],
       [7.9652213e-04, 9.9687409e-01, 2.3293109e-03],
       [4.5452747e-01, 1.5782119e-01, 3.8765135e-01]], dtype=float32), array([[0.27490973, 0.5004102 , 0.22468014],
       [0.01154859, 0.9858693 , 0.00258217],
       [0.36196536, 0.1802535 , 0.45778117]], dtype=float32), array([[0.3332319 , 0.33355665, 0.33321154],
       [0.00243533, 0.9958943 , 0.00167038],
       [0.36894128, 0.2533166 , 0.37774202]], dtype=float32), array([[0.3340949 , 0.3316588 , 0.3342463 ],
       [0.00260309, 0.9955955 , 0.0018014 ],
       [0.36897504, 0.25336275, 0.37766218]], dtype=float32), array([[0.5686389 , 0.04619024, 0.38517088],
       [0.00110727, 0.99571145, 0.0031814 ],
       [0.45617032, 0.15717602, 0.38665366]], dtype=float32), array([[0.3946836 , 0.20001256, 0.4053038 ],
       [0.0044123 , 0.9920167 , 0.00357101],
       [0.4105261 , 0.1639618 , 0.4255121 ]], dtype=float32), array([[0.33518595, 0.32926857, 0.33554545],
       [0.00277822, 0.99527174, 0.00195005],
       [0.36880386, 0.25402322, 0.377173  ]], dtype=float32), array([[0.48222724, 0.09517285, 0.42259988],
       [0.00190135, 0.994935  , 0.00316373],
       [0.43516117, 0.16306902, 0.4017698 ]], dtype=float32), array([[0.3954349 , 0.19802667, 0.40653846],
       [0.00550091, 0.9900309 , 0.00446819],
       [0.4109338 , 0.1625888 , 0.42647737]], dtype=float32), array([[0.40482277, 0.2021266 , 0.39305058],
       [0.00267243, 0.993891  , 0.00343654],
       [0.37823352, 0.25012127, 0.37164524]], dtype=float32), array([[0.26816797, 0.5617815 , 0.17005049],
       [0.05025009, 0.9414859 , 0.00826401],
       [0.33339307, 0.18113402, 0.48547292]], dtype=float32), array([[0.27397394, 0.55024916, 0.17577693],
       [0.05974859, 0.929837  , 0.01041442],
       [0.33155704, 0.18091023, 0.4875328 ]], dtype=float32), array([[0.301999  , 0.5209784 , 0.17702264],
       [0.1300975 , 0.84919274, 0.02070974],
       [0.2800953 , 0.13122079, 0.5886839 ]], dtype=float32)]","[array([nan, nan, nan], dtype=float32), array([nan, nan, nan], dtype=float32), array([7.8032813, 7.8032813, 7.8032813], dtype=float32), array([nan, nan, nan], dtype=float32), array([nan, nan, nan], dtype=float32), array([7.8008733, 7.8008733, 7.8008733], dtype=float32), array([7.8000665, 7.8000665, 7.8000665], dtype=float32), array([nan, nan, nan], dtype=float32), array([nan, nan, nan], dtype=float32), array([nan, nan, nan], dtype=float32), array([7.7964225, 7.7964225, 7.7964225], dtype=float32), array([nan, nan, nan], dtype=float32), array([nan, nan, nan], dtype=float32), array([nan, nan, nan], dtype=float32), array([7.792419, 7.792419, 7.792419], dtype=float32), array([7.791108, 7.791108, 7.791108], dtype=float32), array([nan, nan, nan], dtype=float32), array([nan, nan, nan], dtype=float32), array([nan, nan, nan], dtype=float32), array([nan, nan, nan], dtype=float32), array([7.785853, 7.785853, 7.785853], dtype=float32), array([nan, nan, nan], dtype=float32), array([nan, nan, nan], dtype=float32), array([7.782795, 7.782795, 7.782795], dtype=float32), array([7.781678, 7.781678, 7.781678], dtype=float32), array([nan, nan, nan], dtype=float32), array([nan, nan, nan], dtype=float32), array([7.781858, 7.781858, 7.781858], dtype=float32), array([nan, nan, nan], dtype=float32), array([nan, nan, nan], dtype=float32), array([nan, nan, nan], dtype=float32)]","[array([7.80343, 7.80343, 7.80343], dtype=float32), array([7.803445, 7.803445, 7.803445], dtype=float32), array([7.8032823, 7.8032823, 7.8032823], dtype=float32), array([7.802665, 7.802665, 7.802665], dtype=float32), array([7.801727, 7.801727, 7.801727], dtype=float32), array([7.8008738, 7.8008738, 7.8008738], dtype=float32), array([7.8000655, 7.8000655, 7.8000655], dtype=float32), array([7.7993174, 7.7993174, 7.7993174], dtype=float32), array([7.7983074, 7.7983074, 7.7983074], dtype=float32), array([7.7973466, 7.7973466, 7.7973466], dtype=float32), array([7.7964234, 7.7964234, 7.7964234], dtype=float32), array([7.795587, 7.795587, 7.795587], dtype=float32), array([7.794488, 7.794488, 7.794488], dtype=float32), array([7.793472, 7.793472, 7.793472], dtype=float32), array([7.7924185, 7.7924185, 7.7924185], dtype=float32), array([7.791108, 7.791108, 7.791108], dtype=float32), array([7.7901373, 7.7901373, 7.7901373], dtype=float32), array([7.789339, 7.789339, 7.789339], dtype=float32), array([7.7883058, 7.7883058, 7.7883058], dtype=float32), array([7.7870626, 7.7870626, 7.7870626], dtype=float32), array([7.785852, 7.785852, 7.785852], dtype=float32), array([7.7847447, 7.7847447, 7.7847447], dtype=float32), array([7.7836833, 7.7836833, 7.7836833], dtype=float32), array([7.7827926, 7.7827926, 7.7827926], dtype=float32), array([7.781678, 7.781678, 7.781678], dtype=float32), array([7.7811203, 7.7811203, 7.7811203], dtype=float32), array([7.781317, 7.781317, 7.781317], dtype=float32), array([7.781859, 7.781859, 7.781859], dtype=float32), array([7.782225, 7.782225, 7.782225], dtype=float32), array([7.782205, 7.782205, 7.782205], dtype=float32), array([7.782059, 7.782059, 7.782059], dtype=float32)]",1,0,0,0,0,0,53.48139534883721,43.171317829457365,0.0003667929960277783,9.8,0.00015930459493267962,78000,2000,78000,9.8,2000,0.34821112815512684,30969,0.0,1.0,0.0013802934991,1207791,39.0,0.0393447157605,999.0,0.0,23810,348.6858290957754,0.0013802934991,30969,0.32486045360565186,39.0,1207791,0.4722185432910919,999.0,-0.044239044189453125,2.1494821922374285e-08,81158,0.347821444272995,123.47832489013672,0.0,0.0019657525699585676,1.0,-0.0009370064944960177,348.6860805429827,2415582,3627000,104968,0,93000,61938,1047.1063853693338,6176355.718657873,6497519.793123211,10.5,78100,100,1.0067001111073661,0.0001486051975537293,1950,6.178543992623435e-05,1.0067001111073661,0.18325466225676165,39.0,0.0020813755797280463,2.0,0.00027594684456182245,9.9,2,2,9.5,50,0.0005143070667605874,3900,0.00022251185465441576,3900,100,9.9,100,9.9,2.941826588077474e-05,4.796676524494345e-05,2.903478805561343e-05,0.00015442310466831874,1.6002231691379092e-05,2.246715952379387e-05,2.0414536249800673e-05,7.4985691796956705e-06,4.232834850535898e-05,6.730489921947234e-06,3.3503993581335914e-05,0.05614156917429185,0.006771180201049487,0.05319424557749278,0.1813383717905476,0.031092502955162627,0.01859351702630948,0.00017362663918724943,108066,1171.0,4214574,1209.0,498.0,0.0,0.34756216,175.0688018798828,1.0,1171.0,-0.001413816469721496,108066,0.0013821310130879283,0.3277284502983093,1209.0,4214574,0.4722185730934143,498.0,0.007480263710021973,651000,216132,8429148,25389000,10003.658523621014,2.2832010768530627e-05,3.0486180795253865e-05,6.899625647711071e-05,4.112923563028423e-05,4.090526372359811e-05,0.0002133734712392306,9.604397248765214e-06,5.948362267514815e-05,9.023567312758807e-06,4.728924291472156e-05,2.700413291763577e-05
1,80000,False,40,cb694_00000,2025-08-17_22-30-48,1755469848,89.86871886253357,3663.300311088562,720237,intrinsic-attention2,10.156.0.3,3663.300311088562,40,91.1288910715018,1.4315479032868942e-05,91.12860667994559,2.6764755273979994,88.09358896112523,0.0020662156805429277,1.0067001111073661,80000,39.0,2.6457607212660483,2,0.0015213645399489906,2000,1.0067001111073661,9.5,2.0,9.839292565776055e-05,0.00029005900432821363,1000,40000,4.6189709523338657e-05,10.01,10.5,2,318.99845637325905,2000.0,3000.0,"[array([[0.3020382 , 0.44381306, 0.25414878],
       [0.05738792, 0.92613006, 0.016482  ],
       [0.34911934, 0.1750957 , 0.47578493]], dtype=float32), array([[0.39828938, 0.18917589, 0.41253462],
       [0.02262929, 0.9584089 , 0.01896184],
       [0.41144958, 0.1580999 , 0.43045053]], dtype=float32), array([[0.35485503, 0.2752987 , 0.36984625],
       [0.02998462, 0.9529529 , 0.01706256],
       [0.3885197 , 0.16456652, 0.4469138 ]], dtype=float32), array([[0.34875473, 0.29226068, 0.3589846 ],
       [0.02888813, 0.9548118 , 0.01630006],
       [0.38534427, 0.17701632, 0.4376394 ]], dtype=float32), array([[0.28414008, 0.5315541 , 0.1843059 ],
       [0.08211154, 0.9022202 , 0.01566818],
       [0.32665744, 0.17976911, 0.49357343]], dtype=float32), array([[0.58293325, 0.04695653, 0.37011027],
       [0.0049202 , 0.98229086, 0.01278884],
       [0.465453  , 0.1534933 , 0.38105372]], dtype=float32), array([[0.40799743, 0.19968951, 0.39231306],
       [0.00551303, 0.9871587 , 0.00732825],
       [0.3765918 , 0.2548024 , 0.36860573]], dtype=float32), array([[0.39798838, 0.19007748, 0.4119341 ],
       [0.01598189, 0.9708201 , 0.013198  ],
       [0.4120241 , 0.157002  , 0.43097386]], dtype=float32), array([[0.34526363, 0.30186242, 0.35287392],
       [0.02015894, 0.9690889 , 0.01075225],
       [0.3857899 , 0.17602408, 0.43818602]], dtype=float32), array([[0.40735963, 0.20067012, 0.39197025],
       [0.00480232, 0.98878133, 0.00641641],
       [0.37543467, 0.25680596, 0.36775938]], dtype=float32), array([[0.34482828, 0.3030278 , 0.352144  ],
       [0.02016029, 0.9690935 , 0.01074625],
       [0.38555297, 0.17685053, 0.43759653]], dtype=float32), array([[0.37689695, 0.20374896, 0.41935408],
       [0.03626426, 0.9431343 , 0.02060145],
       [0.39582965, 0.10925516, 0.49491522]], dtype=float32), array([[0.3482505 , 0.29368848, 0.35806096],
       [0.02317884, 0.96419907, 0.01262204],
       [0.3865369 , 0.17264692, 0.44081625]], dtype=float32), array([[0.34298852, 0.2974654 , 0.35954607],
       [0.05761724, 0.9193531 , 0.02302965],
       [0.360598  , 0.11924497, 0.52015704]], dtype=float32), array([[0.6280066 , 0.04376037, 0.328233  ],
       [0.00166258, 0.99045426, 0.0078832 ],
       [0.39581218, 0.25021136, 0.35397646]], dtype=float32), array([[0.57380116, 0.05079345, 0.37540534],
       [0.00592945, 0.9795776 , 0.01449293],
       [0.46410784, 0.15348576, 0.38240647]], dtype=float32), array([[0.2738791 , 0.554243  , 0.17187788],
       [0.07200304, 0.9145765 , 0.01342045],
       [0.33321655, 0.20027336, 0.4665101 ]], dtype=float32), array([[0.35446024, 0.28915823, 0.3563815 ],
       [0.01060916, 0.97998273, 0.00940808],
       [0.36652958, 0.26372373, 0.36974669]], dtype=float32), array([[0.293537  , 0.4677607 , 0.23870236],
       [0.05732816, 0.92599314, 0.01667866],
       [0.35046685, 0.19980529, 0.44972795]], dtype=float32), array([[0.28036276, 0.5407491 , 0.17888819],
       [0.08878404, 0.8929093 , 0.0183066 ],
       [0.33277056, 0.207411  , 0.45981845]], dtype=float32), array([[0.35771662, 0.2828464 , 0.359437  ],
       [0.01401418, 0.9731346 , 0.01285119],
       [0.36652866, 0.2644913 , 0.36898002]], dtype=float32), array([[0.27927673, 0.54335743, 0.17736581],
       [0.08757957, 0.8944714 , 0.01794904],
       [0.3331636 , 0.20917594, 0.45766044]], dtype=float32), array([[0.2771814 , 0.54782194, 0.17499667],
       [0.08312388, 0.900231  , 0.01664512],
       [0.33361164, 0.209128  , 0.4572603 ]], dtype=float32), array([[0.538117  , 0.08573626, 0.3761468 ],
       [0.00398622, 0.98434526, 0.01166843],
       [0.38590026, 0.25747374, 0.35662597]], dtype=float32), array([[0.5389823 , 0.0853629 , 0.37565482],
       [0.00400153, 0.9842329 , 0.01176561],
       [0.3857754 , 0.25775287, 0.35647175]], dtype=float32), array([[0.53865165, 0.08474938, 0.37659898],
       [0.00342659, 0.98632264, 0.01025074],
       [0.3846903 , 0.25897744, 0.35633227]], dtype=float32), array([[0.33982366, 0.31631768, 0.34385866],
       [0.02684272, 0.9582588 , 0.0148985 ],
       [0.3805708 , 0.19430995, 0.42511925]], dtype=float32), array([[0.35098973, 0.2860054 , 0.36300492],
       [0.02982537, 0.9533002 , 0.01687439],
       [0.38642636, 0.17225459, 0.44131908]], dtype=float32), array([[0.3378979 , 0.31559363, 0.34650844],
       [0.06708735, 0.90721714, 0.02569547],
       [0.354237  , 0.12357321, 0.5221898 ]], dtype=float32), array([[0.35893708, 0.28113508, 0.35992786],
       [0.0090867 , 0.9822942 , 0.00861904],
       [0.3643947 , 0.26997542, 0.36562982]], dtype=float32), array([[0.57860607, 0.04810357, 0.37329027],
       [0.00658126, 0.97753364, 0.0158852 ],
       [0.47057667, 0.14636733, 0.383056  ]], dtype=float32)]","[array([nan, nan, nan], dtype=float32), array([nan, nan, nan], dtype=float32), array([nan, nan, nan], dtype=float32), array([nan, nan, nan], dtype=float32), array([nan, nan, nan], dtype=float32), array([nan, nan, nan], dtype=float32), array([nan, nan, nan], dtype=float32), array([nan, nan, nan], dtype=float32), array([nan, nan, nan], dtype=float32), array([nan, nan, nan], dtype=float32), array([nan, nan, nan], dtype=float32), array([nan, nan, nan], dtype=float32), array([nan, nan, nan], dtype=float32), array([nan, nan, nan], dtype=float32), array([nan, nan, nan], dtype=float32), array([nan, nan, nan], dtype=float32), array([nan, nan, nan], dtype=float32), array([nan, nan, nan], dtype=float32), array([nan, nan, nan], dtype=float32), array([nan, nan, nan], dtype=float32), array([nan, nan, nan], dtype=float32), array([nan, nan, nan], dtype=float32), array([nan, nan, nan], dtype=float32), array([nan, nan, nan], dtype=float32), array([nan, nan, nan], dtype=float32), array([nan, nan, nan], dtype=float32), array([nan, nan, nan], dtype=float32), array([nan, nan, nan], dtype=float32), array([nan, nan, nan], dtype=float32), array([nan, nan, nan], dtype=float32), array([nan, nan, nan], dtype=float32)]","[array([7.782012, 7.782012, 7.782012], dtype=float32), array([7.7823114, 7.7823114, 7.7823114], dtype=float32), array([7.7827897, 7.7827897, 7.7827897], dtype=float32), array([7.7827435, 7.7827435, 7.7827435], dtype=float32), array([7.7827053, 7.7827053, 7.7827053], dtype=float32), array([7.7828994, 7.7828994, 7.7828994], dtype=float32), array([7.7830105, 7.7830105, 7.7830105], dtype=float32), array([7.7832646, 7.7832646, 7.7832646], dtype=float32), array([7.78363, 7.78363, 7.78363], dtype=float32), array([7.784058, 7.784058, 7.784058], dtype=float32), array([7.7842927, 7.7842927, 7.7842927], dtype=float32), array([7.7846355, 7.7846355, 7.7846355], dtype=float32), array([7.7849574, 7.7849574, 7.7849574], dtype=float32), array([7.785089, 7.785089, 7.785089], dtype=float32), array([7.785406, 7.785406, 7.785406], dtype=float32), array([7.78605, 7.78605, 7.78605], dtype=float32), array([7.7866726, 7.7866726, 7.7866726], dtype=float32), array([7.787199, 7.787199, 7.787199], dtype=float32), array([7.7876043, 7.7876043, 7.7876043], dtype=float32), array([7.7880244, 7.7880244, 7.7880244], dtype=float32), array([7.7883387, 7.7883387, 7.7883387], dtype=float32), array([7.7887716, 7.7887716, 7.7887716], dtype=float32), array([7.7887254, 7.7887254, 7.7887254], dtype=float32), array([7.7884583, 7.7884583, 7.7884583], dtype=float32), array([7.7882156, 7.7882156, 7.7882156], dtype=float32), array([7.7878566, 7.7878566, 7.7878566], dtype=float32), array([7.7879267, 7.7879267, 7.7879267], dtype=float32), array([7.7878094, 7.7878094, 7.7878094], dtype=float32), array([7.787789, 7.787789, 7.787789], dtype=float32), array([7.7877207, 7.7877207, 7.7877207], dtype=float32), array([7.7875595, 7.7875595, 7.7875595], dtype=float32)]",1,0,0,0,0,0,53.46511627906977,43.278294573643414,0.00036308777175684815,10.01,0.00015911310445283173,80000,2000,80000,10.01,2000,0.34796583494357514,30969,0.0,1.0,0.0013802934991,1238760,40.0,0.0393447157605,999.0,0.0,23810,348.8642463163422,0.0013802934991,30969,0.3242212235927582,40.0,1238760,0.4722185432910919,999.0,-0.002774477005004883,1.0747410961187143e-08,81158,0.34875622391700745,167.3960723876953,0.0,0.0007923318771645427,1.0,-3.138819920422975e-06,348.86448962546973,2477520,3720000,104968,0,93000,61938,1047.6420964125455,6185780.180667597,6508738.694272818,10.5,80100,100,1.0067001111073661,0.00015294107641845763,2000,6.388725907998661e-05,1.0067001111073661,0.18330341731416264,40.0,0.0023053924403211566,2.0,0.00027507456612637,9.9,2,2,9.5,50,0.000535245814514699,4000,0.0002326523254621122,4000,100,9.9,100,9.9,2.9174311813112357e-05,4.725584463077677e-05,2.8607061044161797e-05,0.00015182037150621172,1.5833319846068514e-05,2.218417080872422e-05,2.0342428272327717e-05,7.4815848727025925e-06,4.195655887383001e-05,6.823451578715927e-06,3.333792337788493e-05,0.056104915982539104,0.006768270249133219,0.05313264471168906,0.18124619490261257,0.031074469685647584,0.018557868805984548,0.0001735538828427419,108066,1201.0,4322640,1240.0,498.0,0.0,0.34875774,175.67210388183594,1.0,1201.0,-0.00012874603271484375,108066,0.0008260945905931294,0.32796797156333923,1240.0,4322640,0.4722185730934143,498.0,0.007380306720733643,651000,216132,8645280,26040000,9983.267894409812,2.3812972653406027e-05,3.148251779769667e-05,7.194405967884136e-05,4.272791382500664e-05,4.206979311123606e-05,0.00022118097344805802,9.911457820007486e-06,6.304074489766866e-05,9.316982725642362e-06,4.8778915083172194e-05,2.8176949515417528e-05
1,82000,False,41,cb694_00000,2025-08-17_22-32-20,1755469940,91.59379506111145,3754.8941061496735,720237,intrinsic-attention2,10.156.0.3,3754.8941061496735,41,91.13150874587679,1.4291874192426531e-05,91.13122350529605,2.675470584993966,88.09753245782404,0.0020627798637247448,1.0067001111073661,82000,40.0,2.644769604323434,2,0.001558699249580968,2000,1.0067001111073661,9.5,2.0,0.00010085444111579895,0.00029005900432821363,1000,41000,4.653235755402175e-05,10.0,10.5,2,308.9302208897059,2000.0,3000.0,"[array([[0.3596737 , 0.27983263, 0.36049366],
       [0.00863585, 0.9830913 , 0.00827276],
       [0.3641259 , 0.27076834, 0.36510578]], dtype=float32), array([[0.5537442 , 0.07556039, 0.37069532],
       [0.00231353, 0.98984396, 0.00784251],
       [0.3817977 , 0.26380908, 0.35439318]], dtype=float32), array([[0.27042827, 0.5644771 , 0.16509464],
       [0.06960618, 0.9180505 , 0.01234332],
       [0.3327779 , 0.2017677 , 0.46545443]], dtype=float32), array([[0.2656729 , 0.5742407 , 0.16008638],
       [0.06174956, 0.92784584, 0.01040454],
       [0.33370823, 0.20169514, 0.46459663]], dtype=float32), array([[0.30239788, 0.4834786 , 0.21412358],
       [0.08730063, 0.8969679 , 0.0157314 ],
       [0.29899442, 0.12165381, 0.5793518 ]], dtype=float32), array([[0.5850149 , 0.04117093, 0.3738141 ],
       [0.00281695, 0.9896079 , 0.00757521],
       [0.4738128 , 0.14033198, 0.38585526]], dtype=float32), array([[0.33110386, 0.34126744, 0.3276287 ],
       [0.0295134 , 0.9617367 , 0.00874998],
       [0.35515058, 0.10967644, 0.535173  ]], dtype=float32), array([[0.2838867 , 0.5227621 , 0.19335116],
       [0.04134049, 0.95291597, 0.00574357],
       [0.3098845 , 0.11640294, 0.57371265]], dtype=float32), array([[0.25244462, 0.63655263, 0.11100274],
       [0.05106467, 0.9451139 , 0.00382142],
       [0.2817389 , 0.1209071 , 0.597354  ]], dtype=float32), array([[6.4689279e-01, 3.0170742e-02, 3.2293653e-01],
       [8.7715416e-05, 9.9918371e-01, 7.2855322e-04],
       [3.6762989e-01, 2.8527597e-01, 3.4709412e-01]], dtype=float32), array([[6.4572316e-01, 2.9635716e-02, 3.2464111e-01],
       [6.3464402e-05, 9.9938798e-01, 5.4851471e-04],
       [3.6530066e-01, 2.8821763e-01, 3.4648177e-01]], dtype=float32), array([[4.2021081e-01, 1.8332823e-01, 3.9646095e-01],
       [2.1392426e-04, 9.9939907e-01, 3.8693188e-04],
       [3.5411701e-01, 2.9617614e-01, 3.4970692e-01]], dtype=float32), array([[2.9822266e-01, 4.1830409e-01, 2.8347331e-01],
       [1.4072071e-03, 9.9806684e-01, 5.2603555e-04],
       [3.7808743e-01, 2.0855907e-01, 4.1335347e-01]], dtype=float32), array([[2.9159158e-01, 4.3351737e-01, 2.7489096e-01],
       [9.9109928e-04, 9.9865448e-01, 3.5437415e-04],
       [3.7695679e-01, 2.1256046e-01, 4.1048270e-01]], dtype=float32), array([[5.2624816e-01, 7.6637439e-02, 3.9711440e-01],
       [3.5429828e-05, 9.9980623e-01, 1.5839118e-04],
       [3.5193744e-01, 3.0363593e-01, 3.4442660e-01]], dtype=float32), array([[3.6469135e-01, 2.6683721e-01, 3.6847138e-01],
       [2.5008887e-04, 9.9955970e-01, 1.9020152e-04],
       [3.8900784e-01, 2.1425006e-01, 3.9674211e-01]], dtype=float32), array([[5.7913089e-01, 3.0691816e-02, 3.9017725e-01],
       [6.4370164e-05, 9.9970007e-01, 2.3558924e-04],
       [4.6865794e-01, 1.3492349e-01, 3.9641863e-01]], dtype=float32), array([[5.7857955e-01, 3.0244987e-02, 3.9117542e-01],
       [5.0339055e-05, 9.9976271e-01, 1.8704333e-04],
       [4.6842274e-01, 1.3457268e-01, 3.9700457e-01]], dtype=float32), array([[5.7684344e-01, 3.0093223e-02, 3.9306328e-01],
       [3.7621336e-05, 9.9982113e-01, 1.4129633e-04],
       [4.6771038e-01, 1.3448682e-01, 3.9780289e-01]], dtype=float32), array([[1.6682535e-01, 7.7432078e-01, 5.8853939e-02],
       [5.9363069e-03, 9.9387991e-01, 1.8370774e-04],
       [3.0794004e-01, 1.2537836e-01, 5.6668162e-01]], dtype=float32), array([[6.3634926e-01, 2.5777185e-02, 3.3787352e-01],
       [3.0212846e-06, 9.9995983e-01, 3.7159938e-05],
       [3.4177947e-01, 3.2070845e-01, 3.3751208e-01]], dtype=float32), array([[4.2092562e-01, 1.8124259e-01, 3.9783180e-01],
       [1.4475622e-05, 9.9995506e-01, 3.0528707e-05],
       [3.3805218e-01, 3.2479975e-01, 3.3714807e-01]], dtype=float32), array([[3.0484870e-01, 3.9222008e-01, 3.0293119e-01],
       [2.6361255e-05, 9.9995339e-01, 2.0244728e-05],
       [3.3394828e-01, 3.3205596e-01, 3.3399579e-01]], dtype=float32), array([[4.0164492e-01, 1.8755561e-01, 4.1079941e-01],
       [7.0906455e-05, 9.9987566e-01, 5.3442567e-05],
       [4.2084193e-01, 1.4481738e-01, 4.3434066e-01]], dtype=float32), array([[2.2355317e-01, 5.8132458e-01, 1.9512227e-01],
       [7.7441146e-05, 9.9990237e-01, 2.0129764e-05],
       [3.5568467e-01, 2.7545056e-01, 3.6886483e-01]], dtype=float32), array([[1.8603902e-01, 7.0598739e-01, 1.0797354e-01],
       [8.8954659e-04, 9.9905986e-01, 5.0666687e-05],
       [3.4859508e-01, 1.2982392e-01, 5.2158105e-01]], dtype=float32), array([[1.54118299e-01, 7.38263488e-01, 1.07618205e-01],
       [1.01792386e-04, 9.99885798e-01, 1.23741520e-05],
       [3.47652465e-01, 2.89915353e-01, 3.62432212e-01]], dtype=float32), array([[2.0485494e-01, 6.1990684e-01, 1.7523822e-01],
       [3.9855095e-05, 9.9995065e-01, 9.5506393e-06],
       [3.4827653e-01, 2.9523662e-01, 3.5648686e-01]], dtype=float32), array([[6.2930924e-01, 2.4899835e-02, 3.4579095e-01],
       [4.3565296e-07, 9.9999297e-01, 6.5830177e-06],
       [3.2217842e-01, 3.5056061e-01, 3.2726106e-01]], dtype=float32), array([[2.0206849e-01, 6.2543958e-01, 1.7249198e-01],
       [3.4217239e-05, 9.9995768e-01, 8.1046983e-06],
       [3.4717679e-01, 2.9816666e-01, 3.5465658e-01]], dtype=float32), array([[2.9787502e-01, 4.0635478e-01, 2.9577020e-01],
       [8.5035927e-06, 9.9998498e-01, 6.5136596e-06],
       [3.2773808e-01, 3.4490579e-01, 3.2735619e-01]], dtype=float32)]","[array([nan, nan, nan], dtype=float32), array([nan, nan, nan], dtype=float32), array([nan, nan, nan], dtype=float32), array([nan, nan, nan], dtype=float32), array([nan, nan, nan], dtype=float32), array([nan, nan, nan], dtype=float32), array([nan, nan, nan], dtype=float32), array([nan, nan, nan], dtype=float32), array([nan, nan, nan], dtype=float32), array([nan, nan, nan], dtype=float32), array([nan, nan, nan], dtype=float32), array([nan, nan, nan], dtype=float32), array([nan, nan, nan], dtype=float32), array([nan, nan, nan], dtype=float32), array([nan, nan, nan], dtype=float32), array([nan, nan, nan], dtype=float32), array([nan, nan, nan], dtype=float32), array([nan, nan, nan], dtype=float32), array([nan, nan, nan], dtype=float32), array([nan, nan, nan], dtype=float32), array([nan, nan, nan], dtype=float32), array([nan, nan, nan], dtype=float32), array([nan, nan, nan], dtype=float32), array([nan, nan, nan], dtype=float32), array([nan, nan, nan], dtype=float32), array([nan, nan, nan], dtype=float32), array([nan, nan, nan], dtype=float32), array([nan, nan, nan], dtype=float32), array([nan, nan, nan], dtype=float32), array([nan, nan, nan], dtype=float32), array([nan, nan, nan], dtype=float32)]","[array([7.787627, 7.787627, 7.787627], dtype=float32), array([7.787789, 7.787789, 7.787789], dtype=float32), array([7.7876573, 7.7876573, 7.7876573], dtype=float32), array([7.7879033, 7.7879033, 7.7879033], dtype=float32), array([7.7884817, 7.7884817, 7.7884817], dtype=float32), array([7.7882915, 7.7882915, 7.7882915], dtype=float32), array([7.788751, 7.788751, 7.788751], dtype=float32), array([7.788992, 7.788992, 7.788992], dtype=float32), array([7.789656, 7.789656, 7.789656], dtype=float32), array([7.790178, 7.790178, 7.790178], dtype=float32), array([7.791017, 7.791017, 7.791017], dtype=float32), array([7.792175, 7.792175, 7.792175], dtype=float32), array([7.7927938, 7.7927938, 7.7927938], dtype=float32), array([7.7937555, 7.7937555, 7.7937555], dtype=float32), array([7.7943487, 7.7943487, 7.7943487], dtype=float32), array([7.794672, 7.794672, 7.794672], dtype=float32), array([7.7948074, 7.7948074, 7.7948074], dtype=float32), array([7.795013, 7.795013, 7.795013], dtype=float32), array([7.79563, 7.79563, 7.79563], dtype=float32), array([7.7960663, 7.7960663, 7.7960663], dtype=float32), array([7.7966447, 7.7966447, 7.7966447], dtype=float32), array([7.797166, 7.797166, 7.797166], dtype=float32), array([7.797746, 7.797746, 7.797746], dtype=float32), array([7.7981963, 7.7981963, 7.7981963], dtype=float32), array([7.7989335, 7.7989335, 7.7989335], dtype=float32), array([7.799615, 7.799615, 7.799615], dtype=float32), array([7.8003397, 7.8003397, 7.8003397], dtype=float32), array([7.8008957, 7.8008957, 7.8008957], dtype=float32), array([7.8010855, 7.8010855, 7.8010855], dtype=float32), array([7.80179, 7.80179, 7.80179], dtype=float32), array([7.8024607, 7.8024607, 7.8024607], dtype=float32)]",1,0,0,0,0,0,53.4145038167939,43.30000000000001,0.00037273115183672283,10.0,0.00015937970273440638,82000,2000,82000,10.0,2000,0.3476631626440874,30969,0.0,1.0,0.0013802934991,1269729,41.0,0.0393447157605,999.0,0.0,23810,348.66611394661106,0.0013802934991,30969,0.33777177333831787,41.0,1269729,0.4722185432910919,999.0,-0.29071855545043945,5.373705480593571e-09,81158,0.34647682309150696,177.72311401367188,0.0,0.0043736607767641544,1.0,-0.0022637764923274517,348.66634721602736,2539458,3813000,104968,0,93000,61938,1047.0470223072277,6190163.259386793,6514697.420269768,10.5,82100,100,1.0067001111073661,0.00015254528348605377,2050,6.419742967576412e-05,1.0067001111073661,0.18333114384109503,41.0,0.0023045299017394427,2.0,0.00027422203034963623,9.9,2,2,9.5,50,0.0005324136811344749,4100,0.00023418512394472884,4100,100,9.9,100,9.9,2.9948493602437734e-05,4.972244112377583e-05,2.9287158229537003e-05,0.00015654943350255554,1.6213487148484162e-05,2.233396359067186e-05,2.0416597685772777e-05,7.501333081635112e-06,4.2908086306664564e-05,6.697540348401137e-06,3.3514130618610496e-05,0.056090089832737534,0.006765974476569514,0.0530796810445492,0.18106358016357438,0.031048473458794357,0.018531836667909658,0.000173521643945565,108066,1231.0,4430706,1271.0,498.0,0.0,0.34547266,174.80690002441406,1.0,1231.0,-0.0038629439659416676,108066,0.0036901584826409817,0.33523356914520264,1271.0,4430706,0.4722185730934143,498.0,0.0011227726936340332,651000,216132,8861412,26691000,9957.497022339474,2.421248992047144e-05,3.125182835937516e-05,7.156313439086464e-05,4.275542713519471e-05,4.1965776728077366e-05,0.00021888755957447136,1.0483649022565679e-05,6.248978797470201e-05,9.462417175513205e-06,4.8876063952347396e-05,2.8654435172519985e-05
1,84000,False,42,cb694_00000,2025-08-17_22-33-50,1755470030,89.95694637298584,3844.8510525226593,720237,intrinsic-attention2,10.156.0.3,3844.8510525226593,42,91.11764416227803,1.425075555626959e-05,91.11735854302306,2.6742028469140013,88.08509107706573,0.0020638753150437643,1.0067001111073661,84000,41.0,2.6435180052500846,2,0.0015147937300207558,2000,1.0067001111073661,9.5,2.0,9.702349646482908e-05,0.00029005900432821363,1000,42000,4.545408420710842e-05,9.92,10.5,2,299.1258929877177,2000.0,3000.0,"[array([[2.9933223e-01, 4.0331781e-01, 2.9734993e-01],
       [8.2726401e-06, 9.9998546e-01, 6.3736629e-06],
       [3.2851091e-01, 3.4330031e-01, 3.2818872e-01]], dtype=float32), array([[3.2618928e-01, 3.4817266e-01, 3.2563809e-01],
       [1.2925072e-05, 9.9997747e-01, 9.6531248e-06],
       [3.5658419e-01, 2.8474531e-01, 3.5867053e-01]], dtype=float32), array([[4.6806785e-01, 9.0436392e-02, 4.4149575e-01],
       [1.7845587e-05, 9.9995577e-01, 2.6323509e-05],
       [4.4238016e-01, 1.3366733e-01, 4.2395249e-01]], dtype=float32), array([[1.2913850e-01, 8.2902759e-01, 4.1833885e-02],
       [1.6467971e-03, 9.9831921e-01, 3.3866116e-05],
       [3.1941855e-01, 1.3017455e-01, 5.5040687e-01]], dtype=float32), array([[2.2027074e-01, 5.8720529e-01, 1.9252397e-01],
       [3.9764349e-05, 9.9995029e-01, 9.8913242e-06],
       [3.5748231e-01, 2.7121937e-01, 3.7129828e-01]], dtype=float32), array([[4.2652515e-01, 1.7127040e-01, 4.0220448e-01],
       [3.0755652e-06, 9.9998999e-01, 6.9598918e-06],
       [3.3769462e-01, 3.2541469e-01, 3.3689070e-01]], dtype=float32), array([[9.9516414e-02, 8.5681933e-01, 4.3664247e-02],
       [2.2059157e-04, 9.9977058e-01, 8.8009456e-06],
       [3.4709266e-01, 2.7173698e-01, 3.8117030e-01]], dtype=float32), array([[3.4113818e-01, 3.1713441e-01, 3.4172744e-01],
       [1.1274908e-05, 9.9998009e-01, 8.6114542e-06],
       [3.6805579e-01, 2.6087987e-01, 3.7106439e-01]], dtype=float32), array([[3.4090713e-01, 3.1482956e-01, 3.4426326e-01],
       [7.3802381e-05, 9.9990332e-01, 2.2877699e-05],
       [4.0793690e-01, 1.1564321e-01, 4.7641984e-01]], dtype=float32), array([[1.00767076e-01, 8.54292631e-01, 4.49403301e-02],
       [1.99250499e-04, 9.99792755e-01, 7.96976110e-06],
       [3.48505020e-01, 2.64987648e-01, 3.86507362e-01]], dtype=float32), array([[4.0737128e-01, 1.7753266e-01, 4.1509613e-01],
       [1.9921697e-05, 9.9996448e-01, 1.5595911e-05],
       [4.2375076e-01, 1.4188109e-01, 4.3436804e-01]], dtype=float32), array([[4.9660194e-01, 8.8791907e-02, 4.1460618e-01],
       [1.2534762e-06, 9.9999344e-01, 5.2094861e-06],
       [3.4747332e-01, 3.0927002e-01, 3.4325662e-01]], dtype=float32), array([[2.9416385e-01, 4.1568536e-01, 2.9015073e-01],
       [7.9054462e-06, 9.9998713e-01, 4.9573455e-06],
       [3.4451234e-01, 3.0950570e-01, 3.4598193e-01]], dtype=float32), array([[4.8824456e-01, 9.5586151e-02, 4.1616929e-01],
       [8.1374708e-07, 9.9999595e-01, 3.2130256e-06],
       [3.4514272e-01, 3.1300300e-01, 3.4185427e-01]], dtype=float32), array([[1.7076027e-01, 7.2179615e-01, 1.0744353e-01],
       [1.3039366e-04, 9.9986219e-01, 7.3571700e-06],
       [3.6430985e-01, 1.3808906e-01, 4.9760109e-01]], dtype=float32), array([[4.7775969e-01, 1.0542946e-01, 4.1681087e-01],
       [4.4042278e-07, 9.9999785e-01, 1.6517249e-06],
       [3.3968955e-01, 3.2223532e-01, 3.3807504e-01]], dtype=float32), array([[2.0687129e-01, 6.3438344e-01, 1.5874524e-01],
       [4.4833730e-05, 9.9995100e-01, 4.2077550e-06],
       [3.7938416e-01, 1.4229055e-01, 4.7832531e-01]], dtype=float32), array([[6.0296196e-01, 2.7135499e-02, 3.6990252e-01],
       [5.8087526e-08, 9.9999917e-01, 8.0208235e-07],
       [3.3167773e-01, 3.3597159e-01, 3.3235064e-01]], dtype=float32), array([[3.0528948e-01, 3.9119643e-01, 3.0351415e-01],
       [7.8529030e-07, 9.9999857e-01, 5.6419736e-07],
       [3.4155083e-01, 3.1628028e-01, 3.4216893e-01]], dtype=float32), array([[1.13977395e-01, 8.06558609e-01, 7.94640407e-02],
       [3.60382728e-06, 9.99996066e-01, 3.57604989e-07],
       [3.32683682e-01, 3.35070819e-01, 3.32245499e-01]], dtype=float32), array([[2.8139019e-01, 4.4023585e-01, 2.7837390e-01],
       [3.2097458e-07, 9.9999940e-01, 2.2392939e-07],
       [3.2248232e-01, 3.5579792e-01, 3.2171980e-01]], dtype=float32), array([[2.7612367e-01, 4.6195269e-01, 2.6192361e-01],
       [2.0011232e-06, 9.9999750e-01, 5.2074131e-07],
       [3.9337018e-01, 1.8053970e-01, 4.2609015e-01]], dtype=float32), array([[5.3872269e-01, 3.8011014e-02, 4.2326623e-01],
       [1.2242020e-07, 9.9999940e-01, 5.2080293e-07],
       [4.3511698e-01, 1.6623482e-01, 3.9864817e-01]], dtype=float32), array([[2.1885797e-01, 5.7339007e-01, 2.0775200e-01],
       [3.5618928e-07, 9.9999952e-01, 1.5959345e-07],
       [3.1005740e-01, 3.8342559e-01, 3.0651709e-01]], dtype=float32), array([[1.2374339e-01, 7.9744112e-01, 7.8815483e-02],
       [6.9294583e-06, 9.9999273e-01, 3.9046083e-07],
       [3.6820859e-01, 2.0992254e-01, 4.2186880e-01]], dtype=float32), array([[1.0001390e-01, 8.2556927e-01, 7.4416786e-02],
       [7.9734315e-07, 9.9999905e-01, 1.1156458e-07],
       [2.8632528e-01, 4.4445065e-01, 2.6922402e-01]], dtype=float32), array([[3.5415173e-02, 9.5229858e-01, 1.2286200e-02],
       [4.7225221e-06, 9.9999511e-01, 9.1479357e-08],
       [2.9595420e-01, 4.4435391e-01, 2.5969195e-01]], dtype=float32), array([[2.2865486e-01, 5.7046312e-01, 2.0088197e-01],
       [3.0456411e-06, 9.9999642e-01, 5.0387615e-07],
       [3.8718376e-01, 1.8190669e-01, 4.3090957e-01]], dtype=float32), array([[2.4102876e-01, 5.4069489e-01, 2.1827640e-01],
       [2.5115880e-06, 9.9999702e-01, 5.1604007e-07],
       [3.8530064e-01, 1.9610117e-01, 4.1859818e-01]], dtype=float32), array([[3.8591903e-01, 2.3772918e-01, 3.7635177e-01],
       [9.3035283e-08, 9.9999964e-01, 2.1526132e-07],
       [2.8724203e-01, 4.1981217e-01, 2.9294574e-01]], dtype=float32), array([[1.14863455e-01, 7.98097968e-01, 8.70385766e-02],
       [1.79048209e-06, 9.99997973e-01, 2.69516136e-07],
       [2.99833387e-01, 4.13846344e-01, 2.86320299e-01]], dtype=float32)]","[array([nan, nan, nan], dtype=float32), array([nan, nan, nan], dtype=float32), array([nan, nan, nan], dtype=float32), array([nan, nan, nan], dtype=float32), array([nan, nan, nan], dtype=float32), array([nan, nan, nan], dtype=float32), array([nan, nan, nan], dtype=float32), array([nan, nan, nan], dtype=float32), array([nan, nan, nan], dtype=float32), array([nan, nan, nan], dtype=float32), array([nan, nan, nan], dtype=float32), array([nan, nan, nan], dtype=float32), array([nan, nan, nan], dtype=float32), array([nan, nan, nan], dtype=float32), array([nan, nan, nan], dtype=float32), array([nan, nan, nan], dtype=float32), array([nan, nan, nan], dtype=float32), array([nan, nan, nan], dtype=float32), array([nan, nan, nan], dtype=float32), array([nan, nan, nan], dtype=float32), array([nan, nan, nan], dtype=float32), array([nan, nan, nan], dtype=float32), array([nan, nan, nan], dtype=float32), array([nan, nan, nan], dtype=float32), array([nan, nan, nan], dtype=float32), array([nan, nan, nan], dtype=float32), array([nan, nan, nan], dtype=float32), array([nan, nan, nan], dtype=float32), array([nan, nan, nan], dtype=float32), array([nan, nan, nan], dtype=float32), array([nan, nan, nan], dtype=float32)]","[array([7.8032374, 7.8032374, 7.8032374], dtype=float32), array([7.8048105, 7.8048105, 7.8048105], dtype=float32), array([7.8056808, 7.8056808, 7.8056808], dtype=float32), array([7.806761, 7.806761, 7.806761], dtype=float32), array([7.807794, 7.807794, 7.807794], dtype=float32), array([7.8089767, 7.8089767, 7.8089767], dtype=float32), array([7.8103805, 7.8103805, 7.8103805], dtype=float32), array([7.811485, 7.811485, 7.811485], dtype=float32), array([7.8126545, 7.8126545, 7.8126545], dtype=float32), array([7.813669, 7.813669, 7.813669], dtype=float32), array([7.815042, 7.815042, 7.815042], dtype=float32), array([7.816421, 7.816421, 7.816421], dtype=float32), array([7.8177037, 7.8177037, 7.8177037], dtype=float32), array([7.8184423, 7.8184423, 7.8184423], dtype=float32), array([7.819597, 7.819597, 7.819597], dtype=float32), array([7.820899, 7.820899, 7.820899], dtype=float32), array([7.822227, 7.822227, 7.822227], dtype=float32), array([7.823754, 7.823754, 7.823754], dtype=float32), array([7.8249836, 7.8249836, 7.8249836], dtype=float32), array([7.8259673, 7.8259673, 7.8259673], dtype=float32), array([7.826454, 7.826454, 7.826454], dtype=float32), array([7.8272643, 7.8272643, 7.8272643], dtype=float32), array([7.8280253, 7.8280253, 7.8280253], dtype=float32), array([7.8284903, 7.8284903, 7.8284903], dtype=float32), array([7.829207, 7.829207, 7.829207], dtype=float32), array([7.829928, 7.829928, 7.829928], dtype=float32), array([7.830384, 7.830384, 7.830384], dtype=float32), array([7.8311996, 7.8311996, 7.8311996], dtype=float32), array([7.8321457, 7.8321457, 7.8321457], dtype=float32), array([7.8331523, 7.8331523, 7.8331523], dtype=float32), array([7.834183, 7.834183, 7.834183], dtype=float32)]",1,0,0,0,0,0,53.4140625,43.29999999999999,0.0003643790815732345,9.92,0.00015819090958640668,84000,2000,84000,9.92,2000,0.3475243830775683,30969,0.0,1.0,0.0013802934991,1300698,42.0,0.0393447157605,999.0,0.0,23810,348.669786723779,0.0013802934991,30969,0.3345877528190613,42.0,1300698,0.4722185432910919,999.0,-0.41967642307281494,5.373705480593571e-09,81158,0.3439272940158844,217.87060546875,0.0,0.010017696768045425,1.0,-0.004817699082195759,348.6700109302933,2601396,3906000,104968,0,93000,61938,1047.0579739740547,6191978.797665281,6514783.731622953,10.5,84100,100,1.0067001111073661,0.0001623373962775702,2100,6.342590716890972e-05,1.0067001111073661,0.18342147308271778,42.0,0.002337016800738638,2.0,0.00027336616011975864,9.9,2,2,9.5,50,0.0005479248431416683,4200,0.00024115117976344179,4200,100,9.9,100,9.9,2.9248934332977068e-05,4.768847767742362e-05,2.9015739953383122e-05,0.0001525057234239811,1.6015063031596613e-05,2.2215363719081434e-05,2.0219031635854632e-05,7.330241400818241e-06,4.197438722267618e-05,6.645326291915324e-06,3.302174361953484e-05,0.05605538629442377,0.0067613615117821406,0.05301877240414974,0.18109294872192178,0.03101952755422874,0.01849191065132635,0.00017336426751814188,108066,1261.0,4538772,1302.0,498.0,0.0,0.3367691,176.51644897460938,1.0,1261.0,-0.012716293334960938,108066,0.004652610048651695,0.3384675979614258,1302.0,4538772,0.4722185730934143,498.0,-0.0024704933166503906,651000,216132,9077544,27342000,9940.344124611813,2.407820993358338e-05,3.1534294371608625e-05,7.388623878967144e-05,4.454952785212467e-05,4.394176165892115e-05,0.00022282776755810094,1.0235409148647814e-05,6.505164530391493e-05,9.803712017950038e-06,5.0882805022953035e-05,2.8568285555081793e-05
1,86000,False,43,cb694_00000,2025-08-17_22-35-19,1755470119,89.29631733894348,3934.147369861603,720237,intrinsic-attention2,10.156.0.3,3934.147369861603,43,91.09771142597532,1.4250898097384137e-05,91.09742520630277,2.673490994334762,88.06620226715518,0.002061747071874169,1.0067001111073661,86000,42.0,2.642827951037478,2,0.0015326443189405837,2000,1.0067001111073661,9.5,2.0,9.961238572074809e-05,0.00029005900432821363,1000,43000,4.612980711608341e-05,10.01,10.5,2,289.58518504513245,2000.0,3000.0,"[array([[4.2642871e-01, 1.5016048e-01, 4.2341086e-01],
       [1.0286061e-06, 9.9999785e-01, 1.1297781e-06],
       [4.1961586e-01, 1.6345169e-01, 4.1693246e-01]], dtype=float32), array([[5.4643595e-01, 3.4306537e-02, 4.1925746e-01],
       [3.3448433e-07, 9.9999821e-01, 1.3936541e-06],
       [4.4581655e-01, 1.5199582e-01, 4.0218765e-01]], dtype=float32), array([[5.1494576e-02, 9.3004668e-01, 1.8458752e-02],
       [2.4117726e-05, 9.9997532e-01, 5.5618369e-07],
       [3.2153109e-01, 3.7360007e-01, 3.0486882e-01]], dtype=float32), array([[2.6875111e-01, 4.8397434e-01, 2.4727456e-01],
       [1.3280428e-05, 9.9998403e-01, 2.7085393e-06],
       [3.9400586e-01, 1.5727828e-01, 4.4871584e-01]], dtype=float32), array([[6.1893308e-01, 2.4850529e-02, 3.5621631e-01],
       [1.7027249e-08, 9.9999964e-01, 3.6819651e-07],
       [2.7919379e-01, 4.2117473e-01, 2.9963145e-01]], dtype=float32), array([[9.3801297e-02, 8.4507805e-01, 6.1120614e-02],
       [2.9687469e-06, 9.9999678e-01, 2.4862962e-07],
       [3.1951150e-01, 3.6997777e-01, 3.1051075e-01]], dtype=float32), array([[6.1500132e-02, 9.2440873e-01, 1.4091114e-02],
       [9.8692151e-05, 9.9990070e-01, 6.5522380e-07],
       [3.3257401e-01, 1.4484847e-01, 5.2257752e-01]], dtype=float32), array([[5.5967486e-01, 2.5714958e-02, 4.1461015e-01],
       [6.1684155e-08, 9.9999952e-01, 3.1074583e-07],
       [4.5344788e-01, 1.4167887e-01, 4.0487325e-01]], dtype=float32), array([[5.6188881e-01, 2.4537688e-02, 4.1357347e-01],
       [4.7025583e-08, 9.9999976e-01, 2.4522222e-07],
       [4.5435739e-01, 1.4057373e-01, 4.0506881e-01]], dtype=float32), array([[4.1082796e-01, 1.9797681e-01, 3.9119524e-01],
       [2.0439836e-08, 9.9999988e-01, 6.7029610e-08],
       [2.7069536e-01, 4.4925287e-01, 2.8005180e-01]], dtype=float32), array([[2.8221828e-01, 4.3874344e-01, 2.7903825e-01],
       [1.7695132e-07, 9.9999976e-01, 1.1869757e-07],
       [3.2750934e-01, 3.4542906e-01, 3.2706159e-01]], dtype=float32), array([[1.4108221e-01, 7.4684137e-01, 1.1207641e-01],
       [1.0569941e-06, 9.9999881e-01, 1.5802898e-07],
       [3.3369055e-01, 3.3244678e-01, 3.3386269e-01]], dtype=float32), array([[7.1188428e-02, 9.1280353e-01, 1.6008051e-02],
       [1.6720922e-04, 9.9983168e-01, 1.0332798e-06],
       [3.1318375e-01, 1.1035596e-01, 5.7646024e-01]], dtype=float32), array([[2.6702732e-01, 4.8722911e-01, 2.4574362e-01],
       [4.1975795e-06, 9.9999511e-01, 7.5916375e-07],
       [3.9828584e-01, 1.4281780e-01, 4.5889637e-01]], dtype=float32), array([[3.0959883e-01, 3.9134702e-01, 2.9905412e-01],
       [5.8091009e-06, 9.9999321e-01, 9.7674251e-07],
       [4.0469792e-01, 8.9045964e-02, 5.0625616e-01]], dtype=float32), array([[4.6298733e-01, 9.2939913e-02, 4.4407275e-01],
       [4.1062771e-07, 9.9999905e-01, 6.0165439e-07],
       [4.3928733e-01, 1.3470861e-01, 4.2600402e-01]], dtype=float32), array([[4.1690630e-01, 1.8950815e-01, 3.9358556e-01],
       [3.1487893e-08, 9.9999988e-01, 1.1113545e-07],
       [2.6745963e-01, 4.5452273e-01, 2.7801755e-01]], dtype=float32), array([[3.9642173e-01, 1.9964308e-01, 4.0393519e-01],
       [7.7417815e-07, 9.9999881e-01, 5.2670248e-07],
       [4.2255858e-01, 1.4208689e-01, 4.3535453e-01]], dtype=float32), array([[3.0489925e-01, 4.0277663e-01, 2.9232410e-01],
       [5.3211797e-06, 9.9999380e-01, 8.4747364e-07],
       [4.0365696e-01, 8.8578902e-02, 5.0776410e-01]], dtype=float32), array([[2.3762590e-01, 5.5140650e-01, 2.1096754e-01],
       [1.6058110e-06, 9.9999821e-01, 2.4356308e-07],
       [3.9429584e-01, 1.5631314e-01, 4.4939104e-01]], dtype=float32), array([[4.4296807e-01, 1.2242721e-01, 4.3460470e-01],
       [8.8440949e-08, 9.9999976e-01, 1.1251197e-07],
       [4.2675367e-01, 1.5293457e-01, 4.2031172e-01]], dtype=float32), array([[3.7819716e-01, 2.3847373e-01, 3.8332915e-01],
       [1.0697171e-07, 9.9999976e-01, 6.6916428e-08],
       [4.1371357e-01, 1.6100232e-01, 4.2528409e-01]], dtype=float32), array([[2.3719072e-01, 5.3130299e-01, 2.3150630e-01],
       [2.4008155e-08, 1.0000000e+00, 1.4163528e-08],
       [2.9896772e-01, 4.0477699e-01, 2.9625535e-01]], dtype=float32), array([[2.2880217e-02, 9.7091222e-01, 6.2075295e-03],
       [1.1546557e-06, 9.9999881e-01, 9.9046558e-09],
       [3.0821994e-01, 4.1353235e-01, 2.7824768e-01]], dtype=float32), array([[5.5000091e-01, 2.8888626e-02, 4.2111051e-01],
       [4.7241238e-09, 1.0000000e+00, 2.6843431e-08],
       [4.3328136e-01, 1.6889513e-01, 3.9782351e-01]], dtype=float32), array([[2.0154469e-01, 6.0380423e-01, 1.9465105e-01],
       [7.0498474e-09, 1.0000000e+00, 3.8870258e-09],
       [2.7075034e-01, 4.6306917e-01, 2.6618049e-01]], dtype=float32), array([[5.4316008e-01, 3.1619355e-02, 4.2522058e-01],
       [1.5761570e-09, 1.0000000e+00, 9.0231715e-09],
       [4.2466223e-01, 1.8077655e-01, 3.9456120e-01]], dtype=float32), array([[3.9319015e-01, 2.1229315e-01, 3.9451674e-01],
       [5.0890425e-09, 1.0000000e+00, 4.5847117e-09],
       [4.0180856e-01, 1.9478974e-01, 4.0340167e-01]], dtype=float32), array([[5.7779022e-02, 9.1554862e-01, 2.6672266e-02],
       [2.3150776e-07, 9.9999976e-01, 3.2218730e-09],
       [3.6937058e-01, 1.7645213e-01, 4.5417723e-01]], dtype=float32), array([[5.8147669e-02, 9.1538948e-01, 2.6462838e-02],
       [3.1656094e-07, 9.9999964e-01, 4.4068189e-09],
       [3.6850956e-01, 1.7745394e-01, 4.5403650e-01]], dtype=float32), array([[4.4914622e-02, 9.2662394e-01, 2.8461499e-02],
       [1.9085704e-08, 1.0000000e+00, 1.3098491e-09],
       [2.4270293e-01, 5.4229224e-01, 2.1500486e-01]], dtype=float32)]","[array([nan, nan, nan], dtype=float32), array([nan, nan, nan], dtype=float32), array([nan, nan, nan], dtype=float32), array([nan, nan, nan], dtype=float32), array([nan, nan, nan], dtype=float32), array([nan, nan, nan], dtype=float32), array([nan, nan, nan], dtype=float32), array([nan, nan, nan], dtype=float32), array([nan, nan, nan], dtype=float32), array([nan, nan, nan], dtype=float32), array([nan, nan, nan], dtype=float32), array([nan, nan, nan], dtype=float32), array([nan, nan, nan], dtype=float32), array([nan, nan, nan], dtype=float32), array([nan, nan, nan], dtype=float32), array([nan, nan, nan], dtype=float32), array([nan, nan, nan], dtype=float32), array([nan, nan, nan], dtype=float32), array([nan, nan, nan], dtype=float32), array([nan, nan, nan], dtype=float32), array([nan, nan, nan], dtype=float32), array([nan, nan, nan], dtype=float32), array([nan, nan, nan], dtype=float32), array([nan, nan, nan], dtype=float32), array([nan, nan, nan], dtype=float32), array([nan, nan, nan], dtype=float32), array([nan, nan, nan], dtype=float32), array([nan, nan, nan], dtype=float32), array([nan, nan, nan], dtype=float32), array([nan, nan, nan], dtype=float32), array([nan, nan, nan], dtype=float32)]","[array([7.8353596, 7.8353596, 7.8353596], dtype=float32), array([7.8376994, 7.8376994, 7.8376994], dtype=float32), array([7.8396463, 7.8396463, 7.8396463], dtype=float32), array([7.8421173, 7.8421173, 7.8421173], dtype=float32), array([7.8458624, 7.8458624, 7.8458624], dtype=float32), array([7.8492646, 7.8492646, 7.8492646], dtype=float32), array([7.8525066, 7.8525066, 7.8525066], dtype=float32), array([7.855331, 7.855331, 7.855331], dtype=float32), array([7.85837, 7.85837, 7.85837], dtype=float32), array([7.8617268, 7.8617268, 7.8617268], dtype=float32), array([7.8651814, 7.8651814, 7.8651814], dtype=float32), array([7.8689656, 7.8689656, 7.8689656], dtype=float32), array([7.8725057, 7.8725057, 7.8725057], dtype=float32), array([7.875739, 7.875739, 7.875739], dtype=float32), array([7.8791285, 7.8791285, 7.8791285], dtype=float32), array([7.882753, 7.882753, 7.882753], dtype=float32), array([7.8858924, 7.8858924, 7.8858924], dtype=float32), array([7.8891134, 7.8891134, 7.8891134], dtype=float32), array([7.892801, 7.892801, 7.892801], dtype=float32), array([7.897078, 7.897078, 7.897078], dtype=float32), array([7.9013605, 7.9013605, 7.9013605], dtype=float32), array([7.904967, 7.904967, 7.904967], dtype=float32), array([7.908784, 7.908784, 7.908784], dtype=float32), array([7.9123397, 7.9123397, 7.9123397], dtype=float32), array([7.91607, 7.91607, 7.91607], dtype=float32), array([7.920297, 7.920297, 7.920297], dtype=float32), array([7.92404, 7.92404, 7.92404], dtype=float32), array([7.927751, 7.927751, 7.927751], dtype=float32), array([7.931358, 7.931358, 7.931358], dtype=float32), array([7.9352703, 7.9352703, 7.9352703], dtype=float32), array([7.9389324, 7.9389324, 7.9389324], dtype=float32)]",1,0,0,0,0,0,53.415748031496065,43.300000000000004,0.00036769991033108306,10.01,0.00015969068301745497,86000,2000,86000,10.01,2000,0.34721507901676213,30969,0.0,1.0,0.0013802934991,1331667,43.0,0.0393447157605,999.0,0.0,23810,348.9322382546585,0.0013802934991,30969,0.3195573389530182,43.0,1331667,0.4722185432910919,999.0,-0.18160474300384521,5.373705480593571e-09,81158,0.34450337290763855,306.46270751953125,0.0,0.013702623546123505,1.0,-0.0042623914778232574,348.9324569518229,2663334,3999000,104968,0,93000,61938,1047.846057334173,6191064.377142167,6514935.809042728,10.5,86100,100,1.0067001111073661,0.00012846644811451648,2150,5.470684926994996e-05,1.0067001111073661,0.18315434632177885,43.0,0.002150170779495966,2.0,0.00027246696854056515,9.9,2,2,9.5,50,0.0004520047344661519,4300,0.0001949559201585616,4300,100,9.9,100,9.9,2.94782755048766e-05,4.833525342032816e-05,2.915235378608241e-05,0.00015407389841083497,1.6189357290808796e-05,2.2612349004669487e-05,2.021622512905338e-05,7.473443192324406e-06,4.29380605958513e-05,6.6726325146190865e-06,3.367720330283699e-05,0.056030546071462975,0.0067677481967471625,0.05295858324011009,0.18092636974473494,0.030991954988615,0.01845457504488778,0.00017322703484505422,108066,1291.0,4646838,1333.0,498.0,0.0,0.33752066,177.0688934326172,1.0,1291.0,-0.012719671241939068,108066,0.009235995821654797,0.3236970007419586,1333.0,4646838,0.4722185730934143,498.0,-0.009738683700561523,651000,216132,9293676,27993000,9928.31666627522,1.9855772274694432e-05,2.620549943596708e-05,6.0693836292965674e-05,3.5723398100233236e-05,3.5469444224674686e-05,0.00018935651549656908,8.742375130386925e-06,5.2423511894747296e-05,8.003617953137536e-06,4.1261837919553055e-05,2.394539183554197e-05
1,88000,False,44,cb694_00000,2025-08-17_22-36-48,1755470208,89.33847165107727,4023.48584151268,720237,intrinsic-attention2,10.156.0.3,4023.48584151268,44,91.07811374208556,1.422547921054637e-05,91.07782702321977,2.6724917891214464,88.04791728792368,0.0020593629811157203,1.0067001111073661,88000,43.0,2.641847120947129,2,0.0015438627990079113,2000,1.0067001111073661,9.5,2.0,0.00010055691017650032,0.00029005900432821363,1000,44000,4.6361121136116e-05,9.9,10.5,2,280.3067090785435,2000.0,3000.0,"[array([[6.8306483e-02, 9.0015584e-01, 3.1537764e-02],
       [1.2335659e-06, 9.9999881e-01, 2.0904025e-08],
       [3.6671963e-01, 1.7737362e-01, 4.5590666e-01]], dtype=float32), array([[7.7027500e-02, 8.8658684e-01, 3.6385648e-02],
       [2.7032409e-06, 9.9999726e-01, 5.2802612e-08],
       [3.6604336e-01, 1.7421840e-01, 4.5973828e-01]], dtype=float32), array([[2.0069435e-02, 9.7512746e-01, 4.8031174e-03],
       [2.3765197e-06, 9.9999762e-01, 2.0186135e-08],
       [2.8227460e-01, 4.8676753e-01, 2.3095785e-01]], dtype=float32), array([[5.2569705e-01, 4.7156442e-02, 4.2714643e-01],
       [3.8165016e-08, 9.9999988e-01, 1.6609270e-07],
       [4.1334420e-01, 1.9859189e-01, 3.8806397e-01]], dtype=float32), array([[4.4190142e-02, 9.4947559e-01, 6.3342992e-03],
       [1.3137153e-04, 9.9986815e-01, 4.5758216e-07],
       [3.2989377e-01, 1.7223708e-01, 4.9786919e-01]], dtype=float32), array([[4.9187604e-02, 9.4367367e-01, 7.1386322e-03],
       [2.0642878e-04, 9.9979275e-01, 8.0731274e-07],
       [3.2724050e-01, 1.6917856e-01, 5.0358099e-01]], dtype=float32), array([[3.1615794e-02, 9.6043056e-01, 7.9536345e-03],
       [1.8913215e-05, 9.9998081e-01, 2.3300265e-07],
       [2.9946449e-01, 4.4549307e-01, 2.5504246e-01]], dtype=float32), array([[1.9115078e-01, 6.2864178e-01, 1.8020740e-01],
       [5.6469133e-07, 9.9999917e-01, 2.7694759e-07],
       [2.7139786e-01, 4.6432641e-01, 2.6427579e-01]], dtype=float32), array([[3.3625263e-01, 3.2701957e-01, 3.3672789e-01],
       [2.7492554e-06, 9.9999583e-01, 1.4358961e-06],
       [3.9335054e-01, 1.9951814e-01, 4.0713128e-01]], dtype=float32), array([[6.64586499e-02, 8.99265230e-01, 3.42760757e-02],
       [1.19579145e-05, 9.99987364e-01, 6.70667248e-07],
       [2.96037763e-01, 4.35607553e-01, 2.68354744e-01]], dtype=float32), array([[2.1455629e-01, 6.0573298e-01, 1.7971075e-01],
       [2.2697384e-05, 9.9997365e-01, 3.6557387e-06],
       [3.7695637e-01, 2.0464340e-01, 4.1840026e-01]], dtype=float32), array([[8.25777799e-02, 9.04194951e-01, 1.32272709e-02],
       [1.61147409e-03, 9.98376727e-01, 1.17654845e-05],
       [3.12390804e-01, 1.55910924e-01, 5.31698287e-01]], dtype=float32), array([[2.3279224e-01, 5.6810564e-01, 1.9910210e-01],
       [7.4217736e-05, 9.9991167e-01, 1.4025725e-05],
       [3.7685767e-01, 2.0321162e-01, 4.1993070e-01]], dtype=float32), array([[2.4923348e-01, 5.1190245e-01, 2.3886402e-01],
       [1.9804866e-05, 9.9996972e-01, 1.0449138e-05],
       [3.2015693e-01, 3.6199963e-01, 3.1784344e-01]], dtype=float32), array([[2.7614936e-01, 4.8075768e-01, 2.4309294e-01],
       [4.3706378e-04, 9.9948919e-01, 7.3796371e-05],
       [3.8155940e-01, 1.2741081e-01, 4.9102983e-01]], dtype=float32), array([[3.4834793e-01, 3.0635992e-01, 3.4529218e-01],
       [5.3944495e-06, 9.9998224e-01, 1.2397281e-05],
       [2.4455115e-01, 4.9864843e-01, 2.5680047e-01]], dtype=float32), array([[8.3839618e-02, 8.9155215e-01, 2.4608292e-02],
       [1.0023707e-03, 9.9896967e-01, 2.7939588e-05],
       [3.3280301e-01, 3.3608124e-01, 3.3111575e-01]], dtype=float32), array([[1.3675745e-01, 8.3806723e-01, 2.5175288e-02],
       [1.0627458e-02, 9.8921824e-01, 1.5434100e-04],
       [2.8949293e-01, 1.3995685e-01, 5.7055020e-01]], dtype=float32), array([[4.4158581e-01, 1.3575166e-01, 4.2266244e-01],
       [6.7369918e-05, 9.9983644e-01, 9.6240838e-05],
       [4.1147038e-01, 1.8879209e-01, 3.9973748e-01]], dtype=float32), array([[3.4643555e-01, 3.0416363e-01, 3.4940076e-01],
       [1.7728092e-04, 9.9972194e-01, 1.0068865e-04],
       [3.9344698e-01, 1.9453071e-01, 4.1202223e-01]], dtype=float32), array([[2.3940971e-01, 5.2400410e-01, 2.3658620e-01],
       [3.1710628e-05, 9.9994123e-01, 2.7106211e-05],
       [2.5749069e-01, 4.8749590e-01, 2.5501341e-01]], dtype=float32), array([[5.38712740e-01, 5.19375876e-02, 4.09349680e-01],
       [3.20538929e-05, 9.99859929e-01, 1.08013744e-04],
       [4.28704381e-01, 1.83291838e-01, 3.88003767e-01]], dtype=float32), array([[2.6019844e-01, 5.1040578e-01, 2.2939578e-01],
       [4.7121706e-04, 9.9941635e-01, 1.1249896e-04],
       [3.7639502e-01, 1.9994088e-01, 4.2366412e-01]], dtype=float32), array([[2.5980523e-01, 5.1137334e-01, 2.2882140e-01],
       [4.7157760e-04, 9.9941635e-01, 1.1214664e-04],
       [3.7631908e-01, 2.0000033e-01, 4.2368054e-01]], dtype=float32), array([[8.9488678e-02, 8.8486809e-01, 2.5643127e-02],
       [1.5997496e-03, 9.9835241e-01, 4.7791815e-05],
       [3.3173785e-01, 3.4198245e-01, 3.2627976e-01]], dtype=float32), array([[4.3710938e-01, 1.4175774e-01, 4.2113289e-01],
       [6.4003500e-05, 9.9984789e-01, 8.8079702e-05],
       [4.1015396e-01, 1.8999702e-01, 3.9984906e-01]], dtype=float32), array([[2.3046850e-01, 5.4113805e-01, 2.2839354e-01],
       [2.0171588e-05, 9.9996185e-01, 1.7988337e-05],
       [2.4360615e-01, 5.1471090e-01, 2.4168295e-01]], dtype=float32), array([[1.3058440e-01, 8.4871513e-01, 2.0700444e-02],
       [1.1225199e-02, 9.8863798e-01, 1.3688517e-04],
       [2.8751278e-01, 1.4374785e-01, 5.6873941e-01]], dtype=float32), array([[1.06254764e-01, 8.40921879e-01, 5.28233387e-02],
       [4.01632802e-04, 9.99569714e-01, 2.86096201e-05],
       [3.23372900e-01, 3.66704762e-01, 3.09922367e-01]], dtype=float32), array([[3.4223947e-01, 3.1346500e-01, 3.4429550e-01],
       [1.3140304e-04, 9.9979717e-01, 7.1432987e-05],
       [3.9307028e-01, 1.9454560e-01, 4.1238412e-01]], dtype=float32), array([[5.3228486e-01, 5.4118477e-02, 4.1359663e-01],
       [2.1553160e-05, 9.9990785e-01, 7.0551905e-05],
       [4.2753527e-01, 1.8312114e-01, 3.8934359e-01]], dtype=float32)]","[array([nan, nan, nan], dtype=float32), array([nan, nan, nan], dtype=float32), array([7.9471273, 7.9471273, 7.9471273], dtype=float32), array([nan, nan, nan], dtype=float32), array([nan, nan, nan], dtype=float32), array([7.9517922, 7.9517922, 7.9517922], dtype=float32), array([nan, nan, nan], dtype=float32), array([7.954332, 7.954332, 7.954332], dtype=float32), array([nan, nan, nan], dtype=float32), array([nan, nan, nan], dtype=float32), array([nan, nan, nan], dtype=float32), array([7.9520493, 7.9520493, 7.9520493], dtype=float32), array([nan, nan, nan], dtype=float32), array([nan, nan, nan], dtype=float32), array([7.9508853, 7.9508853, 7.9508853], dtype=float32), array([7.9505954, 7.9505954, 7.9505954], dtype=float32), array([nan, nan, nan], dtype=float32), array([nan, nan, nan], dtype=float32), array([7.950204, 7.950204, 7.950204], dtype=float32), array([nan, nan, nan], dtype=float32), array([nan, nan, nan], dtype=float32), array([7.9501257, 7.9501257, 7.9501257], dtype=float32), array([nan, nan, nan], dtype=float32), array([nan, nan, nan], dtype=float32), array([nan, nan, nan], dtype=float32), array([nan, nan, nan], dtype=float32), array([7.951, 7.951, 7.951], dtype=float32), array([7.9512453, 7.9512453, 7.9512453], dtype=float32), array([nan, nan, nan], dtype=float32), array([nan, nan, nan], dtype=float32), array([nan, nan, nan], dtype=float32)]","[array([7.94271, 7.94271, 7.94271], dtype=float32), array([7.9450216, 7.9450216, 7.9450216], dtype=float32), array([7.9471273, 7.9471273, 7.9471273], dtype=float32), array([7.9489584, 7.9489584, 7.9489584], dtype=float32), array([7.950478, 7.950478, 7.950478], dtype=float32), array([7.9517913, 7.9517913, 7.9517913], dtype=float32), array([7.9532, 7.9532, 7.9532], dtype=float32), array([7.954331, 7.954331, 7.954331], dtype=float32), array([7.9537635, 7.9537635, 7.9537635], dtype=float32), array([7.9530883, 7.9530883, 7.9530883], dtype=float32), array([7.9526205, 7.9526205, 7.9526205], dtype=float32), array([7.9520493, 7.9520493, 7.9520493], dtype=float32), array([7.9516153, 7.9516153, 7.9516153], dtype=float32), array([7.951263, 7.951263, 7.951263], dtype=float32), array([7.9508834, 7.9508834, 7.9508834], dtype=float32), array([7.950594, 7.950594, 7.950594], dtype=float32), array([7.9503627, 7.9503627, 7.9503627], dtype=float32), array([7.9503098, 7.9503098, 7.9503098], dtype=float32), array([7.9502034, 7.9502034, 7.9502034], dtype=float32), array([7.9499807, 7.9499807, 7.9499807], dtype=float32), array([7.949966, 7.949966, 7.949966], dtype=float32), array([7.950126, 7.950126, 7.950126], dtype=float32), array([7.9502783, 7.9502783, 7.9502783], dtype=float32), array([7.9505157, 7.9505157, 7.9505157], dtype=float32), array([7.9507203, 7.9507203, 7.9507203], dtype=float32), array([7.950827, 7.950827, 7.950827], dtype=float32), array([7.9510026, 7.9510026, 7.9510026], dtype=float32), array([7.9512467, 7.9512467, 7.9512467], dtype=float32), array([7.951569, 7.951569, 7.951569], dtype=float32), array([7.951851, 7.951851, 7.951851], dtype=float32), array([7.952185, 7.952185, 7.952185], dtype=float32)]",1,0,0,0,0,0,53.384375,43.29999999999999,0.0003667540598309025,9.9,0.00015802422124993812,88000,2000,88000,9.9,2000,0.34692428398661984,30969,0.0,1.0,0.0013802934991,1362636,44.0,0.0393447157605,999.0,0.0,23810,349.1693799500698,0.0013802934991,30969,0.3072066903114319,44.0,1362636,0.4722185432910919,999.0,-0.004774212837219238,2.6868527402967857e-09,81158,0.34977269172668457,119.0624771118164,0.0,0.002066585700958967,1.0,0.000989885302260518,349.169593891769,2725272,4092000,104968,0,93000,61938,1048.5581418129987,6189284.324126998,6514925.381458954,10.5,88100,100,1.0067001111073661,0.00014890041646215086,2200,6.141632451483102e-05,1.0067001111073661,0.18315172725844897,44.0,0.0020843632899050137,2.0,0.0002721604688979611,9.9,2,2,9.5,50,0.000507817832276179,4400,0.0002200746321648036,4400,100,9.9,100,9.9,2.9222742336968963e-05,4.78762408381426e-05,2.8964813403484785e-05,0.00015427702783676254,1.633368066372023e-05,2.2669875199950553e-05,2.0168048673662496e-05,7.424054974022947e-06,4.225984470216236e-05,6.694054589115644e-06,3.324676952547962e-05,0.05599120055078883,0.0067649786746749,0.05288651560769158,0.18078249137726707,0.03098828005873445,0.018425230274518728,0.00017311857459091924,108066,1321.0,4754904,1364.0,498.0,0.0,0.3506551,178.21853637695312,1.0,1321.0,0.001453100936487317,108066,0.0025790815707296133,0.3029421269893646,1364.0,4754904,0.4722185730934143,498.0,-0.0006350278854370117,651000,216132,9509808,28644000,9914.907436330604,2.2815387428487096e-05,2.9441115086151663e-05,6.911531734181308e-05,4.092735240242326e-05,3.967897686672731e-05,0.00021090274067623777,9.703974971288421e-06,6.00381972683914e-05,9.056348031768446e-06,4.6245745941850676e-05,2.659407313734299e-05
1,90000,False,45,cb694_00000,2025-08-17_22-38-19,1755470299,90.2971568107605,4113.782998323441,720237,intrinsic-attention2,10.156.0.3,4113.782998323441,45,91.06883802608472,1.4223384391384272e-05,91.06855085709768,2.6733655345001233,88.03811321822441,0.0020608168112382368,1.0067001111073661,90000,44.0,2.6427366467877413,2,0.001526794939127285,2000,1.0067001111073661,9.5,2.0,9.887282328129016e-05,0.00029005900432821363,1000,45000,4.639988595632385e-05,9.94,10.5,2,271.28793347362745,2000.0,3000.0,"[array([[1.57113060e-01, 7.25192785e-01, 1.17694244e-01],
       [1.59081697e-04, 9.99810398e-01, 3.04947589e-05],
       [3.17441195e-01, 3.74944121e-01, 3.07614744e-01]], dtype=float32), array([[4.3627879e-01, 1.4205573e-01, 4.2166546e-01],
       [6.6469343e-05, 9.9984443e-01, 8.9013687e-05],
       [4.1198412e-01, 1.8586895e-01, 4.0214697e-01]], dtype=float32), array([[2.5863111e-01, 5.1440287e-01, 2.2696601e-01],
       [4.2809866e-04, 9.9947375e-01, 9.8126809e-05],
       [3.7708008e-01, 1.9589359e-01, 4.2702630e-01]], dtype=float32), array([[5.34622967e-01, 5.32159396e-02, 4.12161112e-01],
       [3.36531739e-05, 9.99858856e-01, 1.07489665e-04],
       [4.31527704e-01, 1.77960768e-01, 3.90511483e-01]], dtype=float32), array([[5.3500217e-01, 5.3114358e-02, 4.1188350e-01],
       [3.6936970e-05, 9.9984574e-01, 1.1730823e-04],
       [4.3226191e-01, 1.7703205e-01, 3.9070603e-01]], dtype=float32), array([[2.6331592e-01, 5.0412333e-01, 2.3256075e-01],
       [5.3046137e-04, 9.9934405e-01, 1.2541121e-04],
       [3.7752131e-01, 1.9347475e-01, 4.2900392e-01]], dtype=float32), array([[2.6444423e-01, 5.0162542e-01, 2.3393033e-01],
       [5.5635534e-04, 9.9931121e-01, 1.3247157e-04],
       [3.7764844e-01, 1.9281949e-01, 4.2953205e-01]], dtype=float32), array([[4.40548271e-01, 1.35797635e-01, 4.23654139e-01],
       [1.02405975e-04, 9.99758661e-01, 1.38958218e-04],
       [4.15339708e-01, 1.80652142e-01, 4.04008150e-01]], dtype=float32), array([[2.6941255e-01, 5.0865829e-01, 2.2192913e-01],
       [1.8468562e-03, 9.9788231e-01, 2.7087456e-04],
       [3.6620286e-01, 1.2310305e-01, 5.1069409e-01]], dtype=float32), array([[1.5088773e-01, 8.2630771e-01, 2.2804590e-02],
       [2.1098632e-02, 9.7860444e-01, 2.9685828e-04],
       [2.7594268e-01, 1.4068036e-01, 5.8337700e-01]], dtype=float32), array([[1.7070319e-01, 6.9926989e-01, 1.3002691e-01],
       [3.3344320e-04, 9.9959546e-01, 7.1107657e-05],
       [3.2043606e-01, 3.6749163e-01, 3.1207234e-01]], dtype=float32), array([[5.3637999e-01, 5.3497024e-02, 4.1012296e-01],
       [6.8143629e-05, 9.9972361e-01, 2.0821228e-04],
       [4.3535048e-01, 1.7351449e-01, 3.9113501e-01]], dtype=float32), array([[1.7731810e-01, 7.6644605e-01, 5.6235880e-02],
       [1.2830984e-02, 9.8674369e-01, 4.2531025e-04],
       [3.0148014e-01, 1.3619858e-01, 5.6232131e-01]], dtype=float32), array([[2.51399130e-01, 5.09949327e-01, 2.38651589e-01],
       [1.88819366e-04, 9.99710739e-01, 1.00476966e-04],
       [3.19728583e-01, 3.63550127e-01, 3.16721290e-01]], dtype=float32), array([[4.4437408e-01, 1.3138203e-01, 4.2424381e-01],
       [1.9957504e-04, 9.9952447e-01, 2.7596622e-04],
       [4.1727990e-01, 1.7868894e-01, 4.0403113e-01]], dtype=float32), array([[2.2319515e-01, 6.4572233e-01, 1.3108252e-01],
       [6.3785589e-03, 9.9311286e-01, 5.0862966e-04],
       [3.3446589e-01, 1.3138077e-01, 5.3415328e-01]], dtype=float32), array([[2.7671665e-01, 4.7408727e-01, 2.4919610e-01],
       [1.0990785e-03, 9.9860889e-01, 2.9203182e-04],
       [3.7772268e-01, 1.9093758e-01, 4.3133977e-01]], dtype=float32), array([[9.9807255e-02, 8.7140960e-01, 2.8783152e-02],
       [3.0469212e-03, 9.9684334e-01, 1.0984304e-04],
       [3.2868096e-01, 3.5873204e-01, 3.1258702e-01]], dtype=float32), array([[2.5164962e-01, 5.0940061e-01, 2.3894976e-01],
       [2.0303611e-04, 9.9968815e-01, 1.0875235e-04],
       [3.1926653e-01, 3.6456230e-01, 3.1617120e-01]], dtype=float32), array([[1.6352743e-01, 8.1002933e-01, 2.6443191e-02],
       [2.7398445e-02, 9.7213078e-01, 4.7074040e-04],
       [2.7753079e-01, 1.4606753e-01, 5.7640165e-01]], dtype=float32), array([[2.1888155e-01, 6.5349591e-01, 1.2762254e-01],
       [5.7215365e-03, 9.9382883e-01, 4.4964199e-04],
       [3.3680648e-01, 1.3553455e-01, 5.2765894e-01]], dtype=float32), array([[5.3310353e-01, 5.6026887e-02, 4.1086954e-01],
       [8.4095576e-05, 9.9966705e-01, 2.4880795e-04],
       [4.3406019e-01, 1.7511924e-01, 3.9082059e-01]], dtype=float32), array([[3.5661209e-01, 2.9296467e-01, 3.5042328e-01],
       [2.0019786e-05, 9.9992752e-01, 5.2463674e-05],
       [2.3456363e-01, 5.1390457e-01, 2.5153175e-01]], dtype=float32), array([[4.3905759e-01, 1.3852972e-01, 4.2241266e-01],
       [1.6275617e-04, 9.9961925e-01, 2.1800108e-04],
       [4.1457987e-01, 1.8211080e-01, 4.0330935e-01]], dtype=float32), array([[2.4832135e-01, 5.0301915e-01, 2.4865946e-01],
       [4.5479086e-05, 9.9990809e-01, 4.6364054e-05],
       [2.4608220e-01, 5.0749207e-01, 2.4642578e-01]], dtype=float32), array([[2.6805681e-01, 5.1083386e-01, 2.2110942e-01],
       [2.1033117e-03, 9.9756265e-01, 3.3410161e-04],
       [3.6819997e-01, 1.3512358e-01, 4.9667650e-01]], dtype=float32), array([[2.1055637e-01, 6.6849911e-01, 1.2094451e-01],
       [4.5762234e-03, 9.9507797e-01, 3.4578706e-04],
       [3.4035608e-01, 1.4215092e-01, 5.1749301e-01]], dtype=float32), array([[2.4183702e-01, 5.2971232e-01, 2.2845066e-01],
       [1.4811123e-04, 9.9977380e-01, 7.8069374e-05],
       [3.1174713e-01, 3.8101563e-01, 3.0723721e-01]], dtype=float32), array([[1.6904573e-01, 7.7566588e-01, 5.5288315e-02],
       [9.9738762e-03, 9.8968399e-01, 3.4215790e-04],
       [3.1336191e-01, 1.5081704e-01, 5.3582102e-01]], dtype=float32), array([[5.2714157e-01, 5.9872221e-02, 4.1298628e-01],
       [7.2252697e-05, 9.9971718e-01, 2.1060079e-04],
       [4.2910281e-01, 1.8132466e-01, 3.8957259e-01]], dtype=float32), array([[1.6896991e-01, 7.7539361e-01, 5.5636439e-02],
       [9.9221254e-03, 9.8973185e-01, 3.4610784e-04],
       [3.1465867e-01, 1.5297110e-01, 5.3237015e-01]], dtype=float32)]","[array([nan, nan, nan], dtype=float32), array([nan, nan, nan], dtype=float32), array([nan, nan, nan], dtype=float32), array([nan, nan, nan], dtype=float32), array([nan, nan, nan], dtype=float32), array([nan, nan, nan], dtype=float32), array([nan, nan, nan], dtype=float32), array([nan, nan, nan], dtype=float32), array([nan, nan, nan], dtype=float32), array([nan, nan, nan], dtype=float32), array([nan, nan, nan], dtype=float32), array([nan, nan, nan], dtype=float32), array([nan, nan, nan], dtype=float32), array([nan, nan, nan], dtype=float32), array([nan, nan, nan], dtype=float32), array([nan, nan, nan], dtype=float32), array([nan, nan, nan], dtype=float32), array([nan, nan, nan], dtype=float32), array([nan, nan, nan], dtype=float32), array([nan, nan, nan], dtype=float32), array([nan, nan, nan], dtype=float32), array([nan, nan, nan], dtype=float32), array([nan, nan, nan], dtype=float32), array([nan, nan, nan], dtype=float32), array([nan, nan, nan], dtype=float32), array([nan, nan, nan], dtype=float32), array([nan, nan, nan], dtype=float32), array([nan, nan, nan], dtype=float32), array([nan, nan, nan], dtype=float32), array([nan, nan, nan], dtype=float32), array([nan, nan, nan], dtype=float32)]","[array([7.952536, 7.952536, 7.952536], dtype=float32), array([7.952828, 7.952828, 7.952828], dtype=float32), array([7.953081, 7.953081, 7.953081], dtype=float32), array([7.9532943, 7.9532943, 7.9532943], dtype=float32), array([7.953484, 7.953484, 7.953484], dtype=float32), array([7.9537044, 7.9537044, 7.9537044], dtype=float32), array([7.953874, 7.953874, 7.953874], dtype=float32), array([7.954072, 7.954072, 7.954072], dtype=float32), array([7.9541955, 7.9541955, 7.9541955], dtype=float32), array([7.9543076, 7.9543076, 7.9543076], dtype=float32), array([7.95449, 7.95449, 7.95449], dtype=float32), array([7.954575, 7.954575, 7.954575], dtype=float32), array([7.9546647, 7.9546647, 7.9546647], dtype=float32), array([7.954749, 7.954749, 7.954749], dtype=float32), array([7.9550076, 7.9550076, 7.9550076], dtype=float32), array([7.955131, 7.955131, 7.955131], dtype=float32), array([7.955206, 7.955206, 7.955206], dtype=float32), array([7.9553847, 7.9553847, 7.9553847], dtype=float32), array([7.955534, 7.955534, 7.955534], dtype=float32), array([7.9556046, 7.9556046, 7.9556046], dtype=float32), array([7.95574, 7.95574, 7.95574], dtype=float32), array([7.955993, 7.955993, 7.955993], dtype=float32), array([7.956246, 7.956246, 7.956246], dtype=float32), array([7.9564915, 7.9564915, 7.9564915], dtype=float32), array([7.95672, 7.95672, 7.95672], dtype=float32), array([7.9568877, 7.9568877, 7.9568877], dtype=float32), array([7.957267, 7.957267, 7.957267], dtype=float32), array([7.957552, 7.957552, 7.957552], dtype=float32), array([7.9579406, 7.9579406, 7.9579406], dtype=float32), array([7.9582887, 7.9582887, 7.9582887], dtype=float32), array([7.958673, 7.958673, 7.958673], dtype=float32)]",1,0,0,0,0,0,53.44496124031008,43.300000000000004,0.00036527674286790564,9.94,0.00015919549022627746,90000,2000,90000,9.94,2000,0.3466005658267569,30969,0.0,1.0,0.0013802934991,1393605,45.0,0.0393447157605,999.0,0.0,23810,349.1762670620977,0.0013802934991,30969,0.2960161864757538,45.0,1393605,0.4722185432910919,999.0,-0.001765608787536621,1.3434263701483928e-09,81158,0.3482570946216583,77.16227722167969,0.0,0.0005768195842392743,1.0,-0.0005410913145169616,349.1764777616233,2787210,4185000,104968,0,93000,61938,1048.578778438748,6192532.956978185,6519674.018644996,10.5,90100,100,1.0067001111073661,0.00011308074715960129,2250,5.077839926929407e-05,1.0067001111073661,0.1826355369758712,45.0,0.001923855619970709,2.0,0.0002709692542089523,9.9,2,2,9.5,50,0.00040852500141178955,4500,0.00017623781014777375,4500,100,9.9,100,9.9,2.9364291603849505e-05,4.8241145862845674e-05,2.8699471970827994e-05,0.0001534064471493544,1.5922526820726892e-05,2.2259930373076172e-05,2.0038082305939994e-05,7.466885003452028e-06,4.3066931991252664e-05,6.85349217811377e-06,3.320120830219948e-05,0.05595918385535969,0.006763962117945183,0.05281935084162038,0.18061201341350477,0.030956834118245843,0.018401868921838184,0.00017306603885049776,108066,1351.0,4862970,1395.0,498.0,0.0,0.34863156,178.49435424804688,1.0,1351.0,-0.00019021780462935567,108066,0.00018605776131153107,0.3006228804588318,1395.0,4862970,0.4722185730934143,498.0,0.0041408538818359375,651000,216132,9725940,29295000,9898.43635972593,1.784649178487915e-05,2.4103658805264875e-05,5.4303202949662974e-05,3.224319323503868e-05,3.205616226118799e-05,0.00017255736420440044,8.153261664836686e-06,4.740037275824957e-05,7.5258868592323616e-06,3.745851354786125e-05,2.1871071278766856e-05
1,92000,False,46,cb694_00000,2025-08-17_22-39-49,1755470389,90.43413162231445,4204.217129945755,720237,intrinsic-attention2,10.156.0.3,4204.217129945755,46,91.0604304690739,1.4214230577097735e-05,91.06014244580672,2.6745799659550014,88.02880749485215,0.0020611501131188315,1.0067001111073661,92000,45.0,2.643967958529855,2,0.0015697977700619959,2000,1.0067001111073661,9.5,2.0,0.00010201187800806523,0.00029005900432821363,1000,46000,4.7140114459232666e-05,9.91,10.5,2,262.5255882943329,2000.0,3000.0,"[array([[9.2758380e-02, 8.8066268e-01, 2.6578914e-02],
       [2.3411964e-03, 9.9757773e-01, 8.1129554e-05],
       [3.2527509e-01, 3.7347776e-01, 3.0124715e-01]], dtype=float32), array([[1.1824381e-01, 8.2255858e-01, 5.9197549e-02],
       [9.6736249e-04, 9.9895132e-01, 8.1382321e-05],
       [3.2104731e-01, 3.7529546e-01, 3.0365726e-01]], dtype=float32), array([[1.6927290e-01, 7.0237201e-01, 1.2835512e-01],
       [3.8590955e-04, 9.9953043e-01, 8.3699502e-05],
       [3.1705004e-01, 3.7628692e-01, 3.0666307e-01]], dtype=float32), array([[4.3246096e-01, 1.4932784e-01, 4.1821122e-01],
       [1.7420616e-04, 9.9959701e-01, 2.2882310e-04],
       [4.0892527e-01, 1.9178970e-01, 3.9928508e-01]], dtype=float32), array([[3.4229946e-01, 3.1314605e-01, 3.4455451e-01],
       [3.8795758e-04, 9.9939477e-01, 2.1735659e-04],
       [3.9058915e-01, 1.9888310e-01, 4.1052777e-01]], dtype=float32), array([[1.6944762e-01, 7.0201772e-01, 1.2853464e-01],
       [3.8491795e-04, 9.9953163e-01, 8.3473693e-05],
       [3.1725293e-01, 3.7576407e-01, 3.0698296e-01]], dtype=float32), array([[5.2272141e-01, 6.4006560e-02, 4.1327199e-01],
       [7.4551433e-05, 9.9970955e-01, 2.1587752e-04],
       [4.2324972e-01, 1.8981764e-01, 3.8693264e-01]], dtype=float32), array([[2.1257718e-01, 6.6096079e-01, 1.2646197e-01],
       [4.5465678e-03, 9.9506772e-01, 3.8571941e-04],
       [3.4547850e-01, 1.5318805e-01, 5.0133348e-01]], dtype=float32), array([[3.4483108e-01, 3.1285506e-01, 3.4231380e-01],
       [3.1228596e-05, 9.9990058e-01, 6.8196518e-05],
       [2.4695866e-01, 4.9289316e-01, 2.6014817e-01]], dtype=float32), array([[2.4618424e-01, 5.0995892e-01, 2.4385683e-01],
       [8.7888628e-05, 9.9983430e-01, 7.7808669e-05],
       [2.6018772e-01, 4.8170647e-01, 2.5810575e-01]], dtype=float32), array([[1.8228775e-01, 6.7682594e-01, 1.4088625e-01],
       [6.0471735e-04, 9.9925405e-01, 1.4110282e-04],
       [3.2270682e-01, 3.6174279e-01, 3.1555036e-01]], dtype=float32), array([[5.2343988e-01, 6.5318950e-02, 4.1124117e-01],
       [1.3141714e-04, 9.9949825e-01, 3.7029377e-04],
       [4.2398751e-01, 1.8975353e-01, 3.8625902e-01]], dtype=float32), array([[1.3802047e-01, 7.9109210e-01, 7.0887342e-02],
       [2.1242730e-03, 9.9767274e-01, 2.0305370e-04],
       [3.2868928e-01, 3.5062647e-01, 3.2068428e-01]], dtype=float32), array([[2.7730876e-01, 4.7338653e-01, 2.4930467e-01],
       [1.9448731e-03, 9.9749351e-01, 5.6159514e-04],
       [3.7377968e-01, 2.0494306e-01, 4.2127720e-01]], dtype=float32), array([[0.2001682 , 0.72779644, 0.07203531],
       [0.02198016, 0.9769299 , 0.00108996],
       [0.30965605, 0.15513964, 0.5352043 ]], dtype=float32), array([[4.4150373e-01, 1.3941498e-01, 4.1908124e-01],
       [5.5608246e-04, 9.9866354e-01, 7.8034017e-04],
       [4.1102055e-01, 1.9187553e-01, 3.9710391e-01]], dtype=float32), array([[0.24770667, 0.5901147 , 0.16217858],
       [0.01234221, 0.98620206, 0.00145578],
       [0.3401249 , 0.14597657, 0.51389855]], dtype=float32), array([[0.21119742, 0.7117203 , 0.07708223],
       [0.02891898, 0.9695118 , 0.0015692 ],
       [0.30531833, 0.15296863, 0.541713  ]], dtype=float32), array([[0.20553525, 0.7530174 , 0.04144735],
       [0.05647068, 0.9417723 , 0.00175702],
       [0.27886644, 0.15763709, 0.56349653]], dtype=float32), array([[0.25755396, 0.56933707, 0.17310897],
       [0.01649828, 0.98137003, 0.0021316 ],
       [0.33782384, 0.14355153, 0.5186246 ]], dtype=float32), array([[0.30166143, 0.42885008, 0.26948845],
       [0.01085962, 0.9865817 , 0.00255872],
       [0.36436647, 0.13661908, 0.4990144 ]], dtype=float32), array([[0.29357085, 0.43581006, 0.27061906],
       [0.00506367, 0.99322987, 0.00170641],
       [0.37356535, 0.20273277, 0.4237019 ]], dtype=float32), array([[0.18048996, 0.72389853, 0.09561148],
       [0.00966063, 0.9891768 , 0.00116256],
       [0.3384529 , 0.30837256, 0.35317454]], dtype=float32), array([[6.1199778e-01, 5.4266449e-02, 3.3373585e-01],
       [7.0819500e-05, 9.9915528e-01, 7.7388418e-04],
       [2.5435010e-01, 4.5194295e-01, 2.9370692e-01]], dtype=float32), array([[0.30029544, 0.4198806 , 0.27982402],
       [0.0078478 , 0.9893189 , 0.00283328],
       [0.3731966 , 0.20217165, 0.4246318 ]], dtype=float32), array([[3.6127657e-01, 2.8497201e-01, 3.5375142e-01],
       [5.1643921e-04, 9.9847287e-01, 1.0106126e-03],
       [2.7642488e-01, 4.3575934e-01, 2.8781578e-01]], dtype=float32), array([[0.2543712 , 0.6495864 , 0.09604248],
       [0.07710504, 0.9170069 , 0.00588807],
       [0.2854675 , 0.1474417 , 0.56709075]], dtype=float32), array([[0.25773692, 0.6447821 , 0.09748094],
       [0.08254109, 0.91098857, 0.00647032],
       [0.28368136, 0.1470888 , 0.5692298 ]], dtype=float32), array([[0.31568342, 0.39277658, 0.29154003],
       [0.02763814, 0.96478146, 0.00758032],
       [0.35632154, 0.13166422, 0.5120142 ]], dtype=float32), array([[0.28885123, 0.49958247, 0.21156627],
       [0.04528544, 0.946668  , 0.00804653],
       [0.3270325 , 0.1372151 , 0.53575236]], dtype=float32), array([[0.29109102, 0.4941342 , 0.21477477],
       [0.0488168 , 0.9422728 , 0.0089104 ],
       [0.32613406, 0.13695748, 0.53690845]], dtype=float32)]","[array([nan, nan, nan], dtype=float32), array([nan, nan, nan], dtype=float32), array([nan, nan, nan], dtype=float32), array([nan, nan, nan], dtype=float32), array([nan, nan, nan], dtype=float32), array([nan, nan, nan], dtype=float32), array([nan, nan, nan], dtype=float32), array([nan, nan, nan], dtype=float32), array([nan, nan, nan], dtype=float32), array([nan, nan, nan], dtype=float32), array([nan, nan, nan], dtype=float32), array([nan, nan, nan], dtype=float32), array([nan, nan, nan], dtype=float32), array([nan, nan, nan], dtype=float32), array([nan, nan, nan], dtype=float32), array([nan, nan, nan], dtype=float32), array([nan, nan, nan], dtype=float32), array([nan, nan, nan], dtype=float32), array([nan, nan, nan], dtype=float32), array([nan, nan, nan], dtype=float32), array([nan, nan, nan], dtype=float32), array([nan, nan, nan], dtype=float32), array([nan, nan, nan], dtype=float32), array([nan, nan, nan], dtype=float32), array([nan, nan, nan], dtype=float32), array([nan, nan, nan], dtype=float32), array([nan, nan, nan], dtype=float32), array([nan, nan, nan], dtype=float32), array([nan, nan, nan], dtype=float32), array([nan, nan, nan], dtype=float32), array([nan, nan, nan], dtype=float32)]","[array([7.959047, 7.959047, 7.959047], dtype=float32), array([7.9593053, 7.9593053, 7.9593053], dtype=float32), array([7.9595094, 7.9595094, 7.9595094], dtype=float32), array([7.959672, 7.959672, 7.959672], dtype=float32), array([7.9596176, 7.9596176, 7.9596176], dtype=float32), array([7.9595194, 7.9595194, 7.9595194], dtype=float32), array([7.9595795, 7.9595795, 7.9595795], dtype=float32), array([7.959657, 7.959657, 7.959657], dtype=float32), array([7.9596624, 7.9596624, 7.9596624], dtype=float32), array([7.9595847, 7.9595847, 7.9595847], dtype=float32), array([7.959608, 7.959608, 7.959608], dtype=float32), array([7.9595957, 7.9595957, 7.9595957], dtype=float32), array([7.9594045, 7.9594045, 7.9594045], dtype=float32), array([7.959099, 7.959099, 7.959099], dtype=float32), array([7.9588466, 7.9588466, 7.9588466], dtype=float32), array([7.958611, 7.958611, 7.958611], dtype=float32), array([7.958321, 7.958321, 7.958321], dtype=float32), array([7.9579167, 7.9579167, 7.9579167], dtype=float32), array([7.9576726, 7.9576726, 7.9576726], dtype=float32), array([7.9573917, 7.9573917, 7.9573917], dtype=float32), array([7.9570637, 7.9570637, 7.9570637], dtype=float32), array([7.9567814, 7.9567814, 7.9567814], dtype=float32), array([7.956396, 7.956396, 7.956396], dtype=float32), array([7.95598, 7.95598, 7.95598], dtype=float32), array([7.9556637, 7.9556637, 7.9556637], dtype=float32), array([7.955407, 7.955407, 7.955407], dtype=float32), array([7.9550724, 7.9550724, 7.9550724], dtype=float32), array([7.9547343, 7.9547343, 7.9547343], dtype=float32), array([7.954378, 7.954378, 7.954378], dtype=float32), array([7.9540343, 7.9540343, 7.9540343], dtype=float32), array([7.953643, 7.953643, 7.953643], dtype=float32)]",1,0,0,0,0,0,53.379069767441855,42.713178294573645,0.0003736921213624117,9.91,0.00016322591433031662,92000,2000,92000,9.91,2000,0.3463035323084637,30969,0.0,1.0,0.0013802934991,1424574,46.0,0.0393447157605,999.0,0.0,23810,349.25831859233875,0.0013802934991,30969,0.29794642329216003,46.0,1424574,0.4722185432910919,999.0,-0.03734946250915527,6.717131850741964e-10,81158,0.3489283621311188,130.61264038085938,0.0,0.0004860868793912232,1.0,0.00013279270206112415,349.2585271804919,2849148,4278000,104968,0,93000,61938,1048.8251421420966,6191401.111646023,6521809.915892964,10.5,92100,100,1.0067001111073661,0.00014588388822504535,2300,6.144612367195498e-05,1.0067001111073661,0.18268174213614033,46.0,0.001950768589740619,2.0,0.00027048230167093476,9.9,2,2,9.5,50,0.0005061121411658552,4600,0.0002192664807367151,4600,100,9.9,100,9.9,2.9816975465460103e-05,4.9632588363238265e-05,2.911073687348239e-05,0.00015636087198302528,1.672575670932332e-05,2.2757755103555745e-05,2.081656522139308e-05,7.681031591934452e-06,4.341146805119868e-05,6.9196419401303904e-06,3.442671179032557e-05,0.05591981504684077,0.006756577176758526,0.052761804723088286,0.1804772237294142,0.0309324820271128,0.018368375942670517,0.0001728976485068076,108066,1381.0,4971036,1426.0,498.0,0.0,0.35100225,178.616943359375,1.0,1381.0,0.002048228168860078,108066,0.0009493003599345684,0.2934091091156006,1426.0,4971036,0.4722185730934143,498.0,0.0035733580589294434,651000,216132,9942072,29946000,9883.982567181027,2.267895322435674e-05,2.9357012691032358e-05,6.81274012889754e-05,4.013002913243173e-05,4.0473229724505745e-05,0.0002102096015983401,9.686674629813681e-06,5.887866268722127e-05,9.06884802631109e-06,4.614815666751099e-05,2.6435096795573456e-05
1,94000,False,47,cb694_00000,2025-08-17_22-41-19,1755470479,89.96629881858826,4294.183428764343,720237,intrinsic-attention2,10.156.0.3,4294.183428764343,47,91.04775151620318,1.4187398375192099e-05,91.0474631236186,2.6770169856254684,88.01399566873371,0.002059942011916349,1.0067001111073661,94000,46.0,2.6464218253545195,2,0.0020584083805442787,2000,1.0067001111073661,9.5,2.0,0.00012064518841785098,0.00029005900432821363,1000,47000,5.242280185154075e-05,10.06,10.5,2,254.01644504870356,2000.0,3000.0,"[array([[0.2703308 , 0.62636864, 0.10330066],
       [0.10505687, 0.8857934 , 0.00914968],
       [0.27737868, 0.14648105, 0.5761403 ]], dtype=float32), array([[0.21062565, 0.6763167 , 0.11305773],
       [0.02477375, 0.97172606, 0.00350014],
       [0.34024772, 0.28756708, 0.37218514]], dtype=float32), array([[0.1960875 , 0.7343155 , 0.06959701],
       [0.03962371, 0.9571181 , 0.00325822],
       [0.33495647, 0.29060677, 0.37443677]], dtype=float32), array([[0.46149743, 0.12134771, 0.4171549 ],
       [0.003595  , 0.9909065 , 0.00549851],
       [0.4191973 , 0.18650863, 0.39429408]], dtype=float32), array([[0.461519  , 0.12133182, 0.41714925],
       [0.00358405, 0.99093187, 0.00548411],
       [0.41917366, 0.18655637, 0.39426997]], dtype=float32), array([[0.53980106, 0.06578729, 0.39441162],
       [0.00220028, 0.99232703, 0.00547261],
       [0.43631238, 0.18101193, 0.38267565]], dtype=float32), array([[0.4618601 , 0.12108764, 0.4170522 ],
       [0.0037415 , 0.99053407, 0.00572445],
       [0.41942105, 0.18631496, 0.394264  ]], dtype=float32), array([[0.26648098, 0.6328684 , 0.10065063],
       [0.0983877 , 0.8934004 , 0.00821189],
       [0.2784689 , 0.14614235, 0.5753887 ]], dtype=float32), array([[0.5381754 , 0.06545208, 0.39637253],
       [0.00163063, 0.99423283, 0.00413658],
       [0.43473724, 0.18210971, 0.38315302]], dtype=float32), array([[0.2558294 , 0.6882849 , 0.05588574],
       [0.120428  , 0.873847  , 0.00572506],
       [0.2589109 , 0.15158977, 0.58949935]], dtype=float32), array([[0.2804359 , 0.51886594, 0.20069821],
       [0.03346155, 0.9611472 , 0.00539125],
       [0.33042255, 0.13763365, 0.53194386]], dtype=float32), array([[6.1270636e-01, 5.3786106e-02, 3.3350751e-01],
       [6.5805740e-05, 9.9920374e-01, 7.3049322e-04],
       [2.5335786e-01, 4.5357719e-01, 2.9306495e-01]], dtype=float32), array([[0.30821365, 0.41162428, 0.28016207],
       [0.01486685, 0.98140013, 0.00373299],
       [0.3625351 , 0.13374542, 0.5037195 ]], dtype=float32), array([[0.16536702, 0.7791378 , 0.05549528],
       [0.0200127 , 0.9786952 , 0.0012921 ],
       [0.3357858 , 0.30437574, 0.35983846]], dtype=float32), array([[6.0781938e-01, 5.5638440e-02, 3.3654210e-01],
       [7.0918060e-05, 9.9917656e-01, 7.5254421e-04],
       [2.5618571e-01, 4.4943374e-01, 2.9438058e-01]], dtype=float32), array([[0.34763527, 0.30029187, 0.35207286],
       [0.00364096, 0.99411964, 0.00223943],
       [0.38728318, 0.20317078, 0.40954608]], dtype=float32), array([[2.7640992e-01, 4.4857901e-01, 2.7501103e-01],
       [7.7079062e-04, 9.9851424e-01, 7.1502692e-04],
       [2.8499815e-01, 4.3123788e-01, 2.8376392e-01]], dtype=float32), array([[0.44947508, 0.13359949, 0.41692546],
       [0.00139833, 0.99650097, 0.00210076],
       [0.41032013, 0.19753096, 0.39214894]], dtype=float32), array([[0.27172387, 0.5345727 , 0.19370341],
       [0.02363953, 0.97267747, 0.00368293],
       [0.33838162, 0.14548928, 0.5161291 ]], dtype=float32), array([[4.9387860e-01, 1.2349550e-01, 3.8262588e-01],
       [1.3815296e-04, 9.9915230e-01, 7.0958078e-04],
       [2.6629087e-01, 4.4144318e-01, 2.9226589e-01]], dtype=float32), array([[0.3079101 , 0.41085765, 0.2812322 ],
       [0.0140253 , 0.9822839 , 0.00369074],
       [0.36565882, 0.14057359, 0.49376762]], dtype=float32), array([[0.34435079, 0.3079095 , 0.34773973],
       [0.00353881, 0.9943011 , 0.00216006],
       [0.38523364, 0.20820993, 0.4065564 ]], dtype=float32), array([[0.2378706 , 0.67187214, 0.09025725],
       [0.05506809, 0.94103754, 0.00389439],
       [0.2988283 , 0.1573134 , 0.5438583 ]], dtype=float32), array([[0.27622047, 0.524653  , 0.19912651],
       [0.0289616 , 0.966199  , 0.00483939],
       [0.33784586, 0.1487408 , 0.51341337]], dtype=float32), array([[0.2441013 , 0.70162946, 0.05426918],
       [0.10335045, 0.89184827, 0.00480129],
       [0.27267003, 0.16377129, 0.5635587 ]], dtype=float32), array([[0.44973016, 0.13540159, 0.41486827],
       [0.00208621, 0.994756  , 0.00315782],
       [0.40854272, 0.20182762, 0.38962966]], dtype=float32), array([[0.52967805, 0.07189461, 0.3984273 ],
       [0.00129676, 0.9953595 , 0.00334368],
       [0.42338365, 0.19699033, 0.37962598]], dtype=float32), array([[0.24976029, 0.6944667 , 0.05577306],
       [0.11266036, 0.8818223 , 0.00551727],
       [0.27212125, 0.1659369 , 0.5619418 ]], dtype=float32), array([[0.25036874, 0.53769857, 0.2119327 ],
       [0.00686824, 0.9908087 , 0.00232302],
       [0.34577578, 0.29671773, 0.35750648]], dtype=float32), array([[0.29556575, 0.4324519 , 0.2719823 ],
       [0.01037757, 0.9857854 , 0.00383692],
       [0.36887407, 0.21685164, 0.41427433]], dtype=float32), array([[5.9551525e-01, 6.3728049e-02, 3.4075660e-01],
       [1.7539164e-04, 9.9830377e-01, 1.5208260e-03],
       [2.6666597e-01, 4.3243876e-01, 3.0089524e-01]], dtype=float32)]","[array([nan, nan, nan], dtype=float32), array([nan, nan, nan], dtype=float32), array([nan, nan, nan], dtype=float32), array([nan, nan, nan], dtype=float32), array([nan, nan, nan], dtype=float32), array([nan, nan, nan], dtype=float32), array([nan, nan, nan], dtype=float32), array([nan, nan, nan], dtype=float32), array([nan, nan, nan], dtype=float32), array([nan, nan, nan], dtype=float32), array([nan, nan, nan], dtype=float32), array([nan, nan, nan], dtype=float32), array([nan, nan, nan], dtype=float32), array([nan, nan, nan], dtype=float32), array([nan, nan, nan], dtype=float32), array([nan, nan, nan], dtype=float32), array([nan, nan, nan], dtype=float32), array([nan, nan, nan], dtype=float32), array([nan, nan, nan], dtype=float32), array([nan, nan, nan], dtype=float32), array([nan, nan, nan], dtype=float32), array([nan, nan, nan], dtype=float32), array([nan, nan, nan], dtype=float32), array([nan, nan, nan], dtype=float32), array([nan, nan, nan], dtype=float32), array([nan, nan, nan], dtype=float32), array([nan, nan, nan], dtype=float32), array([nan, nan, nan], dtype=float32), array([nan, nan, nan], dtype=float32), array([nan, nan, nan], dtype=float32), array([nan, nan, nan], dtype=float32)]","[array([7.953276, 7.953276, 7.953276], dtype=float32), array([7.953316, 7.953316, 7.953316], dtype=float32), array([7.952806, 7.952806, 7.952806], dtype=float32), array([7.9531417, 7.9531417, 7.9531417], dtype=float32), array([7.954996, 7.954996, 7.954996], dtype=float32), array([7.957108, 7.957108, 7.957108], dtype=float32), array([7.95968, 7.95968, 7.95968], dtype=float32), array([7.9640217, 7.9640217, 7.9640217], dtype=float32), array([7.969039, 7.969039, 7.969039], dtype=float32), array([7.973738, 7.973738, 7.973738], dtype=float32), array([7.977922, 7.977922, 7.977922], dtype=float32), array([7.9829183, 7.9829183, 7.9829183], dtype=float32), array([7.9886928, 7.9886928, 7.9886928], dtype=float32), array([7.993601, 7.993601, 7.993601], dtype=float32), array([8.001267, 8.001267, 8.001267], dtype=float32), array([8.009574, 8.009574, 8.009574], dtype=float32), array([8.018996, 8.018996, 8.018996], dtype=float32), array([8.02748, 8.02748, 8.02748], dtype=float32), array([8.03586, 8.03586, 8.03586], dtype=float32), array([8.044318, 8.044318, 8.044318], dtype=float32), array([8.052492, 8.052492, 8.052492], dtype=float32), array([8.06006, 8.06006, 8.06006], dtype=float32), array([8.066758, 8.066758, 8.066758], dtype=float32), array([8.073907, 8.073907, 8.073907], dtype=float32), array([8.082039, 8.082039, 8.082039], dtype=float32), array([8.089288, 8.089288, 8.089288], dtype=float32), array([8.096665, 8.096665, 8.096665], dtype=float32), array([8.103822, 8.103822, 8.103822], dtype=float32), array([8.11135, 8.11135, 8.11135], dtype=float32), array([8.118425, 8.118425, 8.118425], dtype=float32), array([8.1243515, 8.1243515, 8.1243515], dtype=float32)]",1,0,0,0,0,0,53.37984496124031,42.48992248062015,0.00042780833334279006,10.06,0.00018844796041044375,94000,2000,94000,10.06,2000,0.3460196519654046,30969,0.0,1.0,0.0013802934991,1455543,47.0,0.0393447157605,999.0,0.0,23810,349.3992169909269,0.0013802934991,30969,0.3349679410457611,47.0,1455543,0.4722185432910919,999.0,-0.29974186420440674,6.717131850741964e-10,81158,0.3366083800792694,852.048583984375,0.0,0.022605445235967636,1.0,-0.012136121280491352,349.39942079217656,2911086,4371000,104968,0,93000,61938,1049.2482093460192,6196005.429376086,6531310.121735844,10.5,94100,100,1.0067001111073661,0.00012674778323901048,2350,5.507592062690169e-05,1.0067001111073661,0.18243042849481983,47.0,0.002115056829061359,2.0,0.00026960990864323365,9.9,2,2,9.5,50,0.0004442378852667779,4700,0.00019321664024823216,4700,100,9.9,100,9.9,3.450118016223461e-05,5.6972391132108624e-05,3.467285078956882e-05,0.00017633888242185692,1.8861087544411588e-05,2.5575761311066768e-05,2.3079091380507596e-05,8.378502845582356e-06,5.074280571134174e-05,7.853569795462155e-06,3.9130292878963486e-05,0.05588902406628577,0.006755194415048953,0.05271719275588786,0.1803282164420937,0.030910898646957168,0.0183312301932564,0.00017275518206486513,108066,1411.0,5079102,1457.0,498.0,0.0,0.3380691,179.38380432128906,1.0,1411.0,-0.013888347893953323,108066,0.020021891221404076,0.3321092128753662,1457.0,5079102,0.4722185730934143,498.0,0.0018409490585327148,651000,216132,10158204,30597000,9870.419290248743,1.948149212767321e-05,2.600787492491897e-05,5.925550010632193e-05,3.505147508528947e-05,3.5174225658419955e-05,0.00018643686741228732,8.730763105858312e-06,5.1850225115534944e-05,7.997166173497066e-06,4.114216766605532e-05,2.3729084998876362e-05
1,96000,False,48,cb694_00000,2025-08-17_22-42-50,1755470570,91.24898433685303,4385.432413101196,720237,intrinsic-attention2,10.156.0.3,4385.432413101196,48,91.04776237473118,1.4175794300717736e-05,91.04747296575243,2.68171066068914,88.00733088422626,0.0020642220217813247,1.0067001111073661,96000,47.0,2.6511349990409743,2,0.0014767216495238245,2000,1.0067001111073661,9.5,2.0,9.680435796750478e-05,0.00029005900432821363,1000,48000,4.4535110695907525e-05,10.0,10.5,2,245.75730257070404,2000.0,3000.0,"[array([[0.29618108, 0.43104625, 0.2727727 ],
       [0.01110106, 0.9847497 , 0.00414918],
       [0.36858118, 0.21769774, 0.41372108]], dtype=float32), array([[0.28028637, 0.44168386, 0.27802983],
       [0.00170586, 0.9967709 , 0.00152324],
       [0.29305264, 0.4157103 , 0.29123712]], dtype=float32), array([[0.25273827, 0.5326413 , 0.21462044],
       [0.00767748, 0.9896774 , 0.00264511],
       [0.34602255, 0.29586548, 0.3581119 ]], dtype=float32), array([[0.31177953, 0.40128785, 0.2869327 ],
       [0.02390788, 0.9690211 , 0.00707105],
       [0.3635427 , 0.15037452, 0.48608273]], dtype=float32), array([[0.25419134, 0.6469339 , 0.09887473],
       [0.08013444, 0.9130145 , 0.00685114],
       [0.29777157, 0.16657174, 0.53565663]], dtype=float32), array([[0.31241435, 0.3995492 , 0.28803647],
       [0.02536672, 0.9670109 , 0.0076223 ],
       [0.36338353, 0.15146409, 0.48515233]], dtype=float32), array([[4.9057460e-01, 1.2904324e-01, 3.8038215e-01],
       [3.9476159e-04, 9.9784911e-01, 1.7561390e-03],
       [2.7849472e-01, 4.2029697e-01, 3.0120835e-01]], dtype=float32), array([[0.20238549, 0.69093823, 0.10667624],
       [0.02118231, 0.97594404, 0.00287363],
       [0.33916032, 0.2980127 , 0.362827  ]], dtype=float32), array([[0.20241174, 0.6908621 , 0.10672621],
       [0.02116271, 0.97596586, 0.00287147],
       [0.3391781 , 0.29790702, 0.36291486]], dtype=float32), array([[0.34203818, 0.31301135, 0.34495047],
       [0.0071172 , 0.988442  , 0.00444083],
       [0.38137755, 0.21593027, 0.40269223]], dtype=float32), array([[0.2535389 , 0.6468822 , 0.09957889],
       [0.07889842, 0.9142556 , 0.00684592],
       [0.29980412, 0.16898914, 0.5312067 ]], dtype=float32), array([[0.18800417, 0.7469585 , 0.06503739],
       [0.03497599, 0.9622944 , 0.00272965],
       [0.335099  , 0.30036074, 0.36454025]], dtype=float32), array([[0.30006754, 0.40854728, 0.29138517],
       [0.00456301, 0.9927026 , 0.00273429],
       [0.35003227, 0.2940874 , 0.35588035]], dtype=float32), array([[0.2939732 , 0.4365079 , 0.26951894],
       [0.01100428, 0.98489606, 0.0040997 ],
       [0.36754322, 0.22176944, 0.41068727]], dtype=float32), array([[0.5234134 , 0.07803982, 0.3985467 ],
       [0.00171634, 0.9940154 , 0.00426833],
       [0.4185782 , 0.20382978, 0.377592  ]], dtype=float32), array([[0.18841547, 0.7463846 , 0.06519987],
       [0.03533345, 0.96189946, 0.00276702],
       [0.3350789 , 0.3003923 , 0.36452883]], dtype=float32), array([[0.20222865, 0.6911898 , 0.10658155],
       [0.02111466, 0.97602147, 0.00286386],
       [0.33912793, 0.29829532, 0.36257675]], dtype=float32), array([[0.20334579, 0.6894876 , 0.10716662],
       [0.02190018, 0.9751101 , 0.00298976],
       [0.3391266 , 0.2978634 , 0.36301005]], dtype=float32), array([[4.8863500e-01, 1.3078938e-01, 3.8057557e-01],
       [4.3437831e-04, 9.9768102e-01, 1.8846090e-03],
       [2.8013438e-01, 4.1768724e-01, 3.0217844e-01]], dtype=float32), array([[0.31267944, 0.3985377 , 0.28878286],
       [0.02599755, 0.966051  , 0.0079515 ],
       [0.36380646, 0.15356249, 0.48263115]], dtype=float32), array([[0.29705733, 0.4291555 , 0.2737872 ],
       [0.01295789, 0.98207897, 0.00496323],
       [0.3676258 , 0.22071782, 0.41165635]], dtype=float32), array([[0.302843  , 0.4025631 , 0.29459393],
       [0.0056411 , 0.9909424 , 0.00341645],
       [0.35135412, 0.29078168, 0.3578642 ]], dtype=float32), array([[0.26097786, 0.63667   , 0.10235218],
       [0.0920668 , 0.89951664, 0.00841657],
       [0.29611358, 0.16838655, 0.5354999 ]], dtype=float32), array([[0.5256114 , 0.0777213 , 0.39666724],
       [0.00234264, 0.99194896, 0.00570832],
       [0.4211793 , 0.20108642, 0.37773424]], dtype=float32), array([[0.26753026, 0.6686145 , 0.06385523],
       [0.14170326, 0.84969175, 0.00860495],
       [0.27276298, 0.17343359, 0.5538034 ]], dtype=float32), array([[4.9570033e-01, 1.2625581e-01, 3.7804392e-01],
       [5.4904813e-04, 9.9702257e-01, 2.4283000e-03],
       [2.8110316e-01, 4.1520903e-01, 3.0368787e-01]], dtype=float32), array([[0.2032133 , 0.7248057 , 0.07198102],
       [0.04818773, 0.94757485, 0.00423744],
       [0.33446622, 0.29615736, 0.36937645]], dtype=float32), array([[0.35119486, 0.30157045, 0.34723467],
       [0.00211556, 0.9945398 , 0.00334466],
       [0.29438177, 0.40420592, 0.3014124 ]], dtype=float32), array([[0.22657965, 0.6525493 , 0.12087102],
       [0.04276713, 0.9504559 , 0.00677705],
       [0.33867925, 0.289741  , 0.3715797 ]], dtype=float32), array([[0.45568764, 0.1340311 , 0.41028124],
       [0.00804979, 0.97979796, 0.01215216],
       [0.41079012, 0.20258766, 0.38662216]], dtype=float32), array([[0.3219789 , 0.3748207 , 0.3032004 ],
       [0.06361789, 0.9142069 , 0.02217524],
       [0.35386625, 0.15248321, 0.49365056]], dtype=float32)]","[array([nan, nan, nan], dtype=float32), array([nan, nan, nan], dtype=float32), array([nan, nan, nan], dtype=float32), array([nan, nan, nan], dtype=float32), array([nan, nan, nan], dtype=float32), array([nan, nan, nan], dtype=float32), array([nan, nan, nan], dtype=float32), array([nan, nan, nan], dtype=float32), array([nan, nan, nan], dtype=float32), array([nan, nan, nan], dtype=float32), array([nan, nan, nan], dtype=float32), array([nan, nan, nan], dtype=float32), array([nan, nan, nan], dtype=float32), array([nan, nan, nan], dtype=float32), array([nan, nan, nan], dtype=float32), array([nan, nan, nan], dtype=float32), array([nan, nan, nan], dtype=float32), array([nan, nan, nan], dtype=float32), array([nan, nan, nan], dtype=float32), array([nan, nan, nan], dtype=float32), array([nan, nan, nan], dtype=float32), array([nan, nan, nan], dtype=float32), array([nan, nan, nan], dtype=float32), array([nan, nan, nan], dtype=float32), array([nan, nan, nan], dtype=float32), array([nan, nan, nan], dtype=float32), array([nan, nan, nan], dtype=float32), array([nan, nan, nan], dtype=float32), array([nan, nan, nan], dtype=float32), array([nan, nan, nan], dtype=float32), array([nan, nan, nan], dtype=float32)]","[array([8.1307535, 8.1307535, 8.1307535], dtype=float32), array([8.136786, 8.136786, 8.136786], dtype=float32), array([8.142722, 8.142722, 8.142722], dtype=float32), array([8.147964, 8.147964, 8.147964], dtype=float32), array([8.15306, 8.15306, 8.15306], dtype=float32), array([8.157403, 8.157403, 8.157403], dtype=float32), array([8.161727, 8.161727, 8.161727], dtype=float32), array([8.1656275, 8.1656275, 8.1656275], dtype=float32), array([8.169542, 8.169542, 8.169542], dtype=float32), array([8.173156, 8.173156, 8.173156], dtype=float32), array([8.17631, 8.17631, 8.17631], dtype=float32), array([8.179788, 8.179788, 8.179788], dtype=float32), array([8.182844, 8.182844, 8.182844], dtype=float32), array([8.185685, 8.185685, 8.185685], dtype=float32), array([8.188736, 8.188736, 8.188736], dtype=float32), array([8.191506, 8.191506, 8.191506], dtype=float32), array([8.194098, 8.194098, 8.194098], dtype=float32), array([8.196745, 8.196745, 8.196745], dtype=float32), array([8.199202, 8.199202, 8.199202], dtype=float32), array([8.202192, 8.202192, 8.202192], dtype=float32), array([8.204614, 8.204614, 8.204614], dtype=float32), array([8.206865, 8.206865, 8.206865], dtype=float32), array([8.208924, 8.208924, 8.208924], dtype=float32), array([8.210877, 8.210877, 8.210877], dtype=float32), array([8.212876, 8.212876, 8.212876], dtype=float32), array([8.214782, 8.214782, 8.214782], dtype=float32), array([8.216202, 8.216202, 8.216202], dtype=float32), array([8.217985, 8.217985, 8.217985], dtype=float32), array([8.219817, 8.219817, 8.219817], dtype=float32), array([8.22171, 8.22171, 8.22171], dtype=float32), array([8.2232, 8.2232, 8.2232], dtype=float32)]",1,0,0,0,0,0,54.689230769230775,41.893076923076926,0.0003521239535351801,10.0,0.0001547906903776598,96000,2000,96000,10.0,2000,0.34800783694577814,30969,0.0,1.0,0.0013802934991,1486512,48.0,0.0393447157605,999.0,0.0,23810,349.42780693357304,0.0013802934991,30969,0.33240410685539246,48.0,1486512,0.4722185432910919,999.0,-1.0,6.717131850741964e-10,81158,0.34520724415779114,807.3422241210938,0.0,0.008329127915203571,1.0,-0.0035407491959631443,349.42798724503194,2973024,4464000,104968,0,93000,61938,1049.333918485689,6185753.2652236875,6521402.151820282,10.5,96100,100,1.0067001111073661,0.0001434013878479315,2400,6.0661287737805514e-05,1.0067001111073661,0.1823969612798741,48.0,0.0020626309589715673,2.0,0.00026884763961942726,9.9,2,2,9.5,50,0.0004951750216814596,4800,0.00021702837739968935,4800,100,9.9,100,9.9,2.8203604741176587e-05,4.612559616474242e-05,2.824752810690954e-05,0.00014609597760247605,1.5587175672406518e-05,2.1549237493174035e-05,1.9930031825182427e-05,7.242869348926094e-06,4.052663677916188e-05,6.630046077014565e-06,3.2875783295759485e-05,0.05585209928554338,0.006752275120926679,0.05264886172842975,0.18015579166779153,0.030881547610535093,0.020628944971244588,0.0001726415601701686,108066,1441.0,5187168,1488.0,498.0,0.0,0.34378257,179.88902282714844,1.0,1441.0,-0.006029922049492598,108066,0.006646875757724047,0.3329782783985138,1488.0,5187168,0.4722185730934143,498.0,-0.0066841840744018555,651000,216132,10374336,31248000,9855.362605753211,2.2232915655448992e-05,2.894139609873368e-05,6.714945820398885e-05,3.9642290344635654e-05,3.9251265028912e-05,0.00020596276985842868,9.489632811602473e-06,5.901657998002756e-05,8.823215070224693e-06,4.59405021094212e-05,2.6341840969008394e-05
1,98000,False,49,cb694_00000,2025-08-17_22-44-20,1755470660,89.35855174064636,4474.790964841843,720237,intrinsic-attention2,10.156.0.3,4474.790964841843,49,91.02921519151384,1.4144546366818669e-05,91.02892538111493,2.681406597822227,87.98940359775399,0.002060865581613372,1.0067001111073661,98000,48.0,2.650850302190603,2,0.001524348440725589,2000,1.0067001111073661,9.5,2.0,9.799047746007908e-05,0.00029005900432821363,1000,49000,4.524343307617606e-05,10.05,10.5,2,237.7441008289498,2000.0,3000.0,"[array([[0.35586736, 0.2938359 , 0.35029668],
       [0.00399293, 0.98971903, 0.00628803],
       [0.2990288 , 0.39500636, 0.30596474]], dtype=float32), array([[0.3567929 , 0.2923681 , 0.35083896],
       [0.00516881, 0.98677504, 0.00805617],
       [0.3010964 , 0.39108008, 0.3078235 ]], dtype=float32), array([[0.28807786, 0.4543266 , 0.25759557],
       [0.03596416, 0.94792724, 0.01610857],
       [0.35093123, 0.27722913, 0.37183964]], dtype=float32), array([[0.3191253 , 0.37411684, 0.30675787],
       [0.05231723, 0.92204684, 0.02563594],
       [0.3657445 , 0.2185717 , 0.4156838 ]], dtype=float32), array([[0.31518027, 0.43033272, 0.2544871 ],
       [0.1402032 , 0.81805074, 0.04174607],
       [0.32200158, 0.16212657, 0.5158719 ]], dtype=float32), array([[0.32481307, 0.54490155, 0.13028544],
       [0.24955168, 0.71117806, 0.03927027],
       [0.26657692, 0.17544785, 0.5579753 ]], dtype=float32), array([[0.31753078, 0.42434818, 0.25812107],
       [0.15486786, 0.7970844 , 0.04804774],
       [0.31973058, 0.16307771, 0.51719177]], dtype=float32), array([[0.31582007, 0.36777493, 0.31640503],
       [0.01553135, 0.96813756, 0.01633115],
       [0.31011093, 0.37902108, 0.31086797]], dtype=float32), array([[0.4636178 , 0.13227528, 0.40410686],
       [0.02599965, 0.9355041 , 0.03849627],
       [0.41521665, 0.20123728, 0.38354602]], dtype=float32), array([[0.27097046, 0.58155864, 0.14747094],
       [0.12244929, 0.85142595, 0.02612475],
       [0.33457333, 0.28149724, 0.3839294 ]], dtype=float32), array([[0.32426023, 0.36020076, 0.31553903],
       [0.07384582, 0.88740563, 0.03874864],
       [0.36480868, 0.21851799, 0.41667336]], dtype=float32), array([[0.3614059 , 0.5396742 , 0.09891991],
       [0.3357992 , 0.6172351 , 0.04696567],
       [0.2404241 , 0.18345383, 0.5761221 ]], dtype=float32), array([[0.32898203, 0.35425887, 0.3167591 ],
       [0.14500742, 0.7942294 , 0.06076328],
       [0.3398867 , 0.1592857 , 0.50082755]], dtype=float32), array([[0.32536995, 0.35705978, 0.3175703 ],
       [0.07919718, 0.8785476 , 0.04225525],
       [0.36461675, 0.21873012, 0.41665313]], dtype=float32), array([[0.321427  , 0.41270143, 0.26587158],
       [0.18027526, 0.7592053 , 0.06051943],
       [0.31632304, 0.16483653, 0.51884043]], dtype=float32), array([[0.30002004, 0.42616457, 0.27381536],
       [0.06207777, 0.9070444 , 0.03087785],
       [0.3517302 , 0.2722952 , 0.37597463]], dtype=float32), array([[0.32436442, 0.3550284 , 0.32060722],
       [0.04530817, 0.923982  , 0.03070977],
       [0.3586454 , 0.2691877 , 0.37216687]], dtype=float32), array([[0.32500678, 0.35810235, 0.31689084],
       [0.07797987, 0.88057864, 0.04144153],
       [0.3645946 , 0.21895811, 0.4164473 ]], dtype=float32), array([[0.275256  , 0.5740972 , 0.1506468 ],
       [0.13208088, 0.8389123 , 0.02900674],
       [0.3339912 , 0.2795243 , 0.38648444]], dtype=float32), array([[0.605462  , 0.07511543, 0.3194226 ],
       [0.00368633, 0.97594404, 0.02036973],
       [0.29559547, 0.38410684, 0.32029763]], dtype=float32), array([[0.31739172, 0.36464515, 0.3179631 ],
       [0.01805111, 0.96294314, 0.01900578],
       [0.31153488, 0.37616822, 0.3122969 ]], dtype=float32), array([[0.33655092, 0.52702826, 0.13642088],
       [0.28243953, 0.6675833 , 0.04997718],
       [0.2607941 , 0.17827776, 0.5609281 ]], dtype=float32), array([[0.5239072 , 0.11836403, 0.35772875],
       [0.00484398, 0.9762655 , 0.01889059],
       [0.29780307, 0.3842718 , 0.31792513]], dtype=float32), array([[0.32297042, 0.3583925 , 0.318637  ],
       [0.04300448, 0.9281323 , 0.02886333],
       [0.35815606, 0.2703758 , 0.37146816]], dtype=float32), array([[0.5259994 , 0.08947507, 0.38452554],
       [0.01900391, 0.94308585, 0.03791021],
       [0.4278526 , 0.19860232, 0.37354505]], dtype=float32), array([[0.5258594 , 0.08912756, 0.38501295],
       [0.01780281, 0.9464227 , 0.03577456],
       [0.42745972, 0.19884636, 0.3736939 ]], dtype=float32), array([[0.26285854, 0.59706897, 0.14007252],
       [0.10545006, 0.8737306 , 0.02081936],
       [0.3352258 , 0.28211716, 0.38265702]], dtype=float32), array([[0.3259498 , 0.36490515, 0.30914506],
       [0.10949998, 0.8485766 , 0.04192351],
       [0.3444552 , 0.15566616, 0.49987856]], dtype=float32), array([[0.28681803, 0.45828524, 0.2548967 ],
       [0.03687291, 0.9468408 , 0.01628632],
       [0.35040063, 0.2782608 , 0.3713386 ]], dtype=float32), array([[0.3143374 , 0.38725394, 0.29840872],
       [0.0422486 , 0.9382458 , 0.01950556],
       [0.3655842 , 0.21903722, 0.41537863]], dtype=float32), array([[0.30028397, 0.39943355, 0.30028245],
       [0.00684196, 0.9863166 , 0.00684137],
       [0.3002937 , 0.3994141 , 0.3002922 ]], dtype=float32)]","[array([nan, nan, nan], dtype=float32), array([nan, nan, nan], dtype=float32), array([nan, nan, nan], dtype=float32), array([nan, nan, nan], dtype=float32), array([nan, nan, nan], dtype=float32), array([nan, nan, nan], dtype=float32), array([nan, nan, nan], dtype=float32), array([nan, nan, nan], dtype=float32), array([nan, nan, nan], dtype=float32), array([nan, nan, nan], dtype=float32), array([nan, nan, nan], dtype=float32), array([nan, nan, nan], dtype=float32), array([nan, nan, nan], dtype=float32), array([nan, nan, nan], dtype=float32), array([nan, nan, nan], dtype=float32), array([nan, nan, nan], dtype=float32), array([nan, nan, nan], dtype=float32), array([nan, nan, nan], dtype=float32), array([nan, nan, nan], dtype=float32), array([nan, nan, nan], dtype=float32), array([nan, nan, nan], dtype=float32), array([nan, nan, nan], dtype=float32), array([nan, nan, nan], dtype=float32), array([nan, nan, nan], dtype=float32), array([nan, nan, nan], dtype=float32), array([nan, nan, nan], dtype=float32), array([nan, nan, nan], dtype=float32), array([nan, nan, nan], dtype=float32), array([nan, nan, nan], dtype=float32), array([nan, nan, nan], dtype=float32), array([nan, nan, nan], dtype=float32)]","[array([8.2247095, 8.2247095, 8.2247095], dtype=float32), array([8.226569, 8.226569, 8.226569], dtype=float32), array([8.228156, 8.228156, 8.228156], dtype=float32), array([8.229798, 8.229798, 8.229798], dtype=float32), array([8.231657, 8.231657, 8.231657], dtype=float32), array([8.233604, 8.233604, 8.233604], dtype=float32), array([8.235398, 8.235398, 8.235398], dtype=float32), array([8.237107, 8.237107, 8.237107], dtype=float32), array([8.238508, 8.238508, 8.238508], dtype=float32), array([8.23951, 8.23951, 8.23951], dtype=float32), array([8.240602, 8.240602, 8.240602], dtype=float32), array([8.241529, 8.241529, 8.241529], dtype=float32), array([8.2428875, 8.2428875, 8.2428875], dtype=float32), array([8.244377, 8.244377, 8.244377], dtype=float32), array([8.245979, 8.245979, 8.245979], dtype=float32), array([8.247428, 8.247428, 8.247428], dtype=float32), array([8.248703, 8.248703, 8.248703], dtype=float32), array([8.250388, 8.250388, 8.250388], dtype=float32), array([8.251992, 8.251992, 8.251992], dtype=float32), array([8.253518, 8.253518, 8.253518], dtype=float32), array([8.255171, 8.255171, 8.255171], dtype=float32), array([8.256736, 8.256736, 8.256736], dtype=float32), array([8.258507, 8.258507, 8.258507], dtype=float32), array([8.260383, 8.260383, 8.260383], dtype=float32), array([8.262139, 8.262139, 8.262139], dtype=float32), array([8.263639, 8.263639, 8.263639], dtype=float32), array([8.265455, 8.265455, 8.265455], dtype=float32), array([8.266778, 8.266778, 8.266778], dtype=float32), array([8.268357, 8.268357, 8.268357], dtype=float32), array([8.269782, 8.269782, 8.269782], dtype=float32), array([8.271134, 8.271134, 8.271134], dtype=float32)]",1,0,0,0,0,0,53.1953125,41.60000000000001,0.0003640998795742837,10.05,0.00015756208849816676,98000,2000,98000,10.05,2000,0.3477142761562088,30969,0.0,1.0,0.0013802934991,1517481,49.0,0.0393447157605,999.0,0.0,23810,349.6663141961288,0.0013802934991,30969,0.30546754598617554,49.0,1517481,0.4722185432910919,999.0,-1.0,6.717131850741964e-10,81158,0.34326255321502686,941.4061279296875,0.0,0.007814319804310799,1.0,-0.005522570572793484,349.6664887814402,3034962,4557000,104968,0,93000,61938,1050.0501042269636,6190528.091256213,6528201.578992938,10.5,98100,100,1.0067001111073661,0.00011963401578774129,2450,5.239975981739652e-05,1.0067001111073661,0.1820749585569939,49.0,0.002022385389864212,2.0,0.0002680614431329331,9.9,2,2,9.5,50,0.0004243392497860636,4900,0.00018573105616602744,4900,100,9.9,100,9.9,2.8953181592513967e-05,4.8377070284897315e-05,2.911748406912012e-05,0.00015170409976650456,1.5955200316795004e-05,2.2287634759266764e-05,2.0001967181551303e-05,7.378944112947098e-06,4.157224373170941e-05,6.7570600438379715e-06,3.3345280125059684e-05,0.05583398874273646,0.006748441039624108,0.05259241529109527,0.18002091426121128,0.030845950164481536,0.02058253109148456,0.00017275712454288206,108066,1471.0,5295234,1519.0,498.0,0.0,0.34603283,180.6754608154297,1.0,1471.0,-0.003969457000494003,108066,0.007586415857076645,0.30463147163391113,1519.0,5295234,0.4722185730934143,498.0,-0.00796663761138916,651000,216132,10590468,31899000,9844.33215517416,1.881285292292636e-05,2.5017216420200308e-05,5.6423424115356155e-05,3.411054544767602e-05,3.3809281544017695e-05,0.0001770255220629788,8.427094444867612e-06,5.01104396127131e-05,7.680781551657184e-06,3.92697512471765e-05,2.2900029215646935e-05
1,100000,True,50,cb694_00000,2025-08-17_22-45-49,1755470749,89.53159689903259,4564.322561740875,720237,intrinsic-attention2,10.156.0.3,4564.322561740875,50,91.0122951018887,1.4129520957735224e-05,91.01200394972376,2.6814752151939816,87.97277401015651,0.0020608134858453734,1.0067001111073661,100000,49.0,2.6509309470187237,2,0.0015278658692841418,2000,1.0067001111073661,9.5,2.0,9.728709177386424e-05,0.00029005900432821363,1000,50000,4.64725752746104e-05,10.03,10.5,2,229.97372459463222,2000.0,3000.0,"[array([[0.30528325, 0.46081287, 0.23390381],
       [0.09910637, 0.8766987 , 0.0241949 ],
       [0.32399255, 0.15582763, 0.52017987]], dtype=float32), array([[0.3096486 , 0.3993061 , 0.29104528],
       [0.03117321, 0.9552866 , 0.01354015],
       [0.3662538 , 0.21825767, 0.41548848]], dtype=float32), array([[0.31937215, 0.38513154, 0.2954963 ],
       [0.06102854, 0.91916925, 0.01980219],
       [0.35061052, 0.14827305, 0.5011164 ]], dtype=float32), array([[0.34406662, 0.3075491 , 0.34838432],
       [0.01575694, 0.9742803 , 0.00996278],
       [0.38093436, 0.21262516, 0.40644053]], dtype=float32), array([[0.31794342, 0.3885892 , 0.29346734],
       [0.05082205, 0.93327665, 0.01590122],
       [0.3526193 , 0.14608827, 0.50129247]], dtype=float32), array([[0.29350743, 0.6420912 , 0.06440137],
       [0.19461206, 0.7925791 , 0.01280884],
       [0.25521916, 0.1674769 , 0.5773039 ]], dtype=float32), array([[0.30346018, 0.41465348, 0.2818864 ],
       [0.02039844, 0.9714119 , 0.00818965],
       [0.36723456, 0.2168817 , 0.41588375]], dtype=float32), array([[0.3480827 , 0.30717131, 0.34474596],
       [0.00176772, 0.99535286, 0.00287944],
       [0.287317  , 0.41700155, 0.29568145]], dtype=float32), array([[0.31666735, 0.39125386, 0.29207876],
       [0.04157758, 0.9458249 , 0.01259761],
       [0.35495022, 0.1440639 , 0.5009859 ]], dtype=float32), array([[0.31616068, 0.39248142, 0.2913579 ],
       [0.03929118, 0.94891095, 0.01179787],
       [0.35559204, 0.143831  , 0.500577  ]], dtype=float32), array([[0.2710566 , 0.63119876, 0.09774465],
       [0.11647718, 0.87327737, 0.0102455 ],
       [0.28194532, 0.16015115, 0.5579035 ]], dtype=float32), array([[0.45485812, 0.13223742, 0.41290444],
       [0.00399159, 0.9898608 , 0.00614758],
       [0.40993857, 0.20220047, 0.38786095]], dtype=float32), array([[5.0408584e-01, 1.2030127e-01, 3.7561294e-01],
       [4.3791084e-04, 9.9742031e-01, 2.1418184e-03],
       [2.7299830e-01, 4.2764819e-01, 2.9935354e-01]], dtype=float32), array([[0.30347893, 0.40182284, 0.2946982 ],
       [0.00626647, 0.9900433 , 0.00369021],
       [0.35383627, 0.28411093, 0.36205286]], dtype=float32), array([[0.28181383, 0.43826634, 0.27991983],
       [0.00214784, 0.99589646, 0.00195563],
       [0.29238334, 0.41681224, 0.29080445]], dtype=float32), array([[0.29728228, 0.42958668, 0.273131  ],
       [0.0137331 , 0.9811257 , 0.00514122],
       [0.36785576, 0.21659847, 0.4155458 ]], dtype=float32), array([[0.26811442, 0.6745037 , 0.0573819 ],
       [0.1462081 , 0.84601283, 0.00777901],
       [0.26203066, 0.16387567, 0.57409364]], dtype=float32), array([[0.30269423, 0.40345675, 0.29384905],
       [0.00549586, 0.99128914, 0.00321497],
       [0.3538493 , 0.28420576, 0.36194485]], dtype=float32), array([[0.45332888, 0.1331034 , 0.41356766],
       [0.00307177, 0.9921929 , 0.00473526],
       [0.40900064, 0.20291832, 0.38808098]], dtype=float32), array([[0.53150475, 0.07253361, 0.39596167],
       [0.00178074, 0.99368405, 0.00453517],
       [0.42373812, 0.19768576, 0.3785761 ]], dtype=float32), array([[0.31399617, 0.3966507 , 0.2893531 ],
       [0.02731329, 0.9648362 , 0.00785053],
       [0.3598277 , 0.141775  , 0.49839726]], dtype=float32), array([[0.20053707, 0.6987553 , 0.10070761],
       [0.02192622, 0.9753727 , 0.00270103],
       [0.3395352 , 0.2902106 , 0.3702542 ]], dtype=float32), array([[0.45282918, 0.13299024, 0.41418058],
       [0.00259506, 0.9934034 , 0.00400149],
       [0.40896204, 0.20248206, 0.38855594]], dtype=float32), array([[0.3135208 , 0.39726412, 0.28921506],
       [0.02439545, 0.9686493 , 0.00695526],
       [0.3612551 , 0.14147411, 0.4972708 ]], dtype=float32), array([[0.25601578, 0.6887064 , 0.05527785],
       [0.12413993, 0.8697755 , 0.00608453],
       [0.26613396, 0.16251695, 0.5713491 ]], dtype=float32), array([[0.2934974 , 0.43829647, 0.26820606],
       [0.01029591, 0.9860103 , 0.00369379],
       [0.36849242, 0.21604063, 0.41546693]], dtype=float32), array([[0.34136742, 0.31448442, 0.34414813],
       [0.00598786, 0.9903993 , 0.00361278],
       [0.38284793, 0.21108167, 0.4060704 ]], dtype=float32), array([[0.3414595 , 0.3142846 , 0.34425592],
       [0.00579653, 0.9907074 , 0.003496  ],
       [0.38298672, 0.21087699, 0.40613633]], dtype=float32), array([[0.25059992, 0.6563073 , 0.09309278],
       [0.07527372, 0.9189858 , 0.00574051],
       [0.29147315, 0.15671021, 0.5518167 ]], dtype=float32), array([[0.18167454, 0.7591229 , 0.05920263],
       [0.03126635, 0.96661234, 0.00212129],
       [0.33496532, 0.291403  , 0.37363172]], dtype=float32), array([[0.24839161, 0.6976055 , 0.0540029 ],
       [0.11090965, 0.8839276 , 0.00516271],
       [0.26868993, 0.16156697, 0.56974316]], dtype=float32)]","[array([8.272598, 8.272598, 8.272598], dtype=float32), array([nan, nan, nan], dtype=float32), array([nan, nan, nan], dtype=float32), array([nan, nan, nan], dtype=float32), array([8.29875, 8.29875, 8.29875], dtype=float32), array([nan, nan, nan], dtype=float32), array([8.314967, 8.314967, 8.314967], dtype=float32), array([nan, nan, nan], dtype=float32), array([nan, nan, nan], dtype=float32), array([nan, nan, nan], dtype=float32), array([8.3379345, 8.3379345, 8.3379345], dtype=float32), array([nan, nan, nan], dtype=float32), array([nan, nan, nan], dtype=float32), array([8.351239, 8.351239, 8.351239], dtype=float32), array([nan, nan, nan], dtype=float32), array([nan, nan, nan], dtype=float32), array([8.363276, 8.363276, 8.363276], dtype=float32), array([nan, nan, nan], dtype=float32), array([nan, nan, nan], dtype=float32), array([nan, nan, nan], dtype=float32), array([8.375255, 8.375255, 8.375255], dtype=float32), array([nan, nan, nan], dtype=float32), array([8.376421, 8.376421, 8.376421], dtype=float32), array([nan, nan, nan], dtype=float32), array([nan, nan, nan], dtype=float32), array([nan, nan, nan], dtype=float32), array([8.3791, 8.3791, 8.3791], dtype=float32), array([nan, nan, nan], dtype=float32), array([nan, nan, nan], dtype=float32), array([8.382765, 8.382765, 8.382765], dtype=float32), array([nan, nan, nan], dtype=float32)]","[array([8.272598, 8.272598, 8.272598], dtype=float32), array([8.274957, 8.274957, 8.274957], dtype=float32), array([8.278747, 8.278747, 8.278747], dtype=float32), array([8.288476, 8.288476, 8.288476], dtype=float32), array([8.298751, 8.298751, 8.298751], dtype=float32), array([8.306832, 8.306832, 8.306832], dtype=float32), array([8.314965, 8.314965, 8.314965], dtype=float32), array([8.321749, 8.321749, 8.321749], dtype=float32), array([8.328672, 8.328672, 8.328672], dtype=float32), array([8.334211, 8.334211, 8.334211], dtype=float32), array([8.337935, 8.337935, 8.337935], dtype=float32), array([8.341865, 8.341865, 8.341865], dtype=float32), array([8.346842, 8.346842, 8.346842], dtype=float32), array([8.35124, 8.35124, 8.35124], dtype=float32), array([8.356108, 8.356108, 8.356108], dtype=float32), array([8.359497, 8.359497, 8.359497], dtype=float32), array([8.363275, 8.363275, 8.363275], dtype=float32), array([8.365607, 8.365607, 8.365607], dtype=float32), array([8.3675375, 8.3675375, 8.3675375], dtype=float32), array([8.372275, 8.372275, 8.372275], dtype=float32), array([8.375253, 8.375253, 8.375253], dtype=float32), array([8.375938, 8.375938, 8.375938], dtype=float32), array([8.37642, 8.37642, 8.37642], dtype=float32), array([8.377268, 8.377268, 8.377268], dtype=float32), array([8.377976, 8.377976, 8.377976], dtype=float32), array([8.37835, 8.37835, 8.37835], dtype=float32), array([8.379099, 8.379099, 8.379099], dtype=float32), array([8.380357, 8.380357, 8.380357], dtype=float32), array([8.38185, 8.38185, 8.38185], dtype=float32), array([8.382766, 8.382766, 8.382766], dtype=float32), array([8.383833, 8.383833, 8.383833], dtype=float32)]",1,0,0,0,0,0,53.14015748031496,41.60472440944885,0.00036350866003711347,10.03,0.00015836127299723838,100000,2000,100000,10.03,2000,0.34737105524459555,30969,0.0,1.0,0.0013802934991,1548450,50.0,0.0393447157605,999.0,0.0,23810,349.91062358290213,0.0013802934991,30969,0.29404228925704956,50.0,1548450,0.4722185432910919,999.0,-0.008132696151733398,3.358565925370982e-10,81158,0.3491921126842499,86.79348754882812,0.0,0.0013254574732854962,1.0,0.00039109811768867075,349.91079325408197,3096900,4650000,104968,0,93000,61938,1050.7837185577403,6203903.79658664,6542563.7854468385,10.5,100100,100,1.0067001111073661,0.00013642607015916118,2500,5.801451465376921e-05,1.0067001111073661,0.18199629978142695,50.0,0.001995216810319107,2.0,0.0002674817387617115,9.9,2,2,9.5,50,0.00047450231529501055,5000,0.0002082632884915259,5000,100,9.9,100,9.9,2.9140713567886906e-05,4.774142248723375e-05,2.8803657989435058e-05,0.00015187457318712139,1.5997277245872462e-05,2.2348642681719512e-05,2.015962794053531e-05,7.454342480500093e-06,4.199135293809837e-05,6.693184257841118e-06,3.362979776199905e-05,0.055803104765359865,0.006748457919259808,0.05253409933816303,0.17984079774849077,0.0308171336929172,0.020535957500603066,0.00017265275322996326,108066,1501.0,5403300,1550.0,498.0,0.0,0.33547813,179.74098205566406,1.0,1501.0,-0.013709120452404022,108066,0.002395664108917117,0.2923767566680908,1550.0,5403300,0.4722185730934143,498.0,-0.005490303039550781,651000,216132,10806600,32550000,9835.816249995873,2.1255975722776093e-05,2.821748474517885e-05,6.359940100952886e-05,3.842113129051641e-05,3.797219357316374e-05,0.0001959107791015723,8.995096012488537e-06,5.593758955889326e-05,8.360372583850275e-06,4.464250146014557e-05,2.5620626312396106e-05
