num_training_step_calls_per_iteration,num_env_steps_sampled_lifetime,done,training_iteration,trial_id,date,timestamp,time_this_iter_s,time_total_s,pid,hostname,node_ip,time_since_restore,iterations_since_restore,timers/training_iteration,timers/restore_env_runners,timers/training_step,timers/env_runner_sampling_timer,timers/learner_update_timer,timers/synch_weights,env_runners/episode_len_mean,env_runners/env_to_module_sum_episodes_length_in,env_runners/env_step_timer,env_runners/episode_len_min,env_runners/weights_seq_no,env_runners/num_episodes_lifetime,env_runners/episode_return_mean,env_runners/episode_return_max,env_runners/num_episodes,env_runners/env_reset_timer,env_runners/episode_len_max,env_runners/episode_return_min,env_runners/num_env_steps_sampled,env_runners/rlmodule_inference_timer,env_runners/env_to_module_sum_episodes_length_out,env_runners/num_env_steps_sampled_lifetime,env_runners/episode_duration_sec_mean,env_runners/sample,env_runners/num_env_steps_sampled_lifetime_throughput,__all_modules__/learner_connector_sum_episodes_length_in,__all_modules__/learner_connector_sum_episodes_length_out,learners/IntrinsicAttentionMask,learners/IntrinsicRewardsNegative,learners/IntrinsicRewardsPositive,evaluation/num_healthy_workers,evaluation/actor_manager_num_outstanding_async_reqs,evaluation/num_remote_worker_restarts,fault_tolerance/num_healthy_workers,fault_tolerance/num_remote_worker_restarts,env_runner_group/actor_manager_num_outstanding_async_reqs,perf/cpu_util_percent,perf/ram_util_percent,env_runners/num_agent_steps_sampled_lifetime/default_agent,env_runners/module_episode_return_mean/default_policy,env_runners/module_to_env_connector/connector_pipeline_timer,env_runners/env_to_module_connector/connector_pipeline_timer,env_runners/num_agent_steps_sampled/default_agent,env_runners/num_module_steps_sampled_lifetime/default_policy,env_runners/agent_episode_return_mean/default_agent,env_runners/num_module_steps_sampled/default_policy,__all_modules__/learner_connector/connector_pipeline_timer,learners/default_policy/entropy,learners/default_policy/weights_seq_no,learners/default_policy/curr_entropy_coeff,learners/default_policy/vf_explained_var,learners/default_policy/module_train_batch_size_mean,learners/default_policy/curr_kl_coeff,learners/default_policy/num_module_steps_trained,learners/default_policy/vf_loss_unclipped,learners/default_policy/mean_kl_loss,learners/default_policy/vf_loss,learners/default_policy/diff_num_grad_updates_vs_sampler_policy,learners/default_policy/num_trainable_parameters,learners/default_policy/use_intrinsic_rewards,learners/default_policy/policy_loss,learners/default_policy/total_loss,learners/default_policy/num_module_steps_trained_lifetime,learners/default_policy/num_module_steps_trained_lifetime_throughput,learners/intrinsic_reward_module/weights_seq_no,learners/intrinsic_reward_module/default_optimizer_learning_rate,learners/intrinsic_reward_module/curr_entropy_coeff,learners/intrinsic_reward_module/total_loss,learners/intrinsic_reward_module/module_train_batch_size_mean,learners/intrinsic_reward_module/num_trainable_parameters,learners/intrinsic_reward_module/num_module_steps_trained,learners/intrinsic_reward_module/num_module_steps_trained_lifetime,learners/intrinsic_reward_module/diff_num_grad_updates_vs_sampler_policy,learners/intrinsic_reward_module/gradients_default_optimizer_global_norm,learners/intrinsic_reward_module/num_module_steps_trained_lifetime_throughput,learners/__all_modules__/num_non_trainable_parameters,learners/__all_modules__/num_trainable_parameters,learners/__all_modules__/num_module_steps_trained,learners/__all_modules__/num_env_steps_trained_lifetime,learners/__all_modules__/num_env_steps_trained,learners/__all_modules__/num_module_steps_trained_lifetime,learners/__all_modules__/num_env_steps_trained_lifetime_throughput,learners/__all_modules__/num_module_steps_trained_throughput,learners/__all_modules__/num_module_steps_trained_lifetime_throughput,evaluation/env_runners/episode_return_max,evaluation/env_runners/rlmodule_inference_timer,evaluation/env_runners/env_to_module_sum_episodes_length_out,evaluation/env_runners/sample,evaluation/env_runners/env_to_module_sum_episodes_length_in,evaluation/env_runners/episode_return_mean,evaluation/env_runners/episode_duration_sec_mean,evaluation/env_runners/weights_seq_no,evaluation/env_runners/num_env_steps_sampled,evaluation/env_runners/num_env_steps_sampled_lifetime,evaluation/env_runners/episode_len_mean,evaluation/env_runners/env_step_timer,evaluation/env_runners/episode_len_min,evaluation/env_runners/num_episodes_lifetime,evaluation/env_runners/num_episodes,evaluation/env_runners/env_reset_timer,evaluation/env_runners/episode_len_max,evaluation/env_runners/episode_return_min,evaluation/env_runners/num_module_steps_sampled_lifetime/default_policy,evaluation/env_runners/env_to_module_connector/connector_pipeline_timer,evaluation/env_runners/module_to_env_connector/connector_pipeline_timer,evaluation/env_runners/num_module_steps_sampled/default_policy,evaluation/env_runners/agent_episode_return_mean/default_agent,evaluation/env_runners/num_agent_steps_sampled_lifetime/default_agent,evaluation/env_runners/module_episode_return_mean/default_policy,evaluation/env_runners/num_agent_steps_sampled/default_agent,env_runners/module_to_env_connector/timers/connectors/un_batch_to_individual_items,env_runners/module_to_env_connector/timers/connectors/listify_data_for_vector_env,env_runners/module_to_env_connector/timers/connectors/remove_single_ts_time_rank_from_batch,env_runners/module_to_env_connector/timers/connectors/normalize_and_clip_actions,env_runners/module_to_env_connector/timers/connectors/get_actions,env_runners/module_to_env_connector/timers/connectors/tensor_to_numpy,env_runners/env_to_module_connector/timers/connectors/add_states_from_episodes_to_batch,env_runners/env_to_module_connector/timers/connectors/add_observations_from_episodes_to_batch,env_runners/env_to_module_connector/timers/connectors/add_time_dim_to_batch_and_zero_pad,env_runners/env_to_module_connector/timers/connectors/numpy_to_tensor,env_runners/env_to_module_connector/timers/connectors/batch_individual_items,__all_modules__/learner_connector/timers/connectors/add_one_ts_to_episodes_and_truncate,__all_modules__/learner_connector/timers/connectors/add_observations_from_episodes_to_batch,__all_modules__/learner_connector/timers/connectors/add_columns_from_episodes_to_train_batch,__all_modules__/learner_connector/timers/connectors/add_time_dim_to_batch_and_zero_pad,__all_modules__/learner_connector/timers/connectors/add_states_from_episodes_to_batch,__all_modules__/learner_connector/timers/connectors/batch_individual_items,__all_modules__/learner_connector/timers/connectors/numpy_to_tensor,learners/differentiable_learners/intrinsic_attention_ppo_learner/default_policy/num_module_steps_trained,learners/differentiable_learners/intrinsic_attention_ppo_learner/default_policy/vf_loss_unclipped,learners/differentiable_learners/intrinsic_attention_ppo_learner/default_policy/mean_kl_loss,learners/differentiable_learners/intrinsic_attention_ppo_learner/default_policy/vf_loss,learners/differentiable_learners/intrinsic_attention_ppo_learner/default_policy/diff_num_grad_updates_vs_sampler_policy,learners/differentiable_learners/intrinsic_attention_ppo_learner/default_policy/use_intrinsic_rewards,learners/differentiable_learners/intrinsic_attention_ppo_learner/default_policy/policy_loss,learners/differentiable_learners/intrinsic_attention_ppo_learner/default_policy/total_loss,learners/differentiable_learners/intrinsic_attention_ppo_learner/default_policy/num_module_steps_trained_lifetime,learners/differentiable_learners/intrinsic_attention_ppo_learner/default_policy/entropy,learners/differentiable_learners/intrinsic_attention_ppo_learner/default_policy/weights_seq_no,learners/differentiable_learners/intrinsic_attention_ppo_learner/default_policy/vf_explained_var,learners/differentiable_learners/intrinsic_attention_ppo_learner/default_policy/module_train_batch_size_mean,learners/differentiable_learners/intrinsic_attention_ppo_learner/intrinsic_reward_module/num_module_steps_trained,learners/differentiable_learners/intrinsic_attention_ppo_learner/intrinsic_reward_module/diff_num_grad_updates_vs_sampler_policy,learners/differentiable_learners/intrinsic_attention_ppo_learner/intrinsic_reward_module/total_loss,learners/differentiable_learners/intrinsic_attention_ppo_learner/intrinsic_reward_module/num_module_steps_trained_lifetime,learners/differentiable_learners/intrinsic_attention_ppo_learner/intrinsic_reward_module/module_train_batch_size_mean,learners/differentiable_learners/intrinsic_attention_ppo_learner/intrinsic_reward_module/weights_seq_no,learners/differentiable_learners/intrinsic_attention_ppo_learner/__all_modules__/num_module_steps_trained,learners/differentiable_learners/intrinsic_attention_ppo_learner/__all_modules__/num_env_steps_trained_lifetime,learners/differentiable_learners/intrinsic_attention_ppo_learner/__all_modules__/num_module_steps_trained_lifetime,learners/differentiable_learners/intrinsic_attention_ppo_learner/__all_modules__/num_env_steps_trained,learners/differentiable_learners/intrinsic_attention_ppo_learner/__all_modules__/num_env_steps_trained_lifetime_throughput,evaluation/env_runners/env_to_module_connector/timers/connectors/batch_individual_items,evaluation/env_runners/env_to_module_connector/timers/connectors/add_observations_from_episodes_to_batch,evaluation/env_runners/env_to_module_connector/timers/connectors/add_time_dim_to_batch_and_zero_pad,evaluation/env_runners/env_to_module_connector/timers/connectors/numpy_to_tensor,evaluation/env_runners/env_to_module_connector/timers/connectors/add_states_from_episodes_to_batch,evaluation/env_runners/module_to_env_connector/timers/connectors/remove_single_ts_time_rank_from_batch,evaluation/env_runners/module_to_env_connector/timers/connectors/normalize_and_clip_actions,evaluation/env_runners/module_to_env_connector/timers/connectors/get_actions,evaluation/env_runners/module_to_env_connector/timers/connectors/listify_data_for_vector_env,evaluation/env_runners/module_to_env_connector/timers/connectors/tensor_to_numpy,evaluation/env_runners/module_to_env_connector/timers/connectors/un_batch_to_individual_items
1,2000,False,1,d1c92_00000,2025-08-17_20-30-52,1755462652,94.88339424133301,94.88339424133301,685852,intrinsic-attention2,10.156.0.3,94.88339424133301,1,94.68590793000476,1.580000389367342e-05,94.68566301299143,2.6172049269953277,91.72420646999672,0.002041430998360738,2.0,1.0067001111072869,4.7169997008454496e-05,2,0.0,1000,1.01,10.5,1000,0.0002599580038804561,2,-10.5,2000,0.00010163578655291805,1.0067001111072869,2000,0.0015413821891706902,2.587600785991526,771.1967145712921,2000,3000,"[array([[0.2616314 , 0.47012872, 0.26823995],
       [0.44239154, 0.13677691, 0.4208315 ],
       [0.27105984, 0.4519183 , 0.27702186]], dtype=float32), array([[0.35296124, 0.29086757, 0.35617116],
       [0.44007805, 0.08452578, 0.4753962 ],
       [0.34625164, 0.30546004, 0.3482883 ]], dtype=float32), array([[0.35723487, 0.275619  , 0.36714607],
       [0.41914257, 0.08465225, 0.49620527],
       [0.34467858, 0.3063262 , 0.34899527]], dtype=float32), array([[0.24181722, 0.4874726 , 0.2707102 ],
       [0.5202047 , 0.0885914 , 0.3912038 ],
       [0.293755  , 0.39779532, 0.30844972]], dtype=float32), array([[0.35527202, 0.2857353 , 0.35899267],
       [0.44553304, 0.06650034, 0.48796663],
       [0.34742367, 0.30286422, 0.34971207]], dtype=float32), array([[0.28653872, 0.43362495, 0.27983636],
       [0.42564085, 0.11587562, 0.45848346],
       [0.2747035 , 0.4585162 , 0.2667803 ]], dtype=float32), array([[0.32924193, 0.3436715 , 0.32708657],
       [0.40059632, 0.11342537, 0.48597822],
       [0.30881613, 0.39363217, 0.29755172]], dtype=float32), array([[0.3066787 , 0.39760467, 0.2957166 ],
       [0.39572218, 0.15157636, 0.45270148],
       [0.28739172, 0.44205007, 0.27055827]], dtype=float32), array([[0.36023018, 0.2874896 , 0.35228026],
       [0.5122575 , 0.06815679, 0.4195857 ],
       [0.3803182 , 0.25422207, 0.3654597 ]], dtype=float32), array([[0.3522051 , 0.29221427, 0.35558057],
       [0.43134132, 0.10504467, 0.46361396],
       [0.34606376, 0.3056715 , 0.3482647 ]], dtype=float32), array([[0.35165632, 0.29337552, 0.3549682 ],
       [0.4282009 , 0.11305965, 0.45873952],
       [0.34581226, 0.30619168, 0.347996  ]], dtype=float32), array([[0.3497108 , 0.29884648, 0.3514427 ],
       [0.43141586, 0.11939231, 0.44919184],
       [0.34611502, 0.3064431 , 0.3474419 ]], dtype=float32), array([[0.34133306, 0.3184595 , 0.34020743],
       [0.45528615, 0.11781356, 0.4269003 ],
       [0.34824756, 0.30566135, 0.34609112]], dtype=float32), array([[0.3494298 , 0.29929942, 0.3512708 ],
       [0.427385  , 0.12729944, 0.44531563],
       [0.34580043, 0.30699977, 0.3471998 ]], dtype=float32), array([[0.36812344, 0.25662127, 0.37525532],
       [0.42910126, 0.10946298, 0.46143574],
       [0.36338943, 0.26723263, 0.3693779 ]], dtype=float32), array([[0.3351725 , 0.32935014, 0.33547735],
       [0.41363916, 0.1504371 , 0.43592376],
       [0.32972157, 0.3411386 , 0.3291398 ]], dtype=float32), array([[0.31048265, 0.3896288 , 0.29988858],
       [0.37781897, 0.20837402, 0.41380692],
       [0.2966925 , 0.4221936 , 0.28111398]], dtype=float32), array([[0.36453918, 0.27564812, 0.35981268],
       [0.46245468, 0.10585655, 0.43168873],
       [0.37042686, 0.2649004 , 0.3646728 ]], dtype=float32), array([[0.27550298, 0.44258747, 0.28190958],
       [0.40490726, 0.20347406, 0.39161864],
       [0.2825737 , 0.42907068, 0.2883556 ]], dtype=float32), array([[0.35222238, 0.2829849 , 0.36479273],
       [0.39241096, 0.14962791, 0.45796114],
       [0.34230304, 0.30989555, 0.34780145]], dtype=float32), array([[0.32768768, 0.34802008, 0.32429218],
       [0.37767628, 0.20115204, 0.4211716 ],
       [0.31584004, 0.37798485, 0.3061751 ]], dtype=float32), array([[0.26488274, 0.44240445, 0.2927128 ],
       [0.44532156, 0.1809866 , 0.37369174],
       [0.3015986 , 0.38251355, 0.31588787]], dtype=float32), array([[0.35092875, 0.28572872, 0.36334255],
       [0.38746288, 0.16479982, 0.44773725],
       [0.3418755 , 0.31066954, 0.34745497]], dtype=float32), array([[0.32803932, 0.34724587, 0.32471484],
       [0.37390903, 0.21231346, 0.41377753],
       [0.3170864 , 0.37524378, 0.30766976]], dtype=float32), array([[0.34795898, 0.30116868, 0.35087237],
       [0.40608716, 0.16635291, 0.42755994],
       [0.34369093, 0.3106036 , 0.34570545]], dtype=float32), array([[0.325437  , 0.3481224 , 0.32644057],
       [0.41553286, 0.18410602, 0.40036112],
       [0.3301723 , 0.33924618, 0.33058155]], dtype=float32), array([[0.30219725, 0.39991096, 0.2978918 ],
       [0.37380052, 0.24415489, 0.38204458],
       [0.2979732 , 0.40884253, 0.29318434]], dtype=float32), array([[0.27130967, 0.43042067, 0.2982696 ],
       [0.4292009 , 0.20281452, 0.3679845 ],
       [0.30470094, 0.37698743, 0.31831163]], dtype=float32), array([[0.34578976, 0.30622578, 0.34798446],
       [0.40191835, 0.17885664, 0.41922498],
       [0.34218895, 0.3140922 , 0.3437189 ]], dtype=float32), array([[0.30364162, 0.39708868, 0.2992697 ],
       [0.37238327, 0.24686663, 0.3807501 ],
       [0.29937264, 0.40615022, 0.2944771 ]], dtype=float32), array([[0.27316687, 0.42737874, 0.2994544 ],
       [0.42875916, 0.20335542, 0.36788535],
       [0.30608878, 0.3748251 , 0.3190861 ]], dtype=float32)]","[array([0., 0., 0.], dtype=float32), array([0.03918677, 0.03918677, 0.03918677], dtype=float32), array([0.0776565, 0.0776565, 0.0776565], dtype=float32), array([0.11512028, 0.11512028, 0.11512028], dtype=float32), array([0.15326749, 0.15326749, 0.15326749], dtype=float32), array([0.18873835, 0.18873835, 0.18873835], dtype=float32), array([0.21101545, 0.21101545, 0.21101545], dtype=float32), array([0.23081246, 0.23081246, 0.23081246], dtype=float32), array([0.24995929, 0.24995929, 0.24995929], dtype=float32), array([0.26939982, 0.26939982, 0.26939982], dtype=float32), array([0.28625908, 0.28625908, 0.28625908], dtype=float32), array([0.30125, 0.30125, 0.30125], dtype=float32), array([0.32423183, 0.32423183, 0.32423183], dtype=float32), array([0.34548944, 0.34548944, 0.34548944], dtype=float32), array([0.36343768, 0.36343768, 0.36343768], dtype=float32), array([0.3810782, 0.3810782, 0.3810782], dtype=float32), array([0.3975867, 0.3975867, 0.3975867], dtype=float32), array([0.41222745, 0.41222745, 0.41222745], dtype=float32), array([0.43151185, 0.43151185, 0.43151185], dtype=float32), array([0.45135003, 0.45135003, 0.45135003], dtype=float32), array([0.47034118, 0.47034118, 0.47034118], dtype=float32), array([0.48622403, 0.48622403, 0.48622403], dtype=float32), array([0.50145376, 0.50145376, 0.50145376], dtype=float32), array([0.5155965, 0.5155965, 0.5155965], dtype=float32), array([0.5306296, 0.5306296, 0.5306296], dtype=float32), array([0.54225445, 0.54225445, 0.54225445], dtype=float32), array([0.55276734, 0.55276734, 0.55276734], dtype=float32), array([0.56151956, 0.56151956, 0.56151956], dtype=float32), array([0.57656604, 0.57656604, 0.57656604], dtype=float32), array([0.59098303, 0.59098303, 0.59098303], dtype=float32), array([0.60440725, 0.60440725, 0.60440725], dtype=float32)]","[array([0., 0., 0.], dtype=float32), array([0.03918677, 0.03918677, 0.03918677], dtype=float32), array([0.07765651, 0.07765651, 0.07765651], dtype=float32), array([0.11512029, 0.11512029, 0.11512029], dtype=float32), array([0.1532675, 0.1532675, 0.1532675], dtype=float32), array([0.18873838, 0.18873838, 0.18873838], dtype=float32), array([0.21101545, 0.21101545, 0.21101545], dtype=float32), array([0.23081248, 0.23081248, 0.23081248], dtype=float32), array([0.24995928, 0.24995928, 0.24995928], dtype=float32), array([0.26939982, 0.26939982, 0.26939982], dtype=float32), array([0.2862591, 0.2862591, 0.2862591], dtype=float32), array([0.30125, 0.30125, 0.30125], dtype=float32), array([0.32423183, 0.32423183, 0.32423183], dtype=float32), array([0.34548944, 0.34548944, 0.34548944], dtype=float32), array([0.3634377, 0.3634377, 0.3634377], dtype=float32), array([0.38107818, 0.38107818, 0.38107818], dtype=float32), array([0.39758676, 0.39758676, 0.39758676], dtype=float32), array([0.41222742, 0.41222742, 0.41222742], dtype=float32), array([0.43151185, 0.43151185, 0.43151185], dtype=float32), array([0.45135, 0.45135, 0.45135], dtype=float32), array([0.47034118, 0.47034118, 0.47034118], dtype=float32), array([0.48622403, 0.48622403, 0.48622403], dtype=float32), array([0.5014538, 0.5014538, 0.5014538], dtype=float32), array([0.5155965, 0.5155965, 0.5155965], dtype=float32), array([0.5306295, 0.5306295, 0.5306295], dtype=float32), array([0.54225445, 0.54225445, 0.54225445], dtype=float32), array([0.55276734, 0.55276734, 0.55276734], dtype=float32), array([0.56151956, 0.56151956, 0.56151956], dtype=float32), array([0.5765661, 0.5765661, 0.5765661], dtype=float32), array([0.59098303, 0.59098303, 0.59098303], dtype=float32), array([0.60440725, 0.60440725, 0.60440725], dtype=float32)]",1,0,0,0,0,0,55.472058823529416,63.66838235294117,2000,1.01,0.00036852877839063387,0.00016096341985592216,2000,2000,1.01,2000,0.3341797439934453,0.6562964916229248,1.0,0.0013802934991,0.0002529621124267578,999.0,0.2404155135154724,30969,95.28607940673828,0.04036237299442291,0.4722185432910919,1.0,81158,0.0,-0.12731927633285522,0.22745081782341003,30969,346.90944954021165,1.0,0.0393447157605,0.0013802934991,0.0,999.0,23810,30969,30969,1.0,0.0,346.90797791083946,0,104968,61938,93000,93000,61938,1041.7788016174036,5926307.502568471,6256348.439377762,10.5,0.00022821356871932893,0.7837645722890833,0.18028297000273596,0.7837645722890833,2.42,0.0022209451597882436,1.0,100,2100,2.0,8.315790010832969e-05,2,50,50,0.00035939199733547866,2,-10.5,100,0.00032923808780495285,0.0007345673689102267,100,2.42,100,2.42,100,1.6368990536474952e-05,2.9237272341473352e-05,2.8910136781462797e-05,2.2313254915296575e-05,0.0001562537738262023,4.837970597487107e-05,6.781941432059878e-06,7.655157092810559e-06,2.0017724398915295e-05,4.486753086160476e-05,3.331936613933677e-05,0.054885641002329066,0.006643092987360433,0.05209867100347765,0.17389030499907676,0.02943371499713976,0.016335715001332574,0.0001844770013121888,108066,92.48251342773438,0.0417732372879982,0.4722185730934143,31.0,1.0,-0.12024813890457153,0.23475005,108066,0.6548487544059753,31.0,-0.0002524852752685547,498.0,108066,31.0,0.0,108066,498.0,31.0,216132,651000,216132,651000,12745.636398271248,5.094576445340487e-05,1.4956208959089963e-05,3.161384258360671e-05,0.00010230150190429564,9.775811094291547e-06,4.4479917777780205e-05,6.151459127339431e-05,0.00032996031838379076,4.368055727652395e-05,0.00011509966919385126,2.710668130973459e-05
1,4000,False,2,d1c92_00000,2025-08-17_20-32-27,1755462747,94.76407408714294,189.64746832847595,685852,intrinsic-attention2,10.156.0.3,189.64746832847595,2,94.68514796524468,1.580873373313807e-05,94.68490185262155,2.62074369763548,91.71986599509677,0.0020399262884166092,2.0,1.0067001111073661,5.113418131162613e-05,2,1.0,2000,4.12,10.5,1000,0.0002599580038804561,2,-10.5,2000,0.0001135606958575929,1.0067001111073661,4000,0.0016600076593749691,2.591111602351593,769.3211932320686,2000.0,3000.0,"[array([[0.32665125, 0.34584808, 0.32750067],
       [0.413848  , 0.18698859, 0.39916337],
       [0.33119297, 0.3373371 , 0.33146992]], dtype=float32), array([[0.34857944, 0.29116365, 0.36025694],
       [0.38124055, 0.18244813, 0.43631127],
       [0.34021217, 0.31468207, 0.3451058 ]], dtype=float32), array([[0.3273371 , 0.34462208, 0.32804084],
       [0.41451997, 0.18471137, 0.4007687 ],
       [0.331527  , 0.33673045, 0.33174255]], dtype=float32), array([[0.32740992, 0.3444767 , 0.32811338],
       [0.4133965 , 0.18684319, 0.39976034],
       [0.33157828, 0.33663163, 0.33179018]], dtype=float32), array([[0.35628358, 0.2914643 , 0.3522521 ],
       [0.4369682 , 0.1515196 , 0.4115123 ],
       [0.3616386 , 0.28179905, 0.35656232]], dtype=float32), array([[0.28915644, 0.41703382, 0.29380968],
       [0.38655552, 0.23517342, 0.37827104],
       [0.2938231 , 0.4081148 , 0.2980621 ]], dtype=float32), array([[0.34770924, 0.27935424, 0.37293655],
       [0.363808  , 0.18258317, 0.45360884],
       [0.33828756, 0.31594804, 0.34576443]], dtype=float32), array([[0.34927845, 0.30738923, 0.34333232],
       [0.47003382, 0.13320522, 0.396761  ],
       [0.36780906, 0.27796894, 0.35422197]], dtype=float32), array([[0.32752562, 0.3442595 , 0.32821485],
       [0.42193276, 0.17182618, 0.40624103],
       [0.33219376, 0.33547464, 0.33233154]], dtype=float32), array([[0.3303639 , 0.34119648, 0.32843962],
       [0.37609053, 0.20363162, 0.4202778 ],
       [0.3190562 , 0.37039086, 0.31055284]], dtype=float32), array([[0.32782558, 0.34371012, 0.32846427],
       [0.4263568 , 0.1637441 , 0.40989912],
       [0.33263808, 0.33464164, 0.33272025]], dtype=float32), array([[0.34471187, 0.30888778, 0.34640035],
       [0.41418537, 0.15282656, 0.43298814],
       [0.34067833, 0.31757635, 0.3417453 ]], dtype=float32), array([[0.32766163, 0.34402838, 0.32830995],
       [0.43834198, 0.14280552, 0.41885257],
       [0.3331847 , 0.3336133 , 0.33320203]], dtype=float32), array([[0.33061364, 0.33861193, 0.33077446],
       [0.43828657, 0.13387473, 0.42783865],
       [0.33341366, 0.3331774 , 0.33340886]], dtype=float32), array([[0.26595077, 0.44392484, 0.2901244 ],
       [0.48004863, 0.13361207, 0.3863393 ],
       [0.30605292, 0.37688202, 0.31706506]], dtype=float32), array([[0.35330102, 0.26668963, 0.38000932],
       [0.3755833 , 0.12889704, 0.49551967],
       [0.33943713, 0.31428653, 0.34627634]], dtype=float32), array([[0.27542558, 0.44367456, 0.28089994],
       [0.4289844 , 0.15922746, 0.41178814],
       [0.28300643, 0.4290832 , 0.28791043]], dtype=float32), array([[0.35331726, 0.29927573, 0.34740707],
       [0.50836897, 0.07379544, 0.4178356 ],
       [0.37403232, 0.26483074, 0.361137  ]], dtype=float32), array([[0.34924367, 0.30691522, 0.34384114],
       [0.5285078 , 0.06278649, 0.4087057 ],
       [0.37785345, 0.26082143, 0.36132514]], dtype=float32), array([[0.3133105 , 0.37540475, 0.31128472],
       [0.43448654, 0.108916  , 0.45659748],
       [0.30685264, 0.38889197, 0.30425537]], dtype=float32), array([[0.34990978, 0.3057028 , 0.3443875 ],
       [0.5426483 , 0.04877175, 0.40858   ],
       [0.38138664, 0.25490373, 0.3637097 ]], dtype=float32), array([[0.36750445, 0.27090204, 0.3615935 ],
       [0.50785613, 0.04544953, 0.44669428],
       [0.37921417, 0.2498883 , 0.37089753]], dtype=float32), array([[0.34501562, 0.30763316, 0.34735113],
       [0.44240904, 0.06001208, 0.4975789 ],
       [0.33374175, 0.33243972, 0.3338185 ]], dtype=float32), array([[0.3215056 , 0.35561186, 0.3228825 ],
       [0.49999058, 0.04749674, 0.4525127 ],
       [0.33370638, 0.33263287, 0.3336608 ]], dtype=float32), array([[0.3060914 , 0.39852378, 0.2953849 ],
       [0.40886202, 0.08851355, 0.50262445],
       [0.27835163, 0.46166453, 0.2599838 ]], dtype=float32), array([[0.33355778, 0.33297628, 0.3334659 ],
       [0.6080196 , 0.02488329, 0.36709708],
       [0.3958693 , 0.23865858, 0.36547205]], dtype=float32), array([[0.37438083, 0.2542706 , 0.3713486 ],
       [0.4976145 , 0.03250708, 0.4698784 ],
       [0.37915668, 0.24514644, 0.37569687]], dtype=float32), array([[0.33041278, 0.34052873, 0.32905844],
       [0.4093443 , 0.07114903, 0.5195067 ],
       [0.30516535, 0.40079135, 0.29404324]], dtype=float32), array([[0.33492875, 0.33038107, 0.33469018],
       [0.51093066, 0.04105518, 0.44801408],
       [0.34988606, 0.30285066, 0.34726328]], dtype=float32), array([[0.33632475, 0.32858205, 0.33509314],
       [0.6033677 , 0.0269219 , 0.36971036],
       [0.39623877, 0.23807552, 0.3656857 ]], dtype=float32), array([[0.27280894, 0.45765018, 0.26954094],
       [0.44548494, 0.09240301, 0.46211198],
       [0.26679763, 0.46989965, 0.26330277]], dtype=float32)]","[array([0.6213742, 0.6213742, 0.6213742], dtype=float32), array([0.6395291, 0.6395291, 0.6395291], dtype=float32), array([0.6599409, 0.6599409, 0.6599409], dtype=float32), array([0.6780516, 0.6780516, 0.6780516], dtype=float32), array([0.69523656, 0.69523656, 0.69523656], dtype=float32), array([0.713684, 0.713684, 0.713684], dtype=float32), array([0.7190047, 0.7190047, 0.7190047], dtype=float32), array([0.7209231, 0.7209231, 0.7209231], dtype=float32), array([0.7159349, 0.7159349, 0.7159349], dtype=float32), array([0.7096167, 0.7096167, 0.7096167], dtype=float32), array([0.7138069, 0.7138069, 0.7138069], dtype=float32), array([0.70931756, 0.70931756, 0.70931756], dtype=float32), array([0.6911735, 0.6911735, 0.6911735], dtype=float32), array([0.67713827, 0.67713827, 0.67713827], dtype=float32), array([0.6595164, 0.6595164, 0.6595164], dtype=float32), array([0.6322006, 0.6322006, 0.6322006], dtype=float32), array([0.5985309, 0.5985309, 0.5985309], dtype=float32), array([0.55957896, 0.55957896, 0.55957896], dtype=float32), array([0.52406704, 0.52406704, 0.52406704], dtype=float32), array([0.49012214, 0.49012214, 0.49012214], dtype=float32), array([0.45861724, 0.45861724, 0.45861724], dtype=float32), array([0.42938888, 0.42938888, 0.42938888], dtype=float32), array([0.39902902, 0.39902902, 0.39902902], dtype=float32), array([0.37018868, 0.37018868, 0.37018868], dtype=float32), array([0.3405113, 0.3405113, 0.3405113], dtype=float32), array([0.31154782, 0.31154782, 0.31154782], dtype=float32), array([0.2834658, 0.2834658, 0.2834658], dtype=float32), array([0.25775883, 0.25775883, 0.25775883], dtype=float32), array([0.23284797, 0.23284797, 0.23284797], dtype=float32), array([0.21076013, 0.21076013, 0.21076013], dtype=float32), array([0.18772508, 0.18772508, 0.18772508], dtype=float32)]","[array([0.62137425, 0.62137425, 0.62137425], dtype=float32), array([0.63952905, 0.63952905, 0.63952905], dtype=float32), array([0.65994084, 0.65994084, 0.65994084], dtype=float32), array([0.6780516, 0.6780516, 0.6780516], dtype=float32), array([0.69523656, 0.69523656, 0.69523656], dtype=float32), array([0.713684, 0.713684, 0.713684], dtype=float32), array([0.71900463, 0.71900463, 0.71900463], dtype=float32), array([0.72092307, 0.72092307, 0.72092307], dtype=float32), array([0.7159349, 0.7159349, 0.7159349], dtype=float32), array([0.70961666, 0.70961666, 0.70961666], dtype=float32), array([0.7138069, 0.7138069, 0.7138069], dtype=float32), array([0.70931756, 0.70931756, 0.70931756], dtype=float32), array([0.6911735, 0.6911735, 0.6911735], dtype=float32), array([0.67713827, 0.67713827, 0.67713827], dtype=float32), array([0.6595164, 0.6595164, 0.6595164], dtype=float32), array([0.63220066, 0.63220066, 0.63220066], dtype=float32), array([0.5985309, 0.5985309, 0.5985309], dtype=float32), array([0.559579, 0.559579, 0.559579], dtype=float32), array([0.524067, 0.524067, 0.524067], dtype=float32), array([0.49012217, 0.49012217, 0.49012217], dtype=float32), array([0.45861727, 0.45861727, 0.45861727], dtype=float32), array([0.42938885, 0.42938885, 0.42938885], dtype=float32), array([0.39902896, 0.39902896, 0.39902896], dtype=float32), array([0.37018862, 0.37018862, 0.37018862], dtype=float32), array([0.3405113, 0.3405113, 0.3405113], dtype=float32), array([0.31154785, 0.31154785, 0.31154785], dtype=float32), array([0.28346577, 0.28346577, 0.28346577], dtype=float32), array([0.2577588, 0.2577588, 0.2577588], dtype=float32), array([0.23284797, 0.23284797, 0.23284797], dtype=float32), array([0.21076013, 0.21076013, 0.21076013], dtype=float32), array([0.18772508, 0.18772508, 0.18772508], dtype=float32)]",1,0,0,0,0,0,56.522962962962964,64.15703703703704,4000,4.12,0.00039825214852641614,0.00017128151059367212,2000,4000,4.12,2000,0.3342386254234589,0.5313841104507446,2.0,0.0013802934991,-0.06493091583251953,999.0,0.3606232702732086,30969,3003.045654296875,0.06127976253628731,0.4722185432910919,1.0,81158,0.0,-0.1268349438905716,0.2363709956407547,61938,346.3132582112687,2.0,0.0393447157605,0.0013802934991,0.0,999.0,23810,30969,61938,1.0,0.0,346.3118383090311,0,104968,61938,186000,93000,123876,1039.9880920803666,5917174.9515764015,6245764.449154979,10.5,0.0001336719511929271,0.9573306375970015,0.17984211749266252,0.9573306375970015,4.82,0.0019483781505550723,2.0,100,4100,2.0,5.684471515740766e-05,2,100,50,0.0003574103473511059,2,-10.5,200,0.00020548563473810695,0.000471106718564965,100,4.82,200,4.82,100,1.79278355145681e-05,3.130761013700642e-05,3.1453353202363155e-05,2.47190001081299e-05,0.00016852718259162305,5.348298398143575e-05,7.245039550687074e-06,8.06357106660866e-06,2.121927068685092e-05,4.747689079123816e-05,3.5820301814126845e-05,0.054917547362274485,0.006642445457400754,0.05206528096343391,0.1739524566991895,0.02943185540716513,0.01633417928125709,0.00018450994131853803,108066,92.535888671875,0.058495376259088516,0.4722185730934143,61.0,1.0,-0.13092738389968872,0.22691782,216132,0.534001886844635,62.0,9.28044319152832e-05,498.0,108066,61.0,0.0,216132,498.0,62.0,216132,1302000,432264,651000,12605.314696997953,3.855523519120531e-05,9.297711019402947e-06,2.3440005624303987e-05,5.847902251103746e-05,7.723572174321232e-06,3.400946648507011e-05,3.211457131133182e-05,0.00020275915307793518,3.430250381560973e-05,6.523435768748807e-05,1.9501310962817252e-05
1,6000,False,3,d1c92_00000,2025-08-17_20-34-01,1755462841,93.81713509559631,283.46460342407227,685852,intrinsic-attention2,10.156.0.3,283.46460342407227,3,94.67462700756217,1.5842666338721757e-05,94.67437887921541,2.6227169694692303,91.70736894635584,0.0020379609055642504,2.0,1.0067001111073661,4.819351547227967e-05,2,2.0,3000,6.58,10.5,1000,0.0002599580038804561,2,-10.5,2000,0.00010350458720625205,1.0067001111073661,6000,0.0015824824906303548,2.593077946198001,765.7580477615518,2000.0,3000.0,"[array([[0.29641205, 0.39810646, 0.30548143],
       [0.53354645, 0.04868613, 0.4177674 ],
       [0.33085394, 0.33760828, 0.3315378 ]], dtype=float32), array([[0.36140427, 0.26733124, 0.37126452],
       [0.4291559 , 0.05665643, 0.5141877 ],
       [0.34770566, 0.2999747 , 0.3523196 ]], dtype=float32), array([[0.3729491 , 0.25725815, 0.36979276],
       [0.4912616 , 0.04389451, 0.46484393],
       [0.37753695, 0.24852182, 0.37394127]], dtype=float32), array([[0.27870035, 0.4466024 , 0.2746972 ],
       [0.43277037, 0.11670229, 0.45052734],
       [0.27199847, 0.46035928, 0.26764223]], dtype=float32), array([[0.33733892, 0.32707343, 0.33558762],
       [0.5852032 , 0.04092762, 0.3738692 ],
       [0.39277792, 0.24456789, 0.3626542 ]], dtype=float32), array([[0.32551292, 0.35198116, 0.3225059 ],
       [0.4101506 , 0.11070524, 0.47914422],
       [0.30801874, 0.3927189 , 0.29926232]], dtype=float32), array([[0.33842894, 0.31731853, 0.3442525 ],
       [0.37437007, 0.12458155, 0.50104845],
       [0.31450906, 0.38799858, 0.2974923 ]], dtype=float32), array([[0.3380915 , 0.3182165 , 0.34369203],
       [0.37323838, 0.1323719 , 0.49438965],
       [0.31520194, 0.38656735, 0.29823074]], dtype=float32), array([[0.29080197, 0.42492765, 0.28427038],
       [0.40998915, 0.15551208, 0.43449882],
       [0.2811371 , 0.44536677, 0.27349618]], dtype=float32), array([[0.36767784, 0.26856816, 0.36375403],
       [0.47834054, 0.07305731, 0.44860223],
       [0.3731419 , 0.25837174, 0.36848632]], dtype=float32), array([[0.34024572, 0.31812546, 0.34162885],
       [0.4264169 , 0.11111394, 0.46246916],
       [0.33229923, 0.3355997 , 0.33210108]], dtype=float32), array([[0.30621013, 0.37990493, 0.31388482],
       [0.48924828, 0.10206109, 0.4086907 ],
       [0.33197165, 0.3356379 , 0.33239046]], dtype=float32), array([[0.34001923, 0.3186156 , 0.34136522],
       [0.42376298, 0.11831405, 0.457923  ],
       [0.33243838, 0.33529598, 0.33226553]], dtype=float32), array([[0.27954528, 0.42823368, 0.2922211 ],
       [0.45979983, 0.13531342, 0.4048868 ],
       [0.30145046, 0.3890004 , 0.3095492 ]], dtype=float32), array([[0.33976758, 0.31916174, 0.34107068],
       [0.42098266, 0.12572715, 0.45329016],
       [0.33254454, 0.33506444, 0.33239096]], dtype=float32), array([[0.3272604 , 0.34490538, 0.32783422],
       [0.44765577, 0.12351125, 0.42883295],
       [0.33243623, 0.33504102, 0.3325228 ]], dtype=float32), array([[0.35298645, 0.28102243, 0.36599115],
       [0.39636597, 0.13132688, 0.47230718],
       [0.34139514, 0.31236038, 0.34624445]], dtype=float32), array([[0.3290279 , 0.34452382, 0.3264483 ],
       [0.38487327, 0.17449956, 0.44062713],
       [0.31482014, 0.38038278, 0.30479708]], dtype=float32), array([[0.32732975, 0.34469888, 0.3279713 ],
       [0.43904147, 0.14046377, 0.4204948 ],
       [0.33257347, 0.3347701 , 0.3326564 ]], dtype=float32), array([[0.27607846, 0.44269994, 0.2812216 ],
       [0.403087  , 0.2043858 , 0.39252725],
       [0.28170583, 0.43184477, 0.2864494 ]], dtype=float32), array([[0.31388548, 0.3840188 , 0.3020957 ],
       [0.37133768, 0.21770959, 0.41095275],
       [0.2990383 , 0.42068553, 0.28027624]], dtype=float32), array([[0.27749544, 0.4400091 , 0.28249547],
       [0.39990216, 0.2100471 , 0.3900507 ],
       [0.2828422 , 0.42969626, 0.28746152]], dtype=float32), array([[0.32991308, 0.34257096, 0.32751593],
       [0.3769258 , 0.19469586, 0.42837828],
       [0.31687564, 0.3766852 , 0.3064391 ]], dtype=float32), array([[0.31890023, 0.36501575, 0.316084  ],
       [0.3940843 , 0.19290121, 0.41301447],
       [0.3127128 , 0.37846947, 0.30881768]], dtype=float32), array([[0.29901788, 0.40779188, 0.29319024],
       [0.38043863, 0.22638673, 0.39317468],
       [0.2928528 , 0.4209586 , 0.28618857]], dtype=float32), array([[0.3133107 , 0.36696273, 0.31972656],
       [0.44789618, 0.1596948 , 0.392409  ],
       [0.33263886, 0.33448595, 0.3328752 ]], dtype=float32), array([[0.34692127, 0.30378002, 0.3492987 ],
       [0.40693226, 0.16707152, 0.42599618],
       [0.3430218 , 0.31229684, 0.3446813 ]], dtype=float32), array([[0.31393936, 0.3657489 , 0.32031167],
       [0.44158897, 0.16918278, 0.38922828],
       [0.33252338, 0.3346714 , 0.3328052 ]], dtype=float32), array([[0.31604156, 0.37981158, 0.30414692],
       [0.36124516, 0.24801075, 0.3907441 ],
       [0.30395827, 0.4105718 , 0.28546998]], dtype=float32), array([[0.31615233, 0.37963232, 0.30421528],
       [0.36039892, 0.25056612, 0.389035  ],
       [0.30429196, 0.4098999 , 0.28580818]], dtype=float32), array([[0.32694027, 0.34517372, 0.327886  ],
       [0.41802958, 0.18203408, 0.39993632],
       [0.3324976 , 0.33487847, 0.33262387]], dtype=float32)]","[array([0.16601071, 0.16601071, 0.16601071], dtype=float32), array([0.15514429, 0.15514429, 0.15514429], dtype=float32), array([0.14847586, 0.14847586, 0.14847586], dtype=float32), array([0.14796685, 0.14796685, 0.14796685], dtype=float32), array([0.15262684, 0.15262684, 0.15262684], dtype=float32), array([0.16321678, 0.16321678, 0.16321678], dtype=float32), array([0.16844097, 0.16844097, 0.16844097], dtype=float32), array([0.17158134, 0.17158134, 0.17158134], dtype=float32), array([0.17589425, 0.17589425, 0.17589425], dtype=float32), array([0.18125312, 0.18125312, 0.18125312], dtype=float32), array([0.18477292, 0.18477292, 0.18477292], dtype=float32), array([0.18734984, 0.18734984, 0.18734984], dtype=float32), array([0.18704247, 0.18704247, 0.18704247], dtype=float32), array([0.18247348, 0.18247348, 0.18247348], dtype=float32), array([0.17848626, 0.17848626, 0.17848626], dtype=float32), array([0.17578104, 0.17578104, 0.17578104], dtype=float32), array([0.16853236, 0.16853236, 0.16853236], dtype=float32), array([0.16080943, 0.16080943, 0.16080943], dtype=float32), array([0.15548494, 0.15548494, 0.15548494], dtype=float32), array([0.15202013, 0.15202013, 0.15202013], dtype=float32), array([0.14988017, 0.14988017, 0.14988017], dtype=float32), array([0.14585347, 0.14585347, 0.14585347], dtype=float32), array([0.14577724, 0.14577724, 0.14577724], dtype=float32), array([0.1468079, 0.1468079, 0.1468079], dtype=float32), array([0.14858316, 0.14858316, 0.14858316], dtype=float32), array([0.15488169, 0.15488169, 0.15488169], dtype=float32), array([0.15403113, 0.15403113, 0.15403113], dtype=float32), array([0.15836945, 0.15836945, 0.15836945], dtype=float32), array([0.16142057, 0.16142057, 0.16142057], dtype=float32), array([0.16438511, 0.16438511, 0.16438511], dtype=float32), array([0.16785756, 0.16785756, 0.16785756], dtype=float32)]","[array([0.1660107, 0.1660107, 0.1660107], dtype=float32), array([0.15514432, 0.15514432, 0.15514432], dtype=float32), array([0.14847586, 0.14847586, 0.14847586], dtype=float32), array([0.14796685, 0.14796685, 0.14796685], dtype=float32), array([0.15262686, 0.15262686, 0.15262686], dtype=float32), array([0.1632168, 0.1632168, 0.1632168], dtype=float32), array([0.16844098, 0.16844098, 0.16844098], dtype=float32), array([0.17158134, 0.17158134, 0.17158134], dtype=float32), array([0.17589423, 0.17589423, 0.17589423], dtype=float32), array([0.18125312, 0.18125312, 0.18125312], dtype=float32), array([0.18477292, 0.18477292, 0.18477292], dtype=float32), array([0.18734983, 0.18734983, 0.18734983], dtype=float32), array([0.18704246, 0.18704246, 0.18704246], dtype=float32), array([0.18247347, 0.18247347, 0.18247347], dtype=float32), array([0.17848627, 0.17848627, 0.17848627], dtype=float32), array([0.17578103, 0.17578103, 0.17578103], dtype=float32), array([0.16853236, 0.16853236, 0.16853236], dtype=float32), array([0.16080943, 0.16080943, 0.16080943], dtype=float32), array([0.15548494, 0.15548494, 0.15548494], dtype=float32), array([0.15202014, 0.15202014, 0.15202014], dtype=float32), array([0.14988016, 0.14988016, 0.14988016], dtype=float32), array([0.14585347, 0.14585347, 0.14585347], dtype=float32), array([0.14577724, 0.14577724, 0.14577724], dtype=float32), array([0.14680788, 0.14680788, 0.14680788], dtype=float32), array([0.14858314, 0.14858314, 0.14858314], dtype=float32), array([0.15488169, 0.15488169, 0.15488169], dtype=float32), array([0.15403113, 0.15403113, 0.15403113], dtype=float32), array([0.15836945, 0.15836945, 0.15836945], dtype=float32), array([0.16142058, 0.16142058, 0.16142058], dtype=float32), array([0.16438511, 0.16438511, 0.16438511], dtype=float32), array([0.16785756, 0.16785756, 0.16785756], dtype=float32)]",1,0,0,0,0,0,56.55223880597015,64.39179104477611,6000,6.58,0.0003770215569647771,0.00016326715254946864,2000,6000,6.58,2000,0.33425759665914523,0.4056553542613983,3.0,0.0013802934991,-0.003449559211730957,999.0,0.5409349203109741,30969,1698.4091796875,0.0333881676197052,0.4722185432910919,1.0,81158,0.0,-0.0770043134689331,0.283683180809021,92907,345.9112077354161,3.0,0.0393447157605,0.0013802934991,0.0,999.0,23810,30969,92907,1.0,0.0,345.9098548468913,0,104968,61938,279000,93000,185814,1038.7803237161088,5922715.080011251,6247132.542802701,10.5,0.00012684495000546002,0.9957671529634575,0.17971251954772888,0.9957671529634575,7.82,0.0018576374613621738,3.0,100,6100,2.0,5.476491549762718e-05,2,150,50,0.00035603492389054737,2,-10.5,300,0.00019764632028456644,0.0004535802233193075,100,7.82,300,7.82,100,1.6847416396063524e-05,2.984662596925769e-05,2.9713236505793186e-05,2.2897657963879677e-05,0.00015903072982411689,5.0230949948182154e-05,6.857522908794363e-06,7.696554882907097e-06,2.0436628984158098e-05,4.508642073305779e-05,3.3967018737181046e-05,0.05494588095864164,0.006644163162697805,0.0521117754337436,0.17388569418219996,0.029430699243101117,0.01634044458840508,0.00018469183187407905,108066,92.24491119384766,0.03724879398941994,0.4722185730934143,91.0,1.0,-0.07190444320440292,0.28272545,324198,0.3963433802127838,93.0,-7.033348083496094e-05,498.0,108066,91.0,0.0,324198,498.0,93.0,216132,1953000,648396,651000,12446.427770896706,4.029889882363619e-05,8.783177125690783e-06,2.3940643874992458e-05,5.3288022804929856e-05,7.964529097981067e-06,3.5049333696903344e-05,2.830330914871791e-05,0.0001899441913565731,3.510236330718578e-05,5.9586702650386106e-05,2.0260232844536145e-05
1,8000,False,4,d1c92_00000,2025-08-17_20-35-33,1755462933,92.08179688453674,375.546400308609,685852,intrinsic-attention2,10.156.0.3,375.546400308609,4,94.64659225180657,1.586245974600024e-05,94.64634237933333,2.6241747612345736,91.6778274803923,0.0020373478164898116,2.0,1.0067001111073661,4.6950922911915534e-05,2,3.0,4000,8.96,10.5,1000,0.0002599580038804561,2,-10.5,2000,0.00010005490493878107,1.0067001111073661,8000,0.0015445150293817277,2.594527304646098,760.6812095551311,2000.0,3000.0,"[array([[0.31642395, 0.3791773 , 0.3043987 ],
       [0.35869455, 0.25562048, 0.38568506],
       [0.30499604, 0.4085092 , 0.28649473]], dtype=float32), array([[0.32873985, 0.34201   , 0.32925016],
       [0.41108137, 0.19007953, 0.39883912],
       [0.33243302, 0.33503246, 0.33253452]], dtype=float32), array([[0.30495697, 0.39708003, 0.29796302],
       [0.36547592, 0.2576426 , 0.37688145],
       [0.2988034 , 0.41062668, 0.2905699 ]], dtype=float32), array([[0.3347732 , 0.32692766, 0.33829916],
       [0.3482434 , 0.24492924, 0.40682733],
       [0.32501516, 0.3669286 , 0.30805624]], dtype=float32), array([[0.32689065, 0.34506238, 0.32804695],
       [0.40569386, 0.20614868, 0.38815743],
       [0.33257753, 0.33470637, 0.33271605]], dtype=float32), array([[0.30785078, 0.39161664, 0.30053258],
       [0.3594586 , 0.27075383, 0.36978757],
       [0.30196446, 0.40478918, 0.29324633]], dtype=float32), array([[0.32952344, 0.340545  , 0.3299316 ],
       [0.407404  , 0.19623673, 0.39635935],
       [0.33285138, 0.3342449 , 0.3329037 ]], dtype=float32), array([[0.31614056, 0.3617281 , 0.3221313 ],
       [0.4273356 , 0.19076014, 0.3819042 ],
       [0.33288586, 0.3340643 , 0.33304983]], dtype=float32), array([[0.33148512, 0.3389069 , 0.32960793],
       [0.36135653, 0.23522438, 0.4034191 ],
       [0.32121906, 0.36872676, 0.3100542 ]], dtype=float32), array([[0.34729403, 0.29479983, 0.35790616],
       [0.3798858 , 0.18771535, 0.43239883],
       [0.33904558, 0.3178686 , 0.34308586]], dtype=float32), array([[0.30362722, 0.39947012, 0.2969027 ],
       [0.37251955, 0.24155061, 0.38592982],
       [0.29698744, 0.41396874, 0.28904378]], dtype=float32), array([[0.2846249 , 0.42656097, 0.28881413],
       [0.38481572, 0.23704354, 0.37814078],
       [0.28861168, 0.41886806, 0.29252023]], dtype=float32), array([[0.33839512, 0.32210296, 0.33950198],
       [0.3976848 , 0.1837871 , 0.41852805],
       [0.33349144, 0.3329835 , 0.3335251 ]], dtype=float32), array([[0.3296532 , 0.3403149 , 0.330032  ],
       [0.42385533, 0.16635264, 0.409792  ],
       [0.33368552, 0.33266577, 0.33364868]], dtype=float32), array([[0.3295106 , 0.3405856 , 0.32990375],
       [0.42830473, 0.15847845, 0.41321674],
       [0.33379325, 0.33246168, 0.33374512]], dtype=float32), array([[0.33034766, 0.34146425, 0.32818815],
       [0.3765353 , 0.19409056, 0.4293741 ],
       [0.31714353, 0.3762776 , 0.30657881]], dtype=float32), array([[0.28254142, 0.4206197 , 0.29683888],
       [0.4452409 , 0.1620027 , 0.3927564 ],
       [0.30506134, 0.3813153 , 0.3136233 ]], dtype=float32), array([[0.33068988, 0.340442  , 0.32886815],
       [0.38265592, 0.17175905, 0.44558498],
       [0.3154032 , 0.38019773, 0.30439913]], dtype=float32), array([[0.32977083, 0.34013253, 0.3300966 ],
       [0.4512679 , 0.11654574, 0.4321863 ],
       [0.3348502 , 0.33044127, 0.33470857]], dtype=float32), array([[0.31109712, 0.371182  , 0.31772086],
       [0.47624967, 0.1198021 , 0.40394825],
       [0.33446872, 0.3314269 , 0.33410436]], dtype=float32), array([[0.33024397, 0.34160683, 0.32814917],
       [0.38170594, 0.17741531, 0.44087875],
       [0.31562525, 0.37950474, 0.30486998]], dtype=float32), array([[0.3302773 , 0.34154785, 0.32817483],
       [0.3801274 , 0.18300888, 0.4368638 ],
       [0.31619704, 0.37819952, 0.30560344]], dtype=float32), array([[0.27689213, 0.44140723, 0.28170067],
       [0.40478754, 0.20076968, 0.3944428 ],
       [0.28227532, 0.43100408, 0.28672072]], dtype=float32), array([[0.3112311 , 0.3708777 , 0.31789115],
       [0.46723968, 0.13175496, 0.4010054 ],
       [0.33317196, 0.33360398, 0.3332241 ]], dtype=float32), array([[0.32957214, 0.34309295, 0.32733497],
       [0.38629568, 0.16960561, 0.4440987 ],
       [0.3150714 , 0.37965408, 0.30527452]], dtype=float32), array([[0.34005672, 0.31843862, 0.3415046 ],
       [0.41629708, 0.13620673, 0.4474962 ],
       [0.33309025, 0.33386979, 0.3330399 ]], dtype=float32), array([[0.32730544, 0.34475654, 0.327938  ],
       [0.44805798, 0.12468793, 0.42725402],
       [0.33304858, 0.33387223, 0.33307916]], dtype=float32), array([[0.32810032, 0.34332418, 0.32857552],
       [0.44709417, 0.12376454, 0.42914134],
       [0.33299777, 0.3339734 , 0.33302885]], dtype=float32), array([[0.3297055 , 0.3426088 , 0.32768565],
       [0.38991123, 0.16076848, 0.44932026],
       [0.31491536, 0.37942436, 0.30566025]], dtype=float32), array([[0.362522  , 0.28038412, 0.35709384],
       [0.46554238, 0.10734351, 0.42711407],
       [0.37019283, 0.2666759 , 0.36313128]], dtype=float32), array([[0.3289136 , 0.3447606 , 0.3263258 ],
       [0.37850004, 0.200341  , 0.4211589 ],
       [0.31758356, 0.37333977, 0.30907667]], dtype=float32)]","[array([0.17238472, 0.17238472, 0.17238472], dtype=float32), array([0.17953528, 0.17953528, 0.17953528], dtype=float32), array([0.17657365, 0.17657365, 0.17657365], dtype=float32), array([0.17149843, 0.17149843, 0.17149843], dtype=float32), array([0.16577046, 0.16577046, 0.16577046], dtype=float32), array([0.15248908, 0.15248908, 0.15248908], dtype=float32), array([0.1352275, 0.1352275, 0.1352275], dtype=float32), array([0.11247778, 0.11247778, 0.11247778], dtype=float32), array([0.09303726, 0.09303726, 0.09303726], dtype=float32), array([0.07572, 0.07572, 0.07572], dtype=float32), array([0.04916299, 0.04916299, 0.04916299], dtype=float32), array([0.01892836, 0.01892836, 0.01892836], dtype=float32), array([-0.01689197, -0.01689197, -0.01689197], dtype=float32), array([-0.05750949, -0.05750949, -0.05750949], dtype=float32), array([-0.10207026, -0.10207026, -0.10207026], dtype=float32), array([-0.1488191, -0.1488191, -0.1488191], dtype=float32), array([-0.19951393, -0.19951393, -0.19951393], dtype=float32), array([-0.25106934, -0.25106934, -0.25106934], dtype=float32), array([-0.3030407, -0.3030407, -0.3030407], dtype=float32), array([-0.3421272, -0.3421272, -0.3421272], dtype=float32), array([-0.37778312, -0.37778312, -0.37778312], dtype=float32), array([-0.41961318, -0.41961318, -0.41961318], dtype=float32), array([-0.46526477, -0.46526477, -0.46526477], dtype=float32), array([-0.51492244, -0.51492244, -0.51492244], dtype=float32), array([-0.56287813, -0.56287813, -0.56287813], dtype=float32), array([-0.6135573, -0.6135573, -0.6135573], dtype=float32), array([-0.6668049, -0.6668049, -0.6668049], dtype=float32), array([-0.7191163, -0.7191163, -0.7191163], dtype=float32), array([-0.77390945, -0.77390945, -0.77390945], dtype=float32), array([-0.8169382, -0.8169382, -0.8169382], dtype=float32), array([-0.8649672, -0.8649672, -0.8649672], dtype=float32)]","[array([0.17238472, 0.17238472, 0.17238472], dtype=float32), array([0.1795353, 0.1795353, 0.1795353], dtype=float32), array([0.17657366, 0.17657366, 0.17657366], dtype=float32), array([0.17149846, 0.17149846, 0.17149846], dtype=float32), array([0.1657705, 0.1657705, 0.1657705], dtype=float32), array([0.1524891, 0.1524891, 0.1524891], dtype=float32), array([0.13522753, 0.13522753, 0.13522753], dtype=float32), array([0.11247779, 0.11247779, 0.11247779], dtype=float32), array([0.09303726, 0.09303726, 0.09303726], dtype=float32), array([0.07572, 0.07572, 0.07572], dtype=float32), array([0.04916299, 0.04916299, 0.04916299], dtype=float32), array([0.01892835, 0.01892835, 0.01892835], dtype=float32), array([-0.01689197, -0.01689197, -0.01689197], dtype=float32), array([-0.05750949, -0.05750949, -0.05750949], dtype=float32), array([-0.10207024, -0.10207024, -0.10207024], dtype=float32), array([-0.14881912, -0.14881912, -0.14881912], dtype=float32), array([-0.19951394, -0.19951394, -0.19951394], dtype=float32), array([-0.25106934, -0.25106934, -0.25106934], dtype=float32), array([-0.30304068, -0.30304068, -0.30304068], dtype=float32), array([-0.34212726, -0.34212726, -0.34212726], dtype=float32), array([-0.37778315, -0.37778315, -0.37778315], dtype=float32), array([-0.41961324, -0.41961324, -0.41961324], dtype=float32), array([-0.46526477, -0.46526477, -0.46526477], dtype=float32), array([-0.5149225, -0.5149225, -0.5149225], dtype=float32), array([-0.56287813, -0.56287813, -0.56287813], dtype=float32), array([-0.6135572, -0.6135572, -0.6135572], dtype=float32), array([-0.66680497, -0.66680497, -0.66680497], dtype=float32), array([-0.7191163, -0.7191163, -0.7191163], dtype=float32), array([-0.7739095, -0.7739095, -0.7739095], dtype=float32), array([-0.81693834, -0.81693834, -0.81693834], dtype=float32), array([-0.8649672, -0.8649672, -0.8649672], dtype=float32)]",1,0,0,0,0,0,56.22803030303031,64.42803030303028,8000,8.96,0.0003684889932126171,0.00016081938799322672,2000,8000,8.96,2000,0.33431574236259487,0.3333934545516968,4.0,0.0013802934991,-0.003712177276611328,999.0,0.5409349203109741,30969,861.81005859375,0.011210017837584019,0.4722185432910919,1.0,81158,0.0,-0.05329287424683571,0.30151763558387756,123876,345.69433628805984,4.0,0.0393447157605,0.0013802934991,0.0,999.0,23810,30969,123876,1.0,0.0,345.69304098794476,0,104968,61938,372000,93000,247752,1038.128666945613,5934352.57257634,6257097.650762684,10.5,0.00015245138889611104,1.0042789879865917,0.17984057220231361,1.0042789879865917,8.82,0.002201796110311989,4.0,100,8100,2.0,6.272479172938873e-05,2,200,50,0.0003544356146129576,2,-10.5,400,0.0002308749791675188,0.0005304558457629546,100,8.82,400,8.82,100,1.668943286476309e-05,2.9427619888638587e-05,2.9447501897272177e-05,2.266501064435586e-05,0.0001542810894719474,4.962010646392674e-05,6.8733489253781556e-06,7.612413184465707e-06,2.0021780601573364e-05,4.386997538469065e-05,3.3744269166014504e-05,0.05496405455900292,0.006648157171007304,0.05209091166943678,0.17394199452037185,0.02942559588061551,0.01634151494248817,0.0001844787135394581,108066,85.8156967163086,0.009848373010754585,0.4722185730934143,121.0,1.0,-0.041983336210250854,0.30834723,432264,0.3294658064842224,124.0,0.0010344982147216797,498.0,108066,121.0,0.0,432264,498.0,124.0,216132,2604000,864528,651000,12296.640026408842,4.764045058912031e-05,1.0014554968885867e-05,2.757421727835225e-05,6.178764377345636e-05,9.368481194851439e-06,4.1696479253644815e-05,3.143713638255417e-05,0.0002196789474538972,4.134209194088333e-05,7.038939998825846e-05,2.3740824597956367e-05
1,10000,False,5,d1c92_00000,2025-08-17_20-37-07,1755463027,94.39783430099487,469.9442346096039,685852,intrinsic-attention2,10.156.0.3,469.9442346096039,5,94.64186851404843,1.5833365238447585e-05,94.64161740962004,2.6242907414522643,91.6730073669684,0.002035519098275514,2.0,1.0067001111073661,4.7958319532482644e-05,2,4.0,5000,9.42,10.5,1000,0.0002599580038804561,2,-10.5,2000,0.00010141063079505065,1.0067001111073661,10000,0.0015643807897868102,2.594629815449572,754.2520045794267,2000.0,3000.0,"[array([[0.3259018 , 0.34707394, 0.3270242 ],
       [0.41711056, 0.18401304, 0.39887643],
       [0.33159542, 0.3365409 , 0.33186367]], dtype=float32), array([[0.30455256, 0.39600873, 0.2994387 ],
       [0.3665953 , 0.2584519 , 0.3749528 ],
       [0.29999742, 0.40579253, 0.2942101 ]], dtype=float32), array([[0.33419588, 0.32989034, 0.3359138 ],
       [0.34964716, 0.2529685 , 0.39738432],
       [0.3253482 , 0.3631373 , 0.31151453]], dtype=float32), array([[0.31240082, 0.38255802, 0.30504116],
       [0.35377228, 0.28304732, 0.36318043],
       [0.30692032, 0.39515105, 0.29792857]], dtype=float32), array([[0.32467315, 0.3486348 , 0.32669201],
       [0.38806796, 0.23979175, 0.3721403 ],
       [0.3305371 , 0.33826053, 0.33120242]], dtype=float32), array([[0.3171062 , 0.3589073 , 0.3239865 ],
       [0.38906056, 0.25047386, 0.36046553],
       [0.32993647, 0.33863533, 0.33142823]], dtype=float32), array([[0.30370083, 0.38967022, 0.3066289 ],
       [0.3462019 , 0.30910346, 0.3446946 ],
       [0.30540073, 0.3864197 , 0.30817956]], dtype=float32), array([[0.30565596, 0.38592702, 0.308417  ],
       [0.34308392, 0.3149618 , 0.34195426],
       [0.30714887, 0.38307467, 0.30977648]], dtype=float32), array([[0.30854926, 0.38037977, 0.31107095],
       [0.3387985 , 0.3230304 , 0.3381711 ],
       [0.30975828, 0.3780732 , 0.3121685 ]], dtype=float32), array([[0.32799143, 0.35513765, 0.316871  ],
       [0.3340106 , 0.3304006 , 0.33558878],
       [0.32511193, 0.36609542, 0.30879262]], dtype=float32), array([[0.3304636 , 0.3387446 , 0.3307918 ],
       [0.34758887, 0.30656868, 0.34584248],
       [0.33116448, 0.3374224 , 0.33141324]], dtype=float32), array([[0.33084562, 0.3380134 , 0.33114097],
       [0.3432743 , 0.31469163, 0.34203407],
       [0.33137044, 0.33702555, 0.33160397]], dtype=float32), array([[0.32297352, 0.3558408 , 0.32118568],
       [0.3296876 , 0.3412765 , 0.32903588],
       [0.32258394, 0.35668343, 0.32073265]], dtype=float32), array([[0.32162797, 0.35051283, 0.32785916],
       [0.3320724 , 0.3351672 , 0.33276042],
       [0.32396024, 0.34706208, 0.32897767]], dtype=float32), array([[0.31020224, 0.35747868, 0.33231908],
       [0.3290934 , 0.3376745 , 0.33323207],
       [0.31932443, 0.34782007, 0.3328555 ]], dtype=float32), array([[0.33291715, 0.33717746, 0.3299054 ],
       [0.33312866, 0.33525172, 0.3316196 ],
       [0.33276197, 0.33855635, 0.32868165]], dtype=float32), array([[0.3276512 , 0.3384053 , 0.33394352],
       [0.33383688, 0.3328864 , 0.3332767 ],
       [0.33128902, 0.335152  , 0.33355898]], dtype=float32), array([[0.334879  , 0.33319443, 0.33192652],
       [0.33515227, 0.33316946, 0.33167824],
       [0.33535895, 0.3331505 , 0.33149058]], dtype=float32), array([[0.34131366, 0.32798564, 0.3307007 ],
       [0.34451327, 0.32585493, 0.3296318 ],
       [0.34384993, 0.32629603, 0.329854  ]], dtype=float32), array([[0.32102808, 0.33430606, 0.34466588],
       [0.32376796, 0.3341124 , 0.34211957],
       [0.3258375 , 0.3339574 , 0.34020513]], dtype=float32), array([[0.3342169 , 0.33130002, 0.33448312],
       [0.33549383, 0.32835633, 0.33614984],
       [0.33410048, 0.3315681 , 0.33433148]], dtype=float32), array([[0.34613064, 0.31803894, 0.33583048],
       [0.3559804 , 0.30653936, 0.33748022],
       [0.34964287, 0.31391144, 0.33644572]], dtype=float32), array([[0.3348531 , 0.32987982, 0.33526704],
       [0.33800817, 0.32268664, 0.3393052 ],
       [0.33459038, 0.33047733, 0.33493224]], dtype=float32), array([[0.3336657 , 0.32710794, 0.33922637],
       [0.33385438, 0.32278478, 0.34336084],
       [0.33348122, 0.33072466, 0.33579406]], dtype=float32), array([[0.3334011 , 0.32524532, 0.34135357],
       [0.33337462, 0.31993443, 0.3466909 ],
       [0.33337355, 0.33032975, 0.33629668]], dtype=float32), array([[0.33436146, 0.3399616 , 0.32567698],
       [0.33367282, 0.33544838, 0.33087882],
       [0.3353567 , 0.34713465, 0.31750864]], dtype=float32), array([[0.34619492, 0.30414224, 0.34966284],
       [0.35388106, 0.2864313 , 0.35968766],
       [0.34558848, 0.30553058, 0.34888092]], dtype=float32), array([[0.33643645, 0.3263439 , 0.33721966],
       [0.34589413, 0.30486104, 0.34924477],
       [0.33569536, 0.32801569, 0.33628896]], dtype=float32), array([[0.34040493, 0.30930766, 0.35028738],
       [0.34528625, 0.29151896, 0.36319476],
       [0.33885485, 0.31473148, 0.34641364]], dtype=float32), array([[0.34887138, 0.29809636, 0.35303226],
       [0.35958475, 0.27331772, 0.36709753],
       [0.34803376, 0.30001563, 0.35195056]], dtype=float32), array([[0.34945884, 0.29677203, 0.35376918],
       [0.360882  , 0.27032948, 0.3687885 ],
       [0.3485675 , 0.29881474, 0.35261777]], dtype=float32)]","[array([-0.91467386, -0.91467386, -0.91467386], dtype=float32), array([-0.96137285, -0.96137285, -0.96137285], dtype=float32), array([-1.0067091, -1.0067091, -1.0067091], dtype=float32), array([-1.0517389, -1.0517389, -1.0517389], dtype=float32), array([-1.0962669, -1.0962669, -1.0962669], dtype=float32), array([-1.1376555, -1.1376555, -1.1376555], dtype=float32), array([-1.1787187, -1.1787187, -1.1787187], dtype=float32), array([-1.2177947, -1.2177947, -1.2177947], dtype=float32), array([-1.2575537, -1.2575537, -1.2575537], dtype=float32), array([-1.2945279, -1.2945279, -1.2945279], dtype=float32), array([-1.3266228, -1.3266228, -1.3266228], dtype=float32), array([-1.358697, -1.358697, -1.358697], dtype=float32), array([-1.3909175, -1.3909175, -1.3909175], dtype=float32), array([-1.4220344, -1.4220344, -1.4220344], dtype=float32), array([-1.4513597, -1.4513597, -1.4513597], dtype=float32), array([-1.479198, -1.479198, -1.479198], dtype=float32), array([-1.5051488, -1.5051488, -1.5051488], dtype=float32), array([-1.5266095, -1.5266095, -1.5266095], dtype=float32), array([-1.5495005, -1.5495005, -1.5495005], dtype=float32), array([-1.5738626, -1.5738626, -1.5738626], dtype=float32), array([-1.5927471, -1.5927471, -1.5927471], dtype=float32), array([-1.6140878, -1.6140878, -1.6140878], dtype=float32), array([-1.633008, -1.633008, -1.633008], dtype=float32), array([-1.6529294, -1.6529294, -1.6529294], dtype=float32), array([-1.6757971, -1.6757971, -1.6757971], dtype=float32), array([-1.6970553, -1.6970553, -1.6970553], dtype=float32), array([-1.7152926, -1.7152926, -1.7152926], dtype=float32), array([-1.7337202, -1.7337202, -1.7337202], dtype=float32), array([-1.7507246, -1.7507246, -1.7507246], dtype=float32), array([-1.7675555, -1.7675555, -1.7675555], dtype=float32), array([-1.7807993, -1.7807993, -1.7807993], dtype=float32)]","[array([-0.9146738, -0.9146738, -0.9146738], dtype=float32), array([-0.96137303, -0.96137303, -0.96137303], dtype=float32), array([-1.0067091, -1.0067091, -1.0067091], dtype=float32), array([-1.0517389, -1.0517389, -1.0517389], dtype=float32), array([-1.096267, -1.096267, -1.096267], dtype=float32), array([-1.1376554, -1.1376554, -1.1376554], dtype=float32), array([-1.1787187, -1.1787187, -1.1787187], dtype=float32), array([-1.2177945, -1.2177945, -1.2177945], dtype=float32), array([-1.2575537, -1.2575537, -1.2575537], dtype=float32), array([-1.2945282, -1.2945282, -1.2945282], dtype=float32), array([-1.3266227, -1.3266227, -1.3266227], dtype=float32), array([-1.3586973, -1.3586973, -1.3586973], dtype=float32), array([-1.3909174, -1.3909174, -1.3909174], dtype=float32), array([-1.4220346, -1.4220346, -1.4220346], dtype=float32), array([-1.4513594, -1.4513594, -1.4513594], dtype=float32), array([-1.4791981, -1.4791981, -1.4791981], dtype=float32), array([-1.5051484, -1.5051484, -1.5051484], dtype=float32), array([-1.5266095, -1.5266095, -1.5266095], dtype=float32), array([-1.5495003, -1.5495003, -1.5495003], dtype=float32), array([-1.5738623, -1.5738623, -1.5738623], dtype=float32), array([-1.5927467, -1.5927467, -1.5927467], dtype=float32), array([-1.6140879, -1.6140879, -1.6140879], dtype=float32), array([-1.6330078, -1.6330078, -1.6330078], dtype=float32), array([-1.6529293, -1.6529293, -1.6529293], dtype=float32), array([-1.675797, -1.675797, -1.675797], dtype=float32), array([-1.6970557, -1.6970557, -1.6970557], dtype=float32), array([-1.7152923, -1.7152923, -1.7152923], dtype=float32), array([-1.7337202, -1.7337202, -1.7337202], dtype=float32), array([-1.7507247, -1.7507247, -1.7507247], dtype=float32), array([-1.7675555, -1.7675555, -1.7675555], dtype=float32), array([-1.7807996, -1.7807996, -1.7807996], dtype=float32)]",1,0,0,0,0,0,56.257462686567166,64.48731343283582,10000,9.42,0.0003732152972099244,0.00016241979653967663,2000,10000,9.42,2000,0.3342987724490705,0.3054395020008087,5.0,0.0013802934991,-0.26506006717681885,999.0,0.27046746015548706,30969,2701.689208984375,0.0028490214608609676,0.4722185432910919,1.0,81158,0.0,-0.030276140198111534,0.3200501799583435,154845,345.2779324002051,5.0,0.0393447157605,0.0013802934991,0.0,999.0,23810,30969,154845,1.0,0.0,345.2766992470439,0,104968,61938,465000,93000,309690,1036.8778241607604,5935122.405627972,6258413.609774536,10.5,0.00017149048785223303,1.006163949065147,0.18008298632018502,1.006163949065147,9.42,0.00245252989945584,5.0,100,10100,2.0,6.556106022542422e-05,2,250,50,0.0003529721184615766,2,-10.5,500,0.00025082546502838183,0.000570566081177058,100,9.42,500,9.42,100,1.6940709372789574e-05,2.9733656760681163e-05,2.9632163771015253e-05,2.307290108516601e-05,0.0001571490223404799,4.935956919536283e-05,6.859777696088969e-06,7.69459106673113e-06,2.0620893161374374e-05,4.3973716363141584e-05,3.410693612271901e-05,0.05500639552334614,0.006653164859305324,0.05204993448276426,0.1738892347050943,0.029427263091860893,0.016364853153093994,0.00018436105640617286,108066,79.85403442382812,0.0028079678304493427,0.4722185730934143,151.0,1.0,-0.03824899345636368,0.3109921,540330,0.30122146010398865,155.0,0.0002625584602355957,498.0,108066,151.0,0.0,540330,498.0,155.0,216132,3255000,1080660,651000,12144.24186404159,5.1927404896779515e-05,1.0416945983658548e-05,2.892767924093436e-05,6.851654270778475e-05,1.0070631179230343e-05,4.6184102432801394e-05,3.2766105491897205e-05,0.00023200444675884962,4.585947677278412e-05,7.614808356218842e-05,2.542311486980412e-05
1,12000,False,6,d1c92_00000,2025-08-17_20-38-40,1755463120,92.2598090171814,562.2040436267853,685852,intrinsic-attention2,10.156.0.3,562.2040436267853,6,94.61653318007804,1.57963316947939e-05,94.61628093747392,2.6286946132677516,91.64256808047877,0.00203396746723493,2.0,1.0067001111073661,6.470022922257275e-05,2,5.0,6000,9.21,10.5,1000,0.0002599580038804561,2,-10.5,2000,0.0001659344263508959,1.0067001111073661,12000,0.0023810536609380505,2.598810191445019,746.6167307607885,2000.0,3000.0,"[array([[0.35518596, 0.2993598 , 0.34545425],
       [0.3833964 , 0.2572692 , 0.35933438],
       [0.35984823, 0.29226246, 0.3478892 ]], dtype=float32), array([[0.34426826, 0.31336117, 0.34237054],
       [0.36630547, 0.2736154 , 0.3600791 ],
       [0.3455997 , 0.31094006, 0.34346014]], dtype=float32), array([[0.34472668, 0.31235972, 0.34291357],
       [0.36826468, 0.269565  , 0.36217043],
       [0.3460257 , 0.30997857, 0.34399572]], dtype=float32), array([[0.35325062, 0.28823236, 0.35851696],
       [0.36959463, 0.25016648, 0.38023892],
       [0.35198674, 0.2911322 , 0.35688108]], dtype=float32), array([[0.33717284, 0.3260046 , 0.3368226 ],
       [0.3663126 , 0.27077433, 0.36291304],
       [0.3381113 , 0.32421488, 0.33767378]], dtype=float32), array([[0.33742687, 0.32552564, 0.33704755],
       [0.36982125, 0.2642318 , 0.36594695],
       [0.33849213, 0.32349595, 0.33801198]], dtype=float32), array([[0.36121222, 0.28689325, 0.35189447],
       [0.4041141 , 0.21892077, 0.37696508],
       [0.36631   , 0.27858248, 0.35510752]], dtype=float32), array([[0.3569332 , 0.27994117, 0.36312562],
       [0.37859663, 0.22910191, 0.3923014 ],
       [0.35525808, 0.2837899 , 0.36095205]], dtype=float32), array([[0.3392357 , 0.31055745, 0.35020676],
       [0.34775862, 0.2725783 , 0.37966305],
       [0.33558446, 0.3248925 , 0.339523  ]], dtype=float32), array([[0.33735391, 0.32567072, 0.33697534],
       [0.3700799 , 0.2638093 , 0.3661108 ],
       [0.33844864, 0.3235865 , 0.33796483]], dtype=float32), array([[0.3570558 , 0.27965364, 0.36329052],
       [0.3788344 , 0.22851855, 0.39264703],
       [0.35536918, 0.28353003, 0.36110082]], dtype=float32), array([[0.3572668 , 0.27914673, 0.36358643],
       [0.3792688 , 0.22742528, 0.39330596],
       [0.35555503, 0.2830839 , 0.36136106]], dtype=float32), array([[0.34657833, 0.29571444, 0.3577072 ],
       [0.3597661 , 0.25492045, 0.38531348],
       [0.34365052, 0.30426767, 0.35208184]], dtype=float32), array([[0.3589235 , 0.29571155, 0.34536493],
       [0.4065968 , 0.23026027, 0.36314288],
       [0.36862302, 0.28189412, 0.34948286]], dtype=float32), array([[0.34208375, 0.32048234, 0.33743387],
       [0.3895239 , 0.25429133, 0.3561848 ],
       [0.3521971 , 0.30587396, 0.34192896]], dtype=float32), array([[0.34145653, 0.3216241 , 0.3369193 ],
       [0.38532537, 0.26137432, 0.3533003 ],
       [0.35138035, 0.30755058, 0.34106907]], dtype=float32), array([[0.33703947, 0.3250301 , 0.33793044],
       [0.35036996, 0.29483253, 0.35479754],
       [0.33603278, 0.32728916, 0.33667803]], dtype=float32), array([[0.3534479 , 0.29501346, 0.35153854],
       [0.3728366 , 0.2584016 , 0.3687618 ],
       [0.35404915, 0.29387313, 0.3520777 ]], dtype=float32), array([[0.3440597 , 0.31350374, 0.3424365 ],
       [0.3660826 , 0.2732394 , 0.360678  ],
       [0.34521303, 0.31137982, 0.34340718]], dtype=float32), array([[0.3372385 , 0.32027838, 0.34248307],
       [0.34397006, 0.29640365, 0.35962635],
       [0.33506575, 0.32760417, 0.3373301 ]], dtype=float32), array([[0.3368873 , 0.3253374 , 0.33777538],
       [0.34938174, 0.29692012, 0.35369807],
       [0.33591062, 0.32753837, 0.33655104]], dtype=float32), array([[0.33501175, 0.32148376, 0.3435045 ],
       [0.33655086, 0.30893224, 0.3545169 ],
       [0.33394057, 0.32921684, 0.3368426 ]], dtype=float32), array([[0.3468269 , 0.3073792 , 0.34579393],
       [0.35571855, 0.29034302, 0.35393846],
       [0.3470497 , 0.30695167, 0.34599867]], dtype=float32), array([[0.33789   , 0.3282042 , 0.3339058 ],
       [0.36002046, 0.30396926, 0.3360103 ],
       [0.3468836 , 0.31822142, 0.33489504]], dtype=float32), array([[0.33737072, 0.32910487, 0.3335245 ],
       [0.356149  , 0.30988696, 0.33396405],
       [0.3460178 , 0.3201644 , 0.33381778]], dtype=float32), array([[0.33392572, 0.33215657, 0.33391774],
       [0.33499858, 0.33002537, 0.33497605],
       [0.33393055, 0.33214694, 0.3339225 ]], dtype=float32), array([[0.33982494, 0.33012944, 0.33004558],
       [0.34176788, 0.32917032, 0.32906184],
       [0.34178492, 0.32916185, 0.32905313]], dtype=float32), array([[0.3345843 , 0.33328834, 0.3321274 ],
       [0.3372519 , 0.33318257, 0.3295655 ],
       [0.3396568 , 0.33307582, 0.32726735]], dtype=float32), array([[0.3328105 , 0.33446553, 0.332724  ],
       [0.33497804, 0.3297687 , 0.3352533 ],
       [0.33269635, 0.33471256, 0.33259103]], dtype=float32), array([[0.32264754, 0.35344627, 0.3239062 ],
       [0.32898003, 0.34151417, 0.32950577],
       [0.3229196 , 0.35293284, 0.32414752]], dtype=float32), array([[0.33116946, 0.34715   , 0.32168055],
       [0.33260792, 0.33816877, 0.3292233 ],
       [0.33021647, 0.35273543, 0.31704804]], dtype=float32)]","[array([-1.7924843, -1.7924843, -1.7924843], dtype=float32), array([-1.8023831, -1.8023831, -1.8023831], dtype=float32), array([-1.8109233, -1.8109233, -1.8109233], dtype=float32), array([-1.820882, -1.820882, -1.820882], dtype=float32), array([-1.8318439, -1.8318439, -1.8318439], dtype=float32), array([-1.8380549, -1.8380549, -1.8380549], dtype=float32), array([-1.8455735, -1.8455735, -1.8455735], dtype=float32), array([-1.853872, -1.853872, -1.853872], dtype=float32), array([-1.8593895, -1.8593895, -1.8593895], dtype=float32), array([-1.8567817, -1.8567817, -1.8567817], dtype=float32), array([-1.8512391, -1.8512391, -1.8512391], dtype=float32), array([-1.8456389, -1.8456389, -1.8456389], dtype=float32), array([-1.8320845, -1.8320845, -1.8320845], dtype=float32), array([-1.8200014, -1.8200014, -1.8200014], dtype=float32), array([-1.8081529, -1.8081529, -1.8081529], dtype=float32), array([-1.7952541, -1.7952541, -1.7952541], dtype=float32), array([-1.7790599, -1.7790599, -1.7790599], dtype=float32), array([-1.7492191, -1.7492191, -1.7492191], dtype=float32), array([-1.7195549, -1.7195549, -1.7195549], dtype=float32), array([-1.6794815, -1.6794815, -1.6794815], dtype=float32), array([-1.6439961, -1.6439961, -1.6439961], dtype=float32), array([-1.6060435, -1.6060435, -1.6060435], dtype=float32), array([-1.568274, -1.568274, -1.568274], dtype=float32), array([-1.5325772, -1.5325772, -1.5325772], dtype=float32), array([-1.4969463, -1.4969463, -1.4969463], dtype=float32), array([-1.4494563, -1.4494563, -1.4494563], dtype=float32), array([-1.3949587, -1.3949587, -1.3949587], dtype=float32), array([-1.3460928, -1.3460928, -1.3460928], dtype=float32), array([-1.3005916, -1.3005916, -1.3005916], dtype=float32), array([-1.2569541, -1.2569541, -1.2569541], dtype=float32), array([-1.2171135, -1.2171135, -1.2171135], dtype=float32)]","[array([-1.7924843, -1.7924843, -1.7924843], dtype=float32), array([-1.8023832, -1.8023832, -1.8023832], dtype=float32), array([-1.8109231, -1.8109231, -1.8109231], dtype=float32), array([-1.8208823, -1.8208823, -1.8208823], dtype=float32), array([-1.8318442, -1.8318442, -1.8318442], dtype=float32), array([-1.8380549, -1.8380549, -1.8380549], dtype=float32), array([-1.8455738, -1.8455738, -1.8455738], dtype=float32), array([-1.853872, -1.853872, -1.853872], dtype=float32), array([-1.8593899, -1.8593899, -1.8593899], dtype=float32), array([-1.8567814, -1.8567814, -1.8567814], dtype=float32), array([-1.8512387, -1.8512387, -1.8512387], dtype=float32), array([-1.8456386, -1.8456386, -1.8456386], dtype=float32), array([-1.8320844, -1.8320844, -1.8320844], dtype=float32), array([-1.8200015, -1.8200015, -1.8200015], dtype=float32), array([-1.8081529, -1.8081529, -1.8081529], dtype=float32), array([-1.7952539, -1.7952539, -1.7952539], dtype=float32), array([-1.77906, -1.77906, -1.77906], dtype=float32), array([-1.7492195, -1.7492195, -1.7492195], dtype=float32), array([-1.7195549, -1.7195549, -1.7195549], dtype=float32), array([-1.6794815, -1.6794815, -1.6794815], dtype=float32), array([-1.6439956, -1.6439956, -1.6439956], dtype=float32), array([-1.6060435, -1.6060435, -1.6060435], dtype=float32), array([-1.5682738, -1.5682738, -1.5682738], dtype=float32), array([-1.5325774, -1.5325774, -1.5325774], dtype=float32), array([-1.4969463, -1.4969463, -1.4969463], dtype=float32), array([-1.4494566, -1.4494566, -1.4494566], dtype=float32), array([-1.3949586, -1.3949586, -1.3949586], dtype=float32), array([-1.3460927, -1.3460927, -1.3460927], dtype=float32), array([-1.3005916, -1.3005916, -1.3005916], dtype=float32), array([-1.2569541, -1.2569541, -1.2569541], dtype=float32), array([-1.2171135, -1.2171135, -1.2171135], dtype=float32)]",1,0,0,0,0,0,56.25,64.51893939393939,12000,9.21,0.0005531385071997655,0.00024614731667996,2000,12000,9.21,2000,0.3350057883746251,0.27870500087738037,6.0,0.0013802934991,0.0056795477867126465,999.0,0.13523373007774353,30969,3692.328369140625,0.004666063468903303,0.4722185432910919,1.0,81158,0.0,-0.03262666240334511,0.31745749711990356,185814,345.2097663627705,6.0,0.0393447157605,0.0013802934991,0.0,999.0,23810,30969,185814,1.0,0.0,345.20858946271113,0,104968,61938,558000,93000,371628,1036.6727653397948,5948012.962017818,6271615.554467318,10.5,0.00012176194273274623,1.0065813770648688,0.17964111047694412,1.0065813770648688,9.82,0.002098834529897431,6.0,100,12100,2.0,5.18478963106191e-05,2,300,50,0.0003509779473860716,2,-10.5,600,0.00018596570608660654,0.0004323856478295863,100,9.82,600,9.82,100,2.4963410607152308e-05,4.4789546257275695e-05,4.61530016645762e-05,3.2849055152272936e-05,0.0002200610570335904,7.675173002604872e-05,1.0249740964650676e-05,1.0497922323631877e-05,2.834920344023937e-05,6.689860252679856e-05,5.132262669951814e-05,0.055448564818111785,0.006694931580744842,0.052281269388050076,0.17386796365794718,0.0294288431608705,0.016371137281627715,0.00018436963587680795,108066,83.13983154296875,0.003980027046054602,0.4722185730934143,181.0,1.0,-0.024647315964102745,0.32483628,648396,0.261660099029541,186.0,-0.0003319978713989258,498.0,108066,181.0,0.0,648396,498.0,186.0,216132,3906000,1296792,651000,12007.304152996227,3.856063035114135e-05,8.22689313696076e-06,2.2783383765272587e-05,5.0849547764442956e-05,7.566483319476327e-06,3.34358119143741e-05,2.5345724233944224e-05,0.000183430053662291,3.424911302576917e-05,5.622269430844993e-05,1.907424965907573e-05
1,14000,False,7,d1c92_00000,2025-08-17_20-40-15,1755463215,95.63333630561829,657.8373799324036,685852,intrinsic-attention2,10.156.0.3,657.8373799324036,7,94.62464053234727,1.576176832794421e-05,94.62438730658924,2.6294615148751004,91.65001058353401,0.0020327699624753917,2.0,1.0067001111073661,4.8775241828041336e-05,2,6.0,7000,9.58,10.5,1000,0.0002599580038804561,2,-10.5,2000,0.0001055684239773983,1.0067001111073661,14000,0.001615212669421453,2.599578285120556,737.9137150271123,2000.0,3000.0,"[array([[0.3329856 , 0.33409962, 0.33291474],
       [0.34507063, 0.30729982, 0.3476296 ],
       [0.33219236, 0.3358469 , 0.33196077]], dtype=float32), array([[0.33099076, 0.33776912, 0.33124012],
       [0.35206985, 0.29803264, 0.34989744],
       [0.33179444, 0.33624673, 0.33195877]], dtype=float32), array([[0.33246475, 0.3373162 , 0.3302191 ],
       [0.33763137, 0.31207   , 0.35029855],
       [0.3297062 , 0.34942797, 0.3208658 ]], dtype=float32), array([[0.33034107, 0.34222162, 0.32743728],
       [0.34173048, 0.30736876, 0.3509008 ],
       [0.3272572 , 0.35121182, 0.32153094]], dtype=float32), array([[0.33328378, 0.33344314, 0.33327305],
       [0.35336244, 0.28840807, 0.35822955],
       [0.33185813, 0.33660072, 0.33154112]], dtype=float32), array([[0.33042425, 0.3388672 , 0.33070853],
       [0.36020663, 0.2825556 , 0.35723776],
       [0.33148   , 0.33685815, 0.33166188]], dtype=float32), array([[0.33396792, 0.33032748, 0.33570454],
       [0.3424415 , 0.28242663, 0.37513188],
       [0.32861924, 0.35422406, 0.31715664]], dtype=float32), array([[0.32156724, 0.35307026, 0.32536253],
       [0.40844032, 0.21478167, 0.376778  ],
       [0.3332036 , 0.33354944, 0.333247  ]], dtype=float32), array([[0.3127862 , 0.37918767, 0.3080262 ],
       [0.36552182, 0.25875905, 0.37571913],
       [0.3079962 , 0.38972825, 0.30227557]], dtype=float32), array([[0.29977766, 0.39805764, 0.30216464],
       [0.37675944, 0.2507474 , 0.37249312],
       [0.3021281 , 0.39350256, 0.30436933]], dtype=float32), array([[0.32232273, 0.36314446, 0.31453282],
       [0.35880744, 0.25694123, 0.3842513 ],
       [0.31310484, 0.38713026, 0.29976484]], dtype=float32), array([[0.2999616 , 0.3979092 , 0.3021292 ],
       [0.37910908, 0.24593922, 0.37495172],
       [0.30217573, 0.39360628, 0.304218  ]], dtype=float32), array([[0.3397803 , 0.3187006 , 0.3415191 ],
       [0.390624  , 0.19681917, 0.41255683],
       [0.3348132 , 0.3299859 , 0.33520094]], dtype=float32), array([[0.32225928, 0.36292621, 0.31481457],
       [0.3641989 , 0.24069536, 0.39510578],
       [0.31175742, 0.38990167, 0.29834095]], dtype=float32), array([[0.32353416, 0.35013375, 0.32633206],
       [0.41151527, 0.20671706, 0.3817676 ],
       [0.33390412, 0.3323603 , 0.33373553]], dtype=float32), array([[0.3314323 , 0.33702153, 0.33154616],
       [0.38474295, 0.23440956, 0.38084757],
       [0.3326292 , 0.33469912, 0.3326716 ]], dtype=float32), array([[0.33418328, 0.3296042 , 0.33621252],
       [0.34408012, 0.27822024, 0.37769973],
       [0.32846653, 0.3534737 , 0.31805983]], dtype=float32), array([[0.3107786 , 0.37738633, 0.3118351 ],
       [0.3539335 , 0.29329357, 0.35277292],
       [0.31157255, 0.37583214, 0.31259528]], dtype=float32), array([[0.31336737, 0.37241098, 0.31422162],
       [0.34794512, 0.30483493, 0.34722003],
       [0.31393564, 0.37129667, 0.31476763]], dtype=float32), array([[0.33305457, 0.3339749 , 0.33297047],
       [0.35296717, 0.28735742, 0.35967538],
       [0.33111683, 0.3384276 , 0.3304555 ]], dtype=float32), array([[0.3092532 , 0.36985993, 0.32088694],
       [0.35430294, 0.30271408, 0.34298304],
       [0.3186076 , 0.35549968, 0.32589275]], dtype=float32), array([[0.32382214, 0.35223407, 0.32394376],
       [0.34420297, 0.31174627, 0.34405077],
       [0.3239158 , 0.35204792, 0.32403627]], dtype=float32), array([[0.32616273, 0.35266337, 0.32117394],
       [0.33581698, 0.32649565, 0.3376874 ],
       [0.32417014, 0.35793594, 0.3178939 ]], dtype=float32), array([[0.3299939 , 0.33994102, 0.33006507],
       [0.34309578, 0.3140289 , 0.34287536],
       [0.33009085, 0.3397492 , 0.33015996]], dtype=float32), array([[0.32836953, 0.34824708, 0.3233833 ],
       [0.33323672, 0.3336285 , 0.3331348 ],
       [0.32706085, 0.35209966, 0.3208395 ]], dtype=float32), array([[0.32607374, 0.34453803, 0.32938826],
       [0.34115353, 0.32140738, 0.3374391 ],
       [0.32885316, 0.34023312, 0.33091375]], dtype=float32), array([[0.3357381 , 0.32099038, 0.34327146],
       [0.33730927, 0.312295  , 0.35039577],
       [0.33491606, 0.32532755, 0.33975643]], dtype=float32), array([[0.32851568, 0.34732485, 0.3241594 ],
       [0.3331311 , 0.33392873, 0.33294013],
       [0.32737827, 0.35057265, 0.3220491 ]], dtype=float32), array([[0.32971653, 0.34053135, 0.32975212],
       [0.33964315, 0.32077858, 0.33957824],
       [0.3297502 , 0.3404643 , 0.32978547]], dtype=float32), array([[0.32619408, 0.3499883 , 0.3238176 ],
       [0.33365002, 0.3325897 , 0.33376032],
       [0.32540393, 0.35181913, 0.3227769 ]], dtype=float32), array([[0.32627025, 0.34980634, 0.3239234 ],
       [0.33371714, 0.33243224, 0.3338506 ],
       [0.32548273, 0.35163078, 0.32288647]], dtype=float32)]","[array([-1.177538, -1.177538, -1.177538], dtype=float32), array([-1.1423208, -1.1423208, -1.1423208], dtype=float32), array([-1.111308, -1.111308, -1.111308], dtype=float32), array([-1.0823855, -1.0823855, -1.0823855], dtype=float32), array([-1.052205, -1.052205, -1.052205], dtype=float32), array([-1.0303203, -1.0303203, -1.0303203], dtype=float32), array([-1.0347291, -1.0347291, -1.0347291], dtype=float32), array([-1.0377197, -1.0377197, -1.0377197], dtype=float32), array([-1.0545211, -1.0545211, -1.0545211], dtype=float32), array([-1.0787457, -1.0787457, -1.0787457], dtype=float32), array([-1.1011733, -1.1011733, -1.1011733], dtype=float32), array([-1.1200683, -1.1200683, -1.1200683], dtype=float32), array([-1.141908, -1.141908, -1.141908], dtype=float32), array([-1.1669025, -1.1669025, -1.1669025], dtype=float32), array([-1.197708, -1.197708, -1.197708], dtype=float32), array([-1.2254115, -1.2254115, -1.2254115], dtype=float32), array([-1.2467133, -1.2467133, -1.2467133], dtype=float32), array([-1.2735931, -1.2735931, -1.2735931], dtype=float32), array([-1.3022412, -1.3022412, -1.3022412], dtype=float32), array([-1.3324404, -1.3324404, -1.3324404], dtype=float32), array([-1.3591652, -1.3591652, -1.3591652], dtype=float32), array([-1.3843402, -1.3843402, -1.3843402], dtype=float32), array([-1.4087684, -1.4087684, -1.4087684], dtype=float32), array([-1.4319667, -1.4319667, -1.4319667], dtype=float32), array([-1.4570804, -1.4570804, -1.4570804], dtype=float32), array([-1.4811304, -1.4811304, -1.4811304], dtype=float32), array([-1.50165, -1.50165, -1.50165], dtype=float32), array([-1.5194772, -1.5194772, -1.5194772], dtype=float32), array([-1.539914, -1.539914, -1.539914], dtype=float32), array([-1.5591339, -1.5591339, -1.5591339], dtype=float32), array([-1.57699, -1.57699, -1.57699], dtype=float32)]","[array([-1.177538, -1.177538, -1.177538], dtype=float32), array([-1.1423208, -1.1423208, -1.1423208], dtype=float32), array([-1.111308, -1.111308, -1.111308], dtype=float32), array([-1.0823858, -1.0823858, -1.0823858], dtype=float32), array([-1.052205, -1.052205, -1.052205], dtype=float32), array([-1.0303203, -1.0303203, -1.0303203], dtype=float32), array([-1.0347291, -1.0347291, -1.0347291], dtype=float32), array([-1.0377197, -1.0377197, -1.0377197], dtype=float32), array([-1.0545214, -1.0545214, -1.0545214], dtype=float32), array([-1.0787456, -1.0787456, -1.0787456], dtype=float32), array([-1.1011733, -1.1011733, -1.1011733], dtype=float32), array([-1.1200684, -1.1200684, -1.1200684], dtype=float32), array([-1.1419078, -1.1419078, -1.1419078], dtype=float32), array([-1.1669025, -1.1669025, -1.1669025], dtype=float32), array([-1.197708, -1.197708, -1.197708], dtype=float32), array([-1.2254115, -1.2254115, -1.2254115], dtype=float32), array([-1.2467134, -1.2467134, -1.2467134], dtype=float32), array([-1.2735931, -1.2735931, -1.2735931], dtype=float32), array([-1.3022411, -1.3022411, -1.3022411], dtype=float32), array([-1.3324403, -1.3324403, -1.3324403], dtype=float32), array([-1.3591652, -1.3591652, -1.3591652], dtype=float32), array([-1.3843402, -1.3843402, -1.3843402], dtype=float32), array([-1.4087682, -1.4087682, -1.4087682], dtype=float32), array([-1.4319667, -1.4319667, -1.4319667], dtype=float32), array([-1.4570806, -1.4570806, -1.4570806], dtype=float32), array([-1.4811306, -1.4811306, -1.4811306], dtype=float32), array([-1.5016499, -1.5016499, -1.5016499], dtype=float32), array([-1.5194774, -1.5194774, -1.5194774], dtype=float32), array([-1.5399138, -1.5399138, -1.5399138], dtype=float32), array([-1.5591336, -1.5591336, -1.5591336], dtype=float32), array([-1.5769901, -1.5769901, -1.5769901], dtype=float32)]",1,0,0,0,0,0,56.46176470588235,64.53529411764706,14000,9.58,0.0003820992859012463,0.00016302868123345288,2000,14000,9.58,2000,0.33491554514096106,0.2827107310295105,7.0,0.0013802934991,0.0015316605567932129,999.0,0.06761686503887177,30969,1021.1004028320312,0.002179068746045232,0.4722185432910919,1.0,81158,0.0,-0.021402541548013687,0.32770875096321106,216783,344.59482804806447,7.0,0.0393447157605,0.0013802934991,0.0,999.0,23810,30969,216783,1.0,0.0,344.59370299818966,0,104968,61938,651000,93000,433566,1034.8257764397113,5935241.232216521,6258795.755299047,10.5,0.00014656459354893202,1.0066738172414504,0.17972638590213422,1.0066738172414504,9.82,0.001983562519744737,7.0,100,14100,2.0,6.130241874976505e-05,2,350,50,0.0003503835278584115,2,-9.5,700,0.00022523155423756136,0.0005137613105058494,100,9.82,700,9.82,100,1.739625825627114e-05,3.0239737928162253e-05,3.0187308039759693e-05,2.3066752297570863e-05,0.00016111950883304424,5.129328137588242e-05,7.0701663451547214e-06,7.705382529738932e-06,2.039419390771001e-05,4.446009921816736e-05,3.384225241610764e-05,0.05545150549983653,0.006700159104977296,0.0522513940141107,0.17379925428134033,0.029421319459233562,0.01637357677887501,0.00018414836950871516,108066,80.95841979980469,0.0025412128306925297,0.4722185730934143,211.0,1.0,-0.04752980172634125,0.30170238,756462,0.2767128646373749,217.0,-0.0012410879135131836,498.0,108066,211.0,0.0,756462,498.0,217.0,216132,4557000,1512924,651000,11861.704865449114,4.635820449583749e-05,9.788118328955831e-06,2.7119201405879393e-05,6.02686150945721e-05,9.205198634157502e-06,4.0671466214846355e-05,3.0025722045267893e-05,0.00021170521276932223,4.140358270044263e-05,6.810325332073216e-05,2.3409359632285502e-05
1,16000,False,8,d1c92_00000,2025-08-17_20-41-50,1755463310,94.46032953262329,752.2977094650269,685852,intrinsic-attention2,10.156.0.3,752.2977094650269,8,94.62109081340373,1.5749460685926603e-05,94.62083579003328,2.6296708458263325,91.6461780474787,0.002033787382744887,2.0,1.0067001111073661,4.959061252362185e-05,2,7.0,8000,9.8,10.5,1000,0.0002599580038804561,2,-10.5,2000,0.00010738390804760492,1.0067001111073661,16000,0.0016161874600220472,2.5997902282092444,728.2667489987996,2000.0,3000.0,"[array([[0.32390305, 0.34992135, 0.32617554],
       [0.33679503, 0.327282  , 0.33592296],
       [0.32508   , 0.347843  , 0.327077  ]], dtype=float32), array([[0.33040154, 0.3417231 , 0.32787538],
       [0.33542857, 0.32725173, 0.33731964],
       [0.32922205, 0.34506112, 0.32571682]], dtype=float32), array([[0.32927325, 0.34289506, 0.32783175],
       [0.33386904, 0.33206618, 0.33406475],
       [0.32876915, 0.3440771 , 0.3271537 ]], dtype=float32), array([[0.3283377 , 0.34177512, 0.32988712],
       [0.33388823, 0.3323987 , 0.33371305],
       [0.3289912 , 0.34066808, 0.33034074]], dtype=float32), array([[0.32857043, 0.34102738, 0.33040214],
       [0.33251953, 0.33464432, 0.33283612],
       [0.32916132, 0.34007013, 0.33076853]], dtype=float32), array([[0.3250048 , 0.34415534, 0.33083993],
       [0.3291859 , 0.33870012, 0.332114  ],
       [0.3263037 , 0.3424558 , 0.33124056]], dtype=float32), array([[0.33378834, 0.33763674, 0.32857487],
       [0.33373353, 0.3370964 , 0.32917005],
       [0.3338626 , 0.3383791 , 0.3277583 ]], dtype=float32), array([[0.33085886, 0.3387219 , 0.33041924],
       [0.33129624, 0.33777022, 0.3309335 ],
       [0.3308341 , 0.3387758 , 0.33039013]], dtype=float32), array([[0.32821688, 0.33905944, 0.33272365],
       [0.3293961 , 0.33773434, 0.33286956],
       [0.32871157, 0.33850315, 0.33278522]], dtype=float32), array([[0.32874328, 0.33793953, 0.33331716],
       [0.32956496, 0.33711186, 0.33332318],
       [0.3291547 , 0.33752495, 0.33332035]], dtype=float32), array([[0.33583826, 0.3334567 , 0.33070502],
       [0.33596542, 0.3334626 , 0.33057198],
       [0.3361135 , 0.33346942, 0.33041707]], dtype=float32), array([[0.33070788, 0.33514693, 0.33414513],
       [0.33097872, 0.33495963, 0.3340617 ],
       [0.33091792, 0.33500168, 0.33408046]], dtype=float32), array([[0.33672908, 0.33124226, 0.3320287 ],
       [0.3371901 , 0.33095884, 0.33185112],
       [0.3371235 , 0.33099973, 0.33187675]], dtype=float32), array([[0.3344567 , 0.3311009 , 0.33444232],
       [0.33451638, 0.33098245, 0.3345012 ],
       [0.33445698, 0.33110043, 0.33444256]], dtype=float32), array([[0.3325804 , 0.33116767, 0.3362519 ],
       [0.33256236, 0.3311162 , 0.3363214 ],
       [0.33262688, 0.33130038, 0.33607274]], dtype=float32), array([[0.33578044, 0.3286382 , 0.3355813 ],
       [0.33603966, 0.32814112, 0.33581918],
       [0.33578762, 0.32862452, 0.3355879 ]], dtype=float32), array([[0.3365437 , 0.32774705, 0.33570924],
       [0.33698735, 0.3269765 , 0.33603615],
       [0.3365853 , 0.3276748 , 0.3357399 ]], dtype=float32), array([[0.33774903, 0.32555795, 0.336693  ],
       [0.33829665, 0.32459602, 0.33710736],
       [0.3377957 , 0.32547596, 0.3367283 ]], dtype=float32), array([[0.33417654, 0.3262669 , 0.33955652],
       [0.3342352 , 0.3257489 , 0.34001595],
       [0.33413717, 0.32661256, 0.33925027]], dtype=float32), array([[0.33521172, 0.325692  , 0.3390963 ],
       [0.33539736, 0.324922  , 0.33968064],
       [0.33513722, 0.32600018, 0.33886263]], dtype=float32), array([[0.33650795, 0.3229353 , 0.34055674],
       [0.33695695, 0.32143933, 0.34160373],
       [0.33637694, 0.32337058, 0.3402525 ]], dtype=float32), array([[0.34249523, 0.3187395 , 0.33876532],
       [0.3448147 , 0.31507578, 0.34010956],
       [0.34284893, 0.31817994, 0.3389711 ]], dtype=float32), array([[0.33700028, 0.3192379 , 0.34376186],
       [0.3375751 , 0.31695133, 0.34547353],
       [0.3367874 , 0.3200788 , 0.34313378]], dtype=float32), array([[0.34211877, 0.3143005 , 0.34358066],
       [0.3438808 , 0.31046653, 0.34565267],
       [0.3420298 , 0.31449398, 0.3434762 ]], dtype=float32), array([[0.34335876, 0.3114795 , 0.34516177],
       [0.34570485, 0.30633655, 0.34795865],
       [0.34323192, 0.3117573 , 0.34501088]], dtype=float32), array([[0.342881  , 0.3124495 , 0.34466952],
       [0.34564042, 0.30637825, 0.3479813 ],
       [0.34272543, 0.31279132, 0.34448332]], dtype=float32), array([[0.34835616, 0.30523795, 0.34640586],
       [0.35384938, 0.2950243 , 0.35112637],
       [0.34859133, 0.30479994, 0.34660864]], dtype=float32), array([[0.34382084, 0.3076003 , 0.34857887],
       [0.34796172, 0.29724196, 0.35479623],
       [0.34330073, 0.30889288, 0.34780642]], dtype=float32), array([[0.34870592, 0.29926196, 0.3520321 ],
       [0.35493767, 0.28527737, 0.359785  ],
       [0.3483117 , 0.30014303, 0.35154524]], dtype=float32), array([[0.34957415, 0.29422286, 0.35620296],
       [0.3605869 , 0.26679137, 0.37262166],
       [0.34831434, 0.29730925, 0.35437644]], dtype=float32), array([[0.3691137 , 0.27647442, 0.35441187],
       [0.41385862, 0.2099573 , 0.37618405],
       [0.3756747 , 0.26638332, 0.357942  ]], dtype=float32)]","[array([-1.5963683, -1.5963683, -1.5963683], dtype=float32), array([-1.5997915, -1.5997915, -1.5997915], dtype=float32), array([-1.5698272, -1.5698272, -1.5698272], dtype=float32), array([-1.5363668, -1.5363668, -1.5363668], dtype=float32), array([-1.4858223, -1.4858223, -1.4858223], dtype=float32), array([-1.4400162, -1.4400162, -1.4400162], dtype=float32), array([-1.399362, -1.399362, -1.399362], dtype=float32), array([-1.3625892, -1.3625892, -1.3625892], dtype=float32), array([-1.3301839, -1.3301839, -1.3301839], dtype=float32), array([-1.3027275, -1.3027275, -1.3027275], dtype=float32), array([-1.2773628, -1.2773628, -1.2773628], dtype=float32), array([-1.2433262, -1.2433262, -1.2433262], dtype=float32), array([-1.2110525, -1.2110525, -1.2110525], dtype=float32), array([-1.1819565, -1.1819565, -1.1819565], dtype=float32), array([-1.1579998, -1.1579998, -1.1579998], dtype=float32), array([-1.1409554, -1.1409554, -1.1409554], dtype=float32), array([-1.1249673, -1.1249673, -1.1249673], dtype=float32), array([-1.1097897, -1.1097897, -1.1097897], dtype=float32), array([-1.0935493, -1.0935493, -1.0935493], dtype=float32), array([-1.0779791, -1.0779791, -1.0779791], dtype=float32), array([-1.0504668, -1.0504668, -1.0504668], dtype=float32), array([-1.02268, -1.02268, -1.02268], dtype=float32), array([-0.9969731, -0.9969731, -0.9969731], dtype=float32), array([-0.974155, -0.974155, -0.974155], dtype=float32), array([-0.948429, -0.948429, -0.948429], dtype=float32), array([-0.91852933, -0.91852933, -0.91852933], dtype=float32), array([-0.884378, -0.884378, -0.884378], dtype=float32), array([-0.8531128, -0.8531128, -0.8531128], dtype=float32), array([-0.8225167, -0.8225167, -0.8225167], dtype=float32), array([-0.78579044, -0.78579044, -0.78579044], dtype=float32), array([-0.75199825, -0.75199825, -0.75199825], dtype=float32)]","[array([-1.5963686, -1.5963686, -1.5963686], dtype=float32), array([-1.5997918, -1.5997918, -1.5997918], dtype=float32), array([-1.5698274, -1.5698274, -1.5698274], dtype=float32), array([-1.5363669, -1.5363669, -1.5363669], dtype=float32), array([-1.4858226, -1.4858226, -1.4858226], dtype=float32), array([-1.440016, -1.440016, -1.440016], dtype=float32), array([-1.399362, -1.399362, -1.399362], dtype=float32), array([-1.362589, -1.362589, -1.362589], dtype=float32), array([-1.3301837, -1.3301837, -1.3301837], dtype=float32), array([-1.3027276, -1.3027276, -1.3027276], dtype=float32), array([-1.2773628, -1.2773628, -1.2773628], dtype=float32), array([-1.2433262, -1.2433262, -1.2433262], dtype=float32), array([-1.2110524, -1.2110524, -1.2110524], dtype=float32), array([-1.1819565, -1.1819565, -1.1819565], dtype=float32), array([-1.1579999, -1.1579999, -1.1579999], dtype=float32), array([-1.1409551, -1.1409551, -1.1409551], dtype=float32), array([-1.1249675, -1.1249675, -1.1249675], dtype=float32), array([-1.1097897, -1.1097897, -1.1097897], dtype=float32), array([-1.0935496, -1.0935496, -1.0935496], dtype=float32), array([-1.0779791, -1.0779791, -1.0779791], dtype=float32), array([-1.0504667, -1.0504667, -1.0504667], dtype=float32), array([-1.0226802, -1.0226802, -1.0226802], dtype=float32), array([-0.99697304, -0.99697304, -0.99697304], dtype=float32), array([-0.9741552, -0.9741552, -0.9741552], dtype=float32), array([-0.948429, -0.948429, -0.948429], dtype=float32), array([-0.91852933, -0.91852933, -0.91852933], dtype=float32), array([-0.88437825, -0.88437825, -0.88437825], dtype=float32), array([-0.8531129, -0.8531129, -0.8531129], dtype=float32), array([-0.82251656, -0.82251656, -0.82251656], dtype=float32), array([-0.78579044, -0.78579044, -0.78579044], dtype=float32), array([-0.75199807, -0.75199807, -0.75199807], dtype=float32)]",1,0,0,0,0,0,56.02148148148148,64.58370370370372,16000,9.8,0.00038712580403832674,0.00016770797256449434,2000,16000,9.8,2000,0.33499462461958524,0.28526028990745544,8.0,0.0013802934991,-0.0018264055252075195,999.0,0.03380843251943588,30969,425.72503662109375,0.002740131923928857,0.4722185432910919,1.0,81158,0.0,-0.017846915870904922,0.33115145564079285,247752,344.1592398961866,8.0,0.0393447157605,0.0013802934991,0.0,999.0,23810,30969,247752,1.0,0.0,344.1581667929638,0,104968,61938,744000,93000,495504,1033.5173790328217,5942914.255957968,6269019.975469415,10.5,0.00014045338876454377,1.0066942882837675,0.17965503151322773,1.0066942882837675,9.82,0.0022141432100033854,8.0,100,16100,2.0,5.8648994158592036e-05,2,400,50,0.00034893004259255075,2,-9.5,800,0.0002131475289679122,0.0004878083262471665,100,9.82,800,9.82,100,1.7571681652042928e-05,3.051929172189497e-05,3.057096727760977e-05,2.3465997642094346e-05,0.0001628461875866854,5.1920694485030354e-05,6.9798128972932625e-06,7.941640051500038e-06,2.0837937897019614e-05,4.588523451522791e-05,3.504944168913447e-05,0.05546810283486368,0.00670253407391379,0.05223581242393247,0.17384985743858136,0.029445336784701976,0.016371674261108287,0.00018392813578949744,108066,86.71475219726562,0.0028122803196310997,0.4722185730934143,241.0,1.0,-0.0049671209417283535,0.34431058,864528,0.2751960754394531,248.0,0.003547191619873047,498.0,108066,241.0,0.0,864528,498.0,248.0,216132,5208000,1729056,651000,11728.351820925858,4.3754805144606444e-05,9.275478146117989e-06,2.5976311272017012e-05,5.8317762909001975e-05,8.775234535656009e-06,3.809607432841867e-05,2.8425004397643894e-05,0.00020300260184788244,3.963850821175547e-05,6.478405697429866e-05,2.204833968855498e-05
1,18000,False,9,d1c92_00000,2025-08-17_20-43-24,1755463404,94.45534753799438,846.7530570030212,685852,intrinsic-attention2,10.156.0.3,846.7530570030212,9,94.61744484465969,1.57433759921546e-05,94.61718844857296,2.6308179043480644,91.64147299051395,0.0020307262090087535,2.0,1.0067001111073661,4.735733005000908e-05,2,8.0,9000,9.96,10.5,1000,0.0002599580038804561,2,9.5,2000,0.00010121949158189445,1.0067001111073661,18000,0.0016042379093414638,2.600928677737047,717.7925473407889,2000.0,3000.0,"[array([[0.3735169 , 0.26021066, 0.3662725 ],
       [0.41778666, 0.18273298, 0.39948034],
       [0.37614262, 0.2555137 , 0.36834362]], dtype=float32), array([[0.35994443, 0.27018622, 0.36986938],
       [0.39247465, 0.1863206 , 0.42120472],
       [0.35621247, 0.27925795, 0.36452958]], dtype=float32), array([[0.38202482, 0.25566512, 0.3623101 ],
       [0.45712212, 0.14870319, 0.39417464],
       [0.3929208 , 0.2390851 , 0.36799416]], dtype=float32), array([[0.35431135, 0.2670676 , 0.37862095],
       [0.37055907, 0.20231035, 0.42713058],
       [0.34930366, 0.284003  , 0.36669338]], dtype=float32), array([[0.36828327, 0.25347215, 0.37824464],
       [0.39508587, 0.18835828, 0.41655588],
       [0.36607647, 0.25864914, 0.37527433]], dtype=float32), array([[0.36719504, 0.2692694 , 0.36353558],
       [0.39848185, 0.21112637, 0.39039177],
       [0.3682757 , 0.26724234, 0.36448196]], dtype=float32), array([[0.35289708, 0.28922683, 0.35787606],
       [0.37198427, 0.24492235, 0.38309342],
       [0.35145432, 0.29251957, 0.3560262 ]], dtype=float32), array([[0.35350117, 0.29506987, 0.35142905],
       [0.3751838 , 0.25434807, 0.3704682 ],
       [0.3542337 , 0.2936865 , 0.35207972]], dtype=float32), array([[0.34569415, 0.29297107, 0.3613347 ],
       [0.35231948, 0.26900104, 0.37867948],
       [0.34376785, 0.29958183, 0.35665032]], dtype=float32), array([[0.36194354, 0.27900535, 0.3590511 ],
       [0.38413647, 0.23738503, 0.37847853],
       [0.3626581 , 0.27765748, 0.35968438]], dtype=float32), array([[0.3594818 , 0.27378777, 0.36673036],
       [0.37647974, 0.2336401 , 0.38988018],
       [0.3581432 , 0.2768939 , 0.36496288]], dtype=float32), array([[0.35587996, 0.29033387, 0.35378617],
       [0.38518637, 0.23510063, 0.37971303],
       [0.35677832, 0.28862894, 0.3545928 ]], dtype=float32), array([[0.35178176, 0.27202368, 0.3761946 ],
       [0.36457303, 0.21899192, 0.41643503],
       [0.34756994, 0.2870775 , 0.3653526 ]], dtype=float32), array([[0.3591301 , 0.26925313, 0.37161678],
       [0.38679826, 0.19319049, 0.4200112 ],
       [0.35516068, 0.27942595, 0.3654134 ]], dtype=float32), array([[0.40048683, 0.22755167, 0.37196153],
       [0.50834113, 0.08766133, 0.4039975 ],
       [0.41732156, 0.20289728, 0.37978113]], dtype=float32), array([[0.37660396, 0.25010562, 0.37329042],
       [0.4654721 , 0.08574975, 0.4487781 ],
       [0.37927884, 0.24500406, 0.3757171 ]], dtype=float32), array([[0.4238154 , 0.16907266, 0.4071119 ],
       [0.5095595 , 0.03643214, 0.4540084 ],
       [0.42965397, 0.15898181, 0.41136423]], dtype=float32), array([[0.43958876, 0.16997138, 0.39043984],
       [0.59353745, 0.01932598, 0.38713658],
       [0.4676016 , 0.13277423, 0.39962423]], dtype=float32), array([[0.40383255, 0.10649411, 0.48967335],
       [0.38112703, 0.01598447, 0.60288846],
       [0.3982704 , 0.13701381, 0.46471578]], dtype=float32), array([[0.39955315, 0.156774  , 0.44367287],
       [0.4027553 , 0.01496682, 0.58227783],
       [0.38625622, 0.19732206, 0.41642174]], dtype=float32), array([[0.46588993, 0.08109903, 0.4530111 ],
       [0.5198818 , 0.0025943 , 0.4775238 ],
       [0.4681856 , 0.07698663, 0.45482773]], dtype=float32), array([[0.47840136, 0.07087123, 0.4507274 ],
       [0.5465642 , 0.00125662, 0.4521792 ],
       [0.48345992, 0.06289061, 0.45364952]], dtype=float32), array([[0.42863768, 0.04183814, 0.52952415],
       [0.36637622, 0.00089484, 0.632729  ],
       [0.42830455, 0.05844261, 0.51325285]], dtype=float32), array([[0.43762907, 0.14907971, 0.41329116],
       [0.5853095 , 0.00085854, 0.41383198],
       [0.45766407, 0.11672065, 0.4256153 ]], dtype=float32), array([[4.8830846e-01, 3.9834652e-02, 4.7185686e-01],
       [5.2728397e-01, 1.7412081e-04, 4.7254196e-01],
       [4.8996297e-01, 3.7068915e-02, 4.7296810e-01]], dtype=float32), array([[4.2315003e-01, 2.3047997e-02, 5.5380195e-01],
       [3.2876843e-01, 1.4635357e-04, 6.7108518e-01],
       [4.2716500e-01, 3.6287893e-02, 5.3654712e-01]], dtype=float32), array([[4.2102751e-01, 1.9703910e-02, 5.5926859e-01],
       [3.1933603e-01, 9.1281458e-05, 6.8057275e-01],
       [4.2617530e-01, 3.1999774e-02, 5.4182494e-01]], dtype=float32), array([[4.41833198e-01, 1.23686984e-01, 4.34479743e-01],
       [5.25351465e-01, 2.29482219e-04, 4.74419057e-01],
       [4.46561694e-01, 1.14801660e-01, 4.38636661e-01]], dtype=float32), array([[4.4369167e-01, 1.2020172e-01, 4.3610653e-01],
       [5.2613664e-01, 1.8466137e-04, 4.7367877e-01],
       [4.4844866e-01, 1.1127977e-01, 4.4027159e-01]], dtype=float32), array([[4.3545756e-01, 6.7035161e-02, 4.9750724e-01],
       [3.6972833e-01, 2.0704858e-04, 6.3006461e-01],
       [4.2734167e-01, 9.8125264e-02, 4.7453302e-01]], dtype=float32), array([[3.5662773e-01, 4.2591892e-02, 6.0078031e-01],
       [1.7621262e-01, 3.2938158e-04, 8.2345802e-01],
       [3.7839445e-01, 1.2536041e-01, 4.9624512e-01]], dtype=float32)]","[array([-0.71565014, -0.71565014, -0.71565014], dtype=float32), array([-0.6783974, -0.6783974, -0.6783974], dtype=float32), array([-0.65247875, -0.65247875, -0.65247875], dtype=float32), array([-0.6255686, -0.6255686, -0.6255686], dtype=float32), array([nan, nan, nan], dtype=float32), array([nan, nan, nan], dtype=float32), array([-0.5654944, -0.5654944, -0.5654944], dtype=float32), array([nan, nan, nan], dtype=float32), array([-0.540372, -0.540372, -0.540372], dtype=float32), array([-0.52432626, -0.52432626, -0.52432626], dtype=float32), array([-0.5142347, -0.5142347, -0.5142347], dtype=float32), array([-0.5071518, -0.5071518, -0.5071518], dtype=float32), array([-0.51060855, -0.51060855, -0.51060855], dtype=float32), array([-0.5153926, -0.5153926, -0.5153926], dtype=float32), array([-0.5294781, -0.5294781, -0.5294781], dtype=float32), array([nan, nan, nan], dtype=float32), array([-0.5466366, -0.5466366, -0.5466366], dtype=float32), array([-0.5503623, -0.5503623, -0.5503623], dtype=float32), array([-0.5573801, -0.5573801, -0.5573801], dtype=float32), array([nan, nan, nan], dtype=float32), array([-0.56312054, -0.56312054, -0.56312054], dtype=float32), array([nan, nan, nan], dtype=float32), array([-0.5717181, -0.5717181, -0.5717181], dtype=float32), array([-0.5785999, -0.5785999, -0.5785999], dtype=float32), array([-0.5870343, -0.5870343, -0.5870343], dtype=float32), array([-0.59418845, -0.59418845, -0.59418845], dtype=float32), array([nan, nan, nan], dtype=float32), array([-0.6060935, -0.6060935, -0.6060935], dtype=float32), array([-0.60965955, -0.60965955, -0.60965955], dtype=float32), array([-0.6177596, -0.6177596, -0.6177596], dtype=float32), array([-0.6222987, -0.6222987, -0.6222987], dtype=float32)]","[array([-0.71565026, -0.71565026, -0.71565026], dtype=float32), array([-0.6783973, -0.6783973, -0.6783973], dtype=float32), array([-0.65247875, -0.65247875, -0.65247875], dtype=float32), array([-0.62556845, -0.62556845, -0.62556845], dtype=float32), array([-0.59975713, -0.59975713, -0.59975713], dtype=float32), array([-0.57821125, -0.57821125, -0.57821125], dtype=float32), array([-0.5654945, -0.5654945, -0.5654945], dtype=float32), array([-0.5539413, -0.5539413, -0.5539413], dtype=float32), array([-0.54037195, -0.54037195, -0.54037195], dtype=float32), array([-0.52432626, -0.52432626, -0.52432626], dtype=float32), array([-0.51423466, -0.51423466, -0.51423466], dtype=float32), array([-0.50715166, -0.50715166, -0.50715166], dtype=float32), array([-0.5106086, -0.5106086, -0.5106086], dtype=float32), array([-0.51539266, -0.51539266, -0.51539266], dtype=float32), array([-0.5294781, -0.5294781, -0.5294781], dtype=float32), array([-0.5373001, -0.5373001, -0.5373001], dtype=float32), array([-0.54663664, -0.54663664, -0.54663664], dtype=float32), array([-0.5503622, -0.5503622, -0.5503622], dtype=float32), array([-0.55738014, -0.55738014, -0.55738014], dtype=float32), array([-0.55959946, -0.55959946, -0.55959946], dtype=float32), array([-0.5631204, -0.5631204, -0.5631204], dtype=float32), array([-0.56865025, -0.56865025, -0.56865025], dtype=float32), array([-0.57171816, -0.57171816, -0.57171816], dtype=float32), array([-0.5785999, -0.5785999, -0.5785999], dtype=float32), array([-0.5870343, -0.5870343, -0.5870343], dtype=float32), array([-0.5941886, -0.5941886, -0.5941886], dtype=float32), array([-0.6019789, -0.6019789, -0.6019789], dtype=float32), array([-0.60609347, -0.60609347, -0.60609347], dtype=float32), array([-0.60965955, -0.60965955, -0.60965955], dtype=float32), array([-0.61775964, -0.61775964, -0.61775964], dtype=float32), array([-0.62229884, -0.62229884, -0.62229884], dtype=float32)]",1,0,0,0,0,0,56.51037037037037,64.58888888888892,18000,9.96,0.00037093315325784554,0.00016683683465163794,2000,18000,9.96,2000,0.3349222560332904,0.267522931098938,9.0,0.0013802934991,-1.0,999.0,0.01690421625971794,30969,37862.54296875,0.0016085176030173898,0.4722185432910919,1.0,81158,0.0,-0.0010589966550469398,0.34783294796943665,278721,343.7582515393351,9.0,0.0393447157605,0.0013802934991,0.0,999.0,23810,30969,278721,1.0,0.0,343.7572314779617,0,104968,61938,837000,93000,557442,1032.3128905897777,5941938.282606726,6269705.003166746,10.5,0.00014470291829290905,1.0066988216326744,0.17966254378818577,1.0066988216326744,10.02,0.0021606306699686684,9.0,100,18100,2.0,5.994251159615591e-05,2,450,50,0.00034745551216453863,2,9.5,900,0.00022341721337337033,0.0005091456408377864,100,10.02,900,10.02,100,1.6788347677578062e-05,2.9830993283927145e-05,2.9748606154166327e-05,2.2564766220714196e-05,0.0001545517626147242,4.915382468869357e-05,7.060592999294635e-06,7.768739950352978e-06,2.078773887420302e-05,4.6598920312862414e-05,3.412467902326483e-05,0.05545602649664166,0.006700794363145837,0.05220853494969142,0.17377142371419807,0.029472621416911895,0.01638752451851098,0.00018376133442503335,108066,87.14697265625,0.001518484321422875,0.4722185730934143,271.0,1.0,-0.020625093951821327,0.32845354,972594,0.2692277729511261,279.0,-0.00041866302490234375,498.0,108066,271.0,0.0,972594,498.0,279.0,216132,5859000,1945188,651000,11598.358776834619,4.617741841989146e-05,9.521993221180678e-06,2.6773188959682045e-05,6.0787988029509424e-05,9.100473256626468e-06,4.04483347824965e-05,2.9264786317379007e-05,0.00021003312473977763,4.24055107610088e-05,6.792586575622228e-05,2.348617948995694e-05
1,20000,False,10,d1c92_00000,2025-08-17_20-44-56,1755463496,91.92603611946106,938.6790931224823,685852,intrinsic-attention2,10.156.0.3,938.6790931224823,10,94.5890715852732,1.5712912203694276e-05,94.58881435853723,2.631407312284487,91.61252134033873,0.002029020806838393,2.0,1.0067001111073661,4.946202608277322e-05,2,9.0,10000,9.99,10.5,1000,0.0002599580038804561,2,9.5,2000,0.00010621389017930663,1.0067001111073661,20000,0.0016173605795484036,2.601508013569674,706.5980336759797,2000.0,3000.0,"[array([[4.1885039e-01, 1.5984768e-02, 5.6516486e-01],
       [3.0995691e-01, 5.0448980e-05, 6.8999267e-01],
       [4.2522153e-01, 2.6772531e-02, 5.4800594e-01]], dtype=float32), array([[5.0570661e-01, 2.9306736e-02, 4.6498668e-01],
       [5.6993079e-01, 4.0332976e-05, 4.3002883e-01],
       [5.0976402e-01, 2.4242179e-02, 4.6599385e-01]], dtype=float32), array([[5.3930521e-01, 5.0288070e-02, 4.1040680e-01],
       [7.6456708e-01, 2.7511420e-05, 2.3540545e-01],
       [5.8023691e-01, 2.1890549e-02, 3.9787257e-01]], dtype=float32), array([[5.0494009e-01, 3.2495402e-02, 4.6256450e-01],
       [5.7271433e-01, 5.9482987e-05, 4.2722622e-01],
       [5.0955683e-01, 2.6703132e-02, 4.6374002e-01]], dtype=float32), array([[4.4038850e-01, 1.2759508e-01, 4.3201649e-01],
       [5.2901459e-01, 2.8175159e-04, 4.7070357e-01],
       [4.4597065e-01, 1.1719785e-01, 4.3683150e-01]], dtype=float32), array([[5.3716594e-01, 5.1783882e-02, 4.1105014e-01],
       [7.6179850e-01, 2.9355384e-05, 2.3817223e-01],
       [5.7799065e-01, 2.2765210e-02, 3.9924413e-01]], dtype=float32), array([[3.7718937e-01, 4.7086477e-02, 5.7572412e-01],
       [2.1885043e-01, 4.1910616e-04, 7.8073043e-01],
       [3.8816360e-01, 1.1325314e-01, 4.9858329e-01]], dtype=float32), array([[4.40954357e-01, 1.26865149e-01, 4.32180494e-01],
       [5.29965103e-01, 2.99571780e-04, 4.69735324e-01],
       [4.46687937e-01, 1.16221726e-01, 4.37090427e-01]], dtype=float32), array([[4.26041365e-01, 7.87388012e-02, 4.95219827e-01],
       [3.52326959e-01, 3.82675818e-04, 6.47290289e-01],
       [4.15279269e-01, 1.21306546e-01, 4.63414252e-01]], dtype=float32), array([[4.49678570e-01, 1.21664725e-01, 4.28656697e-01],
       [5.72481632e-01, 1.94947352e-04, 4.27323371e-01],
       [4.63690281e-01, 9.82376859e-02, 4.38072026e-01]], dtype=float32), array([[4.25965637e-01, 7.48660788e-02, 4.99168247e-01],
       [3.45751196e-01, 3.19447194e-04, 6.53929353e-01],
       [4.15722430e-01, 1.17925785e-01, 4.66351718e-01]], dtype=float32), array([[4.9681523e-01, 2.5042573e-02, 4.7814217e-01],
       [5.3040445e-01, 3.9592887e-05, 4.6955603e-01],
       [4.9806985e-01, 2.3093646e-02, 4.7883645e-01]], dtype=float32), array([[4.2533341e-01, 7.0223130e-02, 5.0444353e-01],
       [3.3673689e-01, 2.6337081e-04, 6.6299975e-01],
       [4.1588774e-01, 1.1398990e-01, 4.7012228e-01]], dtype=float32), array([[4.1358444e-01, 5.8519926e-02, 5.2789563e-01],
       [2.8934109e-01, 2.1644458e-04, 7.1044242e-01],
       [4.0841156e-01, 1.1116610e-01, 4.8042232e-01]], dtype=float32), array([[4.5062032e-01, 1.0460417e-01, 4.4477552e-01],
       [5.1879656e-01, 1.1201025e-04, 4.8109150e-01],
       [4.5360309e-01, 9.8926969e-02, 4.4746995e-01]], dtype=float32), array([[5.6090426e-01, 3.3686645e-02, 4.0540904e-01],
       [7.9498380e-01, 6.3314778e-06, 2.0500980e-01],
       [6.0127372e-01, 1.2884057e-02, 3.8584220e-01]], dtype=float32), array([[4.0291011e-01, 9.5503237e-03, 5.8753955e-01],
       [2.7475458e-01, 1.8086557e-05, 7.2522730e-01],
       [4.1382569e-01, 1.7755283e-02, 5.6841904e-01]], dtype=float32), array([[4.9596998e-01, 1.5472995e-02, 4.8855707e-01],
       [5.1169169e-01, 1.0698598e-05, 4.8829758e-01],
       [4.9624318e-01, 1.4997876e-02, 4.8875883e-01]], dtype=float32), array([[4.5527488e-01, 9.1497175e-02, 4.5322797e-01],
       [5.0626701e-01, 6.4173546e-05, 4.9366882e-01],
       [4.5614165e-01, 8.9793876e-02, 4.5406446e-01]], dtype=float32), array([[4.1284928e-01, 4.6792120e-02, 5.4035860e-01],
       [2.7062228e-01, 8.9006717e-05, 7.2928876e-01],
       [4.1144961e-01, 9.6015915e-02, 4.9253449e-01]], dtype=float32), array([[4.9292803e-01, 1.4727824e-02, 4.9234405e-01],
       [5.0092483e-01, 8.3249015e-06, 4.9906686e-01],
       [4.9294662e-01, 1.4691153e-02, 4.9236223e-01]], dtype=float32), array([[3.9374787e-01, 8.5092802e-03, 5.9774280e-01],
       [2.5271487e-01, 1.1955718e-05, 7.4727315e-01],
       [4.0751502e-01, 1.7154202e-02, 5.7533079e-01]], dtype=float32), array([[4.96876627e-01, 1.51275583e-02, 4.87995803e-01],
       [5.14370143e-01, 7.50547224e-06, 4.85622376e-01],
       [4.97217268e-01, 1.45519795e-02, 4.88230854e-01]], dtype=float32), array([[5.5184084e-01, 2.8168410e-02, 4.1999069e-01],
       [7.4892867e-01, 5.0392273e-06, 2.5106636e-01],
       [5.7857263e-01, 1.3008545e-02, 4.0841880e-01]], dtype=float32), array([[4.8939571e-01, 1.6346700e-02, 4.9425754e-01],
       [4.9231181e-01, 1.2679208e-05, 5.0767553e-01],
       [4.8924190e-01, 1.6685780e-02, 4.9407226e-01]], dtype=float32), array([[4.9191323e-01, 1.7543679e-02, 4.9054307e-01],
       [5.0216585e-01, 1.5416068e-05, 4.9781874e-01],
       [4.9196526e-01, 1.7442226e-02, 4.9059254e-01]], dtype=float32), array([[4.15405601e-01, 5.43528311e-02, 5.30241609e-01],
       [2.88401008e-01, 1.55771530e-04, 7.11443245e-01],
       [4.11139309e-01, 1.03963494e-01, 4.84897256e-01]], dtype=float32), array([[5.4395825e-01, 3.1873103e-02, 4.2416868e-01],
       [7.2275895e-01, 1.2953003e-05, 2.7722806e-01],
       [5.6767344e-01, 1.6361687e-02, 4.1596484e-01]], dtype=float32), array([[4.6801040e-01, 9.3676761e-02, 4.3831286e-01],
       [5.8804798e-01, 9.4245319e-05, 4.1185775e-01],
       [4.8187980e-01, 7.2130822e-02, 4.4598943e-01]], dtype=float32), array([[4.4752511e-01, 9.9257559e-02, 4.5321739e-01],
       [4.8367202e-01, 2.1123403e-04, 5.1611680e-01],
       [4.4524139e-01, 1.0405179e-01, 4.5070678e-01]], dtype=float32), array([[4.4301039e-01, 2.4347709e-02, 5.3264189e-01],
       [3.7088323e-01, 9.0528039e-05, 6.2902623e-01],
       [4.4368225e-01, 3.4397468e-02, 5.2192032e-01]], dtype=float32)]","[array([nan, nan, nan], dtype=float32), array([nan, nan, nan], dtype=float32), array([nan, nan, nan], dtype=float32), array([nan, nan, nan], dtype=float32), array([nan, nan, nan], dtype=float32), array([nan, nan, nan], dtype=float32), array([nan, nan, nan], dtype=float32), array([nan, nan, nan], dtype=float32), array([nan, nan, nan], dtype=float32), array([nan, nan, nan], dtype=float32), array([nan, nan, nan], dtype=float32), array([nan, nan, nan], dtype=float32), array([nan, nan, nan], dtype=float32), array([nan, nan, nan], dtype=float32), array([nan, nan, nan], dtype=float32), array([nan, nan, nan], dtype=float32), array([nan, nan, nan], dtype=float32), array([nan, nan, nan], dtype=float32), array([nan, nan, nan], dtype=float32), array([nan, nan, nan], dtype=float32), array([nan, nan, nan], dtype=float32), array([nan, nan, nan], dtype=float32), array([nan, nan, nan], dtype=float32), array([nan, nan, nan], dtype=float32), array([nan, nan, nan], dtype=float32), array([nan, nan, nan], dtype=float32), array([nan, nan, nan], dtype=float32), array([nan, nan, nan], dtype=float32), array([nan, nan, nan], dtype=float32), array([nan, nan, nan], dtype=float32), array([nan, nan, nan], dtype=float32)]","[array([-0.62617975, -0.62617975, -0.62617975], dtype=float32), array([-0.6374436, -0.6374436, -0.6374436], dtype=float32), array([-0.647822, -0.647822, -0.647822], dtype=float32), array([-0.65893024, -0.65893024, -0.65893024], dtype=float32), array([-0.66437095, -0.66437095, -0.66437095], dtype=float32), array([-0.6709538, -0.6709538, -0.6709538], dtype=float32), array([-0.67477995, -0.67477995, -0.67477995], dtype=float32), array([-0.6826268, -0.6826268, -0.6826268], dtype=float32), array([-0.7020668, -0.7020668, -0.7020668], dtype=float32), array([-0.7365247, -0.7365247, -0.7365247], dtype=float32), array([-0.8050986, -0.8050986, -0.8050986], dtype=float32), array([-0.8610363, -0.8610363, -0.8610363], dtype=float32), array([-0.9119204, -0.9119204, -0.9119204], dtype=float32), array([-0.96256137, -0.96256137, -0.96256137], dtype=float32), array([-1.0060652, -1.0060652, -1.0060652], dtype=float32), array([-1.0461757, -1.0461757, -1.0461757], dtype=float32), array([-1.0966414, -1.0966414, -1.0966414], dtype=float32), array([-1.1465108, -1.1465108, -1.1465108], dtype=float32), array([-1.192068, -1.192068, -1.192068], dtype=float32), array([-1.2337095, -1.2337095, -1.2337095], dtype=float32), array([-1.270923, -1.270923, -1.270923], dtype=float32), array([-1.303665, -1.303665, -1.303665], dtype=float32), array([-1.3328277, -1.3328277, -1.3328277], dtype=float32), array([-1.3601092, -1.3601092, -1.3601092], dtype=float32), array([-1.3800639, -1.3800639, -1.3800639], dtype=float32), array([-1.4148266, -1.4148266, -1.4148266], dtype=float32), array([-1.4481794, -1.4481794, -1.4481794], dtype=float32), array([-1.4746718, -1.4746718, -1.4746718], dtype=float32), array([-1.5150869, -1.5150869, -1.5150869], dtype=float32), array([-1.551347, -1.551347, -1.551347], dtype=float32), array([-1.5790975, -1.5790975, -1.5790975], dtype=float32)]",1,0,0,0,0,0,56.46793893129771,64.61603053435115,20000,9.99,0.0003870377533349386,0.0001665026647770076,2000,20000,9.99,2000,0.33491898268286385,0.377941370010376,10.0,0.0013802934991,-1.0,999.0,0.025356324389576912,30969,51136.703125,0.08588095009326935,0.4722185432910919,1.0,81158,0.0,-0.07972002774477005,0.27041688561439514,309690,343.72563722202835,10.0,0.0393447157605,0.0013802934991,0.0,999.0,23810,30969,309690,1.0,0.0,343.7246577351329,0,104968,61938,930000,93000,619380,1032.2146697006376,5941152.450965241,6271817.59486999,10.5,0.0001122707166430907,1.0066998255508928,0.1791707074303265,1.0066998255508928,8.82,0.001900207919679815,10.0,100,20100,2.0,4.9945921980168464e-05,2,500,50,0.0003455618970494269,2,-10.5,1000,0.0001768433270457416,0.00040800717624342334,100,8.82,1000,8.82,100,1.7422537441913337e-05,3.0178989212811854e-05,3.0497919364081104e-05,2.3403750740034984e-05,0.000164575129888253,5.1646561116087486e-05,7.0250495172964925e-06,7.917508580975235e-06,2.0828369836845926e-05,4.6048398853688125e-05,3.443522326652319e-05,0.05546805394172983,0.006699929119603054,0.0522103888101556,0.17374520696708845,0.029482214272725515,0.016385062533246536,0.000183737431049484,108066,81.49237060546875,0.10012823343276978,0.4722185730934143,301.0,1.0,-0.11269901692867279,0.25202352,1080660,0.38581401109695435,310.0,-1.0,498.0,108066,301.0,0.0,1080660,498.0,310.0,216132,6510000,2161320,651000,11489.533448434358,3.694775784923916e-05,7.952055340777867e-06,2.1851963102535275e-05,4.758568699874293e-05,7.325253663723351e-06,3.1821655705472665e-05,2.41611741876061e-05,0.0001720673915831956,3.303398279214331e-05,5.292116409426541e-05,1.8098662074781052e-05
1,22000,False,11,d1c92_00000,2025-08-17_20-46-30,1755463590,93.91109418869019,1032.5901873111725,685852,intrinsic-attention2,10.156.0.3,1032.5901873111725,11,94.58022426729048,1.5688743057984005e-05,94.57996566359185,2.6356272435616024,91.59958207179535,0.002028078518794311,2.0,1.0067001111073661,4.64726987888492e-05,2,10.0,11000,6.95,10.5,1000,0.0002599580038804561,2,-10.5,2000,9.863911318252846e-05,1.0067001111073661,22000,0.00152335318911355,2.6057080259140437,694.7826355793718,2000.0,3000.0,"[array([[0.05845616, 0.87206495, 0.06947897],
       [0.5391242 , 0.021758  , 0.4391178 ],
       [0.08075317, 0.8255572 , 0.09368964]], dtype=float32), array([[4.8023129e-01, 2.7636215e-02, 4.9213243e-01],
       [4.8190162e-01, 1.0587845e-04, 5.1799250e-01],
       [4.7967967e-01, 2.8954301e-02, 4.9136600e-01]], dtype=float32), array([[0.06472088, 0.8584016 , 0.0768774 ],
       [0.533768  , 0.027801  , 0.43843105],
       [0.08825726, 0.8094519 , 0.10229089]], dtype=float32), array([[4.5872155e-01, 1.0328338e-01, 4.3799505e-01],
       [5.5532217e-01, 4.1648583e-04, 4.4426143e-01],
       [4.6767381e-01, 8.8226266e-02, 4.4409990e-01]], dtype=float32), array([[0.4348179 , 0.07092603, 0.49425614],
       [0.3889084 , 0.00065911, 0.61043257],
       [0.42802525, 0.09640807, 0.47556666]], dtype=float32), array([[0.45666534, 0.10544454, 0.43789017],
       [0.54880357, 0.00056366, 0.45063275],
       [0.46460578, 0.09186485, 0.44352937]], dtype=float32), array([[3.9823276e-01, 2.4965743e-02, 5.7680154e-01],
       [2.9091203e-01, 3.7390529e-04, 7.0871413e-01],
       [4.0707803e-01, 4.2924505e-02, 5.4999745e-01]], dtype=float32), array([[0.06942644, 0.8380362 , 0.09253737],
       [0.5643033 , 0.03136997, 0.40432677],
       [0.11455287, 0.7433126 , 0.14213455]], dtype=float32), array([[0.43663308, 0.11155538, 0.45181155],
       [0.46240756, 0.00123666, 0.5363558 ],
       [0.43136913, 0.12354075, 0.44509012]], dtype=float32), array([[0.3538375 , 0.05860237, 0.5875602 ],
       [0.2114306 , 0.00200554, 0.7865639 ],
       [0.37123826, 0.13774687, 0.49101487]], dtype=float32), array([[0.4074553 , 0.08152374, 0.511021  ],
       [0.3251264 , 0.00184998, 0.6730236 ],
       [0.40015978, 0.13214685, 0.46769342]], dtype=float32), array([[4.6336666e-01, 4.0224709e-02, 4.9640864e-01],
       [4.5223930e-01, 5.2134867e-04, 5.4723936e-01],
       [4.6174636e-01, 4.5275804e-02, 4.9297774e-01]], dtype=float32), array([[0.1389412 , 0.727532  , 0.1335268 ],
       [0.45837414, 0.06039565, 0.48123017],
       [0.13022086, 0.7448982 , 0.1248809 ]], dtype=float32), array([[0.43419373, 0.11286055, 0.4529457 ],
       [0.4555571 , 0.00172035, 0.5427225 ],
       [0.42813796, 0.12709099, 0.44477105]], dtype=float32), array([[0.40577373, 0.08292434, 0.51130193],
       [0.32512128, 0.0022034 , 0.6726753 ],
       [0.39874646, 0.13380167, 0.46745187]], dtype=float32), array([[0.3538854 , 0.0622284 , 0.58388615],
       [0.21859993, 0.00265715, 0.7787429 ],
       [0.37016895, 0.14054152, 0.4892895 ]], dtype=float32), array([[0.43328223, 0.11307252, 0.45364532],
       [0.4525966 , 0.00192535, 0.545478  ],
       [0.42691687, 0.12824778, 0.4448354 ]], dtype=float32), array([[0.43279198, 0.11366496, 0.45354304],
       [0.45194086, 0.00204465, 0.54601455],
       [0.42634466, 0.1290897 , 0.4445657 ]], dtype=float32), array([[0.08977359, 0.80357146, 0.10665497],
       [0.50575334, 0.06423135, 0.4300153 ],
       [0.11677837, 0.748085  , 0.1351366 ]], dtype=float32), array([[0.40380684, 0.08670842, 0.50948477],
       [0.3277398 , 0.00290525, 0.669355  ],
       [0.3967116 , 0.13788982, 0.4653986 ]], dtype=float32), array([[0.04687176, 0.8695042 , 0.08362397],
       [0.5923113 , 0.0479002 , 0.3597884 ],
       [0.11419506, 0.72124904, 0.16455586]], dtype=float32), array([[0.42575133, 0.08593979, 0.4883089 ],
       [0.39150342, 0.0023828 , 0.6061138 ],
       [0.41835687, 0.11398956, 0.4676535 ]], dtype=float32), array([[0.35593632, 0.06969264, 0.5743711 ],
       [0.23206235, 0.00400215, 0.7639355 ],
       [0.36920956, 0.14747529, 0.48331508]], dtype=float32), array([[0.4029282 , 0.09168361, 0.50538814],
       [0.33333758, 0.00373177, 0.66293067],
       [0.3953131 , 0.14262374, 0.4620631 ]], dtype=float32), array([[0.05229031, 0.8564937 , 0.09121603],
       [0.5814791 , 0.05493081, 0.36359012],
       [0.12057611, 0.707933  , 0.17149091]], dtype=float32), array([[0.42806667, 0.1227966 , 0.44913664],
       [0.45178598, 0.00349598, 0.5447181 ],
       [0.42135963, 0.1388992 , 0.4397411 ]], dtype=float32), array([[0.40261114, 0.09642776, 0.50096107],
       [0.33915386, 0.00452366, 0.6563225 ],
       [0.39439762, 0.14691049, 0.45869187]], dtype=float32), array([[0.42698425, 0.12569256, 0.44732314],
       [0.45312646, 0.00390702, 0.54296654],
       [0.42034626, 0.14153016, 0.43812355]], dtype=float32), array([[0.40341887, 0.09910582, 0.49747533],
       [0.34434664, 0.0048436 , 0.65080976],
       [0.39470914, 0.1486151 , 0.45667568]], dtype=float32), array([[0.4520063 , 0.05648413, 0.4915096 ],
       [0.44360003, 0.00173052, 0.55466944],
       [0.4494407 , 0.06458171, 0.48597765]], dtype=float32), array([[0.423815  , 0.0975477 , 0.47863737],
       [0.40322515, 0.00383077, 0.5929441 ],
       [0.41586456, 0.12463167, 0.4595037 ]], dtype=float32)]","[array([-1.6138365, -1.6138365, -1.6138365], dtype=float32), array([-1.6480116, -1.6480116, -1.6480116], dtype=float32), array([-1.6840484, -1.6840484, -1.6840484], dtype=float32), array([-1.7222071, -1.7222071, -1.7222071], dtype=float32), array([-1.762725, -1.762725, -1.762725], dtype=float32), array([-1.8043653, -1.8043653, -1.8043653], dtype=float32), array([-1.8459588, -1.8459588, -1.8459588], dtype=float32), array([-1.8879949, -1.8879949, -1.8879949], dtype=float32), array([-1.9309614, -1.9309614, -1.9309614], dtype=float32), array([-1.9740409, -1.9740409, -1.9740409], dtype=float32), array([-2.014696, -2.014696, -2.014696], dtype=float32), array([-2.056503, -2.056503, -2.056503], dtype=float32), array([-2.0979764, -2.0979764, -2.0979764], dtype=float32), array([-2.137013, -2.137013, -2.137013], dtype=float32), array([-2.172739, -2.172739, -2.172739], dtype=float32), array([-2.2059686, -2.2059686, -2.2059686], dtype=float32), array([-2.2344112, -2.2344112, -2.2344112], dtype=float32), array([-2.2565532, -2.2565532, -2.2565532], dtype=float32), array([-2.2741666, -2.2741666, -2.2741666], dtype=float32), array([-2.2869709, -2.2869709, -2.2869709], dtype=float32), array([-2.2942693, -2.2942693, -2.2942693], dtype=float32), array([-2.2946808, -2.2946808, -2.2946808], dtype=float32), array([-2.2893832, -2.2893832, -2.2893832], dtype=float32), array([-2.2801402, -2.2801402, -2.2801402], dtype=float32), array([-2.2678096, -2.2678096, -2.2678096], dtype=float32), array([-2.252548, -2.252548, -2.252548], dtype=float32), array([-2.2351172, -2.2351172, -2.2351172], dtype=float32), array([-2.2167244, -2.2167244, -2.2167244], dtype=float32), array([-2.1974797, -2.1974797, -2.1974797], dtype=float32), array([-2.1769464, -2.1769464, -2.1769464], dtype=float32), array([-2.155373, -2.155373, -2.155373], dtype=float32)]","[array([-1.6138365, -1.6138365, -1.6138365], dtype=float32), array([-1.6480117, -1.6480117, -1.6480117], dtype=float32), array([-1.6840482, -1.6840482, -1.6840482], dtype=float32), array([-1.7222068, -1.7222068, -1.7222068], dtype=float32), array([-1.7627251, -1.7627251, -1.7627251], dtype=float32), array([-1.8043653, -1.8043653, -1.8043653], dtype=float32), array([-1.8459587, -1.8459587, -1.8459587], dtype=float32), array([-1.8879949, -1.8879949, -1.8879949], dtype=float32), array([-1.9309615, -1.9309615, -1.9309615], dtype=float32), array([-1.9740409, -1.9740409, -1.9740409], dtype=float32), array([-2.0146961, -2.0146961, -2.0146961], dtype=float32), array([-2.0565028, -2.0565028, -2.0565028], dtype=float32), array([-2.0979762, -2.0979762, -2.0979762], dtype=float32), array([-2.1370127, -2.1370127, -2.1370127], dtype=float32), array([-2.172739, -2.172739, -2.172739], dtype=float32), array([-2.2059686, -2.2059686, -2.2059686], dtype=float32), array([-2.234411, -2.234411, -2.234411], dtype=float32), array([-2.256553, -2.256553, -2.256553], dtype=float32), array([-2.2741666, -2.2741666, -2.2741666], dtype=float32), array([-2.286971, -2.286971, -2.286971], dtype=float32), array([-2.2942693, -2.2942693, -2.2942693], dtype=float32), array([-2.294681, -2.294681, -2.294681], dtype=float32), array([-2.2893832, -2.2893832, -2.2893832], dtype=float32), array([-2.2801402, -2.2801402, -2.2801402], dtype=float32), array([-2.2678094, -2.2678094, -2.2678094], dtype=float32), array([-2.252548, -2.252548, -2.252548], dtype=float32), array([-2.2351172, -2.2351172, -2.2351172], dtype=float32), array([-2.2167246, -2.2167246, -2.2167246], dtype=float32), array([-2.1974795, -2.1974795, -2.1974795], dtype=float32), array([-2.1769464, -2.1769464, -2.1769464], dtype=float32), array([-2.155373, -2.155373, -2.155373], dtype=float32)]",1,0,0,0,0,0,56.3231343283582,64.60000000000002,22000,6.95,0.0003603173877016358,0.00015833535876380944,2000,22000,6.95,2000,0.3348040221560317,0.33137670159339905,11.0,0.0013802934991,-0.08777010440826416,999.0,0.025356324389576912,30969,55.97694778442383,0.026873312890529633,0.4722185432910919,1.0,81158,0.0,-0.0650821328163147,0.284348726272583,340659,343.5510645151757,11.0,0.0393447157605,0.0013802934991,0.0,999.0,23810,30969,340659,1.0,0.0,343.55012437368237,0,104968,61938,1023000,93000,681318,1031.6901615851546,5941205.908333287,6269359.205705325,10.5,0.00014432621907802215,1.006700047870376,0.17926301789601967,1.006700047870376,7.42,0.0019579169696953614,11.0,100,22100,2.0,6.018104640702168e-05,2,550,50,0.0003438617179590038,2,-10.5,1100,0.00022274949273176728,0.000511500319105379,100,7.42,1100,7.42,100,1.6045357465242014e-05,2.8818088361208034e-05,2.875945120893803e-05,2.2204347106662213e-05,0.00015010937046902972,4.808638467731983e-05,6.840897038934889e-06,7.551326210033523e-06,1.9985403307940073e-05,4.209181645553048e-05,3.3326939172567135e-05,0.05547441222232733,0.006701536738324458,0.05217574319198076,0.1736646559874451,0.029474695730051098,0.016381252707878987,0.00018358213677641537,108066,82.56214904785156,0.02940613590180874,0.4722185730934143,331.0,1.0,-0.06388123333454132,0.2895964,1188726,0.3204657733440399,341.0,-0.06497228145599365,498.0,108066,331.0,0.0,1188726,498.0,341.0,216132,7161000,2377452,651000,11381.026867473443,4.614937740415855e-05,9.827784759155472e-06,2.679861762814667e-05,5.939360314718631e-05,9.190399667571213e-06,4.0386297813290416e-05,3.0477162343893848e-05,0.0002111396917580455,4.0679798991652755e-05,6.74773935988086e-05,2.294705538180844e-05
1,24000,False,12,d1c92_00000,2025-08-17_20-48-09,1755463689,98.56525659561157,1131.155443906784,685852,intrinsic-attention2,10.156.0.3,1131.155443906784,12,94.61801283150756,1.5664175756018247e-05,94.61775317867593,2.6371042483559335,91.63467222215743,0.002027242183614818,2.0,1.0067001111073661,5.047442077386432e-05,2,11.0,12000,9.49,10.5,1000,0.0002599580038804561,2,-10.5,2000,0.00010964473498420228,1.0067001111073661,24000,0.001653854129690444,2.607044586494922,682.4356587370572,2000.0,3000.0,"[array([[0.36892518, 0.04953985, 0.581535  ],
       [0.26643577, 0.00311262, 0.73045164],
       [0.38109604, 0.08900459, 0.52989936]], dtype=float32), array([[0.45210403, 0.06074678, 0.48714915],
       [0.44930416, 0.00209487, 0.548601  ],
       [0.44948387, 0.0684371 , 0.48207903]], dtype=float32), array([[0.46010768, 0.08201667, 0.45787567],
       [0.50245625, 0.00252908, 0.49501464],
       [0.4604916 , 0.08126359, 0.45824474]], dtype=float32), array([[0.42220747, 0.1375111 , 0.44028142],
       [0.45688298, 0.00602469, 0.53709227],
       [0.41574746, 0.15264443, 0.43160805]], dtype=float32), array([[0.3873086 , 0.08772983, 0.52496153],
       [0.3117654 , 0.00685028, 0.6813843 ],
       [0.38545772, 0.1407864 , 0.4737559 ]], dtype=float32), array([[0.40083575, 0.11383662, 0.4853276 ],
       [0.35760286, 0.00824243, 0.63415474],
       [0.39084944, 0.16257387, 0.4465767 ]], dtype=float32), array([[0.42020643, 0.142247  , 0.43754658],
       [0.45795345, 0.00714451, 0.534902  ],
       [0.41381535, 0.15713695, 0.42904776]], dtype=float32), array([[0.36475357, 0.09483967, 0.54040676],
       [0.27257907, 0.00988741, 0.71753347],
       [0.368358  , 0.17017233, 0.46146968]], dtype=float32), array([[0.4006118 , 0.11610946, 0.48327878],
       [0.35986888, 0.00880298, 0.6313281 ],
       [0.39042553, 0.16455796, 0.4450165 ]], dtype=float32), array([[0.44808656, 0.07039806, 0.48151535],
       [0.45116106, 0.00342712, 0.5454118 ],
       [0.44514906, 0.07867722, 0.47617373]], dtype=float32), array([[0.40103304, 0.1173643 , 0.4816026 ],
       [0.36239117, 0.00898763, 0.6286212 ],
       [0.39068532, 0.1651527 , 0.44416195]], dtype=float32), array([[0.40061697, 0.11667827, 0.48270467],
       [0.36051598, 0.00891285, 0.6305712 ],
       [0.39036456, 0.1650397 , 0.44459575]], dtype=float32), array([[0.4773814 , 0.08789296, 0.43472567],
       [0.57186687, 0.00271929, 0.42541382],
       [0.4875864 , 0.07333428, 0.43907937]], dtype=float32), array([[0.41913304, 0.14552191, 0.43534505],
       [0.45983377, 0.00772178, 0.5324445 ],
       [0.4129348 , 0.15982686, 0.42723832]], dtype=float32), array([[0.4013849 , 0.11908976, 0.47952527],
       [0.36513343, 0.00922327, 0.6256433 ],
       [0.3908118 , 0.16630517, 0.4428831 ]], dtype=float32), array([[0.47648975, 0.08943367, 0.4340765 ],
       [0.57177866, 0.00283335, 0.42538798],
       [0.48684376, 0.07462455, 0.43853167]], dtype=float32), array([[0.36648214, 0.0959933 , 0.5375245 ],
       [0.2755755 , 0.00983734, 0.7145872 ],
       [0.3691    , 0.17092335, 0.4599766 ]], dtype=float32), array([[0.40146184, 0.11554842, 0.48298985],
       [0.36033264, 0.00823351, 0.6314338 ],
       [0.39108652, 0.1639544 , 0.44495913]], dtype=float32), array([[0.4485719 , 0.06964422, 0.48178393],
       [0.45095763, 0.00308339, 0.545959  ],
       [0.4456076 , 0.07798473, 0.47640762]], dtype=float32), array([[0.40168566, 0.11531933, 0.48299494],
       [0.36029428, 0.00805344, 0.63165224],
       [0.3912578 , 0.16377331, 0.44496894]], dtype=float32), array([[0.40285376, 0.11687678, 0.48026943],
       [0.36500674, 0.00810333, 0.6268899 ],
       [0.39217544, 0.16391322, 0.4439114 ]], dtype=float32), array([[0.40172055, 0.11572965, 0.48254985],
       [0.3607569 , 0.00809468, 0.63114834],
       [0.39122617, 0.16415235, 0.4446215 ]], dtype=float32), array([[0.40173852, 0.11582447, 0.482437  ],
       [0.36085325, 0.00809205, 0.63105476],
       [0.3912215 , 0.1642551 , 0.4445234 ]], dtype=float32), array([[0.403136  , 0.11700259, 0.4798614 ],
       [0.36556402, 0.00797908, 0.6264569 ],
       [0.39237076, 0.16394722, 0.44368207]], dtype=float32), array([[0.40208998, 0.11468387, 0.4832262 ],
       [0.35989094, 0.00767557, 0.6324335 ],
       [0.39157864, 0.16331072, 0.44511062]], dtype=float32), array([[0.12801665, 0.7278633 , 0.14412   ],
       [0.4806444 , 0.09044515, 0.4289105 ],
       [0.15117389, 0.6813107 , 0.16751537]], dtype=float32), array([[0.4223877 , 0.14000803, 0.43760428],
       [0.46195236, 0.00544927, 0.5325983 ],
       [0.41643214, 0.15360954, 0.4299583 ]], dtype=float32), array([[0.40533456, 0.11073108, 0.48393434],
       [0.3614951 , 0.00601706, 0.63248783],
       [0.39470574, 0.15801793, 0.44727635]], dtype=float32), array([[0.40582958, 0.10914998, 0.48502043],
       [0.3603206 , 0.00560353, 0.6340759 ],
       [0.39525652, 0.15652896, 0.44821447]], dtype=float32), array([[0.4257758 , 0.10431088, 0.46991333],
       [0.41733664, 0.00394298, 0.5787204 ],
       [0.41771904, 0.12858145, 0.45369956]], dtype=float32), array([[0.4041195 , 0.104768  , 0.49111256],
       [0.35014442, 0.00510918, 0.6447465 ],
       [0.39412057, 0.15481699, 0.4510624 ]], dtype=float32)]","[array([-2.131552, -2.131552, -2.131552], dtype=float32), array([-2.10911, -2.10911, -2.10911], dtype=float32), array([-2.0888631, -2.0888631, -2.0888631], dtype=float32), array([-2.0671613, -2.0671613, -2.0671613], dtype=float32), array([-2.0469937, -2.0469937, -2.0469937], dtype=float32), array([-2.0288243, -2.0288243, -2.0288243], dtype=float32), array([-2.0088434, -2.0088434, -2.0088434], dtype=float32), array([-1.987721, -1.987721, -1.987721], dtype=float32), array([-1.9649324, -1.9649324, -1.9649324], dtype=float32), array([-1.9431955, -1.9431955, -1.9431955], dtype=float32), array([-1.9229233, -1.9229233, -1.9229233], dtype=float32), array([-1.9008502, -1.9008502, -1.9008502], dtype=float32), array([-1.8752527, -1.8752527, -1.8752527], dtype=float32), array([-1.8513848, -1.8513848, -1.8513848], dtype=float32), array([-1.8267558, -1.8267558, -1.8267558], dtype=float32), array([-1.7998403, -1.7998403, -1.7998403], dtype=float32), array([-1.7695323, -1.7695323, -1.7695323], dtype=float32), array([-1.7420461, -1.7420461, -1.7420461], dtype=float32), array([-1.712456, -1.712456, -1.712456], dtype=float32), array([-1.6799847, -1.6799847, -1.6799847], dtype=float32), array([-1.6505766, -1.6505766, -1.6505766], dtype=float32), array([-1.621454, -1.621454, -1.621454], dtype=float32), array([-1.5935645, -1.5935645, -1.5935645], dtype=float32), array([-1.5672977, -1.5672977, -1.5672977], dtype=float32), array([-1.5469714, -1.5469714, -1.5469714], dtype=float32), array([-1.5329238, -1.5329238, -1.5329238], dtype=float32), array([-1.5183046, -1.5183046, -1.5183046], dtype=float32), array([-1.5060956, -1.5060956, -1.5060956], dtype=float32), array([-1.4938821, -1.4938821, -1.4938821], dtype=float32), array([-1.4826875, -1.4826875, -1.4826875], dtype=float32), array([-1.4736302, -1.4736302, -1.4736302], dtype=float32)]","[array([-2.131552, -2.131552, -2.131552], dtype=float32), array([-2.10911, -2.10911, -2.10911], dtype=float32), array([-2.0888631, -2.0888631, -2.0888631], dtype=float32), array([-2.067161, -2.067161, -2.067161], dtype=float32), array([-2.0469935, -2.0469935, -2.0469935], dtype=float32), array([-2.028824, -2.028824, -2.028824], dtype=float32), array([-2.008843, -2.008843, -2.008843], dtype=float32), array([-1.9877204, -1.9877204, -1.9877204], dtype=float32), array([-1.964932, -1.964932, -1.964932], dtype=float32), array([-1.9431955, -1.9431955, -1.9431955], dtype=float32), array([-1.9229234, -1.9229234, -1.9229234], dtype=float32), array([-1.9008502, -1.9008502, -1.9008502], dtype=float32), array([-1.8752522, -1.8752522, -1.8752522], dtype=float32), array([-1.8513849, -1.8513849, -1.8513849], dtype=float32), array([-1.8267555, -1.8267555, -1.8267555], dtype=float32), array([-1.7998406, -1.7998406, -1.7998406], dtype=float32), array([-1.7695327, -1.7695327, -1.7695327], dtype=float32), array([-1.7420461, -1.7420461, -1.7420461], dtype=float32), array([-1.712456, -1.712456, -1.712456], dtype=float32), array([-1.6799848, -1.6799848, -1.6799848], dtype=float32), array([-1.6505768, -1.6505768, -1.6505768], dtype=float32), array([-1.621454, -1.621454, -1.621454], dtype=float32), array([-1.5935647, -1.5935647, -1.5935647], dtype=float32), array([-1.5672976, -1.5672976, -1.5672976], dtype=float32), array([-1.5469718, -1.5469718, -1.5469718], dtype=float32), array([-1.532924, -1.532924, -1.532924], dtype=float32), array([-1.5183047, -1.5183047, -1.5183047], dtype=float32), array([-1.5060958, -1.5060958, -1.5060958], dtype=float32), array([-1.4938817, -1.4938817, -1.4938817], dtype=float32), array([-1.4826875, -1.4826875, -1.4826875], dtype=float32), array([-1.4736303, -1.4736303, -1.4736303], dtype=float32)]",1,0,0,0,0,0,56.434751773049655,64.67801418439718,24000,9.49,0.00038998219340808423,0.00016856657610400238,2000,24000,9.49,2000,0.3360260848244644,0.2843727469444275,12.0,0.0013802934991,-0.03459036350250244,999.0,0.012678162194788456,30969,12638.232421875,0.00437666941434145,0.4722185432910919,1.0,81158,0.0,-0.03060040809214115,0.31832486391067505,371628,342.88642976406106,12.0,0.0393447157605,0.0013802934991,0.0,999.0,23810,30969,371628,1.0,0.0,342.88552992195736,0,104968,61938,1116000,93000,743256,1029.6940079712465,5949750.67051567,6280613.978231505,10.5,0.0001501751018551692,1.0067000971034235,0.17932112703713018,1.0067000971034235,8.62,0.0023031444897060284,12.0,100,24100,2.0,6.237389640084458e-05,2,600,50,0.0003423437907536268,2,-10.5,1200,0.0002291792660327968,0.0005232123601831121,100,8.62,1200,8.62,100,1.7388637530041888e-05,3.1140379689629763e-05,3.0297381438986535e-05,2.3502622906697448e-05,0.0001657211980688478,5.269822114630259e-05,7.031401649220699e-06,7.986270825617552e-06,2.1239533355272356e-05,4.6252932838905605e-05,3.489396817605558e-05,0.055891004380158,0.0067397806808714746,0.052534992450094194,0.17406574225758564,0.029479864822739992,0.0163787290008909,0.00018358399543763553,108066,81.705810546875,0.004323709290474653,0.4722185730934143,361.0,1.0,-0.03146017715334892,0.31804776,1296792,0.28391751646995544,372.0,-0.05657327175140381,498.0,108066,361.0,0.0,1296792,498.0,372.0,216132,7812000,2593584,651000,11264.46258762649,4.764016957671534e-05,9.942018157049639e-06,2.7389241132267397e-05,6.134142415365849e-05,9.422001497743131e-06,4.1988316394581384e-05,3.0858674533806464e-05,0.00021350805831220343,4.1753062590946476e-05,7.031044665874053e-05,2.3852309966711008e-05
1,26000,False,13,d1c92_00000,2025-08-17_20-49-43,1755463783,93.97802996635437,1225.1334738731384,685852,intrinsic-attention2,10.156.0.3,1225.1334738731384,13,94.60943547179252,1.5652664032528527e-05,94.6091743509993,2.6472276008722737,91.61351222476584,0.0020252559817804253,2.0,1.0067001111073661,6.54457638153813e-05,2,12.0,13000,8.98,10.5,1000,0.0002599580038804561,2,-10.5,2000,0.0001687715649488662,1.0067001111073661,26000,0.002387164000538178,2.61694287824996,669.6366884583822,2000.0,3000.0,"[array([[0.48384285, 0.0783658 , 0.43779138],
       [0.5816635 , 0.00136019, 0.41697627],
       [0.4946477 , 0.06347388, 0.44187844]], dtype=float32), array([[0.4509966 , 0.0608168 , 0.4881866 ],
       [0.44495583, 0.00180457, 0.5532396 ],
       [0.44814125, 0.0694143 , 0.4824445 ]], dtype=float32), array([[0.36727446, 0.08428846, 0.5484371 ],
       [0.26074016, 0.00585477, 0.73340505],
       [0.37189078, 0.1607654 , 0.4673438 ]], dtype=float32), array([[0.40366095, 0.04901366, 0.54732543],
       [0.32639495, 0.00221086, 0.6713942 ],
       [0.40635306, 0.07485301, 0.5187939 ]], dtype=float32), array([[0.42550316, 0.13337225, 0.44112456],
       [0.46127594, 0.00396567, 0.5347584 ],
       [0.41952845, 0.14704914, 0.43342242]], dtype=float32), array([[0.36642873, 0.08173621, 0.5518351 ],
       [0.2565524 , 0.00533942, 0.7381082 ],
       [0.37198895, 0.15851822, 0.4694928 ]], dtype=float32), array([[0.455208  , 0.05976626, 0.48502564],
       [0.45506987, 0.00156154, 0.5433686 ],
       [0.45272428, 0.06661034, 0.48066545]], dtype=float32), array([[0.36583382, 0.08006889, 0.5540973 ],
       [0.2536729 , 0.00501102, 0.7413161 ],
       [0.3720355 , 0.15710554, 0.470859  ]], dtype=float32), array([[0.4046436 , 0.10004184, 0.49531445],
       [0.3447251 , 0.00425652, 0.65101844],
       [0.39508882, 0.15070088, 0.45421034]], dtype=float32), array([[0.42453247, 0.09567671, 0.47979078],
       [0.39999452, 0.00305223, 0.5969533 ],
       [0.41627523, 0.12388568, 0.45983902]], dtype=float32), array([[0.45635343, 0.0566895 , 0.48695713],
       [0.4539484 , 0.00129488, 0.54475677],
       [0.45395282, 0.0634189 , 0.48262826]], dtype=float32), array([[0.40513024, 0.09631746, 0.4985523 ],
       [0.3405457 , 0.00364611, 0.65580815],
       [0.39595142, 0.14731178, 0.45673686]], dtype=float32), array([[0.42869702, 0.12599573, 0.44530725],
       [0.45933536, 0.00285547, 0.5378092 ],
       [0.4226235 , 0.14000645, 0.43737   ]], dtype=float32), array([[0.40832517, 0.09619683, 0.49547806],
       [0.34734547, 0.00323556, 0.64941895],
       [0.3986878 , 0.14472134, 0.45659086]], dtype=float32), array([[0.40841827, 0.0954622 , 0.49611944],
       [0.3464332 , 0.00312808, 0.6504387 ],
       [0.39884478, 0.14409067, 0.45706466]], dtype=float32), array([[0.42952183, 0.12409502, 0.44638315],
       [0.45875898, 0.00259013, 0.5386509 ],
       [0.4234158 , 0.13820903, 0.43837523]], dtype=float32), array([[0.38723144, 0.06980997, 0.5429587 ],
       [0.2854076 , 0.00277796, 0.71181446],
       [0.38876814, 0.12466446, 0.48656735]], dtype=float32), array([[0.4576552 , 0.05289742, 0.4894473 ],
       [0.45230746, 0.00102722, 0.5466653 ],
       [0.45536804, 0.0594811 , 0.48515075]], dtype=float32), array([[0.3634279 , 0.07334072, 0.56323135],
       [0.24165317, 0.00377305, 0.75457376],
       [0.37230912, 0.15138093, 0.47631   ]], dtype=float32), array([[0.40138248, 0.04179928, 0.55681825],
       [0.3137963 , 0.00142761, 0.68477607],
       [0.40600175, 0.06650953, 0.5274887 ]], dtype=float32), array([[0.4532018 , 0.05517849, 0.49161974],
       [0.44339794, 0.0013112 , 0.5552909 ],
       [0.45058703, 0.06333533, 0.4860776 ]], dtype=float32), array([[0.4021837 , 0.044992  , 0.5528243 ],
       [0.3194752 , 0.00178282, 0.67874205],
       [0.40597123, 0.07019576, 0.523833  ]], dtype=float32), array([[0.4255625 , 0.06108011, 0.5133574 ],
       [0.37701473, 0.00216004, 0.62082523],
       [0.42256555, 0.08279137, 0.49464312]], dtype=float32), array([[0.45230702, 0.05979928, 0.4878937 ],
       [0.44739842, 0.00172439, 0.5508772 ],
       [0.44958708, 0.06784921, 0.48256367]], dtype=float32), array([[0.40514553, 0.10708191, 0.4877726 ],
       [0.35559902, 0.00531697, 0.63908404],
       [0.39477998, 0.15575834, 0.44946173]], dtype=float32), array([[0.17209727, 0.6610759 , 0.16682692],
       [0.44729143, 0.0883304 , 0.4643782 ],
       [0.16442335, 0.6764411 , 0.15913555]], dtype=float32), array([[0.16308197, 0.6661271 , 0.17079091],
       [0.4769173 , 0.07438173, 0.44870102],
       [0.17503668, 0.6422963 , 0.18266703]], dtype=float32), array([[0.4522331 , 0.06663279, 0.48113412],
       [0.4565785 , 0.00240673, 0.54101473],
       [0.449578  , 0.07377692, 0.47664517]], dtype=float32), array([[0.40253416, 0.11254603, 0.48491985],
       [0.35745373, 0.0069577 , 0.6355886 ],
       [0.392044  , 0.16178983, 0.44616616]], dtype=float32), array([[0.40228626, 0.11387754, 0.48383614],
       [0.35876662, 0.00732007, 0.63391334],
       [0.3917282 , 0.16290805, 0.44536385]], dtype=float32), array([[0.42052805, 0.14398274, 0.43548924],
       [0.4621811 , 0.00639793, 0.53142095],
       [0.41455883, 0.15759619, 0.42784494]], dtype=float32)]","[array([-1.4660391, -1.4660391, -1.4660391], dtype=float32), array([-1.4577023, -1.4577023, -1.4577023], dtype=float32), array([-1.4511482, -1.4511482, -1.4511482], dtype=float32), array([-1.4418492, -1.4418492, -1.4418492], dtype=float32), array([-1.4314228, -1.4314228, -1.4314228], dtype=float32), array([-1.421217, -1.421217, -1.421217], dtype=float32), array([-1.4111646, -1.4111646, -1.4111646], dtype=float32), array([-1.4004112, -1.4004112, -1.4004112], dtype=float32), array([-1.3906465, -1.3906465, -1.3906465], dtype=float32), array([-1.380292, -1.380292, -1.380292], dtype=float32), array([-1.370136, -1.370136, -1.370136], dtype=float32), array([-1.3595887, -1.3595887, -1.3595887], dtype=float32), array([-1.349315, -1.349315, -1.349315], dtype=float32), array([-1.3382335, -1.3382335, -1.3382335], dtype=float32), array([-1.3280799, -1.3280799, -1.3280799], dtype=float32), array([-1.3177184, -1.3177184, -1.3177184], dtype=float32), array([-1.3092587, -1.3092587, -1.3092587], dtype=float32), array([-1.3008221, -1.3008221, -1.3008221], dtype=float32), array([-1.2913334, -1.2913334, -1.2913334], dtype=float32), array([-1.2814841, -1.2814841, -1.2814841], dtype=float32), array([-1.2732401, -1.2732401, -1.2732401], dtype=float32), array([-1.2649107, -1.2649107, -1.2649107], dtype=float32), array([-1.255279, -1.255279, -1.255279], dtype=float32), array([-1.2461736, -1.2461736, -1.2461736], dtype=float32), array([-1.2369577, -1.2369577, -1.2369577], dtype=float32), array([-1.226351, -1.226351, -1.226351], dtype=float32), array([-1.2163117, -1.2163117, -1.2163117], dtype=float32), array([-1.2070042, -1.2070042, -1.2070042], dtype=float32), array([-1.1981277, -1.1981277, -1.1981277], dtype=float32), array([-1.1900468, -1.1900468, -1.1900468], dtype=float32), array([-1.1800418, -1.1800418, -1.1800418], dtype=float32)]","[array([-1.4660391, -1.4660391, -1.4660391], dtype=float32), array([-1.4577025, -1.4577025, -1.4577025], dtype=float32), array([-1.4511483, -1.4511483, -1.4511483], dtype=float32), array([-1.441849, -1.441849, -1.441849], dtype=float32), array([-1.4314231, -1.4314231, -1.4314231], dtype=float32), array([-1.4212168, -1.4212168, -1.4212168], dtype=float32), array([-1.4111648, -1.4111648, -1.4111648], dtype=float32), array([-1.4004116, -1.4004116, -1.4004116], dtype=float32), array([-1.3906466, -1.3906466, -1.3906466], dtype=float32), array([-1.3802924, -1.3802924, -1.3802924], dtype=float32), array([-1.3701361, -1.3701361, -1.3701361], dtype=float32), array([-1.3595887, -1.3595887, -1.3595887], dtype=float32), array([-1.349315, -1.349315, -1.349315], dtype=float32), array([-1.3382334, -1.3382334, -1.3382334], dtype=float32), array([-1.3280799, -1.3280799, -1.3280799], dtype=float32), array([-1.3177184, -1.3177184, -1.3177184], dtype=float32), array([-1.3092587, -1.3092587, -1.3092587], dtype=float32), array([-1.300822, -1.300822, -1.300822], dtype=float32), array([-1.2913333, -1.2913333, -1.2913333], dtype=float32), array([-1.2814844, -1.2814844, -1.2814844], dtype=float32), array([-1.2732399, -1.2732399, -1.2732399], dtype=float32), array([-1.2649108, -1.2649108, -1.2649108], dtype=float32), array([-1.2552788, -1.2552788, -1.2552788], dtype=float32), array([-1.2461737, -1.2461737, -1.2461737], dtype=float32), array([-1.2369578, -1.2369578, -1.2369578], dtype=float32), array([-1.2263509, -1.2263509, -1.2263509], dtype=float32), array([-1.2163117, -1.2163117, -1.2163117], dtype=float32), array([-1.2070044, -1.2070044, -1.2070044], dtype=float32), array([-1.1981277, -1.1981277, -1.1981277], dtype=float32), array([-1.1900465, -1.1900465, -1.1900465], dtype=float32), array([-1.1800419, -1.1800419, -1.1800419], dtype=float32)]",1,0,0,0,0,0,56.49925373134329,64.69925373134329,26000,8.98,0.0005570153827166946,0.00024573149812103206,2000,26000,8.98,2000,0.3384746905261433,0.2795105278491974,13.0,0.0013802934991,-0.0337674617767334,999.0,0.006339081097394228,30969,9934.8486328125,0.0030021725688129663,0.4722185432910919,1.0,81158,0.0,-0.019601551815867424,0.3292575180530548,402597,342.6711667186767,13.0,0.0393447157605,0.0013802934991,0.0,999.0,23810,30969,402597,1.0,0.0,342.6703061613905,0,104968,61938,1209000,93000,805194,1029.0473243813015,5972812.549447191,6300587.7988221375,10.5,0.00016301785947941678,1.0067001080061695,0.1794991987868613,1.0067001080061695,9.62,0.00235711180997896,13.0,100,26100,2.0,6.351084814113834e-05,2,650,50,0.00034087249285605256,2,-10.5,1300,0.0002459719981868799,0.0005566685837967246,100,9.62,1300,9.62,100,2.527532998615398e-05,4.54025926059671e-05,4.566732471554897e-05,3.263724836501339e-05,0.00022368963280271242,7.613342117428327e-05,1.0185171232406709e-05,1.0579920416807295e-05,2.8383324601630445e-05,6.706222671377455e-05,5.139502873833568e-05,0.05630869888644378,0.006788883844097154,0.0528772361257169,0.1753607231550076,0.029693711104599622,0.016499671620790485,0.00018378393553637927,108066,82.59814453125,0.00388332805596292,0.4722185730934143,391.0,1.0,-0.02008153684437275,0.3293755,1404858,0.26966917514801025,403.0,-0.04799318313598633,498.0,108066,391.0,0.0,1404858,498.0,403.0,216132,8463000,2809716,651000,11164.895978019953,5.1131582956279646e-05,1.026264119944614e-05,2.864156246962514e-05,6.695819716123328e-05,9.968043495220951e-06,4.468470901537471e-05,3.2514298334354454e-05,0.00022729164153551247,4.456511615121068e-05,7.356802864847667e-05,2.5212057150613874e-05
1,28000,False,14,d1c92_00000,2025-08-17_20-51-16,1755463876,92.86699080467224,1318.0004646778107,685852,intrinsic-attention2,10.156.0.3,1318.0004646778107,14,94.58992074172448,1.56392473294017e-05,94.58965833237929,2.65886412521357,91.58153934060826,0.0020235967319045555,2.0,1.0067001111073661,5.8175242246564975e-05,2,13.0,14000,9.57,10.5,1000,0.0002599580038804561,2,-10.5,2000,0.0017877417620079893,1.0067001111073661,28000,0.0046888873196439815,2.6285790014074246,656.4645949528594,2000.0,3000.0,"[array([[0.36574888, 0.09420765, 0.5400434 ],
       [0.27118468, 0.0090729 , 0.7197424 ],
       [0.36892155, 0.17080614, 0.46027234]], dtype=float32), array([[0.47890258, 0.08866355, 0.43243387],
       [0.580933  , 0.00239384, 0.41667312],
       [0.49078953, 0.07217555, 0.43703488]], dtype=float32), array([[0.42702836, 0.07428683, 0.49868488],
       [0.39825785, 0.00409979, 0.5976424 ],
       [0.42271528, 0.09449535, 0.48278937]], dtype=float32), array([[0.40134364, 0.11735377, 0.4813025 ],
       [0.36173815, 0.00848546, 0.6297764 ],
       [0.39070773, 0.16585286, 0.44343945]], dtype=float32), array([[0.3652265 , 0.09580616, 0.5389674 ],
       [0.27291986, 0.00983979, 0.7172403 ],
       [0.36834055, 0.17207192, 0.4595876 ]], dtype=float32), array([[0.4046876 , 0.05995338, 0.53535897],
       [0.34281752, 0.00422184, 0.65296066],
       [0.4052866 , 0.08644798, 0.50826544]], dtype=float32), array([[0.430506  , 0.07700006, 0.49249396],
       [0.4108934 , 0.0045139 , 0.5845927 ],
       [0.4260581 , 0.09477267, 0.4791692 ]], dtype=float32), array([[0.4191032 , 0.14689796, 0.43399882],
       [0.46245787, 0.00786896, 0.52967316],
       [0.4132673 , 0.16021162, 0.42652115]], dtype=float32), array([[0.39869407, 0.12092431, 0.4803816 ],
       [0.3619874 , 0.01072353, 0.627289  ],
       [0.3884097 , 0.16943045, 0.44215986]], dtype=float32), array([[0.44643822, 0.07965972, 0.47390208],
       [0.45853314, 0.00491067, 0.53655624],
       [0.44353047, 0.08724051, 0.469229  ]], dtype=float32), array([[0.39919147, 0.12747346, 0.4733351 ],
       [0.3721944 , 0.01287194, 0.61493367],
       [0.38858968, 0.17290226, 0.43850803]], dtype=float32), array([[0.41449794, 0.15628915, 0.42921284],
       [0.46189776, 0.0123981 , 0.52570415],
       [0.40875778, 0.16940168, 0.42184055]], dtype=float32), array([[0.46979347, 0.10657184, 0.42363465],
       [0.5773171 , 0.00547128, 0.41721162],
       [0.4831534 , 0.08783709, 0.42900947]], dtype=float32), array([[0.44684944, 0.09177268, 0.46137786],
       [0.4754363 , 0.00742007, 0.5171436 ],
       [0.44488227, 0.09625442, 0.45886332]], dtype=float32), array([[0.4120477 , 0.16125223, 0.4267001 ],
       [0.46119574, 0.01556516, 0.523239  ],
       [0.40637368, 0.17423019, 0.4193961 ]], dtype=float32), array([[0.46738285, 0.11098503, 0.4216321 ],
       [0.5758859 , 0.00649524, 0.4176188 ],
       [0.48100114, 0.09181646, 0.42718238]], dtype=float32), array([[0.36101386, 0.11449898, 0.5244872 ],
       [0.2917234 , 0.02092199, 0.68735456],
       [0.36287618, 0.1866529 , 0.45047095]], dtype=float32), array([[0.3608614 , 0.11485905, 0.5242796 ],
       [0.29219696, 0.02131993, 0.6864831 ],
       [0.3627544 , 0.18671067, 0.45053494]], dtype=float32), array([[0.39606848, 0.1391568 , 0.46477464],
       [0.38142228, 0.02003739, 0.5985403 ],
       [0.38575837, 0.18124446, 0.43299717]], dtype=float32), array([[0.3606269 , 0.11830583, 0.5210672 ],
       [0.29605982, 0.02385361, 0.68008655],
       [0.36214232, 0.18887585, 0.4489818 ]], dtype=float32), array([[0.43741453, 0.09926615, 0.46331933],
       [0.45867115, 0.01073684, 0.530592  ],
       [0.43413094, 0.10759716, 0.45827186]], dtype=float32), array([[0.3602294 , 0.12077039, 0.51900023],
       [0.29857028, 0.02593482, 0.6754949 ],
       [0.36159176, 0.19036496, 0.44804335]], dtype=float32), array([[0.4026601 , 0.09047645, 0.5068635 ],
       [0.3713899 , 0.01417212, 0.61443806],
       [0.39965224, 0.11802523, 0.4823225 ]], dtype=float32), array([[0.3588615 , 0.12424006, 0.5168985 ],
       [0.30006838, 0.02892506, 0.6710065 ],
       [0.3602831 , 0.19364522, 0.44607168]], dtype=float32), array([[0.35955068, 0.12610534, 0.514344  ],
       [0.30347   , 0.03040515, 0.6661249 ],
       [0.36049303, 0.19400664, 0.44550037]], dtype=float32), array([[0.4074779 , 0.17040354, 0.42211863],
       [0.45880806, 0.02509728, 0.5160946 ],
       [0.4021601 , 0.18261708, 0.41522282]], dtype=float32), array([[0.38653082, 0.14729904, 0.46617022],
       [0.37074918, 0.03175115, 0.59749967],
       [0.37746528, 0.19221611, 0.43031856]], dtype=float32), array([[0.38547808, 0.15037236, 0.4641496 ],
       [0.3716891 , 0.03461784, 0.593693  ],
       [0.37646708, 0.1948135 , 0.42871943]], dtype=float32), array([[0.39083916, 0.15874259, 0.45041823],
       [0.39256865, 0.03630253, 0.5711288 ],
       [0.3811474 , 0.195429  , 0.4234236 ]], dtype=float32), array([[0.40277436, 0.18040553, 0.4168201 ],
       [0.4560987 , 0.03496402, 0.50893724],
       [0.39769253, 0.19206758, 0.41023988]], dtype=float32), array([[0.38935027, 0.16424623, 0.44640353],
       [0.3946949 , 0.04162667, 0.5636784 ],
       [0.37982613, 0.19958252, 0.4205914 ]], dtype=float32)]","[array([-1.1717802, -1.1717802, -1.1717802], dtype=float32), array([-1.1639954, -1.1639954, -1.1639954], dtype=float32), array([-1.1574336, -1.1574336, -1.1574336], dtype=float32), array([-1.1526691, -1.1526691, -1.1526691], dtype=float32), array([-1.1483029, -1.1483029, -1.1483029], dtype=float32), array([-1.1427826, -1.1427826, -1.1427826], dtype=float32), array([-1.1378728, -1.1378728, -1.1378728], dtype=float32), array([-1.1338909, -1.1338909, -1.1338909], dtype=float32), array([-1.1295512, -1.1295512, -1.1295512], dtype=float32), array([-1.1266322, -1.1266322, -1.1266322], dtype=float32), array([-1.1247224, -1.1247224, -1.1247224], dtype=float32), array([-1.1240451, -1.1240451, -1.1240451], dtype=float32), array([-1.1235038, -1.1235038, -1.1235038], dtype=float32), array([-1.1233687, -1.1233687, -1.1233687], dtype=float32), array([-1.1207614, -1.1207614, -1.1207614], dtype=float32), array([-1.1173377, -1.1173377, -1.1173377], dtype=float32), array([-1.1147071, -1.1147071, -1.1147071], dtype=float32), array([-1.1128073, -1.1128073, -1.1128073], dtype=float32), array([-1.1111906, -1.1111906, -1.1111906], dtype=float32), array([-1.1104321, -1.1104321, -1.1104321], dtype=float32), array([-1.1100609, -1.1100609, -1.1100609], dtype=float32), array([-1.1097001, -1.1097001, -1.1097001], dtype=float32), array([-1.1088921, -1.1088921, -1.1088921], dtype=float32), array([-1.1083115, -1.1083115, -1.1083115], dtype=float32), array([-1.1080812, -1.1080812, -1.1080812], dtype=float32), array([-1.1084063, -1.1084063, -1.1084063], dtype=float32), array([-1.1088481, -1.1088481, -1.1088481], dtype=float32), array([-1.1093678, -1.1093678, -1.1093678], dtype=float32), array([-1.110477, -1.110477, -1.110477], dtype=float32), array([-1.111513, -1.111513, -1.111513], dtype=float32), array([-1.1134057, -1.1134057, -1.1134057], dtype=float32)]","[array([-1.1717801, -1.1717801, -1.1717801], dtype=float32), array([-1.1639955, -1.1639955, -1.1639955], dtype=float32), array([-1.1574336, -1.1574336, -1.1574336], dtype=float32), array([-1.1526692, -1.1526692, -1.1526692], dtype=float32), array([-1.1483028, -1.1483028, -1.1483028], dtype=float32), array([-1.1427823, -1.1427823, -1.1427823], dtype=float32), array([-1.1378727, -1.1378727, -1.1378727], dtype=float32), array([-1.1338909, -1.1338909, -1.1338909], dtype=float32), array([-1.1295512, -1.1295512, -1.1295512], dtype=float32), array([-1.1266325, -1.1266325, -1.1266325], dtype=float32), array([-1.1247225, -1.1247225, -1.1247225], dtype=float32), array([-1.1240453, -1.1240453, -1.1240453], dtype=float32), array([-1.1235038, -1.1235038, -1.1235038], dtype=float32), array([-1.1233684, -1.1233684, -1.1233684], dtype=float32), array([-1.1207616, -1.1207616, -1.1207616], dtype=float32), array([-1.1173375, -1.1173375, -1.1173375], dtype=float32), array([-1.1147071, -1.1147071, -1.1147071], dtype=float32), array([-1.1128073, -1.1128073, -1.1128073], dtype=float32), array([-1.1111908, -1.1111908, -1.1111908], dtype=float32), array([-1.1104325, -1.1104325, -1.1104325], dtype=float32), array([-1.1100608, -1.1100608, -1.1100608], dtype=float32), array([-1.1097002, -1.1097002, -1.1097002], dtype=float32), array([-1.1088923, -1.1088923, -1.1088923], dtype=float32), array([-1.1083115, -1.1083115, -1.1083115], dtype=float32), array([-1.1080811, -1.1080811, -1.1080811], dtype=float32), array([-1.1084062, -1.1084062, -1.1084062], dtype=float32), array([-1.1088483, -1.1088483, -1.1088483], dtype=float32), array([-1.1093676, -1.1093676, -1.1093676], dtype=float32), array([-1.1104766, -1.1104766, -1.1104766], dtype=float32), array([-1.111513, -1.111513, -1.111513], dtype=float32), array([-1.1134053, -1.1134053, -1.1134053], dtype=float32)]",1,0,0,0,0,0,56.172180451127815,64.69924812030075,28000,9.57,0.0004656917142362167,0.00020334781355071095,2000,28000,9.57,2000,0.33931169912092074,0.26921868324279785,14.0,0.0013802934991,-0.020695209503173828,999.0,0.003169540548697114,30969,8247.23828125,0.003154131816700101,0.4722185432910919,1.0,81158,0.0,-0.030407585203647614,0.31844761967658997,433566,342.67842635322506,14.0,0.0393447157605,0.0013802934991,0.0,999.0,23810,30969,433566,1.0,0.0,342.67760676022937,0,104968,61938,1302000,93000,867132,1029.0688800397334,5988983.495512694,6317846.774170153,10.5,0.00015869224739753935,1.0067001104206028,0.1796143312189482,1.0067001104206028,9.42,0.002387085479567759,14.0,100,28100,2.0,6.392986630224504e-05,2,700,50,0.0003393821979892701,2,-10.5,1400,0.00024193674399971432,0.0005502716456244929,100,9.42,1400,9.42,100,2.1422099161040526e-05,3.723680795688037e-05,3.779117386581427e-05,2.769520035637438e-05,0.00019112621448783072,6.360093558698636e-05,8.51357320005529e-06,9.287299892877537e-06,2.5017866110032755e-05,5.4352120089171806e-05,4.251312338614222e-05,0.056368020287624505,0.006825125745729925,0.053202361354446184,0.17577801742337898,0.029675955533507777,0.01651154273445115,0.0001838515462254481,108066,81.99556732177734,0.002519461791962385,0.4722185730934143,421.0,1.0,-0.019463354721665382,0.32978,1512924,0.2661041021347046,434.0,-0.07222378253936768,498.0,108066,421.0,0.0,1512924,498.0,434.0,216132,9114000,3025848,651000,11075.248629223126,4.9756878463823815e-05,1.0232994709526193e-05,2.8734965884528713e-05,6.55184918477421e-05,9.858723206246692e-06,4.418562722843461e-05,3.235676372481489e-05,0.0002256766710451412,4.429088515367928e-05,7.30126303675742e-05,2.4917240690343513e-05
1,30000,False,15,d1c92_00000,2025-08-17_20-52-55,1755463975,98.74637126922607,1416.7468359470367,685852,intrinsic-attention2,10.156.0.3,1416.7468359470367,15,94.62941096697729,1.5627624730276244e-05,94.62914728739541,2.669260431841408,91.60821110829214,0.002022923344567958,2.0,1.0067001111073661,5.317209756526767e-05,2,14.0,15000,9.76,10.5,1000,0.0002599580038804561,2,-10.5,2000,0.00011966439059938407,1.0067001111073661,30000,0.0020118832899606786,2.6389753248432837,642.9894904502718,2000.0,3000.0,"[array([[0.38284758, 0.16776921, 0.44938323],
       [0.3807746 , 0.0465799 , 0.57264555],
       [0.3731223 , 0.20949058, 0.41738713]], dtype=float32), array([[0.4381701 , 0.13397901, 0.4278509 ],
       [0.5031867 , 0.02364219, 0.47317111],
       [0.44049478, 0.1297102 , 0.42979503]], dtype=float32), array([[0.35802805, 0.14526223, 0.49670967],
       [0.3189984 , 0.04835433, 0.6326473 ],
       [0.3573219 , 0.20724446, 0.43543363]], dtype=float32), array([[0.38498753, 0.15103357, 0.46397886],
       [0.37207383, 0.03640388, 0.59152234],
       [0.3762349 , 0.19470465, 0.4290605 ]], dtype=float32), array([[0.35897985, 0.1173587 , 0.52366143],
       [0.29653555, 0.02564141, 0.67782307],
       [0.36156923, 0.18522334, 0.45320746]], dtype=float32), array([[0.34211773, 0.10333802, 0.5545442 ],
       [0.25403106, 0.01873655, 0.72723246],
       [0.35435736, 0.18903919, 0.4566034 ]], dtype=float32), array([[0.45131034, 0.08455569, 0.46413392],
       [0.47823948, 0.00430002, 0.5174606 ],
       [0.44950673, 0.08860689, 0.46188635]], dtype=float32), array([[0.42921442, 0.12452705, 0.44625852],
       [0.46236065, 0.0052248 , 0.53241456],
       [0.4241422 , 0.13628803, 0.43956977]], dtype=float32), array([[0.4524983 , 0.06803414, 0.4794676 ],
       [0.45809302, 0.0021315 , 0.5397755 ],
       [0.4497687 , 0.07519974, 0.4750316 ]], dtype=float32), array([[0.45845434, 0.06411945, 0.47742617],
       [0.46968567, 0.00149016, 0.52882415],
       [0.45642912, 0.06901776, 0.4745531 ]], dtype=float32), array([[0.34947136, 0.05814157, 0.59238714],
       [0.21875127, 0.00292853, 0.7783202 ],
       [0.36872518, 0.12876317, 0.50251174]], dtype=float32), array([[4.9307105e-01, 7.4377045e-02, 4.3255195e-01],
       [6.1872858e-01, 5.5613124e-04, 3.8071525e-01],
       [5.0973934e-01, 5.3932294e-02, 4.3632832e-01]], dtype=float32), array([[0.40588346, 0.06544352, 0.528673  ],
       [0.31196636, 0.0013436 , 0.68669003],
       [0.4032764 , 0.10988421, 0.4868394 ]], dtype=float32), array([[4.3625328e-01, 2.9663214e-02, 5.3408355e-01],
       [3.7042192e-01, 3.2434618e-04, 6.2925375e-01],
       [4.3691254e-01, 4.1222353e-02, 5.2186513e-01]], dtype=float32), array([[4.6404240e-01, 4.1579351e-02, 4.9437824e-01],
       [4.5147046e-01, 2.7620708e-04, 5.4825330e-01],
       [4.6213871e-01, 4.7200065e-02, 4.9066120e-01]], dtype=float32), array([[5.0409418e-01, 5.8159743e-02, 4.3774599e-01],
       [6.3366789e-01, 1.4369391e-04, 3.6618847e-01],
       [5.2019531e-01, 3.9940156e-02, 4.3986455e-01]], dtype=float32), array([[4.0665901e-01, 5.0592076e-02, 5.4274893e-01],
       [2.9146507e-01, 4.8024260e-04, 7.0805466e-01],
       [4.0735677e-01, 9.2244141e-02, 5.0039905e-01]], dtype=float32), array([[3.9506304e-01, 2.4510350e-02, 5.8042657e-01],
       [2.7020836e-01, 2.0634347e-04, 7.2958535e-01],
       [4.0575337e-01, 4.6263844e-02, 5.4798287e-01]], dtype=float32), array([[4.0721360e-01, 4.9858954e-02, 5.4292744e-01],
       [2.9205728e-01, 4.5701864e-04, 7.0748568e-01],
       [4.0799114e-01, 9.0761498e-02, 5.0124735e-01]], dtype=float32), array([[3.3443332e-01, 3.4198318e-02, 6.3136840e-01],
       [1.6996089e-01, 5.7532801e-04, 8.2946378e-01],
       [3.6856773e-01, 9.7428858e-02, 5.3400344e-01]], dtype=float32), array([[3.9708635e-01, 2.7763624e-02, 5.7515001e-01],
       [2.7889818e-01, 3.0493166e-04, 7.2079688e-01],
       [4.0634298e-01, 5.0693806e-02, 5.4296321e-01]], dtype=float32), array([[0.40548742, 0.05642884, 0.5380838 ],
       [0.30047944, 0.00083828, 0.6986823 ],
       [0.4051447 , 0.09879301, 0.4960623 ]], dtype=float32), array([[4.0079635e-01, 3.5408016e-02, 5.6379563e-01],
       [2.9695532e-01, 6.5162912e-04, 7.0239300e-01],
       [4.0714931e-01, 6.0481507e-02, 5.3236926e-01]], dtype=float32), array([[0.36948237, 0.0691992 , 0.56131846],
       [0.23815808, 0.00228682, 0.75955504],
       [0.37656093, 0.14805426, 0.4753848 ]], dtype=float32), array([[0.40388507, 0.06502119, 0.5310938 ],
       [0.3113482 , 0.0015859 , 0.6870659 ],
       [0.40210155, 0.10863546, 0.489263  ]], dtype=float32), array([[0.4031717 , 0.06783836, 0.52899   ],
       [0.31409934, 0.00190218, 0.68399847],
       [0.4009876 , 0.11198169, 0.48703074]], dtype=float32), array([[0.4523827 , 0.03992628, 0.50769097],
       [0.4248681 , 0.00074529, 0.5743866 ],
       [0.4507155 , 0.04791948, 0.50136495]], dtype=float32), array([[0.36997324, 0.07907756, 0.5509492 ],
       [0.25229812, 0.00382244, 0.74387944],
       [0.3742976 , 0.15839714, 0.46730527]], dtype=float32), array([[0.4370691 , 0.10658846, 0.45634243],
       [0.46017143, 0.00297967, 0.53684884],
       [0.4323295 , 0.11780578, 0.4498647 ]], dtype=float32), array([[0.31015956, 0.07344767, 0.6163928 ],
       [0.18519764, 0.00846492, 0.8063374 ],
       [0.34648222, 0.17975575, 0.4737621 ]], dtype=float32), array([[0.40530336, 0.06440385, 0.5302928 ],
       [0.3426969 , 0.00414992, 0.6531532 ],
       [0.4048781 , 0.09371851, 0.5014034 ]], dtype=float32)]","[array([-1.1157922, -1.1157922, -1.1157922], dtype=float32), array([-1.1179578, -1.1179578, -1.1179578], dtype=float32), array([-1.119919, -1.119919, -1.119919], dtype=float32), array([-1.1217325, -1.1217325, -1.1217325], dtype=float32), array([-1.1248568, -1.1248568, -1.1248568], dtype=float32), array([-1.1276006, -1.1276006, -1.1276006], dtype=float32), array([nan, nan, nan], dtype=float32), array([-1.1354567, -1.1354567, -1.1354567], dtype=float32), array([-1.1384003, -1.1384003, -1.1384003], dtype=float32), array([-1.1399175, -1.1399175, -1.1399175], dtype=float32), array([-1.1411809, -1.1411809, -1.1411809], dtype=float32), array([-1.1416233, -1.1416233, -1.1416233], dtype=float32), array([-1.1426152, -1.1426152, -1.1426152], dtype=float32), array([-1.1433095, -1.1433095, -1.1433095], dtype=float32), array([-1.144626, -1.144626, -1.144626], dtype=float32), array([-1.1456887, -1.1456887, -1.1456887], dtype=float32), array([-1.1454319, -1.1454319, -1.1454319], dtype=float32), array([-1.1448072, -1.1448072, -1.1448072], dtype=float32), array([-1.1450465, -1.1450465, -1.1450465], dtype=float32), array([-1.1449211, -1.1449211, -1.1449211], dtype=float32), array([nan, nan, nan], dtype=float32), array([-1.145386, -1.145386, -1.145386], dtype=float32), array([-1.1456795, -1.1456795, -1.1456795], dtype=float32), array([-1.1449885, -1.1449885, -1.1449885], dtype=float32), array([-1.1455069, -1.1455069, -1.1455069], dtype=float32), array([-1.1469231, -1.1469231, -1.1469231], dtype=float32), array([-1.1483715, -1.1483715, -1.1483715], dtype=float32), array([-1.1497667, -1.1497667, -1.1497667], dtype=float32), array([-1.1510755, -1.1510755, -1.1510755], dtype=float32), array([-1.1515872, -1.1515872, -1.1515872], dtype=float32), array([-1.1524781, -1.1524781, -1.1524781], dtype=float32)]","[array([-1.1157922, -1.1157922, -1.1157922], dtype=float32), array([-1.117958, -1.117958, -1.117958], dtype=float32), array([-1.1199188, -1.1199188, -1.1199188], dtype=float32), array([-1.1217325, -1.1217325, -1.1217325], dtype=float32), array([-1.1248567, -1.1248567, -1.1248567], dtype=float32), array([-1.1276007, -1.1276007, -1.1276007], dtype=float32), array([-1.1317961, -1.1317961, -1.1317961], dtype=float32), array([-1.1354569, -1.1354569, -1.1354569], dtype=float32), array([-1.1384002, -1.1384002, -1.1384002], dtype=float32), array([-1.1399175, -1.1399175, -1.1399175], dtype=float32), array([-1.141181, -1.141181, -1.141181], dtype=float32), array([-1.1416235, -1.1416235, -1.1416235], dtype=float32), array([-1.1426153, -1.1426153, -1.1426153], dtype=float32), array([-1.1433095, -1.1433095, -1.1433095], dtype=float32), array([-1.144626, -1.144626, -1.144626], dtype=float32), array([-1.1456888, -1.1456888, -1.1456888], dtype=float32), array([-1.1454318, -1.1454318, -1.1454318], dtype=float32), array([-1.1448073, -1.1448073, -1.1448073], dtype=float32), array([-1.1450464, -1.1450464, -1.1450464], dtype=float32), array([-1.1449211, -1.1449211, -1.1449211], dtype=float32), array([-1.1454593, -1.1454593, -1.1454593], dtype=float32), array([-1.1453859, -1.1453859, -1.1453859], dtype=float32), array([-1.1456795, -1.1456795, -1.1456795], dtype=float32), array([-1.1449889, -1.1449889, -1.1449889], dtype=float32), array([-1.1455069, -1.1455069, -1.1455069], dtype=float32), array([-1.1469231, -1.1469231, -1.1469231], dtype=float32), array([-1.1483716, -1.1483716, -1.1483716], dtype=float32), array([-1.1497668, -1.1497668, -1.1497668], dtype=float32), array([-1.1510755, -1.1510755, -1.1510755], dtype=float32), array([-1.1515874, -1.1515874, -1.1515874], dtype=float32), array([-1.1524781, -1.1524781, -1.1524781], dtype=float32)]",1,0,0,0,0,0,56.55460992907802,64.70992907801417,30000,9.76,0.0004217924145161994,0.0001841979952343504,2000,30000,9.76,2000,0.34174156845973364,0.23492513597011566,15.0,0.0013802934991,-1.0,999.0,0.001584770274348557,30969,5679.3330078125,0.003062800969928503,0.4722185432910919,1.0,81158,0.0,-0.010647129267454147,0.338245153427124,464535,342.1454490670102,15.0,0.0393447157605,0.0013802934991,0.0,999.0,23810,30969,464535,1.0,0.0,342.1446664060108,0,104968,61938,1395000,93000,929070,1027.4681222177958,6003171.4104431,6332872.64493094,10.5,0.0001555585275471039,1.0067001109552822,0.17971291533680314,1.0067001109552822,9.62,0.002333922319958219,15.0,100,30100,2.0,6.479616523625829e-05,2,750,50,0.0003386838659752223,2,-9.5,1500,0.00023955783908937765,0.0005470479610642221,100,9.62,1500,9.62,100,1.9300290491328798e-05,3.354504003743011e-05,3.411191501223866e-05,2.578935170725608e-05,0.00017375338537480438,5.657076879063089e-05,7.74955844274281e-06,8.519886030192257e-06,2.2976820182926846e-05,4.888482792134965e-05,3.8794139945507685e-05,0.05634470830470222,0.0068220268982247595,0.053199322130868074,0.1757966491791861,0.029665308558242738,0.018958871797184543,0.00018378931073210166,108066,81.53475952148438,0.0031618447974324226,0.4722185730934143,451.0,1.0,-0.009142491035163403,0.34024447,1620990,0.23662815988063812,465.0,-0.04767441749572754,498.0,108066,451.0,0.0,1620990,498.0,465.0,216132,9765000,3241980,651000,10980.54939856441,4.9038721446266795e-05,1.0259692575957599e-05,2.8390477379584055e-05,6.518747416665344e-05,9.590796299831226e-06,4.3894540916229665e-05,3.220376408287439e-05,0.00022545174034877685,4.325099398052684e-05,7.218722197836756e-05,2.505661478901594e-05
1,32000,False,16,d1c92_00000,2025-08-17_20-54-29,1755464069,93.72950077056885,1510.4763367176056,685852,intrinsic-attention2,10.156.0.3,1510.4763367176056,16,94.61836511252758,1.562662847791573e-05,94.6180995760714,2.6704091237729655,91.5960529712992,0.0020234140110346435,2.0,1.0067001111073661,4.968872586787554e-05,2,15.0,16000,10.01,10.5,1000,0.0002599580038804561,2,9.5,2000,0.00010770692712026011,1.0067001111073661,32000,0.001708045249688439,2.640134244274837,629.271812218706,2000.0,3000.0,"[array([[0.42938066, 0.12296875, 0.4476506 ],
       [0.46158066, 0.00656887, 0.53185046],
       [0.4245208 , 0.13436823, 0.441111  ]], dtype=float32), array([[0.4676016 , 0.11146738, 0.42093104],
       [0.5903134 , 0.00359468, 0.40609196],
       [0.48431215, 0.08822751, 0.4274603 ]], dtype=float32), array([[0.4661609 , 0.11337522, 0.42046398],
       [0.58831775, 0.0038775 , 0.40780476],
       [0.48269185, 0.09021933, 0.42708883]], dtype=float32), array([[0.46548212, 0.11422519, 0.42029262],
       [0.587383  , 0.00398934, 0.40862763],
       [0.48191988, 0.09111533, 0.42696476]], dtype=float32), array([[0.39741123, 0.09784768, 0.5047411 ],
       [0.34529817, 0.00878434, 0.6459174 ],
       [0.39192164, 0.14212278, 0.46595556]], dtype=float32), array([[0.4048027 , 0.08677913, 0.50841826],
       [0.34594053, 0.00492004, 0.6491394 ],
       [0.3993931 , 0.12791789, 0.47268903]], dtype=float32), array([[0.35663486, 0.07821386, 0.5651513 ],
       [0.23410535, 0.00480785, 0.7610869 ],
       [0.3670866 , 0.1651621 , 0.4677513 ]], dtype=float32), array([[0.4581062 , 0.04997265, 0.49192107],
       [0.44695643, 0.00061333, 0.55243015],
       [0.45567837, 0.05721471, 0.4871069 ]], dtype=float32), array([[3.9280260e-01, 2.5888253e-02, 5.8130920e-01],
       [2.6997730e-01, 2.7238493e-04, 7.2975028e-01],
       [4.0368056e-01, 4.8593760e-02, 5.4772574e-01]], dtype=float32), array([[2.5753683e-01, 2.3819938e-02, 7.1864331e-01],
       [8.4983088e-02, 3.4308099e-04, 9.1467381e-01],
       [3.4291714e-01, 1.2233480e-01, 5.3474808e-01]], dtype=float32), array([[2.98889488e-01, 1.56413652e-02, 6.85469151e-01],
       [1.11022085e-01, 6.82817263e-05, 8.88909638e-01],
       [3.57655615e-01, 6.53431863e-02, 5.77001214e-01]], dtype=float32), array([[5.3337657e-01, 2.4356578e-02, 4.4226673e-01],
       [6.8734193e-01, 1.5857051e-06, 3.1265655e-01],
       [5.4807627e-01, 1.3729906e-02, 4.3819374e-01]], dtype=float32), array([[2.6266596e-01, 5.4243100e-03, 7.3190975e-01],
       [6.2030993e-02, 2.1207813e-06, 9.3796682e-01],
       [3.4546381e-01, 3.8714033e-02, 6.1582214e-01]], dtype=float32), array([[3.6456835e-01, 6.9100461e-03, 6.2852156e-01],
       [1.4071733e-01, 2.6722998e-07, 8.5928243e-01],
       [3.9741442e-01, 2.6680408e-02, 5.7590520e-01]], dtype=float32), array([[3.5183799e-01, 4.1545839e-03, 6.4400744e-01],
       [1.1335077e-01, 3.1259315e-08, 8.8664925e-01],
       [3.9179310e-01, 1.9770650e-02, 5.8843625e-01]], dtype=float32), array([[4.6672374e-01, 1.7492829e-03, 5.3152698e-01],
       [3.8460171e-01, 6.5061839e-10, 6.1539823e-01],
       [4.6835428e-01, 2.4663492e-03, 5.2917933e-01]], dtype=float32), array([[3.4257802e-01, 2.8442668e-03, 6.5457773e-01],
       [9.5209576e-02, 5.5312515e-09, 9.0479046e-01],
       [3.8765168e-01, 1.6007304e-02, 5.9634101e-01]], dtype=float32), array([[3.8506499e-01, 4.2758300e-03, 6.1065918e-01],
       [1.4984997e-01, 6.5834977e-09, 8.5015005e-01],
       [4.1128236e-01, 1.6338078e-02, 5.7237965e-01]], dtype=float32), array([[3.9146161e-01, 5.5001434e-03, 6.0303825e-01],
       [1.6479149e-01, 1.8171471e-08, 8.3520854e-01],
       [4.1465876e-01, 1.9168137e-02, 5.6617314e-01]], dtype=float32), array([[4.2876872e-01, 2.4509961e-03, 5.6878024e-01],
       [2.7616140e-01, 6.2081456e-09, 7.2383863e-01],
       [4.3681127e-01, 4.9336776e-03, 5.5825502e-01]], dtype=float32), array([[5.3793687e-01, 8.1425281e-03, 4.5392063e-01],
       [6.8282324e-01, 4.1366524e-09, 3.1717670e-01],
       [5.4585677e-01, 4.5483201e-03, 4.4959491e-01]], dtype=float32), array([[5.3478122e-01, 8.8140378e-03, 4.5640472e-01],
       [6.7159712e-01, 5.9991683e-09, 3.2840294e-01],
       [5.4208380e-01, 5.1190499e-03, 4.5279714e-01]], dtype=float32), array([[4.7164938e-01, 1.6295111e-02, 5.1205552e-01],
       [4.0492296e-01, 5.7773736e-08, 5.9507692e-01],
       [4.7071287e-01, 2.2013905e-02, 5.0727326e-01]], dtype=float32), array([[4.7011676e-01, 5.7397871e-03, 5.2414346e-01],
       [4.0000743e-01, 2.9597285e-08, 5.9999257e-01],
       [4.7098482e-01, 7.7362503e-03, 5.2127892e-01]], dtype=float32), array([[4.7036475e-01, 6.7181573e-03, 5.2291709e-01],
       [4.0256524e-01, 5.3340756e-08, 5.9743470e-01],
       [4.7107235e-01, 8.9817103e-03, 5.1994598e-01]], dtype=float32), array([[4.7027498e-01, 2.1185944e-02, 5.0853908e-01],
       [4.1118422e-01, 2.7172914e-07, 5.8881545e-01],
       [4.6873832e-01, 2.7963841e-02, 5.0329792e-01]], dtype=float32), array([[5.2029818e-01, 1.6201459e-02, 4.6350044e-01],
       [6.2582135e-01, 1.2373411e-07, 3.7417856e-01],
       [5.2632177e-01, 1.0999775e-02, 4.6267843e-01]], dtype=float32), array([[5.17813802e-01, 1.84137821e-02, 4.63772476e-01],
       [6.19538367e-01, 2.40968490e-07, 3.80461425e-01],
       [5.23855805e-01, 1.27729755e-02, 4.63371247e-01]], dtype=float32), array([[3.9522579e-01, 4.9839630e-03, 5.9979028e-01],
       [2.2273307e-01, 4.5401882e-07, 7.7726650e-01],
       [4.1140106e-01, 1.1929592e-02, 5.7666934e-01]], dtype=float32), array([[3.8013130e-01, 1.3003196e-02, 6.0686547e-01],
       [1.7397435e-01, 2.2865295e-06, 8.2602340e-01],
       [4.0414262e-01, 4.1114908e-02, 5.5474252e-01]], dtype=float32), array([[4.7033080e-01, 1.4067181e-02, 5.1560205e-01],
       [4.1592267e-01, 9.7201837e-07, 5.8407634e-01],
       [4.7003922e-01, 1.8008756e-02, 5.1195198e-01]], dtype=float32)]","[array([-1.154647, -1.154647, -1.154647], dtype=float32), array([-1.1535697, -1.1535697, -1.1535697], dtype=float32), array([-1.1515272, -1.1515272, -1.1515272], dtype=float32), array([-1.1516808, -1.1516808, -1.1516808], dtype=float32), array([-1.152121, -1.152121, -1.152121], dtype=float32), array([-1.1433222, -1.1433222, -1.1433222], dtype=float32), array([-1.1358429, -1.1358429, -1.1358429], dtype=float32), array([-1.1251493, -1.1251493, -1.1251493], dtype=float32), array([-1.111777, -1.111777, -1.111777], dtype=float32), array([nan, nan, nan], dtype=float32), array([-1.0764924, -1.0764924, -1.0764924], dtype=float32), array([-1.0546893, -1.0546893, -1.0546893], dtype=float32), array([-1.031977, -1.031977, -1.031977], dtype=float32), array([-1.0084106, -1.0084106, -1.0084106], dtype=float32), array([-0.991005, -0.991005, -0.991005], dtype=float32), array([-0.9707527, -0.9707527, -0.9707527], dtype=float32), array([-0.9429202, -0.9429202, -0.9429202], dtype=float32), array([-0.9162807, -0.9162807, -0.9162807], dtype=float32), array([-0.8864348, -0.8864348, -0.8864348], dtype=float32), array([-0.8558966, -0.8558966, -0.8558966], dtype=float32), array([-0.8260244, -0.8260244, -0.8260244], dtype=float32), array([-0.8009345, -0.8009345, -0.8009345], dtype=float32), array([-0.77513415, -0.77513415, -0.77513415], dtype=float32), array([-0.74907887, -0.74907887, -0.74907887], dtype=float32), array([-0.7224733, -0.7224733, -0.7224733], dtype=float32), array([-0.69515145, -0.69515145, -0.69515145], dtype=float32), array([nan, nan, nan], dtype=float32), array([-0.63909906, -0.63909906, -0.63909906], dtype=float32), array([-0.6128735, -0.6128735, -0.6128735], dtype=float32), array([-0.5861853, -0.5861853, -0.5861853], dtype=float32), array([-0.562642, -0.562642, -0.562642], dtype=float32)]","[array([-1.1546471, -1.1546471, -1.1546471], dtype=float32), array([-1.1535699, -1.1535699, -1.1535699], dtype=float32), array([-1.1515273, -1.1515273, -1.1515273], dtype=float32), array([-1.1516807, -1.1516807, -1.1516807], dtype=float32), array([-1.1521208, -1.1521208, -1.1521208], dtype=float32), array([-1.1433221, -1.1433221, -1.1433221], dtype=float32), array([-1.135843, -1.135843, -1.135843], dtype=float32), array([-1.125149, -1.125149, -1.125149], dtype=float32), array([-1.1117772, -1.1117772, -1.1117772], dtype=float32), array([-1.094078, -1.094078, -1.094078], dtype=float32), array([-1.0764923, -1.0764923, -1.0764923], dtype=float32), array([-1.0546893, -1.0546893, -1.0546893], dtype=float32), array([-1.0319769, -1.0319769, -1.0319769], dtype=float32), array([-1.0084105, -1.0084105, -1.0084105], dtype=float32), array([-0.99100506, -0.99100506, -0.99100506], dtype=float32), array([-0.97075266, -0.97075266, -0.97075266], dtype=float32), array([-0.94292045, -0.94292045, -0.94292045], dtype=float32), array([-0.9162807, -0.9162807, -0.9162807], dtype=float32), array([-0.88643473, -0.88643473, -0.88643473], dtype=float32), array([-0.8558967, -0.8558967, -0.8558967], dtype=float32), array([-0.82602423, -0.82602423, -0.82602423], dtype=float32), array([-0.80093455, -0.80093455, -0.80093455], dtype=float32), array([-0.7751342, -0.7751342, -0.7751342], dtype=float32), array([-0.7490788, -0.7490788, -0.7490788], dtype=float32), array([-0.7224732, -0.7224732, -0.7224732], dtype=float32), array([-0.6951514, -0.6951514, -0.6951514], dtype=float32), array([-0.6688157, -0.6688157, -0.6688157], dtype=float32), array([-0.63909906, -0.63909906, -0.63909906], dtype=float32), array([-0.61287344, -0.61287344, -0.61287344], dtype=float32), array([-0.5861854, -0.5861854, -0.5861854], dtype=float32), array([-0.56264204, -0.56264204, -0.56264204], dtype=float32)]",1,0,0,0,0,0,56.48134328358209,64.73208955223879,32000,10.01,0.0003862615384860886,0.00016869195856405772,2000,32000,10.01,2000,0.3417165725151119,0.2617959976196289,16.0,0.0013802934991,-0.00947725772857666,999.0,0.0007923851371742785,30969,4248.189453125,0.00340856472030282,0.4722185432910919,1.0,81158,0.0,-0.011172236874699593,0.3376786410808563,495504,341.99232861293603,16.0,0.0393447157605,0.0013802934991,0.0,999.0,23810,30969,495504,1.0,0.0,341.9915785378841,0,104968,61938,1488000,93000,991008,1027.0080902809086,6020522.447618549,6352654.40340767,10.5,0.00015151202818215777,1.0067001110736886,0.17977941964345112,1.0067001110736886,9.82,0.0023043980909278616,16.0,100,32100,2.0,6.349893519825297e-05,2,800,50,0.00033721773722580694,2,-9.5,1600,0.00023607065006261128,0.0005367984518769707,100,9.82,1600,9.82,100,1.7373808157869857e-05,3.060526422146376e-05,3.098181506322361e-05,2.3657308359431794e-05,0.0001624050929777323,5.13975876596194e-05,7.114788479480945e-06,7.960131994004436e-06,2.100723064878247e-05,4.6014609187020365e-05,3.5393839498354104e-05,0.05634613471173031,0.00683505271921856,0.053183986039624535,0.17578371273732737,0.029668870132752333,0.01893977030927425,0.00018366947756364728,108066,84.81330871582031,0.0016934286104515195,0.4722185730934143,481.0,1.0,-0.012647321447730064,0.33647558,1729056,0.2574473023414612,496.0,-0.03933119773864746,498.0,108066,481.0,0.0,1729056,498.0,496.0,216132,10416000,3458112,651000,10896.529785429602,4.850662982139449e-05,1.0275029295384168e-05,2.7861945098482042e-05,6.310035758131322e-05,9.471822463124939e-06,4.285497181450988e-05,3.1654126470220444e-05,0.00022128705278315778,4.294722204612382e-05,7.066692773306536e-05,2.4337627506501626e-05
1,34000,False,17,d1c92_00000,2025-08-17_20-56-00,1755464160,91.71459865570068,1602.1909353733063,685852,intrinsic-attention2,10.156.0.3,1602.1909353733063,17,94.58721413067231,1.558616225998765e-05,94.5869474817307,2.670165167795221,91.56525127325634,0.0020259172509832675,2.0,1.0067001111073661,4.861747275240462e-05,2,16.0,17000,10.0,10.5,1000,0.0002599580038804561,2,9.5,2000,0.00010242529904333477,1.0067001111073661,34000,0.0015736992996244225,2.639895785482047,615.3718249628243,2000.0,3000.0,"[array([[3.6871022e-01, 8.4635671e-03, 6.2282616e-01],
       [1.7888126e-01, 3.0749063e-06, 8.2111567e-01],
       [3.9485517e-01, 2.4629980e-02, 5.8051485e-01]], dtype=float32), array([[4.6496168e-01, 3.8303796e-02, 4.9673450e-01],
       [4.2863542e-01, 8.2811957e-06, 5.7135624e-01],
       [4.6191961e-01, 4.7479112e-02, 4.9060130e-01]], dtype=float32), array([[4.6350715e-01, 4.2553961e-02, 4.9393892e-01],
       [4.3207419e-01, 1.5034996e-05, 5.6791079e-01],
       [4.6020254e-01, 5.2111991e-02, 4.8768550e-01]], dtype=float32), array([[4.6787524e-01, 2.7050223e-02, 5.0507444e-01],
       [4.3140420e-01, 1.4694934e-05, 5.6858110e-01],
       [4.6634695e-01, 3.2917947e-02, 5.0073510e-01]], dtype=float32), array([[3.9818215e-01, 2.9893298e-02, 5.7192457e-01],
       [2.3993887e-01, 6.3041509e-05, 7.5999808e-01],
       [4.0791124e-01, 6.7532457e-02, 5.2455634e-01]], dtype=float32), array([[4.4241884e-01, 2.9544856e-02, 5.2803636e-01],
       [3.5980618e-01, 5.3505613e-05, 6.4014030e-01],
       [4.4202322e-01, 4.4001710e-02, 5.1397508e-01]], dtype=float32), array([[4.2495999e-01, 4.5692399e-02, 5.2934766e-01],
       [3.2150224e-01, 1.6407778e-04, 6.7833370e-01],
       [4.2287642e-01, 7.7015080e-02, 5.0010848e-01]], dtype=float32), array([[4.7861847e-01, 3.7035502e-02, 4.8434603e-01],
       [4.9000365e-01, 9.3579176e-05, 5.0990283e-01],
       [4.7814730e-01, 3.8046289e-02, 4.8380640e-01]], dtype=float32), array([[3.5804170e-01, 3.7729662e-02, 6.0422856e-01],
       [1.9925989e-01, 5.0476484e-04, 8.0023533e-01],
       [3.8019761e-01, 9.5343038e-02, 5.2445936e-01]], dtype=float32), array([[4.0194708e-01, 3.9484102e-02, 5.5856878e-01],
       [2.8745070e-01, 4.7914733e-04, 7.1207017e-01],
       [4.0726700e-01, 7.1315557e-02, 5.2141744e-01]], dtype=float32), array([[0.4548642 , 0.06333582, 0.4818    ],
       [0.45118472, 0.00056803, 0.5482472 ],
       [0.45152473, 0.07212507, 0.4763502 ]], dtype=float32), array([[0.40462366, 0.04981382, 0.5455625 ],
       [0.30672204, 0.00102084, 0.69225717],
       [0.40669435, 0.08381002, 0.5094956 ]], dtype=float32), array([[0.33589482, 0.06160093, 0.6025042 ],
       [0.19245024, 0.00302702, 0.80452275],
       [0.36132237, 0.15443362, 0.48424405]], dtype=float32), array([[0.41885012, 0.08404957, 0.49710035],
       [0.36801264, 0.00239407, 0.6295933 ],
       [0.41140574, 0.11900333, 0.46959093]], dtype=float32), array([[0.43615082, 0.10827354, 0.4555756 ],
       [0.45878705, 0.0027386 , 0.5384743 ],
       [0.43109417, 0.12025078, 0.44865507]], dtype=float32), array([[0.4059618 , 0.07311576, 0.52092236],
       [0.3390822 , 0.00357987, 0.65733784],
       [0.40313974, 0.10969262, 0.48716766]], dtype=float32), array([[0.43011385, 0.12167625, 0.44820985],
       [0.46088055, 0.00503538, 0.5340841 ],
       [0.424979  , 0.1336944 , 0.44132656]], dtype=float32), array([[0.4283951 , 0.10140643, 0.47019842],
       [0.42855817, 0.00585248, 0.56558937],
       [0.42208126, 0.12013564, 0.4577831 ]], dtype=float32), array([[0.4027059 , 0.10795723, 0.48933688],
       [0.36353832, 0.00911003, 0.6273517 ],
       [0.39457607, 0.15022267, 0.45520124]], dtype=float32), array([[0.38745186, 0.122132  , 0.4904161 ],
       [0.33589366, 0.01313572, 0.65097064],
       [0.37836233, 0.18261322, 0.4390245 ]], dtype=float32), array([[0.4308842 , 0.11810593, 0.45100984],
       [0.46073887, 0.00822102, 0.53104   ],
       [0.42644224, 0.12871177, 0.44484597]], dtype=float32), array([[0.4201072 , 0.14303815, 0.4368546 ],
       [0.4613346 , 0.01196466, 0.5267008 ],
       [0.4149091 , 0.15510148, 0.4299894 ]], dtype=float32), array([[0.39949787, 0.12298685, 0.47751525],
       [0.3750725 , 0.0151424 , 0.60978514],
       [0.39068252, 0.1635901 , 0.44572738]], dtype=float32), array([[0.41811034, 0.14699228, 0.4348974 ],
       [0.4606156 , 0.01398327, 0.5254011 ],
       [0.4128691 , 0.15917411, 0.42795676]], dtype=float32), array([[0.41997153, 0.12113526, 0.4588933 ],
       [0.43151626, 0.0122571 , 0.5562267 ],
       [0.41319865, 0.14059584, 0.44620556]], dtype=float32), array([[0.3995547 , 0.1208635 , 0.4795818 ],
       [0.37327084, 0.01462909, 0.61210006],
       [0.39097407, 0.16157672, 0.44744924]], dtype=float32), array([[0.42269176, 0.11101382, 0.46629444],
       [0.42576745, 0.00897632, 0.56525624],
       [0.41591662, 0.1314607 , 0.4526227 ]], dtype=float32), array([[0.3775345 , 0.11138839, 0.5110771 ],
       [0.30820918, 0.0127725 , 0.6790183 ],
       [0.37316123, 0.17917854, 0.4476602 ]], dtype=float32), array([[0.40350243, 0.08610868, 0.5103889 ],
       [0.35006878, 0.00639982, 0.6435314 ],
       [0.3991851 , 0.1238045 , 0.47701037]], dtype=float32), array([[0.4037008 , 0.07988311, 0.5164161 ],
       [0.3429925 , 0.00501051, 0.651997  ],
       [0.40023798, 0.11768862, 0.48207343]], dtype=float32), array([[0.43372646, 0.10971832, 0.45655525],
       [0.4537516 , 0.00379247, 0.54245585],
       [0.42827573, 0.12304258, 0.44868165]], dtype=float32)]","[array([-0.53867394, -0.53867394, -0.53867394], dtype=float32), array([-0.5151963, -0.5151963, -0.5151963], dtype=float32), array([-0.49089995, -0.49089995, -0.49089995], dtype=float32), array([-0.46565098, -0.46565098, -0.46565098], dtype=float32), array([-0.44123566, -0.44123566, -0.44123566], dtype=float32), array([-0.41817787, -0.41817787, -0.41817787], dtype=float32), array([-0.39478296, -0.39478296, -0.39478296], dtype=float32), array([-0.3723993, -0.3723993, -0.3723993], dtype=float32), array([-0.3517477, -0.3517477, -0.3517477], dtype=float32), array([-0.33478206, -0.33478206, -0.33478206], dtype=float32), array([-0.32003242, -0.32003242, -0.32003242], dtype=float32), array([nan, nan, nan], dtype=float32), array([-0.29218513, -0.29218513, -0.29218513], dtype=float32), array([nan, nan, nan], dtype=float32), array([-0.26956454, -0.26956454, -0.26956454], dtype=float32), array([-0.26138365, -0.26138365, -0.26138365], dtype=float32), array([nan, nan, nan], dtype=float32), array([-0.2552464, -0.2552464, -0.2552464], dtype=float32), array([nan, nan, nan], dtype=float32), array([-0.2458675, -0.2458675, -0.2458675], dtype=float32), array([-0.24241136, -0.24241136, -0.24241136], dtype=float32), array([-0.24230942, -0.24230942, -0.24230942], dtype=float32), array([-0.24471776, -0.24471776, -0.24471776], dtype=float32), array([-0.24689716, -0.24689716, -0.24689716], dtype=float32), array([-0.24792618, -0.24792618, -0.24792618], dtype=float32), array([-0.24870685, -0.24870685, -0.24870685], dtype=float32), array([nan, nan, nan], dtype=float32), array([-0.25292057, -0.25292057, -0.25292057], dtype=float32), array([-0.2574812, -0.2574812, -0.2574812], dtype=float32), array([-0.26143816, -0.26143816, -0.26143816], dtype=float32), array([nan, nan, nan], dtype=float32)]","[array([-0.53867394, -0.53867394, -0.53867394], dtype=float32), array([-0.5151963, -0.5151963, -0.5151963], dtype=float32), array([-0.49089998, -0.49089998, -0.49089998], dtype=float32), array([-0.465651, -0.465651, -0.465651], dtype=float32), array([-0.4412356, -0.4412356, -0.4412356], dtype=float32), array([-0.41817796, -0.41817796, -0.41817796], dtype=float32), array([-0.39478296, -0.39478296, -0.39478296], dtype=float32), array([-0.3723993, -0.3723993, -0.3723993], dtype=float32), array([-0.35174766, -0.35174766, -0.35174766], dtype=float32), array([-0.3347821, -0.3347821, -0.3347821], dtype=float32), array([-0.3200324, -0.3200324, -0.3200324], dtype=float32), array([-0.30693585, -0.30693585, -0.30693585], dtype=float32), array([-0.2921851, -0.2921851, -0.2921851], dtype=float32), array([-0.2792979, -0.2792979, -0.2792979], dtype=float32), array([-0.26956457, -0.26956457, -0.26956457], dtype=float32), array([-0.2613836, -0.2613836, -0.2613836], dtype=float32), array([-0.25746033, -0.25746033, -0.25746033], dtype=float32), array([-0.2552464, -0.2552464, -0.2552464], dtype=float32), array([-0.2508962, -0.2508962, -0.2508962], dtype=float32), array([-0.2458675, -0.2458675, -0.2458675], dtype=float32), array([-0.24241135, -0.24241135, -0.24241135], dtype=float32), array([-0.24230939, -0.24230939, -0.24230939], dtype=float32), array([-0.24471779, -0.24471779, -0.24471779], dtype=float32), array([-0.24689716, -0.24689716, -0.24689716], dtype=float32), array([-0.2479262, -0.2479262, -0.2479262], dtype=float32), array([-0.24870685, -0.24870685, -0.24870685], dtype=float32), array([-0.25097376, -0.25097376, -0.25097376], dtype=float32), array([-0.2529206, -0.2529206, -0.2529206], dtype=float32), array([-0.25748116, -0.25748116, -0.25748116], dtype=float32), array([-0.26143816, -0.26143816, -0.26143816], dtype=float32), array([-0.26597956, -0.26597956, -0.26597956], dtype=float32)]",1,0,0,0,0,0,56.686153846153836,64.75692307692309,34000,10.0,0.0003708396036173717,0.00016150677404889793,2000,34000,10.0,2000,0.3416225804198666,0.21873341500759125,17.0,0.0013802934991,-0.040181517601013184,999.0,0.0007923851371742785,30969,2811.604736328125,0.013153744861483574,0.4722185432910919,1.0,81158,0.0,-0.01974862441420555,0.3291667103767395,526473,342.0643113144108,17.0,0.0393447157605,0.0013802934991,0.0,999.0,23810,30969,526473,1.0,0.0,342.0635937244573,0,104968,61938,1581000,93000,1052946,1027.2240499341983,6043055.600480959,6373865.137176578,10.5,0.00015498001410880176,1.0067001110999096,0.17988163125703757,1.0067001110999096,10.02,0.002313878960994771,17.0,100,34100,2.0,6.38617522238173e-05,2,850,50,0.00033607460985910214,2,9.5,1700,0.00023752634302139593,0.0005411529305455567,100,10.02,1700,10.02,100,1.6444300522115823e-05,2.9555011542392975e-05,2.915596914464556e-05,2.2538029202345874e-05,0.00015675457398468183,4.913288269881034e-05,6.828210815555285e-06,7.760527365396939e-06,2.038339409399831e-05,4.366464184300613e-05,3.378499191380626e-05,0.05636105968458885,0.0068349025720729935,0.05315863976930195,0.17572072609997516,0.029654810571408136,0.018927633956217643,0.00018363353282100942,108066,88.5651626586914,0.008552640676498413,0.4722185730934143,511.0,1.0,-0.02831009216606617,0.32190862,1837122,0.2600107192993164,527.0,-0.03845870494842529,498.0,108066,511.0,0.0,1837122,498.0,527.0,216132,11067000,3674244,651000,10823.921383184093,4.899683979025691e-05,1.0206070357831488e-05,2.8219589144954524e-05,6.41210781111104e-05,9.92942181172496e-06,4.344165498843717e-05,3.147220368884867e-05,0.0002226262349099842,4.3245220477555216e-05,7.200840790511427e-05,2.4475279653473097e-05
1,36000,False,18,d1c92_00000,2025-08-17_20-57-33,1755464253,92.14332389831543,1694.3342592716217,685852,intrinsic-attention2,10.156.0.3,1694.3342592716217,18,94.56071040145555,1.5566900629789672e-05,94.56044209536334,2.6802703562273447,91.52840976387375,0.0020243227684699472,2.0,1.0067001111073661,6.428294710020515e-05,2,17.0,18000,10.01,10.5,1000,0.0002599580038804561,2,9.5,2000,0.0001517323286898378,1.0067001111073661,36000,0.0022465704703063237,2.649820465167271,601.3425474739648,2000.0,3000.0,"[array([[0.39398646, 0.09087436, 0.51513916],
       [0.3120674 , 0.00427505, 0.6836575 ],
       [0.38816008, 0.15000916, 0.4618307 ]], dtype=float32), array([[0.43021724, 0.07137942, 0.49840343],
       [0.39093077, 0.0018058 , 0.6072634 ],
       [0.42490587, 0.0945283 , 0.48056582]], dtype=float32), array([[0.3721321 , 0.05665429, 0.5712136 ],
       [0.2502056 , 0.00204078, 0.7477536 ],
       [0.38235703, 0.11333518, 0.50430775]], dtype=float32), array([[0.37084332, 0.05255644, 0.57660025],
       [0.24294022, 0.00160075, 0.755459  ],
       [0.3827122 , 0.10847629, 0.5088115 ]], dtype=float32), array([[0.40288323, 0.05856056, 0.53855616],
       [0.30226672, 0.00117831, 0.69655496],
       [0.40287796, 0.1009515 , 0.49617052]], dtype=float32), array([[0.37078574, 0.05811158, 0.5711026 ],
       [0.23254435, 0.0013966 , 0.76605904],
       [0.38090223, 0.12767868, 0.49141914]], dtype=float32), array([[0.40176165, 0.05214737, 0.54609096],
       [0.2911997 , 0.00078956, 0.7080108 ],
       [0.4036095 , 0.09370821, 0.50268227]], dtype=float32), array([[3.9828077e-01, 4.0702078e-02, 5.6101710e-01],
       [2.8008536e-01, 5.2458636e-04, 7.1939003e-01],
       [4.0430021e-01, 7.5338766e-02, 5.2036101e-01]], dtype=float32), array([[4.2768905e-01, 5.5890672e-02, 5.1642025e-01],
       [3.5177875e-01, 4.8346835e-04, 6.4773780e-01],
       [4.2364669e-01, 8.4424697e-02, 4.9192864e-01]], dtype=float32), array([[4.7323483e-01, 6.7148231e-02, 4.5961699e-01],
       [5.2857089e-01, 2.4279338e-04, 4.7118628e-01],
       [4.7614175e-01, 6.2010337e-02, 4.6184787e-01]], dtype=float32), array([[4.5548517e-01, 5.2444201e-02, 4.9207065e-01],
       [4.3358856e-01, 2.4851749e-04, 5.6616294e-01],
       [4.5203972e-01, 6.2908649e-02, 4.8505157e-01]], dtype=float32), array([[4.8805118e-01, 4.8015881e-02, 4.6393290e-01],
       [5.4548091e-01, 1.2768283e-04, 4.5439145e-01],
       [4.9162805e-01, 4.2385485e-02, 4.6598646e-01]], dtype=float32), array([[3.9797407e-01, 3.9886862e-02, 5.6213909e-01],
       [2.6640898e-01, 3.1385629e-04, 7.3327720e-01],
       [4.0433744e-01, 7.8967646e-02, 5.1669496e-01]], dtype=float32), array([[3.9358786e-01, 3.1635631e-02, 5.7477653e-01],
       [2.5801393e-01, 2.2825165e-04, 7.4175787e-01],
       [4.0366280e-01, 6.3872680e-02, 5.3246450e-01]], dtype=float32), array([[4.7695693e-01, 5.9141085e-02, 4.6390197e-01],
       [5.2744269e-01, 1.3290797e-04, 4.7242433e-01],
       [4.7944349e-01, 5.4746632e-02, 4.6580982e-01]], dtype=float32), array([[4.7719082e-01, 5.8481865e-02, 4.6432728e-01],
       [5.2703553e-01, 1.2635354e-04, 4.7283810e-01],
       [4.7961327e-01, 5.4195203e-02, 4.6619144e-01]], dtype=float32), array([[4.5380893e-01, 5.6972183e-02, 4.8921889e-01],
       [4.3029037e-01, 1.8671068e-04, 5.6952292e-01],
       [4.4960266e-01, 6.9300778e-02, 4.8109660e-01]], dtype=float32), array([[4.2830476e-01, 3.7436482e-02, 5.3425878e-01],
       [3.3522213e-01, 1.7708019e-04, 6.6460073e-01],
       [4.2827135e-01, 5.9496384e-02, 5.1223224e-01]], dtype=float32), array([[3.5747507e-01, 3.0014254e-02, 6.1251068e-01],
       [1.9341063e-01, 2.7166185e-04, 8.0631775e-01],
       [3.8217568e-01, 7.8073367e-02, 5.3975093e-01]], dtype=float32), array([[4.7689956e-01, 5.8329165e-02, 4.6477124e-01],
       [5.2541208e-01, 1.2795652e-04, 4.7445998e-01],
       [4.7915944e-01, 5.4303281e-02, 4.6653736e-01]], dtype=float32), array([[4.2430478e-01, 6.0245026e-02, 5.1545024e-01],
       [3.3287165e-01, 3.1293987e-04, 6.6681540e-01],
       [4.1843453e-01, 9.7969472e-02, 4.8359606e-01]], dtype=float32), array([[3.5751557e-01, 2.9892934e-02, 6.1259156e-01],
       [1.9320983e-01, 2.6686522e-04, 8.0652332e-01],
       [3.8224950e-01, 7.7863179e-02, 5.3988731e-01]], dtype=float32), array([[4.7687125e-01, 5.8094643e-02, 4.6503401e-01],
       [5.2476567e-01, 1.2708687e-04, 4.7510725e-01],
       [4.7906104e-01, 5.4183662e-02, 4.6675533e-01]], dtype=float32), array([[4.7687858e-01, 5.8029670e-02, 4.6509179e-01],
       [5.2465564e-01, 1.2661943e-04, 4.7521782e-01],
       [4.7905561e-01, 5.4139685e-02, 4.6680468e-01]], dtype=float32), array([[3.9251849e-01, 3.0520458e-02, 5.7696104e-01],
       [2.5453460e-01, 2.0511560e-04, 7.4526030e-01],
       [4.0327570e-01, 6.2460843e-02, 5.3426343e-01]], dtype=float32), array([[3.2007477e-01, 3.2048576e-02, 6.4787662e-01],
       [1.4316256e-01, 4.1734058e-04, 8.5642004e-01],
       [3.6387980e-01, 1.0767920e-01, 5.2844095e-01]], dtype=float32), array([[0.07383928, 0.8340661 , 0.09209464],
       [0.5751447 , 0.01424764, 0.41060767],
       [0.11559205, 0.7473843 , 0.13702363]], dtype=float32), array([[0.03378636, 0.90705186, 0.05916176],
       [0.6580102 , 0.01152376, 0.33046606],
       [0.09885807, 0.76119757, 0.13994439]], dtype=float32), array([[4.7642395e-01, 5.8941204e-02, 4.6463484e-01],
       [5.2468556e-01, 1.3493253e-04, 4.7517949e-01],
       [4.7863486e-01, 5.4988284e-02, 4.6637681e-01]], dtype=float32), array([[4.2926401e-01, 4.5900665e-02, 5.2483535e-01],
       [3.4091973e-01, 2.2403469e-04, 6.5885627e-01],
       [4.2692205e-01, 7.2157741e-02, 5.0092018e-01]], dtype=float32), array([[3.9622444e-01, 3.6646195e-02, 5.6712937e-01],
       [2.5921431e-01, 2.4386578e-04, 7.4054188e-01],
       [4.0413502e-01, 7.4604318e-02, 5.2126074e-01]], dtype=float32)]","[array([-0.26930955, -0.26930955, -0.26930955], dtype=float32), array([-0.27346465, -0.27346465, -0.27346465], dtype=float32), array([-0.27833393, -0.27833393, -0.27833393], dtype=float32), array([-0.28321677, -0.28321677, -0.28321677], dtype=float32), array([-0.28747115, -0.28747115, -0.28747115], dtype=float32), array([-0.2919041, -0.2919041, -0.2919041], dtype=float32), array([-0.29796165, -0.29796165, -0.29796165], dtype=float32), array([-0.3025798, -0.3025798, -0.3025798], dtype=float32), array([-0.30628553, -0.30628553, -0.30628553], dtype=float32), array([-0.3094401, -0.3094401, -0.3094401], dtype=float32), array([-0.31266722, -0.31266722, -0.31266722], dtype=float32), array([-0.31513417, -0.31513417, -0.31513417], dtype=float32), array([-0.31763336, -0.31763336, -0.31763336], dtype=float32), array([-0.3186433, -0.3186433, -0.3186433], dtype=float32), array([-0.32089123, -0.32089123, -0.32089123], dtype=float32), array([-0.3221557, -0.3221557, -0.3221557], dtype=float32), array([-0.32278344, -0.32278344, -0.32278344], dtype=float32), array([-0.3226629, -0.3226629, -0.3226629], dtype=float32), array([-0.321989, -0.321989, -0.321989], dtype=float32), array([-0.32201165, -0.32201165, -0.32201165], dtype=float32), array([-0.3221464, -0.3221464, -0.3221464], dtype=float32), array([-0.32243377, -0.32243377, -0.32243377], dtype=float32), array([-0.32297465, -0.32297465, -0.32297465], dtype=float32), array([-0.32388926, -0.32388926, -0.32388926], dtype=float32), array([-0.32496777, -0.32496777, -0.32496777], dtype=float32), array([-0.3261354, -0.3261354, -0.3261354], dtype=float32), array([-0.3274131, -0.3274131, -0.3274131], dtype=float32), array([-0.3291992, -0.3291992, -0.3291992], dtype=float32), array([-0.32994103, -0.32994103, -0.32994103], dtype=float32), array([-0.33082697, -0.33082697, -0.33082697], dtype=float32), array([-0.33198935, -0.33198935, -0.33198935], dtype=float32)]","[array([-0.26930955, -0.26930955, -0.26930955], dtype=float32), array([-0.27346465, -0.27346465, -0.27346465], dtype=float32), array([-0.2783339, -0.2783339, -0.2783339], dtype=float32), array([-0.2832167, -0.2832167, -0.2832167], dtype=float32), array([-0.28747115, -0.28747115, -0.28747115], dtype=float32), array([-0.29190403, -0.29190403, -0.29190403], dtype=float32), array([-0.29796168, -0.29796168, -0.29796168], dtype=float32), array([-0.30257982, -0.30257982, -0.30257982], dtype=float32), array([-0.30628553, -0.30628553, -0.30628553], dtype=float32), array([-0.30944008, -0.30944008, -0.30944008], dtype=float32), array([-0.31266725, -0.31266725, -0.31266725], dtype=float32), array([-0.31513408, -0.31513408, -0.31513408], dtype=float32), array([-0.31763336, -0.31763336, -0.31763336], dtype=float32), array([-0.3186433, -0.3186433, -0.3186433], dtype=float32), array([-0.32089123, -0.32089123, -0.32089123], dtype=float32), array([-0.32215574, -0.32215574, -0.32215574], dtype=float32), array([-0.32278344, -0.32278344, -0.32278344], dtype=float32), array([-0.32266286, -0.32266286, -0.32266286], dtype=float32), array([-0.32198903, -0.32198903, -0.32198903], dtype=float32), array([-0.32201168, -0.32201168, -0.32201168], dtype=float32), array([-0.3221464, -0.3221464, -0.3221464], dtype=float32), array([-0.32243374, -0.32243374, -0.32243374], dtype=float32), array([-0.32297468, -0.32297468, -0.32297468], dtype=float32), array([-0.32388923, -0.32388923, -0.32388923], dtype=float32), array([-0.32496783, -0.32496783, -0.32496783], dtype=float32), array([-0.32613543, -0.32613543, -0.32613543], dtype=float32), array([-0.3274131, -0.3274131, -0.3274131], dtype=float32), array([-0.32919925, -0.32919925, -0.32919925], dtype=float32), array([-0.32994097, -0.32994097, -0.32994097], dtype=float32), array([-0.33082694, -0.33082694, -0.33082694], dtype=float32), array([-0.33198932, -0.33198932, -0.33198932], dtype=float32)]",1,0,0,0,0,0,55.27121212121212,63.19848484848484,36000,10.01,0.0005315414473517227,0.00023473541064452912,2000,36000,10.01,2000,0.3418576147255773,0.17967253923416138,18.0,0.0013802934991,-0.08472561836242676,999.0,0.00039619256858713925,30969,1423.89404296875,0.0037573850713670254,0.4722185432910919,1.0,81158,0.0,-0.0024118388537317514,0.34654998779296875,557442,342.25247329623625,18.0,0.0393447157605,0.0013802934991,0.0,999.0,23810,30969,557442,1.0,0.0,342.25178657479745,0,104968,61938,1674000,93000,1114884,1027.7888969777796,6051421.408109528,6384555.618128622,10.5,0.0001550211368429885,1.0067001111057168,0.17996649844452195,1.0067001111057168,10.02,0.0023281746306747664,18.0,100,36100,2.0,6.410221168283046e-05,2,900,50,0.0003347600236947636,2,9.5,1800,0.0002368140676505381,0.0005402777910439743,100,10.02,1800,10.02,100,2.4998433024062845e-05,4.267991020871481e-05,4.366673230113084e-05,3.199657933635182e-05,0.00021458418220622686,7.26218268077151e-05,9.574080879770939e-06,1.0586872519933841e-05,2.8243088558690174e-05,6.32193017220756e-05,4.8914629399245666e-05,0.05670425299778139,0.006856270616429577,0.053151688881546,0.17562481158904364,0.02965153874568415,0.01890092243671248,0.0001834385474470971,108066,87.77304077148438,0.0025994773022830486,0.4722185730934143,541.0,1.0,-0.023578928783535957,0.32578406,1945188,0.188723623752594,558.0,-0.026203632354736328,498.0,108066,541.0,0.0,1945188,498.0,558.0,216132,11718000,3890376,651000,10757.87402748791,4.8883807061429276e-05,1.0126527688814724e-05,2.7869817738279614e-05,6.377456573474523e-05,9.510017693002752e-06,4.307979753625994e-05,3.1679888533162404e-05,0.00022243661501876455,4.310322070248488e-05,7.17980687115878e-05,2.4355981346551526e-05
1,38000,False,19,d1c92_00000,2025-08-17_20-59-09,1755464349,95.99817872047424,1790.332437992096,685852,intrinsic-attention2,10.156.0.3,1790.332437992096,19,94.57298694956107,1.5535771716148165e-05,94.57271768053971,2.6806303157650966,91.54042942039511,0.0020221975707694277,2.0,1.0067001111073661,4.898221576961704e-05,2,18.0,19000,9.77,10.5,1000,0.0002599580038804561,2,-9.5,2000,0.00010835882604484649,1.0067001111073661,38000,0.001620611641119467,2.650190996435596,587.2325619579206,2000.0,3000.0,"[array([[4.5407969e-01, 5.6059841e-02, 4.8986042e-01],
       [4.2978883e-01, 1.7813694e-04, 5.7003307e-01],
       [4.4993719e-01, 6.8293013e-02, 4.8176983e-01]], dtype=float32), array([[4.7788838e-01, 5.6783061e-02, 4.6532860e-01],
       [5.2633077e-01, 1.1252014e-04, 4.7355676e-01],
       [4.8018077e-01, 5.2720215e-02, 4.6709901e-01]], dtype=float32), array([[3.5512421e-01, 2.7623346e-02, 6.1725241e-01],
       [1.8675321e-01, 2.0893935e-04, 8.1303793e-01],
       [3.8172805e-01, 7.4372135e-02, 5.4389977e-01]], dtype=float32), array([[3.8986540e-01, 2.6459819e-02, 5.8367479e-01],
       [2.4326821e-01, 1.2617967e-04, 7.5660568e-01],
       [4.0280348e-01, 5.6792807e-02, 5.4040372e-01]], dtype=float32), array([[4.8077521e-01, 5.1495347e-02, 4.6772942e-01],
       [5.2759224e-01, 6.6232213e-05, 4.7234154e-01],
       [4.8298985e-01, 4.7606781e-02, 4.6940333e-01]], dtype=float32), array([[4.2972940e-01, 3.8257841e-02, 5.3201270e-01],
       [3.2911390e-01, 1.0330254e-04, 6.7078280e-01],
       [4.2894793e-01, 6.2869303e-02, 5.0818276e-01]], dtype=float32), array([[4.2979050e-01, 3.7171487e-02, 5.3303796e-01],
       [3.2741392e-01, 9.1440932e-05, 6.7249465e-01],
       [4.2925224e-01, 6.1483130e-02, 5.0926471e-01]], dtype=float32), array([[3.0738753e-01, 2.3823300e-02, 6.6878921e-01],
       [1.1923188e-01, 1.6575758e-04, 8.8060230e-01],
       [3.6183497e-01, 9.5194265e-02, 5.4297084e-01]], dtype=float32), array([[3.4765610e-01, 2.1675225e-02, 6.3066864e-01],
       [1.6760856e-01, 9.5801021e-05, 8.3229566e-01],
       [3.7991795e-01, 6.4838618e-02, 5.5524343e-01]], dtype=float32), array([[4.2550007e-01, 2.7589226e-02, 5.4691076e-01],
       [3.1221017e-01, 5.7073517e-05, 6.8773270e-01],
       [4.2836255e-01, 4.7600027e-02, 5.2403742e-01]], dtype=float32), array([[3.4532720e-01, 2.0284962e-02, 6.3438785e-01],
       [1.6243556e-01, 7.7756136e-05, 8.3748662e-01],
       [3.7920943e-01, 6.2516592e-02, 5.5827397e-01]], dtype=float32), array([[4.2894864e-01, 3.2416638e-02, 5.3863466e-01],
       [3.1732240e-01, 5.3469463e-05, 6.8262410e-01],
       [4.2974356e-01, 5.5637032e-02, 5.1461941e-01]], dtype=float32), array([[3.8762906e-01, 2.4231067e-02, 5.8813995e-01],
       [2.2378132e-01, 5.7289355e-05, 7.7616137e-01],
       [4.0277374e-01, 5.7554740e-02, 5.3967148e-01]], dtype=float32), array([[3.4495759e-01, 2.5530266e-02, 6.2951213e-01],
       [1.5244678e-01, 9.0896632e-05, 8.4746236e-01],
       [3.7932435e-01, 8.5519269e-02, 5.3515643e-01]], dtype=float32), array([[3.8107046e-01, 1.8799743e-02, 6.0012984e-01],
       [2.1593803e-01, 4.2067735e-05, 7.8401995e-01],
       [3.9967090e-01, 4.5457654e-02, 5.5487144e-01]], dtype=float32), array([[4.5837870e-01, 4.0315449e-02, 5.0130582e-01],
       [4.1565305e-01, 4.0011531e-05, 5.8430696e-01],
       [4.5524123e-01, 5.1465996e-02, 4.9329281e-01]], dtype=float32), array([[3.4004340e-01, 1.8141370e-02, 6.4181519e-01],
       [1.5358824e-01, 5.8419784e-05, 8.4635329e-01],
       [3.7706271e-01, 5.8731001e-02, 5.6420636e-01]], dtype=float32), array([[4.2184901e-01, 4.2935945e-02, 5.3521502e-01],
       [2.9697874e-01, 7.5952521e-05, 7.0294535e-01],
       [4.2037594e-01, 7.9822771e-02, 4.9980125e-01]], dtype=float32), array([[3.3959126e-01, 1.8086985e-02, 6.4232177e-01],
       [1.5335289e-01, 5.9115842e-05, 8.4658796e-01],
       [3.7677783e-01, 5.8570527e-02, 5.6465161e-01]], dtype=float32), array([[3.3866885e-01, 1.7672122e-02, 6.4365906e-01],
       [1.5161785e-01, 5.5180728e-05, 8.4832692e-01],
       [3.7644237e-01, 5.7828829e-02, 5.6572884e-01]], dtype=float32), array([[3.7974474e-01, 1.8121246e-02, 6.0213405e-01],
       [2.1300057e-01, 3.8236332e-05, 7.8696120e-01],
       [3.9903048e-01, 4.4368371e-02, 5.5660123e-01]], dtype=float32), array([[4.2353153e-01, 2.3226427e-02, 5.5324197e-01],
       [3.0111867e-01, 3.2005624e-05, 6.9884926e-01],
       [4.2800876e-01, 4.1702844e-02, 5.3028840e-01]], dtype=float32), array([[3.7861603e-01, 1.7287727e-02, 6.0409623e-01],
       [2.0990491e-01, 3.3051696e-05, 7.9006201e-01],
       [3.9858595e-01, 4.2933121e-02, 5.5848086e-01]], dtype=float32), array([[3.8458622e-01, 2.1881463e-02, 5.9353238e-01],
       [2.1602158e-01, 4.3304852e-05, 7.8393507e-01],
       [4.0165067e-01, 5.3735744e-02, 5.4461354e-01]], dtype=float32), array([[3.7927005e-01, 1.7793039e-02, 6.0293692e-01],
       [2.1203379e-01, 3.6640555e-05, 7.8792959e-01],
       [3.9880732e-01, 4.3734465e-02, 5.5745822e-01]], dtype=float32), array([[4.2639264e-01, 2.9525623e-02, 5.4408175e-01],
       [3.0786633e-01, 4.3099120e-05, 6.9209057e-01],
       [4.2850107e-01, 5.2274231e-02, 5.1922464e-01]], dtype=float32), array([[4.2636299e-01, 3.0081119e-02, 5.4355592e-01],
       [3.0905741e-01, 4.7371126e-05, 6.9089514e-01],
       [4.2832747e-01, 5.2990593e-02, 5.1868188e-01]], dtype=float32), array([[4.5818692e-01, 4.0143315e-02, 5.0166970e-01],
       [4.1559944e-01, 4.4057746e-05, 5.8435655e-01],
       [4.5511159e-01, 5.1205467e-02, 4.9368298e-01]], dtype=float32), array([[3.8163874e-01, 1.9633058e-02, 5.9872824e-01],
       [2.1923865e-01, 5.0884712e-05, 7.8071052e-01],
       [3.9966658e-01, 4.6669073e-02, 5.5366433e-01]], dtype=float32), array([[3.8240257e-01, 2.0249920e-02, 5.9734750e-01],
       [2.2147012e-01, 5.6084937e-05, 7.7847379e-01],
       [3.9995092e-01, 4.7657568e-02, 5.5239153e-01]], dtype=float32), array([[4.2643586e-01, 3.2331180e-02, 5.4123294e-01],
       [3.1431076e-01, 6.7959241e-05, 6.8562126e-01],
       [4.2779896e-01, 5.5744514e-02, 5.1645660e-01]], dtype=float32)]","[array([-0.3323335, -0.3323335, -0.3323335], dtype=float32), array([-0.3304968, -0.3304968, -0.3304968], dtype=float32), array([-0.33116582, -0.33116582, -0.33116582], dtype=float32), array([nan, nan, nan], dtype=float32), array([-0.33395088, -0.33395088, -0.33395088], dtype=float32), array([-0.33664653, -0.33664653, -0.33664653], dtype=float32), array([-0.3401107, -0.3401107, -0.3401107], dtype=float32), array([-0.34362257, -0.34362257, -0.34362257], dtype=float32), array([-0.34882507, -0.34882507, -0.34882507], dtype=float32), array([-0.35332683, -0.35332683, -0.35332683], dtype=float32), array([nan, nan, nan], dtype=float32), array([-0.3651925, -0.3651925, -0.3651925], dtype=float32), array([-0.37127295, -0.37127295, -0.37127295], dtype=float32), array([-0.37686932, -0.37686932, -0.37686932], dtype=float32), array([nan, nan, nan], dtype=float32), array([-0.3870897, -0.3870897, -0.3870897], dtype=float32), array([-0.39218512, -0.39218512, -0.39218512], dtype=float32), array([nan, nan, nan], dtype=float32), array([nan, nan, nan], dtype=float32), array([-0.4014052, -0.4014052, -0.4014052], dtype=float32), array([-0.40318048, -0.40318048, -0.40318048], dtype=float32), array([-0.40334907, -0.40334907, -0.40334907], dtype=float32), array([-0.40301046, -0.40301046, -0.40301046], dtype=float32), array([-0.4020001, -0.4020001, -0.4020001], dtype=float32), array([-0.39841244, -0.39841244, -0.39841244], dtype=float32), array([-0.38896763, -0.38896763, -0.38896763], dtype=float32), array([-0.378659, -0.378659, -0.378659], dtype=float32), array([-0.36941215, -0.36941215, -0.36941215], dtype=float32), array([nan, nan, nan], dtype=float32), array([-0.3538448, -0.3538448, -0.3538448], dtype=float32), array([-0.35112762, -0.35112762, -0.35112762], dtype=float32)]","[array([-0.33233353, -0.33233353, -0.33233353], dtype=float32), array([-0.3304968, -0.3304968, -0.3304968], dtype=float32), array([-0.33116582, -0.33116582, -0.33116582], dtype=float32), array([-0.3315914, -0.3315914, -0.3315914], dtype=float32), array([-0.33395097, -0.33395097, -0.33395097], dtype=float32), array([-0.3366465, -0.3366465, -0.3366465], dtype=float32), array([-0.34011075, -0.34011075, -0.34011075], dtype=float32), array([-0.34362262, -0.34362262, -0.34362262], dtype=float32), array([-0.348825, -0.348825, -0.348825], dtype=float32), array([-0.35332683, -0.35332683, -0.35332683], dtype=float32), array([-0.3588619, -0.3588619, -0.3588619], dtype=float32), array([-0.3651924, -0.3651924, -0.3651924], dtype=float32), array([-0.371273, -0.371273, -0.371273], dtype=float32), array([-0.37686926, -0.37686926, -0.37686926], dtype=float32), array([-0.3818684, -0.3818684, -0.3818684], dtype=float32), array([-0.3870897, -0.3870897, -0.3870897], dtype=float32), array([-0.39218512, -0.39218512, -0.39218512], dtype=float32), array([-0.3963703, -0.3963703, -0.3963703], dtype=float32), array([-0.39931953, -0.39931953, -0.39931953], dtype=float32), array([-0.40140527, -0.40140527, -0.40140527], dtype=float32), array([-0.40318054, -0.40318054, -0.40318054], dtype=float32), array([-0.40334904, -0.40334904, -0.40334904], dtype=float32), array([-0.4030104, -0.4030104, -0.4030104], dtype=float32), array([-0.40200004, -0.40200004, -0.40200004], dtype=float32), array([-0.39841238, -0.39841238, -0.39841238], dtype=float32), array([-0.38896757, -0.38896757, -0.38896757], dtype=float32), array([-0.37865904, -0.37865904, -0.37865904], dtype=float32), array([-0.3694121, -0.3694121, -0.3694121], dtype=float32), array([-0.35966095, -0.35966095, -0.35966095], dtype=float32), array([-0.3538448, -0.3538448, -0.3538448], dtype=float32), array([-0.35112762, -0.35112762, -0.35112762], dtype=float32)]",1,0,0,0,0,0,55.36715328467153,62.53138686131386,38000,9.77,0.0003823094681404617,0.0001664753726517115,2000,38000,9.77,2000,0.3417688962883719,0.17875169217586517,19.0,0.0013802934991,-0.0808941125869751,999.0,0.00019809628429356962,30969,980.6483764648438,0.0004914137534797192,0.4722185432910919,1.0,81158,0.0,-0.009675408713519573,0.33928489685058594,588411,341.78069386931514,19.0,0.0393447157605,0.0013802934991,0.0,999.0,23810,30969,588411,1.0,0.0,341.78004093588953,0,104968,61938,1767000,93000,1176822,1026.3719469984617,6059122.51052134,6393290.334121215,10.5,0.0001574395381757774,1.0067001111070022,0.18007157823997155,1.0067001111070022,10.02,0.00233562083056313,19.0,100,38100,2.0,6.495616996745461e-05,2,950,50,0.0003332944434635394,2,9.5,1900,0.00023985785086330741,0.000545337491219378,100,10.02,1900,10.02,100,1.7027843434644156e-05,2.9899594040505415e-05,3.0532611787094805e-05,2.312934559799794e-05,0.00016246992331434953,5.066600209991373e-05,7.1990015290314545e-06,7.959019486368238e-06,2.1008970185321796e-05,4.555767778857167e-05,3.470443297208762e-05,0.056718850557752935,0.006853622970232946,0.05316241584265321,0.17553110985311057,0.02965005773818758,0.01888011924241171,0.00018333966194533652,108066,87.53469848632812,0.0007821836043149233,0.4722185730934143,571.0,1.0,-0.010513543151319027,0.33856416,2053254,0.1843964159488678,589.0,-0.021964311599731445,498.0,108066,571.0,0.0,2053254,498.0,589.0,216132,12369000,4106508,651000,10675.103141322314,4.901343931920155e-05,1.0219726759392912e-05,2.8843884927285537e-05,6.481469094136132e-05,9.616754324657434e-06,4.337090570694396e-05,3.154674412589223e-05,0.0002249591208449349,4.374799364272447e-05,7.273751063318746e-05,2.4896820254115613e-05
1,40000,False,20,d1c92_00000,2025-08-17_21-00-44,1755464444,95.64134430885315,1885.973782300949,685852,intrinsic-attention2,10.156.0.3,1885.973782300949,20,94.58158900705544,1.5524624060976407e-05,94.58131851539443,2.6886097159174898,91.54107920918118,0.002021211715049642,2.0,1.0067001111073661,4.905624266832997e-05,2,19.0,20000,9.78,10.5,1000,0.0002599580038804561,2,-10.5,2000,0.00010455957901063469,1.0067001111073661,40000,0.0016128616502101068,2.6581801241311402,573.0818697065225,2000.0,3000.0,"[array([[4.2598808e-01, 2.7758051e-02, 5.4625392e-01],
       [3.1457698e-01, 6.0776907e-05, 6.8536228e-01],
       [4.2870432e-01, 4.7461938e-02, 5.2383375e-01]], dtype=float32), array([[4.8354018e-01, 4.6458673e-02, 4.7000113e-01],
       [5.2859265e-01, 4.1525134e-05, 4.7136578e-01],
       [4.8564160e-01, 4.2807590e-02, 4.7155079e-01]], dtype=float32), array([[3.8300973e-01, 2.0777019e-02, 5.9621328e-01],
       [2.2285563e-01, 5.9690166e-05, 7.7708465e-01],
       [4.0020227e-01, 4.8630193e-02, 5.5116755e-01]], dtype=float32), array([[4.2576870e-01, 2.6171653e-02, 5.4805964e-01],
       [3.1101614e-01, 4.7556441e-05, 6.8893635e-01],
       [4.2894870e-01, 4.5373753e-02, 5.2567756e-01]], dtype=float32), array([[4.1394231e-01, 4.1966733e-02, 5.4409093e-01],
       [2.7631825e-01, 8.7327338e-05, 7.2359437e-01],
       [4.1450515e-01, 8.3723843e-02, 5.0177097e-01]], dtype=float32), array([[3.8097420e-01, 1.8856360e-02, 6.0016942e-01],
       [2.1585694e-01, 4.2562631e-05, 7.8410047e-01],
       [3.9959335e-01, 4.5604553e-02, 5.5480206e-01]], dtype=float32), array([[3.8049951e-01, 1.8407512e-02, 6.0109299e-01],
       [2.1410653e-01, 3.8924063e-05, 7.8585452e-01],
       [3.9946473e-01, 4.4899769e-02, 5.5563551e-01]], dtype=float32), array([[3.7249938e-01, 3.0402079e-02, 5.9709847e-01],
       [1.8886608e-01, 8.2260369e-05, 8.1105161e-01],
       [3.9213905e-01, 8.5741632e-02, 5.2211934e-01]], dtype=float32), array([[3.8064715e-01, 1.8649595e-02, 6.0070330e-01],
       [2.1443261e-01, 4.0145758e-05, 7.8552729e-01],
       [3.9950633e-01, 4.5436375e-02, 5.5505735e-01]], dtype=float32), array([[3.3506528e-01, 1.6483339e-02, 6.4845139e-01],
       [1.4886959e-01, 5.2334177e-05, 8.5107809e-01],
       [3.7431073e-01, 5.4395553e-02, 5.7129377e-01]], dtype=float32), array([[4.5992795e-01, 3.2394238e-02, 5.0767785e-01],
       [4.1254249e-01, 3.1115313e-05, 5.8742636e-01],
       [4.5782021e-01, 4.1596740e-02, 5.0058305e-01]], dtype=float32), array([[4.5972919e-01, 3.2785498e-02, 5.0748533e-01],
       [4.1242096e-01, 3.2253411e-05, 5.8754671e-01],
       [4.5757645e-01, 4.2113714e-02, 5.0030977e-01]], dtype=float32), array([[4.2655224e-01, 2.8561724e-02, 5.4488605e-01],
       [3.1021503e-01, 4.5674140e-05, 6.8973929e-01],
       [4.2892003e-01, 4.9989313e-02, 5.2109063e-01]], dtype=float32), array([[4.2347777e-01, 2.6067715e-02, 5.5045450e-01],
       [3.0370399e-01, 4.4883007e-05, 6.9625109e-01],
       [4.2719546e-01, 4.6379253e-02, 5.2642530e-01]], dtype=float32), array([[4.0873185e-01, 4.1434731e-02, 5.4983342e-01],
       [2.6430565e-01, 9.7953169e-05, 7.3559636e-01],
       [4.1084209e-01, 8.6167067e-02, 5.0299084e-01]], dtype=float32), array([[4.8163411e-01, 4.6488300e-02, 4.7187755e-01],
       [5.2085358e-01, 3.7317026e-05, 4.7910917e-01],
       [4.8313287e-01, 4.3782439e-02, 4.7308466e-01]], dtype=float32), array([[4.2775011e-01, 3.0898560e-02, 5.4135138e-01],
       [3.1801778e-01, 6.4019419e-05, 6.8191820e-01],
       [4.2926776e-01, 5.2537344e-02, 5.1819491e-01]], dtype=float32), array([[3.4273994e-01, 1.9463809e-02, 6.3779616e-01],
       [1.6418317e-01, 8.9359724e-05, 8.3572751e-01],
       [3.7708667e-01, 5.8576465e-02, 5.6433690e-01]], dtype=float32), array([[3.8618630e-01, 2.4671305e-02, 5.8914238e-01],
       [2.3149645e-01, 9.3550392e-05, 7.6840997e-01],
       [4.0114054e-01, 5.5759285e-02, 5.4310018e-01]], dtype=float32), array([[4.7755283e-01, 5.2413091e-02, 4.7003412e-01],
       [5.1597947e-01, 6.8832203e-05, 4.8395169e-01],
       [4.7881198e-01, 5.0077759e-02, 4.7111028e-01]], dtype=float32), array([[4.23806757e-01, 3.35219838e-02, 5.42671263e-01],
       [3.15747380e-01, 1.13045266e-04, 6.84139550e-01],
       [4.25471306e-01, 5.69466464e-02, 5.17581999e-01]], dtype=float32), array([[4.0611076e-01, 4.8888702e-02, 5.4500049e-01],
       [2.7203953e-01, 2.2859289e-04, 7.2773194e-01],
       [4.0661821e-01, 9.7574838e-02, 4.9580699e-01]], dtype=float32), array([[3.4916979e-01, 2.3191269e-02, 6.2763894e-01],
       [1.7916545e-01, 1.5736269e-04, 8.2067722e-01],
       [3.7913445e-01, 6.4169101e-02, 5.5669647e-01]], dtype=float32), array([[3.30017924e-01, 3.18155438e-02, 6.38166547e-01],
       [1.48202866e-01, 3.00188025e-04, 8.51496935e-01],
       [3.69140059e-01, 1.05736025e-01, 5.25123954e-01]], dtype=float32), array([[3.5078156e-01, 2.4221256e-02, 6.2499726e-01],
       [1.8319446e-01, 1.8153948e-04, 8.1662399e-01],
       [3.7962267e-01, 6.5581389e-02, 5.5479586e-01]], dtype=float32), array([[4.2399698e-01, 3.7514366e-02, 5.3848869e-01],
       [3.2166699e-01, 1.6642539e-04, 6.7816657e-01],
       [4.2462602e-01, 6.2367383e-02, 5.1300657e-01]], dtype=float32), array([[3.9115387e-01, 3.1431373e-02, 5.7741475e-01],
       [2.4939480e-01, 1.9941320e-04, 7.5040579e-01],
       [4.0221947e-01, 6.5879077e-02, 5.3190148e-01]], dtype=float32), array([[3.9126903e-01, 3.1783510e-02, 5.7694751e-01],
       [2.5136033e-01, 2.1736513e-04, 7.4842227e-01],
       [4.0214095e-01, 6.5962017e-02, 5.3189707e-01]], dtype=float32), array([[4.5372880e-01, 5.1183388e-02, 4.9508777e-01],
       [4.2347294e-01, 1.8998176e-04, 5.7633710e-01],
       [4.4999275e-01, 6.3314505e-02, 4.8669276e-01]], dtype=float32), array([[3.5469744e-01, 2.7326684e-02, 6.1797595e-01],
       [1.9397238e-01, 2.7049700e-04, 8.0575711e-01],
       [3.8064981e-01, 6.9920614e-02, 5.4942960e-01]], dtype=float32), array([[4.5623800e-01, 3.0867325e-02, 5.1289469e-01],
       [4.1265523e-01, 1.2311176e-04, 5.8722174e-01],
       [4.5488349e-01, 3.8957015e-02, 5.0615954e-01]], dtype=float32)]","[array([-0.34718433, -0.34718433, -0.34718433], dtype=float32), array([-0.34517848, -0.34517848, -0.34517848], dtype=float32), array([-0.34445366, -0.34445366, -0.34445366], dtype=float32), array([-0.34399438, -0.34399438, -0.34399438], dtype=float32), array([-0.34484062, -0.34484062, -0.34484062], dtype=float32), array([-0.34432176, -0.34432176, -0.34432176], dtype=float32), array([nan, nan, nan], dtype=float32), array([-0.34499973, -0.34499973, -0.34499973], dtype=float32), array([-0.34464753, -0.34464753, -0.34464753], dtype=float32), array([-0.34446144, -0.34446144, -0.34446144], dtype=float32), array([nan, nan, nan], dtype=float32), array([-0.34534416, -0.34534416, -0.34534416], dtype=float32), array([-0.3461628, -0.3461628, -0.3461628], dtype=float32), array([-0.34770778, -0.34770778, -0.34770778], dtype=float32), array([-0.34971932, -0.34971932, -0.34971932], dtype=float32), array([-0.35075843, -0.35075843, -0.35075843], dtype=float32), array([nan, nan, nan], dtype=float32), array([-0.3523133, -0.3523133, -0.3523133], dtype=float32), array([nan, nan, nan], dtype=float32), array([-0.35272437, -0.35272437, -0.35272437], dtype=float32), array([-0.35514414, -0.35514414, -0.35514414], dtype=float32), array([-0.35744035, -0.35744035, -0.35744035], dtype=float32), array([-0.35935298, -0.35935298, -0.35935298], dtype=float32), array([-0.3612417, -0.3612417, -0.3612417], dtype=float32), array([nan, nan, nan], dtype=float32), array([-0.36274943, -0.36274943, -0.36274943], dtype=float32), array([-0.36307874, -0.36307874, -0.36307874], dtype=float32), array([nan, nan, nan], dtype=float32), array([-0.36600685, -0.36600685, -0.36600685], dtype=float32), array([-0.3686478, -0.3686478, -0.3686478], dtype=float32), array([-0.37098822, -0.37098822, -0.37098822], dtype=float32)]","[array([-0.34718433, -0.34718433, -0.34718433], dtype=float32), array([-0.34517854, -0.34517854, -0.34517854], dtype=float32), array([-0.34445366, -0.34445366, -0.34445366], dtype=float32), array([-0.34399432, -0.34399432, -0.34399432], dtype=float32), array([-0.34484056, -0.34484056, -0.34484056], dtype=float32), array([-0.34432176, -0.34432176, -0.34432176], dtype=float32), array([-0.34414133, -0.34414133, -0.34414133], dtype=float32), array([-0.34499973, -0.34499973, -0.34499973], dtype=float32), array([-0.34464747, -0.34464747, -0.34464747], dtype=float32), array([-0.34446144, -0.34446144, -0.34446144], dtype=float32), array([-0.34482324, -0.34482324, -0.34482324], dtype=float32), array([-0.3453441, -0.3453441, -0.3453441], dtype=float32), array([-0.34616277, -0.34616277, -0.34616277], dtype=float32), array([-0.34770778, -0.34770778, -0.34770778], dtype=float32), array([-0.34971938, -0.34971938, -0.34971938], dtype=float32), array([-0.35075852, -0.35075852, -0.35075852], dtype=float32), array([-0.35096487, -0.35096487, -0.35096487], dtype=float32), array([-0.35231337, -0.35231337, -0.35231337], dtype=float32), array([-0.35253766, -0.35253766, -0.35253766], dtype=float32), array([-0.3527244, -0.3527244, -0.3527244], dtype=float32), array([-0.35514405, -0.35514405, -0.35514405], dtype=float32), array([-0.3574404, -0.3574404, -0.3574404], dtype=float32), array([-0.35935304, -0.35935304, -0.35935304], dtype=float32), array([-0.36124176, -0.36124176, -0.36124176], dtype=float32), array([-0.3622665, -0.3622665, -0.3622665], dtype=float32), array([-0.3627494, -0.3627494, -0.3627494], dtype=float32), array([-0.36307874, -0.36307874, -0.36307874], dtype=float32), array([-0.36463735, -0.36463735, -0.36463735], dtype=float32), array([-0.36600685, -0.36600685, -0.36600685], dtype=float32), array([-0.36864778, -0.36864778, -0.36864778], dtype=float32), array([-0.37098822, -0.37098822, -0.37098822], dtype=float32)]",1,0,0,0,0,0,55.723357664233575,61.54817518248176,40000,9.78,0.0003813284931859099,0.00016611487101116342,2000,40000,9.78,2000,0.34175466397546406,0.15295982360839844,20.0,0.0013802934991,-0.05711567401885986,999.0,9.904814214678481e-05,30969,658.7993774414062,0.0028453380800783634,0.4722185432910919,1.0,81158,0.0,7.3616211011540145e-06,0.3490036129951477,619380,341.32050384814397,20.0,0.0393447157605,0.0013802934991,0.0,999.0,23810,30969,619380,1.0,0.0,341.31988481787903,0,104968,61938,1860000,93000,1238760,1024.9897981598558,6055923.149361022,6390388.50724718,10.5,0.0001558577563723718,1.0067001111072869,0.18015407528757008,1.0067001111072869,10.02,0.002337877080426551,20.0,100,40100,2.0,6.448526282082693e-05,2,1000,50,0.00033193103890942374,2,9.5,2000,0.00023821564418549315,0.0005456117018625887,100,10.02,2000,10.02,100,1.7275108278483916e-05,3.0035964824506712e-05,3.0203213769775057e-05,2.3289009335985662e-05,0.00016053535762423503,5.081883822057278e-05,6.958365952716719e-06,7.911447577717618e-06,2.073277440543598e-05,4.54367833518861e-05,3.45500660265802e-05,0.05671004443228888,0.006851953590487185,0.05314890959418666,0.175549444084538,0.029657367480843588,0.018861624489964732,0.00018312471536774348,108066,87.68466186523438,0.0021029736381024122,0.4722185730934143,601.0,1.0,-0.0019375330302864313,0.3473889,2161320,0.15752935409545898,620.0,-0.0929182767868042,498.0,108066,601.0,0.0,2161320,498.0,620.0,216132,13020000,4322640,651000,10596.159440318641,4.887393240370339e-05,1.0260117942415827e-05,2.8474885683458786e-05,6.434447200842141e-05,9.636852641614684e-06,4.323875594832019e-05,3.184947206659589e-05,0.00022486540737426614,4.377679577191796e-05,7.199486134390434e-05,2.467768280130184e-05
1,42000,False,21,d1c92_00000,2025-08-17_21-02-22,1755464542,97.25090098381042,1983.2246832847595,685852,intrinsic-attention2,10.156.0.3,1983.2246832847595,21,94.60623188965499,1.5501297771311944e-05,94.60596081338058,2.6882885005782553,91.56622822677937,0.0020183923978267663,2.0,1.0067001111073661,4.807992408345959e-05,2,20.0,21000,9.95,10.5,1000,0.0002599580038804561,2,9.5,2000,0.00010474437981593725,1.0067001111073661,42000,0.001581442430469906,2.657854856019901,558.9308665580509,2000.0,3000.0,"[array([[3.5504779e-01, 2.7601359e-02, 6.1735076e-01],
       [1.9495720e-01, 2.7973662e-04, 8.0476308e-01],
       [3.8074401e-01, 7.0268452e-02, 5.4898751e-01]], dtype=float32), array([[4.5407355e-01, 4.9919579e-02, 4.9600682e-01],
       [4.2336592e-01, 1.8892727e-04, 5.7644522e-01],
       [4.5049173e-01, 6.1732270e-02, 4.8777589e-01]], dtype=float32), array([[4.5432305e-01, 4.9109988e-02, 4.9656695e-01],
       [4.2271692e-01, 1.7491158e-04, 5.7710809e-01],
       [4.5078948e-01, 6.0865823e-02, 4.8834473e-01]], dtype=float32), array([[4.5362297e-01, 5.2716084e-02, 4.9366102e-01],
       [4.2657721e-01, 2.3182041e-04, 5.7319093e-01],
       [4.4988886e-01, 6.4553700e-02, 4.8555744e-01]], dtype=float32), array([[3.6085492e-01, 3.2033436e-02, 6.0711163e-01],
       [2.0870140e-01, 4.2289204e-04, 7.9087567e-01],
       [3.8269180e-01, 7.6518588e-02, 5.4078960e-01]], dtype=float32), array([[4.5173573e-01, 6.0420446e-02, 4.8784387e-01],
       [4.3259820e-01, 3.6424771e-04, 5.6703752e-01],
       [4.4756612e-01, 7.2658643e-02, 4.7977519e-01]], dtype=float32), array([[4.2440984e-01, 4.5460902e-02, 5.3012931e-01],
       [3.3431196e-01, 3.3280498e-04, 6.6535527e-01],
       [4.2316297e-01, 7.2221331e-02, 5.0461566e-01]], dtype=float32), array([[4.2407665e-01, 4.8152994e-02, 5.2777040e-01],
       [3.3792681e-01, 4.2334659e-04, 6.6164982e-01],
       [4.2234632e-01, 7.5448826e-02, 5.0220484e-01]], dtype=float32), array([[3.6793122e-01, 3.9370451e-02, 5.9269834e-01],
       [2.2780876e-01, 7.4907765e-04, 7.7144217e-01],
       [3.8465828e-01, 8.6525649e-02, 5.2881604e-01]], dtype=float32), array([[0.445606  , 0.07400631, 0.48038766],
       [0.43641979, 0.00101375, 0.5625664 ],
       [0.44079998, 0.08753623, 0.47166377]], dtype=float32), array([[0.43927523, 0.08799849, 0.47272626],
       [0.43987015, 0.00242731, 0.5577026 ],
       [0.43400073, 0.10243162, 0.4635677 ]], dtype=float32), array([[0.39880255, 0.08370501, 0.5174924 ],
       [0.33901948, 0.00658775, 0.6543927 ],
       [0.39578438, 0.12357197, 0.48064363]], dtype=float32), array([[0.42609933, 0.11695531, 0.45694545],
       [0.4446389 , 0.01027147, 0.5450896 ],
       [0.4204442 , 0.1319242 , 0.44763154]], dtype=float32), array([[0.43377057, 0.12905866, 0.4371708 ],
       [0.4853747 , 0.01901579, 0.49560943],
       [0.43305185, 0.13053837, 0.43640974]], dtype=float32), array([[0.38192305, 0.17050669, 0.4475702 ],
       [0.38721097, 0.06866696, 0.54412204],
       [0.37507847, 0.20079415, 0.4241274 ]], dtype=float32), array([[0.37751833, 0.22490942, 0.3975722 ],
       [0.40853626, 0.13518752, 0.4562762 ],
       [0.37330598, 0.23585972, 0.3908343 ]], dtype=float32), array([[0.36212292, 0.25815275, 0.37972432],
       [0.3797857 , 0.20656872, 0.41364565],
       [0.35926047, 0.26601592, 0.37472358]], dtype=float32), array([[0.3487725 , 0.2878231 , 0.36340442],
       [0.3561411 , 0.26422903, 0.3796299 ],
       [0.34708446, 0.29302788, 0.35988766]], dtype=float32), array([[0.34556314, 0.30715948, 0.34727734],
       [0.35065413, 0.29619718, 0.35314876],
       [0.3453466 , 0.30762485, 0.34702852]], dtype=float32), array([[0.33013907, 0.32656422, 0.34329674],
       [0.33002406, 0.32632497, 0.34365097],
       [0.3305507 , 0.32742283, 0.3420265 ]], dtype=float32), array([[0.33265403, 0.33343384, 0.3339121 ],
       [0.33266124, 0.33343276, 0.33390597],
       [0.33266568, 0.3334321 , 0.3339022 ]], dtype=float32), array([[0.32367057, 0.34373948, 0.33258998],
       [0.32628763, 0.34090063, 0.33281174],
       [0.32485235, 0.34245563, 0.33269203]], dtype=float32), array([[0.33236596, 0.34266067, 0.32497332],
       [0.3325437 , 0.3410465 , 0.32640982],
       [0.332232  , 0.34385276, 0.32391518]], dtype=float32), array([[0.31479558, 0.35638812, 0.32881632],
       [0.3251936 , 0.34334958, 0.3314569 ],
       [0.31843898, 0.3517881 , 0.32977286]], dtype=float32), array([[0.3208877 , 0.35443357, 0.32467872],
       [0.32769865, 0.3428486 , 0.32945272],
       [0.32169485, 0.353056  , 0.32524914]], dtype=float32), array([[0.31817436, 0.3573588 , 0.32446682],
       [0.32913867, 0.33992776, 0.33093363],
       [0.32002804, 0.35439226, 0.3255797 ]], dtype=float32), array([[0.3173247 , 0.35938603, 0.3232893 ],
       [0.3304874 , 0.3379232 , 0.33158937],
       [0.3193022 , 0.35613728, 0.32456052]], dtype=float32), array([[0.31701064, 0.36037186, 0.32261747],
       [0.33160958, 0.336162  , 0.33222848],
       [0.31901807, 0.35701632, 0.32396558]], dtype=float32), array([[0.31073162, 0.36678138, 0.32248697],
       [0.33438453, 0.33180925, 0.33380616],
       [0.3160332 , 0.35881948, 0.32514727]], dtype=float32), array([[0.31171185, 0.36736608, 0.3209221 ],
       [0.33528167, 0.33032128, 0.33439702],
       [0.31590912, 0.36067346, 0.32341748]], dtype=float32), array([[0.3166858 , 0.3646601 , 0.31865412],
       [0.33406913, 0.33195496, 0.33397597],
       [0.31746173, 0.36319432, 0.319344  ]], dtype=float32)]","[array([-0.37234226, -0.37234226, -0.37234226], dtype=float32), array([nan, nan, nan], dtype=float32), array([-0.37755412, -0.37755412, -0.37755412], dtype=float32), array([nan, nan, nan], dtype=float32), array([-0.3662902, -0.3662902, -0.3662902], dtype=float32), array([-0.3609511, -0.3609511, -0.3609511], dtype=float32), array([-0.35097456, -0.35097456, -0.35097456], dtype=float32), array([nan, nan, nan], dtype=float32), array([nan, nan, nan], dtype=float32), array([-0.30382243, -0.30382243, -0.30382243], dtype=float32), array([-0.28396595, -0.28396595, -0.28396595], dtype=float32), array([nan, nan, nan], dtype=float32), array([-0.2414193, -0.2414193, -0.2414193], dtype=float32), array([-0.2157311, -0.2157311, -0.2157311], dtype=float32), array([nan, nan, nan], dtype=float32), array([nan, nan, nan], dtype=float32), array([nan, nan, nan], dtype=float32), array([-0.0868039, -0.0868039, -0.0868039], dtype=float32), array([-0.06040395, -0.06040395, -0.06040395], dtype=float32), array([nan, nan, nan], dtype=float32), array([0.00124398, 0.00124398, 0.00124398], dtype=float32), array([0.03912975, 0.03912975, 0.03912975], dtype=float32), array([nan, nan, nan], dtype=float32), array([nan, nan, nan], dtype=float32), array([0.1364022, 0.1364022, 0.1364022], dtype=float32), array([0.17224681, 0.17224681, 0.17224681], dtype=float32), array([nan, nan, nan], dtype=float32), array([0.2426837, 0.2426837, 0.2426837], dtype=float32), array([nan, nan, nan], dtype=float32), array([0.31194055, 0.31194055, 0.31194055], dtype=float32), array([0.3479923, 0.3479923, 0.3479923], dtype=float32)]","[array([-0.37234223, -0.37234223, -0.37234223], dtype=float32), array([-0.37552074, -0.37552074, -0.37552074], dtype=float32), array([-0.3775541, -0.3775541, -0.3775541], dtype=float32), array([-0.37406313, -0.37406313, -0.37406313], dtype=float32), array([-0.36629015, -0.36629015, -0.36629015], dtype=float32), array([-0.3609511, -0.3609511, -0.3609511], dtype=float32), array([-0.3509746, -0.3509746, -0.3509746], dtype=float32), array([-0.34001058, -0.34001058, -0.34001058], dtype=float32), array([-0.31823638, -0.31823638, -0.31823638], dtype=float32), array([-0.30382246, -0.30382246, -0.30382246], dtype=float32), array([-0.283966, -0.283966, -0.283966], dtype=float32), array([-0.26350117, -0.26350117, -0.26350117], dtype=float32), array([-0.2414193, -0.2414193, -0.2414193], dtype=float32), array([-0.21573113, -0.21573113, -0.21573113], dtype=float32), array([-0.18367068, -0.18367068, -0.18367068], dtype=float32), array([-0.14687613, -0.14687613, -0.14687613], dtype=float32), array([-0.11546109, -0.11546109, -0.11546109], dtype=float32), array([-0.08680391, -0.08680391, -0.08680391], dtype=float32), array([-0.06040395, -0.06040395, -0.06040395], dtype=float32), array([-0.03911626, -0.03911626, -0.03911626], dtype=float32), array([0.00124398, 0.00124398, 0.00124398], dtype=float32), array([0.03912974, 0.03912974, 0.03912974], dtype=float32), array([0.07353073, 0.07353073, 0.07353073], dtype=float32), array([0.10164417, 0.10164417, 0.10164417], dtype=float32), array([0.13640222, 0.13640222, 0.13640222], dtype=float32), array([0.17224684, 0.17224684, 0.17224684], dtype=float32), array([0.20675899, 0.20675899, 0.20675899], dtype=float32), array([0.24268366, 0.24268366, 0.24268366], dtype=float32), array([0.2775297, 0.2775297, 0.2775297], dtype=float32), array([0.3119406, 0.3119406, 0.3119406], dtype=float32), array([0.34799236, 0.34799236, 0.34799236], dtype=float32)]",1,0,0,0,0,0,55.471014492753625,60.53478260869566,42000,9.95,0.0003711631323494977,0.00016122697128916725,2000,42000,9.95,2000,0.34158222517561204,0.17704471945762634,21.0,0.0013802934991,-0.06901085376739502,999.0,4.9524071073392406e-05,30969,250.57969665527344,0.00219968194141984,0.4722185432910919,1.0,81158,0.0,-0.014390145428478718,0.33457252383232117,650349,340.8550602700862,21.0,0.0393447157605,0.0013802934991,0.0,999.0,23810,30969,650349,1.0,0.0,340.85447492509195,0,104968,61938,1953000,93000,1300698,1023.5918996096699,6053217.735003188,6389563.979290802,10.5,0.0001543658064855391,1.0067001111073501,0.18022571428465842,1.0067001111073501,10.02,0.0023138384099001996,21.0,100,42100,2.0,6.389297910538064e-05,2,1050,50,0.00033068074849477167,2,9.5,2100,0.00023733974816077342,0.0005406371311002713,100,10.02,2100,10.02,100,1.6846159190563588e-05,2.970790707637729e-05,2.9731416176327962e-05,2.2550582451784387e-05,0.00015548141620975317,4.914400379537768e-05,6.772766292397752e-06,7.719438345546606e-06,2.0078701408450584e-05,4.4005460073037165e-05,3.384306009441862e-05,0.056700209348078054,0.006853506974643961,0.05311799954823018,0.17543358571372358,0.029662054196150353,0.018836683814994266,0.00018295730829886843,108066,92.80391693115234,0.0007499909843318164,0.4722185730934143,631.0,1.0,-0.0014647633070126176,0.34762976,2269386,0.16845865547657013,651.0,0.005416989326477051,498.0,108066,631.0,0.0,2269386,498.0,651.0,216132,13671000,4538772,651000,10524.71503811437,4.890691226334555e-05,1.018115719733432e-05,2.825277764511439e-05,6.442924651072914e-05,9.566677433741828e-06,4.306411268328024e-05,3.1718892743161294e-05,0.00022226288981726136,4.3154656942933647e-05,7.200854736033432e-05,2.41923160459862e-05
1,44000,False,22,d1c92_00000,2025-08-17_21-03-53,1755464633,91.05469989776611,2074.2793831825256,685852,intrinsic-attention2,10.156.0.3,2074.2793831825256,22,94.56893631732848,1.5488834773099296e-05,94.56866396072675,2.688301333762535,91.52905693043151,0.002016777533751301,2.0,1.0067001111073661,4.567820643299791e-05,2,21.0,22000,10.0,10.5,1000,0.0002599580038804561,2,9.5,2000,9.691342267754567e-05,1.0067001111073661,44000,0.001507229860726511,2.657869462309681,544.8136214697392,2000.0,3000.0,"[array([[0.31978372, 0.35990125, 0.320315  ],
       [0.33658502, 0.326967  , 0.33644798],
       [0.32002455, 0.3594285 , 0.32054695]], dtype=float32), array([[0.31109303, 0.36949828, 0.31940866],
       [0.3390284 , 0.32425174, 0.33671987],
       [0.3154118 , 0.36239016, 0.32219803]], dtype=float32), array([[0.31117508, 0.36958238, 0.31924254],
       [0.339125  , 0.32403845, 0.33683652],
       [0.3153709 , 0.36263645, 0.32199267]], dtype=float32), array([[0.32075945, 0.3608891 , 0.31835145],
       [0.33498093, 0.3296976 , 0.33532152],
       [0.31982383, 0.36292684, 0.3172494 ]], dtype=float32), array([[0.31871563, 0.36336228, 0.3179221 ],
       [0.33436787, 0.3312038 , 0.33442834],
       [0.31841102, 0.36398694, 0.31760207]], dtype=float32), array([[0.31841677, 0.36318195, 0.31840134],
       [0.33389714, 0.33220503, 0.33389777],
       [0.31841093, 0.36319357, 0.3183955 ]], dtype=float32), array([[0.3197716 , 0.36003232, 0.32019615],
       [0.33476254, 0.33052266, 0.3347148 ],
       [0.31994238, 0.35969567, 0.3203619 ]], dtype=float32), array([[0.318097  , 0.36194417, 0.3199588 ],
       [0.33399868, 0.3320892 , 0.33391213],
       [0.3188263 , 0.36056957, 0.32060406]], dtype=float32), array([[0.31889817, 0.3623945 , 0.31870738],
       [0.33212382, 0.33576933, 0.33210683],
       [0.3188351 , 0.36252123, 0.31864357]], dtype=float32), array([[0.32031977, 0.35952073, 0.32015947],
       [0.33235815, 0.3352963 , 0.3323455 ],
       [0.32026672, 0.3596275 , 0.32010582]], dtype=float32), array([[0.31650528, 0.36317006, 0.32032463],
       [0.3312515 , 0.33699957, 0.3317489 ],
       [0.31780335, 0.36085257, 0.3213441 ]], dtype=float32), array([[0.3194868 , 0.36133513, 0.3191781 ],
       [0.33039635, 0.33927602, 0.33032754],
       [0.31939983, 0.36151087, 0.31908932]], dtype=float32), array([[0.31697968, 0.36366656, 0.31935373],
       [0.33007464, 0.33935344, 0.33057195],
       [0.31769863, 0.3623269 , 0.31997454]], dtype=float32), array([[0.31690446, 0.3637578 , 0.31933784],
       [0.33049336, 0.3385702 , 0.33093634],
       [0.31766674, 0.36233926, 0.319994  ]], dtype=float32), array([[0.3152393 , 0.3644375 , 0.32032323],
       [0.3320295 , 0.335554  , 0.33241647],
       [0.317107  , 0.36119884, 0.3216942 ]], dtype=float32), array([[0.320515  , 0.35936764, 0.32011735],
       [0.33311322, 0.3337808 , 0.33310598],
       [0.32037586, 0.35965002, 0.31997415]], dtype=float32), array([[0.32120577, 0.35969728, 0.31909695],
       [0.33154923, 0.33722913, 0.3312216 ],
       [0.32059172, 0.36102515, 0.31838313]], dtype=float32), array([[0.31662482, 0.3631214 , 0.32025388],
       [0.33089435, 0.33765426, 0.33145142],
       [0.3178227 , 0.36097145, 0.32120588]], dtype=float32), array([[0.31692037, 0.36257562, 0.32050404],
       [0.328297  , 0.34226146, 0.32944158],
       [0.3178778 , 0.36085838, 0.32126385]], dtype=float32), array([[0.31886965, 0.36077753, 0.32035282],
       [0.32736987, 0.3446276 , 0.3280025 ],
       [0.3191917 , 0.36016458, 0.32064366]], dtype=float32), array([[0.31957966, 0.3596777 , 0.32074264],
       [0.32725662, 0.34495655, 0.32778677],
       [0.31981742, 0.3592212 , 0.3209614 ]], dtype=float32), array([[0.32218376, 0.35819417, 0.31962213],
       [0.32724088, 0.34695753, 0.3258016 ],
       [0.32179865, 0.35904723, 0.3191541 ]], dtype=float32), array([[0.3191131 , 0.36069965, 0.3201872 ],
       [0.32568005, 0.34804603, 0.32627395],
       [0.31929445, 0.3603499 , 0.32035565]], dtype=float32), array([[0.3225418 , 0.35762188, 0.31983632],
       [0.3288882 , 0.3433784 , 0.32773337],
       [0.3220167 , 0.35879546, 0.31918785]], dtype=float32), array([[0.32125568, 0.35779655, 0.32094783],
       [0.33104903, 0.33796287, 0.33098814],
       [0.32116732, 0.3579754 , 0.3208573 ]], dtype=float32), array([[0.31703997, 0.36227965, 0.32068038],
       [0.33232608, 0.3351105 , 0.3325635 ],
       [0.31836128, 0.3599167 , 0.321722  ]], dtype=float32), array([[0.3220344 , 0.35620302, 0.32176265],
       [0.33513787, 0.32967812, 0.33518398],
       [0.32192263, 0.35642913, 0.32164833]], dtype=float32), array([[0.31991336, 0.358102  , 0.32198462],
       [0.3372605 , 0.32612628, 0.33661318],
       [0.3209213 , 0.35623434, 0.32284433]], dtype=float32), array([[0.32026893, 0.3573736 , 0.3223575 ],
       [0.33829817, 0.32425323, 0.33744863],
       [0.32135487, 0.3553674 , 0.32327768]], dtype=float32), array([[0.32483107, 0.3504541 , 0.32471475],
       [0.33485588, 0.33026648, 0.33487767],
       [0.32478312, 0.35055068, 0.32466617]], dtype=float32), array([[0.32598078, 0.3468956 , 0.3271236 ],
       [0.3335071 , 0.33301365, 0.33347932],
       [0.32640728, 0.34610716, 0.3274856 ]], dtype=float32)]","[array([nan, nan, nan], dtype=float32), array([nan, nan, nan], dtype=float32), array([nan, nan, nan], dtype=float32), array([nan, nan, nan], dtype=float32), array([nan, nan, nan], dtype=float32), array([nan, nan, nan], dtype=float32), array([nan, nan, nan], dtype=float32), array([nan, nan, nan], dtype=float32), array([nan, nan, nan], dtype=float32), array([nan, nan, nan], dtype=float32), array([nan, nan, nan], dtype=float32), array([nan, nan, nan], dtype=float32), array([nan, nan, nan], dtype=float32), array([nan, nan, nan], dtype=float32), array([nan, nan, nan], dtype=float32), array([nan, nan, nan], dtype=float32), array([nan, nan, nan], dtype=float32), array([nan, nan, nan], dtype=float32), array([nan, nan, nan], dtype=float32), array([nan, nan, nan], dtype=float32), array([nan, nan, nan], dtype=float32), array([nan, nan, nan], dtype=float32), array([nan, nan, nan], dtype=float32), array([nan, nan, nan], dtype=float32), array([nan, nan, nan], dtype=float32), array([nan, nan, nan], dtype=float32), array([nan, nan, nan], dtype=float32), array([nan, nan, nan], dtype=float32), array([nan, nan, nan], dtype=float32), array([nan, nan, nan], dtype=float32), array([nan, nan, nan], dtype=float32)]","[array([0.3799786, 0.3799786, 0.3799786], dtype=float32), array([0.40953636, 0.40953636, 0.40953636], dtype=float32), array([0.4367628, 0.4367628, 0.4367628], dtype=float32), array([0.4642066, 0.4642066, 0.4642066], dtype=float32), array([0.4901919, 0.4901919, 0.4901919], dtype=float32), array([0.51289374, 0.51289374, 0.51289374], dtype=float32), array([0.5493111, 0.5493111, 0.5493111], dtype=float32), array([0.58154684, 0.58154684, 0.58154684], dtype=float32), array([0.6106244, 0.6106244, 0.6106244], dtype=float32), array([0.6363391, 0.6363391, 0.6363391], dtype=float32), array([0.65992284, 0.65992284, 0.65992284], dtype=float32), array([0.6753928, 0.6753928, 0.6753928], dtype=float32), array([0.6881837, 0.6881837, 0.6881837], dtype=float32), array([0.6998358, 0.6998358, 0.6998358], dtype=float32), array([0.70790744, 0.70790744, 0.70790744], dtype=float32), array([0.72491103, 0.72491103, 0.72491103], dtype=float32), array([0.7398665, 0.7398665, 0.7398665], dtype=float32), array([0.7530225, 0.7530225, 0.7530225], dtype=float32), array([0.7957124, 0.7957124, 0.7957124], dtype=float32), array([0.83228123, 0.83228123, 0.83228123], dtype=float32), array([0.8662213, 0.8662213, 0.8662213], dtype=float32), array([0.8980514, 0.8980514, 0.8980514], dtype=float32), array([0.92941296, 0.92941296, 0.92941296], dtype=float32), array([0.9383468, 0.9383468, 0.9383468], dtype=float32), array([0.9468459, 0.9468459, 0.9468459], dtype=float32), array([0.95095164, 0.95095164, 0.95095164], dtype=float32), array([0.9554922, 0.9554922, 0.9554922], dtype=float32), array([0.9618179, 0.9618179, 0.9618179], dtype=float32), array([0.97087, 0.97087, 0.97087], dtype=float32), array([0.98995036, 0.98995036, 0.98995036], dtype=float32), array([1.0046026, 1.0046026, 1.0046026], dtype=float32)]",1,0,0,0,0,0,54.97923076923077,59.93307692307692,44000,10.0,0.00035480633051226647,0.00015788199544780658,2000,44000,10.0,2000,0.34145972151385967,0.18479767441749573,22.0,0.0013802934991,-1.0,999.0,2.4762035536696203e-05,30969,93.72944641113281,0.0003589334955904633,0.4722185432910919,1.0,81158,0.0,-0.0003980287292506546,0.34855374693870544,681318,341.1146705986771,22.0,0.0393447157605,0.0013802934991,0.0,999.0,23810,30969,681318,1.0,0.0,341.11411234077013,0,104968,61938,2046000,93000,1362636,1024.3713528225956,6063845.943248707,6399829.572203127,10.5,0.00013802016343594908,1.0067001111073648,0.18003867402182994,1.0067001111073648,9.82,0.002144946318876464,22.0,100,44100,2.0,5.7439919924414046e-05,2,1100,50,0.0003292568210337374,2,-10.5,2200,0.00020902582010881845,0.0004817617870716239,100,9.82,2200,9.82,100,1.5860704568319046e-05,2.8341138481832055e-05,2.8809933723732032e-05,2.1972469520813236e-05,0.00014697191227615932,4.651025055470417e-05,7.030557703705473e-06,7.43942247627355e-06,1.963217062838759e-05,4.2518303233500804e-05,3.3302237716045864e-05,0.05670468679468269,0.0068506348449303015,0.05308373379266833,0.17538081038649567,0.029642511904262675,0.018815914866802737,0.00018291669528716035,108066,98.18614959716797,0.0007862966740503907,0.4722185730934143,661.0,1.0,0.00038828334072604775,0.34946948,2377452,0.18234306573867798,682.0,-0.07620275020599365,498.0,108066,661.0,0.0,2377452,498.0,682.0,216132,14322000,4754904,651000,10471.815743650774,4.319508711825424e-05,9.111085138767474e-06,2.5293600360986727e-05,5.809538998552981e-05,8.298545312695694e-06,3.818377853986249e-05,2.8438785476769098e-05,0.00020007742002340294,3.8268353255859054e-05,6.535668019573488e-05,2.1984582686224546e-05
1,46000,False,23,d1c92_00000,2025-08-17_21-05-25,1755464725,92.06422019004822,2166.343603372574,685852,intrinsic-attention2,10.156.0.3,2166.343603372574,23,94.5418202170152,1.5464236416288876e-05,94.54154648269942,2.6914546255648566,91.49883404293722,0.002013304018389126,2.0,1.0067001111073661,4.756218744734077e-05,2,22.0,23000,9.96,10.5,1000,0.0002599580038804561,2,9.5,2000,0.0001022806709602416,1.0067001111073661,46000,0.001559713719470892,2.661028950376637,530.765462305122,2000.0,3000.0,"[array([[0.32724822, 0.34417495, 0.3285768 ],
       [0.33207023, 0.33557907, 0.33235076],
       [0.32763702, 0.3434805 , 0.32888243]], dtype=float32), array([[0.32990825, 0.34015414, 0.3299376 ],
       [0.33205625, 0.33587646, 0.3320673 ],
       [0.3299145 , 0.34014165, 0.3299438 ]], dtype=float32), array([[0.3304643 , 0.33831227, 0.33122343],
       [0.33191168, 0.33579862, 0.3322897 ],
       [0.33060595, 0.33806613, 0.33132792]], dtype=float32), array([[0.3324362 , 0.33544132, 0.33212247],
       [0.33275476, 0.33469322, 0.33255202],
       [0.33240277, 0.33551988, 0.3320774 ]], dtype=float32), array([[0.33285052, 0.3342927 , 0.33285683],
       [0.33298838, 0.33401877, 0.33299288],
       [0.3328511 , 0.3342915 , 0.3328574 ]], dtype=float32), array([[0.3337425 , 0.33263147, 0.333626  ],
       [0.33364537, 0.33279806, 0.3335566 ],
       [0.33373234, 0.3326489 , 0.33361876]], dtype=float32), array([[0.33456054, 0.3312355 , 0.3342039 ],
       [0.33435097, 0.33159354, 0.33405542],
       [0.3345382 , 0.33127373, 0.33418807]], dtype=float32), array([[0.334929  , 0.33069572, 0.3343753 ],
       [0.3347434 , 0.33100224, 0.3342544 ],
       [0.33490485, 0.33073556, 0.33435956]], dtype=float32), array([[0.3343957 , 0.33072865, 0.33487558],
       [0.33433914, 0.3308675 , 0.3347933 ],
       [0.33440307, 0.33071065, 0.3348863 ]], dtype=float32), array([[0.33479777, 0.33065775, 0.33454448],
       [0.33475694, 0.3307323 , 0.33451077],
       [0.3347953 , 0.33066228, 0.33454245]], dtype=float32), array([[0.33481634, 0.33099553, 0.3341881 ],
       [0.33481595, 0.3309962 , 0.3341879 ],
       [0.33481628, 0.33099568, 0.33418807]], dtype=float32), array([[0.3345221 , 0.3313537 , 0.3341242 ],
       [0.33454874, 0.3313093 , 0.33414188],
       [0.33452544, 0.33134815, 0.3341264 ]], dtype=float32), array([[0.33440873, 0.33155364, 0.33403763],
       [0.3344524 , 0.33148143, 0.33406618],
       [0.33441436, 0.33154428, 0.3340413 ]], dtype=float32), array([[0.33418766, 0.3317397 , 0.33407265],
       [0.3342302 , 0.33166033, 0.33410946],
       [0.33418965, 0.33173597, 0.3340744 ]], dtype=float32), array([[0.33384132, 0.33196434, 0.3341944 ],
       [0.33386543, 0.3318992 , 0.33423534],
       [0.3338368 , 0.33197653, 0.3341867 ]], dtype=float32), array([[0.33380988, 0.33202922, 0.33416092],
       [0.3338353 , 0.33195958, 0.33420512],
       [0.33380488, 0.33204287, 0.33415222]], dtype=float32), array([[0.33447817, 0.3318187 , 0.33370307],
       [0.33459052, 0.3316703 , 0.33373922],
       [0.3345108 , 0.33177555, 0.33371356]], dtype=float32), array([[0.33411875, 0.33207327, 0.333808  ],
       [0.33418456, 0.3319677 , 0.3338477 ],
       [0.33412874, 0.33205727, 0.33381402]], dtype=float32), array([[0.3337636 , 0.3323401 , 0.33389628],
       [0.3337922 , 0.33227408, 0.33393374],
       [0.33376095, 0.33234623, 0.3338928 ]], dtype=float32), array([[0.33411416, 0.3322815 , 0.33360437],
       [0.33419183, 0.33217692, 0.33363122],
       [0.3341357 , 0.33225244, 0.3336118 ]], dtype=float32), array([[0.33385795, 0.3325156 , 0.3336264 ],
       [0.3339028 , 0.3324458 , 0.33365145],
       [0.3338657 , 0.3325036 , 0.33363074]], dtype=float32), array([[0.3338285 , 0.33256683, 0.3336046 ],
       [0.33387122, 0.33250082, 0.333628  ],
       [0.3338361 , 0.33255517, 0.3336088 ]], dtype=float32), array([[0.33382702, 0.33257326, 0.33359966],
       [0.3338688 , 0.33250898, 0.3336222 ],
       [0.3338346 , 0.33256164, 0.33360374]], dtype=float32), array([[0.33349943, 0.33276   , 0.33374056],
       [0.3335082 , 0.33272988, 0.333762  ],
       [0.3334966 , 0.3327698 , 0.3337336 ]], dtype=float32), array([[0.3337153 , 0.33268246, 0.33360222],
       [0.33374622, 0.33262977, 0.33362398],
       [0.3337187 , 0.3326767 , 0.3336046 ]], dtype=float32), array([[0.33370382, 0.33270743, 0.33358872],
       [0.3337323 , 0.33265933, 0.33360836],
       [0.33370712, 0.33270192, 0.333591  ]], dtype=float32), array([[0.3336804 , 0.3327525 , 0.33356714],
       [0.33370647, 0.33270875, 0.3335847 ],
       [0.33368355, 0.33274716, 0.33356926]], dtype=float32), array([[0.33385393, 0.33271554, 0.3334306 ],
       [0.33390737, 0.3326521 , 0.33344048],
       [0.33387378, 0.33269197, 0.33343425]], dtype=float32), array([[0.33346346, 0.33294296, 0.33359358],
       [0.33346975, 0.33292416, 0.33360615],
       [0.3334619 , 0.33294767, 0.33359045]], dtype=float32), array([[0.33358827, 0.33292526, 0.33348644],
       [0.3336055 , 0.33289778, 0.33349678],
       [0.33359092, 0.33292106, 0.33348802]], dtype=float32), array([[0.33341622, 0.33303735, 0.33354643],
       [0.33341938, 0.33302602, 0.33355463],
       [0.33341512, 0.33304125, 0.33354363]], dtype=float32)]","[array([nan, nan, nan], dtype=float32), array([1.0265447, 1.0265447, 1.0265447], dtype=float32), array([1.0307046, 1.0307046, 1.0307046], dtype=float32), array([nan, nan, nan], dtype=float32), array([1.0344373, 1.0344373, 1.0344373], dtype=float32), array([1.0223782, 1.0223782, 1.0223782], dtype=float32), array([nan, nan, nan], dtype=float32), array([0.9900001, 0.9900001, 0.9900001], dtype=float32), array([0.98291874, 0.98291874, 0.98291874], dtype=float32), array([0.9778718, 0.9778718, 0.9778718], dtype=float32), array([nan, nan, nan], dtype=float32), array([nan, nan, nan], dtype=float32), array([0.9735807, 0.9735807, 0.9735807], dtype=float32), array([nan, nan, nan], dtype=float32), array([1.0011501, 1.0011501, 1.0011501], dtype=float32), array([1.0132787, 1.0132787, 1.0132787], dtype=float32), array([1.0257542, 1.0257542, 1.0257542], dtype=float32), array([nan, nan, nan], dtype=float32), array([nan, nan, nan], dtype=float32), array([1.0570267, 1.0570267, 1.0570267], dtype=float32), array([1.0614784, 1.0614784, 1.0614784], dtype=float32), array([nan, nan, nan], dtype=float32), array([1.0647936, 1.0647936, 1.0647936], dtype=float32), array([1.0662804, 1.0662804, 1.0662804], dtype=float32), array([1.064438, 1.064438, 1.064438], dtype=float32), array([nan, nan, nan], dtype=float32), array([nan, nan, nan], dtype=float32), array([nan, nan, nan], dtype=float32), array([1.0583283, 1.0583283, 1.0583283], dtype=float32), array([nan, nan, nan], dtype=float32), array([nan, nan, nan], dtype=float32)]","[array([1.016939, 1.016939, 1.016939], dtype=float32), array([1.0265447, 1.0265447, 1.0265447], dtype=float32), array([1.0307046, 1.0307046, 1.0307046], dtype=float32), array([1.035589, 1.035589, 1.035589], dtype=float32), array([1.0344373, 1.0344373, 1.0344373], dtype=float32), array([1.022378, 1.022378, 1.022378], dtype=float32), array([1.0163134, 1.0163134, 1.0163134], dtype=float32), array([0.98999995, 0.98999995, 0.98999995], dtype=float32), array([0.9829187, 0.9829187, 0.9829187], dtype=float32), array([0.97787184, 0.97787184, 0.97787184], dtype=float32), array([0.9740122, 0.9740122, 0.9740122], dtype=float32), array([0.97010714, 0.97010714, 0.97010714], dtype=float32), array([0.9735806, 0.9735806, 0.9735806], dtype=float32), array([0.987957, 0.987957, 0.987957], dtype=float32), array([1.0011501, 1.0011501, 1.0011501], dtype=float32), array([1.0132788, 1.0132788, 1.0132788], dtype=float32), array([1.0257541, 1.0257541, 1.0257541], dtype=float32), array([1.0397453, 1.0397453, 1.0397453], dtype=float32), array([1.0508498, 1.0508498, 1.0508498], dtype=float32), array([1.0570267, 1.0570267, 1.0570267], dtype=float32), array([1.0614785, 1.0614785, 1.0614785], dtype=float32), array([1.0629613, 1.0629613, 1.0629613], dtype=float32), array([1.0647936, 1.0647936, 1.0647936], dtype=float32), array([1.0662804, 1.0662804, 1.0662804], dtype=float32), array([1.0644379, 1.0644379, 1.0644379], dtype=float32), array([1.0637828, 1.0637828, 1.0637828], dtype=float32), array([1.0631998, 1.0631998, 1.0631998], dtype=float32), array([1.0607101, 1.0607101, 1.0607101], dtype=float32), array([1.0583284, 1.0583284, 1.0583284], dtype=float32), array([1.0554906, 1.0554906, 1.0554906], dtype=float32), array([1.0531396, 1.0531396, 1.0531396], dtype=float32)]",1,0,0,0,0,0,55.76287878787879,60.04318181818182,46000,9.96,0.00036964983525394175,0.00016193855294743616,2000,46000,9.96,2000,0.34142783414869615,0.1747530996799469,23.0,0.0013802934991,-0.0048487186431884766,999.0,1.2381017768348102e-05,30969,76.71683502197266,0.003029212821274996,0.4722185432910919,1.0,81158,0.0,-0.018569275736808777,0.3303964138031006,712287,341.17825876043264,23.0,0.0393447157605,0.0013802934991,0.0,999.0,23810,30969,712287,1.0,0.0,341.17772400960797,0,104968,61938,2139000,93000,1424574,1024.5621602785916,6081378.989954961,6419657.144571106,10.5,0.00015239230192694728,1.0067001111073661,0.18011790944151576,1.0067001111073661,9.82,0.0021434056191355923,23.0,100,46100,2.0,6.192280808707587e-05,2,1150,50,0.0003277884029181625,2,-10.5,2300,0.00022990141089515372,0.0005294468445135653,100,9.82,2300,9.82,100,1.6840800009336183e-05,2.927258494453525e-05,2.9715457315456357e-05,2.28084236948511e-05,0.00015503539876290053,4.8622707079943177e-05,6.777837176231911e-06,7.611938298941532e-06,2.0246906241056524e-05,4.4535684713370603e-05,3.373838938418335e-05,0.05670026764665483,0.006849676796475085,0.053049935374744166,0.1754233607625452,0.02963305563519776,0.01878834007811746,0.00018271226844150654,108066,99.13469696044922,0.0037003210745751858,0.4722185730934143,691.0,1.0,0.000653801194857806,0.35021606,2485518,0.17217260599136353,713.0,0.02043282985687256,498.0,108066,691.0,0.0,2485518,498.0,713.0,216132,14973000,4971036,651000,10419.115715369695,4.705819770817193e-05,1.0102394329787874e-05,2.7362600194421113e-05,6.246442945546864e-05,9.361880146506701e-06,4.229571140047547e-05,3.142360038237136e-05,0.00021844636252712162,4.158901406260022e-05,7.03604222783239e-05,2.428068408073562e-05
1,48000,False,24,d1c92_00000,2025-08-17_21-06-58,1755464818,93.0915105342865,2259.4351139068604,685852,intrinsic-attention2,10.156.0.3,2259.4351139068604,24,94.52529600020495,1.5422884059119326e-05,94.52502171256248,2.6920335982892536,91.48180705974782,0.002011928648246176,2.0,1.0067001111073661,4.76132550937992e-05,2,23.0,24000,10.08,10.5,1000,0.0002599580038804561,2,9.5,2000,0.00010264432896795305,1.0067001111073661,48000,0.0015686113601259422,2.6616144041929144,516.8145112125953,2000.0,3000.0,"[array([[0.3333708 , 0.33312297, 0.3335063 ],
       [0.3333718 , 0.3331174 , 0.33351085],
       [0.33337024, 0.333126  , 0.33350378]], dtype=float32), array([[0.333304  , 0.33321792, 0.33347812],
       [0.3333037 , 0.3332168 , 0.3334795 ],
       [0.33330455, 0.33322012, 0.33347532]], dtype=float32), array([[0.33328915, 0.33324763, 0.33346328],
       [0.3332889 , 0.33324718, 0.33346388],
       [0.33329   , 0.3332493 , 0.3334607 ]], dtype=float32), array([[0.33362317, 0.33310702, 0.33326972],
       [0.33364156, 0.33309278, 0.33326575],
       [0.33363578, 0.33309728, 0.33326703]], dtype=float32), array([[0.33361748, 0.33313122, 0.33325127],
       [0.3336349 , 0.3331188 , 0.33324623],
       [0.33363065, 0.3331219 , 0.3332475 ]], dtype=float32), array([[0.33325768, 0.33330625, 0.33343616],
       [0.3332581 , 0.33330637, 0.33343554],
       [0.33325928, 0.3333068 , 0.33343393]], dtype=float32), array([[0.33344072, 0.33321166, 0.33334768],
       [0.3334436 , 0.3332083 , 0.333348  ],
       [0.33344188, 0.3332103 , 0.3333478 ]], dtype=float32), array([[0.33318627, 0.33334652, 0.33346722],
       [0.3331891 , 0.33334628, 0.33346465],
       [0.33319125, 0.33334604, 0.3334627 ]], dtype=float32), array([[0.33359617, 0.33316883, 0.33323503],
       [0.33361077, 0.3331597 , 0.33322954],
       [0.3336085 , 0.33316112, 0.33323038]], dtype=float32), array([[0.33355844, 0.33323792, 0.33320364],
       [0.3335681 , 0.3332338 , 0.33319807],
       [0.33356914, 0.3332334 , 0.33319747]], dtype=float32), array([[0.33318168, 0.33345672, 0.3333617 ],
       [0.33318698, 0.3334523 , 0.33336064],
       [0.33318517, 0.33345383, 0.333361  ]], dtype=float32), array([[0.3333168 , 0.33343992, 0.3332433 ],
       [0.33331704, 0.33343816, 0.33324474],
       [0.33331662, 0.33344093, 0.33324245]], dtype=float32), array([[0.3332547 , 0.3335484 , 0.3331969 ],
       [0.33325797, 0.33353946, 0.3332026 ],
       [0.33325407, 0.33355018, 0.3331958 ]], dtype=float32), array([[0.3332691 , 0.33360133, 0.33312958],
       [0.33327183, 0.33358985, 0.33313826],
       [0.33326796, 0.33360615, 0.33312595]], dtype=float32), array([[0.33317533, 0.3336922 , 0.3331325 ],
       [0.33318657, 0.3336666 , 0.3331468 ],
       [0.33317438, 0.3336943 , 0.3331313 ]], dtype=float32), array([[0.33295628, 0.33386314, 0.33318055],
       [0.33299965, 0.33380222, 0.33319816],
       [0.332967  , 0.33384806, 0.3331849 ]], dtype=float32), array([[0.33336562, 0.33369863, 0.33293578],
       [0.33336416, 0.33368236, 0.33295345],
       [0.33336747, 0.3337196 , 0.3329129 ]], dtype=float32), array([[0.33286482, 0.33401296, 0.3331222 ],
       [0.33292827, 0.33392087, 0.3331508 ],
       [0.33287907, 0.3339923 , 0.33312863]], dtype=float32), array([[0.33334798, 0.33380467, 0.3328474 ],
       [0.33334717, 0.33377925, 0.33287358],
       [0.3333488 , 0.33383256, 0.33281863]], dtype=float32), array([[0.3332662 , 0.33389807, 0.33283573],
       [0.3332709 , 0.33385867, 0.33287045],
       [0.333263  , 0.33392498, 0.33281207]], dtype=float32), array([[0.33334482, 0.33387795, 0.33277723],
       [0.3333442 , 0.33384728, 0.33280855],
       [0.3333455 , 0.33391067, 0.33274385]], dtype=float32), array([[0.33294806, 0.33412987, 0.33292204],
       [0.3329885 , 0.33404633, 0.3329652 ],
       [0.33294716, 0.33413172, 0.3329211 ]], dtype=float32), array([[0.33335373, 0.33390778, 0.3327385 ],
       [0.33335268, 0.33387786, 0.33276942],
       [0.3333549 , 0.33394104, 0.33270404]], dtype=float32), array([[0.3330281 , 0.33408546, 0.33288643],
       [0.333059  , 0.33400932, 0.33293164],
       [0.33302397, 0.3340957 , 0.33288038]], dtype=float32), array([[0.33327836, 0.33399966, 0.33272198],
       [0.33328193, 0.33395657, 0.3327615 ],
       [0.3332756 , 0.33403295, 0.33269146]], dtype=float32), array([[0.33298337, 0.3341905 , 0.33282608],
       [0.3330173 , 0.33410755, 0.33287516],
       [0.33297896, 0.33420134, 0.33281967]], dtype=float32), array([[0.33298984, 0.33416864, 0.33284152],
       [0.33302656, 0.33407936, 0.3328941 ],
       [0.3329852 , 0.3341799 , 0.3328349 ]], dtype=float32), array([[0.33323488, 0.33410463, 0.33266056],
       [0.33324364, 0.33403596, 0.33272037],
       [0.33322904, 0.33415005, 0.33262098]], dtype=float32), array([[0.33319882, 0.33412653, 0.33267465],
       [0.3332139 , 0.33403793, 0.33274817],
       [0.33319032, 0.33417672, 0.33263302]], dtype=float32), array([[0.33275324, 0.3342825 , 0.3329643 ],
       [0.3328874 , 0.3340629 , 0.3330497 ],
       [0.33277178, 0.3342521 , 0.33297607]], dtype=float32), array([[0.3331731 , 0.3338608 , 0.33296612],
       [0.33320233, 0.33376464, 0.33303306],
       [0.33316427, 0.3338898 , 0.33294594]], dtype=float32)]","[array([nan, nan, nan], dtype=float32), array([nan, nan, nan], dtype=float32), array([nan, nan, nan], dtype=float32), array([nan, nan, nan], dtype=float32), array([nan, nan, nan], dtype=float32), array([nan, nan, nan], dtype=float32), array([nan, nan, nan], dtype=float32), array([nan, nan, nan], dtype=float32), array([nan, nan, nan], dtype=float32), array([nan, nan, nan], dtype=float32), array([nan, nan, nan], dtype=float32), array([nan, nan, nan], dtype=float32), array([nan, nan, nan], dtype=float32), array([nan, nan, nan], dtype=float32), array([nan, nan, nan], dtype=float32), array([nan, nan, nan], dtype=float32), array([nan, nan, nan], dtype=float32), array([nan, nan, nan], dtype=float32), array([nan, nan, nan], dtype=float32), array([nan, nan, nan], dtype=float32), array([nan, nan, nan], dtype=float32), array([nan, nan, nan], dtype=float32), array([nan, nan, nan], dtype=float32), array([nan, nan, nan], dtype=float32), array([nan, nan, nan], dtype=float32), array([nan, nan, nan], dtype=float32), array([nan, nan, nan], dtype=float32), array([nan, nan, nan], dtype=float32), array([nan, nan, nan], dtype=float32), array([nan, nan, nan], dtype=float32), array([nan, nan, nan], dtype=float32)]","[array([1.0516217, 1.0516217, 1.0516217], dtype=float32), array([1.057189, 1.057189, 1.057189], dtype=float32), array([1.0627489, 1.0627489, 1.0627489], dtype=float32), array([1.0705831, 1.0705831, 1.0705831], dtype=float32), array([1.078494, 1.078494, 1.078494], dtype=float32), array([1.0928239, 1.0928239, 1.0928239], dtype=float32), array([1.1033298, 1.1033298, 1.1033298], dtype=float32), array([1.1068562, 1.1068562, 1.1068562], dtype=float32), array([1.1110708, 1.1110708, 1.1110708], dtype=float32), array([1.1368629, 1.1368629, 1.1368629], dtype=float32), array([1.164794, 1.164794, 1.164794], dtype=float32), array([1.1859763, 1.1859763, 1.1859763], dtype=float32), array([1.2284443, 1.2284443, 1.2284443], dtype=float32), array([1.2600138, 1.2600138, 1.2600138], dtype=float32), array([1.2893199, 1.2893199, 1.2893199], dtype=float32), array([1.3098674, 1.3098674, 1.3098674], dtype=float32), array([1.3246677, 1.3246677, 1.3246677], dtype=float32), array([1.3291972, 1.3291972, 1.3291972], dtype=float32), array([1.3281934, 1.3281934, 1.3281934], dtype=float32), array([1.3192998, 1.3192998, 1.3192998], dtype=float32), array([1.3083427, 1.3083427, 1.3083427], dtype=float32), array([1.2990979, 1.2990979, 1.2990979], dtype=float32), array([1.2862886, 1.2862886, 1.2862886], dtype=float32), array([1.2819283, 1.2819283, 1.2819283], dtype=float32), array([1.2743843, 1.2743843, 1.2743843], dtype=float32), array([1.2667115, 1.2667115, 1.2667115], dtype=float32), array([1.2552711, 1.2552711, 1.2552711], dtype=float32), array([1.2692056, 1.2692056, 1.2692056], dtype=float32), array([1.2828715, 1.2828715, 1.2828715], dtype=float32), array([1.2916667, 1.2916667, 1.2916667], dtype=float32), array([1.2956153, 1.2956153, 1.2956153], dtype=float32)]",1,0,0,0,0,0,55.067669172932334,60.07218045112782,48000,10.08,0.0003705130049489624,0.0001625497195257194,2000,48000,10.08,2000,0.34136319925726494,0.17684072256088257,24.0,0.0013802934991,-1.0,999.0,6.190508884174051e-06,30969,19142.291015625,0.0017462789546698332,0.4722185432910919,1.0,81158,0.0,-0.0019577473867684603,0.3470050096511841,743256,341.2316755153736,24.0,0.0393447157605,0.0013802934991,0.0,999.0,23810,30969,743256,1.0,0.0,341.23116568408614,0,104968,61938,2232000,93000,1486512,1024.7224301264007,6094631.587789426,6431782.9542491855,10.5,0.00015091694750840538,1.0067001111073661,0.1801535540470965,1.0067001111073661,10.02,0.0022799964700243435,24.0,100,48100,2.0,6.187225527825506e-05,2,1200,50,0.00032636680892579335,2,9.5,2400,0.0002292262190275025,0.0005275876266467205,100,10.02,2400,10.02,100,1.6880926397571892e-05,2.9512915268392673e-05,3.007609085183766e-05,2.291258021373271e-05,0.0001557732749611777,4.877189534545626e-05,6.81605251333905e-06,7.81881674256466e-06,2.0405236769401308e-05,4.4820187961395154e-05,3.386238792912095e-05,0.05670199476029051,0.00685843057845841,0.053033472961,0.1753969940648521,0.029617658268779202,0.018769006177276414,0.00018260418576744873,108066,100.93702697753906,0.001148498267866671,0.4722185730934143,721.0,1.0,-2.8880245736218058e-05,0.34913427,2593584,0.1650288850069046,744.0,-0.07873761653900146,498.0,108066,721.0,0.0,2593584,498.0,744.0,216132,15624000,5187168,651000,10371.88248139089,4.711212630372516e-05,9.983969537363671e-06,2.7329955913458123e-05,6.162002733114e-05,9.492811137395016e-06,4.2003717154406726e-05,3.1000960265650567e-05,0.00021673551499406122,4.237365565491141e-05,7.017180921823413e-05,2.3758261352484578e-05
1,50000,False,25,d1c92_00000,2025-08-17_21-08-29,1755464909,91.24184727668762,2350.676961183548,685852,intrinsic-attention2,10.156.0.3,2350.676961183548,25,94.49038129313298,1.5415545306745465e-05,94.49010579657696,2.7041549777863407,91.43374353122047,0.0020092420017793276,2.0,1.0067001111073661,6.475460802827805e-05,2,24.0,25000,10.0,10.5,1000,0.0002599580038804561,2,9.5,2000,0.00016543117857289826,1.0067001111073661,50000,0.00236612071050331,2.6735173648310027,502.9847749041578,2000.0,3000.0,"[array([[0.33321014, 0.3336074 , 0.33318248],
       [0.33324143, 0.33353785, 0.33322078],
       [0.333208  , 0.33361226, 0.33317983]], dtype=float32), array([[0.33340544, 0.33317387, 0.33342072],
       [0.33338505, 0.33321887, 0.33339602],
       [0.33340675, 0.3331709 , 0.33342233]], dtype=float32), array([[0.3335997 , 0.33288845, 0.33351192],
       [0.3335092 , 0.3330395 , 0.33345127],
       [0.3335885 , 0.33290705, 0.33350444]], dtype=float32), array([[0.33355856, 0.3327431 , 0.3336984 ],
       [0.33349475, 0.33291027, 0.33359498],
       [0.33356947, 0.33271447, 0.3337161 ]], dtype=float32), array([[0.3337571 , 0.33257568, 0.33366716],
       [0.33360112, 0.33285454, 0.3335443 ],
       [0.33374524, 0.33259687, 0.33365783]], dtype=float32), array([[0.33408487, 0.33203208, 0.33388305],
       [0.333805  , 0.3325166 , 0.33367845],
       [0.33405742, 0.33207956, 0.333863  ]], dtype=float32), array([[0.3343075 , 0.33175766, 0.3339349 ],
       [0.33389643, 0.33242232, 0.33368132],
       [0.3342476 , 0.33185437, 0.33389798]], dtype=float32), array([[0.33418202, 0.33178946, 0.33402845],
       [0.33383274, 0.33242476, 0.33374247],
       [0.33415973, 0.3318301 , 0.3340102 ]], dtype=float32), array([[0.33379614, 0.33246785, 0.33373597],
       [0.3336064 , 0.33282268, 0.33357093],
       [0.3337876 , 0.33248392, 0.33372855]], dtype=float32), array([[0.33363235, 0.33279002, 0.3335777 ],
       [0.33350617, 0.33301926, 0.33347458],
       [0.33362415, 0.33280486, 0.333571  ]], dtype=float32), array([[0.3328759 , 0.33420923, 0.3329148 ],
       [0.33305064, 0.3338746 , 0.33307466],
       [0.33288106, 0.3341995 , 0.3329195 ]], dtype=float32), array([[0.3322699 , 0.33531702, 0.33241314],
       [0.3326635 , 0.33458272, 0.33275387],
       [0.33228847, 0.33528233, 0.3324292 ]], dtype=float32), array([[0.33184218, 0.33600196, 0.33215585],
       [0.3324539 , 0.3349067 , 0.3326393 ],
       [0.33188862, 0.33591884, 0.3321926 ]], dtype=float32), array([[0.33106795, 0.33736333, 0.33156872],
       [0.331967  , 0.335763  , 0.33227003],
       [0.33114013, 0.3372348 , 0.3316251 ]], dtype=float32), array([[0.33067352, 0.33827797, 0.33104858],
       [0.33168733, 0.3363923 , 0.33192033],
       [0.3307241 , 0.3381838 , 0.33109206]], dtype=float32), array([[0.33035174, 0.3397441 , 0.32990417],
       [0.33125588, 0.3378016 , 0.33094257],
       [0.33030793, 0.33983815, 0.32985386]], dtype=float32), array([[0.32883215, 0.34112948, 0.33003834],
       [0.33038202, 0.33844098, 0.33117703],
       [0.32898688, 0.34086093, 0.3301522 ]], dtype=float32), array([[0.32811704, 0.34223336, 0.3296496 ],
       [0.32976577, 0.33941472, 0.33081958],
       [0.3282996 , 0.341921  , 0.32977942]], dtype=float32), array([[0.32833055, 0.34255895, 0.3291105 ],
       [0.32966253, 0.34009963, 0.33023775],
       [0.32840514, 0.34242117, 0.32917368]], dtype=float32), array([[0.32910213, 0.3423286 , 0.32856923],
       [0.3300411 , 0.34033436, 0.32962453],
       [0.32906345, 0.34241077, 0.32852578]], dtype=float32), array([[0.33100143, 0.34176934, 0.32722917],
       [0.33132547, 0.34061214, 0.32806242],
       [0.33088502, 0.34218413, 0.3269309 ]], dtype=float32), array([[0.32973295, 0.34292325, 0.32734382],
       [0.33031932, 0.3413706 , 0.32831007],
       [0.32962397, 0.34321147, 0.3271646 ]], dtype=float32), array([[0.32696253, 0.34500337, 0.32803416],
       [0.3282356 , 0.3426672 , 0.3290972 ],
       [0.32704014, 0.3448608 , 0.32809904]], dtype=float32), array([[0.32911295, 0.34313652, 0.3277505 ],
       [0.32971653, 0.34173876, 0.32854468],
       [0.32905287, 0.34327564, 0.3276715 ]], dtype=float32), array([[0.32896346, 0.34251437, 0.32852212],
       [0.32949492, 0.34139878, 0.3291062 ],
       [0.3289458 , 0.3425515 , 0.32850268]], dtype=float32), array([[0.32613295, 0.34347764, 0.33038944],
       [0.3270035 , 0.34224397, 0.33075246],
       [0.32635078, 0.3431687 , 0.33048046]], dtype=float32), array([[0.3287832 , 0.3415603 , 0.3296564 ],
       [0.3291552 , 0.3408867 , 0.3299581 ],
       [0.3288091 , 0.34151345, 0.32967743]], dtype=float32), array([[0.3324199 , 0.3395703 , 0.3280098 ],
       [0.33245662, 0.33932704, 0.3282164 ],
       [0.33239678, 0.33972302, 0.3278802 ]], dtype=float32), array([[0.3336077 , 0.3385448 , 0.32784757],
       [0.3336016 , 0.33841625, 0.3279821 ],
       [0.33361483, 0.33869717, 0.32768804]], dtype=float32), array([[0.3280202 , 0.34076238, 0.3312174 ],
       [0.3283125 , 0.3403518 , 0.3313357 ],
       [0.3280946 , 0.34065783, 0.3312475 ]], dtype=float32), array([[0.33038378, 0.3385638 , 0.33105242],
       [0.33048725, 0.33838004, 0.33113265],
       [0.33039233, 0.3385486 , 0.33105907]], dtype=float32)]","[array([nan, nan, nan], dtype=float32), array([1.3027151, 1.3027151, 1.3027151], dtype=float32), array([1.307482, 1.307482, 1.307482], dtype=float32), array([nan, nan, nan], dtype=float32), array([1.3148354, 1.3148354, 1.3148354], dtype=float32), array([1.3142899, 1.3142899, 1.3142899], dtype=float32), array([1.3135152, 1.3135152, 1.3135152], dtype=float32), array([nan, nan, nan], dtype=float32), array([nan, nan, nan], dtype=float32), array([nan, nan, nan], dtype=float32), array([nan, nan, nan], dtype=float32), array([1.3903004, 1.3903004, 1.3903004], dtype=float32), array([1.396038, 1.396038, 1.396038], dtype=float32), array([nan, nan, nan], dtype=float32), array([1.3895584, 1.3895584, 1.3895584], dtype=float32), array([1.3804781, 1.3804781, 1.3804781], dtype=float32), array([nan, nan, nan], dtype=float32), array([1.355719, 1.355719, 1.355719], dtype=float32), array([nan, nan, nan], dtype=float32), array([1.3272611, 1.3272611, 1.3272611], dtype=float32), array([1.3089322, 1.3089322, 1.3089322], dtype=float32), array([nan, nan, nan], dtype=float32), array([1.2551308, 1.2551308, 1.2551308], dtype=float32), array([nan, nan, nan], dtype=float32), array([1.2482038, 1.2482038, 1.2482038], dtype=float32), array([nan, nan, nan], dtype=float32), array([1.2340245, 1.2340245, 1.2340245], dtype=float32), array([nan, nan, nan], dtype=float32), array([nan, nan, nan], dtype=float32), array([1.2035664, 1.2035664, 1.2035664], dtype=float32), array([1.1856717, 1.1856717, 1.1856717], dtype=float32)]","[array([1.2962507, 1.2962507, 1.2962507], dtype=float32), array([1.3027152, 1.3027152, 1.3027152], dtype=float32), array([1.3074819, 1.3074819, 1.3074819], dtype=float32), array([1.3112642, 1.3112642, 1.3112642], dtype=float32), array([1.3148353, 1.3148353, 1.3148353], dtype=float32), array([1.3142899, 1.3142899, 1.3142899], dtype=float32), array([1.313515, 1.313515, 1.313515], dtype=float32), array([1.3354338, 1.3354338, 1.3354338], dtype=float32), array([1.3545268, 1.3545268, 1.3545268], dtype=float32), array([1.3700289, 1.3700289, 1.3700289], dtype=float32), array([1.3853627, 1.3853627, 1.3853627], dtype=float32), array([1.3903006, 1.3903006, 1.3903006], dtype=float32), array([1.396038, 1.396038, 1.396038], dtype=float32), array([1.3933506, 1.3933506, 1.3933506], dtype=float32), array([1.3895587, 1.3895587, 1.3895587], dtype=float32), array([1.380478, 1.380478, 1.380478], dtype=float32), array([1.369821, 1.369821, 1.369821], dtype=float32), array([1.3557187, 1.3557187, 1.3557187], dtype=float32), array([1.3401262, 1.3401262, 1.3401262], dtype=float32), array([1.3272611, 1.3272611, 1.3272611], dtype=float32), array([1.3089321, 1.3089321, 1.3089321], dtype=float32), array([1.2849218, 1.2849218, 1.2849218], dtype=float32), array([1.2551308, 1.2551308, 1.2551308], dtype=float32), array([1.2525432, 1.2525432, 1.2525432], dtype=float32), array([1.2482035, 1.2482035, 1.2482035], dtype=float32), array([1.2394831, 1.2394831, 1.2394831], dtype=float32), array([1.2340243, 1.2340243, 1.2340243], dtype=float32), array([1.2273351, 1.2273351, 1.2273351], dtype=float32), array([1.2165953, 1.2165953, 1.2165953], dtype=float32), array([1.2035664, 1.2035664, 1.2035664], dtype=float32), array([1.1856716, 1.1856716, 1.1856716], dtype=float32)]",1,0,0,0,0,0,55.220769230769235,60.056923076923084,50000,10.0,0.0005498299623331985,0.0002449663484932188,2000,50000,10.0,2000,0.3423960980346206,0.21128560602664948,25.0,0.0013802934991,-1.0,999.0,3.0952544420870254e-06,30969,22967.9921875,0.005763627588748932,0.4722185432910919,1.0,81158,0.0,-0.012175488285720348,0.336739718914032,774225,341.6182725755873,25.0,0.0393447157605,0.0013802934991,0.0,999.0,23810,30969,774225,1.0,0.0,341.61778452204703,0,104968,61938,2325000,93000,1548450,1025.8832454973408,6112587.831804118,6452162.198973409,10.5,0.00015595785271683375,1.0067001111073661,0.18024633783664748,1.0067001111073661,9.62,0.0022927200197591447,25.0,100,50100,2.0,6.378058102595351e-05,2,1250,50,0.0003251734608790841,2,-10.5,2500,0.00023666116758470134,0.0005460439236573617,100,9.62,2500,9.62,100,2.4564719514631903e-05,4.4814282426562485e-05,4.543442255592875e-05,3.193746432331336e-05,0.0002205394258970777,7.614747593357173e-05,1.0045917312273825e-05,1.096051041902989e-05,2.8545550198965044e-05,6.637600774999607e-05,5.122846125654026e-05,0.057123528772738526,0.006901751022757166,0.05338268569130738,0.17559953530423655,0.02964566471611628,0.018753826485533715,0.00018263742392860864,108066,100.09939575195312,0.005320682656019926,0.4722185730934143,751.0,1.0,-0.005170167423784733,0.34459874,2701650,0.21061497926712036,775.0,-0.17264366149902344,498.0,108066,751.0,0.0,2701650,498.0,775.0,216132,16275000,5403300,651000,10332.78274918884,4.8588871990241376e-05,1.0193053265231864e-05,2.8247599181969773e-05,6.394696353724065e-05,9.516234534453873e-06,4.3156746821337036e-05,3.2124429176847794e-05,0.00022495836054520343,4.401506283724026e-05,7.222885863200289e-05,2.4886400227827556e-05
1,52000,False,26,d1c92_00000,2025-08-17_21-10-05,1755465005,96.04456520080566,2446.7215263843536,685852,intrinsic-attention2,10.156.0.3,2446.7215263843536,26,94.50388545626163,1.5408109830006325e-05,94.50360802147114,2.714481751898446,91.43462361181831,0.0020148749118130346,2.0,1.0067001111073661,4.842380692677743e-05,2,25.0,26000,9.41,10.5,1000,0.0002599580038804561,2,-9.5,2000,0.00010403458121447829,1.0067001111073661,52000,0.001556847230094718,2.683856464912797,489.3008301086309,2000.0,3000.0,"[array([[0.33112496, 0.3372067 , 0.33166832],
       [0.33117384, 0.33712092, 0.33170527],
       [0.33112937, 0.33719897, 0.33167166]], dtype=float32), array([[0.3342568 , 0.33446017, 0.33128303],
       [0.33425614, 0.33445933, 0.33128455],
       [0.3342668 , 0.3344724 , 0.3312607 ]], dtype=float32), array([[0.33733013, 0.3319574 , 0.33071253],
       [0.337401  , 0.3319329 , 0.33066612],
       [0.3374176 , 0.33192715, 0.33065525]], dtype=float32), array([[0.3352698 , 0.33215407, 0.33257616],
       [0.3352889 , 0.3321424 , 0.33256865],
       [0.33528632, 0.332144  , 0.33256966]], dtype=float32), array([[0.3339426 , 0.33205846, 0.33399892],
       [0.33394584, 0.33205175, 0.33400247],
       [0.3339425 , 0.33205867, 0.33399883]], dtype=float32), array([[0.33444855, 0.3311391 , 0.3344123 ],
       [0.33445898, 0.33111864, 0.3344224 ],
       [0.33444867, 0.33113888, 0.33441243]], dtype=float32), array([[0.32991308, 0.33267283, 0.33741412],
       [0.3299375 , 0.33267766, 0.33738485],
       [0.329979  , 0.33268586, 0.33733517]], dtype=float32), array([[0.32996088, 0.33191305, 0.3381261 ],
       [0.32997715, 0.33191997, 0.3381029 ],
       [0.3300283 , 0.33194172, 0.33803   ]], dtype=float32), array([[0.34118673, 0.3257842 , 0.33302906],
       [0.34147915, 0.32550538, 0.3330155 ],
       [0.34133992, 0.32563815, 0.333022  ]], dtype=float32), array([[0.33583498, 0.32784957, 0.33631548],
       [0.33588177, 0.3277469 , 0.33637136],
       [0.33583218, 0.32785565, 0.33631214]], dtype=float32), array([[0.33155915, 0.32924822, 0.33919263],
       [0.33155   , 0.32922736, 0.33922267],
       [0.331589  , 0.32931617, 0.33909485]], dtype=float32), array([[0.3373953 , 0.32575834, 0.3368464 ],
       [0.33749428, 0.32557392, 0.3369318 ],
       [0.33739987, 0.32574975, 0.33685035]], dtype=float32), array([[0.33141875, 0.3282523 , 0.34032902],
       [0.33140597, 0.32821894, 0.34037516],
       [0.33145404, 0.32834437, 0.34020156]], dtype=float32), array([[0.34270793, 0.32232505, 0.334967  ],
       [0.34309965, 0.32186976, 0.33503065],
       [0.34285387, 0.3221554 , 0.33499074]], dtype=float32), array([[0.33836856, 0.32398927, 0.33764216],
       [0.33850875, 0.3237295 , 0.3377617 ],
       [0.3383755 , 0.3239764 , 0.3376481 ]], dtype=float32), array([[0.3265153 , 0.34422243, 0.32926235],
       [0.32674256, 0.3438577 , 0.32939976],
       [0.32655135, 0.34416455, 0.32928413]], dtype=float32), array([[0.33912292, 0.32261103, 0.33826616],
       [0.33930045, 0.32228273, 0.3384168 ],
       [0.3391319 , 0.32259434, 0.33827376]], dtype=float32), array([[0.34512562, 0.31929857, 0.33557582],
       [0.3457022 , 0.31862104, 0.33567673],
       [0.3453336 , 0.31905407, 0.33561233]], dtype=float32), array([[0.34425685, 0.3193655 , 0.3363776 ],
       [0.34475905, 0.31873077, 0.3365102 ],
       [0.3444118 , 0.31916964, 0.33641857]], dtype=float32), array([[0.3400021 , 0.321005  , 0.33899286],
       [0.34022573, 0.32059252, 0.33918175],
       [0.34001368, 0.32098365, 0.33900267]], dtype=float32), array([[0.33881396, 0.3215264 , 0.33965963],
       [0.33898365, 0.32115996, 0.3398563 ],
       [0.33880588, 0.32154384, 0.33965024]], dtype=float32), array([[0.33908746, 0.3210907 , 0.33982185],
       [0.3392644 , 0.32071358, 0.34002206],
       [0.33908045, 0.3211057 , 0.33981392]], dtype=float32), array([[0.33901176, 0.3211063 , 0.3398819 ],
       [0.3391888 , 0.32072434, 0.3400869 ],
       [0.3390034 , 0.32112437, 0.3398722 ]], dtype=float32), array([[0.3333733 , 0.32356825, 0.34305844],
       [0.33337235, 0.3234065 , 0.3432211 ],
       [0.33337417, 0.3237234 , 0.34290236]], dtype=float32), array([[0.34044024, 0.32020903, 0.33935076],
       [0.340687  , 0.3197544 , 0.3395586 ],
       [0.34045318, 0.3201852 , 0.33936164]], dtype=float32), array([[0.33351955, 0.32322794, 0.3432525 ],
       [0.333521  , 0.32305562, 0.34342343],
       [0.33351818, 0.32338613, 0.34309572]], dtype=float32), array([[0.33363956, 0.3229505 , 0.3434099 ],
       [0.3336431 , 0.32276782, 0.34358907],
       [0.3336364 , 0.3231125 , 0.34325114]], dtype=float32), array([[0.34086993, 0.31944013, 0.3396899 ],
       [0.34114143, 0.31894094, 0.33991763],
       [0.34088445, 0.31941348, 0.3397021 ]], dtype=float32), array([[0.34102282, 0.31916597, 0.33981124],
       [0.34130412, 0.31864908, 0.34004685],
       [0.34103793, 0.31913817, 0.3398239 ]], dtype=float32), array([[0.3412622 , 0.31873238, 0.3400055 ],
       [0.3415493 , 0.31820506, 0.34024566],
       [0.3412777 , 0.31870386, 0.34001845]], dtype=float32), array([[0.3353783 , 0.32158935, 0.3430324 ],
       [0.33542174, 0.32132706, 0.34325123],
       [0.3353549 , 0.32173038, 0.3429148 ]], dtype=float32)]","[array([1.1626468, 1.1626468, 1.1626468], dtype=float32), array([1.1432346, 1.1432346, 1.1432346], dtype=float32), array([1.1271642, 1.1271642, 1.1271642], dtype=float32), array([1.1119144, 1.1119144, 1.1119144], dtype=float32), array([1.0976762, 1.0976762, 1.0976762], dtype=float32), array([1.0839309, 1.0839309, 1.0839309], dtype=float32), array([1.0714949, 1.0714949, 1.0714949], dtype=float32), array([1.0603696, 1.0603696, 1.0603696], dtype=float32), array([1.0516723, 1.0516723, 1.0516723], dtype=float32), array([1.0434002, 1.0434002, 1.0434002], dtype=float32), array([1.0343317, 1.0343317, 1.0343317], dtype=float32), array([1.0261792, 1.0261792, 1.0261792], dtype=float32), array([1.0178708, 1.0178708, 1.0178708], dtype=float32), array([1.0098921, 1.0098921, 1.0098921], dtype=float32), array([1.0045023, 1.0045023, 1.0045023], dtype=float32), array([0.99974024, 0.99974024, 0.99974024], dtype=float32), array([0.99619544, 0.99619544, 0.99619544], dtype=float32), array([0.9923038, 0.9923038, 0.9923038], dtype=float32), array([0.98936385, 0.98936385, 0.98936385], dtype=float32), array([0.98704726, 0.98704726, 0.98704726], dtype=float32), array([0.98468775, 0.98468775, 0.98468775], dtype=float32), array([0.98279953, 0.98279953, 0.98279953], dtype=float32), array([0.9809336, 0.9809336, 0.9809336], dtype=float32), array([0.97835606, 0.97835606, 0.97835606], dtype=float32), array([0.9765553, 0.9765553, 0.9765553], dtype=float32), array([0.9732786, 0.9732786, 0.9732786], dtype=float32), array([0.97029567, 0.97029567, 0.97029567], dtype=float32), array([0.96699566, 0.96699566, 0.96699566], dtype=float32), array([0.96416706, 0.96416706, 0.96416706], dtype=float32), array([0.96079355, 0.96079355, 0.96079355], dtype=float32), array([0.9562852, 0.9562852, 0.9562852], dtype=float32)]","[array([1.1626467, 1.1626467, 1.1626467], dtype=float32), array([1.1432345, 1.1432345, 1.1432345], dtype=float32), array([1.1271641, 1.1271641, 1.1271641], dtype=float32), array([1.1119145, 1.1119145, 1.1119145], dtype=float32), array([1.0976763, 1.0976763, 1.0976763], dtype=float32), array([1.0839309, 1.0839309, 1.0839309], dtype=float32), array([1.0714949, 1.0714949, 1.0714949], dtype=float32), array([1.0603697, 1.0603697, 1.0603697], dtype=float32), array([1.0516722, 1.0516722, 1.0516722], dtype=float32), array([1.0434, 1.0434, 1.0434], dtype=float32), array([1.0343316, 1.0343316, 1.0343316], dtype=float32), array([1.0261792, 1.0261792, 1.0261792], dtype=float32), array([1.0178708, 1.0178708, 1.0178708], dtype=float32), array([1.0098922, 1.0098922, 1.0098922], dtype=float32), array([1.0045023, 1.0045023, 1.0045023], dtype=float32), array([0.9997404, 0.9997404, 0.9997404], dtype=float32), array([0.9961956, 0.9961956, 0.9961956], dtype=float32), array([0.9923038, 0.9923038, 0.9923038], dtype=float32), array([0.9893638, 0.9893638, 0.9893638], dtype=float32), array([0.9870473, 0.9870473, 0.9870473], dtype=float32), array([0.9846877, 0.9846877, 0.9846877], dtype=float32), array([0.9827996, 0.9827996, 0.9827996], dtype=float32), array([0.9809333, 0.9809333, 0.9809333], dtype=float32), array([0.9783561, 0.9783561, 0.9783561], dtype=float32), array([0.97655505, 0.97655505, 0.97655505], dtype=float32), array([0.9732788, 0.9732788, 0.9732788], dtype=float32), array([0.97029585, 0.97029585, 0.97029585], dtype=float32), array([0.9669954, 0.9669954, 0.9669954], dtype=float32), array([0.96416676, 0.96416676, 0.96416676], dtype=float32), array([0.96079355, 0.96079355, 0.96079355], dtype=float32), array([0.9562852, 0.9562852, 0.9562852], dtype=float32)]",1,0,0,0,0,0,55.31459854014599,60.06204379562044,52000,9.41,0.0003767305620978051,0.00016448523856447205,2000,52000,9.41,2000,0.3446926838142596,0.1981014460325241,26.0,0.0013802934991,-0.03330850601196289,999.0,1.5476272210435127e-06,30969,14848.0927734375,0.005209509748965502,0.4722185432910919,1.0,81158,0.0,-0.016188444569706917,0.33274492621421814,805194,341.3720747295593,26.0,0.0393447157605,0.0013802934991,0.0,999.0,23810,30969,805194,1.0,0.0,341.3716120724755,0,104968,61938,2418000,93000,1610388,1025.1437695151005,6108557.231159811,6447570.345999936,10.5,0.00015028775952434967,1.0067001111073661,0.18026875026826086,1.0067001111073661,9.62,0.002288853369827848,26.0,100,52100,2.0,6.230600968397738e-05,2,1300,50,0.00032384029617597664,2,-10.5,2600,0.00023109519376935926,0.0005263047898977932,100,9.62,2600,9.62,100,1.6968659444704617e-05,3.029257199215866e-05,3.011373078843275e-05,2.3153566050021292e-05,0.00015738310696743885,4.9897024044991896e-05,6.992909411851996e-06,7.870202921704977e-06,2.0736415007286182e-05,4.3696266195903715e-05,3.462582262853338e-05,0.05712488585501949,0.0069111429825361856,0.05571814454443385,0.17557763236123686,0.02963940188891989,0.018730681010707902,0.00018244770970686136,108066,97.83265686035156,0.006121133454144001,0.4722185730934143,781.0,1.0,-0.020786115899682045,0.32910648,2809716,0.21393148601055145,806.0,-0.02036726474761963,498.0,108066,781.0,0.0,2809716,498.0,806.0,216132,16926000,5619432,651000,10284.795980745941,4.8187964886562404e-05,1.00784064532431e-05,2.755625584417323e-05,6.174997869904318e-05,9.299369624271588e-06,4.233096727018504e-05,3.0992642736754306e-05,0.00021540665375873217,4.255151760292551e-05,6.95749459609013e-05,2.4079340005914002e-05
1,54000,False,27,d1c92_00000,2025-08-17_21-11-38,1755465098,92.5981514453888,2539.3196778297424,685852,intrinsic-attention2,10.156.0.3,2539.3196778297424,27,94.48274002253905,1.5391878733626278e-05,94.48246153654638,2.7157442335694646,91.41006724888011,0.0020146262126509544,2.0,1.0067001111073661,4.8652188448940685e-05,2,26.0,27000,10.05,10.5,1000,0.0002599580038804561,2,9.5,2000,0.00010649577042326548,1.0067001111073661,54000,0.001607476688513998,2.685122509823774,475.78033733824776,2000.0,3000.0,"[array([[0.3397841 , 0.3194954 , 0.3407205 ],
       [0.33999798, 0.31903547, 0.34096655],
       [0.33977452, 0.319516  , 0.3407095 ]], dtype=float32), array([[0.34125793, 0.3187546 , 0.3399875 ],
       [0.34155154, 0.31821603, 0.34023255],
       [0.341274  , 0.31872517, 0.34000087]], dtype=float32), array([[0.33990034, 0.31925732, 0.3408423 ],
       [0.34012112, 0.31878302, 0.3410959 ],
       [0.33989063, 0.3192783 , 0.34083113]], dtype=float32), array([[0.33564135, 0.32103834, 0.34332028],
       [0.33569318, 0.32074922, 0.34355763],
       [0.33561498, 0.3211854 , 0.3431996 ]], dtype=float32), array([[0.3420703 , 0.318209  , 0.33972067],
       [0.34241122, 0.31762165, 0.33996707],
       [0.34210283, 0.318153  , 0.33974418]], dtype=float32), array([[0.34548613, 0.31614158, 0.3383723 ],
       [0.34606755, 0.3153287 , 0.3386038 ],
       [0.34562242, 0.31595093, 0.33842665]], dtype=float32), array([[0.33601213, 0.32031795, 0.34366995],
       [0.33607727, 0.31998768, 0.34393507],
       [0.33598137, 0.3204736 , 0.34354505]], dtype=float32), array([[0.3423612 , 0.31732592, 0.34031296],
       [0.34273702, 0.3166624 , 0.3406006 ],
       [0.3423909 , 0.31727344, 0.34033567]], dtype=float32), array([[0.3402921 , 0.31795666, 0.34175125],
       [0.34054017, 0.31740645, 0.3420534 ],
       [0.34027642, 0.31799132, 0.34173217]], dtype=float32), array([[0.34256908, 0.31641483, 0.34101614],
       [0.342984  , 0.31565726, 0.3413587 ],
       [0.3425928 , 0.31637144, 0.34103572]], dtype=float32), array([[0.33707705, 0.3180089 , 0.34491402],
       [0.3371965 , 0.31750134, 0.34530213],
       [0.33702984, 0.31820938, 0.34476086]], dtype=float32), array([[0.35004982, 0.31133002, 0.33862013],
       [0.35124734, 0.30978158, 0.33897108],
       [0.35038897, 0.31089112, 0.3387199 ]], dtype=float32), array([[0.35038188, 0.31083855, 0.33877963],
       [0.35165757, 0.30918553, 0.33915687],
       [0.3507406 , 0.31037328, 0.3388861 ]], dtype=float32), array([[0.34885898, 0.31103253, 0.34010848],
       [0.34998333, 0.3094417 , 0.34057495],
       [0.34910792, 0.31068006, 0.34021205]], dtype=float32), array([[0.3448509 , 0.3123329 , 0.3428162 ],
       [0.34556043, 0.31104505, 0.34339458],
       [0.34489337, 0.3122559 , 0.34285083]], dtype=float32), array([[0.34450856, 0.31297183, 0.34251955],
       [0.3452027 , 0.31171274, 0.3430846 ],
       [0.3445505 , 0.31289586, 0.3425537 ]], dtype=float32), array([[0.35105315, 0.30992132, 0.33902556],
       [0.35252154, 0.30801773, 0.33946073],
       [0.35146394, 0.30938816, 0.33914784]], dtype=float32), array([[0.33798656, 0.31587818, 0.3461353 ],
       [0.33817932, 0.3151285 , 0.34669223],
       [0.3379185 , 0.3161424 , 0.34593916]], dtype=float32), array([[0.34431255, 0.31246746, 0.34321997],
       [0.34499747, 0.3111691 , 0.34383345],
       [0.344335  , 0.31242487, 0.34324008]], dtype=float32), array([[0.34496558, 0.3121947 , 0.3428397 ],
       [0.3457644 , 0.3107499 , 0.34348565],
       [0.3450151 , 0.31210515, 0.34287974]], dtype=float32), array([[0.34329513, 0.3122419 , 0.34446296],
       [0.3439221 , 0.31091046, 0.34516746],
       [0.34327263, 0.31228966, 0.3444377 ]], dtype=float32), array([[0.34335324, 0.3121239 , 0.3445229 ],
       [0.34402224, 0.3107035 , 0.3452743 ],
       [0.34332934, 0.31217462, 0.34449607]], dtype=float32), array([[0.34753764, 0.31012806, 0.3423342 ],
       [0.34866703, 0.30830225, 0.34303072],
       [0.34768736, 0.3098859 , 0.34242672]], dtype=float32), array([[0.34751472, 0.3102955 , 0.34218982],
       [0.3486423 , 0.30848312, 0.34287465],
       [0.34766853, 0.3100481 , 0.3422834 ]], dtype=float32), array([[0.35219613, 0.3084735 , 0.3393304 ],
       [0.35406905, 0.30605537, 0.33987558],
       [0.352722  , 0.3077936 , 0.3394844 ]], dtype=float32), array([[0.33616918, 0.31553704, 0.34829378],
       [0.33628342, 0.31475264, 0.34896392],
       [0.3361048 , 0.31597623, 0.347919  ]], dtype=float32), array([[0.3452731 , 0.31169346, 0.34303346],
       [0.34618315, 0.31005225, 0.34376457],
       [0.34533104, 0.3115889 , 0.34308004]], dtype=float32), array([[0.34575585, 0.31110847, 0.34313565],
       [0.34669474, 0.3094384 , 0.34386685],
       [0.3458236 , 0.310988  , 0.34318846]], dtype=float32), array([[0.33603325, 0.31557176, 0.348395  ],
       [0.33614433, 0.31476736, 0.34908834],
       [0.33596888, 0.31603476, 0.34799635]], dtype=float32), array([[0.3381942 , 0.3146459 , 0.34715983],
       [0.33844388, 0.31364572, 0.34791043],
       [0.33810332, 0.3150089 , 0.3468877 ]], dtype=float32), array([[0.34332108, 0.31228855, 0.34439036],
       [0.34402785, 0.31079522, 0.34517694],
       [0.34329787, 0.31233767, 0.34436452]], dtype=float32)]","[array([0.9527374, 0.9527374, 0.9527374], dtype=float32), array([0.94944996, 0.94944996, 0.94944996], dtype=float32), array([0.94667286, 0.94667286, 0.94667286], dtype=float32), array([0.9440918, 0.9440918, 0.9440918], dtype=float32), array([0.93985146, 0.93985146, 0.93985146], dtype=float32), array([0.93516374, 0.93516374, 0.93516374], dtype=float32), array([0.92997503, 0.92997503, 0.92997503], dtype=float32), array([0.92384094, 0.92384094, 0.92384094], dtype=float32), array([0.9169966, 0.9169966, 0.9169966], dtype=float32), array([0.90999126, 0.90999126, 0.90999126], dtype=float32), array([0.9073035, 0.9073035, 0.9073035], dtype=float32), array([0.9029653, 0.9029653, 0.9029653], dtype=float32), array([0.89770514, 0.89770514, 0.89770514], dtype=float32), array([0.89333797, 0.89333797, 0.89333797], dtype=float32), array([0.88945174, 0.88945174, 0.88945174], dtype=float32), array([0.88286966, 0.88286966, 0.88286966], dtype=float32), array([0.8773861, 0.8773861, 0.8773861], dtype=float32), array([0.87257177, 0.87257177, 0.87257177], dtype=float32), array([0.86928344, 0.86928344, 0.86928344], dtype=float32), array([nan, nan, nan], dtype=float32), array([0.8640353, 0.8640353, 0.8640353], dtype=float32), array([0.86241865, 0.86241865, 0.86241865], dtype=float32), array([0.85787886, 0.85787886, 0.85787886], dtype=float32), array([0.8536855, 0.8536855, 0.8536855], dtype=float32), array([0.8497403, 0.8497403, 0.8497403], dtype=float32), array([0.847033, 0.847033, 0.847033], dtype=float32), array([0.84485596, 0.84485596, 0.84485596], dtype=float32), array([0.8431803, 0.8431803, 0.8431803], dtype=float32), array([0.837709, 0.837709, 0.837709], dtype=float32), array([0.8330492, 0.8330492, 0.8330492], dtype=float32), array([0.82890546, 0.82890546, 0.82890546], dtype=float32)]","[array([0.9527375, 0.9527375, 0.9527375], dtype=float32), array([0.9494497, 0.9494497, 0.9494497], dtype=float32), array([0.9466726, 0.9466726, 0.9466726], dtype=float32), array([0.9440918, 0.9440918, 0.9440918], dtype=float32), array([0.9398515, 0.9398515, 0.9398515], dtype=float32), array([0.9351636, 0.9351636, 0.9351636], dtype=float32), array([0.9299753, 0.9299753, 0.9299753], dtype=float32), array([0.9238407, 0.9238407, 0.9238407], dtype=float32), array([0.9169968, 0.9169968, 0.9169968], dtype=float32), array([0.90999126, 0.90999126, 0.90999126], dtype=float32), array([0.9073036, 0.9073036, 0.9073036], dtype=float32), array([0.9029654, 0.9029654, 0.9029654], dtype=float32), array([0.8977052, 0.8977052, 0.8977052], dtype=float32), array([0.89333814, 0.89333814, 0.89333814], dtype=float32), array([0.88945186, 0.88945186, 0.88945186], dtype=float32), array([0.8828696, 0.8828696, 0.8828696], dtype=float32), array([0.8773861, 0.8773861, 0.8773861], dtype=float32), array([0.8725718, 0.8725718, 0.8725718], dtype=float32), array([0.86928356, 0.86928356, 0.86928356], dtype=float32), array([0.8661574, 0.8661574, 0.8661574], dtype=float32), array([0.8640355, 0.8640355, 0.8640355], dtype=float32), array([0.86241883, 0.86241883, 0.86241883], dtype=float32), array([0.8578788, 0.8578788, 0.8578788], dtype=float32), array([0.8536855, 0.8536855, 0.8536855], dtype=float32), array([0.84974027, 0.84974027, 0.84974027], dtype=float32), array([0.84703296, 0.84703296, 0.84703296], dtype=float32), array([0.844856, 0.844856, 0.844856], dtype=float32), array([0.8431805, 0.8431805, 0.8431805], dtype=float32), array([0.8377092, 0.8377092, 0.8377092], dtype=float32), array([0.833049, 0.833049, 0.833049], dtype=float32), array([0.8289053, 0.8289053, 0.8289053], dtype=float32)]",1,0,0,0,0,0,55.265151515151516,60.078787878787885,54000,10.05,0.0003784146270875641,0.00016406541941356033,2000,54000,10.05,2000,0.3468541715660683,0.20499299466609955,27.0,0.0013802934991,-0.1450575590133667,999.0,7.738136105217563e-07,30969,8490.0478515625,0.0007316023111343384,0.4722185432910919,1.0,81158,0.0,-0.004394449759274721,0.3445294499397278,836163,341.33432320278746,27.0,0.0393447157605,0.0013802934991,0.0,999.0,23810,30969,836163,1.0,0.0,341.3338776276418,0,104968,61938,2511000,93000,1672326,1025.03027850799,6108778.328194913,6450331.859043606,10.5,0.00015591991456022,1.0067001111073661,0.18036780758549387,1.0067001111073661,10.02,0.002292193509929348,27.0,100,54100,2.0,6.427491413936246e-05,2,1350,50,0.00032243608325737197,2,9.5,2700,0.00023853117207276922,0.0005461412989501641,100,10.02,2700,10.02,100,1.6785992246083417e-05,2.998835662731087e-05,3.0515581406632794e-05,2.335180299352939e-05,0.00015889142125384152,5.015484960813475e-05,6.993067197966239e-06,7.847427914059423e-06,2.061627932012103e-05,4.408649196363255e-05,3.458901918389225e-05,0.05711784443650775,0.006906367972747676,0.057920204079074965,0.1755726325776177,0.029626680680068077,0.01871540112064585,0.0001825342126730505,108066,97.21392822265625,0.0009314813069067895,0.4722185730934143,811.0,1.0,-0.0298624150454998,0.31923062,2917782,0.19064128398895264,837.0,-0.01992177963256836,498.0,108066,811.0,0.0,2917782,498.0,837.0,216132,17577000,5835564,651000,10239.759107240761,4.8840722562801035e-05,1.0435137707290577e-05,2.8413557056988442e-05,6.467507596962409e-05,9.586280742453896e-06,4.287264197043731e-05,3.204275519567689e-05,0.000225465671258462,4.354880605416971e-05,7.192923773799629e-05,2.453861343598541e-05
1,56000,False,28,d1c92_00000,2025-08-17_21-13-12,1755465192,93.89690327644348,2633.216581106186,685852,intrinsic-attention2,10.156.0.3,2633.216581106186,28,94.47472678686367,1.5378219890891e-05,94.47444688788102,2.7239920560737074,91.3916744167213,0.002012945490430619,2.0,1.0067001111073661,4.71763718860699e-05,2,27.0,28000,10.0,10.5,1000,0.0002599580038804561,2,9.5,2000,0.00010125590408107506,1.0067001111073661,56000,0.0015618537695263513,2.6933853023555034,462.44220220166284,2000.0,3000.0,"[array([[0.35322568, 0.3081712 , 0.3386032 ],
       [0.35542437, 0.3054518 , 0.33912385],
       [0.3539069 , 0.3073273 , 0.3387658 ]], dtype=float32), array([[0.34511957, 0.31203035, 0.34285015],
       [0.34603682, 0.31038082, 0.34358242],
       [0.34517968, 0.31192222, 0.34289816]], dtype=float32), array([[0.35182497, 0.3095801 , 0.33859488],
       [0.35377735, 0.3071234 , 0.33909926],
       [0.35241002, 0.30884293, 0.33874708]], dtype=float32), array([[0.34263128, 0.31381094, 0.34355778],
       [0.34327683, 0.3124522 , 0.34427088],
       [0.3426114 , 0.31385276, 0.3435358 ]], dtype=float32), array([[0.34447432, 0.31325352, 0.34227222],
       [0.34530944, 0.31175557, 0.34293494],
       [0.34453073, 0.31315225, 0.34231701]], dtype=float32), array([[0.3421689 , 0.31485328, 0.3429778 ],
       [0.34276125, 0.31361184, 0.34362692],
       [0.3421521 , 0.31488857, 0.34295937]], dtype=float32), array([[0.3491344 , 0.31213027, 0.33873537],
       [0.3506297 , 0.31015733, 0.33921295],
       [0.349538  , 0.31159714, 0.33886486]], dtype=float32), array([[0.34761155, 0.31497085, 0.33741754],
       [0.34873545, 0.31354776, 0.33771688],
       [0.3479508 , 0.31454092, 0.3375082 ]], dtype=float32), array([[0.33251584, 0.32402527, 0.3434589 ],
       [0.3324992 , 0.32385638, 0.3436444 ],
       [0.3325366 , 0.32423675, 0.34322673]], dtype=float32), array([[0.33263564, 0.32597074, 0.34139362],
       [0.3326254 , 0.32587162, 0.34150293],
       [0.33264875, 0.32609802, 0.34125325]], dtype=float32), array([[0.33198726, 0.32749155, 0.34052122],
       [0.33197543, 0.32744184, 0.3405827 ],
       [0.33200923, 0.32758406, 0.3404067 ]], dtype=float32), array([[0.33062497, 0.32926023, 0.34011474],
       [0.33061838, 0.32925045, 0.34013113],
       [0.3306699 , 0.3293274 , 0.34000266]], dtype=float32), array([[0.330109  , 0.33067894, 0.33921203],
       [0.33011204, 0.33068144, 0.33920652],
       [0.33015668, 0.33071828, 0.33912504]], dtype=float32), array([[0.3435972 , 0.32487118, 0.3315316 ],
       [0.34389937, 0.3246243 , 0.3314764 ],
       [0.3437899 , 0.32471368, 0.3314964 ]], dtype=float32), array([[0.33561504, 0.3295635 , 0.33482146],
       [0.3356346 , 0.32953122, 0.3348342 ],
       [0.33561757, 0.32955927, 0.33482313]], dtype=float32), array([[0.33508414, 0.33053938, 0.3343765 ],
       [0.33509457, 0.33052272, 0.3343827 ],
       [0.33508575, 0.33053678, 0.33437747]], dtype=float32), array([[0.33446673, 0.33140743, 0.33412588],
       [0.33447096, 0.33140016, 0.33412883],
       [0.33446717, 0.33140662, 0.33412617]], dtype=float32), array([[0.33410746, 0.3321782 , 0.33371437],
       [0.33410916, 0.33217573, 0.3337152 ],
       [0.3341078 , 0.3321777 , 0.33371451]], dtype=float32), array([[0.33379182, 0.33291838, 0.33328974],
       [0.33379227, 0.33291805, 0.3332897 ],
       [0.33379206, 0.33291817, 0.3332897 ]], dtype=float32), array([[0.3334957 , 0.3334877 , 0.33301666],
       [0.3334957 , 0.3334877 , 0.33301666],
       [0.33349577, 0.33348772, 0.33301648]], dtype=float32), array([[0.32772505, 0.33706194, 0.33521304],
       [0.32777104, 0.33703125, 0.3351977 ],
       [0.32776207, 0.33703727, 0.3352007 ]], dtype=float32), array([[0.33283982, 0.334675  , 0.3324851 ],
       [0.3328406 , 0.33467305, 0.3324864 ],
       [0.33283973, 0.33467543, 0.33248487]], dtype=float32), array([[0.33270097, 0.3349325 , 0.33236653],
       [0.33270204, 0.33492982, 0.33236817],
       [0.3327008 , 0.3349329 , 0.3323663 ]], dtype=float32), array([[0.3272945 , 0.33761537, 0.33509016],
       [0.32733697, 0.33758512, 0.3350779 ],
       [0.3273267 , 0.33759242, 0.33508083]], dtype=float32), array([[0.3348376 , 0.33379373, 0.33136874],
       [0.33483854, 0.333794  , 0.33136743],
       [0.33484083, 0.33379468, 0.33136442]], dtype=float32), array([[0.33293983, 0.33470383, 0.33235633],
       [0.3329402 , 0.33470243, 0.33235732],
       [0.33293965, 0.33470428, 0.332356  ]], dtype=float32), array([[0.33856288, 0.33177584, 0.32966128],
       [0.33858168, 0.33177015, 0.32964808],
       [0.33858764, 0.3317684 , 0.32964393]], dtype=float32), array([[0.33316532, 0.33424318, 0.33259147],
       [0.33316544, 0.33424273, 0.3325919 ],
       [0.3331653 , 0.33424345, 0.3325913 ]], dtype=float32), array([[0.34097898, 0.33040267, 0.32861838],
       [0.34101477, 0.33038887, 0.32859635],
       [0.3410209 , 0.3303865 , 0.32859257]], dtype=float32), array([[0.33820343, 0.33244702, 0.32934955],
       [0.3382149 , 0.3324449 , 0.32934022],
       [0.33822113, 0.3324437 , 0.32933512]], dtype=float32), array([[0.3323257 , 0.33601496, 0.3316593 ],
       [0.3323271 , 0.33601123, 0.33166164],
       [0.33232546, 0.33601564, 0.3316589 ]], dtype=float32)]","[array([0.8247463, 0.8247463, 0.8247463], dtype=float32), array([nan, nan, nan], dtype=float32), array([0.81334555, 0.81334555, 0.81334555], dtype=float32), array([0.81021416, 0.81021416, 0.81021416], dtype=float32), array([nan, nan, nan], dtype=float32), array([nan, nan, nan], dtype=float32), array([0.8138878, 0.8138878, 0.8138878], dtype=float32), array([0.81142795, 0.81142795, 0.81142795], dtype=float32), array([nan, nan, nan], dtype=float32), array([0.7993307, 0.7993307, 0.7993307], dtype=float32), array([nan, nan, nan], dtype=float32), array([0.7768369, 0.7768369, 0.7768369], dtype=float32), array([0.76730406, 0.76730406, 0.76730406], dtype=float32), array([nan, nan, nan], dtype=float32), array([0.7465208, 0.7465208, 0.7465208], dtype=float32), array([nan, nan, nan], dtype=float32), array([0.7348857, 0.7348857, 0.7348857], dtype=float32), array([0.73101664, 0.73101664, 0.73101664], dtype=float32), array([0.7288586, 0.7288586, 0.7288586], dtype=float32), array([0.72863954, 0.72863954, 0.72863954], dtype=float32), array([nan, nan, nan], dtype=float32), array([nan, nan, nan], dtype=float32), array([nan, nan, nan], dtype=float32), array([0.6965997, 0.6965997, 0.6965997], dtype=float32), array([nan, nan, nan], dtype=float32), array([0.6750885, 0.6750885, 0.6750885], dtype=float32), array([0.66572404, 0.66572404, 0.66572404], dtype=float32), array([0.6603915, 0.6603915, 0.6603915], dtype=float32), array([nan, nan, nan], dtype=float32), array([0.6571206, 0.6571206, 0.6571206], dtype=float32), array([0.65357494, 0.65357494, 0.65357494], dtype=float32)]","[array([0.8247462, 0.8247462, 0.8247462], dtype=float32), array([0.8193695, 0.8193695, 0.8193695], dtype=float32), array([0.8133457, 0.8133457, 0.8133457], dtype=float32), array([0.8102141, 0.8102141, 0.8102141], dtype=float32), array([0.8112723, 0.8112723, 0.8112723], dtype=float32), array([0.81118566, 0.81118566, 0.81118566], dtype=float32), array([0.8138877, 0.8138877, 0.8138877], dtype=float32), array([0.81142795, 0.81142795, 0.81142795], dtype=float32), array([0.8054723, 0.8054723, 0.8054723], dtype=float32), array([0.7993308, 0.7993308, 0.7993308], dtype=float32), array([0.78924173, 0.78924173, 0.78924173], dtype=float32), array([0.7768368, 0.7768368, 0.7768368], dtype=float32), array([0.7673041, 0.7673041, 0.7673041], dtype=float32), array([0.7569758, 0.7569758, 0.7569758], dtype=float32), array([0.74652094, 0.74652094, 0.74652094], dtype=float32), array([0.7407024, 0.7407024, 0.7407024], dtype=float32), array([0.7348858, 0.7348858, 0.7348858], dtype=float32), array([0.7310166, 0.7310166, 0.7310166], dtype=float32), array([0.72885865, 0.72885865, 0.72885865], dtype=float32), array([0.72863954, 0.72863954, 0.72863954], dtype=float32), array([0.72701544, 0.72701544, 0.72701544], dtype=float32), array([0.72011083, 0.72011083, 0.72011083], dtype=float32), array([0.7088279, 0.7088279, 0.7088279], dtype=float32), array([0.69659984, 0.69659984, 0.69659984], dtype=float32), array([0.68606603, 0.68606603, 0.68606603], dtype=float32), array([0.6750886, 0.6750886, 0.6750886], dtype=float32), array([0.6657239, 0.6657239, 0.6657239], dtype=float32), array([0.6603915, 0.6603915, 0.6603915], dtype=float32), array([0.6605615, 0.6605615, 0.6605615], dtype=float32), array([0.65712065, 0.65712065, 0.65712065], dtype=float32), array([0.65357494, 0.65357494, 0.65357494], dtype=float32)]",1,0,0,0,0,0,55.31417910447761,60.0858208955224,56000,10.0,0.0003697332709554644,0.00016025642963742764,2000,56000,10.0,2000,0.3489942279603826,0.17624743282794952,28.0,0.0013802934991,-0.5630370378494263,999.0,3.8690680526087817e-07,30969,2667.166015625,0.003226707223802805,0.4722185432910919,1.0,81158,0.0,-0.0014428490540012717,0.347520649433136,867132,341.2174084528433,28.0,0.0393447157605,0.0013802934991,0.0,999.0,23810,30969,867132,1.0,0.0,341.21698571233543,0,104968,61938,2604000,93000,1734264,1024.679056409278,6115819.9605510915,6457599.481468002,10.5,0.00016533166549156895,1.0067001111073661,0.18053596474974945,1.0067001111073661,10.02,0.002385374570003478,28.0,100,56100,2.0,6.388993552340294e-05,2,1400,50,0.0003211815424296861,2,9.5,2800,0.0002474647454073256,0.0005616545099898997,100,10.02,2800,10.02,100,1.6682869311199337e-05,2.947053082875948e-05,2.9683586016351822e-05,2.2457211083058515e-05,0.00015518115199001056,4.88744335490695e-05,6.788804304089842e-06,7.703856383397289e-06,2.0308720027182387e-05,4.288311639420636e-05,3.3859981898221085e-05,0.05709710069226873,0.006903398422890379,0.05784507454836858,0.17552127452169833,0.02964941461324998,0.020980668179486815,0.00018237362056238156,108066,95.62052917480469,0.0035764919593930244,0.4722185730934143,841.0,1.0,0.00043820185237564147,0.34997186,3025848,0.17851810157299042,868.0,-0.06517326831817627,498.0,108066,841.0,0.0,3025848,498.0,868.0,216132,18228000,6051696,651000,10200.703578620394,5.124594539702574e-05,1.0248242399797707e-05,2.850364071483704e-05,6.776564380376994e-05,1.0139024387389376e-05,4.5133482034638736e-05,3.266200764682752e-05,0.0002301111756273174,4.4662595095411114e-05,7.420320228728933e-05,2.495800491206686e-05
1,58000,False,29,d1c92_00000,2025-08-17_21-14-42,1755465282,90.22168517112732,2723.4382662773132,685852,intrinsic-attention2,10.156.0.3,2723.4382662773132,29,94.43014275786504,1.5344647716743123e-05,94.42986224204208,2.724352702792994,91.34692576814409,0.0020102999154547898,2.0,1.0067001111073661,4.9611324148050994e-05,2,28.0,29000,10.02,10.5,1000,0.0002599580038804561,2,9.5,2000,0.0001081912541414816,1.0067001111073661,58000,0.0017563589797646272,2.693766326901973,449.3020929575541,2000.0,3000.0,"[array([[0.33174917, 0.33722234, 0.33102852],
       [0.33175224, 0.3372147 , 0.331033  ],
       [0.33174875, 0.33722335, 0.33102793]], dtype=float32), array([[0.32505777, 0.34135112, 0.3335911 ],
       [0.3251021 , 0.34130788, 0.33359006],
       [0.32508126, 0.3413282 , 0.33359054]], dtype=float32), array([[0.32456776, 0.34220234, 0.33322987],
       [0.32461482, 0.34215435, 0.33323085],
       [0.32459116, 0.34217843, 0.33323035]], dtype=float32), array([[0.32990462, 0.34007463, 0.3300208 ],
       [0.3299145 , 0.34005514, 0.33003035],
       [0.32990474, 0.34007442, 0.3300209 ]], dtype=float32), array([[0.3295139 , 0.3407912 , 0.32969487],
       [0.32952532, 0.340769  , 0.32970574],
       [0.32951412, 0.34079084, 0.32969505]], dtype=float32), array([[0.33497617, 0.33857098, 0.32645288],
       [0.3349747 , 0.3385662 , 0.32645908],
       [0.33497965, 0.33858243, 0.32643786]], dtype=float32), array([[0.32787427, 0.34377325, 0.3283525 ],
       [0.32789811, 0.3437276 , 0.3283743 ],
       [0.327875  , 0.34377182, 0.32835314]], dtype=float32), array([[0.3279177 , 0.34525424, 0.32682797],
       [0.3279455 , 0.3451932 , 0.32686123],
       [0.32791594, 0.34525824, 0.3268259 ]], dtype=float32), array([[0.32127187, 0.35021648, 0.3285116 ],
       [0.32138246, 0.35006   , 0.32855755],
       [0.32130045, 0.35017607, 0.3285235 ]], dtype=float32), array([[0.324496  , 0.34990352, 0.3256005 ],
       [0.32457364, 0.34975758, 0.32566878],
       [0.32449952, 0.34989697, 0.3256036 ]], dtype=float32), array([[0.3254583 , 0.3503812 , 0.32416052],
       [0.32549423, 0.3503036 , 0.32420215],
       [0.32545635, 0.35038543, 0.3241583 ]], dtype=float32), array([[0.32462287, 0.35210776, 0.32326943],
       [0.32475978, 0.35181352, 0.3234267 ],
       [0.3246158 , 0.35212287, 0.32326135]], dtype=float32), array([[0.32388386, 0.35363826, 0.32247788],
       [0.32414323, 0.35308272, 0.32277402],
       [0.32387105, 0.35366577, 0.3224632 ]], dtype=float32), array([[0.31475532, 0.35949785, 0.3257469 ],
       [0.31565443, 0.35821092, 0.32613465],
       [0.3149875 , 0.3591653 , 0.32584724]], dtype=float32), array([[0.31576905, 0.35980594, 0.32442498],
       [0.31680194, 0.35822794, 0.32497007],
       [0.31598303, 0.35947883, 0.3245381 ]], dtype=float32), array([[0.3267637 , 0.3554057 , 0.31783056],
       [0.32659617, 0.3559503 , 0.31745353],
       [0.3268189 , 0.35522613, 0.317955  ]], dtype=float32), array([[0.31529334, 0.36238766, 0.32231906],
       [0.31320214, 0.36580282, 0.32099506],
       [0.3149624 , 0.3629274 , 0.32211018]], dtype=float32), array([[0.3203382 , 0.3611714 , 0.3184904 ],
       [0.31851768, 0.36505216, 0.31643024],
       [0.32042575, 0.36098474, 0.31858957]], dtype=float32), array([[0.31097168, 0.36542517, 0.3236031 ],
       [0.3052377 , 0.37386182, 0.32090047],
       [0.30955616, 0.36750007, 0.32294375]], dtype=float32), array([[0.3103568 , 0.36580378, 0.3238394 ],
       [0.30349812, 0.37576202, 0.3207399 ],
       [0.308581  , 0.36837035, 0.3230486 ]], dtype=float32), array([[0.3237876 , 0.3596741 , 0.31653827],
       [0.3218927 , 0.3647702 , 0.31333706],
       [0.32419237, 0.35858023, 0.3172274 ]], dtype=float32), array([[0.32767737, 0.35785598, 0.31446666],
       [0.32670513, 0.3617917 , 0.31150317],
       [0.32812417, 0.35602328, 0.3158525 ]], dtype=float32), array([[0.31762904, 0.3627581 , 0.31961283],
       [0.31371185, 0.37013525, 0.31615293],
       [0.31744605, 0.36310244, 0.3194515 ]], dtype=float32), array([[0.32073113, 0.36060053, 0.31866834],
       [0.31792614, 0.3666336 , 0.31544027],
       [0.32088482, 0.36026952, 0.31884557]], dtype=float32), array([[0.33218256, 0.353448  , 0.3143694 ],
       [0.33200207, 0.35577986, 0.31221804],
       [0.33233455, 0.35138074, 0.31628472]], dtype=float32), array([[0.3118977 , 0.36119083, 0.32691142],
       [0.3048432 , 0.37062004, 0.32453683],
       [0.30963397, 0.36420232, 0.32616365]], dtype=float32), array([[0.32288164, 0.35630324, 0.32081512],
       [0.3209753 , 0.3604682 , 0.31855646],
       [0.3230055 , 0.3560325 , 0.32096207]], dtype=float32), array([[0.31119958, 0.35898003, 0.3298204 ],
       [0.3036936 , 0.36794788, 0.32835853],
       [0.3081388 , 0.36262006, 0.32924116]], dtype=float32), array([[0.3373598 , 0.34787917, 0.31476107],
       [0.33753112, 0.34854493, 0.31392393],
       [0.3369687 , 0.34637585, 0.3166554 ]], dtype=float32), array([[0.32332477, 0.3525939 , 0.3240813 ],
       [0.3216924 , 0.3557412 , 0.32256642],
       [0.3232808 , 0.3526786 , 0.32404053]], dtype=float32), array([[0.31250623, 0.355572  , 0.33192182],
       [0.3060413 , 0.36267176, 0.33128697],
       [0.30948174, 0.3588816 , 0.3316367 ]], dtype=float32)]","[array([nan, nan, nan], dtype=float32), array([nan, nan, nan], dtype=float32), array([0.6308612, 0.6308612, 0.6308612], dtype=float32), array([nan, nan, nan], dtype=float32), array([nan, nan, nan], dtype=float32), array([0.6190401, 0.6190401, 0.6190401], dtype=float32), array([nan, nan, nan], dtype=float32), array([0.6075934, 0.6075934, 0.6075934], dtype=float32), array([nan, nan, nan], dtype=float32), array([nan, nan, nan], dtype=float32), array([0.60853463, 0.60853463, 0.60853463], dtype=float32), array([nan, nan, nan], dtype=float32), array([nan, nan, nan], dtype=float32), array([nan, nan, nan], dtype=float32), array([nan, nan, nan], dtype=float32), array([0.6417298, 0.6417298, 0.6417298], dtype=float32), array([0.66090995, 0.66090995, 0.66090995], dtype=float32), array([nan, nan, nan], dtype=float32), array([nan, nan, nan], dtype=float32), array([0.6977874, 0.6977874, 0.6977874], dtype=float32), array([nan, nan, nan], dtype=float32), array([0.71227926, 0.71227926, 0.71227926], dtype=float32), array([nan, nan, nan], dtype=float32), array([nan, nan, nan], dtype=float32), array([nan, nan, nan], dtype=float32), array([0.74120784, 0.74120784, 0.74120784], dtype=float32), array([nan, nan, nan], dtype=float32), array([nan, nan, nan], dtype=float32), array([0.75912344, 0.75912344, 0.75912344], dtype=float32), array([nan, nan, nan], dtype=float32), array([0.765161, 0.765161, 0.765161], dtype=float32)]","[array([0.64773047, 0.64773047, 0.64773047], dtype=float32), array([0.63861364, 0.63861364, 0.63861364], dtype=float32), array([0.6308612, 0.6308612, 0.6308612], dtype=float32), array([0.6250201, 0.6250201, 0.6250201], dtype=float32), array([0.6208983, 0.6208983, 0.6208983], dtype=float32), array([0.61904013, 0.61904013, 0.61904013], dtype=float32), array([0.61230266, 0.61230266, 0.61230266], dtype=float32), array([0.6075935, 0.6075935, 0.6075935], dtype=float32), array([0.6056539, 0.6056539, 0.6056539], dtype=float32), array([0.6042975, 0.6042975, 0.6042975], dtype=float32), array([0.6085347, 0.6085347, 0.6085347], dtype=float32), array([0.6093331, 0.6093331, 0.6093331], dtype=float32), array([0.6114596, 0.6114596, 0.6114596], dtype=float32), array([0.616795, 0.616795, 0.616795], dtype=float32), array([0.6217057, 0.6217057, 0.6217057], dtype=float32), array([0.6417298, 0.6417298, 0.6417298], dtype=float32), array([0.66090995, 0.66090995, 0.66090995], dtype=float32), array([0.676856, 0.676856, 0.676856], dtype=float32), array([0.6890696, 0.6890696, 0.6890696], dtype=float32), array([0.69778734, 0.69778734, 0.69778734], dtype=float32), array([0.704959, 0.704959, 0.704959], dtype=float32), array([0.71227926, 0.71227926, 0.71227926], dtype=float32), array([0.7181005, 0.7181005, 0.7181005], dtype=float32), array([0.7248335, 0.7248335, 0.7248335], dtype=float32), array([0.73298556, 0.73298556, 0.73298556], dtype=float32), array([0.741208, 0.741208, 0.741208], dtype=float32), array([0.7473402, 0.7473402, 0.7473402], dtype=float32), array([0.7535942, 0.7535942, 0.7535942], dtype=float32), array([0.7591235, 0.7591235, 0.7591235], dtype=float32), array([0.7626648, 0.7626648, 0.7626648], dtype=float32), array([0.76516086, 0.76516086, 0.76516086], dtype=float32)]",1,0,0,0,0,0,55.489147286821705,60.10000000000001,58000,10.02,0.0003904079704993837,0.00017196119916066695,2000,58000,10.02,2000,0.34881285048073296,0.1737346053123474,29.0,0.0013802934991,-1.0,999.0,1.9345340263043909e-07,30969,1727.5177001953125,0.00012159457401139662,0.4722185432910919,1.0,81158,0.0,0.00010256151290377602,0.34906959533691406,898101,341.625531379573,29.0,0.0393447157605,0.0013802934991,0.0,999.0,23810,30969,898101,1.0,0.0,341.6251258506512,0,104968,61938,2697000,93000,1796202,1025.9045404128267,6126022.76077995,6470864.6920763645,10.5,0.00015608188265019325,1.0067001111073661,0.18059601665220407,1.0067001111073661,10.02,0.0023639196308795365,29.0,100,58100,2.0,6.392424938507605e-05,2,1450,50,0.0003200739070263679,2,9.5,2900,0.00023877640944479944,0.000544798610379539,100,10.02,2900,10.02,100,1.802344308470233e-05,3.144703210149494e-05,3.110248957204571e-05,2.3909208916017564e-05,0.00016299291641072418,5.2152539984044015e-05,7.192037743536985e-06,8.136241772792033e-06,2.1692777811356035e-05,4.677108515208882e-05,3.614189380560064e-05,0.057079692785311734,0.006903475788683033,0.05775148056289782,0.17548746246648442,0.02966188695709189,0.020930413687708205,0.00018214940439417412,108066,95.5645980834961,0.00036512603401206434,0.4722185730934143,871.0,1.0,0.0011707444209605455,0.35019583,3133914,0.17408785223960876,899.0,-0.07587313652038574,498.0,108066,871.0,0.0,3133914,498.0,899.0,216132,18879000,6267828,651000,10171.185919056948,4.888000820206168e-05,1.008515768919634e-05,2.844227448286417e-05,6.456149040242069e-05,9.658812454610022e-06,4.358075507401515e-05,3.179280703444757e-05,0.00022382138560040309,4.298375506894263e-05,7.23417484112904e-05,2.4737987546444035e-05
1,60000,False,30,d1c92_00000,2025-08-17_21-16-14,1755465374,91.75685048103333,2815.1951167583466,685852,intrinsic-attention2,10.156.0.3,2815.1951167583466,30,94.40136937460633,1.5327681178676955e-05,94.40108817866157,2.726617182455076,91.3161131972426,0.002007763166180716,2.0,1.0067001111073661,4.714713817503086e-05,2,29.0,30000,10.01,10.5,1000,0.0002599580038804561,2,9.5,2000,0.00010084520381741317,1.0067001111073661,60000,0.001547058209835086,2.696013713862961,436.3751679025142,2000.0,3000.0,"[array([[0.32477215, 0.3499864 , 0.32524145],
       [0.32358778, 0.35229287, 0.32411936],
       [0.32474932, 0.35003087, 0.3252198 ]], dtype=float32), array([[0.3104091 , 0.3551973 , 0.33439356],
       [0.30495137, 0.3605496 , 0.33449906],
       [0.30739006, 0.3581508 , 0.33445913]], dtype=float32), array([[0.31476218, 0.35051897, 0.33471882],
       [0.3099633 , 0.35506046, 0.3349763 ],
       [0.31201646, 0.3531122 , 0.33487132]], dtype=float32), array([[0.34794647, 0.33480337, 0.3172502 ],
       [0.34718934, 0.33473906, 0.3180716 ],
       [0.346131  , 0.334647  , 0.31922197]], dtype=float32), array([[0.3516456 , 0.3311443 , 0.31721008],
       [0.34976953, 0.3313931 , 0.31883737],
       [0.34842908, 0.3315675 , 0.32000345]], dtype=float32), array([[0.32788715, 0.3447666 , 0.32734627],
       [0.32740936, 0.3457682 , 0.32682243],
       [0.32790282, 0.34473366, 0.32736346]], dtype=float32), array([[0.32709873, 0.3460908 , 0.3268105 ],
       [0.32641488, 0.3474891 , 0.3260961 ],
       [0.32710937, 0.34606895, 0.32682166]], dtype=float32), array([[0.34540817, 0.33985823, 0.3147336 ],
       [0.34514692, 0.33972088, 0.3151323 ],
       [0.3439072 , 0.3390665 , 0.31702623]], dtype=float32), array([[0.37083015, 0.326753  , 0.3024169 ],
       [0.36425743, 0.32804656, 0.30769604],
       [0.36025676, 0.32880563, 0.3109376 ]], dtype=float32), array([[0.32520857, 0.34959537, 0.32519606],
       [0.32417157, 0.35167098, 0.3241575 ],
       [0.3252091 , 0.34959427, 0.3251966 ]], dtype=float32), array([[0.3254472 , 0.35145175, 0.323101  ],
       [0.32438493, 0.35387596, 0.3217391 ],
       [0.32554695, 0.351224  , 0.32322907]], dtype=float32), array([[0.3133375 , 0.35621214, 0.3304503 ],
       [0.30644685, 0.36431867, 0.3292345 ],
       [0.31047457, 0.35956612, 0.32995924]], dtype=float32), array([[0.33692735, 0.35114422, 0.3119284 ],
       [0.33711484, 0.35219392, 0.31069118],
       [0.33657065, 0.34918693, 0.3142425 ]], dtype=float32), array([[0.3197946 , 0.35917124, 0.32103416],
       [0.31687677, 0.36475742, 0.31836584],
       [0.31969765, 0.35935673, 0.32094556]], dtype=float32), array([[0.32243952, 0.35730737, 0.32025307],
       [0.32003105, 0.3625738 , 0.31739515],
       [0.3225984 , 0.3569596 , 0.32044202]], dtype=float32), array([[0.32084364, 0.36070135, 0.31845498],
       [0.31820145, 0.36645103, 0.31534743],
       [0.32101142, 0.36033577, 0.3186528 ]], dtype=float32), array([[0.31109995, 0.36184165, 0.32705846],
       [0.3015365 , 0.3744982 , 0.32396528],
       [0.3079265 , 0.3660149 , 0.32605863]], dtype=float32), array([[0.30926105, 0.3629375 , 0.3278014 ],
       [0.29753435, 0.37789425, 0.3245714 ],
       [0.3049809 , 0.3683552 , 0.32666382]], dtype=float32), array([[0.3180641 , 0.3663068 , 0.3156291 ],
       [0.31405362, 0.3749052 , 0.31104118],
       [0.31828094, 0.36584127, 0.31587783]], dtype=float32), array([[0.31804568, 0.36613294, 0.31582147],
       [0.31303704, 0.37680548, 0.3101575 ],
       [0.3182933 , 0.36560428, 0.3161024 ]], dtype=float32), array([[0.30631527, 0.36964166, 0.32404304],
       [0.28938153, 0.39337635, 0.31724218],
       [0.30122563, 0.37669536, 0.322079  ]], dtype=float32), array([[0.31575745, 0.37074816, 0.3134944 ],
       [0.3089075 , 0.38522553, 0.305867  ],
       [0.31606126, 0.37010473, 0.313834  ]], dtype=float32), array([[0.31167597, 0.37345704, 0.31486696],
       [0.30126342, 0.39293143, 0.30580518],
       [0.3110933 , 0.37454385, 0.31436288]], dtype=float32), array([[0.3113292 , 0.37986556, 0.30880532],
       [0.30235076, 0.39870074, 0.29894847],
       [0.3116922 , 0.3791022 , 0.30920556]], dtype=float32), array([[0.32141972, 0.38054156, 0.29803866],
       [0.31768358, 0.39370102, 0.28861547],
       [0.32302225, 0.37470263, 0.30227512]], dtype=float32), array([[0.3182018 , 0.3851088 , 0.2966894 ],
       [0.3126633 , 0.40228108, 0.28505564],
       [0.32015285, 0.37887117, 0.30097592]], dtype=float32), array([[0.31659338, 0.38819548, 0.2952111 ],
       [0.30999103, 0.40785813, 0.28215086],
       [0.31876543, 0.3815235 , 0.29971108]], dtype=float32), array([[0.31021693, 0.3913389 , 0.29844418],
       [0.29911286, 0.41798833, 0.28289878],
       [0.3120156 , 0.3869566 , 0.30102777]], dtype=float32), array([[0.3079973 , 0.38633856, 0.30566415],
       [0.2920404 , 0.41944543, 0.28851423],
       [0.30852324, 0.3852439 , 0.30623284]], dtype=float32), array([[0.28708553, 0.39303216, 0.31988227],
       [0.23831293, 0.46228975, 0.29939735],
       [0.26991504, 0.41664422, 0.31344074]], dtype=float32), array([[0.30474833, 0.38609257, 0.30915907],
       [0.28438488, 0.4242373 , 0.2913778 ],
       [0.30352318, 0.38837504, 0.3081018 ]], dtype=float32)]","[array([nan, nan, nan], dtype=float32), array([nan, nan, nan], dtype=float32), array([nan, nan, nan], dtype=float32), array([nan, nan, nan], dtype=float32), array([nan, nan, nan], dtype=float32), array([nan, nan, nan], dtype=float32), array([nan, nan, nan], dtype=float32), array([nan, nan, nan], dtype=float32), array([nan, nan, nan], dtype=float32), array([nan, nan, nan], dtype=float32), array([nan, nan, nan], dtype=float32), array([nan, nan, nan], dtype=float32), array([nan, nan, nan], dtype=float32), array([nan, nan, nan], dtype=float32), array([nan, nan, nan], dtype=float32), array([nan, nan, nan], dtype=float32), array([nan, nan, nan], dtype=float32), array([nan, nan, nan], dtype=float32), array([nan, nan, nan], dtype=float32), array([nan, nan, nan], dtype=float32), array([nan, nan, nan], dtype=float32), array([nan, nan, nan], dtype=float32), array([nan, nan, nan], dtype=float32), array([nan, nan, nan], dtype=float32), array([nan, nan, nan], dtype=float32), array([nan, nan, nan], dtype=float32), array([nan, nan, nan], dtype=float32), array([nan, nan, nan], dtype=float32), array([nan, nan, nan], dtype=float32), array([nan, nan, nan], dtype=float32), array([nan, nan, nan], dtype=float32)]","[array([0.76479185, 0.76479185, 0.76479185], dtype=float32), array([0.7653229, 0.7653229, 0.7653229], dtype=float32), array([0.76757777, 0.76757777, 0.76757777], dtype=float32), array([0.76983935, 0.76983935, 0.76983935], dtype=float32), array([0.77157784, 0.77157784, 0.77157784], dtype=float32), array([0.7738226, 0.7738226, 0.7738226], dtype=float32), array([0.7762632, 0.7762632, 0.7762632], dtype=float32), array([0.7766253, 0.7766253, 0.7766253], dtype=float32), array([0.77655894, 0.77655894, 0.77655894], dtype=float32), array([0.7757387, 0.7757387, 0.7757387], dtype=float32), array([0.77483463, 0.77483463, 0.77483463], dtype=float32), array([0.77417284, 0.77417284, 0.77417284], dtype=float32), array([0.77299213, 0.77299213, 0.77299213], dtype=float32), array([0.77276045, 0.77276045, 0.77276045], dtype=float32), array([0.7722623, 0.7722623, 0.7722623], dtype=float32), array([0.7714365, 0.7714365, 0.7714365], dtype=float32), array([0.77066004, 0.77066004, 0.77066004], dtype=float32), array([0.76935226, 0.76935226, 0.76935226], dtype=float32), array([0.7670145, 0.7670145, 0.7670145], dtype=float32), array([0.76506543, 0.76506543, 0.76506543], dtype=float32), array([0.76386064, 0.76386064, 0.76386064], dtype=float32), array([0.76210606, 0.76210606, 0.76210606], dtype=float32), array([0.7602651, 0.7602651, 0.7602651], dtype=float32), array([0.7575286, 0.7575286, 0.7575286], dtype=float32), array([0.75332993, 0.75332993, 0.75332993], dtype=float32), array([0.7503993, 0.7503993, 0.7503993], dtype=float32), array([0.7485554, 0.7485554, 0.7485554], dtype=float32), array([0.74723655, 0.74723655, 0.74723655], dtype=float32), array([0.74632615, 0.74632615, 0.74632615], dtype=float32), array([0.7459592, 0.7459592, 0.7459592], dtype=float32), array([0.745105, 0.745105, 0.745105], dtype=float32)]",1,0,0,0,0,0,55.53893129770993,60.10076335877863,60000,10.01,0.0003727374467146858,0.0001602401960378207,2000,60000,10.01,2000,0.3486037875559165,0.20067626237869263,30.0,0.0013802934991,-1.0,999.0,9.672670131521954e-08,30969,197.50877380371094,0.0012527472572401166,0.4722185432910919,1.0,81158,0.0,9.594021321390755e-06,0.3489394187927246,929070,341.8961838006122,30.0,0.0393447157605,0.0013802934991,0.0,999.0,23810,30969,929070,1.0,0.0,341.89579408754014,0,104968,61938,2790000,93000,1858140,1026.7172102567558,6134198.092160942,6482906.015324928,10.5,0.0001527841633976499,1.0067001111073661,0.18065968776566954,1.0067001111073661,10.02,0.002294988230569288,30.0,100,60100,2.0,6.489409986465705e-05,2,1500,50,0.0003187283179958777,2,9.5,3000,0.00023627436387596654,0.0005391819233241196,100,10.02,3000,10.02,100,1.6765290046744024e-05,2.980135739569135e-05,2.9730631354628932e-05,2.2838219912292394e-05,0.00015691810686642985,4.886272939275317e-05,6.760822622922811e-06,7.559495913353343e-06,2.0308089775005466e-05,4.30215703157113e-05,3.357347539232917e-05,0.05707939781734129,0.0069044724508328876,0.05768915152732365,0.17540125908186013,0.029651299417554407,0.020879049700778658,0.00018189170034259278,108066,95.4695816040039,0.0010351438540965319,0.4722185730934143,901.0,1.0,-0.0014886626740917563,0.34762722,3241980,0.18610012531280518,930.0,-0.15176630020141602,498.0,108066,901.0,0.0,3241980,498.0,930.0,216132,19530000,6483960,651000,10139.737018888905,4.852003866126994e-05,1.0032239555846075e-05,2.815266934406003e-05,6.380008397897428e-05,9.448589980874153e-06,4.332857699106104e-05,3.1640694305128956e-05,0.0002209118529347718,4.278095896399611e-05,7.129523669100795e-05,2.449447419452287e-05
1,62000,False,31,d1c92_00000,2025-08-17_21-17-47,1755465467,92.7905580997467,2907.9856748580933,685852,intrinsic-attention2,10.156.0.3,2907.9856748580933,31,94.38320256716027,1.5322154327778364e-05,94.38292030303495,2.726518106380572,91.29823499940011,0.002006162224539088,2.0,1.0067001111073661,4.7038629898533004e-05,2,30.0,31000,9.9,10.5,1000,0.0002599580038804561,2,9.5,2000,0.00010022807498998734,1.0067001111073661,62000,0.0015582905200426467,2.695917154864223,423.67227638016584,2000.0,3000.0,"[array([[0.3081865 , 0.38646853, 0.30534494],
       [0.2933059 , 0.4175985 , 0.2890956 ],
       [0.30878487, 0.38521227, 0.3060029 ]], dtype=float32), array([[0.30874914, 0.3855295 , 0.30572134],
       [0.29486543, 0.41469783, 0.29043674],
       [0.30935484, 0.38425234, 0.30639285]], dtype=float32), array([[0.30585504, 0.38463503, 0.30950987],
       [0.28881544, 0.41682458, 0.29435995],
       [0.30497995, 0.38628152, 0.3087385 ]], dtype=float32), array([[0.3064829 , 0.38362658, 0.30989054],
       [0.29043522, 0.4140139 , 0.29555082],
       [0.3056997 , 0.3851042 , 0.3091961 ]], dtype=float32), array([[0.31059152, 0.38232476, 0.3070837 ],
       [0.29927412, 0.4064162 , 0.29430962],
       [0.31120062, 0.3810232 , 0.3077762 ]], dtype=float32), array([[0.35072878, 0.3677592 , 0.28151193],
       [0.3518052 , 0.3701075 , 0.27808735],
       [0.34550634, 0.356781  , 0.29771262]], dtype=float32), array([[0.31121826, 0.38125053, 0.3075313 ],
       [0.30061758, 0.40393448, 0.29544798],
       [0.31183127, 0.3799334 , 0.30823532]], dtype=float32), array([[0.3584244 , 0.36482552, 0.27675006],
       [0.35898286, 0.36554906, 0.2754681 ],
       [0.35002992, 0.35407904, 0.29589105]], dtype=float32), array([[0.30918974, 0.38591516, 0.304895  ],
       [0.29931042, 0.40713415, 0.2935555 ],
       [0.30980447, 0.38458964, 0.30560583]], dtype=float32), array([[0.3282891 , 0.3797278 , 0.29198304],
       [0.32692048, 0.38867116, 0.28440836],
       [0.32929638, 0.37256494, 0.2981387 ]], dtype=float32), array([[0.30329695, 0.3756134 , 0.32108966],
       [0.28398508, 0.40404168, 0.31197324],
       [0.2981289 , 0.3831252 , 0.3187459 ]], dtype=float32), array([[0.3039895 , 0.37333196, 0.32267854],
       [0.28630632, 0.39852974, 0.31516394],
       [0.29883388, 0.38059273, 0.32057336]], dtype=float32), array([[0.30472285, 0.37105447, 0.3242227 ],
       [0.28854835, 0.3933311 , 0.31812057],
       [0.2996074 , 0.37802446, 0.32236814]], dtype=float32), array([[0.38647452, 0.33714455, 0.27638093],
       [0.37824774, 0.33696097, 0.2847913 ],
       [0.36630434, 0.33643448, 0.29726124]], dtype=float32), array([[0.34058836, 0.35979462, 0.29961702],
       [0.34098244, 0.36144912, 0.2975684 ],
       [0.33964008, 0.35592782, 0.30443212]], dtype=float32), array([[0.34696227, 0.355135  , 0.29790276],
       [0.34728363, 0.35567063, 0.29704574],
       [0.34483474, 0.3516163 , 0.3035489 ]], dtype=float32), array([[0.32261497, 0.357072  , 0.320313  ],
       [0.3205383 , 0.36164072, 0.31782094],
       [0.3227609 , 0.35675058, 0.3204885 ]], dtype=float32), array([[0.3272817 , 0.34920308, 0.32351524],
       [0.3265727 , 0.35104007, 0.32238722],
       [0.32740793, 0.34887555, 0.3237165 ]], dtype=float32), array([[0.33162016, 0.34266362, 0.3257162 ],
       [0.3315434 , 0.3430672 , 0.3253894 ],
       [0.33166218, 0.34244242, 0.32589546]], dtype=float32), array([[0.37481913, 0.31502798, 0.31015286],
       [0.36811107, 0.31801823, 0.31387067],
       [0.3675115 , 0.31828496, 0.31420356]], dtype=float32), array([[0.3923426 , 0.30079013, 0.3068673 ],
       [0.37260118, 0.31158802, 0.31581083],
       [0.37407354, 0.31077975, 0.31514674]], dtype=float32), array([[0.33740258, 0.3328273 , 0.32977012],
       [0.33733165, 0.33283636, 0.32983202],
       [0.3372837 , 0.33284244, 0.32987383]], dtype=float32), array([[0.3163822 , 0.33943135, 0.34418646],
       [0.3134087 , 0.34048218, 0.34610915],
       [0.3128222 , 0.3406887 , 0.34648904]], dtype=float32), array([[0.38736647, 0.29677007, 0.31586343],
       [0.37438178, 0.3053497 , 0.32026857],
       [0.37740648, 0.30334005, 0.3192535 ]], dtype=float32), array([[0.3969803 , 0.28624356, 0.31677616],
       [0.37901366, 0.2991068 , 0.32187954],
       [0.3845537 , 0.29510647, 0.32033992]], dtype=float32), array([[0.34863523, 0.31061018, 0.3407546 ],
       [0.34597394, 0.31451955, 0.33950648],
       [0.3481088 , 0.31138209, 0.34050915]], dtype=float32), array([[0.406501  , 0.27468988, 0.31880912],
       [0.3827452 , 0.29296434, 0.32429045],
       [0.3917296 , 0.2859715 , 0.32229888]], dtype=float32), array([[0.41059962, 0.26973835, 0.31966206],
       [0.38413122, 0.29058638, 0.32528237],
       [0.3947789 , 0.28208917, 0.32313192]], dtype=float32), array([[0.32547653, 0.31972826, 0.3547952 ],
       [0.32581332, 0.32029644, 0.3538902 ],
       [0.3238344 , 0.31697568, 0.35918987]], dtype=float32), array([[0.35944542, 0.29669303, 0.3438615 ],
       [0.35366535, 0.30465043, 0.34168422],
       [0.35811192, 0.29852107, 0.34336698]], dtype=float32), array([[0.35600236, 0.30163026, 0.3423674 ],
       [0.35039365, 0.30934948, 0.3402568 ],
       [0.3546822 , 0.30343977, 0.34187806]], dtype=float32)]","[array([0.74321526, 0.74321526, 0.74321526], dtype=float32), array([0.73949754, 0.73949754, 0.73949754], dtype=float32), array([nan, nan, nan], dtype=float32), array([nan, nan, nan], dtype=float32), array([nan, nan, nan], dtype=float32), array([0.71656764, 0.71656764, 0.71656764], dtype=float32), array([nan, nan, nan], dtype=float32), array([nan, nan, nan], dtype=float32), array([0.69428295, 0.69428295, 0.69428295], dtype=float32), array([nan, nan, nan], dtype=float32), array([0.67813486, 0.67813486, 0.67813486], dtype=float32), array([0.6694372, 0.6694372, 0.6694372], dtype=float32), array([nan, nan, nan], dtype=float32), array([0.65797156, 0.65797156, 0.65797156], dtype=float32), array([0.6526512, 0.6526512, 0.6526512], dtype=float32), array([0.6462033, 0.6462033, 0.6462033], dtype=float32), array([nan, nan, nan], dtype=float32), array([0.63134915, 0.63134915, 0.63134915], dtype=float32), array([0.6232948, 0.6232948, 0.6232948], dtype=float32), array([0.61545485, 0.61545485, 0.61545485], dtype=float32), array([nan, nan, nan], dtype=float32), array([0.6016793, 0.6016793, 0.6016793], dtype=float32), array([0.5932459, 0.5932459, 0.5932459], dtype=float32), array([nan, nan, nan], dtype=float32), array([0.5806868, 0.5806868, 0.5806868], dtype=float32), array([0.5774268, 0.5774268, 0.5774268], dtype=float32), array([nan, nan, nan], dtype=float32), array([nan, nan, nan], dtype=float32), array([0.5717317, 0.5717317, 0.5717317], dtype=float32), array([nan, nan, nan], dtype=float32), array([0.56917936, 0.56917936, 0.56917936], dtype=float32)]","[array([0.7432153, 0.7432153, 0.7432153], dtype=float32), array([0.7394974, 0.7394974, 0.7394974], dtype=float32), array([0.7340562, 0.7340562, 0.7340562], dtype=float32), array([0.7277966, 0.7277966, 0.7277966], dtype=float32), array([0.72261584, 0.72261584, 0.72261584], dtype=float32), array([0.7165677, 0.7165677, 0.7165677], dtype=float32), array([0.7099965, 0.7099965, 0.7099965], dtype=float32), array([0.70375645, 0.70375645, 0.70375645], dtype=float32), array([0.6942828, 0.6942828, 0.6942828], dtype=float32), array([0.6869334, 0.6869334, 0.6869334], dtype=float32), array([0.67813486, 0.67813486, 0.67813486], dtype=float32), array([0.66943735, 0.66943735, 0.66943735], dtype=float32), array([0.6629468, 0.6629468, 0.6629468], dtype=float32), array([0.6579715, 0.6579715, 0.6579715], dtype=float32), array([0.65265125, 0.65265125, 0.65265125], dtype=float32), array([0.64620316, 0.64620316, 0.64620316], dtype=float32), array([0.63990176, 0.63990176, 0.63990176], dtype=float32), array([0.63134915, 0.63134915, 0.63134915], dtype=float32), array([0.6232948, 0.6232948, 0.6232948], dtype=float32), array([0.61545473, 0.61545473, 0.61545473], dtype=float32), array([0.60932076, 0.60932076, 0.60932076], dtype=float32), array([0.6016793, 0.6016793, 0.6016793], dtype=float32), array([0.5932459, 0.5932459, 0.5932459], dtype=float32), array([0.5863732, 0.5863732, 0.5863732], dtype=float32), array([0.5806867, 0.5806867, 0.5806867], dtype=float32), array([0.57742685, 0.57742685, 0.57742685], dtype=float32), array([0.57502216, 0.57502216, 0.57502216], dtype=float32), array([0.5726977, 0.5726977, 0.5726977], dtype=float32), array([0.5717316, 0.5717316, 0.5717316], dtype=float32), array([0.5715547, 0.5715547, 0.5715547], dtype=float32), array([0.5691794, 0.5691794, 0.5691794], dtype=float32)]",1,0,0,0,0,0,55.55681818181818,60.150757575757574,62000,9.9,0.0003679507416647216,0.00016099117761300176,2000,62000,9.9,2000,0.3484270286103126,0.19788813591003418,31.0,0.0013802934991,-1.0,999.0,4.836335065760977e-08,30969,9126.826171875,0.0007817314472049475,0.4722185432910919,1.0,81158,0.0,-0.0009779571555554867,0.34795570373535156,960039,341.8456292322065,31.0,0.0393447157605,0.0013802934991,0.0,999.0,23810,30969,960039,1.0,0.0,341.84525168523777,0,104968,61938,2883000,93000,1920078,1026.5653106967866,6137221.36414687,6486108.490225555,10.5,0.0001595563691916385,1.0067001111073661,0.18073308409803565,1.0067001111073661,9.82,0.0023065328200755175,31.0,100,62100,2.0,6.358626472108277e-05,2,1550,50,0.00031756800470300226,2,-9.5,3100,0.00023463357679322388,0.0005378466268532732,100,9.82,3100,9.82,100,1.6412286177140777e-05,2.950723190927254e-05,2.9207917887968368e-05,2.25069158639891e-05,0.0001550759563478424,4.847857610869454e-05,6.8397316712138124e-06,7.63479113348695e-06,2.0100155751342796e-05,4.3646142191941024e-05,3.3778330031228374e-05,0.05706271392903781,0.006903415466364384,0.05763910832201482,0.17534786991093404,0.029644523563352888,0.02082713502387374,0.00018170480333301595,108066,93.99267578125,0.000474251079140231,0.4722185730934143,931.0,1.0,-0.01780671998858452,0.33119145,3350046,0.20625042915344238,961.0,-0.00974881649017334,498.0,108066,931.0,0.0,3350046,498.0,961.0,216132,20181000,6700092,651000,10106.361641038822,4.907896859458203e-05,1.016110967513667e-05,2.7808912752666484e-05,6.324447926723346e-05,9.34809582134401e-06,4.248939287126798e-05,3.173047186424537e-05,0.00022134049671694534,4.278929865827825e-05,7.19112184602983e-05,2.414607607581822e-05
1,64000,False,32,d1c92_00000,2025-08-17_21-19-19,1755465559,91.60297155380249,2999.5886464118958,685852,intrinsic-attention2,10.156.0.3,2999.5886464118958,32,94.35342280288873,1.5286382893019403e-05,94.35313984349473,2.725611221886727,91.26942305302605,0.0020071785223943484,2.0,1.0067001111073661,4.9216237187089716e-05,2,31.0,32000,9.95,10.5,1000,0.0002599580038804561,2,9.5,2000,0.00010474543778486245,1.0067001111073661,64000,0.0016463165702589322,2.6950086593355302,411.20263570229156,2000.0,3000.0,"[array([[0.35179037, 0.30478546, 0.3434242 ],
       [0.34761053, 0.31117794, 0.3412116 ],
       [0.35109025, 0.30585316, 0.3430566 ]], dtype=float32), array([[0.41002724, 0.27120274, 0.31877002],
       [0.38286695, 0.2923019 , 0.32483113],
       [0.3934309 , 0.28398466, 0.3225845 ]], dtype=float32), array([[0.35537493, 0.30320218, 0.34142292],
       [0.35101318, 0.30906415, 0.33992264],
       [0.35427535, 0.3046753 , 0.3410494 ]], dtype=float32), array([[0.32090214, 0.3298821 , 0.34921575],
       [0.31990516, 0.32958812, 0.35050672],
       [0.31784934, 0.32897383, 0.35317683]], dtype=float32), array([[0.34499028, 0.31961033, 0.33539936],
       [0.34369665, 0.32111698, 0.3351863 ],
       [0.3445129 , 0.3201659 , 0.33532122]], dtype=float32), array([[0.31572202, 0.34201506, 0.34226295],
       [0.31064472, 0.34451607, 0.3448392 ],
       [0.31059897, 0.34453863, 0.34486243]], dtype=float32), array([[0.3333714 , 0.33818534, 0.32844323],
       [0.33337182, 0.3383384 , 0.32828975],
       [0.33337092, 0.33802637, 0.32860273]], dtype=float32), array([[0.32825357, 0.346276  , 0.32547042],
       [0.3277049 , 0.3476618 , 0.32463324],
       [0.3283408 , 0.34605545, 0.32560372]], dtype=float32), array([[0.3570334 , 0.338825  , 0.30414167],
       [0.35533816, 0.33847892, 0.30618286],
       [0.35184175, 0.33774263, 0.3104157 ]], dtype=float32), array([[0.32294297, 0.3543268 , 0.32273024],
       [0.32008505, 0.36009765, 0.31981727],
       [0.32296318, 0.35428596, 0.32275087]], dtype=float32), array([[0.32193664, 0.35883406, 0.3192293 ],
       [0.31811106, 0.3673192 , 0.31456977],
       [0.32223213, 0.3581772 , 0.31959063]], dtype=float32), array([[0.3199499 , 0.36244664, 0.3176034 ],
       [0.31442484, 0.3743723 , 0.31120288],
       [0.32027292, 0.36174783, 0.31797922]], dtype=float32), array([[0.31899005, 0.36423677, 0.31677318],
       [0.31238165, 0.3783684 , 0.30924994],
       [0.31933382, 0.36349997, 0.31716624]], dtype=float32), array([[0.31437698, 0.36863354, 0.31698948],
       [0.30434862, 0.38745913, 0.30819225],
       [0.31385928, 0.3696029 , 0.31653783]], dtype=float32), array([[0.30969742, 0.36186555, 0.32843703],
       [0.28098938, 0.39843738, 0.3205732 ],
       [0.29876238, 0.37554187, 0.3256957 ]], dtype=float32), array([[0.31611484, 0.3657837 , 0.31810153],
       [0.30633804, 0.38432667, 0.30933535],
       [0.31569824, 0.36657202, 0.31772965]], dtype=float32), array([[0.31647158, 0.36530402, 0.3182244 ],
       [0.30701196, 0.38334095, 0.30964705],
       [0.31611028, 0.36599174, 0.31789806]], dtype=float32), array([[0.34012806, 0.35414243, 0.3057295 ],
       [0.34090522, 0.35676703, 0.30232778],
       [0.3379877 , 0.3472049 , 0.31480742]], dtype=float32), array([[0.3158048 , 0.3671448 , 0.31705046],
       [0.3073869 , 0.383445  , 0.3091681 ],
       [0.31558645, 0.36756712, 0.31684646]], dtype=float32), array([[0.3406442 , 0.35397163, 0.3053842 ],
       [0.34143502, 0.35641125, 0.30215374],
       [0.33830404, 0.3470156 , 0.3146804 ]], dtype=float32), array([[0.30961666, 0.3625904 , 0.32779294],
       [0.286407  , 0.39262274, 0.3209703 ],
       [0.3011747 , 0.37335026, 0.32547498]], dtype=float32), array([[0.32041216, 0.36332348, 0.3162644 ],
       [0.31531644, 0.3749814 , 0.30970216],
       [0.32093433, 0.3621237 , 0.31694195]], dtype=float32), array([[0.31980717, 0.36460996, 0.3155829 ],
       [0.31436077, 0.3770201 , 0.30861914],
       [0.32035288, 0.36336094, 0.31628615]], dtype=float32), array([[0.3070854 , 0.36358145, 0.32933313],
       [0.27868474, 0.3982295 , 0.32308578],
       [0.2952034 , 0.37782636, 0.32697028]], dtype=float32), array([[0.3770885 , 0.3424835 , 0.28042808],
       [0.3700463 , 0.34133282, 0.2886209 ],
       [0.35541105, 0.3385484 , 0.30604059]], dtype=float32), array([[0.30527538, 0.3671843 , 0.32754037],
       [0.2781458 , 0.40182924, 0.320025  ],
       [0.29483587, 0.38028657, 0.32487762]], dtype=float32), array([[0.3036419 , 0.36966088, 0.32669723],
       [0.27351096, 0.40885743, 0.31763157],
       [0.292315  , 0.38411218, 0.32357284]], dtype=float32), array([[0.33855578, 0.36995682, 0.29148743],
       [0.33905512, 0.37530902, 0.28563583],
       [0.3375636 , 0.3609351 , 0.30150127]], dtype=float32), array([[0.31068328, 0.3767998 , 0.3125169 ],
       [0.29727364, 0.4026882 , 0.30003822],
       [0.3102784 , 0.3775799 , 0.31214172]], dtype=float32), array([[0.29738215, 0.3780305 , 0.3245874 ],
       [0.25722417, 0.43199554, 0.31078023],
       [0.28249905, 0.39751527, 0.31998572]], dtype=float32), array([[0.3042308 , 0.38858768, 0.30718154],
       [0.28719243, 0.4212434 , 0.29156417],
       [0.30356547, 0.3898589 , 0.30657563]], dtype=float32)]","[array([nan, nan, nan], dtype=float32), array([0.5633611, 0.5633611, 0.5633611], dtype=float32), array([nan, nan, nan], dtype=float32), array([nan, nan, nan], dtype=float32), array([nan, nan, nan], dtype=float32), array([0.5917905, 0.5917905, 0.5917905], dtype=float32), array([nan, nan, nan], dtype=float32), array([nan, nan, nan], dtype=float32), array([0.60387087, 0.60387087, 0.60387087], dtype=float32), array([nan, nan, nan], dtype=float32), array([0.61715287, 0.61715287, 0.61715287], dtype=float32), array([nan, nan, nan], dtype=float32), array([nan, nan, nan], dtype=float32), array([0.632602, 0.632602, 0.632602], dtype=float32), array([nan, nan, nan], dtype=float32), array([0.6383999, 0.6383999, 0.6383999], dtype=float32), array([nan, nan, nan], dtype=float32), array([nan, nan, nan], dtype=float32), array([nan, nan, nan], dtype=float32), array([nan, nan, nan], dtype=float32), array([0.6767059, 0.6767059, 0.6767059], dtype=float32), array([nan, nan, nan], dtype=float32), array([nan, nan, nan], dtype=float32), array([0.6768009, 0.6768009, 0.6768009], dtype=float32), array([0.6682954, 0.6682954, 0.6682954], dtype=float32), array([nan, nan, nan], dtype=float32), array([nan, nan, nan], dtype=float32), array([nan, nan, nan], dtype=float32), array([0.64786, 0.64786, 0.64786], dtype=float32), array([nan, nan, nan], dtype=float32), array([nan, nan, nan], dtype=float32)]","[array([0.56561667, 0.56561667, 0.56561667], dtype=float32), array([0.5633611, 0.5633611, 0.5633611], dtype=float32), array([0.565968, 0.565968, 0.565968], dtype=float32), array([0.57347095, 0.57347095, 0.57347095], dtype=float32), array([0.5847102, 0.5847102, 0.5847102], dtype=float32), array([0.5917905, 0.5917905, 0.5917905], dtype=float32), array([0.5994934, 0.5994934, 0.5994934], dtype=float32), array([0.6017638, 0.6017638, 0.6017638], dtype=float32), array([0.60387087, 0.60387087, 0.60387087], dtype=float32), array([0.6098386, 0.6098386, 0.6098386], dtype=float32), array([0.61715287, 0.61715287, 0.61715287], dtype=float32), array([0.62301546, 0.62301546, 0.62301546], dtype=float32), array([0.63021815, 0.63021815, 0.63021815], dtype=float32), array([0.6326018, 0.6326018, 0.6326018], dtype=float32), array([0.6349691, 0.6349691, 0.6349691], dtype=float32), array([0.63839996, 0.63839996, 0.63839996], dtype=float32), array([0.6398341, 0.6398341, 0.6398341], dtype=float32), array([0.65066236, 0.65066236, 0.65066236], dtype=float32), array([0.6634934, 0.6634934, 0.6634934], dtype=float32), array([0.67172444, 0.67172444, 0.67172444], dtype=float32), array([0.676706, 0.676706, 0.676706], dtype=float32), array([0.67996824, 0.67996824, 0.67996824], dtype=float32), array([0.6783936, 0.6783936, 0.6783936], dtype=float32), array([0.6768008, 0.6768008, 0.6768008], dtype=float32), array([0.6682953, 0.6682953, 0.6682953], dtype=float32), array([0.6589132, 0.6589132, 0.6589132], dtype=float32), array([0.6561759, 0.6561759, 0.6561759], dtype=float32), array([0.65416557, 0.65416557, 0.65416557], dtype=float32), array([0.64786, 0.64786, 0.64786], dtype=float32), array([0.63695425, 0.63695425, 0.63695425], dtype=float32), array([0.61104095, 0.61104095, 0.61104095], dtype=float32)]",1,0,0,0,0,0,55.78167938931298,60.19541984732823,64000,9.95,0.0003848802262195872,0.00016690141787945124,2000,64000,9.95,2000,0.34837586695418843,0.28431880474090576,32.0,0.0013802934991,-1.0,999.0,4.836335065760977e-08,30969,11052.6357421875,0.020957844331860542,0.4722185432910919,1.0,81158,0.0,-0.011438089422881603,0.33737632632255554,991008,341.98642618482023,32.0,0.0393447157605,0.0013802934991,0.0,999.0,23810,30969,991008,1.0,0.0,341.98606485213725,0,104968,61938,2976000,93000,1982016,1026.988032769709,6148574.100357182,6497654.349282122,10.5,0.00014727171370730176,1.0067001111073661,0.18071867842706688,1.0067001111073661,9.42,0.0022615014197072012,32.0,100,64100,2.0,6.060981791102223e-05,2,1600,50,0.00031652992475098354,2,-9.5,3200,0.00022282463937194934,0.0005104488328569459,100,9.42,3200,9.42,100,1.7353894254768774e-05,3.084168727399856e-05,3.068299025587235e-05,2.3286485422750143e-05,0.00016122301264108796,5.1256907176174274e-05,6.993894954658763e-06,7.875183031142448e-06,2.0922718678570388e-05,4.531063063738724e-05,3.492212896783582e-05,0.0570699011397103,0.006901678541826145,0.05756581334883662,0.17535848142173302,0.029676448277721885,0.020798183313499845,0.00018157524530263645,108066,94.52136993408203,0.019942214712500572,0.4722185730934143,961.0,1.0,-0.01944991759955883,0.3325672,3458112,0.27963945269584656,992.0,-0.23878121376037598,498.0,108066,961.0,0.0,3458112,498.0,992.0,216132,20832000,6916224,651000,10077.62687767888,4.6305704318074774e-05,9.69841713753352e-06,2.6468367399472127e-05,6.038243113914987e-05,9.069110449513704e-06,4.0123368080109695e-05,2.985270928391152e-05,0.00021181195731537368,4.114847097364442e-05,6.799584757602358e-05,2.3113793324446883e-05
1,66000,False,33,d1c92_00000,2025-08-17_21-20-51,1755465651,91.96466112136841,3091.553307533264,685852,intrinsic-attention2,10.156.0.3,3091.553307533264,33,94.32803411899982,1.528219903787963e-05,94.32774991647989,2.7251003746679228,91.24473036207579,0.002005225787098323,2.0,1.0067001111073661,4.9192159278887496e-05,2,32.0,33000,9.0,10.5,1000,0.0002599580038804561,2,-10.5,2000,0.00010488685152213794,1.0067001111073661,66000,0.0016096376092173158,2.694500396172243,398.975308338859,2000.0,3000.0,"[array([[0.33555618, 0.3832544 , 0.28118944],
       [0.3353714 , 0.39328495, 0.27134365],
       [0.33548295, 0.36995786, 0.29455924]], dtype=float32), array([[0.30264997, 0.39932355, 0.2980265 ],
       [0.285905  , 0.43476868, 0.27932635],
       [0.3035623 , 0.3973819 , 0.29905576]], dtype=float32), array([[0.33322307, 0.3901965 , 0.2765804 ],
       [0.3322925 , 0.40338898, 0.26431853],
       [0.3338937 , 0.37469447, 0.29141185]], dtype=float32), array([[0.3589016 , 0.27694082, 0.3641576 ],
       [0.34294364, 0.31230837, 0.34474802],
       [0.3597547 , 0.27503192, 0.36521342]], dtype=float32), array([[0.2918844 , 0.41090137, 0.29721427],
       [0.26439223, 0.46325216, 0.2723556 ],
       [0.29044154, 0.41363215, 0.29592633]], dtype=float32), array([[0.33894962, 0.39683798, 0.26421237],
       [0.33899382, 0.40948364, 0.25152257],
       [0.33816692, 0.3768568 , 0.2849763 ]], dtype=float32), array([[0.30122077, 0.40123305, 0.29754618],
       [0.27687204, 0.4520052 , 0.2711228 ],
       [0.30223882, 0.39909798, 0.29866317]], dtype=float32), array([[0.33758563, 0.40290388, 0.2595105 ],
       [0.33713415, 0.41788384, 0.24498196],
       [0.33738196, 0.38062713, 0.28199083]], dtype=float32), array([[0.28859618, 0.4274899 , 0.2839139 ],
       [0.26085585, 0.48493594, 0.25420827],
       [0.28972954, 0.42512935, 0.2851411 ]], dtype=float32), array([[0.31917676, 0.3960599 , 0.28476334],
       [0.30978516, 0.42960376, 0.2606111 ],
       [0.3235835 , 0.37861294, 0.29780352]], dtype=float32), array([[0.3358635 , 0.41068876, 0.25344774],
       [0.33466056, 0.42877582, 0.2365636 ],
       [0.33643606, 0.38536322, 0.27820078]], dtype=float32), array([[0.32539403, 0.41397494, 0.26063105],
       [0.32065517, 0.43961123, 0.23973358],
       [0.32883823, 0.39049983, 0.28066188]], dtype=float32), array([[0.26659036, 0.42245296, 0.31095657],
       [0.18317387, 0.5519478 , 0.2648783 ],
       [0.23708676, 0.46576706, 0.29714614]], dtype=float32), array([[0.26582158, 0.41885272, 0.31532565],
       [0.16939051, 0.5644063 , 0.26620325],
       [0.22696802, 0.47379556, 0.2992365 ]], dtype=float32), array([[0.2801794 , 0.44456807, 0.27525255],
       [0.24603322, 0.51481616, 0.23915058],
       [0.2814711 , 0.44189435, 0.27663448]], dtype=float32), array([[0.27887803, 0.44736055, 0.27376142],
       [0.24378183, 0.51955837, 0.23665977],
       [0.28023246, 0.4445565 , 0.275211  ]], dtype=float32), array([[0.36763048, 0.25588125, 0.3764883 ],
       [0.34155774, 0.31506804, 0.34337422],
       [0.36919343, 0.25225773, 0.37854886]], dtype=float32), array([[0.27132133, 0.4492729 , 0.2794058 ],
       [0.22621162, 0.53592736, 0.23786096],
       [0.2686863 , 0.45428526, 0.2770284 ]], dtype=float32), array([[0.28858116, 0.416676  , 0.29474288],
       [0.24269976, 0.5041776 , 0.2531227 ],
       [0.28596047, 0.42162165, 0.2924179 ]], dtype=float32), array([[0.2707068 , 0.4505189 , 0.2787743 ],
       [0.2252394 , 0.5379279 , 0.23683271],
       [0.26807564, 0.4555279 , 0.2763964 ]], dtype=float32), array([[0.29256347, 0.419127  , 0.28830954],
       [0.25679943, 0.4931382 , 0.25006238],
       [0.2939844 , 0.4161648 , 0.2898508 ]], dtype=float32), array([[0.27749753, 0.4504319 , 0.27207053],
       [0.241699  , 0.52411085, 0.2341902 ],
       [0.27893594, 0.44745156, 0.27361247]], dtype=float32), array([[0.3146868 , 0.4033567 , 0.2819565 ],
       [0.3012509 , 0.44533893, 0.25341016],
       [0.32002667, 0.38511372, 0.2948596 ]], dtype=float32), array([[0.33654475, 0.41443735, 0.2490179 ],
       [0.33531576, 0.43319857, 0.2314856 ],
       [0.33704555, 0.38724604, 0.27570844]], dtype=float32), array([[0.29568353, 0.41240144, 0.29191512],
       [0.26411885, 0.4777284 , 0.25815272],
       [0.29687074, 0.40992874, 0.29320046]], dtype=float32), array([[0.29614553, 0.41141903, 0.2924354 ],
       [0.26523188, 0.47540578, 0.2593624 ],
       [0.29730228, 0.40901002, 0.2936877 ]], dtype=float32), array([[0.32770225, 0.41269433, 0.2596034 ],
       [0.3239547 , 0.43615544, 0.23988985],
       [0.33055013, 0.3891195 , 0.28033033]], dtype=float32), array([[0.28329527, 0.43807057, 0.2786341 ],
       [0.2526119 , 0.50128   , 0.24610807],
       [0.28444397, 0.43569103, 0.27986497]], dtype=float32), array([[0.36503434, 0.26160473, 0.373361  ],
       [0.3426104 , 0.3126502 , 0.34473947],
       [0.36643818, 0.25834963, 0.3752122 ]], dtype=float32), array([[0.29332057, 0.40745845, 0.29922098],
       [0.25533104, 0.47940245, 0.26526657],
       [0.2910391 , 0.41173857, 0.2972223 ]], dtype=float32), array([[0.33867922, 0.40898868, 0.25233215],
       [0.33819717, 0.42507657, 0.23672627],
       [0.33832   , 0.38383338, 0.2778466 ]], dtype=float32)]","[array([0.57535625, 0.57535625, 0.57535625], dtype=float32), array([0.53960425, 0.53960425, 0.53960425], dtype=float32), array([0.5058175, 0.5058175, 0.5058175], dtype=float32), array([0.4751592, 0.4751592, 0.4751592], dtype=float32), array([0.4464518, 0.4464518, 0.4464518], dtype=float32), array([0.41895732, 0.41895732, 0.41895732], dtype=float32), array([0.39321443, 0.39321443, 0.39321443], dtype=float32), array([0.36856622, 0.36856622, 0.36856622], dtype=float32), array([0.34432504, 0.34432504, 0.34432504], dtype=float32), array([0.32194257, 0.32194257, 0.32194257], dtype=float32), array([0.3003699, 0.3003699, 0.3003699], dtype=float32), array([0.28021967, 0.28021967, 0.28021967], dtype=float32), array([0.26460293, 0.26460293, 0.26460293], dtype=float32), array([0.25065196, 0.25065196, 0.25065196], dtype=float32), array([0.23900832, 0.23900832, 0.23900832], dtype=float32), array([0.23203579, 0.23203579, 0.23203579], dtype=float32), array([0.2251285, 0.2251285, 0.2251285], dtype=float32), array([0.21851431, 0.21851431, 0.21851431], dtype=float32), array([0.2162427, 0.2162427, 0.2162427], dtype=float32), array([0.21663636, 0.21663636, 0.21663636], dtype=float32), array([0.21851107, 0.21851107, 0.21851107], dtype=float32), array([0.22412796, 0.22412796, 0.22412796], dtype=float32), array([0.23392339, 0.23392339, 0.23392339], dtype=float32), array([0.24160612, 0.24160612, 0.24160612], dtype=float32), array([0.24758926, 0.24758926, 0.24758926], dtype=float32), array([0.2530919, 0.2530919, 0.2530919], dtype=float32), array([0.2573536, 0.2573536, 0.2573536], dtype=float32), array([0.26541197, 0.26541197, 0.26541197], dtype=float32), array([0.275648, 0.275648, 0.275648], dtype=float32), array([0.28306416, 0.28306416, 0.28306416], dtype=float32), array([0.29160896, 0.29160896, 0.29160896], dtype=float32)]","[array([0.57535636, 0.57535636, 0.57535636], dtype=float32), array([0.53960425, 0.53960425, 0.53960425], dtype=float32), array([0.5058174, 0.5058174, 0.5058174], dtype=float32), array([0.47515923, 0.47515923, 0.47515923], dtype=float32), array([0.44645178, 0.44645178, 0.44645178], dtype=float32), array([0.4189573, 0.4189573, 0.4189573], dtype=float32), array([0.3932144, 0.3932144, 0.3932144], dtype=float32), array([0.36856622, 0.36856622, 0.36856622], dtype=float32), array([0.34432504, 0.34432504, 0.34432504], dtype=float32), array([0.32194263, 0.32194263, 0.32194263], dtype=float32), array([0.3003699, 0.3003699, 0.3003699], dtype=float32), array([0.28021958, 0.28021958, 0.28021958], dtype=float32), array([0.26460293, 0.26460293, 0.26460293], dtype=float32), array([0.2506519, 0.2506519, 0.2506519], dtype=float32), array([0.23900837, 0.23900837, 0.23900837], dtype=float32), array([0.23203583, 0.23203583, 0.23203583], dtype=float32), array([0.22512846, 0.22512846, 0.22512846], dtype=float32), array([0.21851425, 0.21851425, 0.21851425], dtype=float32), array([0.21624275, 0.21624275, 0.21624275], dtype=float32), array([0.21663637, 0.21663637, 0.21663637], dtype=float32), array([0.2185111, 0.2185111, 0.2185111], dtype=float32), array([0.22412801, 0.22412801, 0.22412801], dtype=float32), array([0.23392342, 0.23392342, 0.23392342], dtype=float32), array([0.24160618, 0.24160618, 0.24160618], dtype=float32), array([0.2475893, 0.2475893, 0.2475893], dtype=float32), array([0.25309184, 0.25309184, 0.25309184], dtype=float32), array([0.25735354, 0.25735354, 0.25735354], dtype=float32), array([0.26541188, 0.26541188, 0.26541188], dtype=float32), array([0.27564806, 0.27564806, 0.27564806], dtype=float32), array([0.28306416, 0.28306416, 0.28306416], dtype=float32), array([0.29160896, 0.29160896, 0.29160896], dtype=float32)]",1,0,0,0,0,0,56.20534351145038,60.225190839694655,66000,9.0,0.00038364244546209463,0.000164339990498632,2000,66000,9.0,2000,0.34820125666471374,0.264494389295578,33.0,0.0013802934991,-0.0014641284942626953,999.0,2.4181675328804886e-08,30969,1853.9403076171875,0.004425307270139456,0.4722185432910919,1.0,81158,0.0,-0.0238887220621109,0.3249530494213104,1021977,342.0087785559452,33.0,0.0393447157605,0.0013802934991,0.0,999.0,23810,30969,1021977,1.0,0.0,342.00842943738695,0,104968,61938,3069000,93000,2043954,1027.055065291141,6144621.500382742,6493868.859523593,10.5,0.00011415227673739988,1.0067001111073661,0.18024791030271725,1.0067001111073661,9.62,0.00191510705059045,33.0,100,66100,2.0,5.0393398780831595e-05,2,1650,50,0.00031495669539685064,2,-9.5,3300,0.0001796375125962719,0.0004168031127557325,100,9.62,3300,9.62,100,1.737459183718707e-05,3.0188636735019822e-05,3.063397202960102e-05,2.349508589830158e-05,0.00016235669957143025,5.078968231848784e-05,6.9051396313013595e-06,8.016506718947175e-06,2.080926666740378e-05,4.4410863607315865e-05,3.4556243527503514e-05,0.0571056142983315,0.006898758176458482,0.05748565671532056,0.17526649685759707,0.029672818614893712,0.020764102710374353,0.0001814068227679518,108066,93.677978515625,0.003209843998774886,0.4722185730934143,991.0,1.0,-0.03578735888004303,0.3135506,3566178,0.27772846817970276,1023.0,-0.021715283393859863,498.0,108066,991.0,0.0,3566178,498.0,1023.0,216132,21483000,7132356,651000,10047.27486459341,3.709574717341399e-05,8.158839522098732e-06,2.2345825343263565e-05,4.8632014642412037e-05,7.574850283441556e-06,3.240497999992258e-05,2.5092503100088986e-05,0.00017628145275346244,3.298014923426885e-05,5.3989930215518716e-05,1.839954251135845e-05
1,68000,False,34,d1c92_00000,2025-08-17_21-22-25,1755465745,94.6584620475769,3186.211769580841,685852,intrinsic-attention2,10.156.0.3,3186.211769580841,34,94.32929929004982,1.5450546984297482e-05,94.32901402426518,2.7338577320613644,91.23663345593505,0.002002528589344892,2.0,1.0067001111073661,5.696154990121756e-05,2,33.0,34000,9.84,10.5,1000,0.0002599580038804561,2,-9.5,2000,0.0001301703019672527,1.0067001111073661,68000,0.0019616888788004873,2.703115354240468,386.9965078076222,2000.0,3000.0,"[array([[0.29731652, 0.4087915 , 0.293892  ],
       [0.26808825, 0.4692284 , 0.2626834 ],
       [0.29835486, 0.40663245, 0.29501262]], dtype=float32), array([[0.29451934, 0.4050195 , 0.30046117],
       [0.25828144, 0.47343612, 0.26828253],
       [0.29226804, 0.40923056, 0.29850143]], dtype=float32), array([[0.2947983 , 0.40435407, 0.30084765],
       [0.25871024, 0.47237116, 0.26891863],
       [0.29249936, 0.40864614, 0.2988545 ]], dtype=float32), array([[0.33932585, 0.40560812, 0.25506595],
       [0.3391146 , 0.42056412, 0.24032131],
       [0.33864737, 0.38163453, 0.2797181 ]], dtype=float32), array([[0.28163606, 0.42847276, 0.28989118],
       [0.24695972, 0.4940061 , 0.25903416],
       [0.27925473, 0.432932  , 0.28781322]], dtype=float32), array([[0.30074248, 0.40068045, 0.29857707],
       [0.27483672, 0.45377573, 0.27138758],
       [0.3013809 , 0.39936745, 0.29925162]], dtype=float32), array([[0.3411198 , 0.39803582, 0.26084447],
       [0.3415028 , 0.41033697, 0.24816023],
       [0.33962756, 0.37660092, 0.2837715 ]], dtype=float32), array([[0.3158777 , 0.3869589 , 0.29716337],
       [0.3032974 , 0.42212355, 0.274579  ],
       [0.3194312 , 0.37656978, 0.30399895]], dtype=float32), array([[0.34267044, 0.3963067 , 0.2610229 ],
       [0.3433399 , 0.40748188, 0.24917819],
       [0.34061903, 0.37532496, 0.284056  ]], dtype=float32), array([[0.34325042, 0.398199  , 0.25855055],
       [0.34394923, 0.40955642, 0.24649432],
       [0.34105757, 0.37643927, 0.2825032 ]], dtype=float32), array([[0.38534215, 0.25747994, 0.3571779 ],
       [0.33930168, 0.32427716, 0.3364212 ],
       [0.3768615 , 0.269363  , 0.35377544]], dtype=float32), array([[0.3145604 , 0.39190125, 0.29353833],
       [0.30105355, 0.42979613, 0.26915026],
       [0.31852734, 0.38019785, 0.30127478]], dtype=float32), array([[0.27799156, 0.43697423, 0.2850342 ],
       [0.24327013, 0.50347245, 0.25325748],
       [0.2760757 , 0.44061625, 0.28330812]], dtype=float32), array([[0.34524596, 0.40736356, 0.24739051],
       [0.34594274, 0.41988808, 0.23416917],
       [0.34266886, 0.38194367, 0.27538747]], dtype=float32), array([[0.31684804, 0.4034566 , 0.27969536],
       [0.3059282 , 0.4406649 , 0.2534069 ],
       [0.32184786, 0.3845574 , 0.29359472]], dtype=float32), array([[0.36622617, 0.40385205, 0.22992183],
       [0.36861268, 0.4104692 , 0.22091809],
       [0.35262993, 0.3712122 , 0.2761579 ]], dtype=float32), array([[0.25862947, 0.47704563, 0.2643248 ],
       [0.20959395, 0.573174  , 0.21723199],
       [0.25686663, 0.48047927, 0.2626541 ]], dtype=float32), array([[0.34019095, 0.44058457, 0.21922448],
       [0.3383935 , 0.46289173, 0.19871485],
       [0.34073558, 0.40212962, 0.25713485]], dtype=float32), array([[0.25646713, 0.4996675 , 0.24386539],
       [0.21036543, 0.5951642 , 0.19447042],
       [0.2599413 , 0.492363  , 0.24769567]], dtype=float32), array([[0.36447313, 0.4302691 , 0.20525773],
       [0.36657676, 0.44292134, 0.19050193],
       [0.35297778, 0.38452312, 0.26249912]], dtype=float32), array([[0.20673247, 0.5395644 , 0.25370318],
       [0.121204  , 0.70244604, 0.1763499 ],
       [0.18632346, 0.57655823, 0.2371183 ]], dtype=float32), array([[0.220863  , 0.49459067, 0.28454626],
       [0.10654251, 0.70087165, 0.19258592],
       [0.17937464, 0.56358004, 0.25704536]], dtype=float32), array([[0.27585784, 0.4602445 , 0.2638976 ],
       [0.22642517, 0.56436664, 0.20920822],
       [0.2800382 , 0.45125756, 0.26870427]], dtype=float32), array([[0.2269664 , 0.4751239 , 0.29790974],
       [0.10663555, 0.6821897 , 0.21117473],
       [0.17588542, 0.5555102 , 0.26860434]], dtype=float32), array([[0.2796047 , 0.45176858, 0.26862672],
       [0.2349656 , 0.5460409 , 0.21899359],
       [0.283236  , 0.4439585 , 0.27280557]], dtype=float32), array([[0.30871108, 0.4311372 , 0.26015174],
       [0.29088807, 0.48533255, 0.22377934],
       [0.3166655 , 0.40372312, 0.2796114 ]], dtype=float32), array([[0.34614298, 0.43930808, 0.21454896],
       [0.3456105 , 0.45772994, 0.19665949],
       [0.34470838, 0.40162677, 0.25366485]], dtype=float32), array([[0.2514561 , 0.49347946, 0.25506434],
       [0.20200747, 0.5913476 , 0.20664492],
       [0.25039616, 0.49556938, 0.25403452]], dtype=float32), array([[0.23281145, 0.47054526, 0.2966432 ],
       [0.13370606, 0.6373668 , 0.22892718],
       [0.19506364, 0.52977276, 0.27516368]], dtype=float32), array([[0.23392001, 0.46820405, 0.2978759 ],
       [0.13646235, 0.6309296 , 0.23260811],
       [0.19651055, 0.5264991 , 0.27699038]], dtype=float32), array([[0.2563674 , 0.48362294, 0.26000965],
       [0.21175978, 0.57175356, 0.21648672],
       [0.25536746, 0.48559123, 0.25904137]], dtype=float32)]","[array([0.29910836, 0.29910836, 0.29910836], dtype=float32), array([0.30861217, 0.30861217, 0.30861217], dtype=float32), array([0.31410336, 0.31410336, 0.31410336], dtype=float32), array([0.31795788, 0.31795788, 0.31795788], dtype=float32), array([0.3193288, 0.3193288, 0.3193288], dtype=float32), array([0.32107827, 0.32107827, 0.32107827], dtype=float32), array([0.3241818, 0.3241818, 0.3241818], dtype=float32), array([0.3303671, 0.3303671, 0.3303671], dtype=float32), array([0.3331112, 0.3331112, 0.3331112], dtype=float32), array([0.33324853, 0.33324853, 0.33324853], dtype=float32), array([0.33355972, 0.33355972, 0.33355972], dtype=float32), array([0.33272064, 0.33272064, 0.33272064], dtype=float32), array([0.33164212, 0.33164212, 0.33164212], dtype=float32), array([0.3311974, 0.3311974, 0.3311974], dtype=float32), array([0.32882872, 0.32882872, 0.32882872], dtype=float32), array([0.32854813, 0.32854813, 0.32854813], dtype=float32), array([0.3275824, 0.3275824, 0.3275824], dtype=float32), array([0.327575, 0.327575, 0.327575], dtype=float32), array([0.3264123, 0.3264123, 0.3264123], dtype=float32), array([0.3267306, 0.3267306, 0.3267306], dtype=float32), array([0.32790804, 0.32790804, 0.32790804], dtype=float32), array([0.32810357, 0.32810357, 0.32810357], dtype=float32), array([0.33072606, 0.33072606, 0.33072606], dtype=float32), array([0.33092672, 0.33092672, 0.33092672], dtype=float32), array([0.33037293, 0.33037293, 0.33037293], dtype=float32), array([0.3328203, 0.3328203, 0.3328203], dtype=float32), array([0.33396572, 0.33396572, 0.33396572], dtype=float32), array([0.33318824, 0.33318824, 0.33318824], dtype=float32), array([0.3347223, 0.3347223, 0.3347223], dtype=float32), array([0.33622935, 0.33622935, 0.33622935], dtype=float32), array([0.3353036, 0.3353036, 0.3353036], dtype=float32)]","[array([0.29910836, 0.29910836, 0.29910836], dtype=float32), array([0.30861217, 0.30861217, 0.30861217], dtype=float32), array([0.3141033, 0.3141033, 0.3141033], dtype=float32), array([0.31795788, 0.31795788, 0.31795788], dtype=float32), array([0.31932878, 0.31932878, 0.31932878], dtype=float32), array([0.32107824, 0.32107824, 0.32107824], dtype=float32), array([0.32418174, 0.32418174, 0.32418174], dtype=float32), array([0.3303671, 0.3303671, 0.3303671], dtype=float32), array([0.33311126, 0.33311126, 0.33311126], dtype=float32), array([0.33324856, 0.33324856, 0.33324856], dtype=float32), array([0.33355966, 0.33355966, 0.33355966], dtype=float32), array([0.3327207, 0.3327207, 0.3327207], dtype=float32), array([0.33164212, 0.33164212, 0.33164212], dtype=float32), array([0.33119738, 0.33119738, 0.33119738], dtype=float32), array([0.32882878, 0.32882878, 0.32882878], dtype=float32), array([0.32854816, 0.32854816, 0.32854816], dtype=float32), array([0.3275824, 0.3275824, 0.3275824], dtype=float32), array([0.32757503, 0.32757503, 0.32757503], dtype=float32), array([0.32641226, 0.32641226, 0.32641226], dtype=float32), array([0.3267307, 0.3267307, 0.3267307], dtype=float32), array([0.327908, 0.327908, 0.327908], dtype=float32), array([0.32810354, 0.32810354, 0.32810354], dtype=float32), array([0.3307261, 0.3307261, 0.3307261], dtype=float32), array([0.33092672, 0.33092672, 0.33092672], dtype=float32), array([0.33037296, 0.33037296, 0.33037296], dtype=float32), array([0.33282036, 0.33282036, 0.33282036], dtype=float32), array([0.33396575, 0.33396575, 0.33396575], dtype=float32), array([0.33318827, 0.33318827, 0.33318827], dtype=float32), array([0.33472237, 0.33472237, 0.33472237], dtype=float32), array([0.33622932, 0.33622932, 0.33622932], dtype=float32), array([0.33530363, 0.33530363, 0.33530363], dtype=float32)]",1,0,0,0,0,0,56.06397058823529,60.24264705882353,68000,9.84,0.00046089616829494013,0.00020311315542775865,2000,68000,9.84,2000,0.34880438016798276,0.22804422676563263,34.0,0.0013802934991,-0.0066814422607421875,999.0,1.2090837664402443e-08,30969,1400.1041259765625,0.004713702946901321,0.4722185432910919,1.0,81158,0.0,-0.010478970594704151,0.3384131193161011,1052946,341.8637333250565,34.0,0.0393447157605,0.0013802934991,0.0,999.0,23810,30969,1052946,1.0,0.0,341.8633987776733,0,104968,61938,3162000,93000,2105892,1026.6194079897796,6152894.212204196,6503598.209883564,10.5,0.0001438702501544885,1.0067001111073661,0.18031076269970206,1.0067001111073661,9.82,0.0019604876919765957,34.0,100,68100,2.0,6.059950244072541e-05,2,1700,50,0.00031391638839194786,2,-9.5,3400,0.00022361258120528397,0.000508780436038496,100,9.82,3400,9.82,100,2.1723261682530535e-05,3.6615252582282625e-05,3.8799200236095316e-05,2.8157714366490693e-05,0.00018659927919352027,6.248649976045254e-05,8.529864557021947e-06,9.178247646612331e-06,2.4936803930503575e-05,5.2778427112613007e-05,4.2698854871385524e-05,0.05736902412531328,0.006932537154706139,0.05772206597814703,0.17535186524898452,0.02968475946869525,0.02073323676316053,0.00018127092447807664,108066,92.45169830322266,0.003393272403627634,0.4722185730934143,1021.0,1.0,-0.029567426070570946,0.319865,3674244,0.23057305812835693,1054.0,-0.015366315841674805,498.0,108066,1021.0,0.0,3674244,498.0,1054.0,216132,22134000,7348488,651000,10010.199918813976,4.6103961039524784e-05,9.654714600325129e-06,2.7161999745624112e-05,5.963827669764676e-05,9.326424827388112e-06,4.061596808644547e-05,3.0334502421028492e-05,0.0002103506525334916,4.044945328543325e-05,6.681170250581591e-05,2.2739067769997537e-05
1,70000,False,35,d1c92_00000,2025-08-17_21-23-58,1755465838,92.78560018539429,3278.9973697662354,685852,intrinsic-attention2,10.156.0.3,3278.9973697662354,35,94.31169297224933,1.5490101490365437e-05,94.31140701720251,2.7329788378308204,91.2200490136757,0.0019999078934863,2.0,1.0067001111073661,4.787345048984362e-05,2,34.0,35000,9.61,10.5,1000,0.0002599580038804561,2,-10.5,2000,0.0001036062919254672,1.0067001111073661,70000,0.0015659725201840047,2.7022375220180797,375.27146853594036,2000.0,3000.0,"[array([[0.2379594 , 0.45423654, 0.30780408],
       [0.13436246, 0.6188493 , 0.24678832],
       [0.19238923, 0.52147686, 0.2861339 ]], dtype=float32), array([[0.26284716, 0.4702588 , 0.26689413],
       [0.22350863, 0.547659  , 0.22883238],
       [0.26181072, 0.47228983, 0.2658994 ]], dtype=float32), array([[0.26444283, 0.46708307, 0.26847407],
       [0.22648518, 0.5417155 , 0.23179924],
       [0.26343158, 0.46906367, 0.26750475]], dtype=float32), array([[0.35575587, 0.41327238, 0.2309717 ],
       [0.35727957, 0.422768  , 0.21995239],
       [0.34986106, 0.38538402, 0.26475492]], dtype=float32), array([[0.24400818, 0.44344565, 0.31254622],
       [0.1477779 , 0.58995205, 0.26227003],
       [0.20063072, 0.50519943, 0.2941699 ]], dtype=float32), array([[0.27462602, 0.46146417, 0.26390982],
       [0.24618013, 0.5214087 , 0.23241119],
       [0.27677387, 0.45688993, 0.26633623]], dtype=float32), array([[0.31704816, 0.40700108, 0.27595082],
       [0.30741608, 0.44105515, 0.2515287 ],
       [0.3217947 , 0.3883325 , 0.2898728 ]], dtype=float32), array([[0.3442341 , 0.4154302 , 0.24033569],
       [0.344492  , 0.42918178, 0.2263262 ],
       [0.34248424, 0.38893422, 0.26858157]], dtype=float32), array([[0.28860372, 0.42008743, 0.2913089 ],
       [0.25292367, 0.4899619 , 0.25711438],
       [0.28772727, 0.42179728, 0.2904755 ]], dtype=float32), array([[0.3965735 , 0.3870606 , 0.21636584],
       [0.39547765, 0.3861749 , 0.21834739],
       [0.36742955, 0.36290288, 0.26966757]], dtype=float32), array([[0.34440237, 0.4167242 , 0.23887344],
       [0.34463668, 0.43062767, 0.22473557],
       [0.34265572, 0.38980654, 0.2675377 ]], dtype=float32), array([[0.24211952, 0.44607946, 0.31180108],
       [0.1456898 , 0.5937063 , 0.2606039 ],
       [0.19862878, 0.50830996, 0.29306123]], dtype=float32), array([[0.2926679 , 0.42357066, 0.2837614 ],
       [0.26450375, 0.48402232, 0.25147393],
       [0.29495686, 0.41859314, 0.28645   ]], dtype=float32), array([[0.2928097 , 0.42336118, 0.28382912],
       [0.26488096, 0.4833625 , 0.25175655],
       [0.29510355, 0.41836816, 0.2865283 ]], dtype=float32), array([[0.35905364, 0.41113883, 0.2298075 ],
       [0.36076465, 0.41917107, 0.22006433],
       [0.35196605, 0.38410568, 0.26392823]], dtype=float32), array([[0.3596597 , 0.41004822, 0.23029211],
       [0.36140135, 0.41771027, 0.22088836],
       [0.35232177, 0.3834232 , 0.26425502]], dtype=float32), array([[0.39931172, 0.38395017, 0.21673805],
       [0.39746165, 0.3826406 , 0.21989775],
       [0.36884916, 0.36150482, 0.26964608]], dtype=float32), array([[0.2899131 , 0.4183449 , 0.29174206],
       [0.25698128, 0.48323935, 0.2597794 ],
       [0.2893556 , 0.4194407 , 0.2912037 ]], dtype=float32), array([[0.3122973 , 0.4047512 , 0.2829515 ],
       [0.29929292, 0.44287673, 0.2578303 ],
       [0.3168685 , 0.3904745 , 0.29265705]], dtype=float32), array([[0.26963094, 0.45839778, 0.27197123],
       [0.237357  , 0.5222184 , 0.24042459],
       [0.2691069 , 0.4594319 , 0.2714612 ]], dtype=float32), array([[0.29051134, 0.41745913, 0.29202956],
       [0.2586436 , 0.4804001 , 0.26095638],
       [0.2900592 , 0.4183502 , 0.2915906 ]], dtype=float32), array([[0.2951857 , 0.41911757, 0.2856968 ],
       [0.27039325, 0.47294337, 0.2566634 ],
       [0.29743135, 0.41417637, 0.28839234]], dtype=float32), array([[0.29524344, 0.41914254, 0.28561398],
       [0.27061182, 0.47268865, 0.2566995 ],
       [0.2975083 , 0.41415182, 0.28833985]], dtype=float32), array([[0.2954869 , 0.41873932, 0.2857738 ],
       [0.2711757 , 0.47166365, 0.25716063],
       [0.2977516 , 0.41374153, 0.28850687]], dtype=float32), array([[0.27802894, 0.45703477, 0.26493624],
       [0.2532436 , 0.51015353, 0.23660293],
       [0.28039044, 0.45191085, 0.26769865]], dtype=float32), array([[0.351784  , 0.40785265, 0.2403634 ],
       [0.35305774, 0.41706824, 0.22987394],
       [0.34741133, 0.38381582, 0.2687729 ]], dtype=float32), array([[0.2797126 , 0.4539541 , 0.26633328],
       [0.25618052, 0.5046287 , 0.23919073],
       [0.28204933, 0.44885886, 0.26909176]], dtype=float32), array([[0.28044608, 0.45266843, 0.26688543],
       [0.25745565, 0.5022987 , 0.24024558],
       [0.2827801 , 0.4475661 , 0.2696538 ]], dtype=float32), array([[0.24671435, 0.44267344, 0.31061217],
       [0.1684451 , 0.5609724 , 0.27058253],
       [0.21389651, 0.48967743, 0.29642606]], dtype=float32), array([[0.28159428, 0.45072088, 0.26768485],
       [0.2594493 , 0.49873334, 0.24181734],
       [0.28393182, 0.44558737, 0.2704808 ]], dtype=float32), array([[0.24728613, 0.4416591 , 0.31105477],
       [0.17009892, 0.5578037 , 0.27209747],
       [0.21483977, 0.48796418, 0.29719594]], dtype=float32)]","[array([0.33255938, 0.33255938, 0.33255938], dtype=float32), array([0.32981753, 0.32981753, 0.32981753], dtype=float32), array([0.32928112, 0.32928112, 0.32928112], dtype=float32), array([0.32906625, 0.32906625, 0.32906625], dtype=float32), array([0.32870027, 0.32870027, 0.32870027], dtype=float32), array([0.32936585, 0.32936585, 0.32936585], dtype=float32), array([0.3305514, 0.3305514, 0.3305514], dtype=float32), array([0.3318789, 0.3318789, 0.3318789], dtype=float32), array([0.3351719, 0.3351719, 0.3351719], dtype=float32), array([0.3373392, 0.3373392, 0.3373392], dtype=float32), array([nan, nan, nan], dtype=float32), array([0.34135446, 0.34135446, 0.34135446], dtype=float32), array([nan, nan, nan], dtype=float32), array([0.3471001, 0.3471001, 0.3471001], dtype=float32), array([0.35079953, 0.35079953, 0.35079953], dtype=float32), array([0.35399422, 0.35399422, 0.35399422], dtype=float32), array([0.35706833, 0.35706833, 0.35706833], dtype=float32), array([0.36028188, 0.36028188, 0.36028188], dtype=float32), array([0.3638471, 0.3638471, 0.3638471], dtype=float32), array([0.3673731, 0.3673731, 0.3673731], dtype=float32), array([0.37185967, 0.37185967, 0.37185967], dtype=float32), array([0.37609375, 0.37609375, 0.37609375], dtype=float32), array([0.37979558, 0.37979558, 0.37979558], dtype=float32), array([0.38430175, 0.38430175, 0.38430175], dtype=float32), array([0.38886103, 0.38886103, 0.38886103], dtype=float32), array([0.394652, 0.394652, 0.394652], dtype=float32), array([0.40013304, 0.40013304, 0.40013304], dtype=float32), array([0.40528283, 0.40528283, 0.40528283], dtype=float32), array([0.40987602, 0.40987602, 0.40987602], dtype=float32), array([0.41488722, 0.41488722, 0.41488722], dtype=float32), array([0.42004767, 0.42004767, 0.42004767], dtype=float32)]","[array([0.3325594, 0.3325594, 0.3325594], dtype=float32), array([0.3298176, 0.3298176, 0.3298176], dtype=float32), array([0.32928112, 0.32928112, 0.32928112], dtype=float32), array([0.32906625, 0.32906625, 0.32906625], dtype=float32), array([0.32870027, 0.32870027, 0.32870027], dtype=float32), array([0.3293658, 0.3293658, 0.3293658], dtype=float32), array([0.33055133, 0.33055133, 0.33055133], dtype=float32), array([0.33187884, 0.33187884, 0.33187884], dtype=float32), array([0.33517185, 0.33517185, 0.33517185], dtype=float32), array([0.33733925, 0.33733925, 0.33733925], dtype=float32), array([0.33934015, 0.33934015, 0.33934015], dtype=float32), array([0.3413544, 0.3413544, 0.3413544], dtype=float32), array([0.34411332, 0.34411332, 0.34411332], dtype=float32), array([0.3471001, 0.3471001, 0.3471001], dtype=float32), array([0.35079953, 0.35079953, 0.35079953], dtype=float32), array([0.35399422, 0.35399422, 0.35399422], dtype=float32), array([0.3570684, 0.3570684, 0.3570684], dtype=float32), array([0.36028194, 0.36028194, 0.36028194], dtype=float32), array([0.36384714, 0.36384714, 0.36384714], dtype=float32), array([0.36737305, 0.36737305, 0.36737305], dtype=float32), array([0.37185958, 0.37185958, 0.37185958], dtype=float32), array([0.3760938, 0.3760938, 0.3760938], dtype=float32), array([0.37979558, 0.37979558, 0.37979558], dtype=float32), array([0.38430172, 0.38430172, 0.38430172], dtype=float32), array([0.38886103, 0.38886103, 0.38886103], dtype=float32), array([0.39465195, 0.39465195, 0.39465195], dtype=float32), array([0.40013307, 0.40013307, 0.40013307], dtype=float32), array([0.40528288, 0.40528288, 0.40528288], dtype=float32), array([0.409876, 0.409876, 0.409876], dtype=float32), array([0.4148873, 0.4148873, 0.4148873], dtype=float32), array([0.42004773, 0.42004773, 0.42004773], dtype=float32)]",1,0,0,0,0,0,56.31515151515151,59.96287878787878,70000,9.61,0.0003733502527644458,0.00016533971116161966,2000,70000,9.61,2000,0.34867412521627417,0.20962442457675934,35.0,0.0013802934991,-0.0006513595581054688,999.0,6.0454188322012214e-09,30969,983.8111572265625,0.0010103457607328892,0.4722185432910919,1.0,81158,0.0,-0.006284342147409916,0.3426331579685211,1083915,341.70877334259734,35.0,0.0393447157605,0.0013802934991,0.0,999.0,23810,30969,1083915,1.0,0.0,341.70844694645047,0,104968,61938,3255000,93000,2167830,1026.1539926967819,6145824.01683509,6496133.399033533,10.5,0.0001621122500939351,1.0067001111073661,0.18048734994265636,1.0067001111073661,9.82,0.0023759962011536116,35.0,100,70100,2.0,6.369679544660448e-05,2,1750,50,0.00031270983453808153,2,-9.5,3500,0.0002457626096423442,0.0005550434505479213,100,9.82,3500,9.82,100,1.668055464435813e-05,3.0063659077618317e-05,2.987972241351024e-05,2.275566246074427e-05,0.00015645581297135308,4.9520802928016054e-05,6.952608800099029e-06,7.770700422390663e-06,2.068204817883466e-05,4.537777488674767e-05,3.466831649150379e-05,0.05735518826417718,0.006934931103126165,0.057684094348336525,0.175316497906546,0.029674417073918907,0.020694781755503353,0.00018141562521935785,108066,93.8111572265625,0.001024220953695476,0.4722185730934143,1051.0,1.0,-0.019295068457722664,0.32978052,3782310,0.21400374174118042,1085.0,-0.009528040885925293,498.0,108066,1051.0,0.0,3782310,498.0,1085.0,216132,22785000,7564620,651000,9978.391993535817,5.069705839538418e-05,1.035562453609341e-05,2.8894359691953395e-05,6.730858569074422e-05,9.959264596275128e-06,4.492363293967554e-05,3.198606112198639e-05,0.0002271557491697407,4.4291185827666114e-05,7.286454987871517e-05,2.4799501730588158e-05
1,72000,False,36,d1c92_00000,2025-08-17_21-25-32,1755465932,93.51042199134827,3372.5077917575836,685852,intrinsic-attention2,10.156.0.3,3372.5077917575836,36,94.30151755935687,1.5447680522853513e-05,94.30123099910058,2.7326489838926125,91.21041538707892,0.0019973433045520333,2.0,1.0067001111073661,4.836583002211123e-05,2,35.0,36000,9.71,10.5,1000,0.0002599580038804561,2,-10.5,2000,0.00010266505958045887,1.0067001111073661,72000,0.0016011579692712984,2.701920328777968,363.8052655906713,2000.0,3000.0,"[array([[0.32489407, 0.39941785, 0.27568808],
       [0.32048833, 0.42202178, 0.2574899 ],
       [0.32784286, 0.38161302, 0.29054415]], dtype=float32), array([[0.28312072, 0.4489731 , 0.26790625],
       [0.26224634, 0.49470735, 0.2430464 ],
       [0.28556862, 0.44353482, 0.27089658]], dtype=float32), array([[0.2467697 , 0.43736252, 0.31586775],
       [0.16327976, 0.5590654 , 0.2776548 ],
       [0.20827202, 0.4903883 , 0.3013396 ]], dtype=float32), array([[0.24871132, 0.4389108 , 0.31237793],
       [0.17472525, 0.5487188 , 0.27655596],
       [0.21729364, 0.48324826, 0.29945815]], dtype=float32), array([[0.36070144, 0.39694953, 0.24234909],
       [0.36232474, 0.4017634 , 0.23591176],
       [0.35311177, 0.3765804 , 0.2703079 ]], dtype=float32), array([[0.3008598 , 0.40996316, 0.289177  ],
       [0.28315336, 0.44999465, 0.26685196],
       [0.30306104, 0.40491122, 0.29202777]], dtype=float32), array([[0.36306477, 0.39460635, 0.24232885],
       [0.36463812, 0.39856002, 0.23680192],
       [0.3546269 , 0.37501943, 0.27035367]], dtype=float32), array([[0.2883157 , 0.44034892, 0.2713354 ],
       [0.27115524, 0.47891966, 0.2499251 ],
       [0.29071885, 0.4348661 , 0.27441502]], dtype=float32), array([[0.36637962, 0.3925178 , 0.24110255],
       [0.36783355, 0.39555576, 0.2366107 ],
       [0.3567789 , 0.37362826, 0.2695929 ]], dtype=float32), array([[0.40838555, 0.3550074 , 0.23660707],
       [0.39941782, 0.3532071 , 0.24737506],
       [0.37304807, 0.34665942, 0.28029254]], dtype=float32), array([[0.3074044 , 0.38600242, 0.30659315],
       [0.2946014 , 0.41194126, 0.2934573 ],
       [0.30755118, 0.38570485, 0.30674398]], dtype=float32), array([[0.37417674, 0.35804012, 0.26778308],
       [0.37241408, 0.35705522, 0.27053073],
       [0.36064762, 0.3502855 , 0.28906694]], dtype=float32), array([[0.28178737, 0.3860362 , 0.3321764 ],
       [0.23776194, 0.43587044, 0.32636762],
       [0.2582859 , 0.41202608, 0.32968798]], dtype=float32), array([[0.28642663, 0.3780714 , 0.33550194],
       [0.24243966, 0.42414448, 0.3334159 ],
       [0.2608766 , 0.40429327, 0.33483008]], dtype=float32), array([[0.31544638, 0.36910048, 0.31545317],
       [0.31088018, 0.37823126, 0.31088853],
       [0.31544575, 0.36910173, 0.31545255]], dtype=float32), array([[0.38899007, 0.3266845 , 0.28432542],
       [0.37416932, 0.32893836, 0.29689234],
       [0.36248863, 0.3304746 , 0.30703685]], dtype=float32), array([[0.32356334, 0.3510979 , 0.32533875],
       [0.32065278, 0.35641465, 0.32293248],
       [0.32336876, 0.351453  , 0.32517824]], dtype=float32), array([[0.29045814, 0.36397967, 0.34556222],
       [0.24461807, 0.39892265, 0.35645926],
       [0.25473604, 0.39098728, 0.35427666]], dtype=float32), array([[0.32427746, 0.34770685, 0.32801569],
       [0.3229291 , 0.34986317, 0.32720768],
       [0.32405603, 0.34806076, 0.32788327]], dtype=float32), array([[0.30656275, 0.35105687, 0.34238034],
       [0.28724033, 0.36418846, 0.34857112],
       [0.29075474, 0.3617774 , 0.3474678 ]], dtype=float32), array([[0.3270962 , 0.34024355, 0.3326602 ],
       [0.32650548, 0.34090266, 0.33259183],
       [0.32684335, 0.34052563, 0.33263105]], dtype=float32), array([[0.3100021 , 0.34673494, 0.3432631 ],
       [0.29419166, 0.3559247 , 0.34988365],
       [0.29559326, 0.35510623, 0.34930047]], dtype=float32), array([[0.32867336, 0.33735043, 0.33397615],
       [0.3283531 , 0.33762774, 0.3340191 ],
       [0.32847664, 0.33752075, 0.33400255]], dtype=float32), array([[0.3300683 , 0.33550254, 0.3344292 ],
       [0.3297895 , 0.3356881 , 0.33452243],
       [0.32984418, 0.3356517 , 0.33450413]], dtype=float32), array([[0.3612892 , 0.3192971 , 0.31941366],
       [0.35299   , 0.32346326, 0.32354674],
       [0.35301438, 0.323451  , 0.3235346 ]], dtype=float32), array([[0.32984048, 0.33423647, 0.335923  ],
       [0.3297025 , 0.33427194, 0.3360256 ],
       [0.32965004, 0.33428538, 0.3360646 ]], dtype=float32), array([[0.3404402 , 0.32874817, 0.33081168],
       [0.3389839 , 0.32968506, 0.331331  ],
       [0.33924443, 0.32951736, 0.3312382 ]], dtype=float32), array([[0.3306381 , 0.3325744 , 0.33678746],
       [0.33058658, 0.33255973, 0.33685365],
       [0.3304756 , 0.33252808, 0.33699638]], dtype=float32), array([[0.33164907, 0.33226484, 0.33608615],
       [0.33162954, 0.33225244, 0.33611804],
       [0.33150935, 0.33217594, 0.3363147 ]], dtype=float32), array([[0.35812157, 0.3174155 , 0.32446292],
       [0.3495828 , 0.32285494, 0.32756233],
       [0.35113007, 0.32186595, 0.32700405]], dtype=float32), array([[0.34074146, 0.32679188, 0.3324667 ],
       [0.3386888 , 0.32859555, 0.33271563],
       [0.33953363, 0.32785237, 0.33261397]], dtype=float32)]","[array([0.42392352, 0.42392352, 0.42392352], dtype=float32), array([nan, nan, nan], dtype=float32), array([0.43021116, 0.43021116, 0.43021116], dtype=float32), array([0.43291187, 0.43291187, 0.43291187], dtype=float32), array([0.4352308, 0.4352308, 0.4352308], dtype=float32), array([0.43722877, 0.43722877, 0.43722877], dtype=float32), array([0.43898255, 0.43898255, 0.43898255], dtype=float32), array([0.43991843, 0.43991843, 0.43991843], dtype=float32), array([0.44074014, 0.44074014, 0.44074014], dtype=float32), array([0.44349942, 0.44349942, 0.44349942], dtype=float32), array([0.44607928, 0.44607928, 0.44607928], dtype=float32), array([0.44878417, 0.44878417, 0.44878417], dtype=float32), array([0.45251042, 0.45251042, 0.45251042], dtype=float32), array([0.45555133, 0.45555133, 0.45555133], dtype=float32), array([0.45982212, 0.45982212, 0.45982212], dtype=float32), array([0.46332824, 0.46332824, 0.46332824], dtype=float32), array([0.46677923, 0.46677923, 0.46677923], dtype=float32), array([0.47027117, 0.47027117, 0.47027117], dtype=float32), array([0.47352, 0.47352, 0.47352], dtype=float32), array([0.47768027, 0.47768027, 0.47768027], dtype=float32), array([0.48654276, 0.48654276, 0.48654276], dtype=float32), array([0.49357316, 0.49357316, 0.49357316], dtype=float32), array([0.50007045, 0.50007045, 0.50007045], dtype=float32), array([0.5059156, 0.5059156, 0.5059156], dtype=float32), array([0.51109284, 0.51109284, 0.51109284], dtype=float32), array([0.515688, 0.515688, 0.515688], dtype=float32), array([nan, nan, nan], dtype=float32), array([nan, nan, nan], dtype=float32), array([0.5328912, 0.5328912, 0.5328912], dtype=float32), array([0.5376485, 0.5376485, 0.5376485], dtype=float32), array([0.5418922, 0.5418922, 0.5418922], dtype=float32)]","[array([0.42392355, 0.42392355, 0.42392355], dtype=float32), array([0.42730245, 0.42730245, 0.42730245], dtype=float32), array([0.4302111, 0.4302111, 0.4302111], dtype=float32), array([0.4329118, 0.4329118, 0.4329118], dtype=float32), array([0.43523076, 0.43523076, 0.43523076], dtype=float32), array([0.43722874, 0.43722874, 0.43722874], dtype=float32), array([0.43898255, 0.43898255, 0.43898255], dtype=float32), array([0.43991846, 0.43991846, 0.43991846], dtype=float32), array([0.44074014, 0.44074014, 0.44074014], dtype=float32), array([0.44349948, 0.44349948, 0.44349948], dtype=float32), array([0.4460793, 0.4460793, 0.4460793], dtype=float32), array([0.44878423, 0.44878423, 0.44878423], dtype=float32), array([0.45251042, 0.45251042, 0.45251042], dtype=float32), array([0.45555124, 0.45555124, 0.45555124], dtype=float32), array([0.45982215, 0.45982215, 0.45982215], dtype=float32), array([0.4633283, 0.4633283, 0.4633283], dtype=float32), array([0.46677923, 0.46677923, 0.46677923], dtype=float32), array([0.47027114, 0.47027114, 0.47027114], dtype=float32), array([0.47351986, 0.47351986, 0.47351986], dtype=float32), array([0.47768027, 0.47768027, 0.47768027], dtype=float32), array([0.48654276, 0.48654276, 0.48654276], dtype=float32), array([0.49357316, 0.49357316, 0.49357316], dtype=float32), array([0.5000705, 0.5000705, 0.5000705], dtype=float32), array([0.5059156, 0.5059156, 0.5059156], dtype=float32), array([0.5110928, 0.5110928, 0.5110928], dtype=float32), array([0.515688, 0.515688, 0.515688], dtype=float32), array([0.5224246, 0.5224246, 0.5224246], dtype=float32), array([0.5281019, 0.5281019, 0.5281019], dtype=float32), array([0.5328912, 0.5328912, 0.5328912], dtype=float32), array([0.5376486, 0.5376486, 0.5376486], dtype=float32), array([0.5418921, 0.5418921, 0.5418921], dtype=float32)]",1,0,0,0,0,0,55.85671641791044,59.71194029850746,72000,9.71,0.0003774962136310075,0.000163797672046761,2000,72000,9.71,2000,0.3484714847340722,0.20417730510234833,36.0,0.0013802934991,0.002371370792388916,999.0,3.0227094161006107e-09,30969,826.8350219726562,0.0018142618937417865,0.4722185432910919,1.0,81158,0.0,-0.019969236105680466,0.3289557695388794,1114884,341.5062174222852,36.0,0.0393447157605,0.0013802934991,0.0,999.0,23810,30969,1114884,1.0,0.0,341.5058929820906,0,104968,61938,3348000,93000,2229768,1025.5456606441817,6143875.91118359,6495405.424457833,10.5,0.0001662171612743453,1.0067001111073661,0.18066016429324225,1.0067001111073661,10.02,0.002444936601241352,36.0,100,72100,2.0,6.534724625479143e-05,2,1800,50,0.0003114862361349736,2,9.5,3600,0.00025149605251524013,0.0005672400863575223,100,10.02,3600,10.02,100,1.684584193689534e-05,3.02649320162033e-05,2.9965819954000726e-05,2.3242241111757074e-05,0.0001587968328874451,4.997884928715938e-05,6.9035763159739964e-06,7.743210859810466e-06,2.0521963052442303e-05,4.457140777640677e-05,3.442569058285641e-05,0.05733061099152741,0.006933580392083544,0.057617051744770484,0.17524633421741048,0.029671566523144084,0.0206548758679109,0.00018130975889566573,108066,95.01519775390625,0.0009231612202711403,0.4722185730934143,1081.0,1.0,-0.0004432402492966503,0.34862563,3890376,0.20714378356933594,1116.0,0.016794979572296143,498.0,108066,1081.0,0.0,3890376,498.0,1116.0,216132,23436000,7780752,651000,9945.838201142958,5.173202160106192e-05,1.046098125823996e-05,2.9097201029776863e-05,6.96806388702236e-05,1.0160466736336047e-05,4.5271446760272834e-05,3.244170351132283e-05,0.00023271854778743667,4.51311264662824e-05,7.489177070520321e-05,2.4756329765982856e-05
1,74000,False,37,d1c92_00000,2025-08-17_21-27-09,1755466029,97.78496050834656,3470.29275226593,685852,intrinsic-attention2,10.156.0.3,3470.29275226593,37,94.33429483026327,1.5447603758253367e-05,94.33400681038964,2.7341998634436426,91.24178326618821,0.001997491741545078,2.0,1.0067001111073661,4.9042798814558224e-05,2,36.0,37000,10.04,10.5,1000,0.0002599580038804561,2,9.5,2000,0.00010613430231781065,1.0067001111073661,74000,0.0015958171512465923,2.7034844241501297,352.6008357339515,2000.0,3000.0,"[array([[0.33261693, 0.3304344 , 0.3369486 ],
       [0.33264872, 0.33056125, 0.33679006],
       [0.33255437, 0.33018526, 0.3372604 ]], dtype=float32), array([[0.3193437 , 0.33737156, 0.34328476],
       [0.3119062 , 0.33944252, 0.34865132],
       [0.30957183, 0.34008124, 0.35034695]], dtype=float32), array([[0.33400133, 0.32787293, 0.3381257 ],
       [0.3339215 , 0.32854635, 0.3375321 ],
       [0.33405378, 0.32742697, 0.33851922]], dtype=float32), array([[0.33486974, 0.3249694 , 0.34016088],
       [0.33469474, 0.3259488 , 0.33935642],
       [0.3349605 , 0.3244583 , 0.34058115]], dtype=float32), array([[0.36007455, 0.310838  , 0.3290874 ],
       [0.34803563, 0.3208365 , 0.33112788],
       [0.35268912, 0.3169472 , 0.33036363]], dtype=float32), array([[0.33646074, 0.32190576, 0.34163353],
       [0.33556995, 0.3252098 , 0.33922032],
       [0.33676448, 0.3207697 , 0.34246585]], dtype=float32), array([[0.37039033, 0.29588252, 0.33372718],
       [0.3478764 , 0.3183004 , 0.3338232 ],
       [0.35990247, 0.30619925, 0.33389834]], dtype=float32), array([[0.34084415, 0.31541422, 0.3437416 ],
       [0.33757314, 0.3232524 , 0.33917445],
       [0.34119728, 0.31456473, 0.34423798]], dtype=float32), array([[0.34297433, 0.31056634, 0.34645927],
       [0.3395146 , 0.31878525, 0.34170014],
       [0.34332263, 0.30973575, 0.3469416 ]], dtype=float32), array([[0.3381635 , 0.31848428, 0.3433522 ],
       [0.33634782, 0.3241283 , 0.3395239 ],
       [0.338618  , 0.31705892, 0.34432304]], dtype=float32), array([[0.33891705, 0.31905887, 0.3420241 ],
       [0.33690315, 0.32423666, 0.33886015],
       [0.3392188 , 0.31828007, 0.34250113]], dtype=float32), array([[0.36639157, 0.30246508, 0.33114335],
       [0.3483111 , 0.31910437, 0.33258456],
       [0.35681978, 0.31120238, 0.33197784]], dtype=float32), array([[0.3370676 , 0.32250398, 0.3404284 ],
       [0.33602116, 0.32556263, 0.33841625],
       [0.33730108, 0.32181898, 0.34088   ]], dtype=float32), array([[0.38038078, 0.29839212, 0.3212271 ],
       [0.3467367 , 0.32313463, 0.33012867],
       [0.35682946, 0.31558716, 0.32758334]], dtype=float32), array([[0.33538058, 0.32332614, 0.34129328],
       [0.33505803, 0.32494524, 0.33999664],
       [0.33553308, 0.32255444, 0.34191245]], dtype=float32), array([[0.3457281 , 0.32072628, 0.33354568],
       [0.33939162, 0.3271319 , 0.3334765 ],
       [0.3426957 , 0.32378152, 0.33352274]], dtype=float32), array([[0.36116037, 0.310738  , 0.32810172],
       [0.3484584 , 0.3209227 , 0.33061886],
       [0.35303164, 0.3172314 , 0.32973695]], dtype=float32), array([[0.33386666, 0.32772362, 0.3384097 ],
       [0.33379823, 0.32847625, 0.33772558],
       [0.33391586, 0.32717633, 0.3389078 ]], dtype=float32), array([[0.3343579 , 0.32652405, 0.33911812],
       [0.33425286, 0.32724354, 0.33850354],
       [0.33442006, 0.32609534, 0.33948463]], dtype=float32), array([[0.37484828, 0.3052188 , 0.3199329 ],
       [0.34789413, 0.32331625, 0.3287896 ],
       [0.35399625, 0.3191699 , 0.32683384]], dtype=float32), array([[0.33437514, 0.32752502, 0.33809987],
       [0.33422542, 0.3283758 , 0.33739877],
       [0.33445475, 0.32707012, 0.33847517]], dtype=float32), array([[0.33417207, 0.3259496 , 0.33987832],
       [0.3340811 , 0.32678962, 0.3391292 ],
       [0.33423316, 0.32537922, 0.3403876 ]], dtype=float32), array([[0.33487004, 0.32665178, 0.3384782 ],
       [0.3346071 , 0.3278113 , 0.33758152],
       [0.33498284, 0.32615224, 0.33886498]], dtype=float32), array([[0.3344192 , 0.32665256, 0.33892825],
       [0.3342387 , 0.32779092, 0.33797035],
       [0.33452109, 0.3260045 , 0.3394744 ]], dtype=float32), array([[0.33463663, 0.32620874, 0.33915466],
       [0.3344023 , 0.32751828, 0.33807945],
       [0.33475873, 0.32552117, 0.33972013]], dtype=float32), array([[0.3599478 , 0.3127474 , 0.32730478],
       [0.34837314, 0.32159668, 0.33003014],
       [0.35210314, 0.318728  , 0.3291689 ]], dtype=float32), array([[0.3214697 , 0.33747736, 0.3410529 ],
       [0.31295368, 0.34039247, 0.34665376],
       [0.31112266, 0.34101257, 0.34786478]], dtype=float32), array([[0.35367256, 0.3226281 , 0.32369936],
       [0.3475114 , 0.32586578, 0.3266228 ],
       [0.34773287, 0.32574937, 0.32651782]], dtype=float32), array([[0.32847226, 0.33762425, 0.33390346],
       [0.3277743 , 0.3382435 , 0.3339822 ],
       [0.32805568, 0.33799377, 0.33395058]], dtype=float32), array([[0.3636855 , 0.32298282, 0.31333175],
       [0.35100576, 0.32738596, 0.3216083 ],
       [0.34779608, 0.32848287, 0.32372102]], dtype=float32), array([[0.34662688, 0.33331516, 0.320058  ],
       [0.34477013, 0.33333883, 0.3218911 ],
       [0.34284887, 0.33335614, 0.32379505]], dtype=float32)]","[array([nan, nan, nan], dtype=float32), array([0.54873604, 0.54873604, 0.54873604], dtype=float32), array([0.55288476, 0.55288476, 0.55288476], dtype=float32), array([0.558186, 0.558186, 0.558186], dtype=float32), array([nan, nan, nan], dtype=float32), array([0.5702647, 0.5702647, 0.5702647], dtype=float32), array([0.57720673, 0.57720673, 0.57720673], dtype=float32), array([nan, nan, nan], dtype=float32), array([0.59075457, 0.59075457, 0.59075457], dtype=float32), array([0.59892255, 0.59892255, 0.59892255], dtype=float32), array([0.60626847, 0.60626847, 0.60626847], dtype=float32), array([0.61389375, 0.61389375, 0.61389375], dtype=float32), array([0.6207215, 0.6207215, 0.6207215], dtype=float32), array([nan, nan, nan], dtype=float32), array([0.63350356, 0.63350356, 0.63350356], dtype=float32), array([0.63942647, 0.63942647, 0.63942647], dtype=float32), array([nan, nan, nan], dtype=float32), array([nan, nan, nan], dtype=float32), array([nan, nan, nan], dtype=float32), array([0.65807164, 0.65807164, 0.65807164], dtype=float32), array([nan, nan, nan], dtype=float32), array([nan, nan, nan], dtype=float32), array([0.6694028, 0.6694028, 0.6694028], dtype=float32), array([nan, nan, nan], dtype=float32), array([nan, nan, nan], dtype=float32), array([0.68112034, 0.68112034, 0.68112034], dtype=float32), array([0.6843115, 0.6843115, 0.6843115], dtype=float32), array([0.686827, 0.686827, 0.686827], dtype=float32), array([nan, nan, nan], dtype=float32), array([0.6907494, 0.6907494, 0.6907494], dtype=float32), array([0.6915745, 0.6915745, 0.6915745], dtype=float32)]","[array([0.54568684, 0.54568684, 0.54568684], dtype=float32), array([0.54873604, 0.54873604, 0.54873604], dtype=float32), array([0.55288464, 0.55288464, 0.55288464], dtype=float32), array([0.558186, 0.558186, 0.558186], dtype=float32), array([0.563199, 0.563199, 0.563199], dtype=float32), array([0.57026476, 0.57026476, 0.57026476], dtype=float32), array([0.5772067, 0.5772067, 0.5772067], dtype=float32), array([0.5841929, 0.5841929, 0.5841929], dtype=float32), array([0.5907546, 0.5907546, 0.5907546], dtype=float32), array([0.5989226, 0.5989226, 0.5989226], dtype=float32), array([0.6062685, 0.6062685, 0.6062685], dtype=float32), array([0.6138936, 0.6138936, 0.6138936], dtype=float32), array([0.6207215, 0.6207215, 0.6207215], dtype=float32), array([0.6274952, 0.6274952, 0.6274952], dtype=float32), array([0.6335035, 0.6335035, 0.6335035], dtype=float32), array([0.6394263, 0.6394263, 0.6394263], dtype=float32), array([0.6445476, 0.6445476, 0.6445476], dtype=float32), array([0.64941734, 0.64941734, 0.64941734], dtype=float32), array([0.6533812, 0.6533812, 0.6533812], dtype=float32), array([0.6580716, 0.6580716, 0.6580716], dtype=float32), array([0.6624192, 0.6624192, 0.6624192], dtype=float32), array([0.6661745, 0.6661745, 0.6661745], dtype=float32), array([0.6694028, 0.6694028, 0.6694028], dtype=float32), array([0.6722413, 0.6722413, 0.6722413], dtype=float32), array([0.6760264, 0.6760264, 0.6760264], dtype=float32), array([0.6811202, 0.6811202, 0.6811202], dtype=float32), array([0.68431157, 0.68431157, 0.68431157], dtype=float32), array([0.686827, 0.686827, 0.686827], dtype=float32), array([0.6889916, 0.6889916, 0.6889916], dtype=float32), array([0.6907492, 0.6907492, 0.6907492], dtype=float32), array([0.6915744, 0.6915744, 0.6915744], dtype=float32)]",1,0,0,0,0,0,56.56978417266186,59.748920863309365,74000,10.04,0.0003794303239182879,0.00016509063498493085,2000,74000,10.04,2000,0.3483349508567921,0.19128964841365814,37.0,0.0013802934991,-0.0039223432540893555,999.0,1.5113547080503054e-09,30969,724.9215698242188,0.001200080499984324,0.4722185432910919,1.0,81158,0.0,-0.013950454071164131,0.334992378950119,1145853,340.7693864357289,37.0,0.0393447157605,0.0013802934991,0.0,999.0,23810,30969,1145853,1.0,0.0,340.76906535053774,0,104968,61938,3441000,93000,2291706,1023.3328970183146,6126915.383616442,6476343.870174294,10.5,0.00015664093705285988,1.0067001111073661,0.18072225418027207,1.0067001111073661,10.02,0.0023651605613122227,37.0,100,74100,2.0,6.364903749757326e-05,2,1850,50,0.0003101747437334402,2,9.5,3700,0.00023839914545183206,0.0005433272481310936,100,10.02,3700,10.02,100,1.7010311556949695e-05,2.9801986621774142e-05,3.0047904688662433e-05,2.3201992881569066e-05,0.00016134311263266935,5.011416296095761e-05,6.969177733768922e-06,7.903166841768635e-06,2.1046017289082036e-05,4.4449985337511664e-05,3.460101560201992e-05,0.05731670130160644,0.006934621998173842,0.05753857688733765,0.175220683845246,0.029685477827934625,0.020618113339194274,0.00018121889124240355,108066,95.81980895996094,0.0009061447344720364,0.4722185730934143,1111.0,1.0,0.00038383668288588524,0.34946612,3998442,0.19546203315258026,1147.0,-0.01996934413909912,498.0,108066,1111.0,0.0,3998442,498.0,1147.0,216132,24087000,7996884,651000,9899.060760906255,4.9068524759919714e-05,1.023682540030334e-05,2.8294633401929987e-05,6.415035225747334e-05,9.662843371931645e-06,4.336402440021785e-05,3.1530255941202305e-05,0.0002231389732931654,4.364574828580054e-05,7.204161061580482e-05,2.4175169129426747e-05
1,76000,False,38,d1c92_00000,2025-08-17_21-28-40,1755466120,90.67664074897766,3560.969393014908,685852,intrinsic-attention2,10.156.0.3,3560.969393014908,38,94.2957110189207,1.5433887669079063e-05,94.2954219141657,2.739396004109074,91.19808237810626,0.0019956298441804322,2.0,1.0067001111073661,4.9441705533657345e-05,2,37.0,38000,9.91,10.5,1000,0.0002599580038804561,2,-10.5,2000,0.00010902506678465785,1.0067001111073661,76000,0.0016159520290966612,2.7086889333386783,341.65824507441664,2000.0,3000.0,"[array([[0.31946224, 0.3439034 , 0.33663434],
       [0.2995045 , 0.35951337, 0.34098214],
       [0.30521992, 0.35499254, 0.3397875 ]], dtype=float32), array([[0.31983775, 0.34333423, 0.33682802],
       [0.30258077, 0.3564132 , 0.34100598],
       [0.30718946, 0.35288712, 0.33992344]], dtype=float32), array([[0.33846167, 0.33401328, 0.32752505],
       [0.33788928, 0.33394045, 0.32817027],
       [0.33704096, 0.33383107, 0.32912794]], dtype=float32), array([[0.3211942 , 0.34065503, 0.33815086],
       [0.30748937, 0.34900537, 0.34350523],
       [0.3091907 , 0.34796372, 0.34284562]], dtype=float32), array([[0.35053954, 0.32755437, 0.32190612],
       [0.34654334, 0.3289157 , 0.3245409 ],
       [0.34552175, 0.32926187, 0.32521638]], dtype=float32), array([[0.32921106, 0.33749923, 0.33328968],
       [0.32861942, 0.33810002, 0.3332806 ],
       [0.328918  , 0.3377967 , 0.33328527]], dtype=float32), array([[0.32209665, 0.33955604, 0.33834735],
       [0.30996478, 0.3463097 , 0.34372553],
       [0.31077644, 0.3458567 , 0.3433669 ]], dtype=float32), array([[0.37162778, 0.31538114, 0.31299105],
       [0.35071284, 0.32521158, 0.32407552],
       [0.3497564 , 0.32565972, 0.32458392]], dtype=float32), array([[0.32967144, 0.33644006, 0.3338885 ],
       [0.3292145 , 0.3368291 , 0.33395636],
       [0.32938567, 0.33668336, 0.333931  ]], dtype=float32), array([[0.32220024, 0.34058082, 0.33721894],
       [0.30837613, 0.3496997 , 0.34192416],
       [0.31082448, 0.3480747 , 0.34110084]], dtype=float32), array([[0.32198703, 0.3414854 , 0.3365276 ],
       [0.30646127, 0.3528476 , 0.34069115],
       [0.31028634, 0.3500253 , 0.33968842]], dtype=float32), array([[0.32607776, 0.3434005 , 0.33052176],
       [0.32338843, 0.34716663, 0.32944492],
       [0.32537442, 0.3443837 , 0.33024195]], dtype=float32), array([[0.32595044, 0.34396547, 0.33008412],
       [0.32251978, 0.3489535 , 0.32852668],
       [0.32514688, 0.3451311 , 0.32972205]], dtype=float32), array([[0.3244165 , 0.34670305, 0.3288805 ],
       [0.31962195, 0.35397378, 0.32640427],
       [0.3234308 , 0.34819314, 0.32837608]], dtype=float32), array([[0.33924648, 0.34493935, 0.3158141 ],
       [0.33961216, 0.34567943, 0.31470847],
       [0.33765584, 0.34175166, 0.32059246]], dtype=float32), array([[0.32629862, 0.34498668, 0.3287147 ],
       [0.3232907 , 0.35000104, 0.3267082 ],
       [0.32590067, 0.34564897, 0.32845032]], dtype=float32), array([[0.3475348 , 0.334704  , 0.31776118],
       [0.3457665 , 0.3345581 , 0.3196754 ],
       [0.34332785, 0.33434543, 0.32232678]], dtype=float32), array([[0.34467643, 0.33096808, 0.32435548],
       [0.34132898, 0.33168295, 0.32698813],
       [0.33966944, 0.3320321 , 0.32829842]], dtype=float32), array([[0.32378522, 0.34072775, 0.3354871 ],
       [0.3071801 , 0.35385457, 0.33896536],
       [0.31218073, 0.34986457, 0.33795467]], dtype=float32), array([[0.32316712, 0.3422423 , 0.33459058],
       [0.3048465 , 0.35872427, 0.33642924],
       [0.31201148, 0.35221112, 0.33577743]], dtype=float32), array([[0.34043944, 0.34745544, 0.31210515],
       [0.3409361 , 0.34848124, 0.3105827 ],
       [0.33828923, 0.34307623, 0.31863448]], dtype=float32), array([[0.32230788, 0.34543604, 0.3322561 ],
       [0.28371096, 0.39006004, 0.32622892],
       [0.30516234, 0.36481437, 0.33002332]], dtype=float32), array([[0.3201776 , 0.3498103 , 0.33001205],
       [0.2770632 , 0.40696415, 0.3159726 ],
       [0.30526638, 0.3690221 , 0.3257115 ]], dtype=float32), array([[0.3160382 , 0.36282212, 0.32113966],
       [0.2865023 , 0.4144584 , 0.29903927],
       [0.3126425 , 0.36867863, 0.3186789 ]], dtype=float32), array([[0.3168809 , 0.36513123, 0.31798783],
       [0.2862186 , 0.42476916, 0.28901225],
       [0.31614456, 0.3665579 , 0.31729752]], dtype=float32), array([[0.3222569 , 0.3586731 , 0.31907007],
       [0.29432616, 0.4209643 , 0.28470945],
       [0.32471284, 0.35308987, 0.32219726]], dtype=float32), array([[0.31781173, 0.3560859 , 0.3261024 ],
       [0.23712097, 0.4841527 , 0.2787263 ],
       [0.29924908, 0.3840976 , 0.3166533 ]], dtype=float32), array([[0.31003937, 0.37892175, 0.31103894],
       [0.25755656, 0.4822818 , 0.26016167],
       [0.30922398, 0.380521  , 0.310255  ]], dtype=float32), array([[0.31255803, 0.38330814, 0.30413383],
       [0.27074835, 0.4783719 , 0.25087973],
       [0.31773487, 0.37106323, 0.31120187]], dtype=float32), array([[0.30396494, 0.4173299 , 0.27870524],
       [0.25412145, 0.5390292 , 0.20684938],
       [0.31584457, 0.3849645 , 0.29919094]], dtype=float32), array([[0.3092181 , 0.3693368 , 0.32144508],
       [0.11966079, 0.7041561 , 0.17618313],
       [0.26223853, 0.443634  , 0.2941275 ]], dtype=float32)]","[array([nan, nan, nan], dtype=float32), array([nan, nan, nan], dtype=float32), array([0.7197527, 0.7197527, 0.7197527], dtype=float32), array([0.7315176, 0.7315176, 0.7315176], dtype=float32), array([0.75132334, 0.75132334, 0.75132334], dtype=float32), array([nan, nan, nan], dtype=float32), array([0.7853925, 0.7853925, 0.7853925], dtype=float32), array([0.8000938, 0.8000938, 0.8000938], dtype=float32), array([0.8235621, 0.8235621, 0.8235621], dtype=float32), array([0.8463008, 0.8463008, 0.8463008], dtype=float32), array([0.8670759, 0.8670759, 0.8670759], dtype=float32), array([0.91037303, 0.91037303, 0.91037303], dtype=float32), array([0.9491609, 0.9491609, 0.9491609], dtype=float32), array([0.98404443, 0.98404443, 0.98404443], dtype=float32), array([1.0157094, 1.0157094, 1.0157094], dtype=float32), array([1.067476, 1.067476, 1.067476], dtype=float32), array([1.1139528, 1.1139528, 1.1139528], dtype=float32), array([1.1560361, 1.1560361, 1.1560361], dtype=float32), array([nan, nan, nan], dtype=float32), array([1.2864813, 1.2864813, 1.2864813], dtype=float32), array([1.3419073, 1.3419073, 1.3419073], dtype=float32), array([1.4102305, 1.4102305, 1.4102305], dtype=float32), array([nan, nan, nan], dtype=float32), array([1.52667, 1.52667, 1.52667], dtype=float32), array([1.5810723, 1.5810723, 1.5810723], dtype=float32), array([1.6294805, 1.6294805, 1.6294805], dtype=float32), array([nan, nan, nan], dtype=float32), array([1.7158931, 1.7158931, 1.7158931], dtype=float32), array([1.7539754, 1.7539754, 1.7539754], dtype=float32), array([1.8054353, 1.8054353, 1.8054353], dtype=float32), array([1.8521842, 1.8521842, 1.8521842], dtype=float32)]","[array([0.6923851, 0.6923851, 0.6923851], dtype=float32), array([0.7067849, 0.7067849, 0.7067849], dtype=float32), array([0.71975267, 0.71975267, 0.71975267], dtype=float32), array([0.73151773, 0.73151773, 0.73151773], dtype=float32), array([0.7513234, 0.7513234, 0.7513234], dtype=float32), array([0.76920396, 0.76920396, 0.76920396], dtype=float32), array([0.78539264, 0.78539264, 0.78539264], dtype=float32), array([0.80009377, 0.80009377, 0.80009377], dtype=float32), array([0.8235619, 0.8235619, 0.8235619], dtype=float32), array([0.8463009, 0.8463009, 0.8463009], dtype=float32), array([0.8670759, 0.8670759, 0.8670759], dtype=float32), array([0.9103729, 0.9103729, 0.9103729], dtype=float32), array([0.94916075, 0.94916075, 0.94916075], dtype=float32), array([0.98404425, 0.98404425, 0.98404425], dtype=float32), array([1.0157092, 1.0157092, 1.0157092], dtype=float32), array([1.0674762, 1.0674762, 1.0674762], dtype=float32), array([1.1139528, 1.1139528, 1.1139528], dtype=float32), array([1.1560363, 1.1560363, 1.1560363], dtype=float32), array([1.2245748, 1.2245748, 1.2245748], dtype=float32), array([1.2864813, 1.2864813, 1.2864813], dtype=float32), array([1.3419074, 1.3419074, 1.3419074], dtype=float32), array([1.4102305, 1.4102305, 1.4102305], dtype=float32), array([1.4715848, 1.4715848, 1.4715848], dtype=float32), array([1.5266702, 1.5266702, 1.5266702], dtype=float32), array([1.581072, 1.581072, 1.581072], dtype=float32), array([1.6294805, 1.6294805, 1.6294805], dtype=float32), array([1.6733671, 1.6733671, 1.6733671], dtype=float32), array([1.7158929, 1.7158929, 1.7158929], dtype=float32), array([1.7539752, 1.7539752, 1.7539752], dtype=float32), array([1.8054354, 1.8054354, 1.8054354], dtype=float32), array([1.852184, 1.852184, 1.852184], dtype=float32)]",1,0,0,0,0,0,55.404615384615376,57.830000000000005,76000,9.91,0.0003837295467388518,0.0001671686391325679,2000,76000,9.91,2000,0.3482667586082482,0.2042662650346756,38.0,0.0013802934991,-0.11789989471435547,999.0,7.556773540251527e-10,30969,752.5313720703125,0.0030191123951226473,0.4722185432910919,1.0,81158,0.0,0.000544645416084677,0.34946948289871216,1176822,340.98575274914964,38.0,0.0393447157605,0.0013802934991,0.0,999.0,23810,30969,1176822,1.0,0.0,340.985439756176,0,104968,61938,3534000,93000,2353644,1023.9825855616593,6135079.11260653,6478700.504374717,10.5,0.0001554978064132029,1.0067001111073661,0.18074014687853196,1.0067001111073661,9.82,0.00227400138071971,38.0,100,76100,2.0,6.248106653540762e-05,2,1900,50,0.00030888972622377417,2,-10.5,3800,0.0002299747557854517,0.0005299030052683606,100,9.82,3800,9.82,100,1.728438532144783e-05,3.018100498390991e-05,3.061998790092855e-05,2.3456998956724406e-05,0.00016154391097690567,5.1477740966590915e-05,7.236844290297386e-06,7.90902733919039e-06,2.0940964864685286e-05,4.528422021423813e-05,3.505989390300412e-05,0.057325731888605576,0.006939422868245989,0.05747024919842991,0.17523980671682074,0.029677289269658784,0.020589925145809575,0.00018138957234692502,108066,104.8294677734375,0.0014958410756662488,0.4722185730934143,1141.0,1.0,-0.0019499278860166669,0.3472447,4106508,0.18252398073673248,1178.0,0.0018586516380310059,498.0,108066,1141.0,0.0,4106508,498.0,1178.0,216132,24738000,8213016,651000,9875.692163430713,4.768104002897265e-05,9.830011924970418e-06,2.7521478967559854e-05,6.207701623202196e-05,9.368374367506756e-06,4.211427402304223e-05,3.1001106772567564e-05,0.00021831342602698011,4.212302877461106e-05,7.236879541373215e-05,2.4073889314012915e-05
1,78000,False,39,d1c92_00000,2025-08-17_21-30-13,1755466213,92.6242048740387,3653.5935978889465,685852,intrinsic-attention2,10.156.0.3,3653.5935978889465,39,94.27712549479149,1.540790876279211e-05,94.27683513726409,2.7421196127280454,91.17461119710518,0.0019952088758046194,2.0,1.0067001111073661,4.837946527954336e-05,2,38.0,39000,10.02,10.5,1000,0.0002599580038804561,2,9.5,2000,0.00010616261998946354,1.0067001111073661,78000,0.0015844045802077744,2.711416768775259,330.98366987617686,2000.0,3000.0,"[array([[0.28496215, 0.41536292, 0.29967496],
       [0.09694172, 0.77508056, 0.12797773],
       [0.2555022 , 0.46751502, 0.27698278]], dtype=float32), array([[0.26367894, 0.49078986, 0.24553111],
       [0.11590967, 0.7911118 , 0.09297856],
       [0.28163552, 0.4515851 , 0.26677942]], dtype=float32), array([[0.25015008, 0.47112232, 0.27872762],
       [0.02728381, 0.92291754, 0.04979867],
       [0.1887732 , 0.5823805 , 0.22884637]], dtype=float32), array([[0.24442853, 0.49365494, 0.2619166 ],
       [0.02500042, 0.93929124, 0.03570842],
       [0.20858073, 0.56151056, 0.2299088 ]], dtype=float32), array([[0.21629024, 0.57843673, 0.20527306],
       [0.02586835, 0.9527752 , 0.02135652],
       [0.23350702, 0.5432323 , 0.22326063]], dtype=float32), array([[0.24769478, 0.4774242 , 0.27488106],
       [0.00486205, 0.9838451 , 0.01129281],
       [0.15918942, 0.64217985, 0.19863072]], dtype=float32), array([[2.2296353e-01, 5.1230437e-01, 2.6473218e-01],
       [8.5846416e-04, 9.9545848e-01, 3.6830595e-03],
       [9.2163071e-02, 7.6518226e-01, 1.4265464e-01]], dtype=float32), array([[0.17060614, 0.64964783, 0.17974605],
       [0.00288796, 0.9934847 , 0.00362741],
       [0.15150389, 0.68777674, 0.16071934]], dtype=float32), array([[0.1898525 , 0.61167264, 0.19847487],
       [0.00272656, 0.9938626 , 0.00341088],
       [0.16926432, 0.652574  , 0.1781617 ]], dtype=float32), array([[0.18339802, 0.62469107, 0.19191088],
       [0.00209615, 0.99527055, 0.00263335],
       [0.16279094, 0.66570526, 0.17150384]], dtype=float32), array([[0.14201   , 0.76260203, 0.09538796],
       [0.01117721, 0.9849517 , 0.00387104],
       [0.21955845, 0.6079236 , 0.17251791]], dtype=float32), array([[0.20061526, 0.58223224, 0.21715248],
       [0.00387466, 0.99027455, 0.0058508 ],
       [0.16238415, 0.6574415 , 0.18017441]], dtype=float32), array([[0.17518269, 0.69679517, 0.1280222 ],
       [0.02440849, 0.96500456, 0.01058706],
       [0.23903398, 0.56430507, 0.19666097]], dtype=float32), array([[0.22309764, 0.5809445 , 0.19595782],
       [0.03423475, 0.943926  , 0.02183925],
       [0.26257178, 0.4965815 , 0.24084665]], dtype=float32), array([[0.25607243, 0.47295505, 0.27097246],
       [0.02372903, 0.9429516 , 0.03331941],
       [0.22041161, 0.5401897 , 0.23939867]], dtype=float32), array([[0.24218646, 0.5218923 , 0.23592128],
       [0.05625851, 0.89254886, 0.05119262],
       [0.25066748, 0.5045809 , 0.24475168]], dtype=float32), array([[0.26506662, 0.45960972, 0.27532363],
       [0.05799084, 0.8720954 , 0.06991369],
       [0.246185  , 0.49546173, 0.2583533 ]], dtype=float32), array([[0.27034783, 0.514326  , 0.21532615],
       [0.16017665, 0.74692434, 0.09289898],
       [0.30521214, 0.42281973, 0.27196816]], dtype=float32), array([[0.27742788, 0.43500528, 0.28756678],
       [0.08905997, 0.80477744, 0.10616254],
       [0.25964755, 0.46819723, 0.27215526]], dtype=float32), array([[0.29463375, 0.4028958 , 0.30247045],
       [0.10474081, 0.7714204 , 0.12383875],
       [0.27672282, 0.43580824, 0.28746885]], dtype=float32), array([[0.32571664, 0.34481183, 0.32947156],
       [0.08713216, 0.7775294 , 0.13533846],
       [0.26822132, 0.43601376, 0.2957649 ]], dtype=float32), array([[0.30972788, 0.3727709 , 0.31750125],
       [0.10872846, 0.75047433, 0.14079712],
       [0.27948454, 0.4249178 , 0.29559758]], dtype=float32), array([[0.29110858, 0.41717082, 0.29172057],
       [0.13642044, 0.7258216 , 0.13775797],
       [0.2901744 , 0.41902816, 0.2907974 ]], dtype=float32), array([[0.27607444, 0.4471305 , 0.27679515],
       [0.12712117, 0.74453694, 0.12834193],
       [0.2752133 , 0.44884458, 0.27594212]], dtype=float32), array([[0.27258146, 0.48017263, 0.24724597],
       [0.16282474, 0.71086425, 0.12631105],
       [0.29083356, 0.4381609 , 0.27100554]], dtype=float32), array([[0.29976007, 0.39945775, 0.3007822 ],
       [0.14995444, 0.69733375, 0.15271178],
       [0.2979676 , 0.40299624, 0.29903612]], dtype=float32), array([[0.30176702, 0.3951513 , 0.30308178],
       [0.15408382, 0.6880692 , 0.15784694],
       [0.2993746 , 0.39985052, 0.30077487]], dtype=float32), array([[0.29537156, 0.40759915, 0.29702932],
       [0.1515425 , 0.6928588 , 0.15559873],
       [0.2928293 , 0.41259137, 0.29457933]], dtype=float32), array([[0.29035917, 0.4293396 , 0.2803012 ],
       [0.1751971 , 0.6695476 , 0.15525527],
       [0.3002825 , 0.40759176, 0.29212567]], dtype=float32), array([[0.31886902, 0.3578619 , 0.32326904],
       [0.14818223, 0.67440885, 0.17740893],
       [0.29767427, 0.3945227 , 0.30780312]], dtype=float32), array([[0.29077214, 0.40629047, 0.3029374 ],
       [0.129759  , 0.7104309 , 0.15981002],
       [0.26916537, 0.44459993, 0.2862347 ]], dtype=float32)]","[array([1.8952432, 1.8952432, 1.8952432], dtype=float32), array([nan, nan, nan], dtype=float32), array([nan, nan, nan], dtype=float32), array([1.9933084, 1.9933084, 1.9933084], dtype=float32), array([nan, nan, nan], dtype=float32), array([nan, nan, nan], dtype=float32), array([nan, nan, nan], dtype=float32), array([nan, nan, nan], dtype=float32), array([2.0922709, 2.0922709, 2.0922709], dtype=float32), array([nan, nan, nan], dtype=float32), array([nan, nan, nan], dtype=float32), array([2.1435335, 2.1435335, 2.1435335], dtype=float32), array([nan, nan, nan], dtype=float32), array([2.175377, 2.175377, 2.175377], dtype=float32), array([nan, nan, nan], dtype=float32), array([nan, nan, nan], dtype=float32), array([2.2189302, 2.2189302, 2.2189302], dtype=float32), array([nan, nan, nan], dtype=float32), array([nan, nan, nan], dtype=float32), array([2.257402, 2.257402, 2.257402], dtype=float32), array([nan, nan, nan], dtype=float32), array([2.2932727, 2.2932727, 2.2932727], dtype=float32), array([nan, nan, nan], dtype=float32), array([nan, nan, nan], dtype=float32), array([2.322559, 2.322559, 2.322559], dtype=float32), array([nan, nan, nan], dtype=float32), array([nan, nan, nan], dtype=float32), array([2.3353858, 2.3353858, 2.3353858], dtype=float32), array([nan, nan, nan], dtype=float32), array([nan, nan, nan], dtype=float32), array([nan, nan, nan], dtype=float32)]","[array([1.8952429, 1.8952429, 1.8952429], dtype=float32), array([1.9325869, 1.9325869, 1.9325869], dtype=float32), array([1.9657674, 1.9657674, 1.9657674], dtype=float32), array([1.9933085, 1.9933085, 1.9933085], dtype=float32), array([2.0178242, 2.0178242, 2.0178242], dtype=float32), array([2.0371802, 2.0371802, 2.0371802], dtype=float32), array([2.0578172, 2.0578172, 2.0578172], dtype=float32), array([2.0756402, 2.0756402, 2.0756402], dtype=float32), array([2.0922704, 2.0922704, 2.0922704], dtype=float32), array([2.107599, 2.107599, 2.107599], dtype=float32), array([2.1271398, 2.1271398, 2.1271398], dtype=float32), array([2.1435335, 2.1435335, 2.1435335], dtype=float32), array([2.1593385, 2.1593385, 2.1593385], dtype=float32), array([2.175377, 2.175377, 2.175377], dtype=float32), array([2.191033, 2.191033, 2.191033], dtype=float32), array([2.2053473, 2.2053473, 2.2053473], dtype=float32), array([2.2189295, 2.2189295, 2.2189295], dtype=float32), array([2.2305167, 2.2305167, 2.2305167], dtype=float32), array([2.2425597, 2.2425597, 2.2425597], dtype=float32), array([2.2574022, 2.2574022, 2.2574022], dtype=float32), array([2.2750547, 2.2750547, 2.2750547], dtype=float32), array([2.2932727, 2.2932727, 2.2932727], dtype=float32), array([2.3048766, 2.3048766, 2.3048766], dtype=float32), array([2.316359, 2.316359, 2.316359], dtype=float32), array([2.322559, 2.322559, 2.322559], dtype=float32), array([2.3294995, 2.3294995, 2.3294995], dtype=float32), array([2.331003, 2.331003, 2.331003], dtype=float32), array([2.335386, 2.335386, 2.335386], dtype=float32), array([2.3365064, 2.3365064, 2.3365064], dtype=float32), array([2.3400798, 2.3400798, 2.3400798], dtype=float32), array([2.3457186, 2.3457186, 2.3457186], dtype=float32)]",1,0,0,0,0,0,54.97121212121212,56.616666666666674,78000,10.02,0.00037907476894142775,0.00016362646177454283,2000,78000,10.02,2000,0.3504380570621378,0.21023385226726532,39.0,0.0013802934991,-0.00320279598236084,999.0,3.7783867701257634e-10,30969,473.7096862792969,0.0003408858901821077,0.4722185432910919,1.0,81158,0.0,-0.0014526607701554894,0.3474639654159546,1207791,341.13611470018014,39.0,0.0393447157605,0.0013802934991,0.0,999.0,23810,30969,1207791,1.0,0.0,341.13581120557893,0,104968,61938,3627000,93000,2415582,1024.4340607880442,6142197.515979453,6486455.992589181,10.5,0.00013892429658101535,1.0067001111073661,0.18064492653987974,1.0067001111073661,9.62,0.002182574950711569,39.0,100,78100,2.0,5.860378527344306e-05,2,1950,50,0.00030768730898375824,2,-10.5,3900,0.00021187282946701032,0.0004880729739987106,100,9.62,3900,9.62,100,1.700524020297739e-05,3.011042570172057e-05,3.0396878541984796e-05,2.3494788617293564e-05,0.00015909490125002985,5.0589524201253707e-05,6.904467096298048e-06,7.834348946669463e-06,2.0629497394998184e-05,4.399080882245178e-05,3.429993387405126e-05,0.057327772809720366,0.00695511746965552,0.05972040697649341,0.17517863449958856,0.029679695916832435,0.020547422694404783,0.00018145993660549032,108066,108.87875366210938,0.0006351336487568915,0.4722185730934143,1171.0,1.0,-0.021095875650644302,0.32793584,4214574,0.20061688125133514,1209.0,-0.002873539924621582,498.0,108066,1171.0,0.0,4214574,498.0,1209.0,216132,25389000,8429148,651000,9854.786503208532,4.3222809975755786e-05,9.26232512886235e-06,2.5451589361264284e-05,5.7993403887564315e-05,8.680815312942871e-06,3.794169422446533e-05,2.870979606161369e-05,0.00020321543243839442,3.894036778346789e-05,6.546221993787079e-05,2.197159949220855e-05
1,80000,False,40,d1c92_00000,2025-08-17_21-31-42,1755466302,89.15399360656738,3742.747591495514,685852,intrinsic-attention2,10.156.0.3,3742.747591495514,40,94.2244084573737,1.538173970034916e-05,94.22411697246146,2.7418450097408247,91.12240179629401,0.0019947619170863342,2.0,1.0067001111073661,4.71168655279166e-05,2,39.0,40000,10.03,10.5,1000,0.0002599580038804561,2,9.5,2000,0.00010061929178345634,1.0067001111073661,80000,0.0015359489704133012,2.7111469314375016,320.57652841614737,2000.0,3000.0,"[array([[0.29158136, 0.40449336, 0.3039253 ],
       [0.13402312, 0.70071286, 0.165264  ],
       [0.26984045, 0.44284326, 0.28731635]], dtype=float32), array([[0.28180707, 0.4542092 , 0.26398373],
       [0.18966472, 0.65009946, 0.16023579],
       [0.29379687, 0.4270698 , 0.2791333 ]], dtype=float32), array([[0.3521882 , 0.30716416, 0.34064767],
       [0.14259966, 0.650984  , 0.20641643],
       [0.29653543, 0.3870503 , 0.31641418]], dtype=float32), array([[0.33518723, 0.3304858 , 0.33432698],
       [0.16179428, 0.6309592 , 0.20724647],
       [0.30210721, 0.38253084, 0.31536195]], dtype=float32), array([[0.30099425, 0.3945318 , 0.304474  ],
       [0.18061438, 0.62894106, 0.19044457],
       [0.29588845, 0.40427423, 0.2998373 ]], dtype=float32), array([[0.32871318, 0.34084737, 0.33043948],
       [0.17850174, 0.60839343, 0.2131049 ],
       [0.3065606 , 0.37751606, 0.31592333]], dtype=float32), array([[0.35585386, 0.3026479 , 0.3414982 ],
       [0.15633118, 0.6216097 , 0.22205904],
       [0.30128458, 0.37927046, 0.31944492]], dtype=float32), array([[0.3306281 , 0.3377038 , 0.3316682 ],
       [0.18277352, 0.5992515 , 0.21797498],
       [0.30830723, 0.37437698, 0.31731582]], dtype=float32), array([[0.2899174 , 0.4131856 , 0.29689705],
       [0.1743211 , 0.6355398 , 0.19013909],
       [0.28197753, 0.428031  , 0.28999147]], dtype=float32), array([[0.28871283, 0.43492162, 0.27636555],
       [0.21154137, 0.59915316, 0.1893055 ],
       [0.29652166, 0.41759133, 0.28588703]], dtype=float32), array([[0.3424233 , 0.31993204, 0.3376447 ],
       [0.19040099, 0.5706642 , 0.23893481],
       [0.31002533, 0.36864236, 0.32133228]], dtype=float32), array([[0.30192274, 0.40995795, 0.28811932],
       [0.23845124, 0.55182356, 0.2097252 ],
       [0.31077832, 0.38892752, 0.30029416]], dtype=float32), array([[0.2932872 , 0.40544233, 0.30127048],
       [0.19053744, 0.5999113 , 0.20955129],
       [0.28464708, 0.42129776, 0.29405522]], dtype=float32), array([[0.30615333, 0.3845743 , 0.30927247],
       [0.21389548, 0.5628105 , 0.22329406],
       [0.30213454, 0.3922066 , 0.3056589 ]], dtype=float32), array([[0.3039156 , 0.39728495, 0.2987995 ],
       [0.23292007, 0.54641175, 0.22066823],
       [0.30815285, 0.38816947, 0.3036777 ]], dtype=float32), array([[0.34639025, 0.31463555, 0.3389742 ],
       [0.20514968, 0.5397913 , 0.25505894],
       [0.31379628, 0.36212516, 0.32407862]], dtype=float32), array([[0.3378578 , 0.32637623, 0.33576596],
       [0.21834889, 0.52594924, 0.25570193],
       [0.31626886, 0.3600156 , 0.32371554]], dtype=float32), array([[0.2969011 , 0.39702588, 0.30607304],
       [0.20376745, 0.56932324, 0.22690932],
       [0.28704855, 0.4146356 , 0.29831585]], dtype=float32), array([[0.3294168 , 0.34003612, 0.33054706],
       [0.2371602 , 0.50548977, 0.25734997],
       [0.3196697 , 0.35684165, 0.32348862]], dtype=float32), array([[0.30970764, 0.37790358, 0.31238875],
       [0.23386165, 0.52396125, 0.24217713],
       [0.3065093 , 0.38397536, 0.30951536]], dtype=float32), array([[0.34961176, 0.31065667, 0.33973166],
       [0.21573883, 0.5174922 , 0.2667689 ],
       [0.31635857, 0.35771006, 0.32593137]], dtype=float32), array([[0.34991658, 0.31017405, 0.33990937],
       [0.21450466, 0.5200357 , 0.2654597 ],
       [0.31655777, 0.35748443, 0.32595786]], dtype=float32), array([[0.30027568, 0.38528752, 0.31443673],
       [0.18372762, 0.58843625, 0.22783606],
       [0.27778515, 0.42209357, 0.30012134]], dtype=float32), array([[0.2996662 , 0.38638872, 0.31394508],
       [0.18077669, 0.59441376, 0.22480951],
       [0.2768857 , 0.42378294, 0.2993313 ]], dtype=float32), array([[0.3668917 , 0.29030186, 0.34280637],
       [0.19326906, 0.5455957 , 0.26113528],
       [0.31406596, 0.3593561 , 0.3265779 ]], dtype=float32), array([[0.36730388, 0.2897795 , 0.34291664],
       [0.1918085 , 0.54815936, 0.2600321 ],
       [0.31389338, 0.35960054, 0.3265061 ]], dtype=float32), array([[0.29752094, 0.39033017, 0.31214887],
       [0.17171557, 0.61323714, 0.21504723],
       [0.27408326, 0.42921707, 0.29669973]], dtype=float32), array([[0.355382  , 0.3063465 , 0.3382715 ],
       [0.14621724, 0.6177458 , 0.23603691],
       [0.27805135, 0.40649372, 0.3154549 ]], dtype=float32), array([[0.3685342 , 0.28764966, 0.34381616],
       [0.17902151, 0.57297295, 0.24800545],
       [0.3123786 , 0.3620553 , 0.32556608]], dtype=float32), array([[0.36889535, 0.28707945, 0.34402522],
       [0.17614293, 0.5785917 , 0.24526538],
       [0.31205142, 0.36258426, 0.32536432]], dtype=float32), array([[0.3692245 , 0.28684148, 0.34393406],
       [0.17917895, 0.57247275, 0.24834825],
       [0.31274185, 0.36151543, 0.3257427 ]], dtype=float32)]","[array([2.353747, 2.353747, 2.353747], dtype=float32), array([2.3627894, 2.3627894, 2.3627894], dtype=float32), array([2.3667107, 2.3667107, 2.3667107], dtype=float32), array([2.369659, 2.369659, 2.369659], dtype=float32), array([2.3724012, 2.3724012, 2.3724012], dtype=float32), array([nan, nan, nan], dtype=float32), array([2.3692853, 2.3692853, 2.3692853], dtype=float32), array([2.3631532, 2.3631532, 2.3631532], dtype=float32), array([2.3597171, 2.3597171, 2.3597171], dtype=float32), array([2.3551958, 2.3551958, 2.3551958], dtype=float32), array([2.3512495, 2.3512495, 2.3512495], dtype=float32), array([2.3437402, 2.3437402, 2.3437402], dtype=float32), array([2.3341968, 2.3341968, 2.3341968], dtype=float32), array([nan, nan, nan], dtype=float32), array([2.311314, 2.311314, 2.311314], dtype=float32), array([2.300628, 2.300628, 2.300628], dtype=float32), array([2.2918458, 2.2918458, 2.2918458], dtype=float32), array([nan, nan, nan], dtype=float32), array([2.2591097, 2.2591097, 2.2591097], dtype=float32), array([nan, nan, nan], dtype=float32), array([2.2236578, 2.2236578, 2.2236578], dtype=float32), array([2.203331, 2.203331, 2.203331], dtype=float32), array([nan, nan, nan], dtype=float32), array([2.1644967, 2.1644967, 2.1644967], dtype=float32), array([2.1443713, 2.1443713, 2.1443713], dtype=float32), array([2.123333, 2.123333, 2.123333], dtype=float32), array([2.1021523, 2.1021523, 2.1021523], dtype=float32), array([2.082266, 2.082266, 2.082266], dtype=float32), array([2.0629947, 2.0629947, 2.0629947], dtype=float32), array([2.0458472, 2.0458472, 2.0458472], dtype=float32), array([2.0238175, 2.0238175, 2.0238175], dtype=float32)]","[array([2.3537467, 2.3537467, 2.3537467], dtype=float32), array([2.3627894, 2.3627894, 2.3627894], dtype=float32), array([2.366711, 2.366711, 2.366711], dtype=float32), array([2.3696594, 2.3696594, 2.3696594], dtype=float32), array([2.3724017, 2.3724017, 2.3724017], dtype=float32), array([2.371601, 2.371601, 2.371601], dtype=float32), array([2.3692853, 2.3692853, 2.3692853], dtype=float32), array([2.3631532, 2.3631532, 2.3631532], dtype=float32), array([2.3597171, 2.3597171, 2.3597171], dtype=float32), array([2.3551955, 2.3551955, 2.3551955], dtype=float32), array([2.3512495, 2.3512495, 2.3512495], dtype=float32), array([2.3437402, 2.3437402, 2.3437402], dtype=float32), array([2.3341968, 2.3341968, 2.3341968], dtype=float32), array([2.3207479, 2.3207479, 2.3207479], dtype=float32), array([2.3113136, 2.3113136, 2.3113136], dtype=float32), array([2.3006282, 2.3006282, 2.3006282], dtype=float32), array([2.2918458, 2.2918458, 2.2918458], dtype=float32), array([2.2815855, 2.2815855, 2.2815855], dtype=float32), array([2.2591097, 2.2591097, 2.2591097], dtype=float32), array([2.2430995, 2.2430995, 2.2430995], dtype=float32), array([2.2236578, 2.2236578, 2.2236578], dtype=float32), array([2.2033312, 2.2033312, 2.2033312], dtype=float32), array([2.1825008, 2.1825008, 2.1825008], dtype=float32), array([2.164497, 2.164497, 2.164497], dtype=float32), array([2.1443713, 2.1443713, 2.1443713], dtype=float32), array([2.123333, 2.123333, 2.123333], dtype=float32), array([2.102152, 2.102152, 2.102152], dtype=float32), array([2.082266, 2.082266, 2.082266], dtype=float32), array([2.0629942, 2.0629942, 2.0629942], dtype=float32), array([2.0458472, 2.0458472, 2.0458472], dtype=float32), array([2.0238173, 2.0238173, 2.0238173], dtype=float32)]",1,0,0,0,0,0,54.738582677165354,55.57007874015751,80000,10.03,0.0003644297511607224,0.00015835046288982215,2000,80000,10.03,2000,0.35021460636160506,0.19821283221244812,40.0,0.0013802934991,-0.0007055997848510742,999.0,1.8891933850628817e-10,30969,635.3487548828125,0.0006913123070262372,0.4722185432910919,1.0,81158,0.0,-0.010141609236598015,0.3387916088104248,1238760,341.6946724447048,40.0,0.0393447157605,0.0013802934991,0.0,999.0,23810,30969,1238760,1.0,0.0,341.69437850381246,0,104968,61938,3720000,93000,2477520,1026.1113363936136,6149055.321800164,6492619.964044491,10.5,0.00010977786953640564,1.0067001111073661,0.180150507154545,1.0067001111073661,9.82,0.0018552406605158466,40.0,100,80100,2.0,4.92553458675814e-05,2,2000,50,0.0003062390059197074,2,-9.5,4000,0.0001774023311239483,0.0004031570077976791,100,9.82,4000,9.82,100,1.6386291007390516e-05,2.8991744227105633e-05,2.926284269874062e-05,2.2573832169747054e-05,0.00015326710916401914,4.811495031709963e-05,6.680350859190278e-06,7.526430192456953e-06,2.0073488204838155e-05,4.230419794325301e-05,3.346060492961855e-05,0.057313355191654834,0.00695410915491256,0.05963295169679237,0.1750948208245585,0.029678958427647558,0.020508251297499794,0.00018132566726353626,108066,105.75572967529297,0.0018205199157819152,0.4722185730934143,1201.0,1.0,-0.01860950142145157,0.33063275,4322640,0.18575003743171692,1240.0,0.0012325048446655273,498.0,108066,1201.0,0.0,4322640,498.0,1240.0,216132,26040000,8645280,651000,9845.149592952335,3.655634844444534e-05,7.8540238446232e-06,2.172991764802401e-05,4.754424807430715e-05,7.455968982833312e-06,3.161555197429397e-05,2.4107079087017888e-05,0.0001693351006316663,3.204200369060029e-05,5.22409769741791e-05,1.7736480390456473e-05
1,82000,False,41,d1c92_00000,2025-08-17_21-33-12,1755466392,89.85067558288574,3832.5982670783997,685852,intrinsic-attention2,10.156.0.3,3832.5982670783997,41,94.17896746642006,1.559669228245007e-05,94.1786751434269,2.7404069058034843,91.07859841001107,0.0019926750679372693,2.0,1.0067001111073661,4.856835341326416e-05,2,40.0,41000,9.86,10.5,1000,0.0002599580038804561,2,-10.5,2000,0.00010524513501128094,1.0067001111073661,82000,0.0015921486201114022,2.7097014204430048,310.4387653699926,2000.0,3000.0,"[array([[0.29532653, 0.3943334 , 0.31034008],
       [0.16315952, 0.6310755 , 0.20576486],
       [0.27124643, 0.43465886, 0.29409477]], dtype=float32), array([[0.35280314, 0.30582225, 0.3413746 ],
       [0.20133378, 0.5453636 , 0.2533026 ],
       [0.3169523 , 0.35723558, 0.3258121 ]], dtype=float32), array([[0.3142527 , 0.41340226, 0.27234498],
       [0.28735265, 0.49669123, 0.21595609],
       [0.32527235, 0.37106574, 0.30366194]], dtype=float32), array([[0.31156462, 0.40190145, 0.28653395],
       [0.27545747, 0.49781075, 0.22673169],
       [0.32171363, 0.37142456, 0.30686182]], dtype=float32), array([[0.31151727, 0.38037184, 0.30811083],
       [0.2513071 , 0.50690967, 0.24178328],
       [0.31463206, 0.37370244, 0.31166545]], dtype=float32), array([[0.364568  , 0.29853785, 0.33689418],
       [0.1618758 , 0.57164365, 0.26648048],
       [0.2762687 , 0.40301487, 0.32071644]], dtype=float32), array([[0.33485308, 0.3307975 , 0.33434945],
       [0.24899675, 0.48091576, 0.27008745],
       [0.32447082, 0.3482154 , 0.32731375]], dtype=float32), array([[0.37120187, 0.28894663, 0.33985147],
       [0.23810215, 0.4613295 , 0.30056837],
       [0.32273808, 0.34638464, 0.33087727]], dtype=float32), array([[0.3196792 , 0.3654989 , 0.3148218 ],
       [0.2932028 , 0.42583942, 0.28095782],
       [0.32254168, 0.35882288, 0.31863537]], dtype=float32), array([[0.30727488, 0.3906793 , 0.3020459 ],
       [0.2791273 , 0.451162  , 0.26971072],
       [0.30921492, 0.3864593 , 0.30432582]], dtype=float32), array([[0.35830125, 0.30275252, 0.33894616],
       [0.2605194 , 0.43175414, 0.3077264 ],
       [0.32542548, 0.34334704, 0.33122754]], dtype=float32), array([[0.30184707, 0.39292184, 0.3052311 ],
       [0.25627422, 0.4805484 , 0.26317734],
       [0.2999545 , 0.3965303 , 0.30351523]], dtype=float32), array([[0.30221155, 0.37968293, 0.3181056 ],
       [0.2190192 , 0.51553077, 0.2654501 ],
       [0.28303996, 0.4094475 , 0.3075125 ]], dtype=float32), array([[0.3708279 , 0.28849342, 0.34067866],
       [0.23450184, 0.46911412, 0.296384  ],
       [0.3232593 , 0.34597957, 0.3307612 ]], dtype=float32), array([[0.3160043 , 0.37351176, 0.31048396],
       [0.27847135, 0.45723945, 0.26428923],
       [0.3197077 , 0.3650204 , 0.31527194]], dtype=float32), array([[0.3007018 , 0.40494004, 0.2943582 ],
       [0.25996035, 0.4916814 , 0.24835828],
       [0.3035006 , 0.39888304, 0.29761633]], dtype=float32), array([[0.3010464 , 0.4041232 , 0.29483044],
       [0.26103684, 0.48929256, 0.24967058],
       [0.30376595, 0.3982412 , 0.29799286]], dtype=float32), array([[0.33555433, 0.32964262, 0.33480301],
       [0.25364622, 0.47204098, 0.27431276],
       [0.3254404 , 0.34653178, 0.32802778]], dtype=float32), array([[0.35452488, 0.30379012, 0.34168503],
       [0.21567406, 0.5183948 , 0.26593107],
       [0.32066998, 0.351542  , 0.32778808]], dtype=float32), array([[0.34367058, 0.31741542, 0.33891392],
       [0.2074455 , 0.54668355, 0.24587092],
       [0.31963935, 0.35481498, 0.32554573]], dtype=float32), array([[0.34264675, 0.31867427, 0.33867902],
       [0.18310404, 0.5956076 , 0.22128841],
       [0.31665528, 0.36008587, 0.32325882]], dtype=float32), array([[0.34506673, 0.31468895, 0.34024432],
       [0.12895408, 0.7039344 , 0.16711152],
       [0.30992243, 0.37146235, 0.31861517]], dtype=float32), array([[0.27382487, 0.46943495, 0.25674024],
       [0.11745008, 0.78901225, 0.0935376 ],
       [0.29306126, 0.4267493 , 0.28018945]], dtype=float32), array([[0.2358211 , 0.54576284, 0.21841605],
       [0.06265562, 0.88816977, 0.04917464],
       [0.256317  , 0.5026642 , 0.24101877]], dtype=float32), array([[0.23356381, 0.53240246, 0.23403367],
       [0.02895505, 0.941843  , 0.02920201],
       [0.23275691, 0.5340142 , 0.23322885]], dtype=float32), array([[0.24972658, 0.48558882, 0.26468462],
       [0.0123596 , 0.96953803, 0.01810242],
       [0.20932141, 0.56245244, 0.22822617]], dtype=float32), array([[0.30896997, 0.3781942 , 0.3128358 ],
       [0.01541516, 0.9647037 , 0.01988117],
       [0.27879527, 0.4346882 , 0.2865165 ]], dtype=float32), array([[0.18673413, 0.6486406 , 0.1646252 ],
       [0.01190372, 0.9804788 , 0.0076174 ],
       [0.22563177, 0.56889516, 0.20547304]], dtype=float32), array([[0.2055361 , 0.60850614, 0.18595769],
       [0.00927372, 0.98469514, 0.0060311 ],
       [0.24625547, 0.52405787, 0.22968669]], dtype=float32), array([[0.30689862, 0.381557  , 0.3115444 ],
       [0.00369908, 0.9908607 , 0.00544028],
       [0.26023614, 0.4687434 , 0.27102038]], dtype=float32), array([[0.17991441, 0.65999204, 0.16009349],
       [0.00318823, 0.99490815, 0.00190351],
       [0.22812113, 0.5614834 , 0.21039553]], dtype=float32)]","[array([nan, nan, nan], dtype=float32), array([nan, nan, nan], dtype=float32), array([1.9549176, 1.9549176, 1.9549176], dtype=float32), array([nan, nan, nan], dtype=float32), array([1.9140719, 1.9140719, 1.9140719], dtype=float32), array([nan, nan, nan], dtype=float32), array([nan, nan, nan], dtype=float32), array([1.8713034, 1.8713034, 1.8713034], dtype=float32), array([nan, nan, nan], dtype=float32), array([nan, nan, nan], dtype=float32), array([1.8968719, 1.8968719, 1.8968719], dtype=float32), array([nan, nan, nan], dtype=float32), array([nan, nan, nan], dtype=float32), array([nan, nan, nan], dtype=float32), array([1.9361188, 1.9361188, 1.9361188], dtype=float32), array([nan, nan, nan], dtype=float32), array([nan, nan, nan], dtype=float32), array([1.953719, 1.953719, 1.953719], dtype=float32), array([nan, nan, nan], dtype=float32), array([nan, nan, nan], dtype=float32), array([1.9523922, 1.9523922, 1.9523922], dtype=float32), array([nan, nan, nan], dtype=float32), array([1.915539, 1.915539, 1.915539], dtype=float32), array([nan, nan, nan], dtype=float32), array([nan, nan, nan], dtype=float32), array([1.8523825, 1.8523825, 1.8523825], dtype=float32), array([nan, nan, nan], dtype=float32), array([nan, nan, nan], dtype=float32), array([1.8038393, 1.8038393, 1.8038393], dtype=float32), array([nan, nan, nan], dtype=float32), array([1.7657396, 1.7657396, 1.7657396], dtype=float32)]","[array([2.0010395, 2.0010395, 2.0010395], dtype=float32), array([1.9771705, 1.9771705, 1.9771705], dtype=float32), array([1.9549177, 1.9549177, 1.9549177], dtype=float32), array([1.9340671, 1.9340671, 1.9340671], dtype=float32), array([1.9140719, 1.9140719, 1.9140719], dtype=float32), array([1.8940107, 1.8940107, 1.8940107], dtype=float32), array([1.8753704, 1.8753704, 1.8753704], dtype=float32), array([1.8713033, 1.8713033, 1.8713033], dtype=float32), array([1.8680644, 1.8680644, 1.8680644], dtype=float32), array([1.8791066, 1.8791066, 1.8791066], dtype=float32), array([1.8968717, 1.8968717, 1.8968717], dtype=float32), array([1.9087776, 1.9087776, 1.9087776], dtype=float32), array([1.9169636, 1.9169636, 1.9169636], dtype=float32), array([1.9246025, 1.9246025, 1.9246025], dtype=float32), array([1.9361188, 1.9361188, 1.9361188], dtype=float32), array([1.9459662, 1.9459662, 1.9459662], dtype=float32), array([1.9544718, 1.9544718, 1.9544718], dtype=float32), array([1.9537187, 1.9537187, 1.9537187], dtype=float32), array([1.9501401, 1.9501401, 1.9501401], dtype=float32), array([1.9478952, 1.9478952, 1.9478952], dtype=float32), array([1.9523923, 1.9523923, 1.9523923], dtype=float32), array([1.9360195, 1.9360195, 1.9360195], dtype=float32), array([1.9155389, 1.9155389, 1.9155389], dtype=float32), array([1.895737, 1.895737, 1.895737], dtype=float32), array([1.8724407, 1.8724407, 1.8724407], dtype=float32), array([1.8523824, 1.8523824, 1.8523824], dtype=float32), array([1.8362898, 1.8362898, 1.8362898], dtype=float32), array([1.8211502, 1.8211502, 1.8211502], dtype=float32), array([1.8038391, 1.8038391, 1.8038391], dtype=float32), array([1.7889705, 1.7889705, 1.7889705], dtype=float32), array([1.7657397, 1.7657397, 1.7657397], dtype=float32)]",1,0,0,0,0,0,54.380468750000006,55.600000000000016,82000,9.86,0.0003767191009150976,0.00016221219074227775,2000,82000,9.86,2000,0.35002609487796116,0.2069818377494812,41.0,0.0013802934991,-1.0,999.0,9.445966925314409e-11,30969,987.7257690429688,0.0015685227699577808,0.4722185432910919,1.0,81158,0.0,-0.0022632924374192953,0.3466578722000122,1269729,342.1867387826048,41.0,0.0393447157605,0.0013802934991,0.0,999.0,23810,30969,1269729,1.0,0.0,342.1864572561252,0,104968,61938,3813000,93000,2539458,1027.5889300613374,6149149.92370817,6491138.368878074,10.5,0.00011504302686017991,1.0067001111073661,0.17989989878291823,1.0067001111073661,10.02,0.0017572349899273832,41.0,100,82100,2.0,5.031219817543756e-05,2,2050,50,0.0003050993157452547,2,9.5,4100,0.00018119382666261806,0.00041630859165152465,100,10.02,4100,10.02,100,1.7059302302130692e-05,2.9558599252360526e-05,3.025659765264999e-05,2.2880279039990046e-05,0.0001586565529087165,5.0651135890384354e-05,6.952089731584622e-06,7.701856947744002e-06,2.0419115535561104e-05,4.416786500109533e-05,3.400399415978092e-05,0.057300795019800406,0.0069505084232909155,0.05953843995984742,0.17503522536622568,0.029688666093356197,0.02047681240445284,0.00018116904063826506,108066,103.32908630371094,0.0009573036222718656,0.4722185730934143,1231.0,1.0,-0.0011815852485597134,0.34788617,4430706,0.21189694106578827,1271.0,-0.0007231235504150391,498.0,108066,1231.0,0.0,4430706,498.0,1271.0,216132,26691000,8861412,651000,9835.520113092556,3.764465322873075e-05,8.264367325319773e-06,2.194926055037221e-05,4.9086336258707826e-05,7.543878869012524e-06,3.2494793397159905e-05,2.4467830602891874e-05,0.00017611168854880378,3.312546516412244e-05,5.364736122857222e-05,1.8295776554128252e-05
1,84000,False,42,d1c92_00000,2025-08-17_21-34-43,1755466483,90.96758580207825,3923.565852880478,685852,intrinsic-attention2,10.156.0.3,3923.565852880478,42,94.14480200225593,1.556434533468207e-05,94.14450873861259,2.7410040891954983,91.04406101018088,0.0019904142972341967,2.0,1.0067001111073661,4.9592724595725234e-05,2,41.0,42000,9.99,10.5,1000,0.0002599580038804561,2,9.5,2000,0.00010874546315055506,1.0067001111073661,84000,0.0016344889598258305,2.7102998305485064,300.56883464844253,2000.0,3000.0,"[array([[1.6078337e-01, 6.8696070e-01, 1.5225600e-01],
       [1.2012717e-03, 9.9786526e-01, 9.3344622e-04],
       [1.8315130e-01, 6.4211923e-01, 1.7472945e-01]], dtype=float32), array([[3.3309224e-01, 3.3374599e-01, 3.3316180e-01],
       [4.3858626e-04, 9.9856240e-01, 9.9911715e-04],
       [2.2862987e-01, 5.2174109e-01, 2.4962896e-01]], dtype=float32), array([[3.3162937e-01, 3.3611980e-01, 3.3225074e-01],
       [1.5585660e-04, 9.9931622e-01, 5.2795099e-04],
       [1.7813061e-01, 6.1042935e-01, 2.1144012e-01]], dtype=float32), array([[1.3875526e-01, 7.4378479e-01, 1.1745989e-01],
       [5.4496160e-04, 9.9919647e-01, 2.5854920e-04],
       [2.0404702e-01, 6.1300671e-01, 1.8294628e-01]], dtype=float32), array([[1.16584882e-01, 7.77474940e-01, 1.05940126e-01],
       [1.49016108e-04, 9.99755442e-01, 9.55295109e-05],
       [1.50840536e-01, 7.09657073e-01, 1.39502436e-01]], dtype=float32), array([[1.3269068e-01, 7.3423690e-01, 1.3307244e-01],
       [4.7766622e-05, 9.9990368e-01, 4.8571335e-05],
       [1.3134687e-01, 7.3692530e-01, 1.3172780e-01]], dtype=float32), array([[3.1180474e-01, 3.7177730e-01, 3.1641799e-01],
       [2.1180313e-05, 9.9992681e-01, 5.2018189e-05],
       [2.0087726e-01, 5.7966274e-01, 2.1946001e-01]], dtype=float32), array([[2.6161298e-01, 4.7011247e-01, 2.6827455e-01],
       [2.3256029e-05, 9.9994004e-01, 3.6754944e-05],
       [2.0771985e-01, 5.7528126e-01, 2.1699892e-01]], dtype=float32), array([[3.1752348e-01, 3.6162817e-01, 3.2084832e-01],
       [2.3248916e-05, 9.9992216e-01, 5.4638007e-05],
       [2.1141769e-01, 5.6001037e-01, 2.2857192e-01]], dtype=float32), array([[1.9120763e-01, 6.2987942e-01, 1.7891292e-01],
       [1.4333164e-04, 9.9976915e-01, 8.7512897e-05],
       [2.4344066e-01, 5.2328569e-01, 2.3327360e-01]], dtype=float32), array([[1.2309099e-01, 7.7464122e-01, 1.0226790e-01],
       [1.9998355e-04, 9.9971527e-01, 8.4787134e-05],
       [1.9605851e-01, 6.2962615e-01, 1.7431536e-01]], dtype=float32), array([[1.3365854e-01, 7.5326389e-01, 1.1307754e-01],
       [2.9941261e-04, 9.9956387e-01, 1.3662431e-04],
       [2.0252135e-01, 6.1560100e-01, 1.8187757e-01]], dtype=float32), array([[2.2208691e-01, 5.6628060e-01, 2.1163251e-01],
       [4.3256610e-04, 9.9927717e-01, 2.9025582e-04],
       [2.6555005e-01, 4.7678646e-01, 2.5766349e-01]], dtype=float32), array([[3.4128222e-01, 3.1929198e-01, 3.3942577e-01],
       [1.5798298e-04, 9.9951851e-01, 3.2352353e-04],
       [2.5116000e-01, 4.8382589e-01, 2.6501411e-01]], dtype=float32), array([[1.8381287e-01, 6.3563216e-01, 1.8055499e-01],
       [3.0932744e-04, 9.9941540e-01, 2.7531915e-04],
       [1.9542463e-01, 6.1234146e-01, 1.9223391e-01]], dtype=float32), array([[2.6945257e-01, 4.6235859e-01, 2.6818883e-01],
       [8.7051780e-04, 9.9831069e-01, 8.1872893e-04],
       [2.7645382e-01, 4.4825315e-01, 2.7529296e-01]], dtype=float32), array([[0.2763708 , 0.4482752 , 0.27535397],
       [0.00128066, 0.997502  , 0.0012173 ],
       [0.28215653, 0.43662414, 0.28121927]], dtype=float32), array([[0.25806987, 0.49101296, 0.25091717],
       [0.00208818, 0.9963169 , 0.00159485],
       [0.28759095, 0.4298238 , 0.28258526]], dtype=float32), array([[1.7418963e-01, 6.6122109e-01, 1.6458924e-01],
       [1.2563140e-03, 9.9779785e-01, 9.4591611e-04],
       [2.0084880e-01, 6.0753161e-01, 1.9161956e-01]], dtype=float32), array([[0.18202066, 0.6450093 , 0.17297006],
       [0.00179597, 0.9968119 , 0.00139209],
       [0.20624718, 0.59614444, 0.19760832]], dtype=float32), array([[0.35713235, 0.29214987, 0.35071778],
       [0.00223403, 0.99389267, 0.00387327],
       [0.28752518, 0.4152521 , 0.29722273]], dtype=float32), array([[0.34044567, 0.32092848, 0.33862582],
       [0.00227776, 0.993767  , 0.0039552 ],
       [0.27085888, 0.44575077, 0.28339034]], dtype=float32), array([[0.26396507, 0.47215065, 0.26388425],
       [0.00381849, 0.9923741 , 0.00380733],
       [0.26429173, 0.47149712, 0.26421118]], dtype=float32), array([[0.246011  , 0.5078925 , 0.24609646],
       [0.00335633, 0.9932782 , 0.0033655 ],
       [0.2457136 , 0.5084871 , 0.24579924]], dtype=float32), array([[0.19407994, 0.5970551 , 0.20886506],
       [0.0010407 , 0.9973296 , 0.00162975],
       [0.15198912, 0.680385  , 0.16762589]], dtype=float32), array([[1.3713992e-01, 7.1794862e-01, 1.4491144e-01],
       [6.7630986e-04, 9.9846137e-01, 8.6232834e-04],
       [1.1932608e-01, 7.5379461e-01, 1.2687932e-01]], dtype=float32), array([[1.20279625e-01, 7.48775005e-01, 1.30945355e-01],
       [3.02690518e-04, 9.99256194e-01, 4.41045122e-04],
       [9.58272815e-02, 7.98425555e-01, 1.05747148e-01]], dtype=float32), array([[6.2589295e-02, 8.8394231e-01, 5.3468376e-02],
       [2.7825867e-04, 9.9955076e-01, 1.7098543e-04],
       [8.3126485e-02, 8.4445524e-01, 7.2418228e-02]], dtype=float32), array([[4.6951126e-02, 9.0047526e-01, 5.2573618e-02],
       [3.6345013e-05, 9.9990988e-01, 5.3757954e-05],
       [3.6409147e-02, 9.2238480e-01, 4.1206051e-02]], dtype=float32), array([[3.0004969e-02, 9.3618220e-01, 3.3812795e-02],
       [2.4642230e-05, 9.9993968e-01, 3.5621484e-05],
       [2.3719268e-02, 9.4931924e-01, 2.6961530e-02]], dtype=float32), array([[2.3626482e-02, 9.5436114e-01, 2.2012372e-02],
       [3.0361936e-05, 9.9994469e-01, 2.4882684e-05],
       [2.6691239e-02, 9.4837987e-01, 2.4928838e-02]], dtype=float32)]","[array([nan, nan, nan], dtype=float32), array([nan, nan, nan], dtype=float32), array([nan, nan, nan], dtype=float32), array([nan, nan, nan], dtype=float32), array([nan, nan, nan], dtype=float32), array([nan, nan, nan], dtype=float32), array([nan, nan, nan], dtype=float32), array([nan, nan, nan], dtype=float32), array([nan, nan, nan], dtype=float32), array([nan, nan, nan], dtype=float32), array([nan, nan, nan], dtype=float32), array([nan, nan, nan], dtype=float32), array([nan, nan, nan], dtype=float32), array([nan, nan, nan], dtype=float32), array([nan, nan, nan], dtype=float32), array([nan, nan, nan], dtype=float32), array([nan, nan, nan], dtype=float32), array([nan, nan, nan], dtype=float32), array([nan, nan, nan], dtype=float32), array([nan, nan, nan], dtype=float32), array([nan, nan, nan], dtype=float32), array([nan, nan, nan], dtype=float32), array([nan, nan, nan], dtype=float32), array([nan, nan, nan], dtype=float32), array([nan, nan, nan], dtype=float32), array([nan, nan, nan], dtype=float32), array([nan, nan, nan], dtype=float32), array([nan, nan, nan], dtype=float32), array([nan, nan, nan], dtype=float32), array([nan, nan, nan], dtype=float32), array([nan, nan, nan], dtype=float32)]","[array([1.7468989, 1.7468989, 1.7468989], dtype=float32), array([1.7302264, 1.7302264, 1.7302264], dtype=float32), array([1.7143579, 1.7143579, 1.7143579], dtype=float32), array([1.7037185, 1.7037185, 1.7037185], dtype=float32), array([1.6926347, 1.6926347, 1.6926347], dtype=float32), array([1.6768436, 1.6768436, 1.6768436], dtype=float32), array([1.6571181, 1.6571181, 1.6571181], dtype=float32), array([1.6427141, 1.6427141, 1.6427141], dtype=float32), array([1.6200701, 1.6200701, 1.6200701], dtype=float32), array([1.6079065, 1.6079065, 1.6079065], dtype=float32), array([1.5908755, 1.5908755, 1.5908755], dtype=float32), array([1.5787094, 1.5787094, 1.5787094], dtype=float32), array([1.5632192, 1.5632192, 1.5632192], dtype=float32), array([1.5498421, 1.5498421, 1.5498421], dtype=float32), array([1.5311551, 1.5311551, 1.5311551], dtype=float32), array([1.5145873, 1.5145873, 1.5145873], dtype=float32), array([1.5032846, 1.5032846, 1.5032846], dtype=float32), array([1.4875818, 1.4875818, 1.4875818], dtype=float32), array([1.4679223, 1.4679223, 1.4679223], dtype=float32), array([1.4332103, 1.4332103, 1.4332103], dtype=float32), array([1.4032038, 1.4032038, 1.4032038], dtype=float32), array([1.411852, 1.411852, 1.411852], dtype=float32), array([1.4354833, 1.4354833, 1.4354833], dtype=float32), array([1.5119802, 1.5119802, 1.5119802], dtype=float32), array([1.6191404, 1.6191404, 1.6191404], dtype=float32), array([1.7625159, 1.7625159, 1.7625159], dtype=float32), array([1.9269048, 1.9269048, 1.9269048], dtype=float32), array([2.101269, 2.101269, 2.101269], dtype=float32), array([2.2792878, 2.2792878, 2.2792878], dtype=float32), array([2.466752, 2.466752, 2.466752], dtype=float32), array([2.6605456, 2.6605456, 2.6605456], dtype=float32)]",1,0,0,0,0,0,54.464615384615385,55.60153846153847,84000,9.99,0.00038423800698189793,0.0001662714231226745,2000,84000,9.99,2000,0.3498107854691537,0.4037405848503113,42.0,0.0013802934991,-1.0,999.0,1.4168950734916308e-10,30969,4848.3876953125,0.09009384363889694,0.4722185432910919,1.0,81158,0.0,-0.020312532782554626,0.32833701372146606,1300698,342.5975675907363,42.0,0.0393447157605,0.0013802934991,0.0,999.0,23810,30969,1300698,1.0,0.0,342.59729254013183,0,104968,61938,3906000,93000,2601396,1028.8225950635376,6155155.72657985,6500889.998804841,10.5,0.0001470806738645788,1.0067001111073661,0.17998136148510516,1.0067001111073661,9.62,0.0021105868498852943,42.0,100,84100,2.0,6.150079680658606e-05,2,2100,50,0.0003039497826425983,2,-9.5,4200,0.00022393666692159745,0.000515729911733371,100,9.62,4200,9.62,100,1.71825377682865e-05,3.0258380942146806e-05,3.025596356921003e-05,2.3127389901366382e-05,0.00016368994379863995,5.093047927106446e-05,7.023679335449398e-06,7.853241143564333e-06,2.106350964125354e-05,4.511016634578254e-05,3.5109955281352156e-05,0.05728484982951055,0.006952577628962681,0.0594656737601513,0.17494875573261398,0.029682432532514368,0.020439116500473475,0.00018090748019589879,108066,113.48038482666016,0.10544165968894958,0.4722185730934143,1261.0,1.0,-0.0753500685095787,0.29018855,4538772,0.41158735752105713,1302.0,-1.0,498.0,108066,1261.0,0.0,4538772,498.0,1302.0,216132,27342000,9077544,651000,9822.435749615941,4.643176485658098e-05,9.792600344373137e-06,2.6767123643813412e-05,5.9682143103474785e-05,9.151825324245387e-06,4.075604088212846e-05,3.022886670907712e-05,0.00021362554670512372,4.0857536424241315e-05,6.73175557627933e-05,2.3396148484079356e-05
1,86000,False,43,d1c92_00000,2025-08-17_21-36-15,1755466575,91.74571704864502,4015.311569929123,685852,intrinsic-attention2,10.156.0.3,4015.311569929123,43,94.11878766346342,1.5533431876485365e-05,94.11849344466644,2.745120853903549,91.01412298120906,0.0019893751641771712,2.0,1.0067001111073661,4.8827530211394265e-05,2,42.0,43000,7.0,10.5,1000,0.0002599580038804561,2,-10.5,2000,0.00010630239253510972,1.0067001111073661,86000,0.0015916639989882243,2.7144247630230267,290.964517961635,2000.0,3000.0,"[array([[0.46386963, 0.01930699, 0.5168234 ],
       [0.03414683, 0.93534136, 0.03051183],
       [0.4638375 , 0.01548304, 0.5206795 ]], dtype=float32), array([[9.3687102e-03, 9.8571903e-01, 4.9122577e-03],
       [3.2504766e-05, 9.9995971e-01, 7.7552486e-06],
       [2.0217888e-02, 9.6795839e-01, 1.1823750e-02]], dtype=float32), array([[0.65621203, 0.00191638, 0.3418716 ],
       [0.03427   , 0.91625774, 0.04947221],
       [0.6281787 , 0.00508334, 0.36673802]], dtype=float32), array([[5.0063957e-03, 9.9190569e-01, 3.0879739e-03],
       [8.6246846e-06, 9.9998844e-01, 2.9721243e-06],
       [8.9012571e-03, 9.8530847e-01, 5.7902606e-03]], dtype=float32), array([[2.2034603e-03, 9.9414498e-01, 3.6515323e-03],
       [2.4427297e-07, 9.9999893e-01, 8.5968259e-07],
       [1.0406672e-03, 9.9712402e-01, 1.8353309e-03]], dtype=float32), array([[2.9341527e-03, 9.9580503e-01, 1.2608217e-03],
       [8.0742429e-06, 9.9999046e-01, 1.4752861e-06],
       [6.8588979e-03, 9.8980486e-01, 3.3362615e-03]], dtype=float32), array([[1.1370768e-03, 9.9680871e-01, 2.0541493e-03],
       [1.0219037e-07, 9.9999952e-01, 4.1641991e-07],
       [5.0495606e-04, 9.9851578e-01, 9.7933016e-04]], dtype=float32), array([[2.0826715e-03, 9.9548632e-01, 2.4309985e-03],
       [5.9355904e-07, 9.9999857e-01, 8.5024141e-07],
       [1.6984978e-03, 9.9630862e-01, 1.9927719e-03]], dtype=float32), array([[5.1168056e-04, 9.9920803e-01, 2.8022224e-04],
       [6.7139376e-07, 9.9999905e-01, 2.1698509e-07],
       [8.6656661e-04, 9.9863857e-01, 4.9488858e-04]], dtype=float32), array([[1.2464618e-03, 9.9802339e-01, 7.3008763e-04],
       [1.7574503e-06, 9.9999762e-01, 6.0872298e-07],
       [2.1048568e-03, 9.9660933e-01, 1.2857998e-03]], dtype=float32), array([[2.6451534e-01, 1.3912098e-03, 7.3409349e-01],
       [3.5012713e-01, 2.8559238e-01, 3.6428046e-01],
       [2.2931910e-01, 4.5215915e-04, 7.7022880e-01]], dtype=float32), array([[9.0401544e-04, 9.9803168e-01, 1.0643761e-03],
       [3.4675412e-07, 9.9999917e-01, 4.9043081e-07],
       [7.5280212e-04, 9.9835712e-01, 8.9013524e-04]], dtype=float32), array([[2.4702202e-04, 9.9962723e-01, 1.2575314e-04],
       [4.2103164e-07, 9.9999940e-01, 1.2765661e-07],
       [4.1464504e-04, 9.9936515e-01, 2.2016802e-04]], dtype=float32), array([[2.1460578e-04, 9.9967766e-01, 1.0769795e-04],
       [3.9076784e-07, 9.9999952e-01, 1.1717401e-07],
       [3.5908489e-04, 9.9945301e-01, 1.8794026e-04]], dtype=float32), array([[2.0730357e-04, 9.9910659e-01, 6.8600912e-04],
       [8.3106002e-09, 9.9999988e-01, 1.1478482e-07],
       [4.9700033e-05, 9.9974912e-01, 2.0120798e-04]], dtype=float32), array([[5.3891412e-04, 9.9917054e-01, 2.9063725e-04],
       [8.5555718e-07, 9.9999893e-01, 2.7186633e-07],
       [9.1408094e-04, 9.9857104e-01, 5.1483343e-04]], dtype=float32), array([[1.4872367e-04, 9.9959165e-01, 2.5964421e-04],
       [2.4965480e-08, 9.9999988e-01, 7.5515224e-08],
       [8.5853186e-05, 9.9975902e-01, 1.5518408e-04]], dtype=float32), array([[1.23618142e-04, 9.99817550e-01, 5.88903022e-05],
       [1.63554475e-07, 9.99999881e-01, 4.51243736e-08],
       [2.13420120e-04, 9.99680281e-01, 1.06351785e-04]], dtype=float32), array([[1.0941203e-04, 9.9983907e-01, 5.1513409e-05],
       [1.3028561e-07, 9.9999988e-01, 3.5174349e-08],
       [1.9078175e-04, 9.9971515e-01, 9.4046103e-05]], dtype=float32), array([[3.5447671e-04, 9.9937767e-01, 2.6796633e-04],
       [2.0515360e-07, 9.9999964e-01, 1.1927344e-07],
       [4.6082222e-04, 9.9918753e-01, 3.5159424e-04]], dtype=float32), array([[9.79086835e-05, 9.99791682e-01, 1.10437104e-04],
       [2.21544596e-08, 1.00000000e+00, 2.78808265e-08],
       [8.77565326e-05, 9.99813139e-01, 9.91273992e-05]], dtype=float32), array([[3.1429681e-04, 9.9952459e-01, 1.6109423e-04],
       [2.4651439e-07, 9.9999964e-01, 6.9855730e-08],
       [5.6825893e-04, 9.9912578e-01, 3.0592582e-04]], dtype=float32), array([[6.24168606e-05, 9.99886394e-01, 5.11391299e-05],
       [1.69622947e-08, 1.00000000e+00, 1.17364465e-08],
       [7.39081079e-05, 9.99865294e-01, 6.07651891e-05]], dtype=float32), array([[2.7387659e-04, 9.9952161e-01, 2.0449125e-04],
       [8.8074820e-08, 9.9999988e-01, 4.9381093e-08],
       [3.6466648e-04, 9.9936026e-01, 2.7507223e-04]], dtype=float32), array([[2.6089343e-04, 9.9954468e-01, 1.9433250e-04],
       [7.8718351e-08, 9.9999988e-01, 4.3901526e-08],
       [3.4839625e-04, 9.9938941e-01, 2.6220572e-04]], dtype=float32), array([[7.6867225e-05, 9.9961925e-01, 3.0387955e-04],
       [5.4501809e-10, 1.0000000e+00, 1.2038419e-08],
       [1.3761698e-05, 9.9991643e-01, 6.9831578e-05]], dtype=float32), array([[2.4111196e-04, 9.9958020e-01, 1.7871417e-04],
       [7.1861820e-08, 9.9999988e-01, 3.9780975e-08],
       [3.2278971e-04, 9.9943548e-01, 2.4177815e-04]], dtype=float32), array([[7.0231981e-05, 9.9964774e-01, 2.8206376e-04],
       [4.1400677e-10, 1.0000000e+00, 9.5744968e-09],
       [1.2199977e-05, 9.9992466e-01, 6.3198175e-05]], dtype=float32), array([[4.1233026e-05, 9.9987268e-01, 8.6043205e-05],
       [1.3784744e-09, 1.0000000e+00, 6.0951795e-09],
       [1.9460655e-05, 9.9993765e-01, 4.2893316e-05]], dtype=float32), array([[4.5600247e-01, 2.0367757e-04, 5.4379380e-01],
       [3.2268888e-01, 3.5533124e-01, 3.2197988e-01],
       [4.5500877e-01, 1.7004882e-04, 5.4482120e-01]], dtype=float32), array([[3.8236405e-05, 9.9988163e-01, 8.0090897e-05],
       [2.5641591e-09, 1.0000000e+00, 1.0800125e-08],
       [1.9016237e-05, 9.9993896e-01, 4.1906624e-05]], dtype=float32)]","[array([2.8348365, 2.8348365, 2.8348365], dtype=float32), array([2.9919891, 2.9919891, 2.9919891], dtype=float32), array([3.1335943, 3.1335943, 3.1335943], dtype=float32), array([3.2614338, 3.2614338, 3.2614338], dtype=float32), array([3.3763044, 3.3763044, 3.3763044], dtype=float32), array([3.4794383, 3.4794383, 3.4794383], dtype=float32), array([3.571945, 3.571945, 3.571945], dtype=float32), array([3.65535, 3.65535, 3.65535], dtype=float32), array([3.7300098, 3.7300098, 3.7300098], dtype=float32), array([3.7971652, 3.7971652, 3.7971652], dtype=float32), array([3.8576956, 3.8576956, 3.8576956], dtype=float32), array([3.9119673, 3.9119673, 3.9119673], dtype=float32), array([3.9607134, 3.9607134, 3.9607134], dtype=float32), array([4.004821, 4.004821, 4.004821], dtype=float32), array([4.0444946, 4.0444946, 4.0444946], dtype=float32), array([4.0804477, 4.0804477, 4.0804477], dtype=float32), array([4.1131635, 4.1131635, 4.1131635], dtype=float32), array([4.143128, 4.143128, 4.143128], dtype=float32), array([4.170569, 4.170569, 4.170569], dtype=float32), array([4.1958356, 4.1958356, 4.1958356], dtype=float32), array([4.2187834, 4.2187834, 4.2187834], dtype=float32), array([4.239433, 4.239433, 4.239433], dtype=float32), array([4.2582865, 4.2582865, 4.2582865], dtype=float32), array([4.2756233, 4.2756233, 4.2756233], dtype=float32), array([4.2916293, 4.2916293, 4.2916293], dtype=float32), array([4.306343, 4.306343, 4.306343], dtype=float32), array([4.320607, 4.320607, 4.320607], dtype=float32), array([4.3335524, 4.3335524, 4.3335524], dtype=float32), array([4.3455806, 4.3455806, 4.3455806], dtype=float32), array([4.3570633, 4.3570633, 4.3570633], dtype=float32), array([4.367879, 4.367879, 4.367879], dtype=float32)]","[array([2.8348362, 2.8348362, 2.8348362], dtype=float32), array([2.9919891, 2.9919891, 2.9919891], dtype=float32), array([3.133594, 3.133594, 3.133594], dtype=float32), array([3.2614336, 3.2614336, 3.2614336], dtype=float32), array([3.376304, 3.376304, 3.376304], dtype=float32), array([3.4794383, 3.4794383, 3.4794383], dtype=float32), array([3.5719447, 3.5719447, 3.5719447], dtype=float32), array([3.65535, 3.65535, 3.65535], dtype=float32), array([3.73001, 3.73001, 3.73001], dtype=float32), array([3.7971656, 3.7971656, 3.7971656], dtype=float32), array([3.8576956, 3.8576956, 3.8576956], dtype=float32), array([3.9119675, 3.9119675, 3.9119675], dtype=float32), array([3.9607136, 3.9607136, 3.9607136], dtype=float32), array([4.004821, 4.004821, 4.004821], dtype=float32), array([4.0444946, 4.0444946, 4.0444946], dtype=float32), array([4.0804477, 4.0804477, 4.0804477], dtype=float32), array([4.1131635, 4.1131635, 4.1131635], dtype=float32), array([4.143128, 4.143128, 4.143128], dtype=float32), array([4.170569, 4.170569, 4.170569], dtype=float32), array([4.195836, 4.195836, 4.195836], dtype=float32), array([4.2187834, 4.2187834, 4.2187834], dtype=float32), array([4.2394323, 4.2394323, 4.2394323], dtype=float32), array([4.258287, 4.258287, 4.258287], dtype=float32), array([4.275623, 4.275623, 4.275623], dtype=float32), array([4.2916293, 4.2916293, 4.2916293], dtype=float32), array([4.3063426, 4.3063426, 4.3063426], dtype=float32), array([4.3206077, 4.3206077, 4.3206077], dtype=float32), array([4.3335524, 4.3335524, 4.3335524], dtype=float32), array([4.3455806, 4.3455806, 4.3455806], dtype=float32), array([4.357064, 4.357064, 4.357064], dtype=float32), array([4.367879, 4.367879, 4.367879], dtype=float32)]",1,0,0,0,0,0,54.506870229007646,55.6,86000,7.0,0.00038281734862734783,0.00016813509042966379,2000,86000,7.0,2000,0.3496298792444417,0.3458147644996643,43.0,0.0013802934991,-1.0,999.0,2.1253426796263852e-10,30969,7508.91064453125,0.04433198645710945,0.4722185432910919,1.0,81158,0.0,-0.053901780396699905,0.29482772946357727,1331667,342.85710635175184,43.0,0.0393447157605,0.0013802934991,0.0,999.0,23810,30969,1331667,1.0,0.0,342.8568393146714,0,104968,61938,3999000,93000,2663334,1029.6019380416187,6168852.411690134,6517909.389105396,10.5,0.00015073440703659057,1.0067001111073661,0.1800095296402927,1.0067001111073661,8.82,0.0022748809997574426,43.0,100,86100,2.0,6.118116234391951e-05,2,2150,50,0.00030283773473708555,2,-10.5,4300,0.00022686874929167672,0.0005215926665799207,100,8.82,4300,8.82,100,1.7133974833522427e-05,3.0463266277395678e-05,3.024307641863938e-05,2.2844804603352766e-05,0.00016246048034017853,5.1083597735013875e-05,6.911895746645624e-06,7.869310812170631e-06,2.0647276030619203e-05,4.775532439277769e-05,3.488210612391382e-05,0.05727905554118422,0.0069478308626632155,0.059374961872465354,0.17490610413535493,0.029676755977229196,0.0204051203455324,0.000180716035435377,108066,117.59058380126953,0.04237363114953041,0.4722185730934143,1291.0,1.0,-0.08703432232141495,0.26846173,4646838,0.36392199993133545,1333.0,-0.03923904895782471,498.0,108066,1291.0,0.0,4646838,498.0,1333.0,216132,27993000,9293676,651000,9806.964490815306,4.7400719679324713e-05,9.831078103497317e-06,2.7322772119646672e-05,6.068171055621229e-05,9.369932743400834e-06,4.134637166295362e-05,3.050404335159877e-05,0.00021458426975312446,4.176204030025411e-05,7.058983480942764e-05,2.3536993724024955e-05
1,88000,False,44,d1c92_00000,2025-08-17_21-37-48,1755466668,93.44249534606934,4108.754065275192,685852,intrinsic-attention2,10.156.0.3,4108.754065275192,44,94.11020318191876,1.5540437559854953e-05,94.1099075405997,2.7491229294145896,91.00172184618687,0.0019885187725698166,2.0,1.0067001111073661,4.842737179217181e-05,2,43.0,44000,8.18,10.5,1000,0.0002599580038804561,2,-10.5,2000,0.0001068443122158548,1.0067001111073661,88000,0.001593667440029094,2.718430773672755,281.6236789167137,2000.0,3000.0,"[array([[4.3384483e-05, 9.9992132e-01, 3.5232202e-05],
       [2.1698208e-08, 1.0000000e+00, 1.5053349e-08],
       [5.0783790e-05, 9.9990785e-01, 4.1375930e-05]], dtype=float32), array([[4.2862117e-05, 9.9992239e-01, 3.4739842e-05],
       [3.1081605e-08, 1.0000000e+00, 2.1660622e-08],
       [4.9848815e-05, 9.9990964e-01, 4.0530238e-05]], dtype=float32), array([[4.3971668e-05, 9.9983525e-01, 1.2077636e-04],
       [6.1606551e-09, 1.0000000e+00, 4.1358888e-08],
       [1.7992015e-05, 9.9992788e-01, 5.4073087e-05]], dtype=float32), array([[3.6863166e-05, 9.9991798e-01, 4.5145753e-05],
       [2.8426822e-08, 1.0000000e+00, 4.0138282e-08],
       [3.1973541e-05, 9.9992883e-01, 3.9268314e-05]], dtype=float32), array([[1.8547160e-04, 9.9978226e-01, 3.2292959e-05],
       [1.8810316e-06, 9.9999797e-01, 1.2869691e-07],
       [4.7182621e-04, 9.9942881e-01, 9.9343633e-05]], dtype=float32), array([[1.3538871e-04, 9.9976963e-01, 9.4968942e-05],
       [3.5465072e-07, 9.9999940e-01, 1.9634184e-07],
       [1.7153076e-04, 9.9970704e-01, 1.2145999e-04]], dtype=float32), array([[3.7540503e-05, 9.9993241e-01, 3.0003690e-05],
       [9.7844058e-08, 9.9999976e-01, 6.8608955e-08],
       [4.2788215e-05, 9.9992287e-01, 3.4296379e-05]], dtype=float32), array([[2.4585579e-05, 9.9992311e-01, 5.2366067e-05],
       [2.2747678e-08, 9.9999988e-01, 7.9695795e-08],
       [1.4947351e-05, 9.9995208e-01, 3.2986110e-05]], dtype=float32), array([[1.7348198e-04, 9.9978298e-01, 4.3480453e-05],
       [2.2371285e-06, 9.9999750e-01, 2.7974281e-07],
       [3.4763780e-04, 9.9955505e-01, 9.7369339e-05]], dtype=float32), array([[2.7647096e-05, 9.9993896e-01, 3.3382876e-05],
       [7.4864261e-08, 9.9999976e-01, 1.0052245e-07],
       [2.4862105e-05, 9.9994504e-01, 3.0077383e-05]], dtype=float32), array([[2.02009924e-05, 9.99936461e-01, 4.33718596e-05],
       [3.20275859e-08, 9.99999881e-01, 1.08459375e-07],
       [1.28077982e-05, 9.99958873e-01, 2.83987356e-05]], dtype=float32), array([[4.2120246e-05, 9.9994051e-01, 1.7395707e-05],
       [4.2404619e-07, 9.9999940e-01, 1.1696969e-07],
       [6.3062085e-05, 9.9991000e-01, 2.6983964e-05]], dtype=float32), array([[1.7982220e-05, 9.9994314e-01, 3.8804865e-05],
       [3.8286188e-08, 9.9999988e-01, 1.2740126e-07],
       [1.1661740e-05, 9.9996233e-01, 2.5944604e-05]], dtype=float32), array([[2.2515360e-05, 9.9995053e-01, 2.6996227e-05],
       [1.0330155e-07, 9.9999976e-01, 1.3570343e-07],
       [2.0550411e-05, 9.9995482e-01, 2.4678420e-05]], dtype=float32), array([[3.8351460e-05, 9.9994600e-01, 1.5577194e-05],
       [5.1583714e-07, 9.9999940e-01, 1.4302630e-07],
       [5.6179138e-05, 9.9992025e-01, 2.3603347e-05]], dtype=float32), array([[2.0346848e-05, 9.9995530e-01, 2.4308483e-05],
       [1.1234877e-07, 9.9999976e-01, 1.4622221e-07],
       [1.8677318e-05, 9.9995899e-01, 2.2345361e-05]], dtype=float32), array([[1.3722102e-05, 9.9995613e-01, 3.0122124e-05],
       [4.3215952e-08, 9.9999988e-01, 1.4216515e-07],
       [9.1567681e-06, 9.9997020e-01, 2.0679718e-05]], dtype=float32), array([[1.4954115e-05, 9.9994481e-01, 4.0328159e-05],
       [3.8561531e-08, 9.9999988e-01, 1.7706917e-07],
       [8.7827129e-06, 9.9996638e-01, 2.4837916e-05]], dtype=float32), array([[1.0467554e-04, 9.9987233e-01, 2.2999318e-05],
       [2.8253785e-06, 9.9999678e-01, 3.4161221e-07],
       [1.9020023e-04, 9.9976367e-01, 4.6129222e-05]], dtype=float32), array([[1.0703111e-05, 9.9996543e-01, 2.3803912e-05],
       [3.8144055e-08, 9.9999988e-01, 1.2575941e-07],
       [7.2200360e-06, 9.9997628e-01, 1.6505122e-05]], dtype=float32), array([[1.4547418e-05, 9.9996829e-01, 1.7224982e-05],
       [1.0113362e-07, 9.9999976e-01, 1.2912214e-07],
       [1.3491338e-05, 9.9997056e-01, 1.5992799e-05]], dtype=float32), array([[4.6172664e-01, 3.2609260e-05, 5.3824073e-01],
       [4.7776067e-01, 2.5109435e-03, 5.1972836e-01],
       [4.6145207e-01, 3.0412868e-05, 5.3851759e-01]], dtype=float32), array([[5.1222712e-01, 1.4015092e-05, 4.8775882e-01],
       [5.0647509e-01, 1.1709244e-03, 4.9235392e-01],
       [5.1220298e-01, 1.4307124e-05, 4.8778278e-01]], dtype=float32), array([[1.4046649e-04, 9.9984837e-01, 1.1212884e-05],
       [8.6619075e-06, 9.9999094e-01, 3.1255254e-07],
       [3.1068880e-04, 9.9965823e-01, 3.1098687e-05]], dtype=float32), array([[1.1299167e-05, 9.9996364e-01, 2.5077910e-05],
       [6.3146842e-08, 9.9999964e-01, 2.0149643e-07],
       [7.8592338e-06, 9.9997425e-01, 1.7892065e-05]], dtype=float32), array([[3.3959823e-05, 9.9995267e-01, 1.3407418e-05],
       [8.4812558e-07, 9.9999893e-01, 2.3994247e-07],
       [4.7390331e-05, 9.9993324e-01, 1.9281504e-05]], dtype=float32), array([[1.3026045e-05, 9.9995828e-01, 2.8671802e-05],
       [9.0764928e-08, 9.9999964e-01, 2.8303822e-07],
       [9.1946131e-06, 9.9997008e-01, 2.0738946e-05]], dtype=float32), array([[3.8014987e-05, 9.9994683e-01, 1.5194681e-05],
       [1.0770303e-06, 9.9999857e-01, 3.1225224e-07],
       [5.2408832e-05, 9.9992597e-01, 2.1562904e-05]], dtype=float32), array([[2.9047416e-05, 9.9994266e-01, 2.8285429e-05],
       [4.5958180e-07, 9.9999905e-01, 4.4282902e-07],
       [2.9355486e-05, 9.9994206e-01, 2.8586181e-05]], dtype=float32), array([[8.8590845e-05, 9.9987316e-01, 3.8291655e-05],
       [2.8085303e-06, 9.9999630e-01, 8.9012860e-07],
       [1.2081204e-04, 9.9982542e-01, 5.3695414e-05]], dtype=float32), array([[2.3273325e-05, 9.9994922e-01, 2.7529641e-05],
       [3.6018471e-07, 9.9999917e-01, 4.5495503e-07],
       [2.1795075e-05, 9.9995232e-01, 2.5807680e-05]], dtype=float32)]","[array([4.3783493, 4.3783493, 4.3783493], dtype=float32), array([4.387171, 4.387171, 4.387171], dtype=float32), array([4.395166, 4.395166, 4.395166], dtype=float32), array([4.4020853, 4.4020853, 4.4020853], dtype=float32), array([4.4091806, 4.4091806, 4.4091806], dtype=float32), array([4.4160314, 4.4160314, 4.4160314], dtype=float32), array([4.4230876, 4.4230876, 4.4230876], dtype=float32), array([4.4301906, 4.4301906, 4.4301906], dtype=float32), array([4.437431, 4.437431, 4.437431], dtype=float32), array([4.4444933, 4.4444933, 4.4444933], dtype=float32), array([4.4517493, 4.4517493, 4.4517493], dtype=float32), array([4.458665, 4.458665, 4.458665], dtype=float32), array([4.465415, 4.465415, 4.465415], dtype=float32), array([4.4725475, 4.4725475, 4.4725475], dtype=float32), array([4.4795914, 4.4795914, 4.4795914], dtype=float32), array([4.4866924, 4.4866924, 4.4866924], dtype=float32), array([4.4941716, 4.4941716, 4.4941716], dtype=float32), array([4.501258, 4.501258, 4.501258], dtype=float32), array([4.5080323, 4.5080323, 4.5080323], dtype=float32), array([4.5147424, 4.5147424, 4.5147424], dtype=float32), array([4.5215235, 4.5215235, 4.5215235], dtype=float32), array([4.5279503, 4.5279503, 4.5279503], dtype=float32), array([4.5339284, 4.5339284, 4.5339284], dtype=float32), array([4.5401173, 4.5401173, 4.5401173], dtype=float32), array([4.546165, 4.546165, 4.546165], dtype=float32), array([4.5518794, 4.5518794, 4.5518794], dtype=float32), array([4.5577, 4.5577, 4.5577], dtype=float32), array([4.563706, 4.563706, 4.563706], dtype=float32), array([4.569464, 4.569464, 4.569464], dtype=float32), array([4.5751395, 4.5751395, 4.5751395], dtype=float32), array([4.580884, 4.580884, 4.580884], dtype=float32)]","[array([4.3783493, 4.3783493, 4.3783493], dtype=float32), array([4.38717, 4.38717, 4.38717], dtype=float32), array([4.3951654, 4.3951654, 4.3951654], dtype=float32), array([4.402085, 4.402085, 4.402085], dtype=float32), array([4.40918, 4.40918, 4.40918], dtype=float32), array([4.4160314, 4.4160314, 4.4160314], dtype=float32), array([4.4230876, 4.4230876, 4.4230876], dtype=float32), array([4.43019, 4.43019, 4.43019], dtype=float32), array([4.437431, 4.437431, 4.437431], dtype=float32), array([4.444493, 4.444493, 4.444493], dtype=float32), array([4.451749, 4.451749, 4.451749], dtype=float32), array([4.4586644, 4.4586644, 4.4586644], dtype=float32), array([4.4654155, 4.4654155, 4.4654155], dtype=float32), array([4.4725485, 4.4725485, 4.4725485], dtype=float32), array([4.4795914, 4.4795914, 4.4795914], dtype=float32), array([4.486694, 4.486694, 4.486694], dtype=float32), array([4.494171, 4.494171, 4.494171], dtype=float32), array([4.501259, 4.501259, 4.501259], dtype=float32), array([4.5080333, 4.5080333, 4.5080333], dtype=float32), array([4.514743, 4.514743, 4.514743], dtype=float32), array([4.521523, 4.521523, 4.521523], dtype=float32), array([4.52795, 4.52795, 4.52795], dtype=float32), array([4.5339284, 4.5339284, 4.5339284], dtype=float32), array([4.5401187, 4.5401187, 4.5401187], dtype=float32), array([4.546165, 4.546165, 4.546165], dtype=float32), array([4.5518794, 4.5518794, 4.5518794], dtype=float32), array([4.5577006, 4.5577006, 4.5577006], dtype=float32), array([4.563706, 4.563706, 4.563706], dtype=float32), array([4.5694647, 4.5694647, 4.5694647], dtype=float32), array([4.575141, 4.575141, 4.575141], dtype=float32), array([4.5808835, 4.5808835, 4.5808835], dtype=float32)]",1,0,0,0,0,0,54.5,55.603731343283584,88000,8.18,0.00037797150906694507,0.00016428904168196522,2000,88000,8.18,2000,0.3494554317220087,0.30686497688293457,44.0,0.0013802934991,-0.32709598541259766,999.0,1.0626713398131926e-10,30969,7639.37255859375,0.00511927017942071,0.4722185432910919,1.0,81158,0.0,-0.023961706086993217,0.3248215615749359,1362636,342.7613105321087,44.0,0.0393447157605,0.0013802934991,0.0,999.0,23810,30969,1362636,1.0,0.0,342.76105299938354,0,104968,61938,4092000,93000,2725272,1029.3142070098909,6169061.333367311,6517521.892365618,10.5,0.00013093048952304476,1.0067001111073661,0.1798657358638688,1.0067001111073661,9.22,0.002140587709582178,44.0,100,88100,2.0,5.642869308872075e-05,2,2200,50,0.00030166502736941924,2,-10.5,4400,0.00020322831421433257,0.0004685762870393064,100,9.22,4400,9.22,100,1.7021418930526854e-05,3.011519772471302e-05,2.989655191415895e-05,2.2916621817034714e-05,0.0001592111079050836,5.044074838399792e-05,6.869358523508988e-06,7.985704084839223e-06,2.0403220493687146e-05,4.522548873699586e-05,3.423903574910541e-05,0.057268064115854736,0.0069476910639659495,0.059285253083723545,0.17485109625402803,0.029692023067435062,0.020368869992108272,0.00018063557507403755,108066,129.00743103027344,0.0055519999004900455,0.4722185730934143,1321.0,1.0,-0.02422163262963295,0.32546183,4754904,0.2993910610675812,1364.0,-0.021567583084106445,498.0,108066,1321.0,0.0,4754904,498.0,1364.0,216132,28644000,9509808,651000,9786.395835680945,4.1971845023931595e-05,9.00112108325065e-06,2.4738769855556626e-05,5.4399140525201066e-05,8.510139411847199e-06,3.624986698974786e-05,2.7701125486192422e-05,0.0001969775479826198,3.734196805936763e-05,6.187581149054295e-05,2.059330846792393e-05
1,90000,False,45,d1c92_00000,2025-08-17_21-39-21,1755466761,92.59213590621948,4201.346201181412,685852,intrinsic-attention2,10.156.0.3,4201.346201181412,45,94.09328218364955,1.5526213100938127e-05,94.09298499381372,2.7486133048704793,90.98558295326512,0.0019901602948870813,2.0,1.0067001111073661,4.850067172884115e-05,2,44.0,45000,9.81,10.5,1000,0.0002599580038804561,2,-10.5,2000,0.00010266167735353089,1.0067001111073661,90000,0.001606747680780245,2.7179280237660426,272.5432458829453,2000.0,3000.0,"[array([[7.7941906e-05, 9.9987149e-01, 5.0597035e-05],
       [2.0683926e-06, 9.9999678e-01, 1.1376078e-06],
       [9.1993170e-05, 9.9984777e-01, 6.0172522e-05]], dtype=float32), array([[5.8293906e-05, 9.9987352e-01, 6.8193112e-05],
       [1.0342420e-06, 9.9999762e-01, 1.2909471e-06],
       [5.4633332e-05, 9.9988139e-01, 6.3977568e-05]], dtype=float32), array([[3.7060428e-05, 9.9993348e-01, 2.9423089e-05],
       [9.3442998e-07, 9.9999833e-01, 6.8260840e-07],
       [4.0277351e-05, 9.9992764e-01, 3.2037329e-05]], dtype=float32), array([[3.9541559e-05, 9.9992895e-01, 3.1475411e-05],
       [1.0514867e-06, 9.9999821e-01, 7.7138526e-07],
       [4.2904299e-05, 9.9992287e-01, 3.4214972e-05]], dtype=float32), array([[9.6523247e-05, 9.9983966e-01, 6.3742198e-05],
       [3.1401112e-06, 9.9999511e-01, 1.7781588e-06],
       [1.1256149e-04, 9.9981266e-01, 7.4848227e-05]], dtype=float32), array([[7.1684364e-05, 9.9984431e-01, 8.4026309e-05],
       [1.5807163e-06, 9.9999642e-01, 1.9743397e-06],
       [6.7274661e-05, 9.9985385e-01, 7.8940837e-05]], dtype=float32), array([[4.7481368e-05, 9.9991453e-01, 3.8061320e-05],
       [1.4545893e-06, 9.9999750e-01, 1.0791297e-06],
       [5.1303610e-05, 9.9990749e-01, 4.1196017e-05]], dtype=float32), array([[2.1045735e-04, 9.9973685e-01, 5.2625328e-05],
       [1.4789198e-05, 9.9998283e-01, 2.3941279e-06],
       [3.2503260e-04, 9.9958771e-01, 8.7271597e-05]], dtype=float32), array([[2.1897077e-04, 9.9972588e-01, 5.5217733e-05],
       [1.5812544e-05, 9.9998152e-01, 2.5945731e-06],
       [3.3647113e-04, 9.9957246e-01, 9.1023379e-05]], dtype=float32), array([[4.3781329e-05, 9.9990416e-01, 5.2037205e-05],
       [1.1540200e-06, 9.9999738e-01, 1.4602238e-06],
       [4.1125459e-05, 9.9990988e-01, 4.8933220e-05]], dtype=float32), array([[2.4883990e-04, 9.9970299e-01, 4.8132420e-05],
       [2.2193255e-05, 9.9997520e-01, 2.6601358e-06],
       [4.0148845e-04, 9.9951303e-01, 8.5376028e-05]], dtype=float32), array([[9.5153300e-05, 9.9979299e-01, 1.1187138e-04],
       [2.7199578e-06, 9.9999380e-01, 3.4028699e-06],
       [8.9421250e-05, 9.9980539e-01, 1.0524648e-04]], dtype=float32), array([[2.66831576e-05, 9.99856949e-01, 1.16273484e-04],
       [2.70281760e-07, 9.99997497e-01, 2.23778784e-06],
       [1.40444718e-05, 9.99918938e-01, 6.69436704e-05]], dtype=float32), array([[1.01259284e-04, 9.99853373e-01, 4.52955865e-05],
       [5.86743317e-06, 9.99992132e-01, 2.04583603e-06],
       [1.29901659e-04, 9.99810755e-01, 5.93880723e-05]], dtype=float32), array([[3.92630936e-05, 9.99858856e-01, 1.01897844e-04],
       [6.70615975e-07, 9.99996781e-01, 2.55160899e-06],
       [2.67820105e-05, 9.99901175e-01, 7.20514945e-05]], dtype=float32), array([[7.2874187e-05, 9.9986768e-01, 5.9489579e-05],
       [3.0318561e-06, 9.9999475e-01, 2.3129180e-06],
       [7.7980359e-05, 9.9985826e-01, 6.3749831e-05]], dtype=float32), array([[4.0951323e-05, 9.9987423e-01, 8.4798347e-05],
       [8.9196874e-07, 9.9999678e-01, 2.4333765e-06],
       [3.1084244e-05, 9.9990320e-01, 6.5657841e-05]], dtype=float32), array([[1.6078098e-04, 9.9972862e-01, 1.1063074e-04],
       [7.9229812e-06, 9.9998736e-01, 4.7926246e-06],
       [1.8288348e-04, 9.9969053e-01, 1.2653478e-04]], dtype=float32), array([[7.8819256e-05, 9.9985659e-01, 6.4586500e-05],
       [3.4646885e-06, 9.9999392e-01, 2.6580908e-06],
       [8.4184445e-05, 9.9984670e-01, 6.9078713e-05]], dtype=float32), array([[8.0577098e-05, 9.9985325e-01, 6.6096087e-05],
       [3.5960941e-06, 9.9999368e-01, 2.7632095e-06],
       [8.6017943e-05, 9.9984324e-01, 7.0656090e-05]], dtype=float32), array([[3.1511061e-04, 9.9959952e-01, 8.5409236e-05],
       [2.8887638e-05, 9.9996579e-01, 5.3172871e-06],
       [4.6391800e-04, 9.9940217e-01, 1.3387411e-04]], dtype=float32), array([[5.7065608e-05, 9.9983788e-01, 1.0504173e-04],
       [1.4713265e-06, 9.9999511e-01, 3.4033321e-06],
       [4.5412988e-05, 9.9986982e-01, 8.4793530e-05]], dtype=float32), array([[2.2034963e-04, 9.9967360e-01, 1.0609367e-04],
       [1.4575888e-05, 9.9997985e-01, 5.5439177e-06],
       [2.7891301e-04, 9.9958402e-01, 1.3706752e-04]], dtype=float32), array([[8.5061525e-05, 9.9984491e-01, 6.9990325e-05],
       [3.9367524e-06, 9.9999309e-01, 3.0385811e-06],
       [9.0677757e-05, 9.9983454e-01, 7.4710799e-05]], dtype=float32), array([[4.7186022e-05, 9.9985564e-01, 9.7155651e-05],
       [1.1527563e-06, 9.9999571e-01, 3.1065351e-06],
       [3.6053210e-05, 9.9988830e-01, 7.5695956e-05]], dtype=float32), array([[1.2911083e-04, 9.9981159e-01, 5.9399790e-05],
       [8.7025282e-06, 9.9998808e-01, 3.1688819e-06],
       [1.6311819e-04, 9.9976021e-01, 7.6582590e-05]], dtype=float32), array([[8.7614062e-05, 9.9984014e-01, 7.2286952e-05],
       [4.1353815e-06, 9.9999261e-01, 3.2040953e-06],
       [9.3296432e-05, 9.9982953e-01, 7.7074859e-05]], dtype=float32), array([[4.8019334e-05, 9.9985301e-01, 9.8894714e-05],
       [1.1906345e-06, 9.9999559e-01, 3.2077123e-06],
       [3.6708825e-05, 9.9988616e-01, 7.7090917e-05]], dtype=float32), array([[4.8230602e-05, 9.9985242e-01, 9.9344325e-05],
       [1.2003778e-06, 9.9999559e-01, 3.2341104e-06],
       [3.6874033e-05, 9.9988568e-01, 7.7449527e-05]], dtype=float32), array([[2.31016878e-04, 9.99657154e-01, 1.11815425e-04],
       [1.57809773e-05, 9.99978185e-01, 6.05296100e-06],
       [2.91492586e-04, 9.99564588e-01, 1.43959798e-04]], dtype=float32), array([[1.3140384e-04, 9.9971360e-01, 1.5493200e-04],
       [4.9515234e-06, 9.9998879e-01, 6.2017766e-06],
       [1.2370029e-04, 9.9973029e-01, 1.4601150e-04]], dtype=float32)]","[array([4.586553, 4.586553, 4.586553], dtype=float32), array([4.591729, 4.591729, 4.591729], dtype=float32), array([4.596711, 4.596711, 4.596711], dtype=float32), array([4.60178, 4.60178, 4.60178], dtype=float32), array([4.6069655, 4.6069655, 4.6069655], dtype=float32), array([4.6123085, 4.6123085, 4.6123085], dtype=float32), array([4.617241, 4.617241, 4.617241], dtype=float32), array([4.621655, 4.621655, 4.621655], dtype=float32), array([4.6258807, 4.6258807, 4.6258807], dtype=float32), array([4.630036, 4.630036, 4.630036], dtype=float32), array([4.63386, 4.63386, 4.63386], dtype=float32), array([4.6372113, 4.6372113, 4.6372113], dtype=float32), array([4.6402497, 4.6402497, 4.6402497], dtype=float32), array([4.642965, 4.642965, 4.642965], dtype=float32), array([4.6453342, 4.6453342, 4.6453342], dtype=float32), array([4.6473565, 4.6473565, 4.6473565], dtype=float32), array([4.649136, 4.649136, 4.649136], dtype=float32), array([4.650551, 4.650551, 4.650551], dtype=float32), array([4.651688, 4.651688, 4.651688], dtype=float32), array([4.6526337, 4.6526337, 4.6526337], dtype=float32), array([4.653448, 4.653448, 4.653448], dtype=float32), array([4.654044, 4.654044, 4.654044], dtype=float32), array([4.654585, 4.654585, 4.654585], dtype=float32), array([4.6550426, 4.6550426, 4.6550426], dtype=float32), array([4.655351, 4.655351, 4.655351], dtype=float32), array([4.655643, 4.655643, 4.655643], dtype=float32), array([4.6559253, 4.6559253, 4.6559253], dtype=float32), array([4.656121, 4.656121, 4.656121], dtype=float32), array([4.656254, 4.656254, 4.656254], dtype=float32), array([4.6564813, 4.6564813, 4.6564813], dtype=float32), array([4.656958, 4.656958, 4.656958], dtype=float32)]","[array([4.5865526, 4.5865526, 4.5865526], dtype=float32), array([4.5917287, 4.5917287, 4.5917287], dtype=float32), array([4.5967107, 4.5967107, 4.5967107], dtype=float32), array([4.60178, 4.60178, 4.60178], dtype=float32), array([4.606965, 4.606965, 4.606965], dtype=float32), array([4.6123085, 4.6123085, 4.6123085], dtype=float32), array([4.6172414, 4.6172414, 4.6172414], dtype=float32), array([4.621655, 4.621655, 4.621655], dtype=float32), array([4.6258802, 4.6258802, 4.6258802], dtype=float32), array([4.6300354, 4.6300354, 4.6300354], dtype=float32), array([4.63386, 4.63386, 4.63386], dtype=float32), array([4.637212, 4.637212, 4.637212], dtype=float32), array([4.640251, 4.640251, 4.640251], dtype=float32), array([4.642965, 4.642965, 4.642965], dtype=float32), array([4.6453333, 4.6453333, 4.6453333], dtype=float32), array([4.647357, 4.647357, 4.647357], dtype=float32), array([4.6491365, 4.6491365, 4.6491365], dtype=float32), array([4.650551, 4.650551, 4.650551], dtype=float32), array([4.6516886, 4.6516886, 4.6516886], dtype=float32), array([4.6526337, 4.6526337, 4.6526337], dtype=float32), array([4.653449, 4.653449, 4.653449], dtype=float32), array([4.6540446, 4.6540446, 4.6540446], dtype=float32), array([4.654586, 4.654586, 4.654586], dtype=float32), array([4.655042, 4.655042, 4.655042], dtype=float32), array([4.6553507, 4.6553507, 4.6553507], dtype=float32), array([4.6556425, 4.6556425, 4.6556425], dtype=float32), array([4.655925, 4.655925, 4.655925], dtype=float32), array([4.656121, 4.656121, 4.656121], dtype=float32), array([4.656254, 4.656254, 4.656254], dtype=float32), array([4.65648, 4.65648, 4.65648], dtype=float32), array([4.6569586, 4.6569586, 4.6569586], dtype=float32)]",1,0,0,0,0,0,54.68181818181818,55.60833333333334,90000,9.81,0.00037581647474899436,0.00016397844817707448,2000,90000,9.81,2000,0.3491864563547209,0.29167041182518005,45.0,0.0013802934991,0.011714398860931396,999.0,5.313356699065963e-11,30969,3964.536376953125,0.0021190783008933067,0.4722185432910919,1.0,81158,0.0,-0.03713914379477501,0.3116650879383087,1393605,342.7641610442577,45.0,0.0393447157605,0.0013802934991,0.0,999.0,23810,30969,1393605,1.0,0.0,342.76391377789764,0,104968,61938,4185000,93000,2787210,1029.3227157454855,6173141.265957595,6518779.956396054,10.5,0.00011926324830343074,1.0067001111073661,0.179637159315282,1.0067001111073661,9.82,0.0019782897194090764,45.0,100,90100,2.0,5.235721926789326e-05,2,2250,50,0.0003006757371196557,2,-9.5,4500,0.00018899042723103418,0.00043326305973610644,100,9.82,4500,9.82,100,1.7104034328218573e-05,2.998224928621746e-05,2.9712595440953105e-05,2.311242122498696e-05,0.00015800975284218686,4.9866401146410956e-05,7.008887553868176e-06,7.89742945848149e-06,2.064642670334801e-05,4.425973988729813e-05,3.416610469782937e-05,0.05724581664483388,0.0069437848233025855,0.05918736991289282,0.17474696731150977,0.029680175876755754,0.02033677318214439,0.00018049755944236478,108066,127.67091369628906,0.0030836639925837517,0.4722185730934143,1351.0,1.0,-0.04072282463312149,0.3085871,4862970,0.2833865284919739,1395.0,-0.008206725120544434,498.0,108066,1351.0,0.0,4862970,498.0,1395.0,216132,29295000,9725940,651000,9765.918123643416,3.9059581832840296e-05,8.407961761700146e-06,2.33153555619018e-05,5.076513077434019e-05,7.882360398595915e-06,3.3925237766530055e-05,2.6362677776163155e-05,0.00018160954690499831,3.446959596130161e-05,5.649164824125291e-05,1.9041953733842775e-05
1,92000,False,46,d1c92_00000,2025-08-17_21-40-53,1755466853,91.8256504535675,4293.171851634979,685852,intrinsic-attention2,10.156.0.3,4293.171851634979,46,94.068504754103,1.5515551023246593e-05,94.06820631099554,2.7501111098618116,90.95945650936247,0.001989414551856311,2.0,1.0067001111073661,4.928622812361472e-05,2,45.0,46000,10.01,10.5,1000,0.0002599580038804561,2,9.5,2000,0.00010319737228479444,1.0067001111073661,92000,0.0016051032204995863,2.719425335758422,263.7206495701547,2000.0,3000.0,"[array([[7.1173774e-05, 9.9984396e-01, 8.4883643e-05],
       [2.6954419e-06, 9.9999380e-01, 3.4147488e-06],
       [6.7003763e-05, 9.9985301e-01, 7.9999445e-05]], dtype=float32), array([[3.4468423e-04, 9.9956042e-01, 9.4893039e-05],
       [3.3397508e-05, 9.9996030e-01, 6.3021516e-06],
       [5.0276861e-04, 9.9935013e-01, 1.4713679e-04]], dtype=float32), array([[2.36673048e-04, 9.99648452e-01, 1.14876704e-04],
       [1.64561952e-05, 9.99977231e-01, 6.34096295e-06],
       [2.98102532e-04, 9.99554217e-01, 1.47614526e-04]], dtype=float32), array([[1.3607318e-04, 9.9980098e-01, 6.2963809e-05],
       [9.4806919e-06, 9.9998701e-01, 3.4833636e-06],
       [1.7135983e-04, 9.9974769e-01, 8.0890561e-05]], dtype=float32), array([[6.28539565e-05, 9.99821007e-01, 1.16187715e-04],
       [1.75310697e-06, 9.99994159e-01, 4.06782829e-06],
       [5.00749848e-05, 9.99855995e-01, 9.39113743e-05]], dtype=float32), array([[7.2780727e-05, 9.9984038e-01, 8.6816690e-05],
       [2.8016771e-06, 9.9999356e-01, 3.5496723e-06],
       [6.8523106e-05, 9.9984956e-01, 8.1829152e-05]], dtype=float32), array([[7.3082396e-05, 9.9983966e-01, 8.7188258e-05],
       [2.8196091e-06, 9.9999356e-01, 3.5729847e-06],
       [6.8804977e-05, 9.9984908e-01, 8.2177117e-05]], dtype=float32), array([[5.1246145e-05, 9.9984348e-01, 1.0521586e-04],
       [1.3351736e-06, 9.9999511e-01, 3.5753592e-06],
       [3.9292932e-05, 9.9987841e-01, 8.2249935e-05]], dtype=float32), array([[7.3189789e-05, 9.9983943e-01, 8.7342036e-05],
       [2.8219361e-06, 9.9999356e-01, 3.5774171e-06],
       [6.8897796e-05, 9.9984872e-01, 8.2312385e-05]], dtype=float32), array([[1.3601904e-04, 9.9970347e-01, 1.6050806e-04],
       [5.2577225e-06, 9.9998820e-01, 6.5912723e-06],
       [1.2803607e-04, 9.9972075e-01, 1.5125780e-04]], dtype=float32), array([[5.1314328e-05, 9.9981505e-01, 1.3359163e-04],
       [1.1030658e-06, 9.9999475e-01, 4.1657540e-06],
       [3.5376179e-05, 9.9986911e-01, 9.5477517e-05]], dtype=float32), array([[3.7490543e-05, 9.9980134e-01, 1.6108136e-04],
       [5.2641042e-07, 9.9999535e-01, 4.1635917e-06],
       [2.0367512e-05, 9.9988413e-01, 9.5492978e-05]], dtype=float32), array([[9.4347015e-05, 9.9982733e-01, 7.8249032e-05],
       [4.6557511e-06, 9.9999177e-01, 3.6338129e-06],
       [1.0025414e-04, 9.9981660e-01, 8.3250205e-05]], dtype=float32), array([[5.19660862e-05, 9.99841213e-01, 1.06811196e-04],
       [1.35933669e-06, 9.99994993e-01, 3.64584525e-06],
       [3.98254779e-05, 9.99876738e-01, 8.34638195e-05]], dtype=float32), array([[9.1834947e-05, 9.9980861e-01, 9.9511024e-05],
       [3.8152812e-06, 9.9999189e-01, 4.2493343e-06],
       [8.9346824e-05, 9.9981385e-01, 9.6837830e-05]], dtype=float32), array([[1.9539289e-04, 9.9966872e-01, 1.3589658e-04],
       [1.1026455e-05, 9.9998224e-01, 6.7865062e-06],
       [2.2078987e-04, 9.9962485e-01, 1.5436050e-04]], dtype=float32), array([[1.3843000e-04, 9.9969804e-01, 1.6354356e-04],
       [5.3814438e-06, 9.9998784e-01, 6.7572173e-06],
       [1.3024817e-04, 9.9971563e-01, 1.5405362e-04]], dtype=float32), array([[1.3977032e-04, 9.9979514e-01, 6.5016597e-05],
       [9.8184328e-06, 9.9998665e-01, 3.6323147e-06],
       [1.7573543e-04, 9.9974078e-01, 8.3376981e-05]], dtype=float32), array([[1.3482940e-04, 9.9970597e-01, 1.5927457e-04],
       [5.1382949e-06, 9.9998844e-01, 6.4523010e-06],
       [1.2684060e-04, 9.9972314e-01, 1.5000865e-04]], dtype=float32), array([[3.4569897e-04, 9.9955934e-01, 9.4921634e-05],
       [3.3365097e-05, 9.9996030e-01, 6.2697441e-06],
       [5.0502783e-04, 9.9934751e-01, 1.4746723e-04]], dtype=float32), array([[4.8802609e-05, 9.9985027e-01, 1.0100194e-04],
       [1.2162139e-06, 9.9999547e-01, 3.2989697e-06],
       [3.7237121e-05, 9.9988425e-01, 7.8608617e-05]], dtype=float32), array([[8.6865679e-05, 9.9984086e-01, 7.2177056e-05],
       [4.0617829e-06, 9.9999273e-01, 3.1762668e-06],
       [9.2298578e-05, 9.9983096e-01, 7.6783559e-05]], dtype=float32), array([[8.5089458e-05, 9.9984419e-01, 7.0677117e-05],
       [3.9296660e-06, 9.9999297e-01, 3.0712220e-06],
       [9.0431262e-05, 9.9983430e-01, 7.5204742e-05]], dtype=float32), array([[4.5535609e-05, 9.9985981e-01, 9.4698487e-05],
       [1.0810243e-06, 9.9999595e-01, 2.9567643e-06],
       [3.4623885e-05, 9.9989200e-01, 7.3465460e-05]], dtype=float32), array([[1.2124264e-04, 9.9982327e-01, 5.5485056e-05],
       [7.8857647e-06, 9.9998927e-01, 2.8476065e-06],
       [1.5364512e-04, 9.9977463e-01, 7.1772389e-05]], dtype=float32), array([[1.1868326e-04, 9.9982709e-01, 5.4174321e-05],
       [7.6311817e-06, 9.9998963e-01, 2.7452611e-06],
       [1.5058470e-04, 9.9977928e-01, 7.0170856e-05]], dtype=float32), array([[1.6430841e-04, 9.9972326e-01, 1.1239386e-04],
       [8.2880324e-06, 9.9998665e-01, 4.9773298e-06],
       [1.8714607e-04, 9.9968421e-01, 1.2874411e-04]], dtype=float32), array([[6.0311373e-05, 9.9986768e-01, 7.1955561e-05],
       [2.0440134e-06, 9.9999535e-01, 2.5933252e-06],
       [5.6714558e-05, 9.9987555e-01, 6.7739915e-05]], dtype=float32), array([[2.9854101e-04, 9.9962211e-01, 7.9329722e-05],
       [2.6657775e-05, 9.9996853e-01, 4.7743188e-06],
       [4.4285963e-04, 9.9943167e-01, 1.2550956e-04]], dtype=float32), array([[3.0896888e-05, 9.9983716e-01, 1.3198076e-04],
       [3.6874221e-07, 9.9999666e-01, 2.9257099e-06],
       [1.6635355e-05, 9.9990582e-01, 7.7486773e-05]], dtype=float32), array([[1.5771249e-04, 9.9973494e-01, 1.0740216e-04],
       [7.7632949e-06, 9.9998760e-01, 4.6322721e-06],
       [1.7999002e-04, 9.9969673e-01, 1.2328617e-04]], dtype=float32)]","[array([4.6576686, 4.6576686, 4.6576686], dtype=float32), array([4.658159, 4.658159, 4.658159], dtype=float32), array([4.658563, 4.658563, 4.658563], dtype=float32), array([4.6587534, 4.6587534, 4.6587534], dtype=float32), array([4.6589475, 4.6589475, 4.6589475], dtype=float32), array([4.6588397, 4.6588397, 4.6588397], dtype=float32), array([4.6588244, 4.6588244, 4.6588244], dtype=float32), array([4.65871, 4.65871, 4.65871], dtype=float32), array([4.6584325, 4.6584325, 4.6584325], dtype=float32), array([4.658116, 4.658116, 4.658116], dtype=float32), array([4.657845, 4.657845, 4.657845], dtype=float32), array([4.6574583, 4.6574583, 4.6574583], dtype=float32), array([4.65708, 4.65708, 4.65708], dtype=float32), array([4.6565, 4.6565, 4.6565], dtype=float32), array([4.6561584, 4.6561584, 4.6561584], dtype=float32), array([4.655685, 4.655685, 4.655685], dtype=float32), array([4.655428, 4.655428, 4.655428], dtype=float32), array([4.6550574, 4.6550574, 4.6550574], dtype=float32), array([4.6548595, 4.6548595, 4.6548595], dtype=float32), array([4.654624, 4.654624, 4.654624], dtype=float32), array([4.6545243, 4.6545243, 4.6545243], dtype=float32), array([4.654239, 4.654239, 4.654239], dtype=float32), array([4.653986, 4.653986, 4.653986], dtype=float32), array([4.6537147, 4.6537147, 4.6537147], dtype=float32), array([4.653542, 4.653542, 4.653542], dtype=float32), array([4.6533074, 4.6533074, 4.6533074], dtype=float32), array([4.6532044, 4.6532044, 4.6532044], dtype=float32), array([4.6527753, 4.6527753, 4.6527753], dtype=float32), array([4.652413, 4.652413, 4.652413], dtype=float32), array([4.651991, 4.651991, 4.651991], dtype=float32), array([4.651692, 4.651692, 4.651692], dtype=float32)]","[array([4.657668, 4.657668, 4.657668], dtype=float32), array([4.6581583, 4.6581583, 4.6581583], dtype=float32), array([4.6585627, 4.6585627, 4.6585627], dtype=float32), array([4.658753, 4.658753, 4.658753], dtype=float32), array([4.6589475, 4.6589475, 4.6589475], dtype=float32), array([4.658839, 4.658839, 4.658839], dtype=float32), array([4.658824, 4.658824, 4.658824], dtype=float32), array([4.6587095, 4.6587095, 4.6587095], dtype=float32), array([4.6584325, 4.6584325, 4.6584325], dtype=float32), array([4.658116, 4.658116, 4.658116], dtype=float32), array([4.6578445, 4.6578445, 4.6578445], dtype=float32), array([4.6574583, 4.6574583, 4.6574583], dtype=float32), array([4.6570807, 4.6570807, 4.6570807], dtype=float32), array([4.656501, 4.656501, 4.656501], dtype=float32), array([4.656158, 4.656158, 4.656158], dtype=float32), array([4.655685, 4.655685, 4.655685], dtype=float32), array([4.655427, 4.655427, 4.655427], dtype=float32), array([4.655058, 4.655058, 4.655058], dtype=float32), array([4.6548605, 4.6548605, 4.6548605], dtype=float32), array([4.6546245, 4.6546245, 4.6546245], dtype=float32), array([4.654525, 4.654525, 4.654525], dtype=float32), array([4.6542387, 4.6542387, 4.6542387], dtype=float32), array([4.653985, 4.653985, 4.653985], dtype=float32), array([4.6537147, 4.6537147, 4.6537147], dtype=float32), array([4.6535416, 4.6535416, 4.6535416], dtype=float32), array([4.6533074, 4.6533074, 4.6533074], dtype=float32), array([4.653205, 4.653205, 4.653205], dtype=float32), array([4.6527753, 4.6527753, 4.6527753], dtype=float32), array([4.652413, 4.652413, 4.652413], dtype=float32), array([4.6519914, 4.6519914, 4.6519914], dtype=float32), array([4.6516924, 4.6516924, 4.6516924], dtype=float32)]",1,0,0,0,0,0,54.51068702290077,55.634351145038174,92000,10.01,0.0003827335453891375,0.0001660768921626753,2000,92000,10.01,2000,0.34904419648118457,0.27710863947868347,46.0,0.0013802934991,0.0011017918586730957,999.0,2.6566783495329815e-11,30969,3336.510986328125,0.0018059874419122934,0.4722185432910919,1.0,81158,0.0,-0.028683338314294815,0.3201409578323364,1424574,342.8643049144675,46.0,0.0393447157605,0.0013802934991,0.0,999.0,23810,30969,1424574,1.0,0.0,342.86406463302075,0,104968,61938,4278000,93000,2849148,1029.6234001731273,6180871.689580387,6529407.550613144,10.5,0.00014795730863690783,1.0067001111073661,0.17974133021202246,1.0067001111073661,9.82,0.0021270946590811945,46.0,100,92100,2.0,6.102746376374217e-05,2,2300,50,0.00030010321976228576,2,-9.5,4600,0.00022710235944450264,0.0005204508009166378,100,9.82,4600,9.82,100,1.724874633141591e-05,3.0928329698395056e-05,3.029786770045625e-05,2.3517378976571918e-05,0.00016050507512533642,5.073156668022943e-05,7.054963502659422e-06,7.978101419752251e-06,2.0937469311747802e-05,4.4873025109621205e-05,3.478574939069824e-05,0.05725491912841103,0.006946398705163804,0.05910143356386287,0.17470717806836691,0.029676653008009805,0.020309789020392394,0.0001805527238849655,108066,129.26571655273438,0.0014462328981608152,0.4722185730934143,1381.0,1.0,-0.012799748219549656,0.33625603,4971036,0.2773895859718323,1426.0,-0.0038721561431884766,498.0,108066,1381.0,0.0,4971036,498.0,1426.0,216132,29946000,9942072,651000,9751.278339878578,4.695843026359843e-05,9.913667800937675e-06,2.715988610757066e-05,6.0420736298677296e-05,9.450491653961908e-06,4.076982622311507e-05,3.1014131434171135e-05,0.00021500019522557518,4.160248998877506e-05,6.88782549845853e-05,2.372769043928065e-05
1,94000,False,47,d1c92_00000,2025-08-17_21-42-24,1755466944,91.54840540885925,4384.7202570438385,685852,intrinsic-attention2,10.156.0.3,4384.7202570438385,47,94.04178612903195,1.5482935590441527e-05,94.04148708473555,2.7488341790431625,90.93412783647894,0.0019876943564217675,2.0,1.0067001111073661,4.776180343002195e-05,2,46.0,47000,10.0,10.5,1000,0.0002599580038804561,2,9.5,2000,0.00010156120606737317,1.0067001111073661,94000,0.0015621009602909907,2.7181537798007844,255.1535358481701,2000.0,3000.0,"[array([[4.0622603e-05, 9.9987423e-01, 8.5083411e-05],
       [8.9130799e-07, 9.9999666e-01, 2.4682713e-06],
       [3.0725012e-05, 9.9990356e-01, 6.5680666e-05]], dtype=float32), array([[4.1056657e-05, 9.9987292e-01, 8.6002037e-05],
       [9.0958798e-07, 9.9999654e-01, 2.5182403e-06],
       [3.1064872e-05, 9.9990249e-01, 6.6414330e-05]], dtype=float32), array([[4.1831565e-05, 9.9987054e-01, 8.7569453e-05],
       [9.4181178e-07, 9.9999642e-01, 2.6034356e-06],
       [3.1679807e-05, 9.9990058e-01, 6.7682849e-05]], dtype=float32), array([[7.7681128e-05, 9.9984372e-01, 7.8522564e-05],
       [2.9418150e-06, 9.9999404e-01, 2.9847840e-06],
       [7.7392287e-05, 9.9984443e-01, 7.8230893e-05]], dtype=float32), array([[7.1984374e-05, 9.9985695e-01, 7.1086790e-05],
       [2.6111122e-06, 9.9999475e-01, 2.5673255e-06],
       [7.2299074e-05, 9.9985623e-01, 7.1397910e-05]], dtype=float32), array([[1.6734839e-04, 9.9975485e-01, 7.7842866e-05],
       [9.5057603e-06, 9.9998701e-01, 3.4350219e-06],
       [2.1539944e-04, 9.9968219e-01, 1.0244581e-04]], dtype=float32), array([[6.0206108e-05, 9.9988317e-01, 5.6616151e-05],
       [1.9675463e-06, 9.9999619e-01, 1.8106103e-06],
       [6.1523300e-05, 9.9988067e-01, 5.7862686e-05]], dtype=float32), array([[1.9402869e-04, 9.9976534e-01, 4.0626663e-05],
       [1.5584297e-05, 9.9998236e-01, 2.0571692e-06],
       [3.0772737e-04, 9.9962223e-01, 7.0107460e-05]], dtype=float32), array([[3.5291181e-05, 9.9992311e-01, 4.1645406e-05],
       [8.5737133e-07, 9.9999809e-01, 1.0743431e-06],
       [3.3234912e-05, 9.9992752e-01, 3.9256956e-05]], dtype=float32), array([[2.6021444e-05, 9.9991369e-01, 6.0347462e-05],
       [3.5072355e-07, 9.9999845e-01, 1.1464008e-06],
       [1.8462810e-05, 9.9993753e-01, 4.4005028e-05]], dtype=float32), array([[7.8578058e-05, 9.9987018e-01, 5.1298513e-05],
       [2.5059012e-06, 9.9999607e-01, 1.4004006e-06],
       [9.1792499e-05, 9.9984789e-01, 6.0347174e-05]], dtype=float32), array([[4.8162063e-05, 9.9989605e-01, 5.5833334e-05],
       [9.0057029e-07, 9.9999797e-01, 1.1076463e-06],
       [4.5395478e-05, 9.9990189e-01, 5.2672378e-05]], dtype=float32), array([[1.1779698e-04, 9.9985504e-01, 2.7166345e-05],
       [6.3555967e-06, 9.9999273e-01, 9.1290502e-07],
       [1.8911323e-04, 9.9976379e-01, 4.7093803e-05]], dtype=float32), array([[1.12327125e-05, 9.99944329e-01, 4.44820726e-05],
       [6.13312636e-08, 9.99999404e-01, 4.55660711e-07],
       [5.98737142e-06, 9.99968410e-01, 2.55820669e-05]], dtype=float32), array([[9.6419739e-05, 9.9988163e-01, 2.1943211e-05],
       [4.6189743e-06, 9.9999475e-01, 6.4627955e-07],
       [1.5681652e-04, 9.9980456e-01, 3.8578477e-05]], dtype=float32), array([[1.35157898e-05, 9.99955058e-01, 3.14385834e-05],
       [1.09124386e-07, 9.99999523e-01, 3.64863922e-07],
       [9.40284190e-06, 9.99968052e-01, 2.24774139e-05]], dtype=float32), array([[4.7398418e-05, 9.9992073e-01, 3.1813208e-05],
       [1.0591104e-06, 9.9999833e-01, 6.1049076e-07],
       [5.5190379e-05, 9.9990749e-01, 3.7269572e-05]], dtype=float32), array([[6.5842069e-05, 9.9990702e-01, 2.7159080e-05],
       [2.1352666e-06, 9.9999726e-01, 6.4254709e-07],
       [9.0249814e-05, 9.9987137e-01, 3.8322603e-05]], dtype=float32), array([[3.6038553e-05, 9.9994993e-01, 1.4060266e-05],
       [1.1625189e-06, 9.9999845e-01, 3.3068875e-07],
       [4.9427221e-05, 9.9993062e-01, 1.9852499e-05]], dtype=float32), array([[1.7720515e-05, 9.9996161e-01, 2.0593672e-05],
       [2.5858020e-07, 9.9999940e-01, 3.1846881e-07],
       [1.6721035e-05, 9.9996388e-01, 1.9447640e-05]], dtype=float32), array([[1.75547284e-05, 9.99957561e-01, 2.48752476e-05],
       [2.10388265e-07, 9.99999404e-01, 3.43205670e-07],
       [1.52488565e-05, 9.99963045e-01, 2.17048891e-05]], dtype=float32), array([[3.1464275e-05, 9.9995649e-01, 1.2065544e-05],
       [9.3195808e-07, 9.9999881e-01, 2.5811070e-07],
       [4.3564207e-05, 9.9993932e-01, 1.7215745e-05]], dtype=float32), array([[2.9175691e-05, 9.9993730e-01, 3.3525015e-05],
       [3.7912665e-07, 9.9999917e-01, 4.6156498e-07],
       [2.7537313e-05, 9.9994075e-01, 3.1666732e-05]], dtype=float32), array([[8.3399118e-06, 9.9996006e-01, 3.1552067e-05],
       [3.6033491e-08, 9.9999976e-01, 2.5327992e-07],
       [4.4889048e-06, 9.9997723e-01, 1.8222854e-05]], dtype=float32), array([[1.2999394e-05, 9.9997199e-01, 1.5047095e-05],
       [1.5068045e-07, 9.9999964e-01, 1.8482383e-07],
       [1.2267404e-05, 9.9997354e-01, 1.4210528e-05]], dtype=float32), array([[6.50926013e-05, 9.99920249e-01, 1.47011469e-05],
       [2.44520174e-06, 9.99997139e-01, 3.32770611e-07],
       [1.08018176e-04, 9.99865651e-01, 2.63798138e-05]], dtype=float32), array([[8.3284995e-06, 9.9997544e-01, 1.6239446e-05],
       [5.6039422e-08, 9.9999988e-01, 1.4538210e-07],
       [6.2597483e-06, 9.9998128e-01, 1.2406271e-05]], dtype=float32), array([[5.2200416e-05, 9.9993622e-01, 1.1557320e-05],
       [1.7020419e-06, 9.9999809e-01, 2.2326167e-07],
       [8.8103567e-05, 9.9989080e-01, 2.1131973e-05]], dtype=float32), array([[6.6312896e-06, 9.9998045e-01, 1.2830068e-05],
       [3.7310016e-08, 9.9999988e-01, 9.6157883e-08],
       [4.9781911e-06, 9.9998522e-01, 9.7857755e-06]], dtype=float32), array([[1.6991897e-05, 9.9997687e-01, 6.0486709e-06],
       [3.4006038e-07, 9.9999952e-01, 8.3794731e-08],
       [2.4546815e-05, 9.9996638e-01, 9.0456106e-06]], dtype=float32), array([[3.9467195e-05, 9.9995196e-01, 8.5708862e-06],
       [1.0718121e-06, 9.9999881e-01, 1.3522131e-07],
       [6.7933383e-05, 9.9991608e-01, 1.6010101e-05]], dtype=float32)]","[array([4.6513066, 4.6513066, 4.6513066], dtype=float32), array([nan, nan, nan], dtype=float32), array([4.646152, 4.646152, 4.646152], dtype=float32), array([4.6443725, 4.6443725, 4.6443725], dtype=float32), array([4.6430006, 4.6430006, 4.6430006], dtype=float32), array([4.640992, 4.640992, 4.640992], dtype=float32), array([4.63918, 4.63918, 4.63918], dtype=float32), array([4.6373034, 4.6373034, 4.6373034], dtype=float32), array([4.6359863, 4.6359863, 4.6359863], dtype=float32), array([4.6349397, 4.6349397, 4.6349397], dtype=float32), array([4.632659, 4.632659, 4.632659], dtype=float32), array([4.630549, 4.630549, 4.630549], dtype=float32), array([4.628553, 4.628553, 4.628553], dtype=float32), array([4.6264553, 4.6264553, 4.6264553], dtype=float32), array([4.623765, 4.623765, 4.623765], dtype=float32), array([4.6213593, 4.6213593, 4.6213593], dtype=float32), array([nan, nan, nan], dtype=float32), array([4.6175046, 4.6175046, 4.6175046], dtype=float32), array([4.615072, 4.615072, 4.615072], dtype=float32), array([4.6128855, 4.6128855, 4.6128855], dtype=float32), array([4.6104355, 4.6104355, 4.6104355], dtype=float32), array([4.608151, 4.608151, 4.608151], dtype=float32), array([4.606523, 4.606523, 4.606523], dtype=float32), array([4.6048827, 4.6048827, 4.6048827], dtype=float32), array([4.6031156, 4.6031156, 4.6031156], dtype=float32), array([4.6011147, 4.6011147, 4.6011147], dtype=float32), array([4.599161, 4.599161, 4.599161], dtype=float32), array([4.5966983, 4.5966983, 4.5966983], dtype=float32), array([nan, nan, nan], dtype=float32), array([4.5925074, 4.5925074, 4.5925074], dtype=float32), array([4.5906124, 4.5906124, 4.5906124], dtype=float32)]","[array([4.6513066, 4.6513066, 4.6513066], dtype=float32), array([4.6485286, 4.6485286, 4.6485286], dtype=float32), array([4.6461515, 4.6461515, 4.6461515], dtype=float32), array([4.6443715, 4.6443715, 4.6443715], dtype=float32), array([4.6430006, 4.6430006, 4.6430006], dtype=float32), array([4.6409917, 4.6409917, 4.6409917], dtype=float32), array([4.6391797, 4.6391797, 4.6391797], dtype=float32), array([4.637303, 4.637303, 4.637303], dtype=float32), array([4.6359863, 4.6359863, 4.6359863], dtype=float32), array([4.63494, 4.63494, 4.63494], dtype=float32), array([4.6326594, 4.6326594, 4.6326594], dtype=float32), array([4.630549, 4.630549, 4.630549], dtype=float32), array([4.628553, 4.628553, 4.628553], dtype=float32), array([4.6264563, 4.6264563, 4.6264563], dtype=float32), array([4.6237645, 4.6237645, 4.6237645], dtype=float32), array([4.6213603, 4.6213603, 4.6213603], dtype=float32), array([4.619384, 4.619384, 4.619384], dtype=float32), array([4.6175046, 4.6175046, 4.6175046], dtype=float32), array([4.615072, 4.615072, 4.615072], dtype=float32), array([4.612885, 4.612885, 4.612885], dtype=float32), array([4.6104355, 4.6104355, 4.6104355], dtype=float32), array([4.6081514, 4.6081514, 4.6081514], dtype=float32), array([4.6065226, 4.6065226, 4.6065226], dtype=float32), array([4.604882, 4.604882, 4.604882], dtype=float32), array([4.603116, 4.603116, 4.603116], dtype=float32), array([4.6011143, 4.6011143, 4.6011143], dtype=float32), array([4.5991597, 4.5991597, 4.5991597], dtype=float32), array([4.596698, 4.596698, 4.596698], dtype=float32), array([4.59455, 4.59455, 4.59455], dtype=float32), array([4.592507, 4.592507, 4.592507], dtype=float32), array([4.5906134, 4.5906134, 4.5906134], dtype=float32)]",1,0,0,0,0,0,54.49236641221374,55.656488549618324,94000,10.0,0.00036870172919947704,0.00016151712575547143,2000,94000,10.0,2000,0.3489407558662836,0.25597190856933594,47.0,0.0013802934991,-0.038195133209228516,999.0,1.3283391747664908e-11,30969,3125.098388671875,0.0024197890888899565,0.4722185432910919,1.0,81158,0.0,-0.01440823171287775,0.3344452679157257,1455543,343.0758837400781,47.0,0.0393447157605,0.0013802934991,0.0,999.0,23810,30969,1455543,1.0,0.0,343.07565246139046,0,104968,61938,4371000,93000,2911086,1030.2587215530332,6190433.006580457,6538855.025205134,10.5,0.00011651390249494306,1.0067001111073661,0.17930958075991285,1.0067001111073661,10.02,0.0019981426995946093,47.0,100,94100,2.0,5.133950532368537e-05,2,2350,50,0.0002988099275762879,2,9.5,4700,0.0001834887445142505,0.00042269954094909895,100,10.02,4700,10.02,100,1.673498415856714e-05,2.9250377302355374e-05,2.913459898523108e-05,2.267286408492753e-05,0.00015481618334396626,4.927937460389373e-05,6.945750497051714e-06,7.54131405555671e-06,2.0226606207575134e-05,4.40035798235859e-05,3.411834295110268e-05,0.057248433627038894,0.006946292908051687,0.05900753054822508,0.17473171966765275,0.029674407157820118,0.020282487520146594,0.00018040781653759733,108066,127.92220306396484,0.0013995631597936153,0.4722185730934143,1411.0,1.0,-0.029140431433916092,0.31993657,5079102,0.2565997838973999,1457.0,0.0021265745162963867,498.0,108066,1411.0,0.0,5079102,498.0,1457.0,216132,30597000,10158204,651000,9739.263304327294,3.81747547566533e-05,8.260726781923229e-06,2.251498520823119e-05,4.928545023075612e-05,7.732913947598942e-06,3.259777447015738e-05,2.5422401583604788e-05,0.0001789437085071821,3.370322977774393e-05,5.478278789027085e-05,1.867966454982461e-05
1,96000,False,48,d1c92_00000,2025-08-17_21-43-54,1755467034,89.95091724395752,4474.671174287796,685852,intrinsic-attention2,10.156.0.3,4474.671174287796,48,93.99881089706163,1.547791631006417e-05,93.99851036943824,2.751832371212651,90.88594989790421,0.0019935959528601978,2.0,1.0067001111073661,4.87196410894869e-05,2,47.0,48000,9.95,10.5,1000,0.0002599580038804561,2,9.5,2000,0.0001064105295860687,1.0067001111073661,96000,0.0015888340101810172,2.7211612437128725,246.83816946766336,2000.0,3000.0,"[array([[3.5544454e-05, 9.9995685e-01, 7.6707993e-06],
       [9.0091385e-07, 9.9999893e-01, 1.1216476e-07],
       [6.1610277e-05, 9.9992394e-01, 1.4437052e-05]], dtype=float32), array([[2.3478591e-05, 9.9996793e-01, 8.5517213e-06],
       [3.8215973e-07, 9.9999952e-01, 9.4226976e-08],
       [3.4682980e-05, 9.9995220e-01, 1.3108501e-05]], dtype=float32), array([[1.0019473e-05, 9.9997854e-01, 1.1384602e-05],
       [5.4634352e-08, 9.9999988e-01, 6.5774024e-08],
       [9.4564957e-06, 9.9997985e-01, 1.0751820e-05]], dtype=float32), array([[1.7480364e-05, 9.9997628e-01, 6.1510491e-06],
       [2.3190795e-07, 9.9999976e-01, 5.4041521e-08],
       [2.6395648e-05, 9.9996400e-01, 9.6604363e-06]], dtype=float32), array([[6.4265914e-06, 9.9998999e-01, 3.5702642e-06],
       [5.5142319e-08, 1.0000000e+00, 2.4243711e-08],
       [8.1205435e-06, 9.9998736e-01, 4.5635215e-06]], dtype=float32), array([[5.3955905e-06, 9.9998772e-01, 6.9696198e-06],
       [2.6716245e-08, 1.0000000e+00, 3.8600607e-08],
       [4.8238276e-06, 9.9998903e-01, 6.2458012e-06]], dtype=float32), array([[5.76356579e-05, 9.99936700e-01, 5.58434067e-06],
       [2.53015355e-06, 9.99997377e-01, 1.16090845e-07],
       [1.21699639e-04, 9.99864221e-01, 1.40992879e-05]], dtype=float32), array([[1.35501814e-05, 9.99963403e-01, 2.29973775e-05],
       [1.28147590e-07, 9.99999642e-01, 2.71001682e-07],
       [1.08747645e-05, 9.99970555e-01, 1.86492325e-05]], dtype=float32), array([[2.0487767e-04, 9.9975854e-01, 3.6529051e-05],
       [1.6420792e-05, 9.9998176e-01, 1.7537842e-06],
       [3.4196614e-04, 9.9959034e-01, 6.7657071e-05]], dtype=float32), array([[7.8846511e-05, 9.9982750e-01, 9.3614421e-05],
       [2.8483357e-06, 9.9999356e-01, 3.5921928e-06],
       [7.4229931e-05, 9.9983752e-01, 8.8229870e-05]], dtype=float32), array([[9.5184463e-05, 9.9976283e-01, 1.4188666e-04],
       [3.5987300e-06, 9.9999022e-01, 6.1780961e-06],
       [8.2651262e-05, 9.9979347e-01, 1.2395633e-04]], dtype=float32), array([[6.2613050e-05, 9.9973077e-01, 2.0661727e-04],
       [1.4712977e-06, 9.9999082e-01, 7.7119166e-06],
       [3.9422561e-05, 9.9982280e-01, 1.3773257e-04]], dtype=float32), array([[4.6901204e-04, 9.9928123e-01, 2.4974847e-04],
       [4.9343722e-05, 9.9992883e-01, 2.1833193e-05],
       [5.6435505e-04, 9.9913055e-01, 3.0512980e-04]], dtype=float32), array([[7.4625702e-04, 9.9883181e-01, 4.2202239e-04],
       [1.0053622e-04, 9.9985099e-01, 4.8507212e-05],
       [8.7450369e-04, 9.9862468e-01, 5.0080544e-04]], dtype=float32), array([[3.3919092e-03, 9.9605185e-01, 5.5624783e-04],
       [1.0287499e-03, 9.9885595e-01, 1.1531712e-04],
       [4.9527395e-03, 9.9413043e-01, 9.1673277e-04]], dtype=float32), array([[8.0778345e-04, 9.9820137e-01, 9.9085318e-04],
       [9.8403572e-05, 9.9977332e-01, 1.2822647e-04],
       [7.6047960e-04, 9.9830508e-01, 9.3444833e-04]], dtype=float32), array([[7.1472535e-04, 9.9839491e-01, 8.9033321e-04],
       [9.0518246e-05, 9.9978954e-01, 1.2005816e-04],
       [6.7133317e-04, 9.9849081e-01, 8.3787221e-04]], dtype=float32), array([[8.2455494e-04, 9.9816895e-01, 1.0064093e-03],
       [1.1263825e-04, 9.9974197e-01, 1.4538917e-04],
       [7.7977817e-04, 9.9826694e-01, 9.5325266e-04]], dtype=float32), array([[1.8727719e-03, 9.9687046e-01, 1.2567700e-03],
       [3.8614409e-04, 9.9937952e-01, 2.3435647e-04],
       [2.0700512e-03, 9.9653184e-01, 1.3980577e-03]], dtype=float32), array([[1.3855775e-03, 9.9688357e-01, 1.7308706e-03],
       [2.2105627e-04, 9.9948514e-01, 2.9385745e-04],
       [1.3023005e-03, 9.9706739e-01, 1.6302651e-03]], dtype=float32), array([[2.0642034e-03, 9.9656194e-01, 1.3737603e-03],
       [4.9111713e-04, 9.9921155e-01, 2.9728899e-04],
       [2.2686357e-03, 9.9621212e-01, 1.5192732e-03]], dtype=float32), array([[2.1994547e-03, 9.9640083e-01, 1.3996620e-03],
       [5.4343429e-04, 9.9914467e-01, 3.1181445e-04],
       [2.4383632e-03, 9.9599802e-01, 1.5636123e-03]], dtype=float32), array([[3.5295228e-04, 9.9819213e-01, 1.4549026e-03],
       [2.6700447e-05, 9.9979895e-01, 1.7441259e-04],
       [2.2285886e-04, 9.9877995e-01, 9.9719653e-04]], dtype=float32), array([[2.4264782e-04, 9.9874073e-01, 1.0166141e-03],
       [1.4066219e-05, 9.9988973e-01, 9.6236603e-05],
       [1.4865567e-04, 9.9917370e-01, 6.7767780e-04]], dtype=float32), array([[6.5947510e-04, 9.9894565e-01, 3.9485143e-04],
       [8.6058906e-05, 9.9986923e-01, 4.4674074e-05],
       [7.6050445e-04, 9.9877959e-01, 4.5991552e-04]], dtype=float32), array([[6.0794695e-04, 9.9901271e-01, 3.7930522e-04],
       [6.2242078e-05, 9.9990416e-01, 3.3583234e-05],
       [7.0288067e-04, 9.9885452e-01, 4.4261295e-04]], dtype=float32), array([[4.4787590e-05, 9.9961472e-01, 3.4049232e-04],
       [5.0357073e-07, 9.9998999e-01, 9.5036221e-06],
       [1.8045419e-05, 9.9981707e-01, 1.6493408e-04]], dtype=float32), array([[1.6416718e-04, 9.9963689e-01, 1.9894622e-04],
       [7.0984247e-06, 9.9998367e-01, 9.2192095e-06],
       [1.5318436e-04, 9.9966097e-01, 1.8592049e-04]], dtype=float32), array([[2.5286747e-04, 9.9961406e-01, 1.3313036e-04],
       [1.7261149e-05, 9.9997532e-01, 7.3813853e-06],
       [3.1129242e-04, 9.9952209e-01, 1.6655150e-04]], dtype=float32), array([[1.9629199e-04, 9.9970394e-01, 9.9715769e-05],
       [1.1188438e-05, 9.9998426e-01, 4.5279594e-06],
       [2.4637522e-04, 9.9962616e-01, 1.2743608e-04]], dtype=float32), array([[7.9920217e-05, 9.9967194e-01, 2.4807942e-04],
       [1.6810346e-06, 9.9998999e-01, 8.2963488e-06],
       [5.0272331e-05, 9.9978477e-01, 1.6498382e-04]], dtype=float32)]","[array([nan, nan, nan], dtype=float32), array([nan, nan, nan], dtype=float32), array([nan, nan, nan], dtype=float32), array([nan, nan, nan], dtype=float32), array([nan, nan, nan], dtype=float32), array([nan, nan, nan], dtype=float32), array([nan, nan, nan], dtype=float32), array([nan, nan, nan], dtype=float32), array([nan, nan, nan], dtype=float32), array([nan, nan, nan], dtype=float32), array([nan, nan, nan], dtype=float32), array([nan, nan, nan], dtype=float32), array([nan, nan, nan], dtype=float32), array([nan, nan, nan], dtype=float32), array([nan, nan, nan], dtype=float32), array([nan, nan, nan], dtype=float32), array([nan, nan, nan], dtype=float32), array([nan, nan, nan], dtype=float32), array([nan, nan, nan], dtype=float32), array([nan, nan, nan], dtype=float32), array([nan, nan, nan], dtype=float32), array([nan, nan, nan], dtype=float32), array([nan, nan, nan], dtype=float32), array([nan, nan, nan], dtype=float32), array([nan, nan, nan], dtype=float32), array([nan, nan, nan], dtype=float32), array([nan, nan, nan], dtype=float32), array([nan, nan, nan], dtype=float32), array([nan, nan, nan], dtype=float32), array([nan, nan, nan], dtype=float32), array([nan, nan, nan], dtype=float32)]","[array([4.589055, 4.589055, 4.589055], dtype=float32), array([4.587992, 4.587992, 4.587992], dtype=float32), array([4.586494, 4.586494, 4.586494], dtype=float32), array([4.5847774, 4.5847774, 4.5847774], dtype=float32), array([4.5830975, 4.5830975, 4.5830975], dtype=float32), array([4.5805883, 4.5805883, 4.5805883], dtype=float32), array([4.57911, 4.57911, 4.57911], dtype=float32), array([4.576237, 4.576237, 4.576237], dtype=float32), array([4.573376, 4.573376, 4.573376], dtype=float32), array([4.570152, 4.570152, 4.570152], dtype=float32), array([4.568051, 4.568051, 4.568051], dtype=float32), array([4.5658574, 4.5658574, 4.5658574], dtype=float32), array([4.5635614, 4.5635614, 4.5635614], dtype=float32), array([4.5604177, 4.5604177, 4.5604177], dtype=float32), array([4.5570455, 4.5570455, 4.5570455], dtype=float32), array([4.553123, 4.553123, 4.553123], dtype=float32), array([4.549804, 4.549804, 4.549804], dtype=float32), array([4.5470076, 4.5470076, 4.5470076], dtype=float32), array([4.545186, 4.545186, 4.545186], dtype=float32), array([4.5415983, 4.5415983, 4.5415983], dtype=float32), array([4.5396037, 4.5396037, 4.5396037], dtype=float32), array([4.537453, 4.537453, 4.537453], dtype=float32), array([4.5349355, 4.5349355, 4.5349355], dtype=float32), array([4.53236, 4.53236, 4.53236], dtype=float32), array([4.5306087, 4.5306087, 4.5306087], dtype=float32), array([4.5299377, 4.5299377, 4.5299377], dtype=float32), array([4.530068, 4.530068, 4.530068], dtype=float32), array([4.5289845, 4.5289845, 4.5289845], dtype=float32), array([4.528103, 4.528103, 4.528103], dtype=float32), array([4.5278363, 4.5278363, 4.5278363], dtype=float32), array([4.527092, 4.527092, 4.527092], dtype=float32)]",1,0,0,0,0,0,54.49922480620155,55.64341085271318,96000,9.95,0.0003764110887956163,0.0001638380784910539,2000,96000,9.95,2000,0.3511388189475893,0.242659792304039,48.0,0.0013802934991,-1.0,999.0,6.641695873832454e-12,30969,2639.114501953125,0.0005225804634392262,0.4722185432910919,1.0,81158,0.0,0.00018107783398590982,0.34905296564102173,1486512,343.48526391833207,48.0,0.0393447157605,0.0013802934991,0.0,999.0,23810,30969,1486512,1.0,0.0,343.4850557735288,0,104968,61938,4464000,93000,2973024,1031.4880175138528,6187703.441679203,6539685.822057257,10.5,0.00014321177460889842,1.0067001111073661,0.17936652458224878,1.0067001111073661,10.02,0.0019653041100536938,48.0,100,96100,2.0,6.034183090906398e-05,2,2400,50,0.0002977815683392533,2,9.5,4800,0.00022234610563694204,0.0005094995243181437,100,10.02,4800,10.02,100,1.6901415177971554e-05,3.0103262250857315e-05,3.0180127907506824e-05,2.2856431063325134e-05,0.0001584110370065174,5.046880868588576e-05,6.903646770966144e-06,7.953340626489842e-06,2.0624876672643392e-05,4.449308987579908e-05,3.4358775026562715e-05,0.05726587134075354,0.006944484839002496,0.06121974701280104,0.1747019052909325,0.029700901836230295,0.02025416973492298,0.0001804155784198155,108066,127.98552703857422,0.0002467778685968369,0.4722185730934143,1441.0,1.0,-0.0005818533827550709,0.34832227,5187168,0.2479616403579712,1488.0,-0.021304726600646973,498.0,108066,1441.0,0.0,5187168,498.0,1488.0,216132,31248000,10374336,651000,9738.231330712828,4.64906362267042e-05,9.647937090732078e-06,2.6598779210261837e-05,5.870659089583507e-05,9.104524798358295e-06,4.025578319528534e-05,3.0227918929603032e-05,0.00021012582615205136,4.07511754692766e-05,6.692180545783547e-05,2.281961248029679e-05
1,98000,False,49,d1c92_00000,2025-08-17_21-45-26,1755467126,91.22676849365234,4565.897942781448,685852,intrinsic-attention2,10.156.0.3,4565.897942781448,49,93.96904562043093,1.5452107279172888e-05,93.96874474818387,2.7521175349704614,90.8535638489651,0.00199239115327545,2.0,1.0067001111073661,4.8051015088615895e-05,2,48.0,49000,9.99,10.5,1000,0.0002599580038804561,2,9.5,2000,0.00010647451642186805,1.0067001111073661,98000,0.0015750531005323865,2.721446991105757,238.77217322751642,2000.0,3000.0,"[array([[2.8299701e-03, 9.9689603e-01, 2.7405214e-04],
       [7.0192188e-04, 9.9925905e-01, 3.8982922e-05],
       [4.9226065e-03, 9.9448264e-01, 5.9480953e-04]], dtype=float32), array([[1.9274689e-03, 9.9679822e-01, 1.2742963e-03],
       [3.2847101e-04, 9.9947840e-01, 1.9311103e-04],
       [2.1666160e-03, 9.9638969e-01, 1.4435796e-03]], dtype=float32), array([[2.1158925e-03, 9.9517208e-01, 2.7119759e-03],
       [3.2928473e-04, 9.9921572e-01, 4.5501176e-04],
       [1.9632855e-03, 9.9551278e-01, 2.5240213e-03]], dtype=float32), array([[2.5248926e-03, 9.9418205e-01, 3.2930539e-03],
       [4.8787525e-04, 9.9882752e-01, 6.8468141e-04],
       [2.3474311e-03, 9.9458092e-01, 3.0715915e-03]], dtype=float32), array([[0.00535154, 0.9901894 , 0.00445905],
       [0.00157597, 0.9971661 , 0.00125791],
       [0.00558407, 0.98975617, 0.00465979]], dtype=float32), array([[0.01041435, 0.9819188 , 0.00766683],
       [0.00377225, 0.99363637, 0.00259134],
       [0.01114582, 0.9806105 , 0.00824367]], dtype=float32), array([[0.02844981, 0.96347547, 0.00807465],
       [0.01586616, 0.98050207, 0.00363179],
       [0.03494151, 0.95434874, 0.01070974]], dtype=float32), array([[0.00625333, 0.9852497 , 0.008497  ],
       [0.00178953, 0.9955857 , 0.00262479],
       [0.00579919, 0.98628426, 0.0079165 ]], dtype=float32), array([[0.00561295, 0.9857519 , 0.00863517],
       [0.00145564, 0.99603623, 0.00250819],
       [0.00501873, 0.9871869 , 0.00779429]], dtype=float32), array([[0.00569146, 0.98650396, 0.0078045 ],
       [0.00146709, 0.9963457 , 0.00218726],
       [0.00524028, 0.9875371 , 0.00722272]], dtype=float32), array([[0.01121583, 0.97929937, 0.00948473],
       [0.00368568, 0.99332654, 0.0029878 ],
       [0.01168952, 0.97840947, 0.00990099]], dtype=float32), array([[0.00974197, 0.9788902 , 0.01136784],
       [0.00277268, 0.99385107, 0.00337616],
       [0.00934393, 0.9797371 , 0.01091893]], dtype=float32), array([[2.25679833e-03, 9.83142555e-01, 1.46006625e-02],
       [2.37653250e-04, 9.96679187e-01, 3.08321300e-03],
       [1.13302388e-03, 9.89789426e-01, 9.07746982e-03]], dtype=float32), array([[0.01252275, 0.9707789 , 0.01669841],
       [0.00394433, 0.9903709 , 0.00568472],
       [0.0116106 , 0.9728275 , 0.01556192]], dtype=float32), array([[0.00942376, 0.97559947, 0.01497687],
       [0.00287662, 0.9919681 , 0.00515533],
       [0.00837874, 0.9781446 , 0.01347675]], dtype=float32), array([[0.02444984, 0.9568633 , 0.01868687],
       [0.01119329, 0.98074245, 0.00806419],
       [0.02586769, 0.954276  , 0.01985633]], dtype=float32), array([[0.00591872, 0.97103405, 0.02304719],
       [0.00124082, 0.99139106, 0.00736807],
       [0.00391324, 0.9790349 , 0.01705186]], dtype=float32), array([[0.03537816, 0.9365929 , 0.02802894],
       [0.01886214, 0.9668796 , 0.01425824],
       [0.03696299, 0.93365455, 0.02938247]], dtype=float32), array([[0.0376475 , 0.9270897 , 0.0352628 ],
       [0.02036012, 0.9608212 , 0.01881877],
       [0.03811345, 0.9261777 , 0.03570893]], dtype=float32), array([[0.03560355, 0.93080103, 0.03359538],
       [0.02032308, 0.96070117, 0.01897578],
       [0.0359541 , 0.9301134 , 0.0339325 ]], dtype=float32), array([[0.0321368 , 0.91960454, 0.04825865],
       [0.01730289, 0.9545619 , 0.02813521],
       [0.02984928, 0.92489266, 0.04525803]], dtype=float32), array([[0.07284827, 0.8454555 , 0.08169626],
       [0.05267814, 0.88720787, 0.06011399],
       [0.07177757, 0.8476613 , 0.08056112]], dtype=float32), array([[0.07565055, 0.81374836, 0.11060109],
       [0.05823301, 0.85233295, 0.08943404],
       [0.07260484, 0.82040787, 0.10698728]], dtype=float32), array([[0.09782146, 0.7856402 , 0.11653842],
       [0.08153483, 0.81948143, 0.09898374],
       [0.09636319, 0.78865373, 0.11498311]], dtype=float32), array([[0.09880721, 0.7780397 , 0.1231531 ],
       [0.08308105, 0.8109655 , 0.10595358],
       [0.09702717, 0.78174204, 0.12123074]], dtype=float32), array([[0.13272429, 0.7300139 , 0.1372618 ],
       [0.11803436, 0.7595176 , 0.12244799],
       [0.1324236 , 0.7306172 , 0.1369592 ]], dtype=float32), array([[0.10486609, 0.7454432 , 0.14969072],
       [0.09061893, 0.77559507, 0.133786  ],
       [0.10216278, 0.75111103, 0.14672615]], dtype=float32), array([[0.13099232, 0.7078198 , 0.16118777],
       [0.11885988, 0.7324981 , 0.148642  ],
       [0.12945762, 0.7109262 , 0.15961622]], dtype=float32), array([[0.12863216, 0.7063583 , 0.16500948],
       [0.11730456, 0.72945553, 0.15323985],
       [0.12693109, 0.70980805, 0.1632609 ]], dtype=float32), array([[0.12705325, 0.70351964, 0.16942711],
       [0.11648209, 0.72509897, 0.158419  ],
       [0.12523101, 0.70721793, 0.16755101]], dtype=float32), array([[0.03811663, 0.7769847 , 0.18489869],
       [0.02761668, 0.810264  , 0.16211927],
       [0.03222788, 0.7950114 , 0.17276078]], dtype=float32)]","[array([4.5262938, 4.5262938, 4.5262938], dtype=float32), array([nan, nan, nan], dtype=float32), array([4.506085, 4.506085, 4.506085], dtype=float32), array([nan, nan, nan], dtype=float32), array([4.4770617, 4.4770617, 4.4770617], dtype=float32), array([nan, nan, nan], dtype=float32), array([nan, nan, nan], dtype=float32), array([nan, nan, nan], dtype=float32), array([4.397716, 4.397716, 4.397716], dtype=float32), array([nan, nan, nan], dtype=float32), array([nan, nan, nan], dtype=float32), array([4.302395, 4.302395, 4.302395], dtype=float32), array([4.2787294, 4.2787294, 4.2787294], dtype=float32), array([nan, nan, nan], dtype=float32), array([4.2463675, 4.2463675, 4.2463675], dtype=float32), array([4.235717, 4.235717, 4.235717], dtype=float32), array([nan, nan, nan], dtype=float32), array([4.214081, 4.214081, 4.214081], dtype=float32), array([nan, nan, nan], dtype=float32), array([nan, nan, nan], dtype=float32), array([4.188958, 4.188958, 4.188958], dtype=float32), array([4.1825433, 4.1825433, 4.1825433], dtype=float32), array([4.1715684, 4.1715684, 4.1715684], dtype=float32), array([nan, nan, nan], dtype=float32), array([4.136182, 4.136182, 4.136182], dtype=float32), array([nan, nan, nan], dtype=float32), array([nan, nan, nan], dtype=float32), array([4.0827203, 4.0827203, 4.0827203], dtype=float32), array([nan, nan, nan], dtype=float32), array([nan, nan, nan], dtype=float32), array([nan, nan, nan], dtype=float32)]","[array([4.526294, 4.526294, 4.526294], dtype=float32), array([4.517914, 4.517914, 4.517914], dtype=float32), array([4.506085, 4.506085, 4.506085], dtype=float32), array([4.4959793, 4.4959793, 4.4959793], dtype=float32), array([4.4770617, 4.4770617, 4.4770617], dtype=float32), array([4.4652176, 4.4652176, 4.4652176], dtype=float32), array([4.447633, 4.447633, 4.447633], dtype=float32), array([4.4245687, 4.4245687, 4.4245687], dtype=float32), array([4.397716, 4.397716, 4.397716], dtype=float32), array([4.3665857, 4.3665857, 4.3665857], dtype=float32), array([4.3336253, 4.3336253, 4.3336253], dtype=float32), array([4.302395, 4.302395, 4.302395], dtype=float32), array([4.278729, 4.278729, 4.278729], dtype=float32), array([4.257499, 4.257499, 4.257499], dtype=float32), array([4.246368, 4.246368, 4.246368], dtype=float32), array([4.2357173, 4.2357173, 4.2357173], dtype=float32), array([4.2256155, 4.2256155, 4.2256155], dtype=float32), array([4.214081, 4.214081, 4.214081], dtype=float32), array([4.203952, 4.203952, 4.203952], dtype=float32), array([4.1938596, 4.1938596, 4.1938596], dtype=float32), array([4.1889577, 4.1889577, 4.1889577], dtype=float32), array([4.182544, 4.182544, 4.182544], dtype=float32), array([4.171569, 4.171569, 4.171569], dtype=float32), array([4.1527205, 4.1527205, 4.1527205], dtype=float32), array([4.1361814, 4.1361814, 4.1361814], dtype=float32), array([4.124038, 4.124038, 4.124038], dtype=float32), array([4.1028857, 4.1028857, 4.1028857], dtype=float32), array([4.0827208, 4.0827208, 4.0827208], dtype=float32), array([4.0506334, 4.0506334, 4.0506334], dtype=float32), array([4.023826, 4.023826, 4.023826], dtype=float32), array([3.9900203, 3.9900203, 3.9900203], dtype=float32)]",1,0,0,0,0,0,54.58538461538462,55.686153846153836,98000,9.99,0.00037341240524641774,0.00016177820717676043,2000,98000,9.99,2000,0.353468666448136,0.24724215269088745,49.0,0.0013802934991,-1.0,999.0,6.641695873832454e-12,30969,4491.0126953125,0.010931223630905151,0.4722185432910919,1.0,81158,0.0,-0.004020874388515949,0.34484466910362244,1517481,343.7932691834876,49.0,0.0393447157605,0.0013802934991,0.0,999.0,23810,30969,1517481,1.0,0.0,343.7930662606365,0,104968,61938,4557000,93000,3034962,1032.4129232362782,6196173.757394485,6546851.011684196,10.5,0.00015387643911443695,1.0067001111073661,0.17942527876649614,1.0067001111073661,10.02,0.0022779062898189294,49.0,100,98100,2.0,6.317837368339939e-05,2,2450,50,0.00029665186262456584,2,9.5,4900,0.00023180181539194264,0.0005323127543143492,100,10.02,4900,10.02,100,1.680600319877419e-05,2.959230029465597e-05,2.9681272385954767e-05,2.2656853690664337e-05,0.00015729467093456609,4.96727152625302e-05,6.788857816106306e-06,7.757578685600341e-06,2.0425009997915092e-05,4.3832831559384864e-05,3.400024310965818e-05,0.05725461590735365,0.006950793800554869,0.06351068308276717,0.17467767325799446,0.029705165457930956,0.020312527127490824,0.00018090972273191686,108066,128.74307250976562,0.004733084235340357,0.4722185730934143,1471.0,1.0,-0.009287569671869278,0.34033737,5295234,0.24670524895191193,1519.0,0.005844414234161377,498.0,108066,1471.0,0.0,5295234,498.0,1519.0,216132,31899000,10590468,651000,9732.93162468275,4.7510726980216834e-05,1.0277305985599146e-05,2.7750366694892682e-05,6.22598801864925e-05,9.511502750781492e-06,4.2289028804479744e-05,3.11373457680749e-05,0.00022051762435305547,4.2773216310926485e-05,7.083788882003324e-05,2.4072011403472922e-05
1,100000,True,50,d1c92_00000,2025-08-17_21-46-57,1755467217,91.65674948692322,4657.554692268372,685852,intrinsic-attention2,10.156.0.3,4657.554692268372,50,93.94390866393665,1.5415866210625455e-05,93.94360752666199,2.751270926740819,90.82719363651545,0.001990909381732625,2.0,1.0067001111073661,4.8321774392382596e-05,2,49.0,50000,9.95,10.5,1000,0.0002599580038804561,2,9.5,2000,0.00010429687382256229,1.0067001111073661,100000,0.001573404559167102,2.72059919855461,230.95052592980363,2000.0,3000.0,"[array([[0.11946803, 0.72641057, 0.15412138],
       [0.10963409, 0.74665004, 0.14371586],
       [0.11804409, 0.72932744, 0.15262856]], dtype=float32), array([[0.31284848, 0.5705438 , 0.11660765],
       [0.31141925, 0.5747605 , 0.1138203 ],
       [0.31513777, 0.56355554, 0.12130674]], dtype=float32), array([[0.0359698 , 0.79465276, 0.16937737],
       [0.02713843, 0.82310075, 0.14976083],
       [0.03126145, 0.8093653 , 0.15937324]], dtype=float32), array([[0.04908412, 0.78211856, 0.16879737],
       [0.04014754, 0.8067334 , 0.15311895],
       [0.04489723, 0.79340774, 0.16169506]], dtype=float32), array([[0.10443421, 0.7348572 , 0.16070862],
       [0.09626014, 0.7521421 , 0.15159786],
       [0.10258484, 0.7387433 , 0.15867181]], dtype=float32), array([[0.10686385, 0.7276191 , 0.16551703],
       [0.09960023, 0.7428917 , 0.157508  ],
       [0.1051732 , 0.73115385, 0.16367286]], dtype=float32), array([[0.1263741 , 0.710289  , 0.1633369 ],
       [0.12041897, 0.7224253 , 0.1571557 ],
       [0.12547663, 0.71211267, 0.16241068]], dtype=float32), array([[0.09474882, 0.73249865, 0.17275251],
       [0.08891515, 0.7450863 , 0.16599853],
       [0.09300529, 0.7362385 , 0.17075622]], dtype=float32), array([[0.09498857, 0.73186886, 0.17314248],
       [0.09001717, 0.7425748 , 0.16740805],
       [0.093505  , 0.73504776, 0.1714473 ]], dtype=float32), array([[0.11124803, 0.7151006 , 0.17365141],
       [0.10728726, 0.72332186, 0.1693909 ],
       [0.11029048, 0.71708196, 0.17262752]], dtype=float32), array([[0.21247198, 0.62669116, 0.16083695],
       [0.21068683, 0.63041604, 0.1588971 ],
       [0.21293178, 0.6257296 , 0.16133848]], dtype=float32), array([[0.08183254, 0.7076123 , 0.21055514],
       [0.07828552, 0.71535563, 0.20635879],
       [0.08026246, 0.7110228 , 0.20871474]], dtype=float32), array([[0.2198871 , 0.5902283 , 0.18988463],
       [0.2185418 , 0.59304035, 0.1884178 ],
       [0.22008704, 0.58981   , 0.190103  ]], dtype=float32), array([[0.16832781, 0.6186446 , 0.2130276 ],
       [0.1663834 , 0.62237686, 0.21123974],
       [0.16797508, 0.61932105, 0.21270397]], dtype=float32), array([[0.10829341, 0.65359944, 0.23810707],
       [0.10570163, 0.6586202 , 0.23567814],
       [0.10715142, 0.6558054 , 0.23704314]], dtype=float32), array([[0.10466418, 0.6435321 , 0.2518037 ],
       [0.10220339, 0.64819884, 0.24959771],
       [0.10346886, 0.64579266, 0.2507385 ]], dtype=float32), array([[0.13810253, 0.62005955, 0.24183787],
       [0.13620096, 0.6235515 , 0.2402476 ],
       [0.13739096, 0.62136406, 0.24124496]], dtype=float32), array([[0.06883834, 0.68664986, 0.2445117 ],
       [0.06650594, 0.69175255, 0.24174146],
       [0.06754434, 0.68947   , 0.24298573]], dtype=float32), array([[0.17241429, 0.60884833, 0.21873744],
       [0.1711324 , 0.61128664, 0.21758091],
       [0.1721721 , 0.60930866, 0.21851926]], dtype=float32), array([[0.1261904 , 0.6146581 , 0.25915146],
       [0.12465043, 0.61740565, 0.25794387],
       [0.1254887 , 0.61590827, 0.2586031 ]], dtype=float32), array([[0.30695748, 0.4692906 , 0.22375198],
       [0.30685297, 0.4696584 , 0.22348863],
       [0.30703518, 0.46901667, 0.22394821]], dtype=float32), array([[0.14866862, 0.5697552 , 0.2815762 ],
       [0.14756596, 0.5715384 , 0.28089565],
       [0.1481437 , 0.5706033 , 0.281253  ]], dtype=float32), array([[0.2133443 , 0.5160603 , 0.27059528],
       [0.21280639, 0.5169692 , 0.2702244 ],
       [0.2131995 , 0.51630497, 0.27049553]], dtype=float32), array([[0.08203092, 0.6182214 , 0.2997477 ],
       [0.08065188, 0.62066215, 0.29868588],
       [0.08114379, 0.6197889 , 0.2990673 ]], dtype=float32), array([[0.07790334, 0.63499606, 0.28710064],
       [0.07658715, 0.6374674 , 0.28594548],
       [0.07708279, 0.63653404, 0.28638318]], dtype=float32), array([[0.19116232, 0.56993836, 0.23889932],
       [0.19051585, 0.57112676, 0.23835734],
       [0.19103031, 0.57018095, 0.23878874]], dtype=float32), array([[0.12523101, 0.6218241 , 0.25294495],
       [0.12419263, 0.62370753, 0.2520998 ],
       [0.12477467, 0.622651  , 0.25257438]], dtype=float32), array([[0.10734398, 0.6441292 , 0.2485268 ],
       [0.10622361, 0.6462506 , 0.2475258 ],
       [0.10681792, 0.6451241 , 0.24805804]], dtype=float32), array([[0.11274283, 0.65172476, 0.2355324 ],
       [0.11166182, 0.65380484, 0.23453332],
       [0.11228792, 0.6525991 , 0.23511298]], dtype=float32), array([[0.1205506 , 0.6696671 , 0.20978227],
       [0.11949859, 0.6717507 , 0.20875072],
       [0.12020997, 0.67034113, 0.2094489 ]], dtype=float32), array([[0.07229555, 0.7910387 , 0.13666567],
       [0.07117604, 0.7935984 , 0.13522561],
       [0.07199617, 0.79172236, 0.13628145]], dtype=float32)]","[array([3.9605083, 3.9605083, 3.9605083], dtype=float32), array([nan, nan, nan], dtype=float32), array([nan, nan, nan], dtype=float32), array([nan, nan, nan], dtype=float32), array([3.9443202, 3.9443202, 3.9443202], dtype=float32), array([3.953581, 3.953581, 3.953581], dtype=float32), array([3.9597342, 3.9597342, 3.9597342], dtype=float32), array([3.9661582, 3.9661582, 3.9661582], dtype=float32), array([nan, nan, nan], dtype=float32), array([nan, nan, nan], dtype=float32), array([nan, nan, nan], dtype=float32), array([3.9949417, 3.9949417, 3.9949417], dtype=float32), array([nan, nan, nan], dtype=float32), array([4.0101113, 4.0101113, 4.0101113], dtype=float32), array([4.018327, 4.018327, 4.018327], dtype=float32), array([4.0270853, 4.0270853, 4.0270853], dtype=float32), array([nan, nan, nan], dtype=float32), array([nan, nan, nan], dtype=float32), array([4.0515966, 4.0515966, 4.0515966], dtype=float32), array([nan, nan, nan], dtype=float32), array([4.0690584, 4.0690584, 4.0690584], dtype=float32), array([nan, nan, nan], dtype=float32), array([4.085614, 4.085614, 4.085614], dtype=float32), array([4.094022, 4.094022, 4.094022], dtype=float32), array([nan, nan, nan], dtype=float32), array([4.1114597, 4.1114597, 4.1114597], dtype=float32), array([nan, nan, nan], dtype=float32), array([4.1284056, 4.1284056, 4.1284056], dtype=float32), array([4.1372676, 4.1372676, 4.1372676], dtype=float32), array([nan, nan, nan], dtype=float32), array([nan, nan, nan], dtype=float32)]","[array([3.9605098, 3.9605098, 3.9605098], dtype=float32), array([3.9426947, 3.9426947, 3.9426947], dtype=float32), array([3.9397314, 3.9397314, 3.9397314], dtype=float32), array([3.940673, 3.940673, 3.940673], dtype=float32), array([3.9443202, 3.9443202, 3.9443202], dtype=float32), array([3.953582, 3.953582, 3.953582], dtype=float32), array([3.9597352, 3.9597352, 3.9597352], dtype=float32), array([3.9661589, 3.9661589, 3.9661589], dtype=float32), array([3.9715645, 3.9715645, 3.9715645], dtype=float32), array([3.9784555, 3.9784555, 3.9784555], dtype=float32), array([3.9862857, 3.9862857, 3.9862857], dtype=float32), array([3.9949417, 3.9949417, 3.9949417], dtype=float32), array([4.002662, 4.002662, 4.002662], dtype=float32), array([4.010112, 4.010112, 4.010112], dtype=float32), array([4.0183268, 4.0183268, 4.0183268], dtype=float32), array([4.027085, 4.027085, 4.027085], dtype=float32), array([4.036163, 4.036163, 4.036163], dtype=float32), array([4.043446, 4.043446, 4.043446], dtype=float32), array([4.051597, 4.051597, 4.051597], dtype=float32), array([4.0606647, 4.0606647, 4.0606647], dtype=float32), array([4.069058, 4.069058, 4.069058], dtype=float32), array([4.077679, 4.077679, 4.077679], dtype=float32), array([4.0856137, 4.0856137, 4.0856137], dtype=float32), array([4.0940213, 4.0940213, 4.0940213], dtype=float32), array([4.1018977, 4.1018977, 4.1018977], dtype=float32), array([4.111459, 4.111459, 4.111459], dtype=float32), array([4.120126, 4.120126, 4.120126], dtype=float32), array([4.128406, 4.128406, 4.128406], dtype=float32), array([4.1372676, 4.1372676, 4.1372676], dtype=float32), array([4.1444397, 4.1444397, 4.1444397], dtype=float32), array([4.1469193, 4.1469193, 4.1469193], dtype=float32)]",1,0,0,0,0,0,54.50687022900763,55.6618320610687,100000,9.95,0.0003754269654546747,0.00016419398432689807,2000,100000,9.95,2000,0.35555740345369485,0.25323569774627686,50.0,0.0013802934991,-0.30779898166656494,999.0,3.320847936916227e-12,30969,4607.87451171875,0.003547599771991372,0.4722185432910919,1.0,81158,0.0,-0.007791399024426937,0.3410659730434418,1548450,343.98214502679434,50.0,0.0393447157605,0.0013802934991,0.0,999.0,23810,30969,1548450,1.0,0.0,343.98195372045626,0,104968,61938,4650000,93000,3096900,1032.9800670417399,6190161.708462379,6538731.909483293,10.5,0.00015118699743471226,1.0067001111073661,0.17945161512884225,1.0067001111073661,10.02,0.002259423569048522,50.0,100,100100,2.0,6.191971485666418e-05,2,2500,50,0.00029575920393976735,2,9.5,5000,0.00022893551690240626,0.0005249378672238817,100,10.02,5000,10.02,100,1.7212175050324256e-05,3.020999079792257e-05,2.981387690378544e-05,2.2559110942315426e-05,0.00015850185882421364,4.929268573173709e-05,6.96161696389208e-06,7.793950085902997e-06,2.066165990839718e-05,4.4105410488060256e-05,3.434161987057592e-05,0.05723404466822488,0.006946251212578845,0.06338919343205271,0.17458573946545725,0.029705815333422852,0.022636912126226597,0.00018081281549189952,108066,132.6663055419922,0.00125565764028579,0.4722185730934143,1501.0,1.0,-0.0022217510268092155,0.3468656,5403300,0.23233799636363983,1550.0,-0.051279544830322266,498.0,108066,1501.0,0.0,5403300,498.0,1550.0,216132,32550000,10806600,651000,9722.570663453615,4.786616286655099e-05,9.767525208470644e-06,2.7115725361162835e-05,6.172389223029486e-05,9.174677386115638e-06,4.1416216745554716e-05,3.0364718303236016e-05,0.00021677230714916047,4.203991236686956e-05,6.986367883783197e-05,2.435335644403868e-05
