num_training_step_calls_per_iteration,num_env_steps_sampled_lifetime,done,training_iteration,trial_id,date,timestamp,time_this_iter_s,time_total_s,pid,hostname,node_ip,time_since_restore,iterations_since_restore,timers/training_iteration,timers/restore_env_runners,timers/training_step,timers/env_runner_sampling_timer,timers/learner_update_timer,timers/synch_weights,env_runners/num_env_steps_sampled,env_runners/env_to_module_sum_episodes_length_out,env_runners/episode_return_mean,env_runners/episode_len_max,env_runners/episode_return_max,env_runners/env_reset_timer,env_runners/sample,env_runners/num_episodes_lifetime,env_runners/episode_return_min,env_runners/weights_seq_no,env_runners/env_step_timer,env_runners/episode_len_min,env_runners/episode_duration_sec_mean,env_runners/episode_len_mean,env_runners/num_episodes,env_runners/num_env_steps_sampled_lifetime,env_runners/rlmodule_inference_timer,env_runners/env_to_module_sum_episodes_length_in,env_runners/num_env_steps_sampled_lifetime_throughput,__all_modules__/learner_connector_sum_episodes_length_in,__all_modules__/learner_connector_sum_episodes_length_out,learners/IntrinsicRewardsPositive,learners/IntrinsicRewardsNegative,learners/IntrinsicAttentionMask,evaluation/num_healthy_workers,evaluation/actor_manager_num_outstanding_async_reqs,evaluation/num_remote_worker_restarts,fault_tolerance/num_healthy_workers,fault_tolerance/num_remote_worker_restarts,env_runner_group/actor_manager_num_outstanding_async_reqs,perf/cpu_util_percent,perf/ram_util_percent,env_runners/env_to_module_connector/connector_pipeline_timer,env_runners/num_module_steps_sampled/default_policy,env_runners/num_module_steps_sampled_lifetime/default_policy,env_runners/module_to_env_connector/connector_pipeline_timer,env_runners/agent_episode_return_mean/default_agent,env_runners/module_episode_return_mean/default_policy,env_runners/num_agent_steps_sampled_lifetime/default_agent,env_runners/num_agent_steps_sampled/default_agent,__all_modules__/learner_connector/connector_pipeline_timer,learners/intrinsic_reward_module/num_trainable_parameters,learners/intrinsic_reward_module/default_optimizer_learning_rate,learners/intrinsic_reward_module/weights_seq_no,learners/intrinsic_reward_module/module_train_batch_size_mean,learners/intrinsic_reward_module/gradients_default_optimizer_global_norm,learners/intrinsic_reward_module/num_module_steps_trained_lifetime,learners/intrinsic_reward_module/total_loss,learners/intrinsic_reward_module/diff_num_grad_updates_vs_sampler_policy,learners/intrinsic_reward_module/curr_entropy_coeff,learners/intrinsic_reward_module/num_module_steps_trained,learners/intrinsic_reward_module/num_module_steps_trained_lifetime_throughput,learners/default_policy/vf_loss_unclipped,learners/default_policy/use_intrinsic_rewards,learners/default_policy/policy_loss,learners/default_policy/module_train_batch_size_mean,learners/default_policy/vf_loss,learners/default_policy/mean_kl_loss,learners/default_policy/curr_kl_coeff,learners/default_policy/entropy,learners/default_policy/diff_num_grad_updates_vs_sampler_policy,learners/default_policy/curr_entropy_coeff,learners/default_policy/num_module_steps_trained_lifetime,learners/default_policy/num_trainable_parameters,learners/default_policy/total_loss,learners/default_policy/vf_explained_var,learners/default_policy/weights_seq_no,learners/default_policy/num_module_steps_trained,learners/default_policy/num_module_steps_trained_lifetime_throughput,learners/__all_modules__/num_env_steps_trained_lifetime,learners/__all_modules__/num_module_steps_trained_lifetime,learners/__all_modules__/num_module_steps_trained,learners/__all_modules__/num_trainable_parameters,learners/__all_modules__/num_env_steps_trained,learners/__all_modules__/num_non_trainable_parameters,learners/__all_modules__/num_env_steps_trained_lifetime_throughput,learners/__all_modules__/num_module_steps_trained_throughput,learners/__all_modules__/num_module_steps_trained_lifetime_throughput,evaluation/env_runners/env_reset_timer,evaluation/env_runners/rlmodule_inference_timer,evaluation/env_runners/episode_len_min,evaluation/env_runners/env_to_module_sum_episodes_length_in,evaluation/env_runners/num_env_steps_sampled,evaluation/env_runners/episode_return_max,evaluation/env_runners/sample,evaluation/env_runners/episode_return_min,evaluation/env_runners/weights_seq_no,evaluation/env_runners/env_step_timer,evaluation/env_runners/episode_duration_sec_mean,evaluation/env_runners/num_episodes,evaluation/env_runners/num_env_steps_sampled_lifetime,evaluation/env_runners/env_to_module_sum_episodes_length_out,evaluation/env_runners/episode_return_mean,evaluation/env_runners/episode_len_max,evaluation/env_runners/num_episodes_lifetime,evaluation/env_runners/episode_len_mean,evaluation/env_runners/module_to_env_connector/connector_pipeline_timer,evaluation/env_runners/num_module_steps_sampled_lifetime/default_policy,evaluation/env_runners/env_to_module_connector/connector_pipeline_timer,evaluation/env_runners/module_episode_return_mean/default_policy,evaluation/env_runners/num_agent_steps_sampled_lifetime/default_agent,evaluation/env_runners/num_agent_steps_sampled/default_agent,evaluation/env_runners/agent_episode_return_mean/default_agent,evaluation/env_runners/num_module_steps_sampled/default_policy,env_runners/env_to_module_connector/timers/connectors/add_time_dim_to_batch_and_zero_pad,env_runners/env_to_module_connector/timers/connectors/batch_individual_items,env_runners/env_to_module_connector/timers/connectors/add_states_from_episodes_to_batch,env_runners/env_to_module_connector/timers/connectors/add_observations_from_episodes_to_batch,env_runners/env_to_module_connector/timers/connectors/numpy_to_tensor,env_runners/module_to_env_connector/timers/connectors/listify_data_for_vector_env,env_runners/module_to_env_connector/timers/connectors/remove_single_ts_time_rank_from_batch,env_runners/module_to_env_connector/timers/connectors/normalize_and_clip_actions,env_runners/module_to_env_connector/timers/connectors/un_batch_to_individual_items,env_runners/module_to_env_connector/timers/connectors/get_actions,env_runners/module_to_env_connector/timers/connectors/tensor_to_numpy,__all_modules__/learner_connector/timers/connectors/add_one_ts_to_episodes_and_truncate,__all_modules__/learner_connector/timers/connectors/add_observations_from_episodes_to_batch,__all_modules__/learner_connector/timers/connectors/add_columns_from_episodes_to_train_batch,__all_modules__/learner_connector/timers/connectors/add_time_dim_to_batch_and_zero_pad,__all_modules__/learner_connector/timers/connectors/add_states_from_episodes_to_batch,__all_modules__/learner_connector/timers/connectors/batch_individual_items,__all_modules__/learner_connector/timers/connectors/numpy_to_tensor,learners/differentiable_learners/intrinsic_attention_ppo_learner/default_policy/diff_num_grad_updates_vs_sampler_policy,learners/differentiable_learners/intrinsic_attention_ppo_learner/default_policy/num_module_steps_trained_lifetime,learners/differentiable_learners/intrinsic_attention_ppo_learner/default_policy/total_loss,learners/differentiable_learners/intrinsic_attention_ppo_learner/default_policy/entropy,learners/differentiable_learners/intrinsic_attention_ppo_learner/default_policy/num_module_steps_trained,learners/differentiable_learners/intrinsic_attention_ppo_learner/default_policy/vf_explained_var,learners/differentiable_learners/intrinsic_attention_ppo_learner/default_policy/weights_seq_no,learners/differentiable_learners/intrinsic_attention_ppo_learner/default_policy/vf_loss_unclipped,learners/differentiable_learners/intrinsic_attention_ppo_learner/default_policy/use_intrinsic_rewards,learners/differentiable_learners/intrinsic_attention_ppo_learner/default_policy/policy_loss,learners/differentiable_learners/intrinsic_attention_ppo_learner/default_policy/module_train_batch_size_mean,learners/differentiable_learners/intrinsic_attention_ppo_learner/default_policy/vf_loss,learners/differentiable_learners/intrinsic_attention_ppo_learner/default_policy/mean_kl_loss,learners/differentiable_learners/intrinsic_attention_ppo_learner/intrinsic_reward_module/diff_num_grad_updates_vs_sampler_policy,learners/differentiable_learners/intrinsic_attention_ppo_learner/intrinsic_reward_module/num_module_steps_trained_lifetime,learners/differentiable_learners/intrinsic_attention_ppo_learner/intrinsic_reward_module/total_loss,learners/differentiable_learners/intrinsic_attention_ppo_learner/intrinsic_reward_module/weights_seq_no,learners/differentiable_learners/intrinsic_attention_ppo_learner/intrinsic_reward_module/num_module_steps_trained,learners/differentiable_learners/intrinsic_attention_ppo_learner/intrinsic_reward_module/module_train_batch_size_mean,learners/differentiable_learners/intrinsic_attention_ppo_learner/__all_modules__/num_module_steps_trained_lifetime,learners/differentiable_learners/intrinsic_attention_ppo_learner/__all_modules__/num_env_steps_trained,learners/differentiable_learners/intrinsic_attention_ppo_learner/__all_modules__/num_module_steps_trained,learners/differentiable_learners/intrinsic_attention_ppo_learner/__all_modules__/num_env_steps_trained_lifetime,learners/differentiable_learners/intrinsic_attention_ppo_learner/__all_modules__/num_env_steps_trained_lifetime_throughput,evaluation/env_runners/module_to_env_connector/timers/connectors/un_batch_to_individual_items,evaluation/env_runners/module_to_env_connector/timers/connectors/get_actions,evaluation/env_runners/module_to_env_connector/timers/connectors/normalize_and_clip_actions,evaluation/env_runners/module_to_env_connector/timers/connectors/tensor_to_numpy,evaluation/env_runners/module_to_env_connector/timers/connectors/listify_data_for_vector_env,evaluation/env_runners/module_to_env_connector/timers/connectors/remove_single_ts_time_rank_from_batch,evaluation/env_runners/env_to_module_connector/timers/connectors/add_time_dim_to_batch_and_zero_pad,evaluation/env_runners/env_to_module_connector/timers/connectors/batch_individual_items,evaluation/env_runners/env_to_module_connector/timers/connectors/add_observations_from_episodes_to_batch,evaluation/env_runners/env_to_module_connector/timers/connectors/add_states_from_episodes_to_batch,evaluation/env_runners/env_to_module_connector/timers/connectors/numpy_to_tensor
1,2000,False,1,ca05a_00000,2025-08-17_23-17-00,1755472620,89.52084636688232,89.52084636688232,758452,intrinsic-attention2,10.156.0.3,89.52084636688232,1,89.31855869101128,1.9573999452404678e-05,89.31831077599782,2.5619053109985543,86.41421169899695,0.001989379001315683,2000,1.0067001111072869,0.73,2,10.5,0.0002652160037541762,2.530122576994472,1000,-10.5,0.0,4.644085704562946e-05,2,0.0015479189206962474,2.0,1000,2000,9.976075250949925e-05,1.0067001111072869,788.3812120220821,2000,3000,"[array([0., 0., 0.], dtype=float32), array([-0.03929343, -0.03929343, -0.03929343], dtype=float32), array([-0.07859527, -0.07859527, -0.07859527], dtype=float32), array([-0.11762512, -0.11762512, -0.11762512], dtype=float32), array([-0.15603408, -0.15603408, -0.15603408], dtype=float32), array([-0.18613762, -0.18613762, -0.18613762], dtype=float32), array([-0.17860506, -0.17860506, -0.17860506], dtype=float32), array([-0.172793, -0.172793, -0.172793], dtype=float32), array([-0.1624423, -0.1624423, -0.1624423], dtype=float32), array([-0.15316924, -0.15316924, -0.15316924], dtype=float32), array([-0.14896858, -0.14896858, -0.14896858], dtype=float32), array([-0.15059231, -0.15059231, -0.15059231], dtype=float32), array([-0.15217397, -0.15217397, -0.15217397], dtype=float32), array([-0.15384242, -0.15384242, -0.15384242], dtype=float32), array([-0.15551886, -0.15551886, -0.15551886], dtype=float32), array([-0.15788768, -0.15788768, -0.15788768], dtype=float32), array([-0.1589372, -0.1589372, -0.1589372], dtype=float32), array([-0.15428771, -0.15428771, -0.15428771], dtype=float32), array([-0.15294674, -0.15294674, -0.15294674], dtype=float32), array([-0.16584374, -0.16584374, -0.16584374], dtype=float32), array([-0.17889331, -0.17889331, -0.17889331], dtype=float32), array([-0.19136539, -0.19136539, -0.19136539], dtype=float32), array([-0.20329043, -0.20329043, -0.20329043], dtype=float32), array([-0.21524169, -0.21524169, -0.21524169], dtype=float32), array([-0.22794047, -0.22794047, -0.22794047], dtype=float32), array([-0.2410009, -0.2410009, -0.2410009], dtype=float32), array([-0.25495166, -0.25495166, -0.25495166], dtype=float32), array([-0.2746863, -0.2746863, -0.2746863], dtype=float32), array([-0.29396835, -0.29396835, -0.29396835], dtype=float32), array([-0.31311497, -0.31311497, -0.31311497], dtype=float32), array([-0.33110875, -0.33110875, -0.33110875], dtype=float32)]","[array([0., 0., 0.], dtype=float32), array([-0.03929343, -0.03929343, -0.03929343], dtype=float32), array([-0.07859527, -0.07859527, -0.07859527], dtype=float32), array([-0.11762512, -0.11762512, -0.11762512], dtype=float32), array([-0.15603408, -0.15603408, -0.15603408], dtype=float32), array([-0.1861376, -0.1861376, -0.1861376], dtype=float32), array([-0.17860505, -0.17860505, -0.17860505], dtype=float32), array([-0.172793, -0.172793, -0.172793], dtype=float32), array([-0.1624423, -0.1624423, -0.1624423], dtype=float32), array([-0.15316924, -0.15316924, -0.15316924], dtype=float32), array([-0.14896858, -0.14896858, -0.14896858], dtype=float32), array([-0.15059233, -0.15059233, -0.15059233], dtype=float32), array([-0.15217397, -0.15217397, -0.15217397], dtype=float32), array([-0.15384242, -0.15384242, -0.15384242], dtype=float32), array([-0.15551886, -0.15551886, -0.15551886], dtype=float32), array([-0.15788768, -0.15788768, -0.15788768], dtype=float32), array([-0.1589372, -0.1589372, -0.1589372], dtype=float32), array([-0.15428773, -0.15428773, -0.15428773], dtype=float32), array([-0.15294673, -0.15294673, -0.15294673], dtype=float32), array([-0.16584374, -0.16584374, -0.16584374], dtype=float32), array([-0.17889331, -0.17889331, -0.17889331], dtype=float32), array([-0.1913654, -0.1913654, -0.1913654], dtype=float32), array([-0.20329045, -0.20329045, -0.20329045], dtype=float32), array([-0.21524167, -0.21524167, -0.21524167], dtype=float32), array([-0.2279405, -0.2279405, -0.2279405], dtype=float32), array([-0.24100092, -0.24100092, -0.24100092], dtype=float32), array([-0.25495166, -0.25495166, -0.25495166], dtype=float32), array([-0.2746863, -0.2746863, -0.2746863], dtype=float32), array([-0.29396838, -0.29396838, -0.29396838], dtype=float32), array([-0.31311497, -0.31311497, -0.31311497], dtype=float32), array([-0.33110872, -0.33110872, -0.33110872], dtype=float32)]","[array([[0.33347273, 0.33304712, 0.33348015],
       [0.28737313, 0.4272334 , 0.28539354],
       [0.33422855, 0.33149514, 0.33427638]], dtype=float32), array([[0.33890203, 0.32035738, 0.3407406 ],
       [0.3118227 , 0.38241288, 0.3057644 ],
       [0.3413248 , 0.31467184, 0.34400338]], dtype=float32), array([[0.3142125 , 0.3758031 , 0.30998442],
       [0.26332378, 0.48525792, 0.2514183 ],
       [0.31781277, 0.3678736 , 0.31431365]], dtype=float32), array([[0.33586857, 0.32808024, 0.3360512 ],
       [0.28584838, 0.43101045, 0.28314123],
       [0.33694863, 0.32584095, 0.33721045]], dtype=float32), array([[0.31384963, 0.37117913, 0.3149713 ],
       [0.23126948, 0.5333154 , 0.23541516],
       [0.3121629 , 0.37446392, 0.31337315]], dtype=float32), array([[0.34695083, 0.3064288 , 0.34662038],
       [0.2829127 , 0.43324807, 0.28383926],
       [0.34649763, 0.3073235 , 0.34617883]], dtype=float32), array([[0.33193246, 0.33624086, 0.33182675],
       [0.25548396, 0.4931484 , 0.25136766],
       [0.3336613 , 0.33265245, 0.33368626]], dtype=float32), array([[0.3327904 , 0.33472475, 0.33248484],
       [0.27740234, 0.46719274, 0.25540495],
       [0.34025088, 0.3153802 , 0.34436893]], dtype=float32), array([[0.33720255, 0.32469493, 0.33810255],
       [0.27868178, 0.45197922, 0.26933894],
       [0.34089893, 0.31640497, 0.3426961 ]], dtype=float32), array([[0.31212127, 0.3807237 , 0.30715504],
       [0.25892973, 0.49535143, 0.24571878],
       [0.3161302 , 0.37185594, 0.31201392]], dtype=float32), array([[0.33204475, 0.33689183, 0.33106336],
       [0.29466754, 0.43293375, 0.27239877],
       [0.33860818, 0.31852952, 0.34286225]], dtype=float32), array([[0.35857603, 0.2996131 , 0.34181082],
       [0.25160006, 0.4539429 , 0.29445705],
       [0.32974106, 0.33826673, 0.33199224]], dtype=float32), array([[0.3522684 , 0.30389082, 0.34384084],
       [0.27492395, 0.4293152 , 0.29576093],
       [0.3398399 , 0.32311916, 0.33704096]], dtype=float32), array([[0.33790162, 0.32383013, 0.33826828],
       [0.2927857 , 0.41705784, 0.29015642],
       [0.33897573, 0.32159325, 0.33943102]], dtype=float32), array([[0.3111967 , 0.38254172, 0.30626163],
       [0.25570324, 0.50159395, 0.24270277],
       [0.31521207, 0.37370387, 0.31108406]], dtype=float32), array([[0.33192217, 0.3372147 , 0.33086306],
       [0.29233313, 0.43830115, 0.2693658 ],
       [0.33876562, 0.31814268, 0.34309164]], dtype=float32), array([[0.31247017, 0.37376747, 0.31376237],
       [0.23743716, 0.52078986, 0.24177295],
       [0.3108046 , 0.377005  , 0.31219038]], dtype=float32), array([[0.31003878, 0.38493398, 0.30502725],
       [0.24825247, 0.5168334 , 0.23491405],
       [0.3143778 , 0.37541783, 0.31020436]], dtype=float32), array([[0.3475096 , 0.30542696, 0.34706345],
       [0.28919226, 0.42053577, 0.29027197],
       [0.34697118, 0.3064858 , 0.346543  ]], dtype=float32), array([[0.35843214, 0.29076436, 0.35080352],
       [0.2771735 , 0.43266645, 0.29016006],
       [0.3504837 , 0.30411014, 0.34540626]], dtype=float32), array([[0.33794466, 0.32315633, 0.33889902],
       [0.26808712, 0.4732581 , 0.25865477],
       [0.34184915, 0.31450054, 0.34365034]], dtype=float32), array([[0.35459176, 0.29943058, 0.3459776 ],
       [0.25294128, 0.4702438 , 0.27681488],
       [0.34021926, 0.32223797, 0.33754283]], dtype=float32), array([[0.3629114 , 0.2925763 , 0.34451225],
       [0.22260198, 0.50597245, 0.27142555],
       [0.32851744, 0.34018457, 0.33129796]], dtype=float32), array([[0.36344185, 0.2917375 , 0.34482068],
       [0.21968013, 0.5114042 , 0.26891565],
       [0.32850415, 0.34022415, 0.33127174]], dtype=float32), array([[0.33093175, 0.33826396, 0.33080426],
       [0.2393647 , 0.52454937, 0.23608594],
       [0.33240327, 0.33524314, 0.33235356]], dtype=float32), array([[0.34923926, 0.3016635 , 0.3490973 ],
       [0.27233055, 0.45495063, 0.2727188 ],
       [0.34904563, 0.30204886, 0.34890553]], dtype=float32), array([[0.35861468, 0.2927941 , 0.34859118],
       [0.24356532, 0.48801756, 0.2684171 ],
       [0.34306586, 0.3175544 , 0.3393797 ]], dtype=float32), array([[0.3518289 , 0.30511418, 0.3430569 ],
       [0.22042611, 0.5226977 , 0.25687623],
       [0.32864034, 0.34062615, 0.33073345]], dtype=float32), array([[0.36505926, 0.28897345, 0.34596735],
       [0.20628174, 0.5367345 , 0.2569838 ],
       [0.32789665, 0.34119666, 0.33090666]], dtype=float32), array([[0.34848633, 0.3060463 , 0.3454674 ],
       [0.24522516, 0.4976419 , 0.2571329 ],
       [0.34199968, 0.31768623, 0.34031403]], dtype=float32), array([[0.30305406, 0.39963862, 0.29730734],
       [0.20679112, 0.6011384 , 0.19207045],
       [0.309285  , 0.38614407, 0.3045709 ]], dtype=float32)]",1,0,0,0,0,0,52.4390625,33.52812499999999,0.00016246131135511395,2000,2000,0.0003656636856192508,0.73,0.73,2000,2000,0.33162191401061136,23810,0.0393447157605,1.0,999.0,0.0,30969,0.0,1.0,0.0013802934991,30969,363.30987882030814,123.07769012451172,0.0,-0.12765204906463623,999.0,0.4722185432910919,0.03676203265786171,0.2404155135154724,0.6563124656677246,1.0,0.0013802934991,30969,81158,0.2265409678220749,0.0008538365364074707,1.0,30969,363.31214678812853,93000,61938,61938,104968,93000,0,1091.0363035584041,6324050.0378351025,6568173.374189221,0.00033021099807228893,0.00022883069335545662,2,0.7837645722890833,100,10.5,0.1837278159946436,-10.5,1.0,8.336008028743598e-05,0.0022588375202030873,50,2100,0.7837645722890833,3.2,2,50,2.0,0.000739388344665098,100,0.0003505414411261207,3.2,100,100,3.2,100,2.035875034206801e-05,3.347364704671534e-05,6.605172911365456e-06,7.572878980881635e-06,4.590486026571602e-05,2.937643524515832e-05,2.8728989931331806e-05,2.2121765281015963e-05,1.620259239354065e-05,0.00015383625651984947,4.861914269351473e-05,0.052985007991082966,0.006647057001828216,0.04979887399531435,0.1739537149987882,0.030771726989769377,0.01654896599939093,0.00016342299932148308,31.0,108066,0.21990567,0.6581151485443115,108066,-0.00010704994201660156,31.0,92.16301727294922,1.0,-0.1340423822402954,498.0,0.4722185730934143,0.035249028354883194,31.0,108066,0.0,31.0,108066,498.0,216132,651000,216132,651000,13179.71824529161,2.807575553963127e-05,0.0003276908242779964,5.999242301370642e-05,0.00011461237626063722,4.513816991458961e-05,4.827782422525791e-05,3.295750908935894e-05,5.526944333520104e-05,1.2789114823366948e-05,1.0264928889970705e-05,0.00010984130000785033
1,4000,False,2,ca05a_00000,2025-08-17_23-18-29,1755472709,89.28338313102722,178.80422949790955,758452,intrinsic-attention2,10.156.0.3,178.80422949790955,2,89.31656459207109,1.9535489554982634e-05,89.31631499080787,2.5623786278786427,86.41187065585706,0.0019877012712822763,2000,1.0067001111073661,2.83,2,10.5,0.0002652160037541762,2.5306042209244333,2000,-10.5,1.0,4.664340771187803e-05,2,0.0015652995392156299,2.0,1000,4000,0.00010026222284910683,1.0067001111073661,786.4660466483205,2000.0,3000.0,"[array([-0.34912986, -0.34912986, -0.34912986], dtype=float32), array([-0.34928134, -0.34928134, -0.34928134], dtype=float32), array([-0.34796053, -0.34796053, -0.34796053], dtype=float32), array([-0.3426165, -0.3426165, -0.3426165], dtype=float32), array([-0.33674222, -0.33674222, -0.33674222], dtype=float32), array([-0.33523753, -0.33523753, -0.33523753], dtype=float32), array([-0.33133656, -0.33133656, -0.33133656], dtype=float32), array([-0.3242486, -0.3242486, -0.3242486], dtype=float32), array([-0.31465155, -0.31465155, -0.31465155], dtype=float32), array([-0.29850858, -0.29850858, -0.29850858], dtype=float32), array([-0.2771824, -0.2771824, -0.2771824], dtype=float32), array([-0.25175124, -0.25175124, -0.25175124], dtype=float32), array([-0.23006518, -0.23006518, -0.23006518], dtype=float32), array([-0.20719878, -0.20719878, -0.20719878], dtype=float32), array([-0.18172294, -0.18172294, -0.18172294], dtype=float32), array([-0.15237136, -0.15237136, -0.15237136], dtype=float32), array([-0.13670854, -0.13670854, -0.13670854], dtype=float32), array([-0.12004422, -0.12004422, -0.12004422], dtype=float32), array([-0.10243532, -0.10243532, -0.10243532], dtype=float32), array([-0.08542196, -0.08542196, -0.08542196], dtype=float32), array([-0.06907473, -0.06907473, -0.06907473], dtype=float32), array([-0.05226254, -0.05226254, -0.05226254], dtype=float32), array([-0.03663522, -0.03663522, -0.03663522], dtype=float32), array([-0.02198452, -0.02198452, -0.02198452], dtype=float32), array([-0.00697398, -0.00697398, -0.00697398], dtype=float32), array([0.00769593, 0.00769593, 0.00769593], dtype=float32), array([0.02143495, 0.02143495, 0.02143495], dtype=float32), array([0.03437516, 0.03437516, 0.03437516], dtype=float32), array([0.04530102, 0.04530102, 0.04530102], dtype=float32), array([0.05884647, 0.05884647, 0.05884647], dtype=float32), array([0.07135342, 0.07135342, 0.07135342], dtype=float32)]","[array([-0.34912983, -0.34912983, -0.34912983], dtype=float32), array([-0.34928134, -0.34928134, -0.34928134], dtype=float32), array([-0.34796053, -0.34796053, -0.34796053], dtype=float32), array([-0.3426165, -0.3426165, -0.3426165], dtype=float32), array([-0.3367422, -0.3367422, -0.3367422], dtype=float32), array([-0.33523753, -0.33523753, -0.33523753], dtype=float32), array([-0.33133653, -0.33133653, -0.33133653], dtype=float32), array([-0.32424858, -0.32424858, -0.32424858], dtype=float32), array([-0.31465155, -0.31465155, -0.31465155], dtype=float32), array([-0.29850858, -0.29850858, -0.29850858], dtype=float32), array([-0.2771824, -0.2771824, -0.2771824], dtype=float32), array([-0.25175124, -0.25175124, -0.25175124], dtype=float32), array([-0.23006518, -0.23006518, -0.23006518], dtype=float32), array([-0.20719878, -0.20719878, -0.20719878], dtype=float32), array([-0.18172297, -0.18172297, -0.18172297], dtype=float32), array([-0.15237138, -0.15237138, -0.15237138], dtype=float32), array([-0.13670853, -0.13670853, -0.13670853], dtype=float32), array([-0.12004422, -0.12004422, -0.12004422], dtype=float32), array([-0.10243531, -0.10243531, -0.10243531], dtype=float32), array([-0.08542196, -0.08542196, -0.08542196], dtype=float32), array([-0.06907473, -0.06907473, -0.06907473], dtype=float32), array([-0.05226254, -0.05226254, -0.05226254], dtype=float32), array([-0.03663522, -0.03663522, -0.03663522], dtype=float32), array([-0.02198452, -0.02198452, -0.02198452], dtype=float32), array([-0.00697397, -0.00697397, -0.00697397], dtype=float32), array([0.00769593, 0.00769593, 0.00769593], dtype=float32), array([0.02143495, 0.02143495, 0.02143495], dtype=float32), array([0.03437516, 0.03437516, 0.03437516], dtype=float32), array([0.04530102, 0.04530102, 0.04530102], dtype=float32), array([0.05884646, 0.05884646, 0.05884646], dtype=float32), array([0.07135342, 0.07135342, 0.07135342], dtype=float32)]","[array([[0.33108962, 0.33792755, 0.3309828 ],
       [0.22256577, 0.5580745 , 0.21935976],
       [0.3326485 , 0.33473593, 0.33261564]], dtype=float32), array([[0.34624478, 0.309537  , 0.34421828],
       [0.2514858 , 0.48813877, 0.26037553],
       [0.341612  , 0.3180523 , 0.34033576]], dtype=float32), array([[0.35649148, 0.29636934, 0.34713924],
       [0.24474336, 0.48518074, 0.2700759 ],
       [0.3408815 , 0.32114998, 0.33796856]], dtype=float32), array([[0.31523833, 0.37669292, 0.30806878],
       [0.24941573, 0.5239735 , 0.22661066],
       [0.3228457 , 0.35866687, 0.3184874 ]], dtype=float32), array([[0.34486845, 0.31282675, 0.34230474],
       [0.27351   , 0.44271293, 0.283777  ],
       [0.33965933, 0.32206127, 0.33827943]], dtype=float32), array([[0.31059527, 0.39454547, 0.29485917],
       [0.2695562 , 0.4941525 , 0.23629129],
       [0.31858504, 0.37368545, 0.3077295 ]], dtype=float32), array([[0.32004988, 0.37867048, 0.3012796 ],
       [0.29532477, 0.45103893, 0.25363624],
       [0.32761616, 0.35364577, 0.31873807]], dtype=float32), array([[0.33462226, 0.3302185 , 0.33515927],
       [0.29956213, 0.41223124, 0.28820664],
       [0.33847746, 0.3208463 , 0.34067628]], dtype=float32), array([[0.31451443, 0.37611413, 0.30937147],
       [0.2788972 , 0.45448098, 0.26662186],
       [0.3176151 , 0.36914092, 0.313244  ]], dtype=float32), array([[0.3428334 , 0.3169039 , 0.34026277],
       [0.30951393, 0.37521735, 0.31526878],
       [0.3397158 , 0.32227725, 0.3380069 ]], dtype=float32), array([[0.32335663, 0.36304083, 0.3136026 ],
       [0.30587998, 0.41129044, 0.28282958],
       [0.32759318, 0.35065857, 0.32174823]], dtype=float32), array([[0.34468883, 0.3156103 , 0.33970088],
       [0.31449303, 0.36340448, 0.32210255],
       [0.33974487, 0.3232887 , 0.33696645]], dtype=float32), array([[0.3481633 , 0.31260797, 0.33922872],
       [0.31134737, 0.3651046 , 0.32354808],
       [0.33929992, 0.3249263 , 0.3357739 ]], dtype=float32), array([[0.33917707, 0.3199432 , 0.3408797 ],
       [0.32643214, 0.34900233, 0.32456553],
       [0.3402332 , 0.3175104 , 0.34225637]], dtype=float32), array([[0.32523417, 0.3595943 , 0.31517163],
       [0.31333834, 0.3952983 , 0.2913634 ],
       [0.32866713, 0.34869316, 0.32263976]], dtype=float32), array([[0.31939662, 0.36577308, 0.3148302 ],
       [0.2993852 , 0.41114873, 0.28946614],
       [0.3214356 , 0.3610744 , 0.31748998]], dtype=float32), array([[0.34040838, 0.321344  , 0.3382477 ],
       [0.31963444, 0.35682082, 0.3235447 ],
       [0.3381421 , 0.32517365, 0.33668426]], dtype=float32), array([[0.34335282, 0.3180668 , 0.33858034],
       [0.31758553, 0.35782096, 0.32459348],
       [0.3386699 , 0.32517135, 0.33615878]], dtype=float32), array([[0.3393686 , 0.32482666, 0.33580467],
       [0.30917862, 0.3683187 , 0.32250273],
       [0.33209842, 0.33508554, 0.33281603]], dtype=float32), array([[0.33692205, 0.3263102 , 0.33676776],
       [0.32302204, 0.35353822, 0.32343972],
       [0.33672675, 0.3266923 , 0.336581  ]], dtype=float32), array([[0.3513298 , 0.31319004, 0.33548018],
       [0.30201414, 0.3702269 , 0.32775906],
       [0.33130193, 0.3356545 , 0.33304358]], dtype=float32), array([[0.3285474 , 0.35758677, 0.31386584],
       [0.32341707, 0.38020897, 0.29637402],
       [0.33101147, 0.34558722, 0.3234013 ]], dtype=float32), array([[0.33856463, 0.32612947, 0.33530587],
       [0.31241447, 0.36284974, 0.32473576],
       [0.33180463, 0.33545193, 0.3327435 ]], dtype=float32), array([[0.34418574, 0.31579354, 0.34002072],
       [0.3273789 , 0.34306788, 0.32955322],
       [0.34182838, 0.31958094, 0.33859062]], dtype=float32), array([[0.33794928, 0.32284793, 0.3392028 ],
       [0.32974067, 0.34144914, 0.3288102 ],
       [0.33859983, 0.32136464, 0.3400355 ]], dtype=float32), array([[0.33279637, 0.33721888, 0.32998478],
       [0.3300577 , 0.3549569 , 0.31498542],
       [0.3342817 , 0.3260102 , 0.3397081 ]], dtype=float32), array([[0.33309472, 0.33433244, 0.3325729 ],
       [0.32788906, 0.355081  , 0.31703   ],
       [0.3351121 , 0.32572812, 0.3391598 ]], dtype=float32), array([[0.34447017, 0.3187576 , 0.33677226],
       [0.32178506, 0.3487867 , 0.3294282 ],
       [0.33785447, 0.32737747, 0.33476803]], dtype=float32), array([[0.34428182, 0.31908897, 0.33662918],
       [0.32235414, 0.3479288 , 0.329717  ],
       [0.33778784, 0.3275006 , 0.3347116 ]], dtype=float32), array([[0.34406474, 0.31948644, 0.33644882],
       [0.32307172, 0.34685177, 0.33007646],
       [0.33771586, 0.32764268, 0.33464143]], dtype=float32), array([[0.33943728, 0.32198694, 0.33857578],
       [0.33089525, 0.3378767 , 0.33122808],
       [0.33902985, 0.32274306, 0.33822712]], dtype=float32)]",1,0,0,0,0,0,52.707086614173235,32.78897637795275,0.0001609560396599957,2000,4000,0.0003668311666935718,2.83,2.83,4000,2000,0.33151601134057274,23810,0.0393447157605,2.0,999.0,0.0,61938,0.0,1.0,0.0013802934991,30969,362.9687008469615,135.9186248779297,0.0,-0.13388118147850037,999.0,0.4722185432910919,0.06471065431833267,0.3606232702732086,0.5172203183174133,1.0,0.0013802934991,61938,81158,0.2301691770553589,-0.0028769969940185547,2.0,30969,362.9708825121949,186000,123876,61938,104968,93000,0,1090.0111337239498,6314945.894928434,6564997.555455801,0.0003287190280389041,0.00013901516631869732,2,0.9573306375970015,100,10.5,0.18338130064483266,-10.5,2.0,5.727986761207889e-05,0.002045109380123904,50,4100,0.9573306375970015,5.0,2,100,2.0,0.00047860340046993035,200,0.00021479747219985777,5.0,200,100,5.0,100,2.0459532549312322e-05,3.3745012435794124e-05,6.571320997866315e-06,7.403608537442807e-06,4.374576504775848e-05,2.9667744004311592e-05,2.9481578522758163e-05,2.274713294484003e-05,1.6543654510691024e-05,0.00015228351671824002,4.8636216751702e-05,0.05299952222107095,0.006647539341793162,0.04978666613533278,0.17387469916880943,0.030752495209890186,0.01653891686946736,0.0001634538293001242,61.0,216132,0.24906017,0.5111836791038513,108066,-5.3048133850097656e-05,62.0,91.77727508544922,1.0,-0.1105903834104538,498.0,0.4722185730934143,0.06956278532743454,61.0,216132,0.0,62.0,108066,498.0,432264,651000,216132,1302000,13040.687540064053,2.0047632740713926e-05,0.000205563282587533,3.2000683389029195e-05,6.694807344623382e-05,3.472091913352893e-05,3.531651637801688e-05,2.42227317054252e-05,4.17645674079626e-05,9.087942079480083e-06,7.834903143738945e-06,6.126393681757925e-05
1,6000,False,3,ca05a_00000,2025-08-17_23-19-58,1755472798,88.96595287322998,267.7701823711395,758452,intrinsic-attention2,10.156.0.3,267.7701823711395,3,89.31113385425033,1.9502934647607617e-05,89.31088295098975,2.5627679843299367,86.40614961422843,0.0019872230785738794,2000,1.0067001111073661,6.96,2,10.5,0.0002652160037541762,2.5309990432851426,3000,-10.5,2.0,4.501764273952e-05,2,0.001489713289483916,2.0,1000,6000,9.446460104219511e-05,1.0067001111073661,782.8274171611279,2000.0,3000.0,"[array([0.08210655, 0.08210655, 0.08210655], dtype=float32), array([0.08977576, 0.08977576, 0.08977576], dtype=float32), array([0.09232958, 0.09232958, 0.09232958], dtype=float32), array([0.09502736, 0.09502736, 0.09502736], dtype=float32), array([0.09573659, 0.09573659, 0.09573659], dtype=float32), array([0.10473155, 0.10473155, 0.10473155], dtype=float32), array([0.10613979, 0.10613979, 0.10613979], dtype=float32), array([0.10952068, 0.10952068, 0.10952068], dtype=float32), array([0.1064615, 0.1064615, 0.1064615], dtype=float32), array([0.10092005, 0.10092005, 0.10092005], dtype=float32), array([0.09760142, 0.09760142, 0.09760142], dtype=float32), array([0.09197067, 0.09197067, 0.09197067], dtype=float32), array([0.08026018, 0.08026018, 0.08026018], dtype=float32), array([0.0661177, 0.0661177, 0.0661177], dtype=float32), array([0.05611889, 0.05611889, 0.05611889], dtype=float32), array([0.03820229, 0.03820229, 0.03820229], dtype=float32), array([0.02373067, 0.02373067, 0.02373067], dtype=float32), array([0.01100671, 0.01100671, 0.01100671], dtype=float32), array([-0.01159178, -0.01159178, -0.01159178], dtype=float32), array([-0.02785143, -0.02785143, -0.02785143], dtype=float32), array([-0.04868055, -0.04868055, -0.04868055], dtype=float32), array([-0.07311315, -0.07311315, -0.07311315], dtype=float32), array([-0.09053417, -0.09053417, -0.09053417], dtype=float32), array([-0.11441921, -0.11441921, -0.11441921], dtype=float32), array([-0.13840844, -0.13840844, -0.13840844], dtype=float32), array([-0.16651621, -0.16651621, -0.16651621], dtype=float32), array([-0.19091436, -0.19091436, -0.19091436], dtype=float32), array([-0.21855666, -0.21855666, -0.21855666], dtype=float32), array([-0.24230643, -0.24230643, -0.24230643], dtype=float32), array([-0.26609087, -0.26609087, -0.26609087], dtype=float32), array([-0.29569477, -0.29569477, -0.29569477], dtype=float32)]","[array([0.08210655, 0.08210655, 0.08210655], dtype=float32), array([0.08977576, 0.08977576, 0.08977576], dtype=float32), array([0.09232958, 0.09232958, 0.09232958], dtype=float32), array([0.09502737, 0.09502737, 0.09502737], dtype=float32), array([0.09573659, 0.09573659, 0.09573659], dtype=float32), array([0.10473155, 0.10473155, 0.10473155], dtype=float32), array([0.10613978, 0.10613978, 0.10613978], dtype=float32), array([0.10952068, 0.10952068, 0.10952068], dtype=float32), array([0.10646149, 0.10646149, 0.10646149], dtype=float32), array([0.10092005, 0.10092005, 0.10092005], dtype=float32), array([0.09760142, 0.09760142, 0.09760142], dtype=float32), array([0.09197067, 0.09197067, 0.09197067], dtype=float32), array([0.08026017, 0.08026017, 0.08026017], dtype=float32), array([0.0661177, 0.0661177, 0.0661177], dtype=float32), array([0.05611889, 0.05611889, 0.05611889], dtype=float32), array([0.03820229, 0.03820229, 0.03820229], dtype=float32), array([0.02373067, 0.02373067, 0.02373067], dtype=float32), array([0.01100671, 0.01100671, 0.01100671], dtype=float32), array([-0.01159178, -0.01159178, -0.01159178], dtype=float32), array([-0.02785144, -0.02785144, -0.02785144], dtype=float32), array([-0.04868055, -0.04868055, -0.04868055], dtype=float32), array([-0.07311314, -0.07311314, -0.07311314], dtype=float32), array([-0.09053417, -0.09053417, -0.09053417], dtype=float32), array([-0.11441921, -0.11441921, -0.11441921], dtype=float32), array([-0.13840845, -0.13840845, -0.13840845], dtype=float32), array([-0.16651621, -0.16651621, -0.16651621], dtype=float32), array([-0.19091435, -0.19091435, -0.19091435], dtype=float32), array([-0.21855666, -0.21855666, -0.21855666], dtype=float32), array([-0.24230641, -0.24230641, -0.24230641], dtype=float32), array([-0.2660909, -0.2660909, -0.2660909], dtype=float32), array([-0.29569474, -0.29569474, -0.29569474], dtype=float32)]","[array([[0.34882432, 0.3155637 , 0.33561197],
       [0.3222569 , 0.3463921 , 0.331351  ],
       [0.3385388 , 0.32729858, 0.33416262]], dtype=float32), array([[0.32363966, 0.3566304 , 0.31972995],
       [0.3126545 , 0.3824839 , 0.3048616 ],
       [0.3249761 , 0.35344717, 0.3215767 ]], dtype=float32), array([[0.35370123, 0.3111189 , 0.33517984],
       [0.32000247, 0.34838673, 0.33161074],
       [0.33947498, 0.32653636, 0.33398867]], dtype=float32), array([[0.33345428, 0.33941412, 0.32713154],
       [0.33348003, 0.35066095, 0.31585905],
       [0.3331407 , 0.32738492, 0.33947435]], dtype=float32), array([[0.34771943, 0.3137241 , 0.3385565 ],
       [0.32908022, 0.33923367, 0.33168617],
       [0.34288606, 0.3202522 , 0.3368617 ]], dtype=float32), array([[0.33775568, 0.32369286, 0.3385514 ],
       [0.33155498, 0.33719954, 0.33124545],
       [0.33809406, 0.32295376, 0.33895218]], dtype=float32), array([[0.34961694, 0.31512186, 0.33526126],
       [0.323316  , 0.344845  , 0.33183897],
       [0.33894756, 0.32698503, 0.3340674 ]], dtype=float32), array([[0.3485259 , 0.31802255, 0.33345157],
       [0.31488487, 0.3525695 , 0.33254567],
       [0.33214867, 0.334547  , 0.3333043 ]], dtype=float32), array([[0.35305804, 0.31297803, 0.33396393],
       [0.32378036, 0.3434898 , 0.33272988],
       [0.3394606 , 0.32692263, 0.33361682]], dtype=float32), array([[0.33133957, 0.35125393, 0.3174065 ],
       [0.32983485, 0.36244062, 0.30772457],
       [0.33231205, 0.34309712, 0.32459086]], dtype=float32), array([[0.34409738, 0.3201779 , 0.33572477],
       [0.32633623, 0.3420409 , 0.33162278],
       [0.33801126, 0.3275806 , 0.3344082 ]], dtype=float32), array([[0.33160692, 0.34032157, 0.3280715 ],
       [0.32764247, 0.3556241 , 0.31673345],
       [0.33315057, 0.33408368, 0.3327658 ]], dtype=float32), array([[0.33519492, 0.3520937 , 0.31271133],
       [0.33569   , 0.35913876, 0.30517122],
       [0.3343121 , 0.34219366, 0.32349423]], dtype=float32), array([[0.33619943, 0.32802507, 0.3357755 ],
       [0.32988963, 0.33972365, 0.33038673],
       [0.3358781 , 0.32861972, 0.33550218]], dtype=float32), array([[0.33774567, 0.326294  , 0.33596036],
       [0.3293037 , 0.33980098, 0.33089527],
       [0.33645293, 0.32835174, 0.3351953 ]], dtype=float32), array([[0.33217093, 0.33588934, 0.33193976],
       [0.32184467, 0.35847244, 0.31968284],
       [0.33280268, 0.3345005 , 0.33269683]], dtype=float32), array([[0.3447704 , 0.31937873, 0.3358508 ],
       [0.32631245, 0.3420622 , 0.3316254 ],
       [0.3384314 , 0.32707277, 0.33449584]], dtype=float32), array([[0.3346474 , 0.35361964, 0.311733  ],
       [0.33492938, 0.361921  , 0.30314958],
       [0.33407182, 0.34300238, 0.32292584]], dtype=float32), array([[0.35051107, 0.31496593, 0.33452293],
       [0.32537624, 0.34206396, 0.3325599 ],
       [0.33947822, 0.32668832, 0.33383346]], dtype=float32), array([[0.3444951 , 0.3200242 , 0.33548072],
       [0.32754627, 0.3403547 , 0.332099  ],
       [0.33838063, 0.32727715, 0.3343422 ]], dtype=float32), array([[0.34113693, 0.32449806, 0.33436504],
       [0.32171276, 0.3467572 , 0.33153006],
       [0.3333169 , 0.3333521 , 0.33333102]], dtype=float32), array([[0.34407073, 0.32079792, 0.33513132],
       [0.3283382 , 0.33926016, 0.33240163],
       [0.33814174, 0.3276854 , 0.33417287]], dtype=float32), array([[0.33810538, 0.32582638, 0.3360683 ],
       [0.32947624, 0.33944002, 0.33108371],
       [0.33670002, 0.32803154, 0.33526844]], dtype=float32), array([[0.3315162 , 0.34087366, 0.32761016],
       [0.32778034, 0.35562277, 0.31659687],
       [0.33301473, 0.33467498, 0.33231026]], dtype=float32), array([[0.34673357, 0.31944364, 0.33382276],
       [0.31765404, 0.35007524, 0.33227065],
       [0.3331777 , 0.33349693, 0.33332542]], dtype=float32), array([[0.34678602, 0.31932604, 0.33388793],
       [0.31725538, 0.3505876 , 0.33215705],
       [0.3331212 , 0.33355728, 0.33332148]], dtype=float32), array([[0.33667496, 0.327292  , 0.33603305],
       [0.32946116, 0.34035337, 0.3301855 ],
       [0.33619106, 0.32816583, 0.33564305]], dtype=float32), array([[0.34663194, 0.31949705, 0.333871  ],
       [0.3172924 , 0.35053128, 0.3321764 ],
       [0.33303553, 0.33364743, 0.33331695]], dtype=float32), array([[0.34380573, 0.31897628, 0.33721805],
       [0.33310246, 0.33365306, 0.33324447],
       [0.3410448 , 0.3227336 , 0.33622155]], dtype=float32), array([[0.34384364, 0.32133064, 0.33482572],
       [0.32907692, 0.33826873, 0.3326543 ],
       [0.33803242, 0.3279347 , 0.3340328 ]], dtype=float32), array([[0.34596232, 0.32144585, 0.33259177],
       [0.3223141 , 0.3439465 , 0.3337394 ],
       [0.33320585, 0.33345488, 0.33333936]], dtype=float32)]",1,0,0,0,0,0,52.78582677165355,32.52755905511812,0.00015801561000222593,2000,6000,0.0003523962589688748,6.96,6.96,6000,2000,0.3314361656371432,23810,0.0393447157605,3.0,999.0,0.0,92907,0.0,1.0,0.0013802934991,30969,362.61185643356555,203.55416870117188,0.0,-0.08182583004236221,999.0,0.4612058401107788,0.0305884201079607,0.5409349203109741,0.402434378862381,1.0,0.0013802934991,92907,81158,0.2697124779224396,-0.006381988525390625,3.0,30969,362.613938951658,279000,185814,61938,104968,93000,0,1088.9388243413123,6315361.3457498755,6572295.338793813,0.0003275549377431162,0.0001249113881974886,2,0.9957671529634575,100,10.5,0.18310643608834942,-10.5,3.0,5.351982311608113e-05,0.0018705143801344094,50,6100,0.9957671529634575,7.6,2,150,2.0,0.00043853865647805235,300,0.00018977565378086388,7.6,300,100,7.6,100,2.005233704731101e-05,3.299258184661795e-05,6.7252960188135705e-06,7.378665318746989e-06,4.231184307884273e-05,2.829342261121575e-05,2.8599408603280925e-05,2.2224271865278458e-05,1.5538333385483604e-05,0.00014518582799104957,4.656918051796507e-05,0.053000118148878395,0.00664835483837669,0.049754126824082055,0.1738660303771743,0.03072663404772902,0.016522847060834466,0.0001634817210113397,91.0,324198,0.2743431,0.40568166971206665,108066,8.845329284667969e-05,93.0,89.62667083740234,1.0,-0.07874098420143127,498.0,0.4722185730934143,0.02768445946276188,91.0,324198,0.0,93.0,108066,498.0,648396,651000,216132,1953000,12883.707407923006,1.901704206218338e-05,0.00018561169525424962,2.6732941015810634e-05,5.8726993072223656e-05,3.396875688271937e-05,3.414896526034781e-05,2.2939522510958815e-05,3.9158083646417165e-05,8.44128968445115e-06,7.358463367940714e-06,5.252451018176015e-05
1,8000,False,4,ca05a_00000,2025-08-17_23-21-27,1755472887,88.51347255706787,356.2836549282074,758452,intrinsic-attention2,10.156.0.3,356.2836549282074,4,89.30106939259782,1.947391529628658e-05,89.30081709711983,2.5626558575866136,86.39628113527611,0.0019902468077798692,2000,1.0067001111073661,8.51,2,10.5,0.0002652160037541762,2.530896297922342,4000,-10.5,3.0,4.4397024805450475e-05,2,0.001488217279111268,2.0,1000,8000,9.476459709763455e-05,1.0067001111073661,777.6426811073408,2000.0,3000.0,"[array([-0.32810608, -0.32810608, -0.32810608], dtype=float32), array([-0.36275437, -0.36275437, -0.36275437], dtype=float32), array([-0.3996401, -0.3996401, -0.3996401], dtype=float32), array([-0.43024907, -0.43024907, -0.43024907], dtype=float32), array([-0.4569926, -0.4569926, -0.4569926], dtype=float32), array([-0.48898456, -0.48898456, -0.48898456], dtype=float32), array([-0.52014464, -0.52014464, -0.52014464], dtype=float32), array([-0.5503575, -0.5503575, -0.5503575], dtype=float32), array([-0.5811216, -0.5811216, -0.5811216], dtype=float32), array([-0.61317056, -0.61317056, -0.61317056], dtype=float32), array([-0.6449756, -0.6449756, -0.6449756], dtype=float32), array([-0.6780043, -0.6780043, -0.6780043], dtype=float32), array([-0.7082586, -0.7082586, -0.7082586], dtype=float32), array([-0.73811066, -0.73811066, -0.73811066], dtype=float32), array([-0.7706328, -0.7706328, -0.7706328], dtype=float32), array([-0.7999772, -0.7999772, -0.7999772], dtype=float32), array([-0.8208676, -0.8208676, -0.8208676], dtype=float32), array([-0.8493193, -0.8493193, -0.8493193], dtype=float32), array([-0.87443006, -0.87443006, -0.87443006], dtype=float32), array([-0.8968657, -0.8968657, -0.8968657], dtype=float32), array([-0.9243259, -0.9243259, -0.9243259], dtype=float32), array([-0.9502963, -0.9502963, -0.9502963], dtype=float32), array([-0.9741309, -0.9741309, -0.9741309], dtype=float32), array([-1.0001949, -1.0001949, -1.0001949], dtype=float32), array([-1.0207921, -1.0207921, -1.0207921], dtype=float32), array([-1.0402325, -1.0402325, -1.0402325], dtype=float32), array([-1.058028, -1.058028, -1.058028], dtype=float32), array([-1.067455, -1.067455, -1.067455], dtype=float32), array([-1.0817653, -1.0817653, -1.0817653], dtype=float32), array([-1.0970794, -1.0970794, -1.0970794], dtype=float32), array([-1.1092393, -1.1092393, -1.1092393], dtype=float32)]","[array([-0.32810605, -0.32810605, -0.32810605], dtype=float32), array([-0.36275437, -0.36275437, -0.36275437], dtype=float32), array([-0.3996401, -0.3996401, -0.3996401], dtype=float32), array([-0.43024907, -0.43024907, -0.43024907], dtype=float32), array([-0.45699263, -0.45699263, -0.45699263], dtype=float32), array([-0.48898456, -0.48898456, -0.48898456], dtype=float32), array([-0.5201447, -0.5201447, -0.5201447], dtype=float32), array([-0.5503575, -0.5503575, -0.5503575], dtype=float32), array([-0.5811216, -0.5811216, -0.5811216], dtype=float32), array([-0.61317044, -0.61317044, -0.61317044], dtype=float32), array([-0.6449756, -0.6449756, -0.6449756], dtype=float32), array([-0.67800444, -0.67800444, -0.67800444], dtype=float32), array([-0.70825857, -0.70825857, -0.70825857], dtype=float32), array([-0.7381107, -0.7381107, -0.7381107], dtype=float32), array([-0.7706329, -0.7706329, -0.7706329], dtype=float32), array([-0.7999771, -0.7999771, -0.7999771], dtype=float32), array([-0.8208677, -0.8208677, -0.8208677], dtype=float32), array([-0.8493191, -0.8493191, -0.8493191], dtype=float32), array([-0.87443024, -0.87443024, -0.87443024], dtype=float32), array([-0.8968657, -0.8968657, -0.8968657], dtype=float32), array([-0.92432576, -0.92432576, -0.92432576], dtype=float32), array([-0.9502962, -0.9502962, -0.9502962], dtype=float32), array([-0.97413105, -0.97413105, -0.97413105], dtype=float32), array([-1.0001949, -1.0001949, -1.0001949], dtype=float32), array([-1.0207921, -1.0207921, -1.0207921], dtype=float32), array([-1.0402325, -1.0402325, -1.0402325], dtype=float32), array([-1.058028, -1.058028, -1.058028], dtype=float32), array([-1.0674549, -1.0674549, -1.0674549], dtype=float32), array([-1.0817652, -1.0817652, -1.0817652], dtype=float32), array([-1.0970794, -1.0970794, -1.0970794], dtype=float32), array([-1.1092391, -1.1092391, -1.1092391], dtype=float32)]","[array([[0.34933993, 0.31768733, 0.3329728 ],
       [0.32910228, 0.33755288, 0.3333449 ],
       [0.33906677, 0.327672  , 0.33326122]], dtype=float32), array([[0.34097716, 0.32497224, 0.33405066],
       [0.33212507, 0.3346671 , 0.33320785],
       [0.33719128, 0.32909694, 0.33371186]], dtype=float32), array([[0.3463109 , 0.32410735, 0.32958177],
       [0.32943025, 0.33613923, 0.33443055],
       [0.33366054, 0.33309874, 0.33324066]], dtype=float32), array([[0.33861193, 0.32976332, 0.33162472],
       [0.3324378 , 0.33394116, 0.33362103],
       [0.33374572, 0.33305365, 0.33320063]], dtype=float32), array([[0.33889362, 0.3309923 , 0.3301141 ],
       [0.33632734, 0.33207414, 0.33159852],
       [0.33603892, 0.33219555, 0.33176547]], dtype=float32), array([[0.3372279 , 0.3321687 , 0.33060333],
       [0.33469856, 0.3329266 , 0.3323748 ],
       [0.33391   , 0.33316174, 0.33292827]], dtype=float32), array([[0.33715713, 0.33253887, 0.33030406],
       [0.33501312, 0.3329866 , 0.3320003 ],
       [0.3339671 , 0.33320293, 0.33282995]], dtype=float32), array([[0.33321434, 0.33478343, 0.33200222],
       [0.33320358, 0.3349128 , 0.33188367],
       [0.3332227 , 0.3346831 , 0.3320942 ]], dtype=float32), array([[0.34955078, 0.33065858, 0.31979063],
       [0.34427777, 0.3315695 , 0.32415277],
       [0.34112126, 0.33209592, 0.3267828 ]], dtype=float32), array([[0.34610707, 0.3290556 , 0.32483733],
       [0.3396576 , 0.33123043, 0.32911202],
       [0.3380195 , 0.33177796, 0.33020252]], dtype=float32), array([[0.33884257, 0.3309077 , 0.3302498 ],
       [0.3363292 , 0.33201528, 0.3316555 ],
       [0.33611852, 0.33210808, 0.33177343]], dtype=float32), array([[0.33927566, 0.32984644, 0.33087793],
       [0.3359808 , 0.3317781 , 0.33224106],
       [0.33634502, 0.3315644 , 0.3320906 ]], dtype=float32), array([[0.34041074, 0.32844448, 0.33114475],
       [0.3357094 , 0.3316873 , 0.3326033 ],
       [0.3367824 , 0.33094555, 0.33227205]], dtype=float32), array([[0.33573756, 0.3304665 , 0.33379585],
       [0.33423018, 0.3322623 , 0.33350754],
       [0.33518496, 0.3311243 , 0.33369085]], dtype=float32), array([[0.3425022 , 0.32489997, 0.33259782],
       [0.33424944, 0.33248413, 0.33326647],
       [0.33790314, 0.3291118 , 0.33298504]], dtype=float32), array([[0.3370068 , 0.32812095, 0.33487216],
       [0.33315063, 0.3335935 , 0.3332559 ],
       [0.33609012, 0.3294184 , 0.33449143]], dtype=float32), array([[0.34389496, 0.3221459 , 0.3339591 ],
       [0.33157343, 0.33522117, 0.3332054 ],
       [0.33835068, 0.32798856, 0.33366078]], dtype=float32), array([[0.34794548, 0.31883493, 0.33321956],
       [0.32155472, 0.3453335 , 0.33311185],
       [0.33479902, 0.33185992, 0.3333411 ]], dtype=float32), array([[0.34136978, 0.31975806, 0.33887213],
       [0.3320879 , 0.33544853, 0.33246353],
       [0.3403339 , 0.32150066, 0.33816546]], dtype=float32), array([[0.3436765 , 0.32075307, 0.33557042],
       [0.31653252, 0.3543411 , 0.32912633],
       [0.33425233, 0.33220476, 0.33354288]], dtype=float32), array([[0.34820434, 0.31426424, 0.33753145],
       [0.32151428, 0.3488952 , 0.32959053],
       [0.34008935, 0.32459974, 0.3353109 ]], dtype=float32), array([[0.3447106 , 0.31711686, 0.33817255],
       [0.32174146, 0.35019776, 0.3280608 ],
       [0.3394528 , 0.32456946, 0.33597773]], dtype=float32), array([[0.33841518, 0.32378066, 0.33780423],
       [0.32429695, 0.35037908, 0.32532397],
       [0.33784708, 0.32484725, 0.33730567]], dtype=float32), array([[0.36056224, 0.3027729 , 0.3366649 ],
       [0.31538877, 0.35443473, 0.3301765 ],
       [0.34268767, 0.32263958, 0.33467278]], dtype=float32), array([[0.35467067, 0.31019956, 0.33512977],
       [0.30922252, 0.36073077, 0.3300467 ],
       [0.33525243, 0.33121073, 0.33353677]], dtype=float32), array([[0.35373116, 0.3119051 , 0.33436373],
       [0.3131947 , 0.35538816, 0.33141708],
       [0.33542237, 0.33109745, 0.33348018]], dtype=float32), array([[0.3363981 , 0.35730958, 0.3062923 ],
       [0.33714175, 0.36551088, 0.29734737],
       [0.3349423 , 0.34461185, 0.3204458 ]], dtype=float32), array([[0.3471571 , 0.315173  , 0.33766994],
       [0.33248368, 0.33446562, 0.33305064],
       [0.34295017, 0.3206473 , 0.3364025 ]], dtype=float32), array([[0.352635  , 0.31415328, 0.33321172],
       [0.3289057 , 0.33783868, 0.33325565],
       [0.34093767, 0.32568848, 0.33337379]], dtype=float32), array([[0.3449291 , 0.32100022, 0.33407074],
       [0.33170903, 0.33508447, 0.3332065 ],
       [0.33903086, 0.3272369 , 0.3337323 ]], dtype=float32), array([[0.34414315, 0.32254672, 0.33331007],
       [0.33315867, 0.33350956, 0.3333318 ],
       [0.3387082 , 0.32794085, 0.3333509 ]], dtype=float32)]",1,0,0,0,0,0,52.409448818897644,31.614960629921256,0.0001543698298735231,2000,8000,0.0003504968404136515,8.51,8.51,8000,2000,0.33135774738083995,23810,0.0393447157605,4.0,999.0,0.0,123876,0.0,1.0,0.0013802934991,30969,362.3257503695212,131.6191864013672,0.0,-0.05547387897968292,999.0,0.4722185432910919,0.01011580415070057,0.5409349203109741,0.3432074785232544,1.0,0.0013802934991,123876,81158,0.2987312078475952,-0.0030077695846557617,4.0,30969,362.3277344669742,372000,247752,61938,104968,93000,0,1088.07895385816,6315907.768262706,6579157.393342262,0.0003262919783411781,0.00015355849379424148,2,1.0042789879865917,100,10.5,0.18317574541747086,-10.5,4.0,6.301321715785492e-05,0.002116356090118643,50,8100,1.0042789879865917,9.0,2,200,2.0,0.0005247458114110505,400,0.0002272136387145705,9.0,400,100,9.0,100,1.9958695970618357e-05,3.2484086671945326e-05,6.397569418359598e-06,7.146249171614213e-06,4.1231778416245855e-05,2.8152698033031066e-05,2.827076458553393e-05,2.1806262134913085e-05,1.559842045650066e-05,0.0001449797721549401,4.6783093760763045e-05,0.05299103816746689,0.006647586719948084,0.04971566184583098,0.17385969932348308,0.030720109747378085,0.016504220730238085,0.00016343810392663,121.0,432264,0.30321953,0.34606942534446716,108066,-5.626678466796875e-05,124.0,83.84375762939453,1.0,-0.047177333384752274,498.0,0.4722185730934143,0.010404852218925953,121.0,432264,0.0,124.0,108066,498.0,864528,651000,216132,2604000,12731.533139990104,2.3333445292742432e-05,0.0002189557735707974,3.078833545168159e-05,7.067270530893259e-05,4.1126224757068085e-05,4.132725492688579e-05,2.763766648421017e-05,4.740695719920337e-05,9.906612533461595e-06,8.896451193109873e-06,6.2232283155438e-05
1,10000,False,5,ca05a_00000,2025-08-17_23-22-54,1755472974,87.24382901191711,443.5274839401245,758452,intrinsic-attention2,10.156.0.3,443.5274839401245,5,89.2790828879018,1.9396206138049896e-05,89.27882941538867,2.5628762162507255,86.37418143480342,0.001989225059719548,2000,1.0067001111073661,9.01,2,10.5,0.0002652160037541762,2.5311174936831216,5000,-10.5,4.0,4.633792353337661e-05,2,0.001522590448585106,2.0,1000,10000,9.761672702273965e-05,1.0067001111073661,771.0757835686409,2000.0,3000.0,"[array([-1.1156827, -1.1156827, -1.1156827], dtype=float32), array([-1.1139764, -1.1139764, -1.1139764], dtype=float32), array([-1.1170588, -1.1170588, -1.1170588], dtype=float32), array([-1.1225204, -1.1225204, -1.1225204], dtype=float32), array([-1.1319419, -1.1319419, -1.1319419], dtype=float32), array([-1.1321765, -1.1321765, -1.1321765], dtype=float32), array([-1.1231195, -1.1231195, -1.1231195], dtype=float32), array([-1.1123837, -1.1123837, -1.1123837], dtype=float32), array([-1.0946695, -1.0946695, -1.0946695], dtype=float32), array([-1.0705549, -1.0705549, -1.0705549], dtype=float32), array([-1.0447634, -1.0447634, -1.0447634], dtype=float32), array([-1.0197574, -1.0197574, -1.0197574], dtype=float32), array([-0.98675233, -0.98675233, -0.98675233], dtype=float32), array([-0.95392334, -0.95392334, -0.95392334], dtype=float32), array([-0.9151677, -0.9151677, -0.9151677], dtype=float32), array([-0.87827706, -0.87827706, -0.87827706], dtype=float32), array([-0.8446849, -0.8446849, -0.8446849], dtype=float32), array([-0.8144921, -0.8144921, -0.8144921], dtype=float32), array([-0.7830534, -0.7830534, -0.7830534], dtype=float32), array([-0.7450221, -0.7450221, -0.7450221], dtype=float32), array([-0.7110825, -0.7110825, -0.7110825], dtype=float32), array([-0.68180305, -0.68180305, -0.68180305], dtype=float32), array([-0.6417485, -0.6417485, -0.6417485], dtype=float32), array([-0.609717, -0.609717, -0.609717], dtype=float32), array([-0.58671576, -0.58671576, -0.58671576], dtype=float32), array([-0.5559735, -0.5559735, -0.5559735], dtype=float32), array([-0.52711636, -0.52711636, -0.52711636], dtype=float32), array([-0.50109965, -0.50109965, -0.50109965], dtype=float32), array([-0.4822454, -0.4822454, -0.4822454], dtype=float32), array([-0.45710748, -0.45710748, -0.45710748], dtype=float32), array([-0.42737466, -0.42737466, -0.42737466], dtype=float32)]","[array([-1.1156827, -1.1156827, -1.1156827], dtype=float32), array([-1.113976, -1.113976, -1.113976], dtype=float32), array([-1.1170588, -1.1170588, -1.1170588], dtype=float32), array([-1.1225202, -1.1225202, -1.1225202], dtype=float32), array([-1.1319419, -1.1319419, -1.1319419], dtype=float32), array([-1.1321766, -1.1321766, -1.1321766], dtype=float32), array([-1.1231198, -1.1231198, -1.1231198], dtype=float32), array([-1.1123836, -1.1123836, -1.1123836], dtype=float32), array([-1.0946695, -1.0946695, -1.0946695], dtype=float32), array([-1.0705549, -1.0705549, -1.0705549], dtype=float32), array([-1.0447633, -1.0447633, -1.0447633], dtype=float32), array([-1.0197575, -1.0197575, -1.0197575], dtype=float32), array([-0.9867522, -0.9867522, -0.9867522], dtype=float32), array([-0.9539236, -0.9539236, -0.9539236], dtype=float32), array([-0.9151674, -0.9151674, -0.9151674], dtype=float32), array([-0.8782769, -0.8782769, -0.8782769], dtype=float32), array([-0.8446849, -0.8446849, -0.8446849], dtype=float32), array([-0.81449217, -0.81449217, -0.81449217], dtype=float32), array([-0.78305346, -0.78305346, -0.78305346], dtype=float32), array([-0.74502224, -0.74502224, -0.74502224], dtype=float32), array([-0.7110827, -0.7110827, -0.7110827], dtype=float32), array([-0.68180317, -0.68180317, -0.68180317], dtype=float32), array([-0.6417485, -0.6417485, -0.6417485], dtype=float32), array([-0.60971695, -0.60971695, -0.60971695], dtype=float32), array([-0.5867158, -0.5867158, -0.5867158], dtype=float32), array([-0.55597335, -0.55597335, -0.55597335], dtype=float32), array([-0.52711654, -0.52711654, -0.52711654], dtype=float32), array([-0.5010997, -0.5010997, -0.5010997], dtype=float32), array([-0.4822452, -0.4822452, -0.4822452], dtype=float32), array([-0.45710748, -0.45710748, -0.45710748], dtype=float32), array([-0.4273746, -0.4273746, -0.4273746], dtype=float32)]","[array([[0.34142458, 0.32613137, 0.33244404],
       [0.33498332, 0.33185595, 0.3331607 ],
       [0.33767226, 0.32945797, 0.33286977]], dtype=float32), array([[0.35221726, 0.3196007 , 0.32818195],
       [0.33626053, 0.33118108, 0.3325584 ],
       [0.340579  , 0.32802194, 0.3313991 ]], dtype=float32), array([[0.3333517 , 0.33728296, 0.3293654 ],
       [0.33332786, 0.342522  , 0.32415015],
       [0.33331928, 0.3319338 , 0.33474693]], dtype=float32), array([[0.3460263 , 0.31904504, 0.33492866],
       [0.32960615, 0.33760062, 0.33279318],
       [0.33941293, 0.32644284, 0.33414426]], dtype=float32), array([[0.33984253, 0.32343513, 0.33672237],
       [0.3286274 , 0.34055424, 0.3308184 ],
       [0.33775824, 0.32659313, 0.33564857]], dtype=float32), array([[0.34095585, 0.3214051 , 0.337639  ],
       [0.32515973, 0.34627587, 0.32856435],
       [0.33835518, 0.3254593 , 0.33618554]], dtype=float32), array([[0.3542935 , 0.30895412, 0.33675236],
       [0.3053532 , 0.36755988, 0.32708696],
       [0.3359852 , 0.33019027, 0.33382455]], dtype=float32), array([[0.34268427, 0.3181499 , 0.33916587],
       [0.31645134, 0.36122566, 0.3223229 ],
       [0.3390832 , 0.32397398, 0.33694273]], dtype=float32), array([[0.35353705, 0.3055421 , 0.34092078],
       [0.31060588, 0.36586055, 0.3235336 ],
       [0.34287176, 0.3200803 , 0.33704787]], dtype=float32), array([[0.34992853, 0.31136867, 0.33870277],
       [0.31589103, 0.35719004, 0.32691896],
       [0.34041733, 0.32386994, 0.33571273]], dtype=float32), array([[0.34073523, 0.32165685, 0.33760795],
       [0.32464823, 0.34719637, 0.3281554 ],
       [0.33817625, 0.32567903, 0.3361447 ]], dtype=float32), array([[0.3346049 , 0.34345156, 0.32194355],
       [0.33545557, 0.35158288, 0.31296152],
       [0.33307773, 0.33150285, 0.3354194 ]], dtype=float32), array([[0.35766664, 0.3101346 , 0.33219874],
       [0.32893583, 0.3376451 , 0.33341905],
       [0.3426863 , 0.32428598, 0.33302772]], dtype=float32), array([[0.34283462, 0.32226625, 0.33489907],
       [0.33061716, 0.33653724, 0.33284566],
       [0.33820057, 0.32763687, 0.33416253]], dtype=float32), array([[0.35146183, 0.31544003, 0.3330981 ],
       [0.33522883, 0.331432  , 0.33333915],
       [0.34337667, 0.32334068, 0.33328265]], dtype=float32), array([[0.34206396, 0.32393396, 0.33400205],
       [0.3322864 , 0.33447185, 0.3332418 ],
       [0.3377727 , 0.32853284, 0.33369443]], dtype=float32), array([[0.35297742, 0.3161124 , 0.3309102 ],
       [0.33321124, 0.3334423 , 0.33334646],
       [0.34135744, 0.32622474, 0.33241782]], dtype=float32), array([[0.33580756, 0.329263  , 0.33492944],
       [0.33312535, 0.3336761 , 0.33319858],
       [0.3354512 , 0.3298484 , 0.33470035]], dtype=float32), array([[0.33531556, 0.33025554, 0.3344289 ],
       [0.33375686, 0.33267492, 0.33356822],
       [0.33504426, 0.3306762 , 0.33427954]], dtype=float32), array([[0.35186112, 0.3205211 , 0.32761785],
       [0.33736253, 0.3305221 , 0.33211535],
       [0.34074146, 0.32817546, 0.3310831 ]], dtype=float32), array([[0.33486462, 0.3317056 , 0.33342972],
       [0.33425933, 0.33234847, 0.33339226],
       [0.33459038, 0.33199683, 0.3334129 ]], dtype=float32), array([[0.34752378, 0.32625496, 0.32622126],
       [0.3407009 , 0.32965845, 0.3296407 ],
       [0.34068978, 0.32966396, 0.32964626]], dtype=float32), array([[0.33493975, 0.33068138, 0.33437887],
       [0.33388337, 0.3324247 , 0.33369195],
       [0.33480147, 0.3309095 , 0.3342891 ]], dtype=float32), array([[0.3568277 , 0.3140359 , 0.32913646],
       [0.33332938, 0.33333662, 0.33333397],
       [0.34189433, 0.3262129 , 0.3318927 ]], dtype=float32), array([[0.34370118, 0.32027423, 0.3360246 ],
       [0.32905185, 0.33880612, 0.33214197],
       [0.33900785, 0.32615203, 0.3348402 ]], dtype=float32), array([[0.33019537, 0.346888  , 0.3229166 ],
       [0.32315302, 0.374548  , 0.30229902],
       [0.33303374, 0.3346691 , 0.33229718]], dtype=float32), array([[0.35697517, 0.30245823, 0.34056658],
       [0.2927928 , 0.3896621 , 0.31754512],
       [0.33868602, 0.3262163 , 0.33509767]], dtype=float32), array([[0.34396118, 0.3139198 , 0.34211898],
       [0.29483393, 0.40478954, 0.3003766 ],
       [0.34119537, 0.31895787, 0.33984682]], dtype=float32), array([[0.37742335, 0.27501428, 0.34756243],
       [0.25577226, 0.44822586, 0.29600182],
       [0.34565514, 0.31652376, 0.3378211 ]], dtype=float32), array([[0.38039726, 0.2688904 , 0.35071233],
       [0.2319461 , 0.491505  , 0.27654895],
       [0.34562314, 0.3159454 , 0.33843154]], dtype=float32), array([[0.3488692 , 0.30468684, 0.34644398],
       [0.23462859, 0.52090174, 0.24446966],
       [0.34342226, 0.31469736, 0.34188035]], dtype=float32)]",1,0,0,0,0,0,47.833064516129035,29.310483870967733,0.00016059508742773907,2000,10000,0.00036181516820902183,9.01,9.01,10000,2000,0.3312676471370896,23810,0.0393447157605,5.0,999.0,0.0,154845,0.0,1.0,0.0013802934991,30969,362.283719789853,134.03634643554688,0.0,-0.025912022218108177,999.0,0.4722185432910919,0.0029116393998265266,0.27046746015548706,0.31942442059516907,1.0,0.0013802934991,154845,81158,0.32442888617515564,-0.0011048316955566406,5.0,30969,362.2856106845909,465000,309690,61938,104968,93000,0,1087.9520750499928,6320444.508341096,6587031.572037402,0.0003245777886275377,0.00011176565595723955,2,1.006163949065147,100,10.5,0.18260760887332717,-9.5,5.0,4.965878856842272e-05,0.0019334336691827047,50,10100,1.006163949065147,9.8,2,250,2.0,0.00039973976709126483,500,0.00017520885256860693,9.8,500,100,9.8,100,2.0510790499785444e-05,3.319521163566228e-05,6.670534686487867e-06,7.587908054170702e-06,4.39615654275707e-05,2.8513295520723513e-05,2.8776326052182175e-05,2.1989046960354844e-05,1.5962488110817824e-05,0.00015097561463730676,4.939690323856151e-05,0.05299003645588632,0.006648123982631584,0.049690492017298395,0.17382014093015707,0.03069903972982417,0.016497266933034275,0.00016347432291886625,151.0,540330,0.32432598,0.3211415410041809,108066,-8.559226989746094e-05,155.0,86.72570037841797,1.0,-0.024888142943382263,498.0,0.4722185730934143,0.0028111229185014963,151.0,540330,0.0,155.0,108066,498.0,1080660,651000,216132,3255000,12590.60351778114,1.7525072071573585e-05,0.00016762179807169018,2.4103541569816414e-05,5.243708770575362e-05,3.182111619256176e-05,3.1919818275798855e-05,2.201700826955716e-05,3.6972148762566336e-05,7.964517379415376e-06,7.055222261264023e-06,4.7410953663647463e-05
1,12000,False,6,ca05a_00000,2025-08-17_23-24-21,1755473061,86.66560459136963,530.1930885314941,758452,intrinsic-attention2,10.156.0.3,530.1930885314941,6,89.25091228613277,1.932504405130278e-05,89.25065791819482,2.562634492508231,86.34626409968546,0.0019881583990634688,2000,1.0067001111073661,10.02,2,10.5,0.0002652160037541762,2.530868094426223,6000,9.5,5.0,4.75526270311166e-05,2,0.0015814638104347978,2.0,1000,12000,0.00010170190853342575,1.0067001111073661,763.2787758243518,2000.0,3000.0,"[array([-0.39775464, -0.39775464, -0.39775464], dtype=float32), array([-0.36923933, -0.36923933, -0.36923933], dtype=float32), array([-0.35059312, -0.35059312, -0.35059312], dtype=float32), array([-0.34110865, -0.34110865, -0.34110865], dtype=float32), array([-0.33660984, -0.33660984, -0.33660984], dtype=float32), array([-0.336064, -0.336064, -0.336064], dtype=float32), array([-0.34182802, -0.34182802, -0.34182802], dtype=float32), array([-0.35361195, -0.35361195, -0.35361195], dtype=float32), array([-0.36560968, -0.36560968, -0.36560968], dtype=float32), array([-0.38399836, -0.38399836, -0.38399836], dtype=float32), array([-0.4006118, -0.4006118, -0.4006118], dtype=float32), array([-0.4188219, -0.4188219, -0.4188219], dtype=float32), array([-0.43744388, -0.43744388, -0.43744388], dtype=float32), array([-0.46037483, -0.46037483, -0.46037483], dtype=float32), array([-0.48229703, -0.48229703, -0.48229703], dtype=float32), array([-0.50657034, -0.50657034, -0.50657034], dtype=float32), array([-0.5334531, -0.5334531, -0.5334531], dtype=float32), array([-0.55927813, -0.55927813, -0.55927813], dtype=float32), array([-0.5752662, -0.5752662, -0.5752662], dtype=float32), array([-0.5911269, -0.5911269, -0.5911269], dtype=float32), array([-0.6105002, -0.6105002, -0.6105002], dtype=float32), array([-0.63167197, -0.63167197, -0.63167197], dtype=float32), array([-0.65381247, -0.65381247, -0.65381247], dtype=float32), array([-0.6780196, -0.6780196, -0.6780196], dtype=float32), array([-0.7030974, -0.7030974, -0.7030974], dtype=float32), array([-0.731862, -0.731862, -0.731862], dtype=float32), array([-0.7582818, -0.7582818, -0.7582818], dtype=float32), array([-0.78399175, -0.78399175, -0.78399175], dtype=float32), array([-0.8117115, -0.8117115, -0.8117115], dtype=float32), array([-0.84052294, -0.84052294, -0.84052294], dtype=float32), array([-0.8677786, -0.8677786, -0.8677786], dtype=float32)]","[array([-0.39775464, -0.39775464, -0.39775464], dtype=float32), array([-0.36923933, -0.36923933, -0.36923933], dtype=float32), array([-0.3505931, -0.3505931, -0.3505931], dtype=float32), array([-0.3411086, -0.3411086, -0.3411086], dtype=float32), array([-0.33660984, -0.33660984, -0.33660984], dtype=float32), array([-0.33606404, -0.33606404, -0.33606404], dtype=float32), array([-0.34182808, -0.34182808, -0.34182808], dtype=float32), array([-0.35361192, -0.35361192, -0.35361192], dtype=float32), array([-0.36560968, -0.36560968, -0.36560968], dtype=float32), array([-0.38399833, -0.38399833, -0.38399833], dtype=float32), array([-0.40061173, -0.40061173, -0.40061173], dtype=float32), array([-0.41882196, -0.41882196, -0.41882196], dtype=float32), array([-0.43744397, -0.43744397, -0.43744397], dtype=float32), array([-0.46037483, -0.46037483, -0.46037483], dtype=float32), array([-0.4822971, -0.4822971, -0.4822971], dtype=float32), array([-0.50657034, -0.50657034, -0.50657034], dtype=float32), array([-0.5334532, -0.5334532, -0.5334532], dtype=float32), array([-0.55927813, -0.55927813, -0.55927813], dtype=float32), array([-0.5752662, -0.5752662, -0.5752662], dtype=float32), array([-0.5911269, -0.5911269, -0.5911269], dtype=float32), array([-0.61050016, -0.61050016, -0.61050016], dtype=float32), array([-0.63167197, -0.63167197, -0.63167197], dtype=float32), array([-0.6538125, -0.6538125, -0.6538125], dtype=float32), array([-0.6780197, -0.6780197, -0.6780197], dtype=float32), array([-0.7030974, -0.7030974, -0.7030974], dtype=float32), array([-0.731862, -0.731862, -0.731862], dtype=float32), array([-0.75828195, -0.75828195, -0.75828195], dtype=float32), array([-0.783992, -0.783992, -0.783992], dtype=float32), array([-0.8117115, -0.8117115, -0.8117115], dtype=float32), array([-0.8405231, -0.8405231, -0.8405231], dtype=float32), array([-0.8677784, -0.8677784, -0.8677784], dtype=float32)]","[array([[0.36149862, 0.28312677, 0.3553746 ],
       [0.2121787 , 0.56072444, 0.22709686],
       [0.35190988, 0.30007884, 0.34801129]], dtype=float32), array([[0.3639622 , 0.27808264, 0.3579552 ],
       [0.17524745, 0.6349836 , 0.18976901],
       [0.35328144, 0.2971937 , 0.34952483]], dtype=float32), array([[0.39147815, 0.24524693, 0.36327493],
       [0.10591666, 0.7492697 , 0.14481364],
       [0.34360716, 0.31715792, 0.33923492]], dtype=float32), array([[0.355427  , 0.2925326 , 0.35204044],
       [0.1006605 , 0.7879635 , 0.11137604],
       [0.34301797, 0.31537783, 0.34160417]], dtype=float32), array([[0.39493868, 0.23743945, 0.36762184],
       [0.06051808, 0.85164976, 0.08783217],
       [0.3414924 , 0.32011136, 0.33839622]], dtype=float32), array([[0.3271019 , 0.3468384 , 0.32605973],
       [0.07634959, 0.85672164, 0.0669287 ],
       [0.3405661 , 0.31756836, 0.34186554]], dtype=float32), array([[0.3787433 , 0.2556925 , 0.36556417],
       [0.04095672, 0.90490484, 0.0541385 ],
       [0.34275746, 0.31690007, 0.34034246]], dtype=float32), array([[0.37541544, 0.26080656, 0.36377797],
       [0.02814495, 0.93375933, 0.03809567],
       [0.33694744, 0.3269787 , 0.3360738 ]], dtype=float32), array([[0.39741433, 0.22973236, 0.3728533 ],
       [0.01737853, 0.95491743, 0.02770398],
       [0.33555406, 0.32959142, 0.3348545 ]], dtype=float32), array([[0.31647938, 0.3697418 , 0.31377882],
       [0.02430904, 0.95583403, 0.01985697],
       [0.33730814, 0.32467353, 0.33801836]], dtype=float32), array([[0.31023538, 0.37950465, 0.31025997],
       [0.01082977, 0.97832125, 0.01084895],
       [0.3100363 , 0.37990266, 0.31006107]], dtype=float32), array([[0.33523178, 0.32959586, 0.33517238],
       [0.00796707, 0.98365456, 0.00837835],
       [0.32954618, 0.34079206, 0.3296618 ]], dtype=float32), array([[0.37557408, 0.2587362 , 0.36568972],
       [0.00334488, 0.99162817, 0.0050269 ],
       [0.32597443, 0.34661552, 0.32741   ]], dtype=float32), array([[0.29911432, 0.40687153, 0.29401413],
       [0.00516081, 0.99099255, 0.00384667],
       [0.33006164, 0.34044784, 0.3294905 ]], dtype=float32), array([[0.29907936, 0.40700373, 0.2939169 ],
       [0.00497119, 0.99134326, 0.00368552],
       [0.33056307, 0.33936432, 0.33007258]], dtype=float32), array([[0.3797054 , 0.25111702, 0.36917764],
       [0.00195928, 0.99504787, 0.00299293],
       [0.3287669 , 0.34160838, 0.32962468]], dtype=float32), array([[0.29572305, 0.4142141 , 0.29006273],
       [0.00355318, 0.9938747 , 0.00257209],
       [0.32983518, 0.34095636, 0.32920843]], dtype=float32), array([[0.36197233, 0.2801515 , 0.35787624],
       [0.00148821, 0.9965249 , 0.00198688],
       [0.3281826 , 0.3429909 , 0.32882652]], dtype=float32), array([[3.7079346e-01, 2.6630723e-01, 3.6289936e-01],
       [8.7674160e-04, 9.9773788e-01, 1.3853749e-03],
       [3.1553414e-01, 3.6588019e-01, 3.1858575e-01]], dtype=float32), array([[0.30327964, 0.39613304, 0.3005874 ],
       [0.00145298, 0.9973787 , 0.00116832],
       [0.32703897, 0.34655428, 0.32640678]], dtype=float32), array([[3.7025750e-01, 2.6706886e-01, 3.6267364e-01],
       [4.9158954e-04, 9.9871194e-01, 7.9643080e-04],
       [3.1208283e-01, 3.7232536e-01, 3.1559178e-01]], dtype=float32), array([[2.7969417e-01, 4.4809026e-01, 2.7221555e-01],
       [8.0325676e-04, 9.9866354e-01, 5.3321029e-04],
       [3.2387564e-01, 3.5389537e-01, 3.2222891e-01]], dtype=float32), array([[2.9248655e-01, 4.1884574e-01, 2.8866777e-01],
       [5.6658930e-04, 9.9900240e-01, 4.3097814e-04],
       [3.2257277e-01, 3.5601693e-01, 3.2141024e-01]], dtype=float32), array([[3.8054714e-01, 2.4869461e-01, 3.7075830e-01],
       [2.4683349e-04, 9.9934262e-01, 4.1057527e-04],
       [3.2025871e-01, 3.5732660e-01, 3.2241467e-01]], dtype=float32), array([[3.8654110e-01, 2.4071735e-01, 3.7274155e-01],
       [1.7478695e-04, 9.9948561e-01, 3.3954938e-04],
       [3.0561176e-01, 3.8340998e-01, 3.1097826e-01]], dtype=float32), array([[2.9358253e-01, 4.1467524e-01, 2.9174221e-01],
       [3.7931843e-04, 9.9929202e-01, 3.2863754e-04],
       [3.0982000e-01, 3.8153237e-01, 3.0864763e-01]], dtype=float32), array([[3.6879477e-01, 2.6938695e-01, 3.6181831e-01],
       [1.7885699e-04, 9.9951887e-01, 3.0224360e-04],
       [3.0560249e-01, 3.8449770e-01, 3.0989984e-01]], dtype=float32), array([[2.7629951e-01, 4.5248213e-01, 2.7121836e-01],
       [3.6255800e-04, 9.9936837e-01, 2.6910345e-04],
       [3.0957031e-01, 3.8333920e-01, 3.0709049e-01]], dtype=float32), array([[3.6496258e-01, 2.7465352e-01, 3.6038390e-01],
       [2.2724632e-04, 9.9944299e-01, 3.2983173e-04],
       [3.2147688e-01, 3.5560274e-01, 3.2292047e-01]], dtype=float32), array([[3.6827219e-01, 2.7297342e-01, 3.5875437e-01],
       [9.7856202e-05, 9.9968278e-01, 2.1936515e-04],
       [2.6641816e-01, 4.5442906e-01, 2.7915269e-01]], dtype=float32), array([[3.0449620e-01, 3.9195856e-01, 3.0354527e-01],
       [6.2128383e-04, 9.9881172e-01, 5.6698808e-04],
       [3.1482285e-01, 3.7099385e-01, 3.1418326e-01]], dtype=float32)]",1,0,0,0,0,0,47.75645161290321,29.265322580645172,0.00016296877294127738,2000,12000,0.0003725773829759048,10.02,10.02,12000,2000,0.331272528985696,23810,0.0393447157605,6.0,999.0,0.0,185814,0.0,1.0,0.0013802934991,30969,362.3795738934395,133.69830322265625,0.0,-0.012168368324637413,999.0,0.4722185432910919,0.002625885186716914,0.13523373007774353,0.2865012586116791,1.0,0.0013802934991,185814,81158,0.3373532295227051,-0.020206689834594727,6.0,30969,362.38135919692917,558000,371628,61938,104968,93000,0,1088.2392404682414,6320387.027052246,6593383.004001757,0.0003232977707618015,0.00014337824341607733,2,1.0065813770648688,100,10.5,0.18264859276458914,9.5,6.0,5.843014532704272e-05,0.001922571659379173,50,12100,1.0065813770648688,10.0,2,300,2.0,0.0004915394315397785,600,0.000218777140645183,10.0,600,100,10.0,100,2.0805734673519203e-05,3.379130969823312e-05,6.707586834783355e-06,7.62456943861674e-06,4.470051444050267e-05,2.931964379592858e-05,2.974683294046966e-05,2.2708049222905655e-05,1.6474854766498987e-05,0.00015596972457894407,5.01697975426012e-05,0.05299647913133043,0.006648027102766644,0.04968444416708807,0.1738048558708279,0.030725500562633967,0.016488523863810528,0.00016342464967527217,181.0,648396,0.33260217,0.29340487718582153,108066,0.000731050968170166,186.0,83.26319885253906,1.0,-0.016467519104480743,498.0,0.4722185730934143,0.0016711857169866562,181.0,648396,0.0,186.0,108066,498.0,1296792,651000,216132,3906000,12459.985160255526,2.1314291533462403e-05,0.00020081240261784106,2.8988933655236675e-05,6.520632222183396e-05,3.928673158848869e-05,4.055978681317086e-05,2.6123976444344963e-05,4.5602159688068725e-05,9.416949939332232e-06,8.721327258156783e-06,6.022857379387247e-05
1,14000,False,7,ca05a_00000,2025-08-17_23-25-48,1755473148,87.32109236717224,617.5141808986664,758452,intrinsic-attention2,10.156.0.3,617.5141808986664,7,89.22960392537149,1.926737351393414e-05,89.22934839581274,2.562430676263068,86.32533082325867,0.001986891985047344,2000,1.0067001111073661,9.45,2,10.5,0.0002652160037541762,2.5306719341719788,7000,-10.5,6.0,4.5115622528336495e-05,2,0.0014996427095320542,2.0,1000,14000,9.644548077891785e-05,1.0067001111073661,754.3914416420903,2000.0,3000.0,"[array([-0.89566314, -0.89566314, -0.89566314], dtype=float32), array([-0.90351856, -0.90351856, -0.90351856], dtype=float32), array([-0.9053955, -0.9053955, -0.9053955], dtype=float32), array([-0.91678166, -0.91678166, -0.91678166], dtype=float32), array([-0.9227011, -0.9227011, -0.9227011], dtype=float32), array([-0.9155806, -0.9155806, -0.9155806], dtype=float32), array([-0.9121104, -0.9121104, -0.9121104], dtype=float32), array([-0.9137622, -0.9137622, -0.9137622], dtype=float32), array([-0.9146211, -0.9146211, -0.9146211], dtype=float32), array([-0.9164228, -0.9164228, -0.9164228], dtype=float32), array([-0.9175424, -0.9175424, -0.9175424], dtype=float32), array([-0.92154616, -0.92154616, -0.92154616], dtype=float32), array([-0.9262544, -0.9262544, -0.9262544], dtype=float32), array([-0.9314748, -0.9314748, -0.9314748], dtype=float32), array([-0.9367983, -0.9367983, -0.9367983], dtype=float32), array([-0.9414025, -0.9414025, -0.9414025], dtype=float32), array([-0.94490546, -0.94490546, -0.94490546], dtype=float32), array([-0.95227325, -0.95227325, -0.95227325], dtype=float32), array([-0.95820594, -0.95820594, -0.95820594], dtype=float32), array([-0.96202576, -0.96202576, -0.96202576], dtype=float32), array([-0.96607184, -0.96607184, -0.96607184], dtype=float32), array([-0.96921265, -0.96921265, -0.96921265], dtype=float32), array([-0.9724997, -0.9724997, -0.9724997], dtype=float32), array([-0.9718502, -0.9718502, -0.9718502], dtype=float32), array([-0.97225213, -0.97225213, -0.97225213], dtype=float32), array([-0.97796935, -0.97796935, -0.97796935], dtype=float32), array([-0.9821681, -0.9821681, -0.9821681], dtype=float32), array([-0.97778535, -0.97778535, -0.97778535], dtype=float32), array([-0.9710931, -0.9710931, -0.9710931], dtype=float32), array([-0.96599597, -0.96599597, -0.96599597], dtype=float32), array([-0.963785, -0.963785, -0.963785], dtype=float32)]","[array([-0.895663, -0.895663, -0.895663], dtype=float32), array([-0.9035186, -0.9035186, -0.9035186], dtype=float32), array([-0.9053955, -0.9053955, -0.9053955], dtype=float32), array([-0.9167818, -0.9167818, -0.9167818], dtype=float32), array([-0.92270136, -0.92270136, -0.92270136], dtype=float32), array([-0.9155803, -0.9155803, -0.9155803], dtype=float32), array([-0.91211045, -0.91211045, -0.91211045], dtype=float32), array([-0.9137624, -0.9137624, -0.9137624], dtype=float32), array([-0.914621, -0.914621, -0.914621], dtype=float32), array([-0.91642267, -0.91642267, -0.91642267], dtype=float32), array([-0.91754246, -0.91754246, -0.91754246], dtype=float32), array([-0.9215464, -0.9215464, -0.9215464], dtype=float32), array([-0.9262547, -0.9262547, -0.9262547], dtype=float32), array([-0.93147486, -0.93147486, -0.93147486], dtype=float32), array([-0.9367986, -0.9367986, -0.9367986], dtype=float32), array([-0.94140244, -0.94140244, -0.94140244], dtype=float32), array([-0.9449057, -0.9449057, -0.9449057], dtype=float32), array([-0.9522733, -0.9522733, -0.9522733], dtype=float32), array([-0.9582058, -0.9582058, -0.9582058], dtype=float32), array([-0.9620257, -0.9620257, -0.9620257], dtype=float32), array([-0.9660718, -0.9660718, -0.9660718], dtype=float32), array([-0.9692126, -0.9692126, -0.9692126], dtype=float32), array([-0.9724996, -0.9724996, -0.9724996], dtype=float32), array([-0.97185, -0.97185, -0.97185], dtype=float32), array([-0.9722523, -0.9722523, -0.9722523], dtype=float32), array([-0.97796947, -0.97796947, -0.97796947], dtype=float32), array([-0.9821681, -0.9821681, -0.9821681], dtype=float32), array([-0.9777854, -0.9777854, -0.9777854], dtype=float32), array([-0.9710932, -0.9710932, -0.9710932], dtype=float32), array([-0.9659959, -0.9659959, -0.9659959], dtype=float32), array([-0.963785, -0.963785, -0.963785], dtype=float32)]","[array([[2.9193163e-01, 4.2254677e-01, 2.8552154e-01],
       [1.4240043e-03, 9.9761510e-01, 9.6087350e-04],
       [3.3347985e-01, 3.3301228e-01, 3.3350793e-01]], dtype=float32), array([[0.39228925, 0.2290954 , 0.37861535],
       [0.00110764, 0.99715745, 0.00173491],
       [0.33964846, 0.3219031 , 0.33844838]], dtype=float32), array([[0.37679428, 0.25822413, 0.36498156],
       [0.00151169, 0.9958759 , 0.00261256],
       [0.3086586 , 0.37740636, 0.3139351 ]], dtype=float32), array([[0.32384354, 0.35311052, 0.3230459 ],
       [0.00364446, 0.9932494 , 0.00310613],
       [0.34087467, 0.31756163, 0.34156364]], dtype=float32), array([[0.38909408, 0.23482473, 0.37608117],
       [0.00162975, 0.99585956, 0.0025107 ],
       [0.3379176 , 0.32504755, 0.33703488]], dtype=float32), array([[0.38280892, 0.2456555 , 0.37153554],
       [0.00160615, 0.99591666, 0.00247713],
       [0.3310101 , 0.3375435 , 0.33144635]], dtype=float32), array([[0.30056491, 0.40146086, 0.29797432],
       [0.0032449 , 0.99402076, 0.0027343 ],
       [0.31933483, 0.36253995, 0.31812525]], dtype=float32), array([[0.37394312, 0.26067933, 0.36537755],
       [0.00435737, 0.98946893, 0.00617369],
       [0.33205602, 0.33565784, 0.33228618]], dtype=float32), array([[0.33842084, 0.32290795, 0.33867118],
       [0.0141142 , 0.97268224, 0.01320348],
       [0.34557384, 0.308229  , 0.34619716]], dtype=float32), array([[0.3353086 , 0.32911864, 0.33557278],
       [0.02753588, 0.9487544 , 0.02370978],
       [0.35067305, 0.29613984, 0.3531871 ]], dtype=float32), array([[0.39806986, 0.2241706 , 0.37775958],
       [0.02748342, 0.9346068 , 0.03790972],
       [0.35708538, 0.29229072, 0.35062388]], dtype=float32), array([[0.34706196, 0.30333665, 0.34960136],
       [0.0674536 , 0.87382716, 0.05871928],
       [0.3609298 , 0.27261522, 0.36645502]], dtype=float32), array([[0.3633276 , 0.27482244, 0.36184996],
       [0.0719564 , 0.853442  , 0.07460164],
       [0.35920438, 0.2828422 , 0.35795337]], dtype=float32), array([[0.38184264, 0.24033345, 0.37782386],
       [0.10638506, 0.782267  , 0.11134791],
       [0.37643242, 0.25061858, 0.37294906]], dtype=float32), array([[0.4051445 , 0.21871495, 0.37614053],
       [0.09759156, 0.77709883, 0.12530963],
       [0.368728  , 0.27530023, 0.35597178]], dtype=float32), array([[0.3839873 , 0.23681775, 0.37919495],
       [0.15709443, 0.6797162 , 0.16318925],
       [0.37913585, 0.24596725, 0.37489688]], dtype=float32), array([[0.45803285, 0.17372034, 0.36824676],
       [0.11682221, 0.7079419 , 0.17523594],
       [0.37982988, 0.2687811 , 0.35138914]], dtype=float32), array([[0.38353002, 0.23704661, 0.3794233 ],
       [0.2006818 , 0.5937066 , 0.20561154],
       [0.38020352, 0.24336906, 0.37642735]], dtype=float32), array([[0.38258776, 0.23845088, 0.3789613 ],
       [0.22035049, 0.5551591 , 0.22449043],
       [0.37992087, 0.24354602, 0.37653306]], dtype=float32), array([[0.37830696, 0.2547416 , 0.36695144],
       [0.20704369, 0.5691327 , 0.2238236 ],
       [0.3664891 , 0.27504024, 0.35847065]], dtype=float32), array([[0.29533303, 0.41900125, 0.28566572],
       [0.15397188, 0.71294993, 0.13307814],
       [0.30812857, 0.39061996, 0.30125147]], dtype=float32), array([[0.43306628, 0.20577076, 0.36116296],
       [0.20826437, 0.5301451 , 0.26159054],
       [0.37918523, 0.27135566, 0.34945908]], dtype=float32), array([[0.36009368, 0.2669555 , 0.37295076],
       [0.29118708, 0.43068403, 0.27812886],
       [0.36639777, 0.25050375, 0.38309857]], dtype=float32), array([[0.43016914, 0.19933434, 0.3704965 ],
       [0.2665819 , 0.43964463, 0.2937734 ],
       [0.40057808, 0.23750186, 0.36192003]], dtype=float32), array([[0.40469474, 0.23279805, 0.36250722],
       [0.24373004, 0.47760934, 0.27866068],
       [0.3738916 , 0.27452067, 0.35158777]], dtype=float32), array([[0.36079544, 0.26546836, 0.3737362 ],
       [0.30095723, 0.40846   , 0.29058284],
       [0.3662881 , 0.2512092 , 0.38250268]], dtype=float32), array([[0.27112883, 0.45893788, 0.2699333 ],
       [0.14634667, 0.70923316, 0.14442012],
       [0.27222198, 0.4567363 , 0.2710417 ]], dtype=float32), array([[0.40660214, 0.22011189, 0.37328598],
       [0.29074273, 0.40479696, 0.30446032],
       [0.39176857, 0.24190967, 0.3663218 ]], dtype=float32), array([[0.27146357, 0.45793   , 0.27060643],
       [0.15429209, 0.692811  , 0.15289688],
       [0.27219683, 0.45645612, 0.2713471 ]], dtype=float32), array([[0.44743568, 0.20477013, 0.34779426],
       [0.2538357 , 0.44252938, 0.30363497],
       [0.3849953 , 0.2711432 , 0.34386152]], dtype=float32), array([[0.40602082, 0.23697369, 0.35700545],
       [0.27351797, 0.42294303, 0.30353895],
       [0.37506434, 0.27628648, 0.3486492 ]], dtype=float32)]",1,0,0,0,0,0,47.81120000000001,29.276000000000014,0.0001573080046318145,2000,14000,0.0003532533852920256,9.45,9.45,14000,2000,0.33112087110580374,23810,0.0393447157605,7.0,999.0,0.0,216783,0.0,1.0,0.0013802934991,30969,362.3478299527308,113.45469665527344,0.0,-0.013429896906018257,999.0,0.4722185432910919,0.003783236024901271,0.06761686503887177,0.2571241557598114,1.0,0.0013802934991,216783,81158,0.335933655500412,-0.007717251777648926,7.0,30969,362.3495280665178,651000,433566,61938,104968,93000,0,1088.1433040577292,6319002.078987352,6594659.624411804,0.00032190804297424063,0.00014986640736175874,2,1.0066738172414504,100,10.5,0.18266079259695583,9.5,7.0,6.232845648289896e-05,0.0022780477502965368,50,14100,1.0066738172414504,10.0,2,350,2.0,0.0005194045529197579,700,0.0002284257957024434,10.0,700,100,10.0,100,1.9844321732950213e-05,3.294910211478489e-05,6.5519302270464415e-06,7.399850904470923e-06,4.249609218979152e-05,2.8427994735770867e-05,2.8358402329359415e-05,2.1815654821458898e-05,1.573227446865816e-05,0.000146124120565154,4.667588006331159e-05,0.05298900009988308,0.006646529961735086,0.049661116075447154,0.17372542747213443,0.030698408247040367,0.01647338068519322,0.00016342303318865492,211.0,756462,0.32217124,0.24270100891590118,108066,0.0015750527381896973,217.0,82.70648956298828,1.0,-0.028369644656777382,498.0,0.4722185730934143,0.01041373424232006,211.0,756462,0.0,217.0,108066,498.0,1512924,651000,216132,4557000,12332.956214644239,2.3346999903521374e-05,0.00021223365912156062,3.063658648916291e-05,6.900935448750194e-05,4.1266416849931113e-05,4.2469045445022734e-05,2.7583810937665116e-05,4.766377724356507e-05,9.942733339659045e-06,9.034051432182483e-06,6.145815332278363e-05
1,16000,False,8,ca05a_00000,2025-08-17_23-27-16,1755473236,87.42427659034729,704.9384574890137,758452,intrinsic-attention2,10.156.0.3,704.9384574890137,8,89.21007214335768,1.9205969841206005e-05,89.20981564062454,2.562162763770349,86.30619345652615,0.0019864234151896636,2000,1.0067001111073661,10.1,2,10.5,0.0002652160037541762,2.5304122721402615,8000,9.5,7.0,4.604002333363099e-05,2,0.0015289394800493028,2.0,1000,16000,9.868493653250537e-05,1.0067001111073661,744.5418758918506,2000.0,3000.0,"[array([-0.9627068, -0.9627068, -0.9627068], dtype=float32), array([-0.9635639, -0.9635639, -0.9635639], dtype=float32), array([-0.96444434, -0.96444434, -0.96444434], dtype=float32), array([-0.9631169, -0.9631169, -0.9631169], dtype=float32), array([-0.96309185, -0.96309185, -0.96309185], dtype=float32), array([-0.96063334, -0.96063334, -0.96063334], dtype=float32), array([-0.9558293, -0.9558293, -0.9558293], dtype=float32), array([-0.95164096, -0.95164096, -0.95164096], dtype=float32), array([-0.945492, -0.945492, -0.945492], dtype=float32), array([-0.93852234, -0.93852234, -0.93852234], dtype=float32), array([-0.9272349, -0.9272349, -0.9272349], dtype=float32), array([-0.92409414, -0.92409414, -0.92409414], dtype=float32), array([-0.9229639, -0.9229639, -0.9229639], dtype=float32), array([-0.9240094, -0.9240094, -0.9240094], dtype=float32), array([-0.9250897, -0.9250897, -0.9250897], dtype=float32), array([-0.91817755, -0.91817755, -0.91817755], dtype=float32), array([-0.90013325, -0.90013325, -0.90013325], dtype=float32), array([-0.88225675, -0.88225675, -0.88225675], dtype=float32), array([-0.86295325, -0.86295325, -0.86295325], dtype=float32), array([-0.8424064, -0.8424064, -0.8424064], dtype=float32), array([-0.8215286, -0.8215286, -0.8215286], dtype=float32), array([-0.8010158, -0.8010158, -0.8010158], dtype=float32), array([-0.7788264, -0.7788264, -0.7788264], dtype=float32), array([-0.75857806, -0.75857806, -0.75857806], dtype=float32), array([-0.74341106, -0.74341106, -0.74341106], dtype=float32), array([-0.72904974, -0.72904974, -0.72904974], dtype=float32), array([-0.68165684, -0.68165684, -0.68165684], dtype=float32), array([-0.6438061, -0.6438061, -0.6438061], dtype=float32), array([-0.6278683, -0.6278683, -0.6278683], dtype=float32), array([-0.61639684, -0.61639684, -0.61639684], dtype=float32), array([-0.5666667, -0.5666667, -0.5666667], dtype=float32)]","[array([-0.96270686, -0.96270686, -0.96270686], dtype=float32), array([-0.9635639, -0.9635639, -0.9635639], dtype=float32), array([nan, nan, nan], dtype=float32), array([-0.96311694, -0.96311694, -0.96311694], dtype=float32), array([nan, nan, nan], dtype=float32), array([nan, nan, nan], dtype=float32), array([nan, nan, nan], dtype=float32), array([-0.95164084, -0.95164084, -0.95164084], dtype=float32), array([-0.94549227, -0.94549227, -0.94549227], dtype=float32), array([-0.93852234, -0.93852234, -0.93852234], dtype=float32), array([-0.9272351, -0.9272351, -0.9272351], dtype=float32), array([nan, nan, nan], dtype=float32), array([nan, nan, nan], dtype=float32), array([-0.92400956, -0.92400956, -0.92400956], dtype=float32), array([-0.9250898, -0.9250898, -0.9250898], dtype=float32), array([nan, nan, nan], dtype=float32), array([-0.90013325, -0.90013325, -0.90013325], dtype=float32), array([-0.88225687, -0.88225687, -0.88225687], dtype=float32), array([nan, nan, nan], dtype=float32), array([-0.8424064, -0.8424064, -0.8424064], dtype=float32), array([nan, nan, nan], dtype=float32), array([nan, nan, nan], dtype=float32), array([-0.7788263, -0.7788263, -0.7788263], dtype=float32), array([-0.758578, -0.758578, -0.758578], dtype=float32), array([-0.74341106, -0.74341106, -0.74341106], dtype=float32), array([-0.7290498, -0.7290498, -0.7290498], dtype=float32), array([nan, nan, nan], dtype=float32), array([-0.643806, -0.643806, -0.643806], dtype=float32), array([nan, nan, nan], dtype=float32), array([-0.61639684, -0.61639684, -0.61639684], dtype=float32), array([nan, nan, nan], dtype=float32)]","[array([[0.37270913, 0.25366092, 0.37363   ],
       [0.31804806, 0.36418003, 0.3177719 ],
       [0.3730213 , 0.2530278 , 0.37395093]], dtype=float32), array([[0.4831804 , 0.18563999, 0.33117962],
       [0.25967753, 0.42490754, 0.3154149 ],
       [0.39369696, 0.26805127, 0.33825177]], dtype=float32), array([[0.4849217 , 0.18482037, 0.33025798],
       [0.26136237, 0.42226064, 0.31637698],
       [0.39467028, 0.26735774, 0.33797202]], dtype=float32), array([[0.41092676, 0.22191305, 0.36716017],
       [0.31142113, 0.36757657, 0.32100236],
       [0.39367902, 0.24526168, 0.36105922]], dtype=float32), array([[0.4358971 , 0.20426956, 0.3598334 ],
       [0.30787045, 0.3696745 , 0.3224551 ],
       [0.40464273, 0.24058864, 0.35476866]], dtype=float32), array([[0.38992777, 0.25072554, 0.35934672],
       [0.2872506 , 0.40645307, 0.30629635],
       [0.371642  , 0.2764971 , 0.35186094]], dtype=float32), array([[0.39054406, 0.24961843, 0.3598376 ],
       [0.28531286, 0.40983045, 0.30485663],
       [0.37203717, 0.27575967, 0.3522031 ]], dtype=float32), array([[0.3621393 , 0.26301315, 0.37484756],
       [0.31828064, 0.36842057, 0.31329873],
       [0.366114  , 0.25286433, 0.38102162]], dtype=float32), array([[0.36232963, 0.2626107 , 0.37505963],
       [0.31850433, 0.3678775 , 0.3136181 ],
       [0.3662813 , 0.25252977, 0.38118893]], dtype=float32), array([[0.41588745, 0.21352282, 0.37058973],
       [0.3044644 , 0.37927723, 0.3162584 ],
       [0.3978484 , 0.23810805, 0.3640436 ]], dtype=float32), array([[0.41627234, 0.21348931, 0.37023833],
       [0.30628723, 0.37617555, 0.3175372 ],
       [0.39817342, 0.23803057, 0.363796  ]], dtype=float32), array([[0.46238294, 0.19494763, 0.34266937],
       [0.26084337, 0.429136  , 0.31002063],
       [0.39227688, 0.26524433, 0.34247884]], dtype=float32), array([[0.44285747, 0.19577494, 0.36136755],
       [0.30466586, 0.37457824, 0.32075584],
       [0.40986264, 0.23377445, 0.35636294]], dtype=float32), array([[0.378753  , 0.24490237, 0.3763446 ],
       [0.31580326, 0.36768988, 0.31650686],
       [0.37793523, 0.24648543, 0.3755793 ]], dtype=float32), array([[0.41653833, 0.21479262, 0.36866903],
       [0.31149843, 0.3673832 , 0.32111838],
       [0.3982606 , 0.23919901, 0.3625404 ]], dtype=float32), array([[0.49718496, 0.17752288, 0.3252921 ],
       [0.2598043 , 0.42270765, 0.31748798],
       [0.3978988 , 0.2653593 , 0.33674186]], dtype=float32), array([[0.35883626, 0.26856437, 0.3725994 ],
       [0.33041912, 0.34044164, 0.3291392 ],
       [0.3620613 , 0.25995776, 0.37798095]], dtype=float32), array([[0.46677196, 0.20632124, 0.32690686],
       [0.29540312, 0.37629583, 0.32830104],
       [0.3909192 , 0.27419788, 0.3348829 ]], dtype=float32), array([[0.39070028, 0.2596266 , 0.34967312],
       [0.3122713 , 0.36254406, 0.32518467],
       [0.36958426, 0.285758  , 0.34465772]], dtype=float32), array([[0.41760805, 0.23068313, 0.35170883],
       [0.34285787, 0.3208143 , 0.33632785],
       [0.39625952, 0.2549535 , 0.34878692]], dtype=float32), array([[0.421613  , 0.2325723 , 0.3458147 ],
       [0.3462497 , 0.317394  , 0.33635628],
       [0.39665267, 0.25914034, 0.34420702]], dtype=float32), array([[0.4702512 , 0.21688937, 0.31285936],
       [0.31827042, 0.34808984, 0.3336398 ],
       [0.38880184, 0.28255236, 0.32864588]], dtype=float32), array([[0.4705864 , 0.22038701, 0.3090266 ],
       [0.32432634, 0.34178287, 0.33389083],
       [0.3880825 , 0.28492886, 0.32698864]], dtype=float32), array([[0.42576313, 0.24115543, 0.3330815 ],
       [0.35806054, 0.3069302 , 0.33500922],
       [0.39641985, 0.26853576, 0.33504435]], dtype=float32), array([[0.41661692, 0.24842227, 0.33496085],
       [0.36272055, 0.30168748, 0.3355919 ],
       [0.3938168 , 0.2702278 , 0.33595538]], dtype=float32), array([[0.39893585, 0.26969013, 0.33137396],
       [0.33498383, 0.33162728, 0.33338886],
       [0.36833394, 0.29834288, 0.3333232 ]], dtype=float32), array([[0.49488416, 0.21133146, 0.29378435],
       [0.33012673, 0.33609906, 0.3337742 ],
       [0.392157  , 0.28521183, 0.32263127]], dtype=float32), array([[0.43935186, 0.23017268, 0.33047548],
       [0.36495885, 0.30018118, 0.3348599 ],
       [0.40649757, 0.25977167, 0.33373076]], dtype=float32), array([[0.48144555, 0.21447538, 0.30407906],
       [0.32425913, 0.3416889 , 0.33405194],
       [0.39052275, 0.2837651 , 0.3257121 ]], dtype=float32), array([[0.41105548, 0.2501195 , 0.33882508],
       [0.31783646, 0.3515978 , 0.33056572],
       [0.37452218, 0.2875436 , 0.33793417]], dtype=float32), array([[0.38789663, 0.24526823, 0.36683524],
       [0.3352666 , 0.3301003 , 0.33463308],
       [0.3817845 , 0.25478107, 0.36343437]], dtype=float32)]",1,0,0,0,0,0,47.8664,29.300000000000015,0.00016115688778745068,2000,16000,0.0003624401579246204,10.1,10.1,16000,2000,0.3310120569047538,23810,0.0393447157605,8.0,999.0,0.0,247752,0.0,1.0,0.0013802934991,30969,362.26057683069484,106.50262451171875,0.0,-0.02220028080046177,999.0,0.4722185432910919,0.06806845963001251,0.10142529755830765,0.3221798241138458,1.0,0.0013802934991,247752,81158,0.33116447925567627,0.011021792888641357,8.0,30969,362.26219602691384,744000,495504,61938,104968,93000,0,1087.8807188457272,6311371.991850103,6589220.729461589,0.00032022542258486824,0.00011481689887571604,2,1.0066942882837675,100,10.5,0.1821489001209756,-10.5,8.0,5.1139406366048415e-05,0.0019278904901875648,50,16100,1.0066942882837675,9.4,2,400,2.0,0.00041251982589856766,800,0.0001797212175918845,9.4,800,100,9.4,100,2.0312325517514844e-05,3.355812328592389e-05,6.726566313363246e-06,7.497755543019158e-06,4.3758231203473505e-05,2.888815333406572e-05,2.901217093111591e-05,2.2136133064977876e-05,1.597723352918399e-05,0.00015188011820907408,4.809795977513884e-05,0.052981528898839884,0.00664417421212093,0.04962838650465974,0.17369094327742302,0.030665659664534523,0.016471052658333984,0.0001635169328664922,241.0,864528,0.3325345,0.29733768105506897,108066,0.006817638874053955,248.0,84.94839477539062,1.0,-0.024400975555181503,498.0,0.4722185730934143,0.05078176036477089,241.0,864528,0.0,248.0,108066,498.0,1729056,651000,216132,5208000,12211.391844361873,1.816667767919715e-05,0.0001732650138224022,2.4862803192331397e-05,5.397342210901835e-05,3.2449130004431415e-05,3.3039556813510555e-05,2.2438872699340884e-05,3.7458642044901775e-05,8.167764400038231e-06,7.250061390381816e-06,4.879836094366283e-05
1,18000,False,9,ca05a_00000,2025-08-17_23-28-44,1755473324,87.99449062347412,792.9329481124878,758452,intrinsic-attention2,10.156.0.3,792.9329481124878,9,89.19641708570396,1.9129940129905632e-05,89.1961593728383,2.561980938482656,86.2928777926009,0.0019890294810654017,2000,1.0067001111073661,7.48,2,10.5,0.0002652160037541762,2.5302367331588655,9000,-10.5,8.0,4.540408688597717e-05,2,0.001519676060124766,2.0,1000,18000,9.698401103125999e-05,1.0067001111073661,733.8484496218487,2000.0,3000.0,"[array([-0.49336612, -0.49336612, -0.49336612], dtype=float32), array([-0.42741632, -0.42741632, -0.42741632], dtype=float32), array([-0.36319253, -0.36319253, -0.36319253], dtype=float32), array([-0.30183455, -0.30183455, -0.30183455], dtype=float32), array([-0.24596237, -0.24596237, -0.24596237], dtype=float32), array([-0.19398472, -0.19398472, -0.19398472], dtype=float32), array([-0.14622732, -0.14622732, -0.14622732], dtype=float32), array([-0.10231376, -0.10231376, -0.10231376], dtype=float32), array([-0.06242174, -0.06242174, -0.06242174], dtype=float32), array([-0.01012746, -0.01012746, -0.01012746], dtype=float32), array([0.03737537, 0.03737537, 0.03737537], dtype=float32), array([0.07972582, 0.07972582, 0.07972582], dtype=float32), array([0.12192428, 0.12192428, 0.12192428], dtype=float32), array([0.1605571, 0.1605571, 0.1605571], dtype=float32), array([0.19645976, 0.19645976, 0.19645976], dtype=float32), array([0.23031074, 0.23031074, 0.23031074], dtype=float32), array([0.26045394, 0.26045394, 0.26045394], dtype=float32), array([0.2893823, 0.2893823, 0.2893823], dtype=float32), array([0.31945103, 0.31945103, 0.31945103], dtype=float32), array([0.34790197, 0.34790197, 0.34790197], dtype=float32), array([0.40105197, 0.40105197, 0.40105197], dtype=float32), array([0.44896215, 0.44896215, 0.44896215], dtype=float32), array([0.4927731, 0.4927731, 0.4927731], dtype=float32), array([0.5355624, 0.5355624, 0.5355624], dtype=float32), array([0.57763773, 0.57763773, 0.57763773], dtype=float32), array([0.61472654, 0.61472654, 0.61472654], dtype=float32), array([0.65372187, 0.65372187, 0.65372187], dtype=float32), array([0.69247854, 0.69247854, 0.69247854], dtype=float32), array([0.75052714, 0.75052714, 0.75052714], dtype=float32), array([0.8028708, 0.8028708, 0.8028708], dtype=float32), array([0.85097885, 0.85097885, 0.85097885], dtype=float32)]","[array([-0.49336606, -0.49336606, -0.49336606], dtype=float32), array([-0.42741632, -0.42741632, -0.42741632], dtype=float32), array([-0.3631925, -0.3631925, -0.3631925], dtype=float32), array([-0.30183458, -0.30183458, -0.30183458], dtype=float32), array([-0.24596235, -0.24596235, -0.24596235], dtype=float32), array([-0.1939847, -0.1939847, -0.1939847], dtype=float32), array([-0.14622732, -0.14622732, -0.14622732], dtype=float32), array([-0.10231378, -0.10231378, -0.10231378], dtype=float32), array([-0.06242173, -0.06242173, -0.06242173], dtype=float32), array([-0.01012746, -0.01012746, -0.01012746], dtype=float32), array([0.03737536, 0.03737536, 0.03737536], dtype=float32), array([0.07972581, 0.07972581, 0.07972581], dtype=float32), array([0.12192429, 0.12192429, 0.12192429], dtype=float32), array([0.1605571, 0.1605571, 0.1605571], dtype=float32), array([0.19645977, 0.19645977, 0.19645977], dtype=float32), array([0.23031074, 0.23031074, 0.23031074], dtype=float32), array([0.26045394, 0.26045394, 0.26045394], dtype=float32), array([0.2893823, 0.2893823, 0.2893823], dtype=float32), array([0.31945106, 0.31945106, 0.31945106], dtype=float32), array([0.34790203, 0.34790203, 0.34790203], dtype=float32), array([0.40105194, 0.40105194, 0.40105194], dtype=float32), array([0.44896215, 0.44896215, 0.44896215], dtype=float32), array([0.4927731, 0.4927731, 0.4927731], dtype=float32), array([0.53556234, 0.53556234, 0.53556234], dtype=float32), array([0.57763773, 0.57763773, 0.57763773], dtype=float32), array([0.6147265, 0.6147265, 0.6147265], dtype=float32), array([0.6537218, 0.6537218, 0.6537218], dtype=float32), array([0.6924786, 0.6924786, 0.6924786], dtype=float32), array([0.75052696, 0.75052696, 0.75052696], dtype=float32), array([0.8028708, 0.8028708, 0.8028708], dtype=float32), array([0.85097873, 0.85097873, 0.85097873], dtype=float32)]","[array([[0.28833824, 0.49998033, 0.21168141],
       [0.25158846, 0.5929428 , 0.15546882],
       [0.30597183, 0.4465851 , 0.24744312]], dtype=float32), array([[0.46927932, 0.1884293 , 0.3422914 ],
       [0.3457619 , 0.3182493 , 0.33598888],
       [0.42727786, 0.22856545, 0.3441566 ]], dtype=float32), array([[0.44504875, 0.20118235, 0.35376886],
       [0.34479272, 0.31829426, 0.33691296],
       [0.41675922, 0.23158748, 0.35165328]], dtype=float32), array([[0.40355498, 0.23292753, 0.36351746],
       [0.3322294 , 0.33501363, 0.33275694],
       [0.3904854 , 0.2506048 , 0.35890985]], dtype=float32), array([[0.40374297, 0.24156228, 0.35469472],
       [0.31251076, 0.36296016, 0.32452914],
       [0.38115653, 0.26956683, 0.3492767 ]], dtype=float32), array([[0.4787592 , 0.1807774 , 0.34046337],
       [0.3483971 , 0.31520376, 0.33639908],
       [0.43399435, 0.22250411, 0.34350157]], dtype=float32), array([[0.42095336, 0.23683013, 0.34221646],
       [0.29430968, 0.38231355, 0.32337674],
       [0.37502524, 0.28516802, 0.3398068 ]], dtype=float32), array([[0.3922147 , 0.2451022 , 0.36268306],
       [0.33538342, 0.33011603, 0.33450058],
       [0.38307574, 0.25820214, 0.35872206]], dtype=float32), array([[0.45129293, 0.20218016, 0.3465268 ],
       [0.3567905 , 0.30453226, 0.3386773 ],
       [0.42066994, 0.23297861, 0.34635144]], dtype=float32), array([[0.3716388 , 0.24784268, 0.3805185 ],
       [0.34107223, 0.31635696, 0.34257087],
       [0.37324125, 0.24417098, 0.38258773]], dtype=float32), array([[0.42707783, 0.2271694 , 0.3457528 ],
       [0.27746046, 0.40709952, 0.3154401 ],
       [0.37679628, 0.28145337, 0.3417503 ]], dtype=float32), array([[0.4057872 , 0.23993477, 0.35427806],
       [0.2744232 , 0.4193784 , 0.30619842],
       [0.37232152, 0.28135142, 0.34632704]], dtype=float32), array([[0.50157076, 0.15159102, 0.3468383 ],
       [0.33058938, 0.33689114, 0.33251947],
       [0.45130435, 0.19840111, 0.35029447]], dtype=float32), array([[0.5051177 , 0.14618382, 0.34869844],
       [0.32462406, 0.34483787, 0.33053806],
       [0.4540866 , 0.19383343, 0.35208   ]], dtype=float32), array([[0.24664275, 0.58371484, 0.16964239],
       [0.16899425, 0.742147  , 0.08885872],
       [0.2791614 , 0.505068  , 0.2157706 ]], dtype=float32), array([[0.4111204 , 0.21690056, 0.37197894],
       [0.27912986, 0.42298397, 0.2978862 ],
       [0.3920418 , 0.24396008, 0.36399812]], dtype=float32), array([[0.5534365 , 0.13688424, 0.3096792 ],
       [0.19852784, 0.5080869 , 0.29338518],
       [0.40144348, 0.26223016, 0.33632645]], dtype=float32), array([[0.508823  , 0.15860794, 0.33256906],
       [0.20219982, 0.51368177, 0.28411844],
       [0.3945912 , 0.26442906, 0.34097973]], dtype=float32), array([[0.47333726, 0.14994645, 0.37671626],
       [0.3008366 , 0.38347033, 0.31569308],
       [0.4427722 , 0.18494244, 0.37228543]], dtype=float32), array([[0.5564784 , 0.13010018, 0.3134214 ],
       [0.17764293, 0.5456271 , 0.27672988],
       [0.4018599 , 0.25985557, 0.33828452]], dtype=float32), array([[0.3892501 , 0.2053821 , 0.4053678 ],
       [0.30342084, 0.3983549 , 0.29822424],
       [0.39320296, 0.19580674, 0.4109903 ]], dtype=float32), array([[0.41080514, 0.22016384, 0.369031  ],
       [0.2039747 , 0.5538341 , 0.24219121],
       [0.37724108, 0.2672294 , 0.35552952]], dtype=float32), array([[0.42268184, 0.1731952 , 0.40412304],
       [0.2814245 , 0.43104738, 0.28752813],
       [0.41716096, 0.18266036, 0.40017867]], dtype=float32), array([[0.44763976, 0.18620595, 0.36615437],
       [0.1730369 , 0.59715194, 0.22981118],
       [0.38618657, 0.26083082, 0.35298258]], dtype=float32), array([[0.42111105, 0.19366477, 0.38522422],
       [0.21886313, 0.53847194, 0.24266492],
       [0.40119028, 0.2236258 , 0.37518388]], dtype=float32), array([[0.4264043 , 0.16655283, 0.4070429 ],
       [0.26345253, 0.4655743 , 0.2709731 ],
       [0.42034835, 0.17690699, 0.40274465]], dtype=float32), array([[0.42730668, 0.16504854, 0.40764472],
       [0.25892362, 0.47427487, 0.2668015 ],
       [0.42108163, 0.17567612, 0.4032423 ]], dtype=float32), array([[0.42850956, 0.16311496, 0.40837547],
       [0.2543859 , 0.4829708 , 0.2626433 ],
       [0.4220811 , 0.17406178, 0.4038571 ]], dtype=float32), array([[0.47067463, 0.1340522 , 0.3952732 ],
       [0.24058469, 0.49355757, 0.26585773],
       [0.44499275, 0.16676725, 0.38824004]], dtype=float32), array([[0.4710009 , 0.13357536, 0.39542377],
       [0.23926021, 0.49600363, 0.26473618],
       [0.44521526, 0.16640887, 0.38837585]], dtype=float32), array([[0.39552292, 0.19178563, 0.41269138],
       [0.26361385, 0.48194563, 0.25444046],
       [0.40052265, 0.1796535 , 0.41982386]], dtype=float32)]",1,0,0,0,0,0,48.263200000000005,29.300000000000015,0.00015888142333489913,2000,18000,0.0003574699092687448,7.48,7.48,18000,2000,0.33086860956571357,23810,0.0393447157605,9.0,999.0,0.0,278721,0.0,1.0,0.0013802934991,30969,362.0250319802166,93.91227722167969,0.0,-0.04849613830447197,999.0,0.4722185432910919,0.012918696738779545,0.10142529755830765,0.3095485270023346,1.0,0.0013802934991,278721,81158,0.30159372091293335,-0.0009783506393432617,9.0,30969,362.0265746133386,837000,557442,61938,104968,93000,0,1087.1728311940788,6301283.085957274,6581240.302752036,0.0003185591484772253,0.00010655239932336933,2,1.0066988216326744,100,10.5,0.18164173054971405,-10.5,9.0,4.859170166973624e-05,0.0016047981506562793,50,18100,1.0066988216326744,9.2,2,450,2.0,0.00038676813998748174,900,0.00016702207327995195,9.2,900,100,9.2,100,2.0342164908381732e-05,3.313136041107684e-05,6.697797865546309e-06,7.336270189067055e-06,4.251030483287732e-05,2.8367610936875896e-05,2.8513107342861318e-05,2.197924637265571e-05,1.5662910562151162e-05,0.00014915471397425564,4.71882147483902e-05,0.05300230750982189,0.0066483576199647745,0.049593685409543974,0.1735960641446392,0.030637047367810196,0.016458501811751847,0.00016350890354690454,271.0,972594,0.32244906,0.2929385006427765,108066,-0.00023305416107177734,279.0,96.5436019897461,1.0,-0.02934093028306961,498.0,0.4722185730934143,0.01863946206867695,271.0,972594,0.0,279.0,108066,498.0,1945188,651000,216132,5859000,12096.53203333765,1.6717971304501808e-05,0.00016386433579736282,2.3426798544864916e-05,5.016982797574167e-05,3.102500393244068e-05,3.0630029958607104e-05,2.1339556427921642e-05,3.51580149203456e-05,7.728893594720939e-06,6.7981792763777184e-06,4.474639903481221e-05
1,20000,False,10,ca05a_00000,2025-08-17_23-30-10,1755473410,86.00887823104858,878.9418263435364,758452,intrinsic-attention2,10.156.0.3,878.9418263435364,10,89.16276580507693,1.905930069858647e-05,89.16250732285984,2.5616887906779158,86.25960269871484,0.0019873868663821356,2000,1.0067001111073661,9.52,2,10.5,0.0002652160037541762,2.529941798307183,10000,-10.5,9.0,4.6014194660816854e-05,2,0.0015338916594919282,2.0,1000,20000,9.707727884052956e-05,1.0067001111073661,722.4198115730013,2000.0,3000.0,"[array([0.89572656, 0.89572656, 0.89572656], dtype=float32), array([0.9375229, 0.9375229, 0.9375229], dtype=float32), array([0.9706459, 0.9706459, 0.9706459], dtype=float32), array([1.0023013, 1.0023013, 1.0023013], dtype=float32), array([1.0261309, 1.0261309, 1.0261309], dtype=float32), array([1.0437067, 1.0437067, 1.0437067], dtype=float32), array([1.0628614, 1.0628614, 1.0628614], dtype=float32), array([1.0785406, 1.0785406, 1.0785406], dtype=float32), array([1.0918369, 1.0918369, 1.0918369], dtype=float32), array([1.104369, 1.104369, 1.104369], dtype=float32), array([1.1180936, 1.1180936, 1.1180936], dtype=float32), array([1.123973, 1.123973, 1.123973], dtype=float32), array([1.1289464, 1.1289464, 1.1289464], dtype=float32), array([1.1313418, 1.1313418, 1.1313418], dtype=float32), array([1.132344, 1.132344, 1.132344], dtype=float32), array([1.1275733, 1.1275733, 1.1275733], dtype=float32), array([1.1216439, 1.1216439, 1.1216439], dtype=float32), array([1.1176788, 1.1176788, 1.1176788], dtype=float32), array([1.1101421, 1.1101421, 1.1101421], dtype=float32), array([1.1061383, 1.1061383, 1.1061383], dtype=float32), array([1.1014938, 1.1014938, 1.1014938], dtype=float32), array([1.0927451, 1.0927451, 1.0927451], dtype=float32), array([1.0872288, 1.0872288, 1.0872288], dtype=float32), array([1.0796436, 1.0796436, 1.0796436], dtype=float32), array([1.0703543, 1.0703543, 1.0703543], dtype=float32), array([1.0633028, 1.0633028, 1.0633028], dtype=float32), array([1.0588739, 1.0588739, 1.0588739], dtype=float32), array([1.0526, 1.0526, 1.0526], dtype=float32), array([1.0481875, 1.0481875, 1.0481875], dtype=float32), array([1.0456562, 1.0456562, 1.0456562], dtype=float32), array([1.0420381, 1.0420381, 1.0420381], dtype=float32)]","[array([0.8957266, 0.8957266, 0.8957266], dtype=float32), array([0.9375229, 0.9375229, 0.9375229], dtype=float32), array([0.9706459, 0.9706459, 0.9706459], dtype=float32), array([1.0023013, 1.0023013, 1.0023013], dtype=float32), array([1.0261312, 1.0261312, 1.0261312], dtype=float32), array([1.0437063, 1.0437063, 1.0437063], dtype=float32), array([1.0628616, 1.0628616, 1.0628616], dtype=float32), array([1.0785403, 1.0785403, 1.0785403], dtype=float32), array([1.0918367, 1.0918367, 1.0918367], dtype=float32), array([1.1043689, 1.1043689, 1.1043689], dtype=float32), array([1.1180936, 1.1180936, 1.1180936], dtype=float32), array([1.1239731, 1.1239731, 1.1239731], dtype=float32), array([1.1289465, 1.1289465, 1.1289465], dtype=float32), array([1.1313417, 1.1313417, 1.1313417], dtype=float32), array([1.1323438, 1.1323438, 1.1323438], dtype=float32), array([1.1275733, 1.1275733, 1.1275733], dtype=float32), array([1.1216438, 1.1216438, 1.1216438], dtype=float32), array([1.1176789, 1.1176789, 1.1176789], dtype=float32), array([1.1101422, 1.1101422, 1.1101422], dtype=float32), array([1.1061383, 1.1061383, 1.1061383], dtype=float32), array([1.1014938, 1.1014938, 1.1014938], dtype=float32), array([1.0927453, 1.0927453, 1.0927453], dtype=float32), array([1.0872289, 1.0872289, 1.0872289], dtype=float32), array([1.0796436, 1.0796436, 1.0796436], dtype=float32), array([1.0703541, 1.0703541, 1.0703541], dtype=float32), array([1.0633026, 1.0633026, 1.0633026], dtype=float32), array([1.0588737, 1.0588737, 1.0588737], dtype=float32), array([1.0526, 1.0526, 1.0526], dtype=float32), array([1.0481877, 1.0481877, 1.0481877], dtype=float32), array([1.0456562, 1.0456562, 1.0456562], dtype=float32), array([1.0420384, 1.0420384, 1.0420384], dtype=float32)]","[array([[0.52260196, 0.10558868, 0.37180936],
       [0.22338243, 0.51028764, 0.26632997],
       [0.46889058, 0.15875949, 0.37234992]], dtype=float32), array([[0.44959557, 0.18019883, 0.37020564],
       [0.14279135, 0.6595479 , 0.19766071],
       [0.38560686, 0.25981975, 0.35457337]], dtype=float32), array([[0.49397993, 0.1487489 , 0.3572712 ],
       [0.12680313, 0.67412657, 0.1990703 ],
       [0.39289826, 0.25681025, 0.35029152]], dtype=float32), array([[0.43261907, 0.1578917 , 0.4094892 ],
       [0.24408521, 0.5020426 , 0.2538722 ],
       [0.425088  , 0.17047839, 0.40443364]], dtype=float32), array([[0.44967207, 0.17984818, 0.37047976],
       [0.1387675 , 0.6677989 , 0.19343361],
       [0.38499427, 0.26051942, 0.35448623]], dtype=float32), array([[0.43191943, 0.15927592, 0.40880463],
       [0.24385361, 0.50237894, 0.25376743],
       [0.4242862 , 0.17202829, 0.40368548]], dtype=float32), array([[0.46839145, 0.150417  , 0.38119152],
       [0.18774267, 0.5817718 , 0.23048559],
       [0.42350215, 0.2051588 , 0.37133902]], dtype=float32), array([[0.40569872, 0.22047678, 0.37382448],
       [0.15964718, 0.64770216, 0.19265063],
       [0.37493825, 0.2668481 , 0.35821366]], dtype=float32), array([[0.42906985, 0.1642084 , 0.40672177],
       [0.24554746, 0.49901363, 0.2554389 ],
       [0.42143652, 0.17700341, 0.40156007]], dtype=float32), array([[0.5346027 , 0.12735717, 0.33804008],
       [0.11823961, 0.67542243, 0.20633797],
       [0.39493585, 0.25965577, 0.34540844]], dtype=float32), array([[0.40238374, 0.22526976, 0.3723465 ],
       [0.1648976 , 0.6375172 , 0.19758527],
       [0.3727419 , 0.27021164, 0.35704646]], dtype=float32), array([[0.39267355, 0.20007676, 0.40724966],
       [0.26150477, 0.48559454, 0.2529007 ],
       [0.39742944, 0.188828  , 0.4137425 ]], dtype=float32), array([[0.21062441, 0.634508  , 0.15486756],
       [0.08157359, 0.87635165, 0.04207474],
       [0.2547819 , 0.53841484, 0.20680322]], dtype=float32), array([[0.45762396, 0.14822662, 0.39414945],
       [0.2373737 , 0.5005938 , 0.26203248],
       [0.4338001 , 0.18008499, 0.38611493]], dtype=float32), array([[0.5025662 , 0.12262534, 0.37480837],
       [0.22542939, 0.507685  , 0.26688564],
       [0.45282802, 0.1753957 , 0.37177628]], dtype=float32), array([[0.50088274, 0.12411695, 0.3750003 ],
       [0.22579253, 0.50714236, 0.26706517],
       [0.45153475, 0.17676587, 0.37169945]], dtype=float32), array([[0.43277994, 0.1986686 , 0.36855143],
       [0.15392275, 0.6395691 , 0.20650814],
       [0.37614697, 0.27203393, 0.3518191 ]], dtype=float32), array([[0.4675364 , 0.17177156, 0.36069202],
       [0.14127815, 0.6489964 , 0.20972537],
       [0.3815317 , 0.26972505, 0.34874326]], dtype=float32), array([[0.43201545, 0.19922602, 0.36875862],
       [0.15378763, 0.6403249 , 0.20588759],
       [0.37605605, 0.27199775, 0.35194618]], dtype=float32), array([[0.39591447, 0.23368484, 0.37040073],
       [0.17042719, 0.62859154, 0.20098123],
       [0.3693673 , 0.27481082, 0.3558218 ]], dtype=float32), array([[0.49622157, 0.1267894 , 0.3769891 ],
       [0.22310136, 0.51305854, 0.26384005],
       [0.44877848, 0.17849447, 0.372727  ]], dtype=float32), array([[0.4295914 , 0.20114864, 0.36925995],
       [0.15383795, 0.6416303 , 0.20453176],
       [0.3756687 , 0.2720741 , 0.35225716]], dtype=float32), array([[0.39364585, 0.23616047, 0.3701937 ],
       [0.17127785, 0.62847084, 0.20025139],
       [0.36883846, 0.27509883, 0.3560627 ]], dtype=float32), array([[0.44609377, 0.15899995, 0.39490622],
       [0.23455986, 0.5084315 , 0.25700867],
       [0.4257122 , 0.18780759, 0.38648015]], dtype=float32), array([[0.48821616, 0.13247976, 0.37930417],
       [0.22080527, 0.51870537, 0.2604893 ],
       [0.4435825 , 0.18277504, 0.37364247]], dtype=float32), array([[0.4425664 , 0.16238485, 0.3950487 ],
       [0.23339036, 0.51152277, 0.25508693],
       [0.42326164, 0.19015557, 0.38658282]], dtype=float32), array([[0.47523937, 0.15345947, 0.37130117],
       [0.18055797, 0.5859656 , 0.23347646],
       [0.4155276 , 0.2220719 , 0.3624005 ]], dtype=float32), array([[0.41767633, 0.1824176 , 0.399906  ],
       [0.24064343, 0.50906175, 0.25029477],
       [0.41049728, 0.19475867, 0.39474407]], dtype=float32), array([[0.42431927, 0.20526469, 0.37041605],
       [0.15495658, 0.6428309 , 0.20221254],
       [0.37533337, 0.27141866, 0.35324797]], dtype=float32), array([[0.4174449 , 0.18273143, 0.39982367],
       [0.2394178 , 0.5114858 , 0.24909641],
       [0.41026643, 0.195084  , 0.3946496 ]], dtype=float32), array([[0.3867612 , 0.21317104, 0.40006775],
       [0.2533446 , 0.5029871 , 0.24366829],
       [0.3919764 , 0.20088239, 0.40714124]], dtype=float32)]",1,0,0,0,0,0,45.09918699186993,28.436585365853656,0.00016094867509524967,2000,20000,0.0003594534377091726,9.52,9.52,20000,2000,0.330802309590166,23810,0.0393447157605,10.0,999.0,0.0,309690,0.0,1.0,0.0013802934991,30969,362.2236263012135,110.70624542236328,0.0,-0.048187255859375,999.0,0.4722185432910919,0.016967231407761574,0.10142529755830765,0.27177199721336365,1.0,0.0013802934991,309690,81158,0.30236536264419556,-0.003133058547973633,10.0,30969,362.22509685272394,930000,619380,61938,104968,93000,0,1087.7686952405315,6306606.818473089,6591006.517642529,0.00031722131698759694,0.00012080421526968857,2,1.0066998255508928,100,10.5,0.181451119954143,-9.5,10.0,5.231005631804129e-05,0.0018007841912913137,50,20100,1.0066998255508928,9.8,2,500,2.0,0.00042516722251318567,1000,0.00018586327189130218,9.8,1000,100,9.8,100,2.02040733495083e-05,3.3060802508721265e-05,6.586198361081766e-06,7.5453283567672555e-06,4.460819551509427e-05,2.8633073521446525e-05,2.899262648391181e-05,2.204801954061804e-05,1.5849399140437326e-05,0.00014904383005337842,4.829018753611264e-05,0.05298993227474811,0.006648463483722297,0.049565030015453856,0.17358227360315812,0.030631641044215112,0.016450636863569873,0.00016351448445473465,301.0,1080660,0.2966315,0.285751074552536,108066,0.004224717617034912,310.0,97.2457504272461,1.0,-0.05497392266988754,498.0,0.4722185730934143,0.017425907775759697,301.0,1080660,0.0,310.0,108066,498.0,2161320,651000,216132,6510000,11993.281022796546,1.87244336410606e-05,0.00017749464332690956,2.550363764992713e-05,5.606134522495471e-05,3.413938199261269e-05,3.400828472913938e-05,2.32232843514858e-05,3.906401333735008e-05,8.525907644003744e-06,7.462378594298085e-06,4.966955331206494e-05
1,22000,False,11,ca05a_00000,2025-08-17_23-31-36,1755473496,86.66760110855103,965.6094274520874,758452,intrinsic-attention2,10.156.0.3,965.6094274520874,11,89.13634179053619,1.898967776289402e-05,89.1360823511712,2.561761656291119,86.23106819058766,0.001989852017642716,2000,1.0067001111073661,9.87,2,10.5,0.0002652160037541762,2.530026075724053,11000,-10.5,10.0,4.527739691660322e-05,2,0.0014975371304899454,2.0,1000,22000,9.698202465124317e-05,1.0067001111073661,710.357497520261,2000.0,3000.0,"[array([1.0359504, 1.0359504, 1.0359504], dtype=float32), array([1.0303298, 1.0303298, 1.0303298], dtype=float32), array([1.0262707, 1.0262707, 1.0262707], dtype=float32), array([1.0240468, 1.0240468, 1.0240468], dtype=float32), array([1.0227851, 1.0227851, 1.0227851], dtype=float32), array([1.022999, 1.022999, 1.022999], dtype=float32), array([1.0243118, 1.0243118, 1.0243118], dtype=float32), array([1.0274217, 1.0274217, 1.0274217], dtype=float32), array([1.0311792, 1.0311792, 1.0311792], dtype=float32), array([1.0354502, 1.0354502, 1.0354502], dtype=float32), array([1.040531, 1.040531, 1.040531], dtype=float32), array([1.0458038, 1.0458038, 1.0458038], dtype=float32), array([1.0529063, 1.0529063, 1.0529063], dtype=float32), array([1.0598212, 1.0598212, 1.0598212], dtype=float32), array([1.0677042, 1.0677042, 1.0677042], dtype=float32), array([1.0769607, 1.0769607, 1.0769607], dtype=float32), array([1.0864583, 1.0864583, 1.0864583], dtype=float32), array([1.0965873, 1.0965873, 1.0965873], dtype=float32), array([1.1063806, 1.1063806, 1.1063806], dtype=float32), array([1.1171598, 1.1171598, 1.1171598], dtype=float32), array([1.1285163, 1.1285163, 1.1285163], dtype=float32), array([1.1404456, 1.1404456, 1.1404456], dtype=float32), array([1.1529485, 1.1529485, 1.1529485], dtype=float32), array([1.1657075, 1.1657075, 1.1657075], dtype=float32), array([1.1786549, 1.1786549, 1.1786549], dtype=float32), array([1.1927879, 1.1927879, 1.1927879], dtype=float32), array([1.2072438, 1.2072438, 1.2072438], dtype=float32), array([1.2209682, 1.2209682, 1.2209682], dtype=float32), array([1.2348734, 1.2348734, 1.2348734], dtype=float32), array([1.2467821, 1.2467821, 1.2467821], dtype=float32), array([1.2583768, 1.2583768, 1.2583768], dtype=float32)]","[array([1.0359503, 1.0359503, 1.0359503], dtype=float32), array([1.0303298, 1.0303298, 1.0303298], dtype=float32), array([1.0262706, 1.0262706, 1.0262706], dtype=float32), array([1.0240467, 1.0240467, 1.0240467], dtype=float32), array([1.0227847, 1.0227847, 1.0227847], dtype=float32), array([1.0229993, 1.0229993, 1.0229993], dtype=float32), array([1.0243117, 1.0243117, 1.0243117], dtype=float32), array([1.0274218, 1.0274218, 1.0274218], dtype=float32), array([1.0311791, 1.0311791, 1.0311791], dtype=float32), array([1.0354501, 1.0354501, 1.0354501], dtype=float32), array([1.040531, 1.040531, 1.040531], dtype=float32), array([1.0458037, 1.0458037, 1.0458037], dtype=float32), array([1.0529065, 1.0529065, 1.0529065], dtype=float32), array([1.0598211, 1.0598211, 1.0598211], dtype=float32), array([1.0677042, 1.0677042, 1.0677042], dtype=float32), array([1.0769608, 1.0769608, 1.0769608], dtype=float32), array([1.0864583, 1.0864583, 1.0864583], dtype=float32), array([1.0965873, 1.0965873, 1.0965873], dtype=float32), array([1.1063806, 1.1063806, 1.1063806], dtype=float32), array([1.1171598, 1.1171598, 1.1171598], dtype=float32), array([1.1285166, 1.1285166, 1.1285166], dtype=float32), array([1.1404456, 1.1404456, 1.1404456], dtype=float32), array([1.1529486, 1.1529486, 1.1529486], dtype=float32), array([1.1657075, 1.1657075, 1.1657075], dtype=float32), array([1.1786548, 1.1786548, 1.1786548], dtype=float32), array([1.192788, 1.192788, 1.192788], dtype=float32), array([1.2072437, 1.2072437, 1.2072437], dtype=float32), array([1.2209682, 1.2209682, 1.2209682], dtype=float32), array([1.2348737, 1.2348737, 1.2348737], dtype=float32), array([1.246782, 1.246782, 1.246782], dtype=float32), array([1.2583767, 1.2583767, 1.2583767], dtype=float32)]","[array([[0.44754508, 0.17252786, 0.37992707],
       [0.18615705, 0.5870689 , 0.226774  ],
       [0.4070907 , 0.22519772, 0.36771154]], dtype=float32), array([[0.3868914 , 0.21279924, 0.4003093 ],
       [0.25195518, 0.5059103 , 0.24213459],
       [0.39216983, 0.20034668, 0.4074835 ]], dtype=float32), array([[0.4458531 , 0.17440367, 0.37974316],
       [0.18629627, 0.5870133 , 0.22669044],
       [0.4058205 , 0.22679248, 0.36738703]], dtype=float32), array([[0.48948622, 0.15545385, 0.35505998],
       [0.1313628 , 0.6620546 , 0.20658256],
       [0.3861999 , 0.2659091 , 0.34789094]], dtype=float32), array([[0.41729677, 0.1829451 , 0.39975816],
       [0.23777604, 0.5146919 , 0.24753205],
       [0.41008076, 0.19536921, 0.39454997]], dtype=float32), array([[0.38983038, 0.23955502, 0.3706146 ],
       [0.17079486, 0.6335133 , 0.19569197],
       [0.36901712, 0.27329233, 0.35769054]], dtype=float32), array([[0.41892266, 0.18034716, 0.40073013],
       [0.23684746, 0.51637787, 0.24677467],
       [0.41155675, 0.19298293, 0.39546037]], dtype=float32), array([[0.4129012 , 0.20151281, 0.38558593],
       [0.19882329, 0.5809363 , 0.22024031],
       [0.39555493, 0.22899072, 0.3754543 ]], dtype=float32), array([[0.21645047, 0.61567366, 0.16787581],
       [0.08172424, 0.87231857, 0.04595724],
       [0.25634432, 0.52867573, 0.21497996]], dtype=float32), array([[0.44601524, 0.15640488, 0.39757994],
       [0.22731113, 0.52358913, 0.24909978],
       [0.4268164 , 0.18400072, 0.38918287]], dtype=float32), array([[0.45801726, 0.17571455, 0.36626816],
       [0.13409266, 0.6706852 , 0.19522227],
       [0.38195416, 0.26677448, 0.35127136]], dtype=float32), array([[0.20920229, 0.6324611 , 0.15833662],
       [0.07506158, 0.88460654, 0.04033192],
       [0.25180578, 0.5404421 , 0.20775214]], dtype=float32), array([[0.5156608 , 0.13706008, 0.3472792 ],
       [0.11502266, 0.6887819 , 0.19619542],
       [0.39034614, 0.26277718, 0.3468767 ]], dtype=float32), array([[0.4568261 , 0.14469475, 0.3984792 ],
       [0.22646578, 0.52335995, 0.25017428],
       [0.4351144 , 0.17453825, 0.39034736]], dtype=float32), array([[0.43714464, 0.19172375, 0.37113166],
       [0.13856193, 0.67184377, 0.1895942 ],
       [0.37874994, 0.2677205 , 0.35352957]], dtype=float32), array([[0.3949549 , 0.19482379, 0.41022125],
       [0.2535963 , 0.5019309 , 0.24447285],
       [0.3998951 , 0.18308705, 0.41701782]], dtype=float32), array([[0.4302141 , 0.16238818, 0.40739772],
       [0.24023427, 0.5092219 , 0.2505438 ],
       [0.42233387, 0.175566  , 0.40210012]], dtype=float32), array([[0.47319612, 0.14988473, 0.37691915],
       [0.1766972 , 0.5983718 , 0.22493097],
       [0.420137  , 0.21267658, 0.36718643]], dtype=float32), array([[0.40112472, 0.22649746, 0.37237778],
       [0.15712205, 0.65373206, 0.18914594],
       [0.3714055 , 0.27194923, 0.35664526]], dtype=float32), array([[0.43093902, 0.161437  , 0.407624  ],
       [0.24580106, 0.49835652, 0.2558425 ],
       [0.42314428, 0.17442983, 0.40242586]], dtype=float32), array([[0.47755548, 0.16235325, 0.36009127],
       [0.12886459, 0.6725661 , 0.1985693 ],
       [0.3840476 , 0.26681605, 0.34913635]], dtype=float32), array([[0.51562446, 0.11047168, 0.3739039 ],
       [0.22556895, 0.50731075, 0.26712033],
       [0.46443674, 0.16249695, 0.3730663 ]], dtype=float32), array([[0.5295392 , 0.13094696, 0.33951375],
       [0.11673167, 0.678891  , 0.20437732],
       [0.3909524 , 0.26400125, 0.34504634]], dtype=float32), array([[0.43848476, 0.1921599 , 0.3693553 ],
       [0.14496575, 0.6565666 , 0.19846761],
       [0.37819517, 0.26937586, 0.35242897]], dtype=float32), array([[0.4004486 , 0.22774145, 0.37180996],
       [0.16308628, 0.6416459 , 0.19526777],
       [0.37127244, 0.27228695, 0.3564406 ]], dtype=float32), array([[0.5750105 , 0.09724262, 0.3277468 ],
       [0.15590018, 0.6047319 , 0.2393679 ],
       [0.4473543 , 0.2037929 , 0.34885275]], dtype=float32), array([[0.5180469 , 0.12455481, 0.35739824],
       [0.1695325 , 0.5953279 , 0.23513953],
       [0.43273544, 0.20917183, 0.35809273]], dtype=float32), array([[0.43843967, 0.1918134 , 0.369747  ],
       [0.14582662, 0.6553957 , 0.1987777 ],
       [0.3790459 , 0.26803833, 0.35291576]], dtype=float32), array([[0.4009372 , 0.22669578, 0.37236696],
       [0.16266376, 0.6429454 , 0.19439082],
       [0.37214288, 0.270749  , 0.35710812]], dtype=float32), array([[0.5269486 , 0.13187623, 0.34117526],
       [0.11868459, 0.67639875, 0.20491666],
       [0.39243466, 0.2619023 , 0.345663  ]], dtype=float32), array([[0.23765895, 0.6005594 , 0.16178161],
       [0.11403149, 0.8360712 , 0.04989729],
       [0.29052427, 0.47191238, 0.2375633 ]], dtype=float32)]",1,0,0,0,0,0,43.51854838709678,28.003225806451614,0.00015697525955974033,2000,22000,0.0003531147374840847,9.87,9.87,22000,2000,0.332847477354306,23810,0.0393447157605,11.0,999.0,0.0,340659,0.0,1.0,0.0013802934991,30969,362.3747113261268,124.51882934570312,0.0,-0.026831647381186485,999.0,0.4722185432910919,0.0034979921765625477,0.050712648779153824,0.23936623334884644,1.0,0.0013802934991,340659,81158,0.3223995864391327,0.0009208917617797852,11.0,30969,362.37609404815487,1023000,681318,61938,104968,93000,0,1088.2218091045934,6292170.814228436,6584550.129073262,0.0003156441337161745,0.00010796067771887039,2,1.006700047870376,100,10.5,0.1809403864346063,9.5,11.0,4.845987375526277e-05,0.0017875483602983876,50,22100,1.006700047870376,10.0,2,550,2.0,0.0003871747165363655,1100,0.00016815088222288036,10.0,1100,100,10.0,100,2.0060094447194617e-05,3.2715434775353524e-05,6.589374421062342e-06,7.439040699401623e-06,4.14334232195831e-05,2.8097983663068617e-05,2.862699841043055e-05,2.1786049855116842e-05,1.5736726223721004e-05,0.00014623940905830613,4.6662466022693445e-05,0.05298780053206138,0.006647696218901574,0.051622221705408616,0.17359777968708176,0.03061653249376408,0.01643791049494887,0.0001635562096254043,331.0,1188726,0.31937492,0.23305855691432953,108066,0.004383683204650879,341.0,100.14262390136719,1.0,-0.0300577525049448,498.0,0.4722185730934143,0.003416078630834818,331.0,1188726,0.0,341.0,108066,498.0,2377452,651000,216132,7161000,11893.769857706357,1.702781504745407e-05,0.0001649411643915306,2.3142532307875597e-05,5.016668216096766e-05,3.0658516881287077e-05,3.028069934109115e-05,2.160542263444577e-05,3.544042305410573e-05,7.85027111588769e-06,6.82343598789333e-06,4.4522897090208425e-05
1,24000,False,12,ca05a_00000,2025-08-17_23-33-03,1755473583,86.2566704750061,1051.8660979270935,758452,intrinsic-attention2,10.156.0.3,1051.8660979270935,12,89.10611923058092,1.8926960940863047e-05,89.10585907350941,2.561586426808173,86.19893992920177,0.001987513117494185,2000,1.0067001111073661,9.82,2,10.5,0.0002652160037541762,2.5298600571567738,12000,-9.5,11.0,4.536383727189933e-05,2,0.001503625050536357,2.0,1000,24000,9.64043576898059e-05,1.0067001111073661,697.7530488663207,2000.0,3000.0,"[array([1.2690294, 1.2690294, 1.2690294], dtype=float32), array([1.278435, 1.278435, 1.278435], dtype=float32), array([1.2906362, 1.2906362, 1.2906362], dtype=float32), array([1.3099021, 1.3099021, 1.3099021], dtype=float32), array([1.3280513, 1.3280513, 1.3280513], dtype=float32), array([1.3490022, 1.3490022, 1.3490022], dtype=float32), array([1.3679792, 1.3679792, 1.3679792], dtype=float32), array([1.3849295, 1.3849295, 1.3849295], dtype=float32), array([1.3974336, 1.3974336, 1.3974336], dtype=float32), array([1.4127543, 1.4127543, 1.4127543], dtype=float32), array([1.4261438, 1.4261438, 1.4261438], dtype=float32), array([1.4385585, 1.4385585, 1.4385585], dtype=float32), array([1.4509984, 1.4509984, 1.4509984], dtype=float32), array([1.4477341, 1.4477341, 1.4477341], dtype=float32), array([1.4456029, 1.4456029, 1.4456029], dtype=float32), array([1.4440042, 1.4440042, 1.4440042], dtype=float32), array([1.4424094, 1.4424094, 1.4424094], dtype=float32), array([1.4414858, 1.4414858, 1.4414858], dtype=float32), array([1.4409384, 1.4409384, 1.4409384], dtype=float32), array([1.4393889, 1.4393889, 1.4393889], dtype=float32), array([1.4387914, 1.4387914, 1.4387914], dtype=float32), array([1.4388161, 1.4388161, 1.4388161], dtype=float32), array([1.4388809, 1.4388809, 1.4388809], dtype=float32), array([1.4397697, 1.4397697, 1.4397697], dtype=float32), array([1.4399339, 1.4399339, 1.4399339], dtype=float32), array([1.4410692, 1.4410692, 1.4410692], dtype=float32), array([1.4438356, 1.4438356, 1.4438356], dtype=float32), array([1.4453512, 1.4453512, 1.4453512], dtype=float32), array([1.446541, 1.446541, 1.446541], dtype=float32), array([1.4479978, 1.4479978, 1.4479978], dtype=float32), array([1.4496995, 1.4496995, 1.4496995], dtype=float32)]","[array([1.269029, 1.269029, 1.269029], dtype=float32), array([1.2784352, 1.2784352, 1.2784352], dtype=float32), array([1.2906363, 1.2906363, 1.2906363], dtype=float32), array([1.309902, 1.309902, 1.309902], dtype=float32), array([1.3280514, 1.3280514, 1.3280514], dtype=float32), array([1.3490022, 1.3490022, 1.3490022], dtype=float32), array([1.3679794, 1.3679794, 1.3679794], dtype=float32), array([1.3849295, 1.3849295, 1.3849295], dtype=float32), array([1.3974334, 1.3974334, 1.3974334], dtype=float32), array([1.4127542, 1.4127542, 1.4127542], dtype=float32), array([1.426144, 1.426144, 1.426144], dtype=float32), array([1.4385582, 1.4385582, 1.4385582], dtype=float32), array([1.4509984, 1.4509984, 1.4509984], dtype=float32), array([1.4477339, 1.4477339, 1.4477339], dtype=float32), array([1.445603, 1.445603, 1.445603], dtype=float32), array([1.4440042, 1.4440042, 1.4440042], dtype=float32), array([1.4424093, 1.4424093, 1.4424093], dtype=float32), array([1.4414858, 1.4414858, 1.4414858], dtype=float32), array([1.4409381, 1.4409381, 1.4409381], dtype=float32), array([1.4393889, 1.4393889, 1.4393889], dtype=float32), array([1.4387918, 1.4387918, 1.4387918], dtype=float32), array([1.4388164, 1.4388164, 1.4388164], dtype=float32), array([1.4388809, 1.4388809, 1.4388809], dtype=float32), array([1.4397697, 1.4397697, 1.4397697], dtype=float32), array([1.4399341, 1.4399341, 1.4399341], dtype=float32), array([1.4410692, 1.4410692, 1.4410692], dtype=float32), array([1.4438355, 1.4438355, 1.4438355], dtype=float32), array([1.4453515, 1.4453515, 1.4453515], dtype=float32), array([1.446541, 1.446541, 1.446541], dtype=float32), array([1.4479976, 1.4479976, 1.4479976], dtype=float32), array([1.4496996, 1.4496996, 1.4496996], dtype=float32)]","[array([[0.47792518, 0.14541711, 0.3766577 ],
       [0.18854253, 0.5757193 , 0.23573814],
       [0.42606115, 0.20566532, 0.3682735 ]], dtype=float32), array([[0.43372744, 0.17724057, 0.389032  ],
       [0.20466615, 0.5638444 , 0.23148951],
       [0.4101904 , 0.21137255, 0.37843707]], dtype=float32), array([[0.57989556, 0.0967878 , 0.32331666],
       [0.16229603, 0.59035575, 0.24734828],
       [0.4483651 , 0.20456217, 0.34707278]], dtype=float32), array([[0.42858464, 0.16500202, 0.40641344],
       [0.26801777, 0.45592254, 0.27605972],
       [0.4217951 , 0.17638521, 0.40181965]], dtype=float32), array([[0.53227985, 0.12240845, 0.34531167],
       [0.18962495, 0.55081457, 0.2595605 ],
       [0.43602186, 0.2115687 , 0.35240945]], dtype=float32), array([[0.47913778, 0.16715527, 0.35370693],
       [0.15129289, 0.62137794, 0.22732916],
       [0.38224486, 0.27142808, 0.34632704]], dtype=float32), array([[0.39849764, 0.23334904, 0.36815324],
       [0.18478061, 0.5954985 , 0.21972089],
       [0.36863595, 0.27783698, 0.35352707]], dtype=float32), array([[0.52355725, 0.14071581, 0.3357269 ],
       [0.13986434, 0.62773854, 0.23239714],
       [0.38740572, 0.2698029 , 0.34279138]], dtype=float32), array([[0.42428812, 0.17088848, 0.40482342],
       [0.27777272, 0.4378495 , 0.28437772],
       [0.41845024, 0.18084101, 0.40070876]], dtype=float32), array([[0.46503732, 0.14321864, 0.39174405],
       [0.26735038, 0.44473308, 0.2879165 ],
       [0.44115347, 0.17368913, 0.38515744]], dtype=float32), array([[0.39260846, 0.19787443, 0.40951705],
       [0.28660268, 0.43402147, 0.27937588],
       [0.3970731 , 0.18702376, 0.4159032 ]], dtype=float32), array([[0.47404933, 0.17065313, 0.35529757],
       [0.15261365, 0.6206376 , 0.22674878],
       [0.3812719 , 0.27208737, 0.3466407 ]], dtype=float32), array([[0.39780816, 0.23373698, 0.36845478],
       [0.18364756, 0.5986049 , 0.21774752],
       [0.3687397 , 0.27735195, 0.35390845]], dtype=float32), array([[0.43504333, 0.18233742, 0.3826193 ],
       [0.21400261, 0.54061234, 0.24538511],
       [0.40632865, 0.222032  , 0.37163937]], dtype=float32), array([[0.51364905, 0.11334217, 0.3730088 ],
       [0.24522537, 0.47296152, 0.28181309],
       [0.46522352, 0.16245383, 0.37232262]], dtype=float32), array([[0.43494526, 0.19657359, 0.36848116],
       [0.15418857, 0.6383725 , 0.20743898],
       [0.3772456 , 0.2707523 , 0.35200205]], dtype=float32), array([[0.3989992 , 0.22967036, 0.3713304 ],
       [0.16751787, 0.633317  , 0.19916512],
       [0.37090003, 0.27274293, 0.35635707]], dtype=float32), array([[0.4650123 , 0.13708799, 0.39789972],
       [0.24440053, 0.48861018, 0.26698932],
       [0.4426465 , 0.16659984, 0.39075366]], dtype=float32), array([[0.5140884 , 0.10955082, 0.3763608 ],
       [0.22853833, 0.5034546 , 0.26800707],
       [0.46588936, 0.15903081, 0.37507978]], dtype=float32), array([[0.530018  , 0.1290734 , 0.3409086 ],
       [0.11320343, 0.687874  , 0.19892253],
       [0.39280865, 0.261339  , 0.34585232]], dtype=float32), array([[0.52978253, 0.12847507, 0.34174237],
       [0.11089588, 0.69354093, 0.19556318],
       [0.39315447, 0.26064834, 0.34619725]], dtype=float32), array([[0.43876773, 0.18939517, 0.3718371 ],
       [0.13565198, 0.6780927 , 0.1862553 ],
       [0.38003573, 0.2657805 , 0.35418373]], dtype=float32), array([[0.5164165 , 0.1054624 , 0.37812108],
       [0.2152059 , 0.52813506, 0.25665906],
       [0.4676412 , 0.15555428, 0.3768044 ]], dtype=float32), array([[0.5360775 , 0.12306234, 0.34086022],
       [0.1025379 , 0.71137136, 0.1860907 ],
       [0.39475137, 0.25865012, 0.3465985 ]], dtype=float32), array([[0.43202665, 0.15449086, 0.41348252],
       [0.23682073, 0.5183112 , 0.2448681 ],
       [0.42615443, 0.16463612, 0.40920943]], dtype=float32), array([[0.48605204, 0.15164399, 0.36230397],
       [0.1102717 , 0.7131341 , 0.17659417],
       [0.38845488, 0.2603784 , 0.3511667 ]], dtype=float32), array([[0.52773637, 0.09583679, 0.3764268 ],
       [0.20526475, 0.545618  , 0.24911723],
       [0.47586137, 0.14703529, 0.37710333]], dtype=float32), array([[0.39824894, 0.18084674, 0.4209043 ],
       [0.24713671, 0.5182251 , 0.23463821],
       [0.40440103, 0.16496848, 0.43063045]], dtype=float32), array([[0.5578335 , 0.10862427, 0.33354223],
       [0.08732178, 0.74161744, 0.17106076],
       [0.39900655, 0.2545563 , 0.34643725]], dtype=float32), array([[0.56130284, 0.10650636, 0.33219075],
       [0.08545543, 0.74527127, 0.16927338],
       [0.39974347, 0.25387403, 0.3463825 ]], dtype=float32), array([[0.56473726, 0.10435919, 0.3309035 ],
       [0.08348993, 0.7492752 , 0.16723487],
       [0.40057868, 0.25305206, 0.3463692 ]], dtype=float32)]",1,0,0,0,0,0,43.51056910569106,28.03008130081301,0.00015688727382836802,2000,24000,0.00035605189271081865,9.82,9.82,24000,2000,0.33494769215087083,23810,0.0393447157605,12.0,999.0,0.0,371628,0.0,1.0,0.0013802934991,30969,362.59814999738353,118.658447265625,0.0,-0.013735630549490452,999.0,0.4722185432910919,0.0019682536367326975,0.025356324389576912,0.21613575518131256,1.0,0.0013802934991,371628,81158,0.33527272939682007,0.005990564823150635,12.0,30969,362.59946591513614,1116000,743256,61938,104968,93000,0,1088.892321419444,6296213.831690914,6594950.010284607,0.00031396002242000965,0.00010342944226141049,2,1.0067000971034235,100,10.5,0.18041446953013396,9.5,12.0,4.698764638028095e-05,0.00157502052912605,50,24100,1.0067000971034235,10.0,2,600,2.0,0.0003728278823024577,1200,0.00016218953834982606,10.0,1200,100,10.0,100,2.022173498964378e-05,3.32919826389965e-05,6.489174566379695e-06,7.305882058279457e-06,4.165861916839415e-05,2.8392882012266888e-05,2.8657825870501666e-05,2.2413082953482185e-05,1.5868460652519976e-05,0.00014720514237117992,4.738826806258866e-05,0.05297488813674503,0.006643864846645357,0.05388492894824604,0.1734879073502291,0.030594005028801427,0.016423078010086148,0.0001635270474210483,361.0,1296792,0.32664874,0.21410243213176727,108066,0.0074836015701293945,372.0,101.05626678466797,1.0,-0.02317686192691326,498.0,0.4722185730934143,0.005704543087631464,361.0,1296792,0.0,372.0,108066,498.0,2593584,651000,216132,7812000,11801.381905081877,1.632526464957058e-05,0.00015840717578238138,2.2293875746912093e-05,4.8475941004402166e-05,2.969658952129698e-05,2.9208740246879936e-05,2.0539901245096616e-05,3.435600726929722e-05,7.60491394169327e-06,6.631359162956464e-06,4.336112768041647e-05
1,26000,False,13,ca05a_00000,2025-08-17_23-34-29,1755473669,86.19467544555664,1138.0607733726501,758452,intrinsic-attention2,10.156.0.3,1138.0607733726501,13,89.07521598730521,1.8855731229097443e-05,89.07495503367436,2.561245036070099,86.16638033389982,0.001984989256390474,2000,1.0067001111073661,9.98,2,10.5,0.0002652160037541762,2.529527805265233,13000,9.5,12.0,4.523191196915336e-05,2,0.0015063572896178812,2.0,1000,26000,9.736156038774733e-05,1.0067001111073661,684.691098111196,2000.0,3000.0,"[array([1.4514114, 1.4514114, 1.4514114], dtype=float32), array([1.4499831, 1.4499831, 1.4499831], dtype=float32), array([1.4427744, 1.4427744, 1.4427744], dtype=float32), array([1.4239198, 1.4239198, 1.4239198], dtype=float32), array([1.4094054, 1.4094054, 1.4094054], dtype=float32), array([1.4047273, 1.4047273, 1.4047273], dtype=float32), array([1.3997439, 1.3997439, 1.3997439], dtype=float32), array([1.3954023, 1.3954023, 1.3954023], dtype=float32), array([1.3985194, 1.3985194, 1.3985194], dtype=float32), array([1.4123961, 1.4123961, 1.4123961], dtype=float32), array([1.4236552, 1.4236552, 1.4236552], dtype=float32), array([1.4354463, 1.4354463, 1.4354463], dtype=float32), array([1.4640447, 1.4640447, 1.4640447], dtype=float32), array([1.4882375, 1.4882375, 1.4882375], dtype=float32), array([1.5110321, 1.5110321, 1.5110321], dtype=float32), array([1.533943, 1.533943, 1.533943], dtype=float32), array([1.5543963, 1.5543963, 1.5543963], dtype=float32), array([1.572275, 1.572275, 1.572275], dtype=float32), array([1.5876864, 1.5876864, 1.5876864], dtype=float32), array([1.6019613, 1.6019613, 1.6019613], dtype=float32), array([1.614874, 1.614874, 1.614874], dtype=float32), array([1.6339762, 1.6339762, 1.6339762], dtype=float32), array([1.6517751, 1.6517751, 1.6517751], dtype=float32), array([1.6684624, 1.6684624, 1.6684624], dtype=float32), array([1.6846195, 1.6846195, 1.6846195], dtype=float32), array([1.6979238, 1.6979238, 1.6979238], dtype=float32), array([1.7108321, 1.7108321, 1.7108321], dtype=float32), array([1.7231121, 1.7231121, 1.7231121], dtype=float32), array([1.7341973, 1.7341973, 1.7341973], dtype=float32), array([1.744551, 1.744551, 1.744551], dtype=float32), array([1.7555175, 1.7555175, 1.7555175], dtype=float32)]","[array([1.4514112, 1.4514112, 1.4514112], dtype=float32), array([1.4499828, 1.4499828, 1.4499828], dtype=float32), array([nan, nan, nan], dtype=float32), array([1.4239202, 1.4239202, 1.4239202], dtype=float32), array([1.4094056, 1.4094056, 1.4094056], dtype=float32), array([nan, nan, nan], dtype=float32), array([1.3997439, 1.3997439, 1.3997439], dtype=float32), array([nan, nan, nan], dtype=float32), array([1.398519, 1.398519, 1.398519], dtype=float32), array([1.4123961, 1.4123961, 1.4123961], dtype=float32), array([nan, nan, nan], dtype=float32), array([1.4354465, 1.4354465, 1.4354465], dtype=float32), array([1.4640447, 1.4640447, 1.4640447], dtype=float32), array([nan, nan, nan], dtype=float32), array([1.5110323, 1.5110323, 1.5110323], dtype=float32), array([1.5339432, 1.5339432, 1.5339432], dtype=float32), array([nan, nan, nan], dtype=float32), array([1.5722748, 1.5722748, 1.5722748], dtype=float32), array([1.5876861, 1.5876861, 1.5876861], dtype=float32), array([1.6019615, 1.6019615, 1.6019615], dtype=float32), array([1.6148742, 1.6148742, 1.6148742], dtype=float32), array([1.6339763, 1.6339763, 1.6339763], dtype=float32), array([1.6517748, 1.6517748, 1.6517748], dtype=float32), array([nan, nan, nan], dtype=float32), array([1.6846193, 1.6846193, 1.6846193], dtype=float32), array([1.697924, 1.697924, 1.697924], dtype=float32), array([1.710832, 1.710832, 1.710832], dtype=float32), array([1.7231121, 1.7231121, 1.7231121], dtype=float32), array([nan, nan, nan], dtype=float32), array([1.7445511, 1.7445511, 1.7445511], dtype=float32), array([nan, nan, nan], dtype=float32)]","[array([[0.400441  , 0.17465147, 0.42490754],
       [0.24370049, 0.52562594, 0.23067354],
       [0.4066924 , 0.1582287 , 0.4350789 ]], dtype=float32), array([[0.49020422, 0.1268557 , 0.38294008],
       [0.15418033, 0.64553976, 0.2002799 ],
       [0.43714875, 0.18811214, 0.37473914]], dtype=float32), array([[0.54815435, 0.08052273, 0.3713229 ],
       [0.19289894, 0.56698865, 0.2401124 ],
       [0.4910578 , 0.13255139, 0.37639078]], dtype=float32), array([[0.44126847, 0.13780412, 0.4209274 ],
       [0.2228961 , 0.5459619 , 0.23114201],
       [0.43542007, 0.14782226, 0.41675767]], dtype=float32), array([[0.44025373, 0.13929705, 0.4204492 ],
       [0.22328241, 0.5453164 , 0.23140116],
       [0.43450016, 0.14918646, 0.41631338]], dtype=float32), array([[0.5646301 , 0.10364655, 0.3317233 ],
       [0.08010765, 0.75776607, 0.16212638],
       [0.40025368, 0.253101  , 0.34664539]], dtype=float32), array([[0.4074634 , 0.21528819, 0.37724838],
       [0.12694003, 0.7166089 , 0.1564511 ],
       [0.37569347, 0.26424482, 0.36006168]], dtype=float32), array([[0.43518144, 0.14683492, 0.41798368],
       [0.22670156, 0.5391888 , 0.23410961],
       [0.42995197, 0.15597491, 0.4140731 ]], dtype=float32), array([[0.474418  , 0.12100056, 0.40458143],
       [0.21271674, 0.5496789 , 0.23760435],
       [0.45164827, 0.15088098, 0.39747077]], dtype=float32), array([[0.40386814, 0.21911138, 0.37702045],
       [0.12668481, 0.71930003, 0.15401512],
       [0.37478155, 0.26479945, 0.36041903]], dtype=float32), array([[0.48678082, 0.14750215, 0.36571708],
       [0.09445454, 0.7503834 , 0.1551621 ],
       [0.38930848, 0.25793472, 0.35275683]], dtype=float32), array([[0.47072223, 0.12194687, 0.40733087],
       [0.19910333, 0.5777334 , 0.22316332],
       [0.44939783, 0.15079904, 0.39980316]], dtype=float32), array([[0.45077834, 0.15521695, 0.39400464],
       [0.14560619, 0.67758864, 0.17680517],
       [0.41850522, 0.20019527, 0.38129956]], dtype=float32), array([[0.52709645, 0.09024247, 0.38266116],
       [0.17035648, 0.6146276 , 0.21501604],
       [0.47613055, 0.1417212 , 0.38214824]], dtype=float32), array([[0.55118585, 0.10501988, 0.34379426],
       [0.0691519 , 0.79238   , 0.13846815],
       [0.40305164, 0.24653535, 0.350413  ]], dtype=float32), array([[0.44004482, 0.13901299, 0.42094225],
       [0.1869268 , 0.61734426, 0.19572902],
       [0.43370423, 0.14997199, 0.41632384]], dtype=float32), array([[0.47333375, 0.11444413, 0.41222212],
       [0.16923903, 0.6381732 , 0.19258775],
       [0.45252955, 0.1429675 , 0.404503  ]], dtype=float32), array([[0.4429006 , 0.13428377, 0.4228156 ],
       [0.17588736, 0.6391743 , 0.18493842],
       [0.43626568, 0.14568543, 0.4180489 ]], dtype=float32), array([[0.44295633, 0.13422962, 0.422814  ],
       [0.17324907, 0.6443998 , 0.18235107],
       [0.43623978, 0.14576781, 0.4179924 ]], dtype=float32), array([[0.5336498 , 0.08179575, 0.38455448],
       [0.14192   , 0.6718675 , 0.18621247],
       [0.48094654, 0.13422544, 0.38482803]], dtype=float32), array([[0.41189107, 0.2025985 , 0.38551044],
       [0.09086362, 0.7978582 , 0.11127824],
       [0.38412324, 0.24722415, 0.36865252]], dtype=float32), array([[0.5693358 , 0.08931248, 0.3413517 ],
       [0.05063271, 0.8394081 , 0.10995923],
       [0.41259584, 0.23444203, 0.35296214]], dtype=float32), array([[0.47667757, 0.10837862, 0.41494387],
       [0.14932331, 0.6786111 , 0.17206548],
       [0.45565912, 0.1371388 , 0.40720204]], dtype=float32), array([[0.41448435, 0.19852695, 0.38698864],
       [0.08519558, 0.80970407, 0.1051003 ],
       [0.38593695, 0.24424434, 0.3698188 ]], dtype=float32), array([[0.5683546 , 0.08949031, 0.34215513],
       [0.05110763, 0.83872235, 0.11017004],
       [0.413523  , 0.23314734, 0.35332972]], dtype=float32), array([[0.4018905 , 0.17131148, 0.42679805],
       [0.18085673, 0.6539585 , 0.1651847 ],
       [0.4098473 , 0.15025236, 0.43990037]], dtype=float32), array([[0.46562156, 0.15120827, 0.38317016],
       [0.07133158, 0.8197673 , 0.1089012 ],
       [0.39707628, 0.23922612, 0.36369756]], dtype=float32), array([[0.4735068 , 0.11193621, 0.41455698],
       [0.15006514, 0.67749876, 0.17243612],
       [0.45289984, 0.14051962, 0.40658057]], dtype=float32), array([[0.47294152, 0.11255023, 0.41450828],
       [0.15021561, 0.6772802 , 0.1725042 ],
       [0.45242885, 0.14107434, 0.40649688]], dtype=float32), array([[0.53352   , 0.08105047, 0.38542956],
       [0.13248712, 0.69132644, 0.17618646],
       [0.48024243, 0.1342981 , 0.38545942]], dtype=float32), array([[0.46622834, 0.15030134, 0.38347024],
       [0.07154667, 0.8194637 , 0.10898969],
       [0.3981056 , 0.23769794, 0.36419645]], dtype=float32)]",1,0,0,0,0,0,43.57073170731707,28.025203252032526,0.00015700565546711092,2000,26000,0.00035742365263711703,9.98,9.98,26000,2000,0.3369680425894806,23810,0.0393447157605,13.0,999.0,0.0,402597,0.0,1.0,0.0013802934991,30969,362.80965128806014,119.60824584960938,0.0,-0.014310194179415703,999.0,0.4722185432910919,0.0019602407701313496,0.012678162194788456,0.2187608778476715,1.0,0.0013802934991,402597,81158,0.3346444368362427,-0.0005424022674560547,13.0,30969,362.81090654388237,1209000,805194,61938,104968,93000,0,1089.527025035384,6302705.526968954,6603516.975823368,0.0003127291522419347,0.00012379258947102,2,1.0067001080061695,100,10.5,0.18025011373489808,9.5,13.0,5.307702444976913e-05,0.0017895849702472333,50,26100,1.0067001080061695,10.0,2,650,2.0,0.00042929407872550044,1300,0.00018846796849490048,10.0,1300,100,10.0,100,2.009426161657173e-05,3.3157169632211646e-05,6.672551122881383e-06,7.468197510601658e-06,4.1811994197217455e-05,2.849792813814323e-05,2.8696966103087122e-05,2.211462291553215e-05,1.5834818019105596e-05,0.00014818830579730168,4.752977213579982e-05,0.052960982665480695,0.006644064348198475,0.053816668758768456,0.17337837891667846,0.030560273168512633,0.018666345650055913,0.00016353802696755042,391.0,1404858,0.3281863,0.22085388004779816,108066,0.0069231390953063965,403.0,104.45368957519531,1.0,-0.021034734323620796,498.0,0.4722185730934143,0.001990589080378413,391.0,1404858,0.0,403.0,108066,498.0,2809716,651000,216132,8463000,11713.908072550948,1.9148154736557813e-05,0.0001793170328699101,2.555604248805666e-05,5.6626532408008674e-05,3.4448167136582683e-05,3.429167251174597e-05,2.324276990659263e-05,3.965104012184775e-05,8.384068979124651e-06,7.635312529464238e-06,5.0234471862176916e-05
1,28000,False,14,ca05a_00000,2025-08-17_23-35-56,1755473756,86.88633298873901,1224.9471063613892,758452,intrinsic-attention2,10.156.0.3,1224.9471063613892,14,89.05161338989211,1.8803773909208368e-05,89.05135172499755,2.561282819439373,86.14296413801085,0.001982498753866497,2000,1.0067001111073661,9.8,2,10.5,0.0002652160037541762,2.529560935822511,14000,-9.5,13.0,4.5782076536071314e-05,2,0.0015442925586830825,2.0,1000,28000,9.778655335759778e-05,1.0067001111073661,671.2489108815425,2000.0,3000.0,"[array([1.7675185, 1.7675185, 1.7675185], dtype=float32), array([1.7787173, 1.7787173, 1.7787173], dtype=float32), array([1.7901177, 1.7901177, 1.7901177], dtype=float32), array([1.8005717, 1.8005717, 1.8005717], dtype=float32), array([1.8096921, 1.8096921, 1.8096921], dtype=float32), array([1.8186148, 1.8186148, 1.8186148], dtype=float32), array([1.8263435, 1.8263435, 1.8263435], dtype=float32), array([1.8343356, 1.8343356, 1.8343356], dtype=float32), array([1.8418596, 1.8418596, 1.8418596], dtype=float32), array([1.84959, 1.84959, 1.84959], dtype=float32), array([1.858255, 1.858255, 1.858255], dtype=float32), array([1.8668572, 1.8668572, 1.8668572], dtype=float32), array([1.875046, 1.875046, 1.875046], dtype=float32), array([1.8829213, 1.8829213, 1.8829213], dtype=float32), array([1.8878211, 1.8878211, 1.8878211], dtype=float32), array([1.8963704, 1.8963704, 1.8963704], dtype=float32), array([1.9038694, 1.9038694, 1.9038694], dtype=float32), array([1.9098738, 1.9098738, 1.9098738], dtype=float32), array([1.9185543, 1.9185543, 1.9185543], dtype=float32), array([1.9272865, 1.9272865, 1.9272865], dtype=float32), array([1.9440724, 1.9440724, 1.9440724], dtype=float32), array([1.9657216, 1.9657216, 1.9657216], dtype=float32), array([1.9874722, 1.9874722, 1.9874722], dtype=float32), array([2.004721, 2.004721, 2.004721], dtype=float32), array([2.0240312, 2.0240312, 2.0240312], dtype=float32), array([2.043432, 2.043432, 2.043432], dtype=float32), array([2.0570683, 2.0570683, 2.0570683], dtype=float32), array([2.0774689, 2.0774689, 2.0774689], dtype=float32), array([2.0974238, 2.0974238, 2.0974238], dtype=float32), array([2.1292071, 2.1292071, 2.1292071], dtype=float32), array([2.1589468, 2.1589468, 2.1589468], dtype=float32)]","[array([nan, nan, nan], dtype=float32), array([1.7787173, 1.7787173, 1.7787173], dtype=float32), array([1.7901181, 1.7901181, 1.7901181], dtype=float32), array([1.8005717, 1.8005717, 1.8005717], dtype=float32), array([1.8096919, 1.8096919, 1.8096919], dtype=float32), array([nan, nan, nan], dtype=float32), array([1.8263435, 1.8263435, 1.8263435], dtype=float32), array([nan, nan, nan], dtype=float32), array([1.8418593, 1.8418593, 1.8418593], dtype=float32), array([nan, nan, nan], dtype=float32), array([1.8582548, 1.8582548, 1.8582548], dtype=float32), array([1.8668567, 1.8668567, 1.8668567], dtype=float32), array([nan, nan, nan], dtype=float32), array([1.8829213, 1.8829213, 1.8829213], dtype=float32), array([1.8878208, 1.8878208, 1.8878208], dtype=float32), array([nan, nan, nan], dtype=float32), array([1.9038694, 1.9038694, 1.9038694], dtype=float32), array([1.909874, 1.909874, 1.909874], dtype=float32), array([1.9185543, 1.9185543, 1.9185543], dtype=float32), array([1.9272867, 1.9272867, 1.9272867], dtype=float32), array([nan, nan, nan], dtype=float32), array([1.965722, 1.965722, 1.965722], dtype=float32), array([nan, nan, nan], dtype=float32), array([2.0047212, 2.0047212, 2.0047212], dtype=float32), array([2.0240314, 2.0240314, 2.0240314], dtype=float32), array([nan, nan, nan], dtype=float32), array([2.0570686, 2.0570686, 2.0570686], dtype=float32), array([2.0774689, 2.0774689, 2.0774689], dtype=float32), array([2.097424, 2.097424, 2.097424], dtype=float32), array([nan, nan, nan], dtype=float32), array([nan, nan, nan], dtype=float32)]","[array([[0.5348696 , 0.09403752, 0.3710929 ],
       [0.0813569 , 0.7875074 , 0.13113569],
       [0.44706234, 0.18260516, 0.37033254]], dtype=float32), array([[0.5797563 , 0.08149914, 0.33874458],
       [0.04417192, 0.8563402 , 0.0994878 ],
       [0.4188665 , 0.22697587, 0.35415766]], dtype=float32), array([[0.45147735, 0.12089758, 0.4276251 ],
       [0.14310482, 0.7040822 , 0.15281296],
       [0.44370356, 0.13395327, 0.42234322]], dtype=float32), array([[0.48558965, 0.09695762, 0.41745272],
       [0.12749054, 0.7224803 , 0.15002921],
       [0.46323952, 0.12661296, 0.4101476 ]], dtype=float32), array([[0.43424952, 0.14989592, 0.41585454],
       [0.10546972, 0.7801132 , 0.11441707],
       [0.42489135, 0.16614576, 0.40896294]], dtype=float32), array([[0.4902692 , 0.09145398, 0.41827694],
       [0.11928353, 0.7389765 , 0.14174001],
       [0.4672633 , 0.12139825, 0.4113385 ]], dtype=float32), array([[0.42680752, 0.17992836, 0.39326414],
       [0.06001285, 0.86272943, 0.07725769],
       [0.39368933, 0.2318817 , 0.374429  ]], dtype=float32), array([[0.5273167 , 0.10225139, 0.3704319 ],
       [0.0390553 , 0.88449377, 0.07645084],
       [0.41386902, 0.2236279 , 0.36250305]], dtype=float32), array([[0.489416  , 0.1252788 , 0.3853052 ],
       [0.04284853, 0.8842589 , 0.07289256],
       [0.40743145, 0.22535886, 0.36720967]], dtype=float32), array([[0.6138866 , 0.06140597, 0.32470748],
       [0.02601711, 0.9045454 , 0.06943733],
       [0.428745  , 0.21639706, 0.35485792]], dtype=float32), array([[0.4978046 , 0.08250318, 0.41969222],
       [0.10433768, 0.76952326, 0.12613899],
       [0.47391146, 0.11262765, 0.413461  ]], dtype=float32), array([[0.46480602, 0.12622829, 0.4089657 ],
       [0.06495503, 0.8514194 , 0.08362559],
       [0.4327617 , 0.17196698, 0.39527133]], dtype=float32), array([[0.62281233, 0.05660925, 0.32057846],
       [0.02216241, 0.9157235 , 0.06211408],
       [0.4314221 , 0.21351513, 0.3550627 ]], dtype=float32), array([[0.41289914, 0.14247994, 0.44462088],
       [0.12773727, 0.7594231 , 0.11283968],
       [0.42108044, 0.11919913, 0.45972037]], dtype=float32), array([[0.46901682, 0.12087269, 0.41011053],
       [0.05756059, 0.86715156, 0.07528784],
       [0.43564162, 0.16794084, 0.3964175 ]], dtype=float32), array([[0.54512715, 0.08754484, 0.367328  ],
       [0.02582316, 0.9183562 , 0.05582073],
       [0.4198505 , 0.21630038, 0.36384916]], dtype=float32), array([[0.5812996 , 0.04620471, 0.37249574],
       [0.07487018, 0.81131655, 0.11381333],
       [0.5169508 , 0.09747612, 0.3855731 ]], dtype=float32), array([[0.54743594, 0.08573411, 0.36683   ],
       [0.02439101, 0.9221662 , 0.05344269],
       [0.42060423, 0.21538778, 0.36400792]], dtype=float32), array([[0.51399374, 0.08904431, 0.3969619 ],
       [0.04123575, 0.8938746 , 0.06488969],
       [0.4523428 , 0.15967134, 0.38798583]], dtype=float32), array([[0.51758826, 0.08518141, 0.39723036],
       [0.03604426, 0.9061148 , 0.05784089],
       [0.45469677, 0.15646717, 0.3888361 ]], dtype=float32), array([[0.51094705, 0.06764149, 0.42141145],
       [0.07800885, 0.8243338 , 0.09765729],
       [0.4856352 , 0.0975838 , 0.41678092]], dtype=float32), array([[0.51377547, 0.06531183, 0.42091268],
       [0.07745263, 0.825194  , 0.0973533 ],
       [0.48806792, 0.09519071, 0.41674137]], dtype=float32), array([[0.65666914, 0.04119917, 0.3021317 ],
       [0.01273055, 0.94468135, 0.04258813],
       [0.44274378, 0.20196958, 0.35528663]], dtype=float32), array([[0.4750979 , 0.08299746, 0.4419046 ],
       [0.08832768, 0.81481016, 0.09686222],
       [0.46674916, 0.09613408, 0.43711686]], dtype=float32), array([[0.5723488 , 0.06938004, 0.35827118],
       [0.0163717 , 0.94336146, 0.04026686],
       [0.43020463, 0.2049046 , 0.3648908 ]], dtype=float32), array([[0.5750655 , 0.06761637, 0.35731813],
       [0.01531781, 0.94637316, 0.03830906],
       [0.43102476, 0.20398764, 0.3649876 ]], dtype=float32), array([[0.4513564 , 0.14494708, 0.40369642],
       [0.02186004, 0.94648635, 0.03165362],
       [0.40688974, 0.2115455 , 0.3815648 ]], dtype=float32), array([[0.5809218 , 0.06176728, 0.35731083],
       [0.00996716, 0.96317667, 0.02685623],
       [0.43231952, 0.20136815, 0.36631227]], dtype=float32), array([[0.49276763, 0.09102528, 0.41620713],
       [0.02572905, 0.93741214, 0.03685883],
       [0.45377132, 0.14216982, 0.4040589 ]], dtype=float32), array([[0.5284429 , 0.05267684, 0.41888022],
       [0.06626189, 0.8480674 , 0.08567068],
       [0.50117296, 0.08148653, 0.4173405 ]], dtype=float32), array([[0.5786725 , 0.0675815 , 0.35374603],
       [0.01810784, 0.9371537 , 0.04473846],
       [0.43216434, 0.20398556, 0.36385012]], dtype=float32)]",1,0,0,0,0,0,45.46451612903227,28.082258064516136,0.0001592309657939068,2000,28000,0.0003579756379295896,9.8,9.8,28000,2000,0.33676455969352154,23810,0.0393447157605,14.0,999.0,0.0,433566,0.0,1.0,0.0013802934991,30969,362.9362765826918,131.97341918945312,0.0,0.0018706049304455519,999.0,0.4722185432910919,0.002963345730677247,0.006339081097394228,0.24635271728038788,1.0,0.0013802934991,433566,81158,0.35077497363090515,-0.006526350975036621,14.0,30969,362.93747374855565,1302000,867132,61938,104968,93000,0,1089.9068674416471,6299470.413957512,6603543.998215269,0.0003114930407193176,0.00011940743941383207,2,1.0067001104206028,100,10.5,0.18000990826755903,9.5,14.0,5.235647610310415e-05,0.0019680093305942136,50,28100,1.0067001104206028,10.0,2,700,2.0,0.00041960545313781544,1400,0.00018414123656506146,10.0,1400,100,10.0,100,2.0168727686768963e-05,3.347328444975684e-05,6.512328152154821e-06,7.4077158595261534e-06,4.264690604496538e-05,2.8558017666789245e-05,2.9120224077594362e-05,2.210222327469732e-05,1.6032784753836087e-05,0.00014807366312808324,4.722127377538005e-05,0.05295675076885146,0.00664166429464861,0.05376073152117074,0.17328698995748967,0.030540174436739686,0.01863474687355775,0.00016350901675834674,421.0,1512924,0.3486659,0.24781744182109833,108066,-0.2009751796722412,434.0,107.59296417236328,1.0,-0.0006901356391608715,498.0,0.4722185730934143,0.003064967691898346,421.0,1512924,0.0,434.0,108066,498.0,3025848,651000,216132,9114000,11628.421858066793,1.8707013457534653e-05,0.0001753605087402705,2.537981615733026e-05,5.5223838018739474e-05,3.398109757863245e-05,3.332866557340408e-05,2.2698228915152566e-05,3.892829810661672e-05,8.240736098810595e-06,7.561551992085266e-06,4.9538255579379626e-05
1,30000,False,15,ca05a_00000,2025-08-17_23-37-23,1755473843,86.64451932907104,1311.5916256904602,758452,intrinsic-attention2,10.156.0.3,1311.5916256904602,15,89.02577872216318,1.8768046119160422e-05,89.02551567419751,2.5617827397449973,86.11688737097076,0.0019812642363179907,2000,1.0067001111073661,9.68,2,10.5,0.0002652160037541762,2.5300683446242176,15000,-9.5,14.0,4.5701594421976934e-05,2,0.0015034283498243895,2.0,1000,30000,9.64102022665388e-05,1.0067001111073661,657.4967034210154,2000.0,3000.0,"[array([2.1787622, 2.1787622, 2.1787622], dtype=float32), array([2.198498, 2.198498, 2.198498], dtype=float32), array([2.2223608, 2.2223608, 2.2223608], dtype=float32), array([2.2272718, 2.2272718, 2.2272718], dtype=float32), array([2.2319167, 2.2319167, 2.2319167], dtype=float32), array([2.2388308, 2.2388308, 2.2388308], dtype=float32), array([2.2436786, 2.2436786, 2.2436786], dtype=float32), array([2.250873, 2.250873, 2.250873], dtype=float32), array([2.2631605, 2.2631605, 2.2631605], dtype=float32), array([2.256737, 2.256737, 2.256737], dtype=float32), array([2.25069, 2.25069, 2.25069], dtype=float32), array([2.245552, 2.245552, 2.245552], dtype=float32), array([2.2413123, 2.2413123, 2.2413123], dtype=float32), array([2.2186508, 2.2186508, 2.2186508], dtype=float32), array([2.1978567, 2.1978567, 2.1978567], dtype=float32), array([2.1788692, 2.1788692, 2.1788692], dtype=float32), array([2.161388, 2.161388, 2.161388], dtype=float32), array([2.1446462, 2.1446462, 2.1446462], dtype=float32), array([2.1295831, 2.1295831, 2.1295831], dtype=float32), array([2.1151962, 2.1151962, 2.1151962], dtype=float32), array([2.101761, 2.101761, 2.101761], dtype=float32), array([2.0904562, 2.0904562, 2.0904562], dtype=float32), array([2.079559, 2.079559, 2.079559], dtype=float32), array([2.068558, 2.068558, 2.068558], dtype=float32), array([2.058302, 2.058302, 2.058302], dtype=float32), array([2.0486646, 2.0486646, 2.0486646], dtype=float32), array([2.0400126, 2.0400126, 2.0400126], dtype=float32), array([2.0304353, 2.0304353, 2.0304353], dtype=float32), array([2.0203023, 2.0203023, 2.0203023], dtype=float32), array([2.0104334, 2.0104334, 2.0104334], dtype=float32), array([2.0009785, 2.0009785, 2.0009785], dtype=float32)]","[array([nan, nan, nan], dtype=float32), array([nan, nan, nan], dtype=float32), array([2.2223613, 2.2223613, 2.2223613], dtype=float32), array([2.2272718, 2.2272718, 2.2272718], dtype=float32), array([nan, nan, nan], dtype=float32), array([2.2388308, 2.2388308, 2.2388308], dtype=float32), array([2.2436783, 2.2436783, 2.2436783], dtype=float32), array([nan, nan, nan], dtype=float32), array([2.2631602, 2.2631602, 2.2631602], dtype=float32), array([2.256737, 2.256737, 2.256737], dtype=float32), array([nan, nan, nan], dtype=float32), array([2.245552, 2.245552, 2.245552], dtype=float32), array([2.2413125, 2.2413125, 2.2413125], dtype=float32), array([2.2186508, 2.2186508, 2.2186508], dtype=float32), array([nan, nan, nan], dtype=float32), array([2.1788695, 2.1788695, 2.1788695], dtype=float32), array([2.1613877, 2.1613877, 2.1613877], dtype=float32), array([nan, nan, nan], dtype=float32), array([2.129583, 2.129583, 2.129583], dtype=float32), array([2.1151962, 2.1151962, 2.1151962], dtype=float32), array([2.101761, 2.101761, 2.101761], dtype=float32), array([2.0904562, 2.0904562, 2.0904562], dtype=float32), array([2.0795588, 2.0795588, 2.0795588], dtype=float32), array([nan, nan, nan], dtype=float32), array([2.0583017, 2.0583017, 2.0583017], dtype=float32), array([2.048665, 2.048665, 2.048665], dtype=float32), array([nan, nan, nan], dtype=float32), array([2.0304353, 2.0304353, 2.0304353], dtype=float32), array([2.0203028, 2.0203028, 2.0203028], dtype=float32), array([nan, nan, nan], dtype=float32), array([2.0009785, 2.0009785, 2.0009785], dtype=float32)]","[array([[0.6045113 , 0.03775681, 0.35773188],
       [0.09008451, 0.7745774 , 0.13533808],
       [0.53636825, 0.08504927, 0.37858248]], dtype=float32), array([[0.6044278 , 0.05471396, 0.3408582 ],
       [0.056093  , 0.8370457 , 0.10686133],
       [0.48551422, 0.14846985, 0.36601594]], dtype=float32), array([[0.4454901 , 0.1605744 , 0.39393544],
       [0.07160532, 0.83215857, 0.09623612],
       [0.40357348, 0.22108881, 0.3753377 ]], dtype=float32), array([[0.62023705, 0.07172603, 0.30803692],
       [0.07670779, 0.76174855, 0.16154368],
       [0.43783602, 0.21470189, 0.34746212]], dtype=float32), array([[0.440523  , 0.14143957, 0.4180375 ],
       [0.25978205, 0.4731528 , 0.26706517],
       [0.43472704, 0.15121   , 0.41406292]], dtype=float32), array([[0.42293933, 0.20156983, 0.37549084],
       [0.21184865, 0.5418254 , 0.2463259 ],
       [0.3919576 , 0.24465251, 0.3633899 ]], dtype=float32), array([[0.38772836, 0.20623514, 0.40603656],
       [0.31966752, 0.3636634 , 0.31666908],
       [0.39144477, 0.19695868, 0.41159648]], dtype=float32), array([[0.45607573, 0.17122109, 0.37270316],
       [0.3324294 , 0.33467886, 0.33289167],
       [0.43248987, 0.19896361, 0.36854658]], dtype=float32), array([[0.37967756, 0.22539414, 0.39492834],
       [0.32946274, 0.3420026 , 0.3285346 ],
       [0.38276017, 0.21783413, 0.39940572]], dtype=float32), array([[0.3812467 , 0.22265574, 0.3960976 ],
       [0.3211261 , 0.3603677 , 0.3185062 ],
       [0.38462687, 0.21444389, 0.40092924]], dtype=float32), array([[0.4247912 , 0.19128788, 0.38392094],
       [0.28399244, 0.4177703 , 0.29823723],
       [0.40909946, 0.21405709, 0.37684345]], dtype=float32), array([[0.5066503 , 0.14754227, 0.34580746],
       [0.2085461 , 0.5154775 , 0.27597642],
       [0.41624612, 0.23501858, 0.34873533]], dtype=float32), array([[0.38568047, 0.21664523, 0.39767435],
       [0.28440633, 0.43762136, 0.27797228],
       [0.38963756, 0.20746487, 0.40289754]], dtype=float32), array([[0.4110321 , 0.19795904, 0.39100888],
       [0.28950182, 0.41383836, 0.29665974],
       [0.40405205, 0.20962031, 0.38632768]], dtype=float32), array([[0.49307197, 0.16318884, 0.34373906],
       [0.24683264, 0.45238853, 0.3007788 ],
       [0.41408408, 0.23954923, 0.3463667 ]], dtype=float32), array([[0.38344628, 0.23210998, 0.38444373],
       [0.3192628 , 0.36168042, 0.31905678],
       [0.3837322 , 0.23153089, 0.38473687]], dtype=float32), array([[0.48494598, 0.17969477, 0.33535928],
       [0.28644162, 0.39177543, 0.32178292],
       [0.41151077, 0.24770409, 0.3407852 ]], dtype=float32), array([[0.39945853, 0.22909229, 0.37144917],
       [0.333137  , 0.3336579 , 0.33320507],
       [0.3912873 , 0.24137679, 0.36733583]], dtype=float32), array([[0.4764641 , 0.1962274 , 0.32730842],
       [0.31585395, 0.35305145, 0.33109456],
       [0.4081704 , 0.2565132 , 0.33531636]], dtype=float32), array([[0.44971937, 0.2153104 , 0.33497024],
       [0.3249533 , 0.3429945 , 0.33205217],
       [0.39966923, 0.26250938, 0.33782136]], dtype=float32), array([[0.4542834 , 0.21311046, 0.33260623],
       [0.3406697 , 0.32514352, 0.33418682],
       [0.40742326, 0.2560802 , 0.3364965 ]], dtype=float32), array([[0.43499437, 0.2250178 , 0.33998787],
       [0.35536465, 0.30784053, 0.3367948 ],
       [0.40530998, 0.25423297, 0.34045708]], dtype=float32), array([[0.4627721 , 0.22106798, 0.31615987],
       [0.34763575, 0.31952256, 0.3328417 ],
       [0.4028127 , 0.26967177, 0.32751557]], dtype=float32), array([[0.4416859 , 0.24178678, 0.3165274 ],
       [0.35754392, 0.3112831 , 0.33117303],
       [0.39472523, 0.27928117, 0.32599363]], dtype=float32), array([[0.43844926, 0.2526929 , 0.30885774],
       [0.36686215, 0.30614185, 0.32699606],
       [0.39256233, 0.2862746 , 0.3211631 ]], dtype=float32), array([[0.44135335, 0.26553252, 0.29311416],
       [0.380701  , 0.3027518 , 0.31654724],
       [0.39228514, 0.29548624, 0.31222868]], dtype=float32), array([[0.42022988, 0.290706  , 0.2890641 ],
       [0.38605985, 0.30750677, 0.30643338],
       [0.38554233, 0.30776086, 0.30669677]], dtype=float32), array([[0.38304257, 0.3234387 , 0.29351872],
       [0.37424797, 0.3254206 , 0.3003314 ],
       [0.36923015, 0.32650858, 0.30426127]], dtype=float32), array([[0.38349277, 0.33588275, 0.2806245 ],
       [0.37681565, 0.33585396, 0.28733036],
       [0.36778456, 0.33566663, 0.2965489 ]], dtype=float32), array([[0.3303753 , 0.37239477, 0.29722992],
       [0.32964024, 0.37879345, 0.2915663 ],
       [0.3309653 , 0.36676735, 0.30226734]], dtype=float32), array([[0.35095215, 0.3714955 , 0.27755237],
       [0.35204998, 0.3741837 , 0.27376634],
       [0.3461832 , 0.36032167, 0.29349506]], dtype=float32)]",1,0,0,0,0,0,43.58387096774193,28.029032258064518,0.00016053015720758453,2000,30000,0.00035658619369051414,9.68,9.68,30000,2000,0.33652292854654015,23810,0.0393447157605,15.0,999.0,0.0,464535,0.0,1.0,0.0013802934991,30969,363.0578242216554,110.38388061523438,0.0,0.0008456119685433805,999.0,0.4722185432910919,0.0031421056482940912,0.003169540548697114,0.23025265336036682,1.0,0.0013802934991,464535,81158,0.34975454211235046,0.015454351902008057,15.0,30969,363.05896625829894,1395000,929070,61938,104968,93000,0,1090.2714812213192,6298357.453519649,6605078.916925347,0.0003105479004077741,0.00011987234804842666,2,1.0067001109552822,100,10.5,0.17981999661493459,9.5,15.0,5.252885135042557e-05,0.001949694590002764,50,30100,1.0067001109552822,10.0,2,750,2.0,0.00042522243079357144,1500,0.00018962001380261797,10.0,1500,100,10.0,100,2.065830423202885e-05,3.3364388763392275e-05,6.592743300113567e-06,7.3264625079756936e-06,4.427870010419563e-05,2.8250419975834537e-05,2.8519808821042774e-05,2.1876723237299905e-05,1.565586574473211e-05,0.0001481207348591444,4.7620501795784505e-05,0.05294538899120373,0.0066390026217353106,0.05369059783593751,0.17319077678788491,0.030514441622388047,0.018597807624699106,0.00016352749666139323,451.0,1620990,0.34828112,0.2338419109582901,108066,-0.08240795135498047,465.0,105.32695770263672,1.0,-0.0011244452325627208,498.0,0.4722185730934143,0.0032536352518945932,451.0,1620990,0.0,465.0,108066,498.0,3241980,651000,216132,9765000,11547.762630042402,1.9022744822793833e-05,0.00017537121351409165,2.5841641690887792e-05,5.554251864721112e-05,3.412613813892167e-05,3.445245012782371e-05,2.332564158377571e-05,3.996132421001216e-05,8.505254285820084e-06,7.66040822131703e-06,5.085031160082868e-05
1,32000,False,16,ca05a_00000,2025-08-17_23-38-49,1755473929,86.36377048492432,1397.9553961753845,758452,intrinsic-attention2,10.156.0.3,1397.9553961753845,16,88.99767049827143,1.8706535710649937e-05,88.99740665512545,2.5613769092775582,86.08943675553098,0.0019799019140128472,2000,1.0067001111073661,9.95,2,10.5,0.0002652160037541762,2.529671739287951,16000,9.5,15.0,4.418913354343931e-05,2,0.001476273409643909,2.0,1000,32000,9.497049038047339e-05,1.0067001111073661,643.4993256010343,2000.0,3000.0,"[array([1.9926162, 1.9926162, 1.9926162], dtype=float32), array([1.9480703, 1.9480703, 1.9480703], dtype=float32), array([1.9092575, 1.9092575, 1.9092575], dtype=float32), array([1.8957591, 1.8957591, 1.8957591], dtype=float32), array([1.8777337, 1.8777337, 1.8777337], dtype=float32), array([1.8471872, 1.8471872, 1.8471872], dtype=float32), array([1.8564851, 1.8564851, 1.8564851], dtype=float32), array([1.8978579, 1.8978579, 1.8978579], dtype=float32), array([1.9375097, 1.9375097, 1.9375097], dtype=float32), array([1.970056, 1.970056, 1.970056], dtype=float32), array([2.0262828, 2.0262828, 2.0262828], dtype=float32), array([2.0712245, 2.0712245, 2.0712245], dtype=float32), array([2.1147578, 2.1147578, 2.1147578], dtype=float32), array([2.141344, 2.141344, 2.141344], dtype=float32), array([2.1619947, 2.1619947, 2.1619947], dtype=float32), array([2.1833594, 2.1833594, 2.1833594], dtype=float32), array([2.2065833, 2.2065833, 2.2065833], dtype=float32), array([2.216162, 2.216162, 2.216162], dtype=float32), array([2.1913853, 2.1913853, 2.1913853], dtype=float32), array([2.1514685, 2.1514685, 2.1514685], dtype=float32), array([2.1001432, 2.1001432, 2.1001432], dtype=float32), array([2.0388052, 2.0388052, 2.0388052], dtype=float32), array([1.9718281, 1.9718281, 1.9718281], dtype=float32), array([1.90004, 1.90004, 1.90004], dtype=float32), array([1.8323725, 1.8323725, 1.8323725], dtype=float32), array([1.7810786, 1.7810786, 1.7810786], dtype=float32), array([1.7313025, 1.7313025, 1.7313025], dtype=float32), array([1.6728805, 1.6728805, 1.6728805], dtype=float32), array([1.6199702, 1.6199702, 1.6199702], dtype=float32), array([1.5743026, 1.5743026, 1.5743026], dtype=float32), array([1.5551395, 1.5551395, 1.5551395], dtype=float32)]","[array([nan, nan, nan], dtype=float32), array([nan, nan, nan], dtype=float32), array([nan, nan, nan], dtype=float32), array([nan, nan, nan], dtype=float32), array([nan, nan, nan], dtype=float32), array([nan, nan, nan], dtype=float32), array([nan, nan, nan], dtype=float32), array([nan, nan, nan], dtype=float32), array([nan, nan, nan], dtype=float32), array([nan, nan, nan], dtype=float32), array([nan, nan, nan], dtype=float32), array([nan, nan, nan], dtype=float32), array([nan, nan, nan], dtype=float32), array([nan, nan, nan], dtype=float32), array([nan, nan, nan], dtype=float32), array([nan, nan, nan], dtype=float32), array([nan, nan, nan], dtype=float32), array([nan, nan, nan], dtype=float32), array([nan, nan, nan], dtype=float32), array([nan, nan, nan], dtype=float32), array([nan, nan, nan], dtype=float32), array([nan, nan, nan], dtype=float32), array([nan, nan, nan], dtype=float32), array([nan, nan, nan], dtype=float32), array([nan, nan, nan], dtype=float32), array([nan, nan, nan], dtype=float32), array([nan, nan, nan], dtype=float32), array([nan, nan, nan], dtype=float32), array([nan, nan, nan], dtype=float32), array([nan, nan, nan], dtype=float32), array([nan, nan, nan], dtype=float32)]","[array([[0.39111298, 0.37450102, 0.23438598],
       [0.3891398 , 0.37320885, 0.23765136],
       [0.3670129 , 0.35812727, 0.27485988]], dtype=float32), array([[0.31416598, 0.45792755, 0.22790645],
       [0.3001638 , 0.5081534 , 0.19168288],
       [0.32343835, 0.41500816, 0.26155356]], dtype=float32), array([[0.31654435, 0.524111  , 0.15934464],
       [0.2976873 , 0.5831083 , 0.11920432],
       [0.33284122, 0.43838385, 0.228775  ]], dtype=float32), array([[0.2979348 , 0.53147745, 0.17058775],
       [0.26753026, 0.6119125 , 0.12055731],
       [0.31998703, 0.449252  , 0.23076098]], dtype=float32), array([[0.26307142, 0.53594595, 0.20098265],
       [0.1955472 , 0.6825918 , 0.12186094],
       [0.28678128, 0.47656935, 0.23664938]], dtype=float32), array([[0.21869515, 0.57597667, 0.20532815],
       [0.11166828, 0.79002345, 0.09830824],
       [0.2266359 , 0.55968684, 0.21367727]], dtype=float32), array([[0.22102465, 0.57459795, 0.20437744],
       [0.11615894, 0.7845154 , 0.0993257 ],
       [0.23069848, 0.5546063 , 0.2146952 ]], dtype=float32), array([[0.23047173, 0.5799626 , 0.18956566],
       [0.14131185, 0.75971544, 0.09897262],
       [0.25039056, 0.53653085, 0.21307865]], dtype=float32), array([[0.2571499 , 0.55023265, 0.19261743],
       [0.18561141, 0.7024332 , 0.1119554 ],
       [0.28278086, 0.487238  , 0.22998115]], dtype=float32), array([[0.23985708, 0.54784244, 0.21230057],
       [0.1504561 , 0.730413  , 0.11913084],
       [0.25361136, 0.5181883 , 0.22820047]], dtype=float32), array([[0.33012018, 0.46960306, 0.20027667],
       [0.32325628, 0.5050525 , 0.17169122],
       [0.33579955, 0.4181978 , 0.24600263]], dtype=float32), array([[0.314421  , 0.42032266, 0.26525635],
       [0.30465135, 0.45426115, 0.24108748],
       [0.31950715, 0.40065372, 0.2798391 ]], dtype=float32), array([[0.37137175, 0.35773447, 0.27089378],
       [0.36979476, 0.3567874 , 0.27341774],
       [0.35791075, 0.34946403, 0.29262516]], dtype=float32), array([[0.39046696, 0.32676536, 0.2827677 ],
       [0.38053307, 0.32828388, 0.29118305],
       [0.37251326, 0.3293985 , 0.2980883 ]], dtype=float32), array([[0.37988478, 0.31034982, 0.3097654 ],
       [0.36388144, 0.31825793, 0.31786066],
       [0.36373356, 0.31833094, 0.31793547]], dtype=float32), array([[0.3882606 , 0.2962684 , 0.31547102],
       [0.3614215 , 0.31408486, 0.32449362],
       [0.3675896 , 0.3099426 , 0.32246774]], dtype=float32), array([[0.40066382, 0.27339846, 0.32593772],
       [0.34914914, 0.31856662, 0.3322843 ],
       [0.3726161 , 0.2974554 , 0.32992852]], dtype=float32), array([[0.42378876, 0.27966297, 0.29654822],
       [0.38937297, 0.2996765 , 0.31095043],
       [0.3941709 , 0.29685858, 0.30897048]], dtype=float32), array([[0.39747238, 0.329993  , 0.27253458],
       [0.3873026 , 0.33102453, 0.28167287],
       [0.376893  , 0.3318913 , 0.29121566]], dtype=float32), array([[0.34838626, 0.425971  , 0.22564274],
       [0.34880334, 0.43967846, 0.2115182 ],
       [0.34584543, 0.3959203 , 0.25823432]], dtype=float32), array([[0.32424036, 0.44007304, 0.23568663],
       [0.31462842, 0.48524687, 0.20012477],
       [0.33076832, 0.3928408 , 0.27639082]], dtype=float32), array([[0.31032354, 0.48571277, 0.20396374],
       [0.2946174 , 0.5376942 , 0.16768841],
       [0.32180008, 0.43617153, 0.24202843]], dtype=float32), array([[0.30623084, 0.49131125, 0.20245795],
       [0.28851664, 0.5465544 , 0.16492893],
       [0.31866303, 0.44205835, 0.23927864]], dtype=float32), array([[0.3041047 , 0.5042788 , 0.1916165 ],
       [0.28451446, 0.5629119 , 0.1525736 ],
       [0.318334  , 0.449258  , 0.23240802]], dtype=float32), array([[0.31363133, 0.46209973, 0.22426896],
       [0.29105988, 0.5378552 , 0.17108491],
       [0.3269698 , 0.39600763, 0.2770226 ]], dtype=float32), array([[0.30353642, 0.538799  , 0.15766467],
       [0.27934456, 0.6050428 , 0.11561262],
       [0.32388172, 0.45808268, 0.21803556]], dtype=float32), array([[0.3111268 , 0.48793307, 0.20094004],
       [0.28204054, 0.57734644, 0.14061305],
       [0.32882404, 0.39808086, 0.27309516]], dtype=float32), array([[0.25029787, 0.599075  , 0.15062708],
       [0.19007704, 0.72253126, 0.08739169],
       [0.28309056, 0.51765937, 0.19925009]], dtype=float32), array([[0.25658467, 0.6133646 , 0.1300507 ],
       [0.20342278, 0.72071135, 0.07586588],
       [0.29387784, 0.5169157 , 0.18920651]], dtype=float32), array([[0.2284937 , 0.6283465 , 0.14315982],
       [0.15141515, 0.77750176, 0.07108305],
       [0.2647982 , 0.5456194 , 0.18958236]], dtype=float32), array([[0.26105717, 0.5579989 , 0.18094395],
       [0.17355476, 0.740255  , 0.08619019],
       [0.2989025 , 0.45776248, 0.2433351 ]], dtype=float32)]",1,0,0,0,0,0,41.35691056910569,27.351219512195133,0.0001550694058651913,2000,32000,0.0003471409406477831,9.95,9.95,32000,2000,0.3362893652511515,23810,0.0393447157605,16.0,999.0,0.0,495504,0.0,1.0,0.0013802934991,30969,363.20205192217014,848.5086059570312,0.0,0.003815911477431655,999.0,0.4722185432910919,0.014652715064585209,0.003169540548697114,0.264415442943573,1.0,0.0013802934991,495504,81158,0.3527041971683502,-1.0,16.0,30969,363.203142463382,1488000,991008,61938,104968,93000,0,1090.7042269723327,6299894.080100294,6609195.320024751,0.00030897787139563034,0.00010876169725212176,2,1.0067001110736886,100,10.5,0.17936251887887367,9.5,16.0,4.9475082861980776e-05,0.0018031875003362075,50,32100,1.0067001110736886,10.0,2,800,2.0,0.0003942035182204019,1600,0.00017230636937180197,10.0,1600,100,10.0,100,1.9731715350414888e-05,3.274478116183339e-05,6.417339087601847e-06,7.142269842299277e-06,4.1087600514603276e-05,2.7646120880981046e-05,2.8364461136764043e-05,2.1348355153171726e-05,1.540525074898111e-05,0.0001428536210712221,4.5728469532529156e-05,0.052934625661275644,0.006639243895514473,0.053619040577604804,0.1731044833999648,0.030478448936044997,0.018566363978491464,0.00016354155162835,481.0,1729056,0.34374037,0.28237661719322205,108066,-0.41166651248931885,496.0,100.79000091552734,1.0,-0.007073658052831888,498.0,0.4722185730934143,0.012459389865398407,481.0,1729056,0.0,496.0,108066,498.0,3458112,651000,216132,10416000,11472.869888247405,1.7176542029057674e-05,0.00016626287688890594,2.3712075707167402e-05,5.140681630106486e-05,3.126905709214029e-05,3.1105855319233e-05,2.2024601209632267e-05,3.597291992569442e-05,8.053942716028095e-06,7.138583768099546e-06,4.608640653531362e-05
1,34000,False,17,ca05a_00000,2025-08-17_23-40-15,1755474015,86.01400208473206,1483.9693982601166,758452,intrinsic-attention2,10.156.0.3,1483.9693982601166,17,88.96639648426871,1.8641020318658702e-05,88.96613200783412,2.561455104044791,86.05831244782566,0.0019774504149153954,2000,1.0067001111073661,10.02,2,10.5,0.0002652160037541762,2.5297426070249323,17000,9.5,16.0,4.612578815343868e-05,2,0.001536044290260179,2.0,1000,34000,9.822931462764135e-05,1.0067001111073661,629.3157782840925,2000.0,3000.0,"[array([1.5398929, 1.5398929, 1.5398929], dtype=float32), array([1.5216367, 1.5216367, 1.5216367], dtype=float32), array([1.5025634, 1.5025634, 1.5025634], dtype=float32), array([1.4859511, 1.4859511, 1.4859511], dtype=float32), array([1.4721183, 1.4721183, 1.4721183], dtype=float32), array([1.4593068, 1.4593068, 1.4593068], dtype=float32), array([1.4485569, 1.4485569, 1.4485569], dtype=float32), array([1.4398321, 1.4398321, 1.4398321], dtype=float32), array([1.4317576, 1.4317576, 1.4317576], dtype=float32), array([1.4249306, 1.4249306, 1.4249306], dtype=float32), array([1.4205017, 1.4205017, 1.4205017], dtype=float32), array([1.4179724, 1.4179724, 1.4179724], dtype=float32), array([1.4164919, 1.4164919, 1.4164919], dtype=float32), array([1.416847, 1.416847, 1.416847], dtype=float32), array([1.4174544, 1.4174544, 1.4174544], dtype=float32), array([1.4198858, 1.4198858, 1.4198858], dtype=float32), array([1.4248576, 1.4248576, 1.4248576], dtype=float32), array([1.4297698, 1.4297698, 1.4297698], dtype=float32), array([1.435288, 1.435288, 1.435288], dtype=float32), array([1.4446958, 1.4446958, 1.4446958], dtype=float32), array([1.4552027, 1.4552027, 1.4552027], dtype=float32), array([1.4648316, 1.4648316, 1.4648316], dtype=float32), array([1.4749278, 1.4749278, 1.4749278], dtype=float32), array([1.4853274, 1.4853274, 1.4853274], dtype=float32), array([1.4960402, 1.4960402, 1.4960402], dtype=float32), array([1.5054525, 1.5054525, 1.5054525], dtype=float32), array([1.5136553, 1.5136553, 1.5136553], dtype=float32), array([1.520927, 1.520927, 1.520927], dtype=float32), array([1.5270041, 1.5270041, 1.5270041], dtype=float32), array([1.5325059, 1.5325059, 1.5325059], dtype=float32), array([1.5376866, 1.5376866, 1.5376866], dtype=float32)]","[array([1.5398928, 1.5398928, 1.5398928], dtype=float32), array([1.5216365, 1.5216365, 1.5216365], dtype=float32), array([1.5025634, 1.5025634, 1.5025634], dtype=float32), array([nan, nan, nan], dtype=float32), array([1.472118, 1.472118, 1.472118], dtype=float32), array([1.4593071, 1.4593071, 1.4593071], dtype=float32), array([1.4485569, 1.4485569, 1.4485569], dtype=float32), array([1.4398319, 1.4398319, 1.4398319], dtype=float32), array([1.4317578, 1.4317578, 1.4317578], dtype=float32), array([1.4249307, 1.4249307, 1.4249307], dtype=float32), array([1.4205017, 1.4205017, 1.4205017], dtype=float32), array([1.4179722, 1.4179722, 1.4179722], dtype=float32), array([1.4164917, 1.4164917, 1.4164917], dtype=float32), array([1.4168468, 1.4168468, 1.4168468], dtype=float32), array([1.4174544, 1.4174544, 1.4174544], dtype=float32), array([1.4198858, 1.4198858, 1.4198858], dtype=float32), array([nan, nan, nan], dtype=float32), array([1.4297696, 1.4297696, 1.4297696], dtype=float32), array([1.4352881, 1.4352881, 1.4352881], dtype=float32), array([1.4446956, 1.4446956, 1.4446956], dtype=float32), array([1.4552028, 1.4552028, 1.4552028], dtype=float32), array([1.4648314, 1.4648314, 1.4648314], dtype=float32), array([1.4749278, 1.4749278, 1.4749278], dtype=float32), array([1.4853274, 1.4853274, 1.4853274], dtype=float32), array([1.4960401, 1.4960401, 1.4960401], dtype=float32), array([1.5054523, 1.5054523, 1.5054523], dtype=float32), array([nan, nan, nan], dtype=float32), array([1.5209268, 1.5209268, 1.5209268], dtype=float32), array([1.527004, 1.527004, 1.527004], dtype=float32), array([1.532506, 1.532506, 1.532506], dtype=float32), array([1.5376865, 1.5376865, 1.5376865], dtype=float32)]","[array([[0.25550377, 0.6500781 , 0.0944182 ],
       [0.1992829 , 0.752364  , 0.04835313],
       [0.30776536, 0.51414317, 0.17809145]], dtype=float32), array([[0.2726759 , 0.563831  , 0.16349307],
       [0.19131765, 0.7344837 , 0.07419867],
       [0.31722462, 0.4242849 , 0.25849047]], dtype=float32), array([[0.23288111, 0.6033638 , 0.16375512],
       [0.11538725, 0.8289752 , 0.05563766],
       [0.27893174, 0.49555662, 0.2255116 ]], dtype=float32), array([[0.2630236 , 0.58570176, 0.15127467],
       [0.17110536, 0.768278  , 0.06061668],
       [0.31491232, 0.43194506, 0.25314265]], dtype=float32), array([[0.16436572, 0.75651217, 0.07912208],
       [0.07452157, 0.9029122 , 0.02256619],
       [0.22240344, 0.6439261 , 0.1336705 ]], dtype=float32), array([[0.1622675 , 0.7725526 , 0.06517988],
       [0.07781853, 0.9036188 , 0.01856269],
       [0.22872728, 0.6466813 , 0.12459138]], dtype=float32), array([[0.14393307, 0.79030037, 0.06576654],
       [0.05521762, 0.9297122 , 0.01507014],
       [0.20581351, 0.67499495, 0.11919164]], dtype=float32), array([[0.1327151 , 0.8082172 , 0.05906767],
       [0.04582118, 0.9423575 , 0.01182128],
       [0.19614466, 0.6923935 , 0.11146191]], dtype=float32), array([[0.1827564 , 0.6816708 , 0.1355728 ],
       [0.0404878 , 0.939674  , 0.01983824],
       [0.23371737, 0.5758004 , 0.19048217]], dtype=float32), array([[0.16556677, 0.7287067 , 0.10572648],
       [0.03528862, 0.9516928 , 0.01301853],
       [0.23274024, 0.59179   , 0.17546974]], dtype=float32), array([[0.09453079, 0.87551117, 0.02995797],
       [0.02436154, 0.9720061 , 0.0036324 ],
       [0.1716671 , 0.7480404 , 0.08029252]], dtype=float32), array([[0.18077798, 0.7442939 , 0.07492807],
       [0.05712673, 0.9328284 , 0.01004481],
       [0.28957126, 0.5057754 , 0.20465334]], dtype=float32), array([[0.06730882, 0.90361834, 0.02907284],
       [0.00792422, 0.9904117 , 0.00166407],
       [0.12388033, 0.80856484, 0.06755479]], dtype=float32), array([[0.12166291, 0.81295276, 0.06538437],
       [0.01455586, 0.98177046, 0.00367365],
       [0.20720853, 0.6502179 , 0.14257357]], dtype=float32), array([[0.1151965 , 0.8239875 , 0.06081608],
       [0.01225123, 0.9848    , 0.00294874],
       [0.20233284, 0.65982056, 0.13784663]], dtype=float32), array([[0.12010573, 0.7966178 , 0.08327639],
       [0.00734406, 0.98981327, 0.00284274],
       [0.18251628, 0.67581964, 0.14166409]], dtype=float32), array([[0.10228909, 0.882982  , 0.01472888],
       [0.03473306, 0.96351606, 0.00175086],
       [0.22768986, 0.6880698 , 0.08424034]], dtype=float32), array([[0.06596366, 0.91478175, 0.01925457],
       [0.01084284, 0.98784643, 0.00131082],
       [0.13918515, 0.79942614, 0.06138872]], dtype=float32), array([[0.10323023, 0.8724209 , 0.02434887],
       [0.02843299, 0.9689568 , 0.0026101 ],
       [0.21115476, 0.69451606, 0.09432922]], dtype=float32), array([[0.07192892, 0.91039324, 0.01767795],
       [0.01502572, 0.9834856 , 0.00148872],
       [0.15364426, 0.7839549 , 0.06240082]], dtype=float32), array([[0.133859  , 0.79628706, 0.06985396],
       [0.01929222, 0.97609633, 0.00461146],
       [0.22631718, 0.6166694 , 0.15701349]], dtype=float32), array([[0.09444129, 0.87834156, 0.02721717],
       [0.02018494, 0.97749805, 0.00231702],
       [0.19282395, 0.71430624, 0.09286986]], dtype=float32), array([[0.17092127, 0.74084806, 0.08823066],
       [0.03213996, 0.9609143 , 0.00694573],
       [0.27940714, 0.50701344, 0.21357943]], dtype=float32), array([[0.16973408, 0.75539273, 0.07487315],
       [0.03896244, 0.95428914, 0.00674844],
       [0.2870383 , 0.50158435, 0.21137731]], dtype=float32), array([[0.06355789, 0.92149806, 0.01494399],
       [0.01159702, 0.98735714, 0.00104578],
       [0.14376898, 0.7994397 , 0.05679126]], dtype=float32), array([[5.4045789e-02, 9.2221016e-01, 2.3744110e-02],
       [4.3878765e-03, 9.9470150e-01, 9.1066037e-04],
       [1.0409298e-01, 8.3906865e-01, 5.6838356e-02]], dtype=float32), array([[0.11823392, 0.82064694, 0.06111913],
       [0.0123381 , 0.98488575, 0.00277605],
       [0.21243678, 0.6417826 , 0.1457806 ]], dtype=float32), array([[0.12645254, 0.77633625, 0.09721124],
       [0.00532585, 0.9921772 , 0.0024969 ],
       [0.17953436, 0.67219305, 0.14827257]], dtype=float32), array([[5.3145021e-02, 9.3502825e-01, 1.1826623e-02],
       [7.9739513e-03, 9.9138921e-01, 6.3689001e-04],
       [1.2994702e-01, 8.2058096e-01, 4.9472027e-02]], dtype=float32), array([[0.15069272, 0.79484385, 0.05446339],
       [0.03100342, 0.9652161 , 0.00378047],
       [0.2871647 , 0.5110283 , 0.20180704]], dtype=float32), array([[0.14987911, 0.773904  , 0.0762169 ],
       [0.01787909, 0.97868323, 0.00343775],
       [0.26943338, 0.52603686, 0.2045298 ]], dtype=float32)]",1,0,0,0,0,0,37.449593495934955,26.241463414634147,0.00016174029950074919,2000,34000,0.00036408827207689914,10.02,10.02,34000,2000,0.33608065877868365,23810,0.0393447157605,17.0,999.0,0.0,526473,0.0,1.0,0.0013802934991,30969,363.4636946263436,87.7319107055664,0.0,-0.013461046852171421,999.0,0.4722185432910919,0.003124693874269724,0.001584770274348557,0.2525675892829895,1.0,0.0013802934991,526473,81158,0.3354070782661438,-0.004491686820983887,17.0,30969,363.46473643587865,1581000,1052946,61938,104968,93000,0,1091.4895914242031,6296049.885539246,6606360.065415193,0.000307394932589635,0.00010372352772458889,2,1.0067001110999096,100,10.5,0.17885796791019745,9.5,17.0,4.7985610334416906e-05,0.0016006676400138532,50,34100,1.0067001110999096,10.0,2,850,2.0,0.0003760213934341774,1700,0.00016432809691558657,10.0,1700,100,10.0,100,2.0605005695788913e-05,3.3946978754048366e-05,6.644974537704773e-06,7.709541091718491e-06,4.309928459384295e-05,2.9142373954978304e-05,2.9640698698061146e-05,2.255874482563823e-05,1.6151438109550982e-05,0.00015007984976175208,4.822024480194343e-05,0.05293637934464366,0.006634596586492443,0.05354848752181802,0.1730176071060438,0.030455143456693753,0.01853892812864989,0.00016357505612495592,511.0,1837122,0.31363255,0.23964709043502808,108066,-0.02117443084716797,527.0,102.45063018798828,1.0,-0.0359896682202816,498.0,0.4722185730934143,0.004655520431697369,511.0,1837122,0.0,527.0,108066,498.0,3674244,651000,216132,11067000,11403.848349761769,1.634791740099518e-05,0.000159275429343035,2.3076641933179492e-05,4.875579860864118e-05,2.984542481190417e-05,2.9487337337109327e-05,2.0855735360516972e-05,3.413684793026245e-05,7.833919454939671e-06,6.721909227499708e-06,4.418451746102785e-05
1,36000,False,18,ca05a_00000,2025-08-17_23-41-41,1755474101,85.62574100494385,1569.5951392650604,758452,intrinsic-attention2,10.156.0.3,1569.5951392650604,18,88.93159031777601,1.8567800150807835e-05,88.93132512187583,2.560903597084359,86.02427995044748,0.0019760652207555297,2000,1.0067001111073661,9.83,2,10.5,0.0002652160037541762,2.5291832103146974,18000,-10.5,17.0,4.603247925562928e-05,2,0.0015207899709639605,2.0,1000,36000,9.636819073512172e-05,1.0067001111073661,614.9999844052955,2000.0,3000.0,"[array([1.5433332, 1.5433332, 1.5433332], dtype=float32), array([1.5424066, 1.5424066, 1.5424066], dtype=float32), array([1.527882, 1.527882, 1.527882], dtype=float32), array([1.5156041, 1.5156041, 1.5156041], dtype=float32), array([1.4964007, 1.4964007, 1.4964007], dtype=float32), array([1.4801904, 1.4801904, 1.4801904], dtype=float32), array([1.467481, 1.467481, 1.467481], dtype=float32), array([1.4563289, 1.4563289, 1.4563289], dtype=float32), array([1.4368287, 1.4368287, 1.4368287], dtype=float32), array([1.415078, 1.415078, 1.415078], dtype=float32), array([1.3941516, 1.3941516, 1.3941516], dtype=float32), array([1.3754984, 1.3754984, 1.3754984], dtype=float32), array([1.361437, 1.361437, 1.361437], dtype=float32), array([1.3451234, 1.3451234, 1.3451234], dtype=float32), array([1.3320477, 1.3320477, 1.3320477], dtype=float32), array([1.3199749, 1.3199749, 1.3199749], dtype=float32), array([1.3101293, 1.3101293, 1.3101293], dtype=float32), array([1.3019445, 1.3019445, 1.3019445], dtype=float32), array([1.2953541, 1.2953541, 1.2953541], dtype=float32), array([1.2905129, 1.2905129, 1.2905129], dtype=float32), array([1.2871392, 1.2871392, 1.2871392], dtype=float32), array([1.2845461, 1.2845461, 1.2845461], dtype=float32), array([1.2789248, 1.2789248, 1.2789248], dtype=float32), array([1.2747586, 1.2747586, 1.2747586], dtype=float32), array([1.2714317, 1.2714317, 1.2714317], dtype=float32), array([1.2693709, 1.2693709, 1.2693709], dtype=float32), array([1.2680204, 1.2680204, 1.2680204], dtype=float32), array([1.2647523, 1.2647523, 1.2647523], dtype=float32), array([1.2622826, 1.2622826, 1.2622826], dtype=float32), array([1.2571212, 1.2571212, 1.2571212], dtype=float32), array([1.2527999, 1.2527999, 1.2527999], dtype=float32)]","[array([1.5433333, 1.5433333, 1.5433333], dtype=float32), array([nan, nan, nan], dtype=float32), array([1.5278822, 1.5278822, 1.5278822], dtype=float32), array([1.5156045, 1.5156045, 1.5156045], dtype=float32), array([nan, nan, nan], dtype=float32), array([1.4801905, 1.4801905, 1.4801905], dtype=float32), array([1.4674809, 1.4674809, 1.4674809], dtype=float32), array([nan, nan, nan], dtype=float32), array([1.4368287, 1.4368287, 1.4368287], dtype=float32), array([nan, nan, nan], dtype=float32), array([1.3941514, 1.3941514, 1.3941514], dtype=float32), array([1.3754987, 1.3754987, 1.3754987], dtype=float32), array([nan, nan, nan], dtype=float32), array([1.3451234, 1.3451234, 1.3451234], dtype=float32), array([1.3320477, 1.3320477, 1.3320477], dtype=float32), array([nan, nan, nan], dtype=float32), array([1.3101293, 1.3101293, 1.3101293], dtype=float32), array([1.3019443, 1.3019443, 1.3019443], dtype=float32), array([1.295354, 1.295354, 1.295354], dtype=float32), array([1.2905128, 1.2905128, 1.2905128], dtype=float32), array([nan, nan, nan], dtype=float32), array([1.2845463, 1.2845463, 1.2845463], dtype=float32), array([1.2789247, 1.2789247, 1.2789247], dtype=float32), array([nan, nan, nan], dtype=float32), array([1.2714318, 1.2714318, 1.2714318], dtype=float32), array([nan, nan, nan], dtype=float32), array([1.2680202, 1.2680202, 1.2680202], dtype=float32), array([1.2647521, 1.2647521, 1.2647521], dtype=float32), array([1.2622826, 1.2622826, 1.2622826], dtype=float32), array([1.2571211, 1.2571211, 1.2571211], dtype=float32), array([1.2527999, 1.2527999, 1.2527999], dtype=float32)]","[array([[0.1479304 , 0.7671343 , 0.08493531],
       [0.01256026, 0.98455286, 0.00288693],
       [0.25922132, 0.5381349 , 0.20264381]], dtype=float32), array([[0.1360187 , 0.81610596, 0.04787535],
       [0.02243176, 0.97507834, 0.00248984],
       [0.27919653, 0.52826667, 0.19253685]], dtype=float32), array([[3.4354683e-02, 9.5738518e-01, 8.2601132e-03],
       [2.6195101e-03, 9.9717498e-01, 2.0552144e-04],
       [9.5400847e-02, 8.6754102e-01, 3.7058074e-02]], dtype=float32), array([[2.9456653e-02, 9.6381021e-01, 6.7330622e-03],
       [1.8660487e-03, 9.9800318e-01, 1.3077294e-04],
       [8.7652929e-02, 8.7930644e-01, 3.3040646e-02]], dtype=float32), array([[4.0900234e-02, 9.5130390e-01, 7.7958191e-03],
       [3.1409692e-03, 9.9670792e-01, 1.5113887e-04],
       [1.3763925e-01, 8.0818737e-01, 5.4173458e-02]], dtype=float32), array([[4.9850840e-02, 9.2862421e-01, 2.1524966e-02],
       [8.9610310e-04, 9.9898440e-01, 1.1949539e-04],
       [1.3590637e-01, 7.8186256e-01, 8.2231149e-02]], dtype=float32), array([[1.4683448e-02, 9.8059148e-01, 4.7250469e-03],
       [1.6232756e-04, 9.9982232e-01, 1.5406704e-05],
       [4.7293920e-02, 9.3154752e-01, 2.1158509e-02]], dtype=float32), array([[1.1184080e-02, 9.8503566e-01, 3.7802302e-03],
       [6.3586966e-05, 9.9993038e-01, 6.1216419e-06],
       [3.7672892e-02, 9.4506633e-01, 1.7260700e-02]], dtype=float32), array([[2.5529353e-02, 9.6563721e-01, 8.8334596e-03],
       [1.5056437e-04, 9.9983788e-01, 1.1512118e-05],
       [1.0105015e-01, 8.4460443e-01, 5.4345377e-02]], dtype=float32), array([[2.3740508e-02, 9.7070956e-01, 5.5499868e-03],
       [1.7016388e-04, 9.9982411e-01, 5.6843514e-06],
       [1.3617365e-01, 7.9561716e-01, 6.8209149e-02]], dtype=float32), array([[4.3444308e-03, 9.9434966e-01, 1.3058997e-03],
       [4.0036916e-06, 9.9999571e-01, 2.5606266e-07],
       [1.9951429e-02, 9.7160286e-01, 8.4457789e-03]], dtype=float32), array([[2.8553414e-03, 9.9680316e-01, 3.4156838e-04],
       [6.7219230e-06, 9.9999321e-01, 8.9480309e-08],
       [2.4929589e-02, 9.6845812e-01, 6.6121812e-03]], dtype=float32), array([[2.42957077e-03, 9.96888101e-01, 6.82357932e-04],
       [6.91617686e-07, 9.99999285e-01, 3.46517304e-08],
       [1.34046115e-02, 9.81178582e-01, 5.41675836e-03]], dtype=float32), array([[2.3510172e-03, 9.9747425e-01, 1.7467176e-04],
       [4.8704851e-06, 9.9999511e-01, 2.5407212e-08],
       [3.2235041e-02, 9.6026665e-01, 7.4982564e-03]], dtype=float32), array([[6.7188065e-03, 9.8992747e-01, 3.3536304e-03],
       [2.2671151e-07, 9.9999976e-01, 2.6959693e-08],
       [2.7239623e-02, 9.5615971e-01, 1.6600778e-02]], dtype=float32), array([[9.4128575e-04, 9.9897325e-01, 8.5535481e-05],
       [4.0328140e-07, 9.9999964e-01, 2.5379419e-09],
       [1.3382104e-02, 9.8356932e-01, 3.0485890e-03]], dtype=float32), array([[8.0135994e-04, 9.9912363e-01, 7.4981268e-05],
       [2.3467831e-07, 9.9999976e-01, 1.4695151e-09],
       [1.1810772e-02, 9.8547459e-01, 2.7146826e-03]], dtype=float32), array([[5.3004762e-03, 9.9263930e-01, 2.0603111e-03],
       [1.3369694e-07, 9.9999988e-01, 7.6697493e-09],
       [3.4260761e-02, 9.4692546e-01, 1.8813780e-02]], dtype=float32), array([[8.2404510e-04, 9.9895597e-01, 2.1994946e-04],
       [1.8571040e-08, 1.0000000e+00, 6.7708128e-10],
       [5.9889453e-03, 9.9169606e-01, 2.3150162e-03]], dtype=float32), array([[2.7234450e-03, 9.9687815e-01, 3.9849573e-04],
       [4.4751661e-07, 9.9999952e-01, 3.8325170e-09],
       [4.3874413e-02, 9.3994975e-01, 1.6175821e-02]], dtype=float32), array([[7.0616521e-04, 9.9925178e-01, 4.2078751e-05],
       [2.2364796e-07, 9.9999976e-01, 5.8109340e-10],
       [1.5897617e-02, 9.8090070e-01, 3.2015890e-03]], dtype=float32), array([[6.3132693e-04, 9.9921215e-01, 1.5654509e-04],
       [9.0824139e-09, 1.0000000e+00, 2.7287872e-10],
       [5.1775328e-03, 9.9290812e-01, 1.9143193e-03]], dtype=float32), array([[3.0697382e-03, 9.9553949e-01, 1.3907421e-03],
       [1.3849371e-08, 1.0000000e+00, 1.1621543e-09],
       [1.6223446e-02, 9.7451729e-01, 9.2591755e-03]], dtype=float32), array([[1.6909058e-03, 9.9802041e-01, 2.8875397e-04],
       [9.0836650e-08, 9.9999988e-01, 1.0177734e-09],
       [2.4944456e-02, 9.6599633e-01, 9.0591349e-03]], dtype=float32), array([[5.6869205e-04, 9.9929011e-01, 1.4115193e-04],
       [5.9357288e-09, 1.0000000e+00, 1.7343804e-10],
       [4.8023975e-03, 9.9342114e-01, 1.7764848e-03]], dtype=float32), array([[4.1035615e-04, 9.9955779e-01, 3.1853684e-05],
       [4.0948287e-08, 1.0000000e+00, 1.5517972e-10],
       [8.3245337e-03, 9.8993695e-01, 1.7385229e-03]], dtype=float32), array([[4.9718551e-04, 9.9947232e-01, 3.0442088e-05],
       [7.8885336e-08, 9.9999988e-01, 1.9434809e-10],
       [1.2182242e-02, 9.8539054e-01, 2.4271787e-03]], dtype=float32), array([[2.4857456e-03, 9.9649495e-01, 1.0193816e-03],
       [9.1044585e-09, 1.0000000e+00, 5.8001276e-10],
       [1.5669769e-02, 9.7585380e-01, 8.4764035e-03]], dtype=float32), array([[2.8722745e-03, 9.9606436e-01, 1.0632850e-03],
       [1.5211661e-08, 1.0000000e+00, 7.1427747e-10],
       [2.1971650e-02, 9.6647662e-01, 1.1551766e-02]], dtype=float32), array([[1.72197074e-03, 9.98035967e-01, 2.42084017e-04],
       [1.04488350e-07, 9.99999881e-01, 7.35135730e-10],
       [3.29386331e-02, 9.55400646e-01, 1.16606485e-02]], dtype=float32), array([[3.5964968e-04, 9.9961120e-01, 2.9233483e-05],
       [2.4698451e-08, 1.0000000e+00, 9.6599485e-11],
       [7.4101123e-03, 9.9101639e-01, 1.5735192e-03]], dtype=float32)]",1,0,0,0,0,0,33.558196721311475,25.174590163934432,0.00016019220600250108,2000,36000,0.00035713796903716225,9.83,9.83,36000,2000,0.33587645087096746,23810,0.0393447157605,18.0,999.0,0.0,557442,0.0,1.0,0.0013802934991,30969,363.76625686076414,116.96244812011719,0.0,-0.013648336753249168,999.0,0.4722185432910919,0.0032023638486862183,0.0007923851371742785,0.2292461395263672,1.0,0.0013802934991,557442,81158,0.33524712920188904,-0.001618027687072754,18.0,30969,363.76725199504546,1674000,1114884,61938,104968,93000,0,1092.3978523784438,6303095.771591708,6616996.150681019,0.00030593724324235713,9.883796308004038e-05,2,1.0067001111057168,100,10.5,0.17832367612113764,9.5,18.0,4.600155797175628e-05,0.0015480002302501817,50,36100,1.0067001111057168,10.0,2,900,2.0,0.00036449034848735017,1800,0.0001594892180854956,10.0,1800,100,10.0,100,2.0314129540096774e-05,3.374900875381088e-05,6.630515916746522e-06,7.3565395513462796e-06,4.300363884082741e-05,2.8707983999767723e-05,2.9112255917162047e-05,2.1869599810259058e-05,1.590501227789674e-05,0.00014754187058068824,4.740974139865107e-05,0.05293382824112905,0.006632141350716561,0.05347929537657945,0.17294337832496595,0.030429025682113874,0.018507112787260277,0.00016364950557660072,541.0,1945188,0.34900308,0.24134555459022522,108066,-0.08976900577545166,558.0,100.78095245361328,1.0,-0.00016550809959881008,498.0,0.4722185730934143,0.0018397020176053047,541.0,1945188,0.0,558.0,108066,498.0,3890376,651000,216132,11718000,11340.184836749902,1.60303821591775e-05,0.00015346968266452275,2.228774728406092e-05,4.687873267570596e-05,2.9020148185587993e-05,2.874922971678727e-05,2.0252223658879e-05,3.3390167919072605e-05,7.466342756294959e-06,6.521245313473351e-06,4.2518237593006835e-05
1,38000,False,19,ca05a_00000,2025-08-17_23-43-06,1755474186,85.10385799407959,1654.69899725914,758452,intrinsic-attention2,10.156.0.3,1654.69899725914,19,88.8918719316283,1.8483412064919176e-05,88.89160621136696,2.560552401693386,85.98514398252297,0.001973969248601687,2000,1.0067001111073661,10.01,2,10.5,0.0002652160037541762,2.5288352917415557,19000,9.5,18.0,4.593603982955665e-05,2,0.0015125087606429589,2.0,1000,38000,9.64110043943106e-05,1.0067001111073661,600.600834587756,2000.0,3000.0,"[array([1.2469866, 1.2469866, 1.2469866], dtype=float32), array([1.2385561, 1.2385561, 1.2385561], dtype=float32), array([1.2283355, 1.2283355, 1.2283355], dtype=float32), array([1.2199765, 1.2199765, 1.2199765], dtype=float32), array([1.212898, 1.212898, 1.212898], dtype=float32), array([1.2067529, 1.2067529, 1.2067529], dtype=float32), array([1.2009063, 1.2009063, 1.2009063], dtype=float32), array([1.1956313, 1.1956313, 1.1956313], dtype=float32), array([1.1909932, 1.1909932, 1.1909932], dtype=float32), array([1.1861755, 1.1861755, 1.1861755], dtype=float32), array([1.1814797, 1.1814797, 1.1814797], dtype=float32), array([1.1770982, 1.1770982, 1.1770982], dtype=float32), array([1.174841, 1.174841, 1.174841], dtype=float32), array([1.173462, 1.173462, 1.173462], dtype=float32), array([1.1722772, 1.1722772, 1.1722772], dtype=float32), array([1.1711749, 1.1711749, 1.1711749], dtype=float32), array([1.1704559, 1.1704559, 1.1704559], dtype=float32), array([1.1704094, 1.1704094, 1.1704094], dtype=float32), array([1.1703603, 1.1703603, 1.1703603], dtype=float32), array([1.1700491, 1.1700491, 1.1700491], dtype=float32), array([1.1697824, 1.1697824, 1.1697824], dtype=float32), array([1.169492, 1.169492, 1.169492], dtype=float32), array([1.1696708, 1.1696708, 1.1696708], dtype=float32), array([1.1692752, 1.1692752, 1.1692752], dtype=float32), array([1.1691126, 1.1691126, 1.1691126], dtype=float32), array([1.1689861, 1.1689861, 1.1689861], dtype=float32), array([1.1689254, 1.1689254, 1.1689254], dtype=float32), array([1.1688931, 1.1688931, 1.1688931], dtype=float32), array([1.1688509, 1.1688509, 1.1688509], dtype=float32), array([1.1689322, 1.1689322, 1.1689322], dtype=float32), array([1.1689082, 1.1689082, 1.1689082], dtype=float32)]","[array([1.2469869, 1.2469869, 1.2469869], dtype=float32), array([nan, nan, nan], dtype=float32), array([nan, nan, nan], dtype=float32), array([1.2199767, 1.2199767, 1.2199767], dtype=float32), array([nan, nan, nan], dtype=float32), array([1.2067529, 1.2067529, 1.2067529], dtype=float32), array([1.2009062, 1.2009062, 1.2009062], dtype=float32), array([nan, nan, nan], dtype=float32), array([1.1909932, 1.1909932, 1.1909932], dtype=float32), array([1.1861755, 1.1861755, 1.1861755], dtype=float32), array([1.1814797, 1.1814797, 1.1814797], dtype=float32), array([nan, nan, nan], dtype=float32), array([1.1748409, 1.1748409, 1.1748409], dtype=float32), array([1.1734622, 1.1734622, 1.1734622], dtype=float32), array([nan, nan, nan], dtype=float32), array([1.1711746, 1.1711746, 1.1711746], dtype=float32), array([1.1704557, 1.1704557, 1.1704557], dtype=float32), array([nan, nan, nan], dtype=float32), array([1.1703602, 1.1703602, 1.1703602], dtype=float32), array([nan, nan, nan], dtype=float32), array([1.1697823, 1.1697823, 1.1697823], dtype=float32), array([1.169492, 1.169492, 1.169492], dtype=float32), array([nan, nan, nan], dtype=float32), array([1.1692749, 1.1692749, 1.1692749], dtype=float32), array([1.1691126, 1.1691126, 1.1691126], dtype=float32), array([nan, nan, nan], dtype=float32), array([1.1689254, 1.1689254, 1.1689254], dtype=float32), array([nan, nan, nan], dtype=float32), array([1.1688509, 1.1688509, 1.1688509], dtype=float32), array([1.1689323, 1.1689323, 1.1689323], dtype=float32), array([nan, nan, nan], dtype=float32)]","[array([[2.9330328e-03, 9.9602073e-01, 1.0463347e-03],
       [1.8547359e-08, 1.0000000e+00, 7.9576179e-10],
       [2.3607148e-02, 9.6414411e-01, 1.2248713e-02]], dtype=float32), array([[3.3391197e-04, 9.9963939e-01, 2.6704309e-05],
       [2.0631134e-08, 1.0000000e+00, 7.7460288e-11],
       [7.0543834e-03, 9.9146432e-01, 1.4812676e-03]], dtype=float32), array([[1.5213698e-03, 9.9828076e-01, 1.9788176e-04],
       [8.3168679e-08, 9.9999988e-01, 4.9385190e-10],
       [3.1949524e-02, 9.5708120e-01, 1.0969192e-02]], dtype=float32), array([[2.1241275e-03, 9.9695385e-01, 9.2196686e-04],
       [3.4784242e-09, 1.0000000e+00, 2.4758659e-10],
       [1.2735338e-02, 9.8020017e-01, 7.0644575e-03]], dtype=float32), array([[2.0650108e-03, 9.9717855e-01, 7.5641827e-04],
       [4.0544221e-09, 1.0000000e+00, 1.7543195e-10],
       [1.7076567e-02, 9.7407228e-01, 8.8510904e-03]], dtype=float32), array([[2.2958135e-04, 9.9975806e-01, 1.2343085e-05],
       [9.2031041e-09, 1.0000000e+00, 1.4468250e-11],
       [7.7808443e-03, 9.9078465e-01, 1.4344265e-03]], dtype=float32), array([[7.1558985e-04, 9.9919599e-01, 8.8402696e-05],
       [7.7534867e-09, 1.0000000e+00, 3.5267411e-11],
       [1.8963758e-02, 9.7495747e-01, 6.0786894e-03]], dtype=float32), array([[1.5230163e-04, 9.9984026e-01, 7.4176387e-06],
       [3.0958700e-09, 1.0000000e+00, 3.6740264e-12],
       [6.2057879e-03, 9.9271023e-01, 1.0839484e-03]], dtype=float32), array([[4.5891703e-04, 9.9949527e-01, 4.5724973e-05],
       [3.3823473e-09, 1.0000000e+00, 9.7176382e-12],
       [1.5603036e-02, 9.7989160e-01, 4.5053498e-03]], dtype=float32), array([[8.7098143e-04, 9.9881709e-01, 3.1197423e-04],
       [1.6720687e-10, 1.0000000e+00, 6.2861331e-12],
       [8.2060322e-03, 9.8771149e-01, 4.0824427e-03]], dtype=float32), array([[7.8164841e-05, 9.9991715e-01, 4.6817613e-06],
       [3.9567544e-10, 1.0000000e+00, 6.2842358e-13],
       [2.9378405e-03, 9.9654371e-01, 5.1847857e-04]], dtype=float32), array([[2.6771540e-04, 9.9970132e-01, 3.0987172e-05],
       [6.0552802e-10, 1.0000000e+00, 2.3204214e-12],
       [8.0056284e-03, 9.8973012e-01, 2.2642403e-03]], dtype=float32), array([[2.8631859e-04, 9.9967384e-01, 3.9787832e-05],
       [4.0857281e-10, 1.0000000e+00, 2.1878315e-12],
       [7.3612854e-03, 9.9038982e-01, 2.2488302e-03]], dtype=float32), array([[5.0590112e-04, 9.9930608e-01, 1.8797966e-04],
       [3.7450276e-11, 1.0000000e+00, 1.6337574e-12],
       [4.2844554e-03, 9.9361020e-01, 2.1052868e-03]], dtype=float32), array([[5.7400856e-04, 9.9924976e-01, 1.7615069e-04],
       [8.0239745e-11, 1.0000000e+00, 2.0238767e-12],
       [6.9186115e-03, 9.8992795e-01, 3.1533688e-03]], dtype=float32), array([[6.1915582e-04, 9.9916065e-01, 2.2027627e-04],
       [4.4833741e-11, 1.0000000e+00, 1.5983942e-12],
       [6.1272895e-03, 9.9086505e-01, 3.0076420e-03]], dtype=float32), array([[5.4168398e-05, 9.9994278e-01, 3.0481249e-06],
       [1.3857812e-10, 1.0000000e+00, 1.7942654e-13],
       [2.3478570e-03, 9.9725324e-01, 3.9884876e-04]], dtype=float32), array([[5.8943924e-04, 9.9920064e-01, 2.0993446e-04],
       [3.5880299e-11, 1.0000000e+00, 1.2723788e-12],
       [5.8728894e-03, 9.9124581e-01, 2.8813886e-03]], dtype=float32), array([[5.8541220e-04, 9.9920601e-01, 2.0856444e-04],
       [3.4535968e-11, 1.0000000e+00, 1.2232100e-12],
       [5.8419360e-03, 9.9129152e-01, 2.8665729e-03]], dtype=float32), array([[4.7623832e-04, 9.9931955e-01, 2.0413430e-04],
       [1.1272528e-11, 1.0000000e+00, 6.9103393e-13],
       [3.3153016e-03, 9.9492210e-01, 1.7626174e-03]], dtype=float32), array([[4.8406666e-05, 9.9994946e-01, 2.1398205e-06],
       [1.6442724e-10, 1.0000000e+00, 1.3954311e-13],
       [2.5142252e-03, 9.9710137e-01, 3.8438875e-04]], dtype=float32), array([[1.8677764e-04, 9.9979264e-01, 2.0674548e-05],
       [1.9214913e-10, 1.0000000e+00, 6.2040602e-13],
       [6.3527105e-03, 9.9190712e-01, 1.7402560e-03]], dtype=float32), array([[4.7863883e-04, 9.9937493e-01, 1.4637515e-04],
       [3.7395743e-11, 1.0000000e+00, 9.0502313e-13],
       [5.9992634e-03, 9.9128234e-01, 2.7183366e-03]], dtype=float32), array([[8.6735090e-05, 9.9989283e-01, 2.0360678e-05],
       [6.7596189e-12, 1.0000000e+00, 1.2561161e-13],
       [1.0941859e-03, 9.9852532e-01, 3.8051672e-04]], dtype=float32), array([[4.7744194e-05, 9.9995005e-01, 2.1123262e-06],
       [1.5378396e-10, 1.0000000e+00, 1.2930809e-13],
       [2.5050247e-03, 9.9711120e-01, 3.8373325e-04]], dtype=float32), array([[4.6558445e-04, 9.9939251e-01, 1.4193545e-04],
       [3.5796768e-11, 1.0000000e+00, 8.6356264e-13],
       [5.8372645e-03, 9.9152714e-01, 2.6356468e-03]], dtype=float32), array([[3.8223923e-04, 9.9947947e-01, 1.3836488e-04],
       [1.3347400e-11, 1.0000000e+00, 5.2614927e-13],
       [3.4936967e-03, 9.9482226e-01, 1.6839497e-03]], dtype=float32), array([[2.2897654e-04, 9.9974662e-01, 2.4426889e-05],
       [2.5948235e-10, 1.0000000e+00, 7.1553635e-13],
       [8.7608034e-03, 9.8875892e-01, 2.4803048e-03]], dtype=float32), array([[5.6434881e-05, 9.9994171e-01, 1.8915787e-06],
       [2.9838393e-10, 1.0000000e+00, 1.4735316e-13],
       [3.8138679e-03, 9.9563354e-01, 5.5266754e-04]], dtype=float32), array([[4.0789138e-04, 9.9946946e-01, 1.2271509e-04],
       [2.4513690e-11, 1.0000000e+00, 5.7055581e-13],
       [5.2352557e-03, 9.9242932e-01, 2.3353959e-03]], dtype=float32), array([[7.8078105e-05, 9.9990368e-01, 1.8257449e-05],
       [4.3543602e-12, 1.0000000e+00, 7.8224645e-14],
       [1.0150045e-03, 9.9863297e-01, 3.5205958e-04]], dtype=float32)]",1,0,0,0,0,0,30.59508196721312,24.6,0.0001599699363251648,2000,38000,0.00035704948271266955,10.01,10.01,38000,2000,0.33566160962218006,23810,0.0393447157605,19.0,999.0,0.0,588411,0.0,1.0,0.0013802934991,30969,364.12147281952855,85.55262756347656,0.0,9.623805090086535e-05,999.0,0.4722185432910919,0.00015213392907753587,0.00039619256858713925,0.23413881659507751,1.0,0.0013802934991,588411,81158,0.34897997975349426,-0.0011818408966064453,19.0,30969,364.122420931584,1767000,1176822,61938,104968,93000,0,1093.464239066234,6304425.420246245,6621388.288386666,0.00030447453081393095,0.00010036568564233325,2,1.0067001111070022,100,10.5,0.17783287693000854,9.5,19.0,4.634965859670605e-05,0.0015506607314455323,50,38100,1.0067001111070022,10.0,2,950,2.0,0.00036838423224933476,1900,0.00016141807235095103,10.0,1900,100,10.0,100,1.9991057498039318e-05,3.3050145295827186e-05,6.592869304276191e-06,7.321842572297834e-06,4.475180289876053e-05,2.842660646457776e-05,2.8795502451376977e-05,2.2472162231693087e-05,1.5861051066465787e-05,0.00014798380855557132,4.7365455401916e-05,0.05293375349865601,0.006627895027163701,0.05340793704270092,0.17284926941171969,0.03042083545524742,0.018469440979363778,0.00016357200056395704,571.0,2053254,0.32832697,0.2353893369436264,108066,-0.018410086631774902,589.0,101.48402404785156,1.0,-0.020672840997576714,498.0,0.4722185730934143,0.0007354518747888505,571.0,2053254,0.0,589.0,108066,498.0,4106508,651000,216132,12369000,11282.26719182109,1.5907241875911663e-05,0.00015578036437045558,2.2575396185302707e-05,4.7456097835091836e-05,2.9522649648630335e-05,2.9224564648832553e-05,2.0542666149883235e-05,3.405622020074581e-05,7.486952552736386e-06,6.7290643140617805e-06,4.2976709403665615e-05
1,40000,False,20,ca05a_00000,2025-08-17_23-44-32,1755474272,85.91203951835632,1740.6110367774963,758452,intrinsic-attention2,10.156.0.3,1740.6110367774963,20,88.86065974155197,1.8424277970089226e-05,88.8603934653934,2.559951210906479,85.95476719578774,0.0019708264061525462,2000,1.0067001111073661,9.82,2,10.5,0.0002652160037541762,2.5282448947740996,20000,-10.5,19.0,4.511219198952377e-05,2,0.0014868634997401388,2.0,1000,40000,9.748636147985027e-05,1.0067001111073661,586.1628426886597,2000.0,3000.0,"[array([1.1690661, 1.1690661, 1.1690661], dtype=float32), array([1.1679143, 1.1679143, 1.1679143], dtype=float32), array([1.16654, 1.16654, 1.16654], dtype=float32), array([1.1655291, 1.1655291, 1.1655291], dtype=float32), array([1.1653075, 1.1653075, 1.1653075], dtype=float32), array([1.1639761, 1.1639761, 1.1639761], dtype=float32), array([1.1571085, 1.1571085, 1.1571085], dtype=float32), array([1.1499518, 1.1499518, 1.1499518], dtype=float32), array([1.1436338, 1.1436338, 1.1436338], dtype=float32), array([1.1339027, 1.1339027, 1.1339027], dtype=float32), array([1.1228647, 1.1228647, 1.1228647], dtype=float32), array([1.1124209, 1.1124209, 1.1124209], dtype=float32), array([1.1038877, 1.1038877, 1.1038877], dtype=float32), array([1.0962307, 1.0962307, 1.0962307], dtype=float32), array([1.0923193, 1.0923193, 1.0923193], dtype=float32), array([1.0903509, 1.0903509, 1.0903509], dtype=float32), array([1.087488, 1.087488, 1.087488], dtype=float32), array([1.0863181, 1.0863181, 1.0863181], dtype=float32), array([1.0860931, 1.0860931, 1.0860931], dtype=float32), array([1.0831052, 1.0831052, 1.0831052], dtype=float32), array([1.0759242, 1.0759242, 1.0759242], dtype=float32), array([1.0693606, 1.0693606, 1.0693606], dtype=float32), array([1.0596925, 1.0596925, 1.0596925], dtype=float32), array([1.0528164, 1.0528164, 1.0528164], dtype=float32), array([1.0463798, 1.0463798, 1.0463798], dtype=float32), array([1.0427454, 1.0427454, 1.0427454], dtype=float32), array([1.0387385, 1.0387385, 1.0387385], dtype=float32), array([1.0279816, 1.0279816, 1.0279816], dtype=float32), array([1.0177424, 1.0177424, 1.0177424], dtype=float32), array([1.0092641, 1.0092641, 1.0092641], dtype=float32), array([1.0062789, 1.0062789, 1.0062789], dtype=float32)]","[array([nan, nan, nan], dtype=float32), array([nan, nan, nan], dtype=float32), array([1.1665399, 1.1665399, 1.1665399], dtype=float32), array([1.1655291, 1.1655291, 1.1655291], dtype=float32), array([nan, nan, nan], dtype=float32), array([nan, nan, nan], dtype=float32), array([nan, nan, nan], dtype=float32), array([nan, nan, nan], dtype=float32), array([1.1436338, 1.1436338, 1.1436338], dtype=float32), array([nan, nan, nan], dtype=float32), array([nan, nan, nan], dtype=float32), array([1.1124209, 1.1124209, 1.1124209], dtype=float32), array([1.103888, 1.103888, 1.103888], dtype=float32), array([nan, nan, nan], dtype=float32), array([nan, nan, nan], dtype=float32), array([nan, nan, nan], dtype=float32), array([1.087488, 1.087488, 1.087488], dtype=float32), array([nan, nan, nan], dtype=float32), array([nan, nan, nan], dtype=float32), array([1.0831053, 1.0831053, 1.0831053], dtype=float32), array([nan, nan, nan], dtype=float32), array([nan, nan, nan], dtype=float32), array([1.0596925, 1.0596925, 1.0596925], dtype=float32), array([nan, nan, nan], dtype=float32), array([nan, nan, nan], dtype=float32), array([nan, nan, nan], dtype=float32), array([1.0387387, 1.0387387, 1.0387387], dtype=float32), array([nan, nan, nan], dtype=float32), array([1.0177426, 1.0177426, 1.0177426], dtype=float32), array([nan, nan, nan], dtype=float32), array([nan, nan, nan], dtype=float32)]","[array([[7.1018985e-05, 9.9991548e-01, 1.3527802e-05],
       [7.2326455e-12, 1.0000000e+00, 8.4216718e-14],
       [1.1601179e-03, 9.9848086e-01, 3.5896167e-04]], dtype=float32), array([[2.0661489e-04, 9.9977165e-01, 2.1750502e-05],
       [2.0000328e-10, 1.0000000e+00, 5.3402020e-13],
       [8.0639077e-03, 9.8968560e-01, 2.2504653e-03]], dtype=float32), array([[7.0361551e-05, 9.9991632e-01, 1.3326635e-05],
       [7.1376876e-12, 1.0000000e+00, 8.2020640e-14],
       [1.1580664e-03, 9.9848479e-01, 3.5718837e-04]], dtype=float32), array([[4.3582633e-05, 9.9995399e-01, 2.3899115e-06],
       [6.6483027e-11, 1.0000000e+00, 7.5830076e-14],
       [2.0903000e-03, 9.9755836e-01, 3.5125788e-04]], dtype=float32), array([[6.8260619e-05, 9.9991882e-01, 1.2837857e-05],
       [6.5752074e-12, 1.0000000e+00, 7.4131144e-14],
       [1.1370811e-03, 9.9851376e-01, 3.4916089e-04]], dtype=float32), array([[4.3600993e-04, 9.9940872e-01, 1.5519347e-04],
       [1.2333571e-11, 1.0000000e+00, 4.3117376e-13],
       [4.4127712e-03, 9.9344617e-01, 2.1411183e-03]], dtype=float32), array([[6.4280946e-05, 9.9992096e-01, 1.4730363e-05],
       [2.2209884e-12, 1.0000000e+00, 3.6958040e-14],
       [8.8423945e-04, 9.9881339e-01, 3.0238420e-04]], dtype=float32), array([[2.7480314e-04, 9.9962878e-01, 9.6391683e-05],
       [2.9235631e-12, 1.0000000e+00, 9.8208374e-14],
       [2.8584558e-03, 9.9578851e-01, 1.3530812e-03]], dtype=float32), array([[5.90499076e-05, 9.99934912e-01, 6.13635257e-06],
       [5.40663781e-12, 1.00000000e+00, 1.29718835e-14],
       [2.54963082e-03, 9.96813953e-01, 6.36399433e-04]], dtype=float32), array([[2.2791310e-05, 9.9997377e-01, 3.4002976e-06],
       [2.4614490e-13, 1.0000000e+00, 1.4027896e-15],
       [5.9620786e-04, 9.9924481e-01, 1.5904510e-04]], dtype=float32), array([[2.0591811e-05, 9.9997509e-01, 4.3114851e-06],
       [3.4113252e-14, 1.0000000e+00, 3.8148342e-16],
       [3.8535803e-04, 9.9949133e-01, 1.2335903e-04]], dtype=float32), array([[1.8477618e-05, 9.9998009e-01, 1.4151407e-06],
       [2.4297998e-13, 1.0000000e+00, 2.5812262e-16],
       [1.3300062e-03, 9.9839079e-01, 2.7924878e-04]], dtype=float32), array([[8.4639842e-06, 9.9999118e-01, 3.6972403e-07],
       [1.2983004e-13, 1.0000000e+00, 4.5606560e-17],
       [1.0512332e-03, 9.9878150e-01, 1.6729662e-04]], dtype=float32), array([[1.4772651e-05, 9.9998200e-01, 3.1777749e-06],
       [1.1892974e-15, 1.0000000e+00, 1.0314550e-17],
       [3.6623317e-04, 9.9951100e-01, 1.2276432e-04]], dtype=float32), array([[1.8840012e-06, 9.9999809e-01, 5.4715183e-08],
       [6.9254274e-15, 1.0000000e+00, 1.0940017e-18],
       [3.4623157e-04, 9.9961299e-01, 4.0769268e-05]], dtype=float32), array([[2.0095040e-06, 9.9999785e-01, 6.1091363e-08],
       [3.3519340e-15, 1.0000000e+00, 4.6840746e-19],
       [4.3695525e-04, 9.9950743e-01, 5.5696677e-05]], dtype=float32), array([[1.5454485e-06, 9.9999833e-01, 1.5148971e-07],
       [3.4946958e-17, 1.0000000e+00, 4.8624404e-20],
       [1.0886376e-04, 9.9986887e-01, 2.2334185e-05]], dtype=float32), array([[5.3652383e-07, 9.9999940e-01, 1.2184662e-08],
       [1.6768447e-16, 1.0000000e+00, 1.2273650e-20],
       [1.6643795e-04, 9.9981660e-01, 1.7009113e-05]], dtype=float32), array([[2.7177273e-07, 9.9999976e-01, 2.4770899e-09],
       [2.3252637e-16, 1.0000000e+00, 3.2246820e-21],
       [1.7858471e-04, 9.9980921e-01, 1.2222569e-05]], dtype=float32), array([[4.9023271e-07, 9.9999952e-01, 2.2560446e-08],
       [6.6033899e-18, 1.0000000e+00, 1.5105653e-21],
       [9.8611439e-05, 9.9988747e-01, 1.3964285e-05]], dtype=float32), array([[8.5498635e-07, 9.9999905e-01, 1.3847159e-07],
       [1.4335297e-19, 1.0000000e+00, 5.0268428e-22],
       [3.9486658e-05, 9.9995005e-01, 1.0537063e-05]], dtype=float32), array([[2.5405043e-07, 9.9999976e-01, 1.1391614e-08],
       [8.6177966e-19, 1.0000000e+00, 1.7464997e-22],
       [5.6206347e-05, 9.9993610e-01, 7.6007045e-06]], dtype=float32), array([[1.2650376e-07, 9.9999988e-01, 2.1616489e-09],
       [2.3832744e-18, 1.0000000e+00, 7.2779670e-23],
       [7.0781047e-05, 9.9992311e-01, 6.1182586e-06]], dtype=float32), array([[1.0083816e-07, 9.9999988e-01, 1.6435988e-09],
       [1.3203732e-18, 1.0000000e+00, 3.5635166e-23],
       [6.0895250e-05, 9.9993396e-01, 5.0979725e-06]], dtype=float32), array([[3.2533757e-07, 9.9999964e-01, 5.0415679e-08],
       [5.9527217e-21, 1.0000000e+00, 1.7793564e-23],
       [1.6865857e-05, 9.9997890e-01, 4.2781940e-06]], dtype=float32), array([[1.5808010e-07, 9.9999988e-01, 1.0605382e-08],
       [2.5189083e-20, 1.0000000e+00, 1.0470557e-23],
       [2.5512702e-05, 9.9997032e-01, 4.1145108e-06]], dtype=float32), array([[5.9869429e-08, 9.9999988e-01, 8.8771601e-10],
       [2.6777979e-19, 1.0000000e+00, 5.3086292e-24],
       [4.4776156e-05, 9.9995160e-01, 3.5467046e-06]], dtype=float32), array([[8.7972744e-08, 9.9999988e-01, 3.5029715e-09],
       [3.6480426e-20, 1.0000000e+00, 5.0743292e-24],
       [2.5182895e-05, 9.9997175e-01, 3.0806402e-06]], dtype=float32), array([[5.41829372e-08, 1.00000000e+00, 2.81275669e-10],
       [3.73726487e-18, 1.00000000e+00, 1.23807996e-23],
       [8.48980562e-05, 9.99910712e-01, 4.45463138e-06]], dtype=float32), array([[6.6446592e-07, 9.9999905e-01, 2.0846625e-07],
       [1.0401615e-21, 1.0000000e+00, 2.0281623e-23],
       [1.0691223e-05, 9.9998510e-01, 4.2064858e-06]], dtype=float32), array([[1.0306617e-07, 9.9999988e-01, 6.4760403e-10],
       [2.2168943e-17, 1.0000000e+00, 1.2514664e-22],
       [1.1470477e-04, 9.9987876e-01, 6.5741169e-06]], dtype=float32)]",1,0,0,0,0,0,30.59268292682927,24.6,0.00015714126274723564,2000,40000,0.00035414837939812824,9.82,9.82,40000,2000,0.33544678902593617,23810,0.0393447157605,20.0,999.0,0.0,619380,0.0,1.0,0.0013802934991,30969,364.3340957350275,103.3988265991211,0.0,-0.013685544021427631,999.0,0.4722185432910919,0.003700762987136841,0.00019809628429356962,0.21238644421100616,1.0,0.0013802934991,619380,81158,0.3352296054363251,0.012626349925994873,20.0,30969,364.3349916274856,1860000,1238760,61938,104968,93000,0,1094.1024139971512,6306673.082844373,6627989.091867451,0.0003030687655351753,9.920018685702933e-05,2,1.0067001111072869,100,10.5,0.1773162215706077,9.5,20.0,4.5593979344422306e-05,0.001555506170989247,50,40100,1.0067001111072869,10.0,2,1000,2.0,0.00036185620975080925,2000,0.00015906953996327864,10.0,2000,100,10.0,100,2.0096836151419806e-05,3.307767477242212e-05,6.541948656947267e-06,7.2189362168445085e-06,4.179977047615766e-05,2.8426109484611693e-05,2.8993624333230312e-05,2.2142312417073114e-05,1.5791720232664865e-05,0.00014490981306379403,4.724885125435637e-05,0.05293240894372939,0.006629943166867419,0.0533525604322844,0.17274362875747515,0.030403895220704632,0.018430271519482355,0.0001635718704280104,601.0,2161320,0.3480313,0.21599723398685455,108066,-0.03186678886413574,620.0,100.78326416015625,1.0,-0.0009794404031708837,498.0,0.4722185730934143,0.0006368815083988011,601.0,2161320,0.0,620.0,108066,498.0,4322640,651000,216132,13020000,11224.302920638944,1.5734881972001826e-05,0.0001523457432075814,2.214415292376044e-05,4.651415941446723e-05,2.8826021339502615e-05,2.862375984907293e-05,2.0234951793493697e-05,3.367906548077477e-05,7.389342305796784e-06,6.573932043474379e-06,4.199630444224905e-05
1,42000,False,21,ca05a_00000,2025-08-17_23-45-58,1755474358,85.8213403224945,1826.4323770999908,758452,intrinsic-attention2,10.156.0.3,1826.4323770999908,21,88.82881718234654,1.835225519505493e-05,88.82855030151941,2.559592860687422,85.92351547248994,0.0019726253420901986,2000,1.0067001111073661,10.03,2,10.5,0.0002652160037541762,2.5278953084963156,21000,9.5,20.0,4.552520550465971e-05,2,0.0015118711098330096,2.0,1000,42000,9.522554969394012e-05,1.0067001111073661,571.7253040763154,2000.0,3000.0,"[array([0.99661356, 0.99661356, 0.99661356], dtype=float32), array([0.9881246, 0.9881246, 0.9881246], dtype=float32), array([0.9796717, 0.9796717, 0.9796717], dtype=float32), array([0.9720696, 0.9720696, 0.9720696], dtype=float32), array([0.9664155, 0.9664155, 0.9664155], dtype=float32), array([0.96047133, 0.96047133, 0.96047133], dtype=float32), array([0.95355886, 0.95355886, 0.95355886], dtype=float32), array([0.9474324, 0.9474324, 0.9474324], dtype=float32), array([0.9424563, 0.9424563, 0.9424563], dtype=float32), array([0.93895805, 0.93895805, 0.93895805], dtype=float32), array([0.9365606, 0.9365606, 0.9365606], dtype=float32), array([0.933953, 0.933953, 0.933953], dtype=float32), array([0.9314204, 0.9314204, 0.9314204], dtype=float32), array([0.92801195, 0.92801195, 0.92801195], dtype=float32), array([0.922044, 0.922044, 0.922044], dtype=float32), array([0.91603494, 0.91603494, 0.91603494], dtype=float32), array([0.9104289, 0.9104289, 0.9104289], dtype=float32), array([0.905462, 0.905462, 0.905462], dtype=float32), array([0.9025077, 0.9025077, 0.9025077], dtype=float32), array([0.90064317, 0.90064317, 0.90064317], dtype=float32), array([0.8994896, 0.8994896, 0.8994896], dtype=float32), array([0.89835656, 0.89835656, 0.89835656], dtype=float32), array([0.8940278, 0.8940278, 0.8940278], dtype=float32), array([0.8889283, 0.8889283, 0.8889283], dtype=float32), array([0.88721675, 0.88721675, 0.88721675], dtype=float32), array([0.8872868, 0.8872868, 0.8872868], dtype=float32), array([0.8885943, 0.8885943, 0.8885943], dtype=float32), array([0.8909368, 0.8909368, 0.8909368], dtype=float32), array([0.8919421, 0.8919421, 0.8919421], dtype=float32), array([0.89317334, 0.89317334, 0.89317334], dtype=float32), array([0.8932531, 0.8932531, 0.8932531], dtype=float32)]","[array([nan, nan, nan], dtype=float32), array([nan, nan, nan], dtype=float32), array([nan, nan, nan], dtype=float32), array([nan, nan, nan], dtype=float32), array([nan, nan, nan], dtype=float32), array([nan, nan, nan], dtype=float32), array([nan, nan, nan], dtype=float32), array([nan, nan, nan], dtype=float32), array([nan, nan, nan], dtype=float32), array([nan, nan, nan], dtype=float32), array([nan, nan, nan], dtype=float32), array([nan, nan, nan], dtype=float32), array([nan, nan, nan], dtype=float32), array([nan, nan, nan], dtype=float32), array([nan, nan, nan], dtype=float32), array([nan, nan, nan], dtype=float32), array([nan, nan, nan], dtype=float32), array([nan, nan, nan], dtype=float32), array([nan, nan, nan], dtype=float32), array([nan, nan, nan], dtype=float32), array([nan, nan, nan], dtype=float32), array([nan, nan, nan], dtype=float32), array([nan, nan, nan], dtype=float32), array([nan, nan, nan], dtype=float32), array([nan, nan, nan], dtype=float32), array([nan, nan, nan], dtype=float32), array([nan, nan, nan], dtype=float32), array([nan, nan, nan], dtype=float32), array([nan, nan, nan], dtype=float32), array([nan, nan, nan], dtype=float32), array([nan, nan, nan], dtype=float32)]","[array([[4.7117956e-06, 9.9999368e-01, 1.5389539e-06],
       [1.2532078e-18, 1.0000000e+00, 2.9163500e-20],
       [6.6125824e-05, 9.9990630e-01, 2.7483395e-05]], dtype=float32), array([[5.1551124e-06, 9.9999452e-01, 3.2392603e-07],
       [6.2239185e-15, 1.0000000e+00, 3.6759009e-18],
       [5.4810848e-04, 9.9935240e-01, 9.9482320e-05]], dtype=float32), array([[1.6410608e-05, 9.9998212e-01, 1.4203843e-06],
       [1.3491693e-13, 1.0000000e+00, 1.8692003e-16],
       [1.0239604e-03, 9.9875402e-01, 2.2201771e-04]], dtype=float32), array([[6.3536027e-05, 9.9992919e-01, 7.2876546e-06],
       [5.4500926e-12, 1.0000000e+00, 1.6312149e-14],
       [2.4276222e-03, 9.9694198e-01, 6.3032284e-04]], dtype=float32), array([[1.6838846e-04, 9.9981183e-01, 1.9764308e-05],
       [1.4602218e-10, 1.0000000e+00, 5.4869607e-13],
       [5.2257590e-03, 9.9334127e-01, 1.4329980e-03]], dtype=float32), array([[8.3852872e-05, 9.9991143e-01, 4.8121137e-06],
       [7.4108675e-10, 1.0000000e+00, 1.2301473e-12],
       [2.8894641e-03, 9.9662280e-01, 4.8768896e-04]], dtype=float32), array([[1.8652127e-04, 9.9980193e-01, 1.1573745e-05],
       [8.2093159e-09, 1.0000000e+00, 1.9802176e-11],
       [4.7720596e-03, 9.9438065e-01, 8.4727013e-04]], dtype=float32), array([[3.3646745e-03, 9.9611902e-01, 5.1625114e-04],
       [5.1624960e-07, 9.9999952e-01, 4.3837143e-09],
       [5.6234844e-02, 9.2137975e-01, 2.2385396e-02]], dtype=float32), array([[6.9422689e-03, 9.9185842e-01, 1.1992437e-03],
       [3.9179436e-06, 9.9999607e-01, 4.7824294e-08],
       [8.6678989e-02, 8.7507635e-01, 3.8244687e-02]], dtype=float32), array([[1.9730678e-02, 9.7154486e-01, 8.7243412e-03],
       [5.2536398e-06, 9.9999440e-01, 4.1191544e-07],
       [9.6464582e-02, 8.4226018e-01, 6.1275277e-02]], dtype=float32), array([[2.92465184e-03, 9.96740997e-01, 3.34380515e-04],
       [1.03868015e-05, 9.99989510e-01, 1.45588160e-07],
       [2.32389532e-02, 9.70961690e-01, 5.79930656e-03]], dtype=float32), array([[4.9912543e-03, 9.9358612e-01, 1.4226078e-03],
       [1.0704828e-05, 9.9998856e-01, 7.0961681e-07],
       [2.0963920e-02, 9.7059220e-01, 8.4439088e-03]], dtype=float32), array([[7.3525518e-02, 8.8746554e-01, 3.9008971e-02],
       [4.5294641e-04, 9.9948311e-01, 6.3846543e-05],
       [2.0201094e-01, 6.4781719e-01, 1.5017191e-01]], dtype=float32), array([[7.9671860e-02, 8.9820647e-01, 2.2121711e-02],
       [3.9621266e-03, 9.9582493e-01, 2.1297511e-04],
       [2.6012576e-01, 5.6772959e-01, 1.7214467e-01]], dtype=float32), array([[1.7728461e-02, 9.7782189e-01, 4.4496297e-03],
       [5.0663936e-04, 9.9945635e-01, 3.7055255e-05],
       [5.7285149e-02, 9.2072159e-01, 2.1993238e-02]], dtype=float32), array([[0.14411566, 0.7695143 , 0.08637001],
       [0.00597314, 0.9927751 , 0.00125171],
       [0.27075872, 0.50551903, 0.22372219]], dtype=float32), array([[0.11449052, 0.81064117, 0.07486836],
       [0.00419613, 0.9945229 , 0.00128086],
       [0.19698295, 0.651046  , 0.15197103]], dtype=float32), array([[0.09613263, 0.89449453, 0.00937285],
       [0.03500137, 0.963899  , 0.0010997 ],
       [0.23167863, 0.69467145, 0.07364988]], dtype=float32), array([[0.21201286, 0.68250823, 0.10547892],
       [0.06032713, 0.92787737, 0.01179554],
       [0.3190675 , 0.40367326, 0.27725926]], dtype=float32), array([[0.2343726 , 0.6375325 , 0.12809493],
       [0.08348814, 0.89659584, 0.0199161 ],
       [0.32374752, 0.38437608, 0.29187644]], dtype=float32), array([[0.07930934, 0.87528455, 0.04540613],
       [0.01140473, 0.9845458 , 0.00404938],
       [0.11786679, 0.8067329 , 0.07540032]], dtype=float32), array([[0.09444498, 0.84966403, 0.05589106],
       [0.01807771, 0.9749468 , 0.00697544],
       [0.13295585, 0.7799026 , 0.0871416 ]], dtype=float32), array([[0.2823275 , 0.5111887 , 0.20648389],
       [0.15077609, 0.78606564, 0.06315827],
       [0.33133942, 0.3436101 , 0.32505044]], dtype=float32), array([[0.13754632, 0.8113937 , 0.05106007],
       [0.06152309, 0.9249307 , 0.01354625],
       [0.20016712, 0.7003638 , 0.09946907]], dtype=float32), array([[0.16942418, 0.782695  , 0.04788082],
       [0.10207086, 0.88070846, 0.01722061],
       [0.2386295 , 0.6581149 , 0.10325549]], dtype=float32), array([[0.33783367, 0.5077719 , 0.15439448],
       [0.31478328, 0.59157306, 0.09364363],
       [0.33098477, 0.32382578, 0.34518942]], dtype=float32), array([[0.30928886, 0.4498921 , 0.24081905],
       [0.23405744, 0.6472756 , 0.11866697],
       [0.33511204, 0.31740585, 0.34748214]], dtype=float32), array([[0.18925631, 0.73797655, 0.07276711],
       [0.12183889, 0.8469499 , 0.03121125],
       [0.24334678, 0.6322058 , 0.12444739]], dtype=float32), array([[0.30087444, 0.51206213, 0.18706347],
       [0.2469405 , 0.648929  , 0.10413043],
       [0.32960466, 0.380463  , 0.28993234]], dtype=float32), array([[0.3199797 , 0.42306828, 0.25695208],
       [0.27379906, 0.57288975, 0.15331116],
       [0.33468747, 0.30856   , 0.35675249]], dtype=float32), array([[0.3693961 , 0.44951022, 0.18109363],
       [0.37231028, 0.4827645 , 0.1449252 ],
       [0.3226697 , 0.3117694 , 0.36556086]], dtype=float32)]",1,0,0,0,0,0,27.64590163934426,23.965573770491794,0.00016107809764530487,2000,42000,0.00035496174730174256,10.03,10.03,42000,2000,0.3352296492756779,23810,0.0393447157605,21.0,999.0,0.0,650349,0.0,1.0,0.0013802934991,30969,364.53769703598323,120.79911804199219,0.0,0.0003816243843175471,999.0,0.4722185432910919,0.00043940686737187207,9.904814214678481e-05,0.22650913894176483,1.0,0.0013802934991,650349,81158,0.3492758870124817,-0.14836478233337402,21.0,30969,364.5385515294249,1953000,1300698,61938,104968,93000,0,1094.7135395606244,6308195.096800191,6634062.331380998,0.0003015498479766639,0.00010142444217629246,2,1.0067001111073501,100,10.5,0.17684956523495826,9.5,21.0,4.669598854488879e-05,0.0015600007092871238,50,42100,1.0067001111073501,10.0,2,1050,2.0,0.00037317484909784975,2100,0.0001647011517063385,10.0,2100,100,10.0,100,2.0462328631879767e-05,3.330859742233201e-05,6.629127280344257e-06,7.5357343768810116e-06,4.43491544337744e-05,2.8221006188110157e-05,2.8954421381027576e-05,2.2009185650287676e-05,1.5682674322479735e-05,0.00014650173062675013,4.69948918159146e-05,0.052923312514309644,0.006626709665206469,0.05328661575794218,0.17265854124001082,0.030384898458432345,0.018393958454282527,0.00016351692176389405,631.0,2269386,0.34869194,0.2153659462928772,108066,-0.009792923927307129,651.0,100.51996612548828,1.0,-0.0002268624521093443,498.0,0.4722185730934143,5.748392140958458e-05,631.0,2269386,0.0,651.0,108066,498.0,4538772,651000,216132,13671000,11168.737687766752,1.6255213648849618e-05,0.00015598439350250544,2.279183699394097e-05,4.803471347144965e-05,2.9613139635605432e-05,3.0147800469607764e-05,2.093613492818186e-05,3.469883855350219e-05,7.569387478432863e-06,6.793837390877056e-06,4.3444416611661543e-05
1,44000,False,22,ca05a_00000,2025-08-17_23-47-22,1755474442,84.6945652961731,1911.126942396164,758452,intrinsic-attention2,10.156.0.3,1911.126942396164,22,88.78609909865312,1.8278672653692996e-05,88.78583172110419,2.5588752804404735,85.88172394889504,0.001970383058674129,2000,1.0067001111073661,10.04,2,10.5,0.0002652160037541762,2.527179488141316,22000,9.5,21.0,4.4767907903132754e-05,2,0.0014823471903218889,2.0,1000,44000,9.298757176486294e-05,1.0067001111073661,557.3243713980077,2000.0,3000.0,"[array([0.89399815, 0.89399815, 0.89399815], dtype=float32), array([0.8989592, 0.8989592, 0.8989592], dtype=float32), array([0.9042023, 0.9042023, 0.9042023], dtype=float32), array([0.90967935, 0.90967935, 0.90967935], dtype=float32), array([0.91401464, 0.91401464, 0.91401464], dtype=float32), array([0.9196594, 0.9196594, 0.9196594], dtype=float32), array([0.9288618, 0.9288618, 0.9288618], dtype=float32), array([0.9374216, 0.9374216, 0.9374216], dtype=float32), array([0.9447996, 0.9447996, 0.9447996], dtype=float32), array([0.9507724, 0.9507724, 0.9507724], dtype=float32), array([0.9549377, 0.9549377, 0.9549377], dtype=float32), array([0.95847875, 0.95847875, 0.95847875], dtype=float32), array([0.96392804, 0.96392804, 0.96392804], dtype=float32), array([0.9662983, 0.9662983, 0.9662983], dtype=float32), array([0.96541196, 0.96541196, 0.96541196], dtype=float32), array([0.96512896, 0.96512896, 0.96512896], dtype=float32), array([0.96440214, 0.96440214, 0.96440214], dtype=float32), array([0.96254075, 0.96254075, 0.96254075], dtype=float32), array([0.96048176, 0.96048176, 0.96048176], dtype=float32), array([0.9579096, 0.9579096, 0.9579096], dtype=float32), array([0.95822227, 0.95822227, 0.95822227], dtype=float32), array([0.9545095, 0.9545095, 0.9545095], dtype=float32), array([0.95099914, 0.95099914, 0.95099914], dtype=float32), array([0.950472, 0.950472, 0.950472], dtype=float32), array([0.94731826, 0.94731826, 0.94731826], dtype=float32), array([0.94631976, 0.94631976, 0.94631976], dtype=float32), array([0.9435197, 0.9435197, 0.9435197], dtype=float32), array([0.93943214, 0.93943214, 0.93943214], dtype=float32), array([0.93474954, 0.93474954, 0.93474954], dtype=float32), array([0.93231785, 0.93231785, 0.93231785], dtype=float32), array([0.9283524, 0.9283524, 0.9283524], dtype=float32)]","[array([nan, nan, nan], dtype=float32), array([nan, nan, nan], dtype=float32), array([0.90420216, 0.90420216, 0.90420216], dtype=float32), array([nan, nan, nan], dtype=float32), array([0.91401446, 0.91401446, 0.91401446], dtype=float32), array([nan, nan, nan], dtype=float32), array([nan, nan, nan], dtype=float32), array([nan, nan, nan], dtype=float32), array([0.9447997, 0.9447997, 0.9447997], dtype=float32), array([nan, nan, nan], dtype=float32), array([nan, nan, nan], dtype=float32), array([0.95847857, 0.95847857, 0.95847857], dtype=float32), array([nan, nan, nan], dtype=float32), array([0.9662984, 0.9662984, 0.9662984], dtype=float32), array([nan, nan, nan], dtype=float32), array([0.96512896, 0.96512896, 0.96512896], dtype=float32), array([nan, nan, nan], dtype=float32), array([nan, nan, nan], dtype=float32), array([0.9604817, 0.9604817, 0.9604817], dtype=float32), array([nan, nan, nan], dtype=float32), array([nan, nan, nan], dtype=float32), array([nan, nan, nan], dtype=float32), array([nan, nan, nan], dtype=float32), array([0.9504721, 0.9504721, 0.9504721], dtype=float32), array([nan, nan, nan], dtype=float32), array([nan, nan, nan], dtype=float32), array([0.9435197, 0.9435197, 0.9435197], dtype=float32), array([nan, nan, nan], dtype=float32), array([0.9347496, 0.9347496, 0.9347496], dtype=float32), array([nan, nan, nan], dtype=float32), array([nan, nan, nan], dtype=float32)]","[array([[0.3585605 , 0.43729672, 0.20414281],
       [0.36033827, 0.47887328, 0.16078845],
       [0.32335675, 0.30907837, 0.36756492]], dtype=float32), array([[0.26566145, 0.64673984, 0.08759871],
       [0.230566  , 0.7130184 , 0.05641556],
       [0.30443007, 0.5499499 , 0.14562003]], dtype=float32), array([[0.32940716, 0.46292922, 0.20766358],
       [0.31185967, 0.5400004 , 0.14813997],
       [0.33509466, 0.35484186, 0.31006345]], dtype=float32), array([[0.39787248, 0.52309126, 0.07903633],
       [0.39702192, 0.5341666 , 0.0688115 ],
       [0.38584772, 0.44260174, 0.17155051]], dtype=float32), array([[0.33119625, 0.39049765, 0.27830616],
       [0.3167922 , 0.4781181 , 0.20508966],
       [0.331651  , 0.3012633 , 0.3670857 ]], dtype=float32), array([[0.22120528, 0.6306516 , 0.14814314],
       [0.15781425, 0.755511  , 0.08667473],
       [0.24627073, 0.57579386, 0.17793538]], dtype=float32), array([[0.3045998 , 0.55910033, 0.13629997],
       [0.28227043, 0.61763877, 0.10009076],
       [0.3264315 , 0.47480446, 0.19876403]], dtype=float32), array([[0.22908717, 0.61604124, 0.15487164],
       [0.17079258, 0.73326164, 0.09594578],
       [0.25239685, 0.56399965, 0.18360354]], dtype=float32), array([[0.39393872, 0.39996773, 0.20609361],
       [0.39545372, 0.4016912 , 0.20285504],
       [0.31186113, 0.31046435, 0.37767452]], dtype=float32), array([[0.34095722, 0.38668758, 0.2723552 ],
       [0.3421899 , 0.43302885, 0.2247812 ],
       [0.32624477, 0.30427125, 0.369484  ]], dtype=float32), array([[0.31503865, 0.53780395, 0.14715736],
       [0.2988349 , 0.5867929 , 0.11437223],
       [0.33123708, 0.4633084 , 0.20545457]], dtype=float32), array([[0.43631417, 0.46602523, 0.09766056],
       [0.43737754, 0.46782294, 0.09479953],
       [0.4001319 , 0.41385013, 0.18601798]], dtype=float32), array([[0.23245351, 0.58946854, 0.1780779 ],
       [0.17455752, 0.7085726 , 0.11686988],
       [0.24922481, 0.55233926, 0.19843589]], dtype=float32), array([[0.23429918, 0.58536917, 0.18033169],
       [0.17757791, 0.70258075, 0.1198414 ],
       [0.25063896, 0.54906553, 0.20029548]], dtype=float32), array([[0.23614372, 0.58121365, 0.18264267],
       [0.1806063 , 0.6965002 , 0.12289346],
       [0.252043  , 0.54576296, 0.20219405]], dtype=float32), array([[0.2378237 , 0.577492  , 0.18468432],
       [0.18340239, 0.6909338 , 0.12566383],
       [0.2533394 , 0.5427801 , 0.2038804 ]], dtype=float32), array([[0.2491835 , 0.5732781 , 0.17753834],
       [0.20369002, 0.6708994 , 0.12541056],
       [0.2670808 , 0.5309826 , 0.20193657]], dtype=float32), array([[0.24114382, 0.5707549 , 0.18810135],
       [0.18911688, 0.6801274 , 0.13075583],
       [0.2560451 , 0.5371616 , 0.20679322]], dtype=float32), array([[0.34376618, 0.37371704, 0.28251678],
       [0.34870082, 0.40279856, 0.24850062],
       [0.32348105, 0.30494532, 0.37157357]], dtype=float32), array([[0.24418655, 0.56512076, 0.19069271],
       [0.19449319, 0.6704474 , 0.1350594 ],
       [0.2586426 , 0.5322647 , 0.20909266]], dtype=float32), array([[0.3444665 , 0.3725089 , 0.28302458],
       [0.34971684, 0.3988258 , 0.25145736],
       [0.32312548, 0.30579585, 0.37107867]], dtype=float32), array([[0.3657656 , 0.40156612, 0.23266825],
       [0.3704674 , 0.41448566, 0.21504691],
       [0.33412057, 0.33473906, 0.33114037]], dtype=float32), array([[0.25744393, 0.5577736 , 0.1847825 ],
       [0.21786946, 0.64538735, 0.1367432 ],
       [0.27361074, 0.51836973, 0.20801952]], dtype=float32), array([[0.24872647, 0.55760854, 0.19366509],
       [0.20267276, 0.6565354 , 0.14079186],
       [0.26268837, 0.5254134 , 0.21189824]], dtype=float32), array([[0.3172391 , 0.505706  , 0.17705491],
       [0.3048007 , 0.54927766, 0.14592168],
       [0.32856494, 0.44927806, 0.22215708]], dtype=float32), array([[0.32675147, 0.3814457 , 0.29180285],
       [0.3123483 , 0.44748196, 0.24016966],
       [0.3331782 , 0.33488733, 0.33193448]], dtype=float32), array([[0.341377  , 0.5171147 , 0.14150828],
       [0.33612144, 0.54170877, 0.12216979],
       [0.3477066 , 0.46183366, 0.19045973]], dtype=float32), array([[0.2628607 , 0.5473519 , 0.18978743],
       [0.22708881, 0.6284029 , 0.14450829],
       [0.2778619 , 0.50994736, 0.21219066]], dtype=float32), array([[0.25503287, 0.54601806, 0.19894904],
       [0.2137184 , 0.63658756, 0.14969411],
       [0.26807332, 0.5153255 , 0.21660128]], dtype=float32), array([[0.37349692, 0.39233243, 0.23417062],
       [0.37693894, 0.39798978, 0.22507131],
       [0.33370432, 0.33383572, 0.33246002]], dtype=float32), array([[0.36974928, 0.4926785 , 0.13757223],
       [0.36925185, 0.50602555, 0.12472262],
       [0.3664628 , 0.4432873 , 0.1902499 ]], dtype=float32)]",1,0,0,0,0,0,23.380165289256198,22.833884297520658,0.00015580635562102325,2000,44000,0.00035014249882276154,10.04,10.04,44000,2000,0.33503898471304583,23810,0.0393447157605,22.0,999.0,0.0,681318,0.0,1.0,0.0013802934991,30969,364.9358082532277,65.11034393310547,0.0,0.003451000899076462,999.0,0.4722185432910919,0.00477598374709487,4.9524071073392406e-05,0.2075928896665573,1.0,0.0013802934991,681318,81158,0.3523717522621155,-0.19778823852539062,22.0,30969,364.9366234143254,2046000,1362636,61938,104968,93000,0,1095.9087942577494,6313705.691030792,6643026.485614016,0.00030014359952691195,9.76557318898124e-05,2,1.0067001111073648,100,10.5,0.17631688603252516,9.5,22.0,4.514546547256426e-05,0.0015430512884631754,50,44100,1.0067001111073648,10.0,2,1100,2.0,0.0003575479756073515,2200,0.00015838611928542341,10.0,2200,100,10.0,100,1.996449347488371e-05,3.2615116968220766e-05,6.4452035991186055e-06,7.325147414133147e-06,4.16467220531483e-05,2.8072840470655435e-05,2.8550350071060952e-05,2.1721978904800072e-05,1.557420740344619e-05,0.0001439784421478739,4.639893183623676e-05,0.05293401944913738,0.006623994888616121,0.05322151208047431,0.17258017952764163,0.030366103573797796,0.018355834469711386,0.0001635625725333417,661.0,2377452,0.34567925,0.2031407207250595,108066,-0.07039523124694824,682.0,99.61616516113281,1.0,-0.003639861708506942,498.0,0.4722185730934143,0.0024499159771949053,661.0,2377452,0.0,682.0,108066,498.0,4754904,651000,216132,14322000,11122.545755007704,1.5573975750101887e-05,0.00014986125887616879,2.17146316252171e-05,4.568844472877529e-05,2.8721034847045403e-05,2.8495261738171044e-05,2.0069938311538745e-05,3.327301190163033e-05,7.308103468083135e-06,6.5577080425234664e-06,4.191228939880958e-05
1,46000,False,23,ca05a_00000,2025-08-17_23-48-46,1755474526,83.55748271942139,1994.6844251155853,758452,intrinsic-attention2,10.156.0.3,1994.6844251155853,23,88.73241339210658,1.8210415902846014e-05,88.73214558871305,2.5580830765660942,85.82906519588607,0.0019677713180710223,2000,1.0067001111073661,10.11,2,10.5,0.0002652160037541762,2.5263877961399457,23000,9.5,22.0,4.524980295223377e-05,2,0.0014961869797843973,2.0,1000,46000,9.48149750823805e-05,1.0067001111073661,542.9932328405328,2000.0,3000.0,"[array([0.9220286, 0.9220286, 0.9220286], dtype=float32), array([0.9142084, 0.9142084, 0.9142084], dtype=float32), array([0.9055617, 0.9055617, 0.9055617], dtype=float32), array([0.89902025, 0.89902025, 0.89902025], dtype=float32), array([0.8933429, 0.8933429, 0.8933429], dtype=float32), array([0.88420695, 0.88420695, 0.88420695], dtype=float32), array([0.8802747, 0.8802747, 0.8802747], dtype=float32), array([0.87655365, 0.87655365, 0.87655365], dtype=float32), array([0.869585, 0.869585, 0.869585], dtype=float32), array([0.8597011, 0.8597011, 0.8597011], dtype=float32), array([0.85261893, 0.85261893, 0.85261893], dtype=float32), array([0.8427221, 0.8427221, 0.8427221], dtype=float32), array([0.83768094, 0.83768094, 0.83768094], dtype=float32), array([0.8310698, 0.8310698, 0.8310698], dtype=float32), array([0.82728845, 0.82728845, 0.82728845], dtype=float32), array([0.81889987, 0.81889987, 0.81889987], dtype=float32), array([0.80819225, 0.80819225, 0.80819225], dtype=float32), array([0.8001012, 0.8001012, 0.8001012], dtype=float32), array([0.7900814, 0.7900814, 0.7900814], dtype=float32), array([0.77830976, 0.77830976, 0.77830976], dtype=float32), array([0.764968, 0.764968, 0.764968], dtype=float32), array([0.7545519, 0.7545519, 0.7545519], dtype=float32), array([0.7448098, 0.7448098, 0.7448098], dtype=float32), array([0.73389745, 0.73389745, 0.73389745], dtype=float32), array([0.72227734, 0.72227734, 0.72227734], dtype=float32), array([0.7102496, 0.7102496, 0.7102496], dtype=float32), array([0.70061713, 0.70061713, 0.70061713], dtype=float32), array([0.6897033, 0.6897033, 0.6897033], dtype=float32), array([0.6791489, 0.6791489, 0.6791489], dtype=float32), array([0.6661174, 0.6661174, 0.6661174], dtype=float32), array([0.6547613, 0.6547613, 0.6547613], dtype=float32)]","[array([0.92202866, 0.92202866, 0.92202866], dtype=float32), array([nan, nan, nan], dtype=float32), array([nan, nan, nan], dtype=float32), array([nan, nan, nan], dtype=float32), array([0.89334285, 0.89334285, 0.89334285], dtype=float32), array([nan, nan, nan], dtype=float32), array([nan, nan, nan], dtype=float32), array([nan, nan, nan], dtype=float32), array([0.869585, 0.869585, 0.869585], dtype=float32), array([nan, nan, nan], dtype=float32), array([0.8526188, 0.8526188, 0.8526188], dtype=float32), array([nan, nan, nan], dtype=float32), array([0.83768094, 0.83768094, 0.83768094], dtype=float32), array([nan, nan, nan], dtype=float32), array([nan, nan, nan], dtype=float32), array([nan, nan, nan], dtype=float32), array([nan, nan, nan], dtype=float32), array([0.80010116, 0.80010116, 0.80010116], dtype=float32), array([nan, nan, nan], dtype=float32), array([0.77830976, 0.77830976, 0.77830976], dtype=float32), array([nan, nan, nan], dtype=float32), array([nan, nan, nan], dtype=float32), array([0.74480975, 0.74480975, 0.74480975], dtype=float32), array([nan, nan, nan], dtype=float32), array([nan, nan, nan], dtype=float32), array([nan, nan, nan], dtype=float32), array([0.70061713, 0.70061713, 0.70061713], dtype=float32), array([0.68970335, 0.68970335, 0.68970335], dtype=float32), array([nan, nan, nan], dtype=float32), array([nan, nan, nan], dtype=float32), array([nan, nan, nan], dtype=float32)]","[array([[0.40226066, 0.36855367, 0.22918561],
       [0.38835803, 0.3624553 , 0.24918672],
       [0.30722624, 0.3170037 , 0.37577012]], dtype=float32), array([[0.4035947 , 0.36716387, 0.22924137],
       [0.3883456 , 0.3609395 , 0.250715  ],
       [0.30717722, 0.3176273 , 0.37519553]], dtype=float32), array([[0.3593538 , 0.49180546, 0.14884071],
       [0.3580394 , 0.50781184, 0.13414876],
       [0.35881504, 0.44422   , 0.196965  ]], dtype=float32), array([[0.3486318 , 0.36606255, 0.28530574],
       [0.35386348, 0.37888616, 0.2672503 ],
       [0.32184356, 0.31186894, 0.36628744]], dtype=float32), array([[0.27332497, 0.52586216, 0.20081286],
       [0.24462903, 0.5943526 , 0.16101845],
       [0.28592628, 0.4928358 , 0.22123793]], dtype=float32), array([[0.41950202, 0.36046466, 0.22003336],
       [0.3936266 , 0.3544336 , 0.2519398 ],
       [0.3056246 , 0.32046077, 0.3739146 ]], dtype=float32), array([[0.36749572, 0.48065168, 0.15185256],
       [0.36741927, 0.4932913 , 0.13928947],
       [0.36381146, 0.43655714, 0.19963138]], dtype=float32), array([[0.34585685, 0.36335978, 0.29078338],
       [0.35082787, 0.37719166, 0.27198052],
       [0.32396472, 0.3138403 , 0.36219501]], dtype=float32), array([[0.33138978, 0.37163627, 0.29697397],
       [0.32646453, 0.4125713 , 0.2609641 ],
       [0.33333173, 0.33344263, 0.33322567]], dtype=float32), array([[0.28095555, 0.5127856 , 0.20625882],
       [0.25731194, 0.5719811 , 0.17070699],
       [0.29216757, 0.48188856, 0.22594391]], dtype=float32), array([[0.41512218, 0.35809916, 0.2267787 ],
       [0.38984242, 0.35236365, 0.25779393],
       [0.30885097, 0.3225029 , 0.36864614]], dtype=float32), array([[0.33233944, 0.37115815, 0.29650238],
       [0.32875478, 0.40864757, 0.26259762],
       [0.33333293, 0.33329415, 0.33337298]], dtype=float32), array([[0.33983564, 0.46849138, 0.19167301],
       [0.33686444, 0.4912932 , 0.17184238],
       [0.3422869 , 0.4267819 , 0.23093118]], dtype=float32), array([[0.27595863, 0.50902057, 0.21502079],
       [0.24977206, 0.5720419 , 0.17818606],
       [0.28599846, 0.48300156, 0.23099999]], dtype=float32), array([[0.28519756, 0.5052364 , 0.20956613],
       [0.2642089 , 0.559437  , 0.17635413],
       [0.29558933, 0.47566417, 0.2287465 ]], dtype=float32), array([[0.38639686, 0.45670706, 0.15689605],
       [0.3878171 , 0.4630162 , 0.14916676],
       [0.37545508, 0.42036718, 0.20417768]], dtype=float32), array([[0.40414694, 0.44476902, 0.15108399],
       [0.40553173, 0.44770402, 0.14676426],
       [0.38654354, 0.41182235, 0.20163406]], dtype=float32), array([[0.40597427, 0.442402  , 0.15162371],
       [0.40728748, 0.4449614 , 0.14775114],
       [0.38762346, 0.41028896, 0.20208758]], dtype=float32), array([[0.40548825, 0.44298068, 0.15153113],
       [0.4068217 , 0.445635  , 0.14754331],
       [0.38732815, 0.41065532, 0.20201655]], dtype=float32), array([[0.28977504, 0.4976782 , 0.21254668],
       [0.27150857, 0.5466911 , 0.18180025],
       [0.29934117, 0.46932283, 0.23133598]], dtype=float32), array([[0.29085615, 0.4960007 , 0.21314315],
       [0.27321178, 0.5438165 , 0.18297164],
       [0.30023438, 0.46790278, 0.23186289]], dtype=float32), array([[0.39510262, 0.44632155, 0.15857585],
       [0.3966096 , 0.45040482, 0.15298557],
       [0.38081008, 0.4134342 , 0.20575576]], dtype=float32), array([[0.33661625, 0.4597739 , 0.20360984],
       [0.33368886, 0.48169097, 0.18462011],
       [0.33924174, 0.42383045, 0.23692782]], dtype=float32), array([[0.41197678, 0.43514872, 0.15287448],
       [0.41295332, 0.43662727, 0.15041944],
       [0.39120787, 0.40561426, 0.20317787]], dtype=float32), array([[0.2939454 , 0.4911892 , 0.2148654 ],
       [0.27802318, 0.53566414, 0.18631269],
       [0.30277953, 0.46384218, 0.23337826]], dtype=float32), array([[0.39932042, 0.44139642, 0.15928319],
       [0.40074238, 0.44454968, 0.154708  ],
       [0.38339993, 0.41016486, 0.20643517]], dtype=float32), array([[0.39976704, 0.4407699 , 0.15946297],
       [0.40117434, 0.44382212, 0.15500356],
       [0.38366365, 0.40974277, 0.20659354]], dtype=float32), array([[0.28722876, 0.49216455, 0.22060663],
       [0.2682299 , 0.5416942 , 0.19007586],
       [0.2958676 , 0.4677448 , 0.23638763]], dtype=float32), array([[0.28742504, 0.49187496, 0.22069994],
       [0.26853225, 0.541208  , 0.19025964],
       [0.2960421 , 0.46747267, 0.23648521]], dtype=float32), array([[0.4286045 , 0.34745884, 0.22393663],
       [0.39072686, 0.34452435, 0.26474878],
       [0.31067705, 0.32662398, 0.3626989 ]], dtype=float32), array([[0.35217786, 0.3605645 , 0.2872576 ],
       [0.3551293 , 0.3650396 , 0.2798311 ],
       [0.32372782, 0.32018495, 0.35608718]], dtype=float32)]",1,0,0,0,0,0,17.998319327731092,21.55630252100841,0.0001578515337003456,2000,46000,0.0003519642230984179,10.11,10.11,46000,2000,0.33482332205596027,23810,0.0393447157605,23.0,999.0,0.0,712287,0.0,1.0,0.0013802934991,30969,365.5299633836908,72.12413787841797,0.0,0.0029479076620191336,999.0,0.4722185432910919,0.00962095521390438,4.9524071073392406e-05,0.1540130227804184,1.0,0.0013802934991,712287,81158,0.35194259881973267,-0.17338180541992188,23.0,30969,365.5307428875367,2139000,1424574,61938,104968,93000,0,1097.6927845866026,6317137.388051123,6648547.406470243,0.0002989136033880268,9.737466903762094e-05,2,1.0067001111073661,100,10.5,0.17580859066216092,9.5,23.0,4.5258594748792884e-05,0.0015154104890825692,50,46100,1.0067001111073661,10.0,2,1150,2.0,0.00035953972332060483,2300,0.00015835997796855386,10.0,2300,100,10.0,100,2.0214592736940253e-05,3.301389022930186e-05,6.5165663167489844e-06,7.317146483539233e-06,4.2498083413555596e-05,2.7975933690314347e-05,2.8767047634070527e-05,2.1632199883734922e-05,1.5616058144574568e-05,0.00014507694526984892,4.677943524251722e-05,0.05293922791471687,0.006623746479761933,0.05315043238975644,0.1724883481023866,0.03033582521793925,0.0183268767950807,0.00016358676678070966,691.0,2485518,0.33884177,0.15052451193332672,108066,-0.028615236282348633,713.0,96.92514038085938,1.0,-0.011434534564614296,498.0,0.4722185730934143,0.007969016209244728,691.0,2485518,0.0,713.0,108066,498.0,4971036,651000,216132,14973000,11085.272411498992,1.5676251022634672e-05,0.00015100694692694834,2.1953154483986192e-05,4.613117627840381e-05,2.873855327192624e-05,2.8553146382359992e-05,2.014908445754509e-05,3.341634801561675e-05,7.5584094334055655e-06,6.58331746763578e-06,4.1741914481692336e-05
1,48000,False,24,ca05a_00000,2025-08-17_23-50-09,1755474609,83.34220933914185,2078.026634454727,758452,intrinsic-attention2,10.156.0.3,2078.026634454727,24,88.67711172753556,1.8131681710199714e-05,88.676843423016,2.5574111532804182,85.77464288251717,0.0019645418149711645,2000,1.0067001111073661,9.96,2,10.5,0.0002652160037541762,2.5257208386585086,24000,9.5,23.0,4.5419096454524245e-05,2,0.00150269305013353,2.0,1000,48000,9.673512610689687e-05,1.0067001111073661,528.7617022163691,2000.0,3000.0,"[array([0.63893753, 0.63893753, 0.63893753], dtype=float32), array([0.5559329, 0.5559329, 0.5559329], dtype=float32), array([0.44202173, 0.44202173, 0.44202173], dtype=float32), array([0.321135, 0.321135, 0.321135], dtype=float32), array([0.20105624, 0.20105624, 0.20105624], dtype=float32), array([0.07872701, 0.07872701, 0.07872701], dtype=float32), array([-0.04163909, -0.04163909, -0.04163909], dtype=float32), array([-0.16387726, -0.16387726, -0.16387726], dtype=float32), array([-0.29033872, -0.29033872, -0.29033872], dtype=float32), array([-0.42034015, -0.42034015, -0.42034015], dtype=float32), array([-0.55488974, -0.55488974, -0.55488974], dtype=float32), array([-0.6897202, -0.6897202, -0.6897202], dtype=float32), array([-0.82611567, -0.82611567, -0.82611567], dtype=float32), array([-0.96454537, -0.96454537, -0.96454537], dtype=float32), array([-1.0911351, -1.0911351, -1.0911351], dtype=float32), array([-1.2045013, -1.2045013, -1.2045013], dtype=float32), array([-1.3061559, -1.3061559, -1.3061559], dtype=float32), array([-1.3971525, -1.3971525, -1.3971525], dtype=float32), array([-1.4787656, -1.4787656, -1.4787656], dtype=float32), array([-1.5511416, -1.5511416, -1.5511416], dtype=float32), array([-1.6160434, -1.6160434, -1.6160434], dtype=float32), array([-1.6738605, -1.6738605, -1.6738605], dtype=float32), array([-1.7245374, -1.7245374, -1.7245374], dtype=float32), array([-1.7698559, -1.7698559, -1.7698559], dtype=float32), array([-1.8099369, -1.8099369, -1.8099369], dtype=float32), array([-1.8459265, -1.8459265, -1.8459265], dtype=float32), array([-1.8774052, -1.8774052, -1.8774052], dtype=float32), array([-1.9110792, -1.9110792, -1.9110792], dtype=float32), array([-1.9504262, -1.9504262, -1.9504262], dtype=float32), array([-1.9872038, -1.9872038, -1.9872038], dtype=float32), array([-2.0200922, -2.0200922, -2.0200922], dtype=float32)]","[array([nan, nan, nan], dtype=float32), array([nan, nan, nan], dtype=float32), array([nan, nan, nan], dtype=float32), array([nan, nan, nan], dtype=float32), array([nan, nan, nan], dtype=float32), array([nan, nan, nan], dtype=float32), array([nan, nan, nan], dtype=float32), array([nan, nan, nan], dtype=float32), array([nan, nan, nan], dtype=float32), array([nan, nan, nan], dtype=float32), array([nan, nan, nan], dtype=float32), array([nan, nan, nan], dtype=float32), array([nan, nan, nan], dtype=float32), array([nan, nan, nan], dtype=float32), array([nan, nan, nan], dtype=float32), array([nan, nan, nan], dtype=float32), array([nan, nan, nan], dtype=float32), array([nan, nan, nan], dtype=float32), array([nan, nan, nan], dtype=float32), array([nan, nan, nan], dtype=float32), array([nan, nan, nan], dtype=float32), array([nan, nan, nan], dtype=float32), array([nan, nan, nan], dtype=float32), array([nan, nan, nan], dtype=float32), array([nan, nan, nan], dtype=float32), array([nan, nan, nan], dtype=float32), array([nan, nan, nan], dtype=float32), array([nan, nan, nan], dtype=float32), array([nan, nan, nan], dtype=float32), array([nan, nan, nan], dtype=float32), array([nan, nan, nan], dtype=float32)]","[array([[0.4355339 , 0.34674612, 0.2177199 ],
       [0.39413977, 0.3443888 , 0.26147142],
       [0.3087724 , 0.32623148, 0.3649961 ]], dtype=float32), array([[0.35099605, 0.36409166, 0.2849123 ],
       [0.35538176, 0.37241918, 0.27219903],
       [0.3216866 , 0.3148647 , 0.36344868]], dtype=float32), array([[0.36211252, 0.4888604 , 0.14902699],
       [0.36121213, 0.5037752 , 0.13501275],
       [0.3605862 , 0.44212136, 0.1972925 ]], dtype=float32), array([[0.34238923, 0.36537907, 0.29223174],
       [0.347337  , 0.3887994 , 0.26386365],
       [0.3243064 , 0.30803517, 0.36765847]], dtype=float32), array([[0.4156017 , 0.37274238, 0.21165586],
       [0.39825714, 0.3659666 , 0.23577635],
       [0.29960698, 0.3123684 , 0.38802457]], dtype=float32), array([[0.22848873, 0.5768726 , 0.19463862],
       [0.16493656, 0.70686126, 0.12820216],
       [0.23985483, 0.5525578 , 0.20758733]], dtype=float32), array([[0.41646597, 0.38275376, 0.2007803 ],
       [0.4046648 , 0.37681925, 0.21851584],
       [0.30174607, 0.31061864, 0.38763532]], dtype=float32), array([[0.30906516, 0.5687729 , 0.122162  ],
       [0.29303488, 0.6112438 , 0.09572127],
       [0.32795712, 0.49878013, 0.17326276]], dtype=float32), array([[0.22631095, 0.59660393, 0.17708518],
       [0.16491851, 0.72156155, 0.11351991],
       [0.24228828, 0.561874  , 0.19583783]], dtype=float32), array([[0.3124755 , 0.565123  , 0.12240151],
       [0.29768258, 0.6054857 , 0.09683168],
       [0.33031675, 0.4960791 , 0.1736041 ]], dtype=float32), array([[0.2276609 , 0.5931088 , 0.1792303 ],
       [0.16825686, 0.71449834, 0.11724474],
       [0.24286261, 0.5600206 , 0.19711678]], dtype=float32), array([[0.35124484, 0.5364934 , 0.11226174],
       [0.34625617, 0.55791324, 0.09583058],
       [0.35796374, 0.47345445, 0.16858184]], dtype=float32), array([[0.23070627, 0.5867385 , 0.18255524],
       [0.17493822, 0.70157725, 0.12348454],
       [0.24491854, 0.5556482 , 0.19943315]], dtype=float32), array([[0.34505233, 0.37646788, 0.27847978],
       [0.34999752, 0.40380841, 0.24619399],
       [0.3243915 , 0.30847234, 0.36713615]], dtype=float32), array([[0.41456833, 0.38857907, 0.19685261],
       [0.40817493, 0.38478732, 0.20703773],
       [0.3315988 , 0.33201244, 0.33638883]], dtype=float32), array([[0.36930513, 0.5068904 , 0.12380438],
       [0.3681042 , 0.52063954, 0.11125626],
       [0.36807936, 0.455484  , 0.17643669]], dtype=float32), array([[0.2379467 , 0.5586554 , 0.20339799],
       [0.18895867, 0.66093075, 0.15011051],
       [0.24701545, 0.5389714 , 0.21401316]], dtype=float32), array([[0.36100283, 0.37304273, 0.26595443],
       [0.36469206, 0.378722  , 0.2565859 ],
       [0.32072705, 0.31651434, 0.36275855]], dtype=float32), array([[0.24486464, 0.5467619 , 0.20837353],
       [0.2018195 , 0.6380236 , 0.16015685],
       [0.25346783, 0.5277898 , 0.21874243]], dtype=float32), array([[0.5002525 , 0.32913086, 0.17061673],
       [0.42381254, 0.33843046, 0.23775706],
       [0.302368  , 0.32722196, 0.37041008]], dtype=float32), array([[0.4187549 , 0.45321146, 0.1280336 ],
       [0.41982457, 0.45517373, 0.1250017 ],
       [0.39858258, 0.42009094, 0.18132651]], dtype=float32), array([[0.36979154, 0.36632538, 0.26388302],
       [0.36852074, 0.36519393, 0.26628536],
       [0.3205051 , 0.32149625, 0.35799867]], dtype=float32), array([[0.5285214 , 0.30753395, 0.16394462],
       [0.4245521 , 0.32968682, 0.24576107],
       [0.30480403, 0.33097762, 0.36421832]], dtype=float32), array([[0.3713797 , 0.36199063, 0.2666297 ],
       [0.36777222, 0.35938412, 0.27284357],
       [0.32208574, 0.3244107 , 0.35350358]], dtype=float32), array([[0.37563768, 0.35930365, 0.26505864],
       [0.36912343, 0.35557583, 0.2753008 ],
       [0.32250938, 0.3260602 , 0.35143042]], dtype=float32), array([[0.4820941 , 0.3852089 , 0.13269705],
       [0.47456685, 0.38432115, 0.14111201],
       [0.4362439 , 0.3765573 , 0.18719886]], dtype=float32), array([[0.3660921 , 0.3636629 , 0.270245  ],
       [0.36543056, 0.3630574 , 0.271512  ],
       [0.33422068, 0.33416334, 0.33161604]], dtype=float32), array([[0.39292538, 0.34744167, 0.25963286],
       [0.3724571 , 0.34361994, 0.28392297],
       [0.32368067, 0.33018953, 0.3461298 ]], dtype=float32), array([[0.57653064, 0.2656326 , 0.1578368 ],
       [0.43357044, 0.31383723, 0.25259236],
       [0.3392094 , 0.33258414, 0.3282064 ]], dtype=float32), array([[0.3425662 , 0.4248936 , 0.23254015],
       [0.34242147, 0.43407983, 0.22349873],
       [0.34234154, 0.40827787, 0.24938054]], dtype=float32), array([[0.56835073, 0.29415503, 0.13749427],
       [0.53124666, 0.30642712, 0.1623262 ],
       [0.48689184, 0.3182853 , 0.19482283]], dtype=float32)]",1,0,0,0,0,0,17.52016806722689,21.400000000000002,0.00015865327434391076,2000,48000,0.0003528001266299718,9.96,9.96,48000,2000,0.3346356273954421,23810,0.0393447157605,24.0,999.0,0.0,743256,0.0,1.0,0.0013802934991,30969,366.1864789584248,1673.2303466796875,0.0,-0.004001594614237547,999.0,0.4722185432910919,0.012896876782178879,4.9524071073392406e-05,0.20672279596328735,1.0,0.0013802934991,743256,81158,0.3449205458164215,-1.0,24.0,30969,366.18721858071694,2232000,1486512,61938,104968,93000,0,1099.6640392932616,6323747.353349068,6656073.904153959,0.0002975123772915171,9.816027284923224e-05,2,1.0067001111073661,100,10.5,0.17530856770546732,9.5,24.0,4.566030497804e-05,0.0015276478801388293,50,48100,1.0067001111073661,10.0,2,1200,2.0,0.00036090928110193445,2400,0.00015773072627828022,10.0,2400,100,10.0,100,2.024465486281496e-05,3.319687063969585e-05,6.619968254193161e-06,7.26739092599668e-06,4.202130253273897e-05,2.8171897039650804e-05,2.8750251862825755e-05,2.1644744267297442e-05,1.5632971403746926e-05,0.00014532169170553528,4.6753641452454166e-05,0.052942878465490006,0.006623824924899243,0.05309974103591298,0.17241068094134238,0.03030886033576423,0.0182895192071367,0.000163652819086032,721.0,2593584,0.3457616,0.18802157044410706,108066,-0.8067611455917358,744.0,74.4664077758789,1.0,-0.0036161476746201515,498.0,0.4722185730934143,0.002685497049242258,721.0,2593584,0.0,744.0,108066,498.0,5187168,651000,216132,15624000,11053.571986919469,1.558094180557982e-05,0.00015320451769570317,2.194816471615625e-05,4.608870926902475e-05,2.8799471509248034e-05,2.839101305941426e-05,2.0113565340854397e-05,3.3184202080458046e-05,7.3526247760790026e-06,6.5550015875500995e-06,4.198269788057687e-05
1,50000,False,25,ca05a_00000,2025-08-17_23-51-32,1755474692,82.40368819236755,2160.4303226470947,758452,intrinsic-attention2,10.156.0.3,2160.4303226470947,25,88.6129849251002,1.8050674882745657e-05,88.61271614737595,2.5566675114976274,85.71147295110202,0.0019624882269316303,2000,1.0067001111073661,9.98,2,10.5,0.0002652160037541762,2.524989270311861,25000,9.5,24.0,4.462728902685857e-05,2,0.001492656300251838,2.0,1000,50000,9.297152968879744e-05,1.0067001111073661,514.6558127779339,2000.0,3000.0,"[array([-2.0493371, -2.0493371, -2.0493371], dtype=float32), array([-2.0738578, -2.0738578, -2.0738578], dtype=float32), array([-2.0962408, -2.0962408, -2.0962408], dtype=float32), array([-2.1156728, -2.1156728, -2.1156728], dtype=float32), array([-2.1323931, -2.1323931, -2.1323931], dtype=float32), array([-2.1479454, -2.1479454, -2.1479454], dtype=float32), array([-2.1615694, -2.1615694, -2.1615694], dtype=float32), array([-2.1732311, -2.1732311, -2.1732311], dtype=float32), array([-2.1836584, -2.1836584, -2.1836584], dtype=float32), array([-2.193201, -2.193201, -2.193201], dtype=float32), array([-2.2018335, -2.2018335, -2.2018335], dtype=float32), array([-2.2093427, -2.2093427, -2.2093427], dtype=float32), array([-2.2156336, -2.2156336, -2.2156336], dtype=float32), array([-2.221153, -2.221153, -2.221153], dtype=float32), array([-2.2262037, -2.2262037, -2.2262037], dtype=float32), array([-2.2302206, -2.2302206, -2.2302206], dtype=float32), array([-2.2339785, -2.2339785, -2.2339785], dtype=float32), array([-2.2372668, -2.2372668, -2.2372668], dtype=float32), array([-2.2397058, -2.2397058, -2.2397058], dtype=float32), array([-2.2417943, -2.2417943, -2.2417943], dtype=float32), array([-2.2443545, -2.2443545, -2.2443545], dtype=float32), array([-2.2456834, -2.2456834, -2.2456834], dtype=float32), array([-2.2469716, -2.2469716, -2.2469716], dtype=float32), array([-2.2475886, -2.2475886, -2.2475886], dtype=float32), array([-2.2482352, -2.2482352, -2.2482352], dtype=float32), array([-2.2482677, -2.2482677, -2.2482677], dtype=float32), array([-2.2480452, -2.2480452, -2.2480452], dtype=float32), array([-2.2478373, -2.2478373, -2.2478373], dtype=float32), array([-2.2478578, -2.2478578, -2.2478578], dtype=float32), array([-2.2472973, -2.2472973, -2.2472973], dtype=float32), array([-2.2463686, -2.2463686, -2.2463686], dtype=float32)]","[array([nan, nan, nan], dtype=float32), array([nan, nan, nan], dtype=float32), array([-2.0962405, -2.0962405, -2.0962405], dtype=float32), array([-2.1156728, -2.1156728, -2.1156728], dtype=float32), array([-2.1323934, -2.1323934, -2.1323934], dtype=float32), array([nan, nan, nan], dtype=float32), array([-2.1615689, -2.1615689, -2.1615689], dtype=float32), array([-2.1732311, -2.1732311, -2.1732311], dtype=float32), array([nan, nan, nan], dtype=float32), array([nan, nan, nan], dtype=float32), array([-2.2018332, -2.2018332, -2.2018332], dtype=float32), array([-2.2093427, -2.2093427, -2.2093427], dtype=float32), array([nan, nan, nan], dtype=float32), array([-2.2211528, -2.2211528, -2.2211528], dtype=float32), array([-2.2262037, -2.2262037, -2.2262037], dtype=float32), array([nan, nan, nan], dtype=float32), array([-2.2339787, -2.2339787, -2.2339787], dtype=float32), array([-2.2372668, -2.2372668, -2.2372668], dtype=float32), array([-2.2397056, -2.2397056, -2.2397056], dtype=float32), array([-2.2417943, -2.2417943, -2.2417943], dtype=float32), array([nan, nan, nan], dtype=float32), array([-2.2456832, -2.2456832, -2.2456832], dtype=float32), array([nan, nan, nan], dtype=float32), array([-2.2475882, -2.2475882, -2.2475882], dtype=float32), array([nan, nan, nan], dtype=float32), array([-2.2482672, -2.2482672, -2.2482672], dtype=float32), array([-2.2480452, -2.2480452, -2.2480452], dtype=float32), array([-2.2478373, -2.2478373, -2.2478373], dtype=float32), array([nan, nan, nan], dtype=float32), array([nan, nan, nan], dtype=float32), array([-2.2463686, -2.2463686, -2.2463686], dtype=float32)]","[array([[0.5837269 , 0.2785153 , 0.13775785],
       [0.5395979 , 0.29467514, 0.16572697],
       [0.49613887, 0.30807665, 0.19578443]], dtype=float32), array([[0.65958524, 0.20390265, 0.1365121 ],
       [0.4139419 , 0.30784494, 0.27821314],
       [0.33232152, 0.33361724, 0.33406124]], dtype=float32), array([[0.65404713, 0.205132  , 0.14082094],
       [0.42359844, 0.30373546, 0.2726662 ],
       [0.35014844, 0.32831842, 0.3215331 ]], dtype=float32), array([[0.61735153, 0.24327171, 0.13937674],
       [0.55545336, 0.26959008, 0.17495655],
       [0.5170164 , 0.28424197, 0.19874166]], dtype=float32), array([[0.44199657, 0.30611634, 0.25188705],
       [0.3730888 , 0.32494444, 0.30196673],
       [0.33799133, 0.3324552 , 0.32955348]], dtype=float32), array([[0.36278087, 0.375931  , 0.2612881 ],
       [0.36317855, 0.37654656, 0.26027483],
       [0.3590441 , 0.3702101 , 0.27074575]], dtype=float32), array([[0.70682544, 0.16811314, 0.12506136],
       [0.40851292, 0.3046742 , 0.28681287],
       [0.34765917, 0.3281142 , 0.32422668]], dtype=float32), array([[0.3723615 , 0.36322674, 0.26441172],
       [0.37197512, 0.3629438 , 0.2650811 ],
       [0.36699536, 0.3592714 , 0.2737332 ]], dtype=float32), array([[0.464021  , 0.2892899 , 0.24668902],
       [0.3728581 , 0.32141674, 0.3057251 ],
       [0.34358734, 0.3303757 , 0.32603696]], dtype=float32), array([[0.38949174, 0.3479358 , 0.2625725 ],
       [0.38688588, 0.34743848, 0.26567572],
       [0.3803689 , 0.3461178 , 0.27351335]], dtype=float32), array([[0.39094782, 0.345108  , 0.26394418],
       [0.38798782, 0.34470516, 0.267307  ],
       [0.38161483, 0.34376407, 0.27462104]], dtype=float32), array([[0.6754146 , 0.1898251 , 0.13476029],
       [0.580296  , 0.23529354, 0.18441047],
       [0.55310667, 0.24759197, 0.1993014 ]], dtype=float32), array([[0.6645992 , 0.19503328, 0.14036757],
       [0.5732989 , 0.23835203, 0.1883491 ],
       [0.5475373 , 0.24994132, 0.20252141]], dtype=float32), array([[0.47266206, 0.2811413 , 0.2461966 ],
       [0.3737033 , 0.31942528, 0.30687144],
       [0.34963128, 0.3278555 , 0.32251322]], dtype=float32), array([[0.46530944, 0.28422672, 0.25046387],
       [0.371997  , 0.3200578 , 0.3079452 ],
       [0.34917787, 0.3280201 , 0.32280204]], dtype=float32), array([[0.3818643 , 0.34274775, 0.27538794],
       [0.37966332, 0.34244657, 0.27789012],
       [0.37520465, 0.34180015, 0.28299513]], dtype=float32), array([[0.73405564, 0.14529212, 0.12065222],
       [0.40014163, 0.30462134, 0.29523706],
       [0.361656  , 0.32133615, 0.31700793]], dtype=float32), array([[0.6934856 , 0.173571  , 0.13294339],
       [0.58696306, 0.2254836 , 0.18755345],
       [0.5650549 , 0.23573029, 0.1992148 ]], dtype=float32), array([[0.6831367 , 0.17728403, 0.13957927],
       [0.5797088 , 0.22752579, 0.19276543],
       [0.56027156, 0.2366282 , 0.20310025]], dtype=float32), array([[0.70479345, 0.16376354, 0.13144305],
       [0.5913374 , 0.21955131, 0.18911137],
       [0.5729657 , 0.22829185, 0.19874248]], dtype=float32), array([[0.70843804, 0.16083291, 0.13072902],
       [0.5929616 , 0.21774475, 0.18929356],
       [0.5755733 , 0.22605433, 0.19837232]], dtype=float32), array([[0.7546806 , 0.13084954, 0.11446998],
       [0.40265974, 0.30195057, 0.29538974],
       [0.37510204, 0.3145482 , 0.31034976]], dtype=float32), array([[0.71617484, 0.15536751, 0.1284577 ],
       [0.59729356, 0.21418649, 0.18851997],
       [0.58127224, 0.22189586, 0.19683194]], dtype=float32), array([[0.7202874 , 0.15248746, 0.12722518],
       [0.5996254 , 0.21229693, 0.18807764],
       [0.58434063, 0.21967685, 0.19598247]], dtype=float32), array([[0.705414  , 0.15978849, 0.13479757],
       [0.59076643, 0.2163734 , 0.1928601 ],
       [0.57667124, 0.22316098, 0.20016786]], dtype=float32), array([[0.504634  , 0.25668493, 0.23868106],
       [0.37828237, 0.31397435, 0.30774337],
       [0.3653239 , 0.31961936, 0.3150567 ]], dtype=float32), array([[0.52164954, 0.24783008, 0.23052035],
       [0.38143316, 0.3122921 , 0.30627468],
       [0.368427  , 0.3180452 , 0.31352773]], dtype=float32), array([[0.4268321 , 0.30296215, 0.27020574],
       [0.41476122, 0.30725953, 0.27797925],
       [0.410751  , 0.30866453, 0.28058448]], dtype=float32), array([[0.795176  , 0.10773259, 0.09709132],
       [0.41874224, 0.29332027, 0.28793752],
       [0.39756465, 0.30333734, 0.29909799]], dtype=float32), array([[0.5125619 , 0.25147992, 0.23595822],
       [0.38105127, 0.31223193, 0.3067168 ],
       [0.36981466, 0.31725353, 0.31293184]], dtype=float32), array([[0.71727747, 0.15054749, 0.13217507],
       [0.5965055 , 0.21050107, 0.19299339],
       [0.58561826, 0.2158075 , 0.19857422]], dtype=float32)]",1,0,0,0,0,0,17.484745762711864,21.400000000000002,0.0001577661961940699,2000,50000,0.00035018461988226495,9.98,9.98,50000,2000,0.3344409489114983,23810,0.0393447157605,25.0,999.0,0.0,774225,0.0,1.0,0.0013802934991,30969,367.07095297422734,747.3534545898438,0.0,0.001289802952669561,999.0,0.4722185432910919,0.007460140157490969,4.9524071073392406e-05,0.2175101488828659,1.0,0.0013802934991,774225,81158,0.3501967489719391,-1.0,25.0,30969,367.07166001535404,2325000,1548450,61938,104968,93000,0,1102.3198850011588,6329061.486125814,6663025.22975313,0.000296075093517093,9.795987377006551e-05,2,1.0067001111073661,100,10.5,0.1748078993183556,-10.5,25.0,4.532826237263449e-05,0.0015261580800870434,50,50100,1.0067001111073661,9.8,2,1250,2.0,0.00035951187214627064,2500,0.00015953619902717782,9.8,2500,100,9.8,100,2.003855119546506e-05,3.329040180459751e-05,6.5998194034037595e-06,7.405583282459744e-06,4.242432227695243e-05,2.826865789369165e-05,2.8658271905357424e-05,2.18275739508671e-05,1.540108003485496e-05,0.00014305154203866278,4.671856618111468e-05,0.052940440170869324,0.006621950935683721,0.05303038524546713,0.17233343914189944,0.03029238296237368,0.018260915485018354,0.00016367988083255126,751.0,2701650,0.34708297,0.2198694497346878,108066,-0.8723102807998657,775.0,72.52676391601562,1.0,-0.002368588000535965,498.0,0.4722185730934143,0.0034202171955257654,751.0,2701650,0.0,775.0,108066,498.0,5403300,651000,216132,16275000,11030.451762654087,1.579446595366191e-05,0.00015070975706842855,2.1912676681449894e-05,4.630513993355911e-05,2.8724562293083597e-05,2.8446141646955977e-05,2.027660324502377e-05,3.3307410838794935e-05,7.314500863303863e-06,6.568227926184422e-06,4.23996552348888e-05
1,52000,False,26,ca05a_00000,2025-08-17_23-52-53,1755474773,81.45634937286377,2241.8866720199585,758452,intrinsic-attention2,10.156.0.3,2241.8866720199585,26,88.53979864874917,1.798561822720804e-05,88.53952950856225,2.5577738593826904,85.63743456482091,0.0019588344345502122,2000,1.0067001111073661,9.77,2,10.5,0.0002652160037541762,2.526101222248793,26000,-9.5,25.0,4.479455485126459e-05,2,0.0014722696397802793,2.0,1000,52000,0.00010746620419362488,1.0067001111073661,500.69911682332014,2000.0,3000.0,"[array([-2.2457085, -2.2457085, -2.2457085], dtype=float32), array([-2.2617204, -2.2617204, -2.2617204], dtype=float32), array([-2.27606, -2.27606, -2.27606], dtype=float32), array([-2.2889364, -2.2889364, -2.2889364], dtype=float32), array([-2.2998228, -2.2998228, -2.2998228], dtype=float32), array([-2.3096044, -2.3096044, -2.3096044], dtype=float32), array([-2.3189807, -2.3189807, -2.3189807], dtype=float32), array([-2.3272946, -2.3272946, -2.3272946], dtype=float32), array([-2.3351858, -2.3351858, -2.3351858], dtype=float32), array([-2.3417685, -2.3417685, -2.3417685], dtype=float32), array([-2.3474734, -2.3474734, -2.3474734], dtype=float32), array([-2.3518815, -2.3518815, -2.3518815], dtype=float32), array([-2.3570867, -2.3570867, -2.3570867], dtype=float32), array([-2.3619616, -2.3619616, -2.3619616], dtype=float32), array([-2.366442, -2.366442, -2.366442], dtype=float32), array([-2.36982, -2.36982, -2.36982], dtype=float32), array([-2.3727076, -2.3727076, -2.3727076], dtype=float32), array([-2.375553, -2.375553, -2.375553], dtype=float32), array([-2.379032, -2.379032, -2.379032], dtype=float32), array([-2.3821044, -2.3821044, -2.3821044], dtype=float32), array([-2.3849752, -2.3849752, -2.3849752], dtype=float32), array([-2.3876648, -2.3876648, -2.3876648], dtype=float32), array([-2.3890574, -2.3890574, -2.3890574], dtype=float32), array([-2.3903842, -2.3903842, -2.3903842], dtype=float32), array([-2.3911645, -2.3911645, -2.3911645], dtype=float32), array([-2.3912501, -2.3912501, -2.3912501], dtype=float32), array([-2.3912122, -2.3912122, -2.3912122], dtype=float32), array([-2.3916533, -2.3916533, -2.3916533], dtype=float32), array([-2.3927858, -2.3927858, -2.3927858], dtype=float32), array([-2.3941512, -2.3941512, -2.3941512], dtype=float32), array([-2.395289, -2.395289, -2.395289], dtype=float32)]","[array([nan, nan, nan], dtype=float32), array([-2.2617202, -2.2617202, -2.2617202], dtype=float32), array([-2.2760599, -2.2760599, -2.2760599], dtype=float32), array([-2.2889361, -2.2889361, -2.2889361], dtype=float32), array([-2.2998226, -2.2998226, -2.2998226], dtype=float32), array([nan, nan, nan], dtype=float32), array([-2.3189802, -2.3189802, -2.3189802], dtype=float32), array([-2.3272946, -2.3272946, -2.3272946], dtype=float32), array([nan, nan, nan], dtype=float32), array([-2.3417685, -2.3417685, -2.3417685], dtype=float32), array([-2.3474739, -2.3474739, -2.3474739], dtype=float32), array([nan, nan, nan], dtype=float32), array([-2.357087, -2.357087, -2.357087], dtype=float32), array([-2.3619616, -2.3619616, -2.3619616], dtype=float32), array([-2.3664422, -2.3664422, -2.3664422], dtype=float32), array([-2.3698206, -2.3698206, -2.3698206], dtype=float32), array([-2.3727078, -2.3727078, -2.3727078], dtype=float32), array([nan, nan, nan], dtype=float32), array([-2.3790317, -2.3790317, -2.3790317], dtype=float32), array([nan, nan, nan], dtype=float32), array([-2.384975, -2.384975, -2.384975], dtype=float32), array([nan, nan, nan], dtype=float32), array([-2.3890574, -2.3890574, -2.3890574], dtype=float32), array([-2.390384, -2.390384, -2.390384], dtype=float32), array([nan, nan, nan], dtype=float32), array([-2.3912497, -2.3912497, -2.3912497], dtype=float32), array([-2.3912125, -2.3912125, -2.3912125], dtype=float32), array([nan, nan, nan], dtype=float32), array([-2.3927855, -2.3927855, -2.3927855], dtype=float32), array([-2.3941514, -2.3941514, -2.3941514], dtype=float32), array([-2.3952887, -2.3952887, -2.3952887], dtype=float32)]","[array([[0.7185855 , 0.14933681, 0.13207771],
       [0.5968881 , 0.20978877, 0.1933231 ],
       [0.58659303, 0.21481521, 0.19859168]], dtype=float32), array([[0.79219997, 0.10873628, 0.09906372],
       [0.41406518, 0.2952905 , 0.29064435],
       [0.39501294, 0.30434367, 0.30064335]], dtype=float32), array([[0.79440975, 0.10792672, 0.09766357],
       [0.41692585, 0.29408392, 0.28899017],
       [0.39653945, 0.30374357, 0.29971698]], dtype=float32), array([[0.8115636 , 0.09930852, 0.08912785],
       [0.42170325, 0.29188704, 0.28640965],
       [0.39956483, 0.30237165, 0.29806352]], dtype=float32), array([[0.71841186, 0.1518866 , 0.12970155],
       [0.5997914 , 0.2107287 , 0.18947992],
       [0.58673894, 0.21706109, 0.19619994]], dtype=float32), array([[0.5203432 , 0.24943118, 0.23022568],
       [0.39007854, 0.30884054, 0.30108094],
       [0.37645918, 0.31480822, 0.3087326 ]], dtype=float32), array([[0.5204545 , 0.24991053, 0.22963497],
       [0.39119023, 0.30856943, 0.30024034],
       [0.37687773, 0.31479514, 0.30832714]], dtype=float32), array([[0.5459987 , 0.23732768, 0.21667369],
       [0.39112508, 0.30839065, 0.30048436],
       [0.3749171 , 0.3154886 , 0.3095943 ]], dtype=float32), array([[0.71881807, 0.153807  , 0.12737498],
       [0.6027032 , 0.21135898, 0.18593778],
       [0.5873107 , 0.21878831, 0.19390097]], dtype=float32), array([[0.41431305, 0.3142151 , 0.27147186],
       [0.40595198, 0.31653315, 0.27751487],
       [0.40154755, 0.31772456, 0.2807278 ]], dtype=float32), array([[0.5503168 , 0.23584597, 0.2138372 ],
       [0.39448008, 0.30713984, 0.2983801 ],
       [0.37719095, 0.314667  , 0.3081421 ]], dtype=float32), array([[0.53789973, 0.24264665, 0.21945366],
       [0.39877665, 0.3056558 , 0.2955675 ],
       [0.3818679 , 0.31294757, 0.3051845 ]], dtype=float32), array([[0.803004  , 0.10682925, 0.09016676],
       [0.44659823, 0.2820455 , 0.2713563 ],
       [0.41319504, 0.29745537, 0.28934956]], dtype=float32), array([[0.41761777, 0.3191267 , 0.2632555 ],
       [0.40932843, 0.32096615, 0.26970547],
       [0.40341577, 0.32222292, 0.2743613 ]], dtype=float32), array([[0.782163  , 0.11959636, 0.09824063],
       [0.4441155 , 0.28442752, 0.27145705],
       [0.40559423, 0.3018032 , 0.29260254]], dtype=float32), array([[0.70035475, 0.17158005, 0.1280652 ],
       [0.5968444 , 0.22221455, 0.18094106],
       [0.573741  , 0.23303844, 0.19322054]], dtype=float32), array([[0.39439982, 0.3380673 , 0.26753289],
       [0.39082426, 0.33801782, 0.27115795],
       [0.38539714, 0.33788997, 0.27671292]], dtype=float32), array([[0.707211  , 0.17054126, 0.12224779],
       [0.6027084 , 0.22178245, 0.17550904],
       [0.57628655, 0.23410958, 0.18960391]], dtype=float32), array([[0.39531976, 0.34303913, 0.26164114],
       [0.3920217 , 0.34275588, 0.26522243],
       [0.38571772, 0.34214267, 0.27213964]], dtype=float32), array([[0.49109375, 0.27642423, 0.23248208],
       [0.39240977, 0.31399247, 0.2935978 ],
       [0.36384562, 0.32368064, 0.31247368]], dtype=float32), array([[0.7618382 , 0.13600248, 0.10215928],
       [0.43746462, 0.29080096, 0.27173448],
       [0.38049158, 0.31464133, 0.30486712]], dtype=float32), array([[0.48253143, 0.28324777, 0.2342208 ],
       [0.39113975, 0.31600776, 0.29285255],
       [0.35979685, 0.32577324, 0.3144299 ]], dtype=float32), array([[0.67050517, 0.20295118, 0.12654363],
       [0.5863294 , 0.24255507, 0.17111553],
       [0.5510322 , 0.25791472, 0.19105305]], dtype=float32), array([[0.7370671 , 0.15422922, 0.10870358],
       [0.44093502, 0.2923664 , 0.26669866],
       [0.37209803, 0.31932017, 0.3085817 ]], dtype=float32), array([[0.3589357 , 0.38405696, 0.25700733],
       [0.35952875, 0.38541427, 0.25505695],
       [0.35591304, 0.37730932, 0.26677772]], dtype=float32), array([[0.6377395 , 0.23143825, 0.13082223],
       [0.5701982 , 0.26133746, 0.16846436],
       [0.5303716 , 0.27721456, 0.19241388]], dtype=float32), array([[0.45937726, 0.30374956, 0.23687322],
       [0.3890954 , 0.32263175, 0.28827286],
       [0.34827593, 0.33088028, 0.32084382]], dtype=float32), array([[0.342207  , 0.40181866, 0.2559743 ],
       [0.34241244, 0.40653932, 0.2510482 ],
       [0.34170413, 0.39327076, 0.2650251 ]], dtype=float32), array([[0.6228762 , 0.24620159, 0.13092217],
       [0.56311935, 0.271554  , 0.16532657],
       [0.52065796, 0.28745663, 0.19188541]], dtype=float32), array([[0.7133006 , 0.17407733, 0.11262209],
       [0.44125557, 0.2964978 , 0.2622467 ],
       [0.35543042, 0.3265074 , 0.3180622 ]], dtype=float32), array([[0.7065688 , 0.17858432, 0.11484687],
       [0.44022462, 0.29747128, 0.26230407],
       [0.3532796 , 0.3273207 , 0.31939977]], dtype=float32)]",1,0,0,0,0,0,17.48448275862069,21.400000000000002,0.00015821194495249717,2000,52000,0.0003517849579361658,9.77,9.77,52000,2000,0.3342046064423132,23810,0.0393447157605,26.0,999.0,0.0,805194,0.0,1.0,0.0013802934991,30969,368.1381862552676,3147.6162109375,0.0,-0.0013137107016518712,999.0,0.4722185432910919,0.0019890035036951303,2.4762035536696203e-05,0.2117737978696823,1.0,0.0013802934991,805194,81158,0.34760090708732605,-1.0,26.0,30969,368.13886452835595,2418000,1610388,61938,104968,93000,0,1105.5245768647658,6329097.975307777,6664314.848445093,0.0002952087926103025,0.00010683712672753543,2,1.0067001111073661,100,10.5,0.17453860620519845,-10.5,26.0,4.8866359853835447e-05,0.0016654856596142055,50,52100,1.0067001111073661,9.8,2,1300,2.0,0.00038930504217083383,2600,0.00017155499903820416,9.8,2600,100,9.8,100,2.0222755864612268e-05,3.384442707637356e-05,6.509927690717674e-06,7.347247557793474e-06,4.170838361228914e-05,2.815253828505567e-05,2.8951615608146183e-05,2.143176908514577e-05,1.5494074837386696e-05,0.00014529519254312411,4.650689241572057e-05,0.05293225052924387,0.00661801856635334,0.052962279223069,0.17223306011055195,0.030276091312818353,0.018220908760155332,0.00016365407202674427,781.0,2809716,0.34869516,0.2195131629705429,108066,-0.4062761068344116,806.0,73.58116912841797,1.0,-0.000255632126936689,498.0,0.4722185730934143,0.00029310828540474176,781.0,2809716,0.0,806.0,108066,498.0,5619432,651000,216132,16926000,11014.936683140912,1.723399832352968e-05,0.0001622772869520103,2.374183351754435e-05,5.0278451436265325e-05,3.1357687562684127e-05,3.08872371311678e-05,2.1585823094740583e-05,3.6195559107580114e-05,7.777650689785416e-06,6.974057538049695e-06,4.530671059039972e-05
1,54000,False,27,ca05a_00000,2025-08-17_23-54-15,1755474855,81.45113492012024,2323.3378069400787,758452,intrinsic-attention2,10.156.0.3,2323.3378069400787,27,88.46752136983173,1.7920662075830166e-05,88.46725192281663,2.5570488135189193,85.56407866062267,0.0019558002201840504,2000,1.0067001111073661,9.96,2,10.5,0.0002652160037541762,2.5253873254062786,27000,9.5,26.0,4.462731486264327e-05,2,0.0014775187704071868,2.0,1000,54000,9.466922429617797e-05,1.0067001111073661,486.9129436934629,2000.0,3000.0,"[array([-2.3966196, -2.3966196, -2.3966196], dtype=float32), array([-2.3976426, -2.3976426, -2.3976426], dtype=float32), array([-2.3988023, -2.3988023, -2.3988023], dtype=float32), array([-2.3996217, -2.3996217, -2.3996217], dtype=float32), array([-2.4000597, -2.4000597, -2.4000597], dtype=float32), array([-2.3999538, -2.3999538, -2.3999538], dtype=float32), array([-2.3995476, -2.3995476, -2.3995476], dtype=float32), array([-2.3997853, -2.3997853, -2.3997853], dtype=float32), array([-2.3989031, -2.3989031, -2.3989031], dtype=float32), array([-2.3988216, -2.3988216, -2.3988216], dtype=float32), array([-2.3989787, -2.3989787, -2.3989787], dtype=float32), array([-2.3980546, -2.3980546, -2.3980546], dtype=float32), array([-2.3970947, -2.3970947, -2.3970947], dtype=float32), array([-2.3960342, -2.3960342, -2.3960342], dtype=float32), array([-2.3953629, -2.3953629, -2.3953629], dtype=float32), array([-2.3945928, -2.3945928, -2.3945928], dtype=float32), array([-2.3950064, -2.3950064, -2.3950064], dtype=float32), array([-2.395012, -2.395012, -2.395012], dtype=float32), array([-2.3956296, -2.3956296, -2.3956296], dtype=float32), array([-2.3960822, -2.3960822, -2.3960822], dtype=float32), array([-2.3964667, -2.3964667, -2.3964667], dtype=float32), array([-2.3966181, -2.3966181, -2.3966181], dtype=float32), array([-2.3970683, -2.3970683, -2.3970683], dtype=float32), array([-2.3980503, -2.3980503, -2.3980503], dtype=float32), array([-2.398022, -2.398022, -2.398022], dtype=float32), array([-2.3972661, -2.3972661, -2.3972661], dtype=float32), array([-2.3972774, -2.3972774, -2.3972774], dtype=float32), array([-2.3966527, -2.3966527, -2.3966527], dtype=float32), array([-2.3959565, -2.3959565, -2.3959565], dtype=float32), array([-2.395289, -2.395289, -2.395289], dtype=float32), array([-2.3946116, -2.3946116, -2.3946116], dtype=float32)]","[array([nan, nan, nan], dtype=float32), array([nan, nan, nan], dtype=float32), array([-2.398802, -2.398802, -2.398802], dtype=float32), array([-2.3996215, -2.3996215, -2.3996215], dtype=float32), array([nan, nan, nan], dtype=float32), array([nan, nan, nan], dtype=float32), array([-2.3995476, -2.3995476, -2.3995476], dtype=float32), array([nan, nan, nan], dtype=float32), array([nan, nan, nan], dtype=float32), array([nan, nan, nan], dtype=float32), array([nan, nan, nan], dtype=float32), array([-2.3980544, -2.3980544, -2.3980544], dtype=float32), array([nan, nan, nan], dtype=float32), array([nan, nan, nan], dtype=float32), array([-2.3953629, -2.3953629, -2.3953629], dtype=float32), array([-2.3945932, -2.3945932, -2.3945932], dtype=float32), array([nan, nan, nan], dtype=float32), array([nan, nan, nan], dtype=float32), array([-2.3956296, -2.3956296, -2.3956296], dtype=float32), array([nan, nan, nan], dtype=float32), array([nan, nan, nan], dtype=float32), array([-2.3966181, -2.3966181, -2.3966181], dtype=float32), array([nan, nan, nan], dtype=float32), array([nan, nan, nan], dtype=float32), array([nan, nan, nan], dtype=float32), array([-2.3972657, -2.3972657, -2.3972657], dtype=float32), array([nan, nan, nan], dtype=float32), array([nan, nan, nan], dtype=float32), array([nan, nan, nan], dtype=float32), array([-2.3952887, -2.3952887, -2.3952887], dtype=float32), array([nan, nan, nan], dtype=float32)]","[array([[0.61521447, 0.25462276, 0.13016276],
       [0.55954164, 0.2775869 , 0.16287148],
       [0.5153506 , 0.2934444 , 0.19120495]], dtype=float32), array([[0.60923743, 0.2592084 , 0.13155413],
       [0.55591094, 0.28079194, 0.16329718],
       [0.5118234 , 0.29623625, 0.19194031]], dtype=float32), array([[0.60550576, 0.2627589 , 0.13173534],
       [0.55387414, 0.28335193, 0.16277398],
       [0.5094151 , 0.29860765, 0.19197728]], dtype=float32), array([[0.6047886 , 0.2640905 , 0.13112098],
       [0.5537067 , 0.28436464, 0.16192865],
       [0.5087484 , 0.29965913, 0.1915925 ]], dtype=float32), array([[0.43685508, 0.3196258 , 0.24351911],
       [0.3843326 , 0.32873496, 0.2869324 ],
       [0.33983198, 0.33300096, 0.3271671 ]], dtype=float32), array([[0.59890825, 0.26966244, 0.1314293 ],
       [0.5504808 , 0.28840375, 0.16111556],
       [0.505085  , 0.303311  , 0.19160399]], dtype=float32), array([[0.43370122, 0.32232404, 0.24397478],
       [0.3841231 , 0.32989034, 0.28598663],
       [0.33874348, 0.3331916 , 0.32806492]], dtype=float32), array([[0.68863034, 0.19299193, 0.1183777 ],
       [0.44032913, 0.3003637 , 0.25930718],
       [0.34420523, 0.3304638 , 0.32533094]], dtype=float32), array([[0.43087903, 0.32566214, 0.24345875],
       [0.38498053, 0.33140343, 0.283616  ],
       [0.33829495, 0.33337218, 0.3283328 ]], dtype=float32), array([[0.6843375 , 0.19790596, 0.11775654],
       [0.44452268, 0.3004512 , 0.25502613],
       [0.34319583, 0.33090743, 0.32589668]], dtype=float32), array([[0.67816097, 0.20265104, 0.11918792],
       [0.44796574, 0.30022407, 0.25181022],
       [0.34569967, 0.3304031 , 0.3238972 ]], dtype=float32), array([[0.576491  , 0.29339656, 0.13011247],
       [0.5388518 , 0.3061468 , 0.15500134],
       [0.4916828 , 0.31892392, 0.18939336]], dtype=float32), array([[0.5759055 , 0.29392746, 0.13016699],
       [0.5385037 , 0.30654836, 0.1549479 ],
       [0.4913565 , 0.3192516 , 0.1893919 ]], dtype=float32), array([[0.6742425 , 0.20549834, 0.12025913],
       [0.44792104, 0.30076262, 0.25131637],
       [0.34488916, 0.3306657 , 0.3244451 ]], dtype=float32), array([[0.42279598, 0.33284196, 0.24436207],
       [0.38583428, 0.33501643, 0.27914932],
       [0.33870086, 0.33377695, 0.32752225]], dtype=float32), array([[0.30883458, 0.4454065 , 0.24575894],
       [0.30294123, 0.4652643 , 0.23179449],
       [0.3122843 , 0.43305403, 0.25466177]], dtype=float32), array([[0.57479256, 0.2963392 , 0.12886822],
       [0.5383454 , 0.30846766, 0.153187  ],
       [0.4906049 , 0.32102287, 0.18837215]], dtype=float32), array([[0.5726757 , 0.29784974, 0.12947454],
       [0.53695506, 0.30958417, 0.15346079],
       [0.4895385 , 0.3218543 , 0.18860729]], dtype=float32), array([[0.5782649 , 0.29360208, 0.12813306],
       [0.54071033, 0.3063743 , 0.1529153 ],
       [0.4928137 , 0.31935003, 0.18783621]], dtype=float32), array([[0.68484235, 0.19938415, 0.1157735 ],
       [0.44999805, 0.29958025, 0.2504218 ],
       [0.3449457 , 0.33059305, 0.32446125]], dtype=float32), array([[0.3122448 , 0.44207415, 0.24568114],
       [0.30734012, 0.45989352, 0.23276635],
       [0.31539968, 0.42981887, 0.25478145]], dtype=float32), array([[0.43204823, 0.32812354, 0.2398282 ],
       [0.38872704, 0.33267513, 0.27859783],
       [0.34020495, 0.33358827, 0.32620674]], dtype=float32), array([[0.5885994 , 0.28440875, 0.12699193],
       [0.54720867, 0.2993798 , 0.15341154],
       [0.49933213, 0.3135172 , 0.18715061]], dtype=float32), array([[0.69671047, 0.19154787, 0.11174169],
       [0.453652  , 0.29721895, 0.249129  ],
       [0.3497343 , 0.32923183, 0.32103395]], dtype=float32), array([[0.43498558, 0.3271724 , 0.23784201],
       [0.39066786, 0.33222616, 0.2771059 ],
       [0.3418847 , 0.33358452, 0.32453078]], dtype=float32), array([[0.6993151 , 0.19050634, 0.11017855],
       [0.45711884, 0.2961744 , 0.24670678],
       [0.35216588, 0.3286333 , 0.31920084]], dtype=float32), array([[0.4388553 , 0.3255492 , 0.23559552],
       [0.39221972, 0.3314915 , 0.27628878],
       [0.34261358, 0.33349398, 0.3238924 ]], dtype=float32), array([[0.7065718 , 0.18618117, 0.10724702],
       [0.45924854, 0.29504514, 0.24570633],
       [0.35340172, 0.3282372 , 0.3183611 ]], dtype=float32), array([[0.707027  , 0.18587703, 0.10709602],
       [0.46181834, 0.29407912, 0.2441025 ],
       [0.35679796, 0.32732242, 0.3158796 ]], dtype=float32), array([[0.31783292, 0.4377128 , 0.24445432],
       [0.3142809 , 0.4527655 , 0.23295364],
       [0.32051125, 0.425389  , 0.25409982]], dtype=float32), array([[0.71484953, 0.18082656, 0.10432383],
       [0.46172506, 0.29347432, 0.24480063],
       [0.3561993 , 0.32734135, 0.3164594 ]], dtype=float32)]",1,0,0,0,0,0,17.46752136752137,21.401709401709404,0.00015637067749555607,2000,54000,0.00034907302381694135,9.96,9.96,54000,2000,0.3360334212579155,23810,0.0393447157605,27.0,999.0,0.0,836163,0.0,1.0,0.0013802934991,30969,369.1886282757214,6551.0869140625,0.0,0.0006014506216160953,999.0,0.4722185432910919,0.0007826159708201885,1.2381017768348102e-05,0.19902785122394562,1.0,0.0013802934991,836163,81158,0.3495335578918457,-1.0,27.0,30969,369.1892803251304,2511000,1672326,61938,104968,93000,0,1108.678856837149,6336981.995509388,6676819.992424676,0.0002938365845837087,9.9252351183472e-05,2,1.0067001111073661,100,10.5,0.17404598700312607,9.5,27.0,4.64026003764959e-05,0.0016654228194965981,50,54100,1.0067001111073661,10.0,2,1350,2.0,0.0003651819788650633,2700,0.00016185512622258601,10.0,2700,100,10.0,100,2.0042582957644928e-05,3.3121062291452016e-05,6.483782270300785e-06,7.259960846548788e-06,4.124619834723825e-05,2.8018280319054686e-05,2.8375193013841453e-05,2.184368184896835e-05,1.5714757811912145e-05,0.00014318191842642243,4.61963149066939e-05,0.05293407344405151,0.006614430060724336,0.052897440870811614,0.1721379967994696,0.030243444429680678,0.02024252193246139,0.00016366452129207878,811.0,2917782,0.34918588,0.20047573745250702,108066,-0.15641283988952637,837.0,74.3840103149414,1.0,8.299264300148934e-05,498.0,0.4722185730934143,0.00107805454172194,811.0,2917782,0.0,837.0,108066,498.0,5835564,651000,216132,17577000,11001.572588095458,1.5946462081099986e-05,0.00015246015798346752,2.2382327002608673e-05,4.710347385306814e-05,2.9521215775563244e-05,2.8990017185916734e-05,2.040683203830154e-05,3.3987924815338356e-05,7.5366343306474235e-06,6.660091736835343e-06,4.3008474232336376e-05
1,56000,False,28,ca05a_00000,2025-08-17_23-55-37,1755474937,82.16489577293396,2405.5027027130127,758452,intrinsic-attention2,10.156.0.3,2405.5027027130127,28,88.4031283002534,1.7847815403475996e-05,88.4028584715484,2.5561862405937497,85.50078232015649,0.0019547847878695684,2000,1.0067001111073661,10.08,2,10.5,0.0002652160037541762,2.5245370200021653,28000,9.5,27.0,4.46508419587138e-05,2,0.0014802439001505264,2.0,1000,56000,9.355695253150652e-05,1.0067001111073661,473.3150100704226,2000.0,3000.0,"[array([-2.3941348, -2.3941348, -2.3941348], dtype=float32), array([-2.397556, -2.397556, -2.397556], dtype=float32), array([-2.400468, -2.400468, -2.400468], dtype=float32), array([-2.4029026, -2.4029026, -2.4029026], dtype=float32), array([-2.4039662, -2.4039662, -2.4039662], dtype=float32), array([-2.4045296, -2.4045296, -2.4045296], dtype=float32), array([-2.4047704, -2.4047704, -2.4047704], dtype=float32), array([-2.4042315, -2.4042315, -2.4042315], dtype=float32), array([-2.4021342, -2.4021342, -2.4021342], dtype=float32), array([-2.400768, -2.400768, -2.400768], dtype=float32), array([-2.3978212, -2.3978212, -2.3978212], dtype=float32), array([-2.393568, -2.393568, -2.393568], dtype=float32), array([-2.3912494, -2.3912494, -2.3912494], dtype=float32), array([-2.3883724, -2.3883724, -2.3883724], dtype=float32), array([-2.3858624, -2.3858624, -2.3858624], dtype=float32), array([-2.3822978, -2.3822978, -2.3822978], dtype=float32), array([-2.3783164, -2.3783164, -2.3783164], dtype=float32), array([-2.3738418, -2.3738418, -2.3738418], dtype=float32), array([-2.3693414, -2.3693414, -2.3693414], dtype=float32), array([-2.3653746, -2.3653746, -2.3653746], dtype=float32), array([-2.3612103, -2.3612103, -2.3612103], dtype=float32), array([-2.3565898, -2.3565898, -2.3565898], dtype=float32), array([-2.3507857, -2.3507857, -2.3507857], dtype=float32), array([-2.3443065, -2.3443065, -2.3443065], dtype=float32), array([-2.3393931, -2.3393931, -2.3393931], dtype=float32), array([-2.3334086, -2.3334086, -2.3334086], dtype=float32), array([-2.328627, -2.328627, -2.328627], dtype=float32), array([-2.3237154, -2.3237154, -2.3237154], dtype=float32), array([-2.3200426, -2.3200426, -2.3200426], dtype=float32), array([-2.3161378, -2.3161378, -2.3161378], dtype=float32), array([-2.3119164, -2.3119164, -2.3119164], dtype=float32)]","[array([nan, nan, nan], dtype=float32), array([-2.3975556, -2.3975556, -2.3975556], dtype=float32), array([-2.400468, -2.400468, -2.400468], dtype=float32), array([-2.4029026, -2.4029026, -2.4029026], dtype=float32), array([-2.4039662, -2.4039662, -2.4039662], dtype=float32), array([nan, nan, nan], dtype=float32), array([-2.4047706, -2.4047706, -2.4047706], dtype=float32), array([-2.404231, -2.404231, -2.404231], dtype=float32), array([nan, nan, nan], dtype=float32), array([nan, nan, nan], dtype=float32), array([nan, nan, nan], dtype=float32), array([-2.393568, -2.393568, -2.393568], dtype=float32), array([-2.3912494, -2.3912494, -2.3912494], dtype=float32), array([nan, nan, nan], dtype=float32), array([-2.3858624, -2.3858624, -2.3858624], dtype=float32), array([-2.3822978, -2.3822978, -2.3822978], dtype=float32), array([-2.3783164, -2.3783164, -2.3783164], dtype=float32), array([nan, nan, nan], dtype=float32), array([nan, nan, nan], dtype=float32), array([-2.3653743, -2.3653743, -2.3653743], dtype=float32), array([-2.3612108, -2.3612108, -2.3612108], dtype=float32), array([nan, nan, nan], dtype=float32), array([-2.3507857, -2.3507857, -2.3507857], dtype=float32), array([-2.3443062, -2.3443062, -2.3443062], dtype=float32), array([-2.339393, -2.339393, -2.339393], dtype=float32), array([nan, nan, nan], dtype=float32), array([-2.328627, -2.328627, -2.328627], dtype=float32), array([-2.323716, -2.323716, -2.323716], dtype=float32), array([nan, nan, nan], dtype=float32), array([nan, nan, nan], dtype=float32), array([nan, nan, nan], dtype=float32)]","[array([[0.7173488 , 0.17923695, 0.10341424],
       [0.46244764, 0.2930259 , 0.24452639],
       [0.35692078, 0.3271012 , 0.31597793]], dtype=float32), array([[0.6110358 , 0.26538938, 0.12357476],
       [0.5613561 , 0.28525966, 0.15338418],
       [0.5136589 , 0.301419  , 0.18492208]], dtype=float32), array([[0.73359114, 0.16676168, 0.09964722],
       [0.46939838, 0.2878023 , 0.24279939],
       [0.37189448, 0.3219266 , 0.3061789 ]], dtype=float32), array([[0.3377309 , 0.41463324, 0.24763575],
       [0.33744654, 0.4215355 , 0.24101791],
       [0.33797172, 0.40418062, 0.25784767]], dtype=float32), array([[0.63791   , 0.23945129, 0.12263868],
       [0.5756669 , 0.26666436, 0.15766881],
       [0.53091687, 0.2839166 , 0.18516655]], dtype=float32), array([[0.65261054, 0.22727907, 0.12011046],
       [0.5838899 , 0.25833204, 0.15777797],
       [0.53990734, 0.27606615, 0.1840265 ]], dtype=float32), array([[0.654762  , 0.22316201, 0.12207601],
       [0.5839717 , 0.2553811 , 0.16064721],
       [0.542007  , 0.27256894, 0.18542396]], dtype=float32), array([[0.6605248 , 0.21762718, 0.12184809],
       [0.5867152 , 0.25161093, 0.16167386],
       [0.54585475, 0.26864824, 0.18549706]], dtype=float32), array([[0.35961264, 0.3852494 , 0.25513792],
       [0.36020237, 0.3865997 , 0.2531979 ],
       [0.35657766, 0.3784727 , 0.26494962]], dtype=float32), array([[0.36700585, 0.37971297, 0.25328124],
       [0.36739483, 0.380285  , 0.2523201 ],
       [0.36267707, 0.37341467, 0.2639083 ]], dtype=float32), array([[0.4925407 , 0.2849351 , 0.22252427],
       [0.40582162, 0.3142326 , 0.27994585],
       [0.3678571 , 0.32492754, 0.3072154 ]], dtype=float32), array([[0.7978965 , 0.12026711, 0.08183639],
       [0.46264282, 0.28218046, 0.25517666],
       [0.38651   , 0.31329712, 0.3001928 ]], dtype=float32), array([[0.50169456, 0.27997166, 0.2183338 ],
       [0.40856984, 0.3125774 , 0.27885273],
       [0.3700928 , 0.32390106, 0.30600616]], dtype=float32), array([[0.37156656, 0.37460595, 0.25382754],
       [0.37167457, 0.3747243 , 0.25360113],
       [0.36643627, 0.36899686, 0.2645668 ]], dtype=float32), array([[0.36506373, 0.37813988, 0.25679648],
       [0.36544812, 0.37872052, 0.25583136],
       [0.36114445, 0.37228233, 0.26657322]], dtype=float32), array([[0.67978555, 0.20154552, 0.11866895],
       [0.59631705, 0.2411419 , 0.16254109],
       [0.55744016, 0.2580597 , 0.18450004]], dtype=float32), array([[0.50096935, 0.28094104, 0.21808954],
       [0.40934607, 0.3127153 , 0.27793863],
       [0.37043798, 0.32400686, 0.30555514]], dtype=float32), array([[0.5111262 , 0.27496523, 0.21390857],
       [0.40392026, 0.31335023, 0.2827295 ],
       [0.36207852, 0.3257826 , 0.31213894]], dtype=float32), array([[0.66692686, 0.21026772, 0.12280539],
       [0.5885479 , 0.246813  , 0.16463922],
       [0.5497896 , 0.26333165, 0.18687874]], dtype=float32), array([[0.36124927, 0.3826991 , 0.25605163],
       [0.36178994, 0.3837751 , 0.25443497],
       [0.35793427, 0.3762301 , 0.26583567]], dtype=float32), array([[0.4964597 , 0.28466386, 0.21887645],
       [0.4089598 , 0.3139537 , 0.27708656],
       [0.3688331 , 0.32501096, 0.30615592]], dtype=float32), array([[0.6630757 , 0.213836  , 0.12308826],
       [0.58663845, 0.24923596, 0.16412552],
       [0.5470995 , 0.26591083, 0.18698965]], dtype=float32), array([[0.36484495, 0.38164663, 0.25350845],
       [0.36532614, 0.38245308, 0.25222084],
       [0.36085787, 0.37506402, 0.26407817]], dtype=float32), array([[0.35891268, 0.3847981 , 0.25628918],
       [0.3595038 , 0.3861796 , 0.25431654],
       [0.35596043, 0.37807283, 0.26596674]], dtype=float32), array([[0.78621083, 0.12842415, 0.085365  ],
       [0.46017024, 0.28452554, 0.25530425],
       [0.3793644 , 0.3166379 , 0.3039977 ]], dtype=float32), array([[0.3613362 , 0.38506278, 0.25360096],
       [0.36192903, 0.38631436, 0.2517566 ],
       [0.35793155, 0.3780403 , 0.26402813]], dtype=float32), array([[0.6634363 , 0.21490207, 0.12166168],
       [0.5869835 , 0.25026175, 0.16275476],
       [0.5460355 , 0.2674333 , 0.1865312 ]], dtype=float32), array([[0.3593558 , 0.38676026, 0.25388396],
       [0.35998502, 0.38827768, 0.2517373 ],
       [0.35627288, 0.3795356 , 0.26419154]], dtype=float32), array([[0.76746935, 0.14022613, 0.09230454],
       [0.4719632 , 0.2808521 , 0.24718465],
       [0.3924985 , 0.31228948, 0.2952121 ]], dtype=float32), array([[0.3590384 , 0.38678035, 0.25418133],
       [0.35966945, 0.38832578, 0.2520048 ],
       [0.35600224, 0.37955847, 0.26443934]], dtype=float32), array([[0.48149788, 0.29299432, 0.22550772],
       [0.40332896, 0.31719622, 0.27947488],
       [0.36336023, 0.32712862, 0.30951113]], dtype=float32)]",1,0,0,0,0,0,16.42136752136752,21.077777777777776,0.0001566972885294158,2000,56000,0.0003497325643428424,10.08,10.08,56000,2000,0.33581878737525106,23810,0.0393447157605,28.0,999.0,0.0,867132,0.0,1.0,0.0013802934991,30969,370.0458758627084,10403.373046875,0.0,-0.0017687479266896844,999.0,0.4722185432910919,0.002324105007573962,6.190508884174051e-06,0.19644153118133545,1.0,0.0013802934991,867132,81158,0.3471669554710388,-1.0,28.0,30969,370.0465034599895,2604000,1734264,61938,104968,93000,0,1111.252983960354,6342859.868087805,6683792.820179718,0.00029247350867227955,9.592922510342795e-05,2,1.0067001111073661,100,10.5,0.17353084671306607,9.5,28.0,4.4762996046367716e-05,0.0015085236793674994,50,56100,1.0067001111073661,10.0,2,1400,2.0,0.00035305542458244707,2800,0.00015643860522092024,10.0,2800,100,10.0,100,1.9815754864282497e-05,3.281577530660196e-05,6.660938289037422e-06,7.464320004155215e-06,4.197431202092399e-05,2.772516577829683e-05,2.849062319652015e-05,2.1400805634372577e-05,1.530355909753908e-05,0.0001447463857299377,4.63947916146442e-05,0.05292481583956994,0.0066090008701291895,0.05283026593217099,0.17206022317140543,0.0302475281953656,0.020183009033143646,0.00016369383608697084,841.0,3025848,0.34979668,0.2195006161928177,108066,-0.09050548076629639,868.0,75.59893035888672,1.0,0.0008669215603731573,498.0,0.4722185730934143,0.00016174431948456913,841.0,3025848,0.0,868.0,108066,498.0,6051696,651000,216132,18228000,10985.524308069156,1.5445838429043544e-05,0.0001471541365210377,2.1888170076045418e-05,4.53190854701764e-05,2.8435314010759945e-05,2.8391731500982376e-05,1.9782161986330794e-05,3.311988252451864e-05,7.200172368950601e-06,6.4625587976536055e-06,4.1313070478141825e-05
1,58000,False,29,ca05a_00000,2025-08-17_23-56-58,1755475018,80.93108057975769,2486.4337832927704,758452,intrinsic-attention2,10.156.0.3,2486.4337832927704,29,88.32702267692088,1.7769617262143805e-05,88.32675262079292,2.555231051187756,85.42589666779497,0.001951538859958973,2000,1.0067001111073661,9.98,2,10.5,0.0002652160037541762,2.523586564502147,29000,9.5,28.0,4.448589853962004e-05,2,0.0014738424494862557,2.0,1000,58000,9.294569626508297e-05,1.0067001111073661,459.9204227887357,2000.0,3000.0,"[array([-2.3068376, -2.3068376, -2.3068376], dtype=float32), array([-2.3021014, -2.3021014, -2.3021014], dtype=float32), array([-2.2975008, -2.2975008, -2.2975008], dtype=float32), array([-2.293125, -2.293125, -2.293125], dtype=float32), array([-2.2889478, -2.2889478, -2.2889478], dtype=float32), array([-2.2851121, -2.2851121, -2.2851121], dtype=float32), array([-2.2814138, -2.2814138, -2.2814138], dtype=float32), array([-2.2780607, -2.2780607, -2.2780607], dtype=float32), array([-2.2748494, -2.2748494, -2.2748494], dtype=float32), array([-2.2717168, -2.2717168, -2.2717168], dtype=float32), array([-2.268671, -2.268671, -2.268671], dtype=float32), array([-2.2658029, -2.2658029, -2.2658029], dtype=float32), array([-2.2629719, -2.2629719, -2.2629719], dtype=float32), array([-2.260168, -2.260168, -2.260168], dtype=float32), array([-2.2572536, -2.2572536, -2.2572536], dtype=float32), array([-2.2540834, -2.2540834, -2.2540834], dtype=float32), array([-2.2488954, -2.2488954, -2.2488954], dtype=float32), array([-2.1804671, -2.1804671, -2.1804671], dtype=float32), array([-2.0928197, -2.0928197, -2.0928197], dtype=float32), array([-1.9877071, -1.9877071, -1.9877071], dtype=float32), array([-1.8754979, -1.8754979, -1.8754979], dtype=float32), array([-1.7405171, -1.7405171, -1.7405171], dtype=float32), array([-1.6074508, -1.6074508, -1.6074508], dtype=float32), array([-1.4765371, -1.4765371, -1.4765371], dtype=float32), array([-1.3551527, -1.3551527, -1.3551527], dtype=float32), array([-1.2414628, -1.2414628, -1.2414628], dtype=float32), array([-1.1343384, -1.1343384, -1.1343384], dtype=float32), array([-1.0344896, -1.0344896, -1.0344896], dtype=float32), array([-0.9389618, -0.9389618, -0.9389618], dtype=float32), array([-0.84910595, -0.84910595, -0.84910595], dtype=float32), array([-0.7646319, -0.7646319, -0.7646319], dtype=float32)]","[array([nan, nan, nan], dtype=float32), array([nan, nan, nan], dtype=float32), array([nan, nan, nan], dtype=float32), array([nan, nan, nan], dtype=float32), array([nan, nan, nan], dtype=float32), array([nan, nan, nan], dtype=float32), array([nan, nan, nan], dtype=float32), array([nan, nan, nan], dtype=float32), array([nan, nan, nan], dtype=float32), array([nan, nan, nan], dtype=float32), array([nan, nan, nan], dtype=float32), array([nan, nan, nan], dtype=float32), array([nan, nan, nan], dtype=float32), array([nan, nan, nan], dtype=float32), array([nan, nan, nan], dtype=float32), array([nan, nan, nan], dtype=float32), array([nan, nan, nan], dtype=float32), array([nan, nan, nan], dtype=float32), array([nan, nan, nan], dtype=float32), array([nan, nan, nan], dtype=float32), array([nan, nan, nan], dtype=float32), array([nan, nan, nan], dtype=float32), array([nan, nan, nan], dtype=float32), array([nan, nan, nan], dtype=float32), array([nan, nan, nan], dtype=float32), array([nan, nan, nan], dtype=float32), array([nan, nan, nan], dtype=float32), array([nan, nan, nan], dtype=float32), array([nan, nan, nan], dtype=float32), array([nan, nan, nan], dtype=float32), array([nan, nan, nan], dtype=float32)]","[array([[0.78264576, 0.13163677, 0.08571746],
       [0.45836526, 0.28615344, 0.25548124],
       [0.37306714, 0.31933188, 0.30760095]], dtype=float32), array([[0.3524926 , 0.3947519 , 0.2527555 ],
       [0.35312515, 0.39754325, 0.24933164],
       [0.3505031 , 0.38651308, 0.26298386]], dtype=float32), array([[0.47439376, 0.29999134, 0.22561494],
       [0.40363464, 0.31974202, 0.27662334],
       [0.36083385, 0.32881263, 0.31035352]], dtype=float32), array([[0.34404215, 0.4028488 , 0.253109  ],
       [0.34433892, 0.4074352 , 0.24822582],
       [0.34331974, 0.3939074 , 0.2627729 ]], dtype=float32), array([[0.7520488 , 0.15255108, 0.09540009],
       [0.47340155, 0.2831689 , 0.24342959],
       [0.38483566, 0.31643564, 0.29872873]], dtype=float32), array([[0.48877546, 0.29336655, 0.21785802],
       [0.40073445, 0.31941265, 0.27985293],
       [0.35116097, 0.33023   , 0.31860897]], dtype=float32), array([[0.4703066 , 0.30431017, 0.22538318],
       [0.40331668, 0.32159093, 0.27509236],
       [0.35829398, 0.32996422, 0.31174177]], dtype=float32), array([[0.33961266, 0.40789694, 0.2524904 ],
       [0.33957845, 0.4137551 , 0.24666648],
       [0.33950922, 0.39840722, 0.26208356]], dtype=float32), array([[0.3424108 , 0.40598243, 0.25160673],
       [0.342587  , 0.41122666, 0.24618638],
       [0.34192997, 0.39647457, 0.26159546]], dtype=float32), array([[0.62852854, 0.24410681, 0.1273646 ],
       [0.56744444, 0.27028042, 0.16227515],
       [0.5234126 , 0.28688243, 0.18970494]], dtype=float32), array([[0.3406053 , 0.40532595, 0.25406882],
       [0.34067392, 0.41074204, 0.24858394],
       [0.34034118, 0.3961884 , 0.26347038]], dtype=float32), array([[0.34065998, 0.40490255, 0.2544375 ],
       [0.34073758, 0.41026732, 0.24899514],
       [0.34038246, 0.39582884, 0.26378873]], dtype=float32), array([[0.46839935, 0.30344102, 0.22815958],
       [0.40032658, 0.321417  , 0.27825645],
       [0.35684744, 0.32987466, 0.31327793]], dtype=float32), array([[0.7374735 , 0.16045766, 0.10206896],
       [0.4637468 , 0.2871541 , 0.24909908],
       [0.37771085, 0.31894612, 0.30334306]], dtype=float32), array([[0.47900158, 0.2964016 , 0.22459689],
       [0.39446798, 0.32082415, 0.28470778],
       [0.34739348, 0.33089182, 0.3217146 ]], dtype=float32), array([[0.7371656 , 0.16047812, 0.10235628],
       [0.46107906, 0.28811598, 0.25080496],
       [0.37501794, 0.31982622, 0.30515587]], dtype=float32), array([[0.3395417 , 0.40393177, 0.25652656],
       [0.3395557 , 0.40939403, 0.2510502 ],
       [0.33938107, 0.39510533, 0.2655136 ]], dtype=float32), array([[0.7327944 , 0.16454408, 0.10266152],
       [0.46618667, 0.28727293, 0.24654035],
       [0.377056  , 0.3196014 , 0.3033426 ]], dtype=float32), array([[0.73734   , 0.1625598 , 0.1001002 ],
       [0.47478098, 0.28417322, 0.24104577],
       [0.3846899 , 0.31717232, 0.29813778]], dtype=float32), array([[0.34955   , 0.4069022 , 0.24354775],
       [0.35008255, 0.41131726, 0.23860016],
       [0.3480748 , 0.39634988, 0.2555754 ]], dtype=float32), array([[0.3489634 , 0.41086283, 0.2401737 ],
       [0.34943953, 0.41576007, 0.23480041],
       [0.34763828, 0.3996004 , 0.2527613 ]], dtype=float32), array([[0.4923011 , 0.30044657, 0.20725237],
       [0.42526814, 0.318484  , 0.25624785],
       [0.3755806 , 0.32807133, 0.29634807]], dtype=float32), array([[0.6639817 , 0.22732341, 0.10869488],
       [0.5976554 , 0.25781408, 0.14453053],
       [0.54881763, 0.2775696 , 0.17361276]], dtype=float32), array([[0.38898477, 0.39020222, 0.22081296],
       [0.38903278, 0.39025152, 0.22071572],
       [0.3800451 , 0.3810197 , 0.23893519]], dtype=float32), array([[0.7054705 , 0.19934975, 0.09517974],
       [0.62784266, 0.23758739, 0.13456994],
       [0.57806396, 0.25950408, 0.16243196]], dtype=float32), array([[0.8272141 , 0.11180392, 0.06098205],
       [0.5806613 , 0.23783956, 0.18149911],
       [0.48609543, 0.2785661 , 0.23533845]], dtype=float32), array([[0.72900355, 0.18574251, 0.08525394],
       [0.647676  , 0.2272061 , 0.12511794],
       [0.59595364, 0.25082523, 0.1532211 ]], dtype=float32), array([[0.85300994, 0.09642173, 0.05056829],
       [0.61153805, 0.22301933, 0.16544259],
       [0.51549286, 0.26591522, 0.2185919 ]], dtype=float32), array([[0.664201  , 0.20799802, 0.12780096],
       [0.5088964 , 0.27675384, 0.2143497 ],
       [0.44040892, 0.30190808, 0.25768298]], dtype=float32), array([[0.87707764, 0.08106229, 0.04186005],
       [0.64224863, 0.20677659, 0.15097474],
       [0.54911137, 0.24996588, 0.20092276]], dtype=float32), array([[0.77950925, 0.15150957, 0.06898117],
       [0.6874482 , 0.20111373, 0.11143811],
       [0.6357891 , 0.22636867, 0.13784228]], dtype=float32)]",1,0,0,0,0,0,13.2,20.099999999999994,0.00015578086931476837,2000,58000,0.00034667449974789096,9.98,9.98,58000,2000,0.33557696657153196,23810,0.0393447157605,29.0,999.0,0.0,898101,0.0,1.0,0.0013802934991,30969,371.0551010860183,11040.1123046875,0.0,0.04578947275876999,999.0,0.4722185432910919,0.10991370677947998,9.285763553634752e-06,0.3488982617855072,1.0,0.0013802934991,898101,81158,0.39451539516448975,-1.0,29.0,30969,371.05570384590106,2697000,1796202,61938,104968,93000,0,1114.2834847959853,6348628.960212664,6686364.253497304,0.0002911199335409037,9.66740948069627e-05,2,1.0067001111073661,100,10.5,0.17304329251594255,-10.5,29.0,4.515661449965949e-05,0.0015060864094994032,50,58100,1.0067001111073661,8.0,2,1450,2.0,0.0003567013585619402,2900,0.0001570083076033148,8.0,2900,100,8.0,100,1.9957725434575958e-05,3.2763891330084594e-05,6.489320682361572e-06,7.335900279380108e-06,4.1363119233205825e-05,2.79903292734546e-05,2.865862013965228e-05,2.1442957906941687e-05,1.5525494734001404e-05,0.00014218112366304501,4.5962927809612814e-05,0.05291270003109772,0.006603788591420978,0.052757278062864385,0.1719959713596353,0.03022142990334398,0.02012095921277704,0.0001637751875852284,871.0,3133914,0.26877517,0.28683599829673767,108066,-1.0,899.0,84.5042724609375,1.0,-0.09085821360349655,498.0,0.4722185730934143,0.06752379238605499,871.0,3133914,0.0,899.0,108066,498.0,6267828,651000,216132,18879000,10977.473646608752,1.5431944144439227e-05,0.00014997323370305622,2.189169327348531e-05,4.590734540784173e-05,2.8562060656544154e-05,2.8426540774254747e-05,1.9997351931948117e-05,3.309402693253825e-05,7.305248410737909e-06,6.517817434573204e-06,4.138238862732189e-05
1,60000,False,30,ca05a_00000,2025-08-17_23-58-19,1755475099,81.02869868278503,2567.4624819755554,758452,intrinsic-attention2,10.156.0.3,2567.4624819755554,30,88.25263413621171,1.7693641159755935e-05,88.25236392556494,2.5543193222259255,85.35266495345702,0.0019511336513603906,2000,1.0067001111073661,8.98,2,10.5,0.0002652160037541762,2.5226857614871054,30000,-10.5,29.0,4.445431016058523e-05,2,0.0014832036904408596,2.0,1000,60000,9.628834394308927e-05,1.0067001111073661,446.74375795849085,2000.0,3000.0,"[array([-0.68604815, -0.68604815, -0.68604815], dtype=float32), array([-0.6153279, -0.6153279, -0.6153279], dtype=float32), array([-0.55148363, -0.55148363, -0.55148363], dtype=float32), array([-0.49345452, -0.49345452, -0.49345452], dtype=float32), array([-0.44127095, -0.44127095, -0.44127095], dtype=float32), array([-0.39456654, -0.39456654, -0.39456654], dtype=float32), array([-0.35199928, -0.35199928, -0.35199928], dtype=float32), array([-0.31378266, -0.31378266, -0.31378266], dtype=float32), array([-0.2796326, -0.2796326, -0.2796326], dtype=float32), array([-0.24862933, -0.24862933, -0.24862933], dtype=float32), array([-0.22006798, -0.22006798, -0.22006798], dtype=float32), array([-0.19450527, -0.19450527, -0.19450527], dtype=float32), array([-0.1712973, -0.1712973, -0.1712973], dtype=float32), array([-0.15052436, -0.15052436, -0.15052436], dtype=float32), array([-0.13098694, -0.13098694, -0.13098694], dtype=float32), array([-0.11255433, -0.11255433, -0.11255433], dtype=float32), array([-0.09592617, -0.09592617, -0.09592617], dtype=float32), array([-0.08082546, -0.08082546, -0.08082546], dtype=float32), array([-0.06723463, -0.06723463, -0.06723463], dtype=float32), array([-0.05389112, -0.05389112, -0.05389112], dtype=float32), array([-0.04130821, -0.04130821, -0.04130821], dtype=float32), array([-0.03001206, -0.03001206, -0.03001206], dtype=float32), array([-0.01951424, -0.01951424, -0.01951424], dtype=float32), array([-0.01024245, -0.01024245, -0.01024245], dtype=float32), array([-0.00143106, -0.00143106, -0.00143106], dtype=float32), array([0.0062107, 0.0062107, 0.0062107], dtype=float32), array([0.01318872, 0.01318872, 0.01318872], dtype=float32), array([0.01919884, 0.01919884, 0.01919884], dtype=float32), array([0.02516269, 0.02516269, 0.02516269], dtype=float32), array([0.0311273, 0.0311273, 0.0311273], dtype=float32), array([0.03622675, 0.03622675, 0.03622675], dtype=float32)]","[array([-0.68604815, -0.68604815, -0.68604815], dtype=float32), array([-0.61532784, -0.61532784, -0.61532784], dtype=float32), array([-0.5514836, -0.5514836, -0.5514836], dtype=float32), array([-0.49345452, -0.49345452, -0.49345452], dtype=float32), array([-0.44127098, -0.44127098, -0.44127098], dtype=float32), array([-0.3945665, -0.3945665, -0.3945665], dtype=float32), array([-0.35199928, -0.35199928, -0.35199928], dtype=float32), array([-0.31378266, -0.31378266, -0.31378266], dtype=float32), array([-0.2796326, -0.2796326, -0.2796326], dtype=float32), array([-0.24862935, -0.24862935, -0.24862935], dtype=float32), array([-0.22006798, -0.22006798, -0.22006798], dtype=float32), array([-0.1945053, -0.1945053, -0.1945053], dtype=float32), array([-0.17129728, -0.17129728, -0.17129728], dtype=float32), array([-0.15052436, -0.15052436, -0.15052436], dtype=float32), array([-0.13098693, -0.13098693, -0.13098693], dtype=float32), array([-0.11255433, -0.11255433, -0.11255433], dtype=float32), array([-0.09592618, -0.09592618, -0.09592618], dtype=float32), array([-0.08082546, -0.08082546, -0.08082546], dtype=float32), array([-0.06723463, -0.06723463, -0.06723463], dtype=float32), array([-0.05389112, -0.05389112, -0.05389112], dtype=float32), array([-0.0413082, -0.0413082, -0.0413082], dtype=float32), array([-0.03001206, -0.03001206, -0.03001206], dtype=float32), array([-0.01951425, -0.01951425, -0.01951425], dtype=float32), array([-0.01024245, -0.01024245, -0.01024245], dtype=float32), array([-0.00143106, -0.00143106, -0.00143106], dtype=float32), array([0.0062107, 0.0062107, 0.0062107], dtype=float32), array([0.01318872, 0.01318872, 0.01318872], dtype=float32), array([0.01919884, 0.01919884, 0.01919884], dtype=float32), array([0.02516269, 0.02516269, 0.02516269], dtype=float32), array([0.0311273, 0.0311273, 0.0311273], dtype=float32), array([0.03622676, 0.03622676, 0.03622676], dtype=float32)]","[array([[0.77910465, 0.15214853, 0.06874681],
       [0.68852854, 0.2010201 , 0.11045143],
       [0.63711596, 0.22619516, 0.13668889]], dtype=float32), array([[0.67557   , 0.20616926, 0.11826077],
       [0.55400395, 0.26175037, 0.18424562],
       [0.4928656 , 0.28575644, 0.22137795]], dtype=float32), array([[0.8035709 , 0.13643008, 0.05999893],
       [0.70908654, 0.18871047, 0.10220298],
       [0.65650517, 0.2151638 , 0.12833107]], dtype=float32), array([[0.8000366 , 0.13907547, 0.06088797],
       [0.70744675, 0.1902274 , 0.10232585],
       [0.6552067 , 0.21646559, 0.12832771]], dtype=float32), array([[0.49788254, 0.33368698, 0.16843043],
       [0.48460156, 0.33586678, 0.1795317 ],
       [0.46154064, 0.33875442, 0.19970496]], dtype=float32), array([[0.7946265 , 0.13299939, 0.07237415],
       [0.59702355, 0.23342283, 0.16955361],
       [0.515424  , 0.26899636, 0.21557973]], dtype=float32), array([[0.62715244, 0.3063083 , 0.06653928],
       [0.59188694, 0.32097363, 0.08713945],
       [0.50668806, 0.3433977 , 0.14991425]], dtype=float32), array([[0.5266194 , 0.317363  , 0.15601762],
       [0.5080994 , 0.3220153 , 0.16988537],
       [0.48163107, 0.32757017, 0.19079874]], dtype=float32), array([[0.80881214, 0.1247363 , 0.06645159],
       [0.6117734 , 0.22632453, 0.16190206],
       [0.529319  , 0.26294613, 0.20773485]], dtype=float32), array([[0.8255495 , 0.1227751 , 0.05167538],
       [0.7313937 , 0.17624763, 0.09235869],
       [0.67856705, 0.20358507, 0.11784794]], dtype=float32), array([[0.53944623, 0.31039864, 0.1501551 ],
       [0.5186689 , 0.316246  , 0.16508515],
       [0.49078447, 0.3229152 , 0.18630023]], dtype=float32), array([[0.37426606, 0.49071258, 0.13502137],
       [0.37419316, 0.50166094, 0.12414587],
       [0.37033498, 0.44653526, 0.1831297 ]], dtype=float32), array([[0.74923736, 0.16549316, 0.08526948],
       [0.61938906, 0.23090109, 0.14970984],
       [0.5538441 , 0.25981292, 0.18634301]], dtype=float32), array([[0.2646103 , 0.5781679 , 0.15722173],
       [0.24073128, 0.6328071 , 0.12646171],
       [0.27958134, 0.54010236, 0.18031627]], dtype=float32), array([[0.74465567, 0.16866985, 0.08667445],
       [0.61884886, 0.23185365, 0.14929746],
       [0.55433387, 0.2602468 , 0.1854193 ]], dtype=float32), array([[0.8388848 , 0.10654641, 0.05456878],
       [0.6392126 , 0.21229354, 0.1484938 ],
       [0.5541403 , 0.2513491 , 0.19451062]], dtype=float32), array([[0.750155  , 0.16539848, 0.08444656],
       [0.6237858 , 0.22928378, 0.14693038],
       [0.5591538 , 0.25796276, 0.18288343]], dtype=float32), array([[0.76369494, 0.15691315, 0.07939183],
       [0.63264114, 0.22405253, 0.14330637],
       [0.56674325, 0.25373358, 0.17952329]], dtype=float32), array([[0.85243714, 0.1048644 , 0.04269846],
       [0.7561963 , 0.160922  , 0.0828817 ],
       [0.70298046, 0.18922709, 0.10779252]], dtype=float32), array([[0.71333456, 0.20346995, 0.08319551],
       [0.6614261 , 0.23014618, 0.10842773],
       [0.6211629 , 0.24903758, 0.12979952]], dtype=float32), array([[0.2590841 , 0.5907209 , 0.150195  ],
       [0.2336914 , 0.64718556, 0.11912297],
       [0.2750244 , 0.5513797 , 0.17359596]], dtype=float32), array([[0.7589729 , 0.16015577, 0.08087137],
       [0.6319112 , 0.22506613, 0.14302264],
       [0.56711227, 0.2541941 , 0.17869367]], dtype=float32), array([[0.77149945, 0.15221876, 0.07628179],
       [0.63993853, 0.22021803, 0.13984342],
       [0.57394   , 0.250275  , 0.175785  ]], dtype=float32), array([[0.3791073 , 0.49806276, 0.12282991],
       [0.378975  , 0.5082508 , 0.11277421],
       [0.37495166, 0.45243323, 0.17261511]], dtype=float32), array([[0.8567754 , 0.10198683, 0.04123777],
       [0.76065534, 0.1582215 , 0.08112314],
       [0.70752984, 0.18661667, 0.1058535 ]], dtype=float32), array([[0.8571404 , 0.10175455, 0.04110501],
       [0.7610528 , 0.15799509, 0.08095208],
       [0.7079232 , 0.18640542, 0.1056714 ]], dtype=float32), array([[0.97200984, 0.01954373, 0.00844645],
       [0.7669749 , 0.13775162, 0.09527347],
       [0.66342145, 0.19068374, 0.14589478]], dtype=float32), array([[0.85803056, 0.10110596, 0.04086344],
       [0.76187474, 0.15741546, 0.08070978],
       [0.708843  , 0.18579517, 0.10536186]], dtype=float32), array([[0.7641966 , 0.15706667, 0.07873671],
       [0.63698345, 0.2224619 , 0.14055462],
       [0.57213557, 0.2518388 , 0.17602552]], dtype=float32), array([[0.56909233, 0.29345483, 0.13745284],
       [0.5428661 , 0.30239907, 0.15473486],
       [0.5120101 , 0.31157422, 0.17641562]], dtype=float32), array([[0.8581264 , 0.1011283 , 0.04074527],
       [0.7621473 , 0.15737364, 0.08047901],
       [0.70901567, 0.18582101, 0.10516337]], dtype=float32)]",1,0,0,0,0,0,13.216379310344829,20.099999999999994,0.0001561240713132287,2000,60000,0.0003478888417399667,8.98,8.98,60000,2000,0.3353482475358082,23810,0.0393447157605,30.0,999.0,0.0,929070,0.0,1.0,0.0013802934991,30969,372.00458491712817,10832.353515625,0.0,-0.01963341049849987,999.0,0.4722185432910919,0.025129403918981552,9.285763553634752e-06,0.3008301556110382,1.0,0.0013802934991,929070,81158,0.3291584253311157,-1.0,30.0,30969,372.00516617713697,2790000,1858140,61938,104968,93000,0,1117.1346153530183,6348350.111019428,6686615.305025494,0.00028973160421223287,9.767266548595558e-05,2,1.0067001111073661,100,10.5,0.17257604230073711,-10.5,30.0,4.59981371334069e-05,0.0015277348594099748,50,60100,1.0067001111073661,6.6,2,1500,2.0,0.0003616898516377585,3000,0.00015977671905658298,6.6,3000,100,6.6,100,1.9977241005310468e-05,3.2576414182663624e-05,6.4607184856812795e-06,7.168635095770541e-06,4.1942973495223756e-05,2.7924310068738787e-05,2.846829772310561e-05,2.1983716756656112e-05,1.555389792256962e-05,0.00014288023797930612,4.5961508668881134e-05,0.05290220278079078,0.0065998178456042654,0.052701367612327674,0.17191573103597094,0.03019691590437704,0.02006519714054815,0.00016382570569498298,901.0,3241980,0.2877395,0.30121049284935,108066,-0.03859853744506836,930.0,92.30278778076172,1.0,-0.06425050646066666,498.0,0.4722185730934143,0.01995844580233097,901.0,3241980,0.0,930.0,108066,498.0,6483960,651000,216132,19530000,10971.796157647892,1.5854807562106346e-05,0.00015158969663327753,2.198124067047162e-05,4.6285384326921865e-05,2.8828465615931593e-05,2.877580080467274e-05,2.022191704743549e-05,3.368944572080679e-05,7.355031329333741e-06,6.733730789198843e-06,4.2107196583386256e-05
1,62000,False,31,ca05a_00000,2025-08-17_23-59-41,1755475181,81.84072828292847,2649.303210258484,758452,intrinsic-attention2,10.156.0.3,2649.303210258484,31,88.18712795000958,1.7625604733365622e-05,88.18685714494927,2.553679786203714,85.28799242177244,0.0019485606548238462,2000,1.0067001111073661,8.8,2,10.5,0.0002652160037541762,2.5220467280722234,31000,-10.5,30.0,4.50157665272397e-05,2,0.0015063621703302488,2.0,1000,62000,9.52104359386839e-05,1.0067001111073661,433.79661704450007,2000.0,3000.0,"[array([0.04084035, 0.04084035, 0.04084035], dtype=float32), array([0.04514148, 0.04514148, 0.04514148], dtype=float32), array([0.04928285, 0.04928285, 0.04928285], dtype=float32), array([0.05346584, 0.05346584, 0.05346584], dtype=float32), array([0.0571915, 0.0571915, 0.0571915], dtype=float32), array([0.06083662, 0.06083662, 0.06083662], dtype=float32), array([0.06410337, 0.06410337, 0.06410337], dtype=float32), array([0.0672267, 0.0672267, 0.0672267], dtype=float32), array([0.07037193, 0.07037193, 0.07037193], dtype=float32), array([0.07341187, 0.07341187, 0.07341187], dtype=float32), array([0.0764504, 0.0764504, 0.0764504], dtype=float32), array([0.07930331, 0.07930331, 0.07930331], dtype=float32), array([0.08219147, 0.08219147, 0.08219147], dtype=float32), array([0.08513606, 0.08513606, 0.08513606], dtype=float32), array([0.08780897, 0.08780897, 0.08780897], dtype=float32), array([0.09019948, 0.09019948, 0.09019948], dtype=float32), array([0.09271011, 0.09271011, 0.09271011], dtype=float32), array([0.09507439, 0.09507439, 0.09507439], dtype=float32), array([0.09716448, 0.09716448, 0.09716448], dtype=float32), array([0.09930824, 0.09930824, 0.09930824], dtype=float32), array([0.10139394, 0.10139394, 0.10139394], dtype=float32), array([0.10336047, 0.10336047, 0.10336047], dtype=float32), array([0.10536169, 0.10536169, 0.10536169], dtype=float32), array([0.10733429, 0.10733429, 0.10733429], dtype=float32), array([0.1091008, 0.1091008, 0.1091008], dtype=float32), array([0.11111794, 0.11111794, 0.11111794], dtype=float32), array([0.1131352, 0.1131352, 0.1131352], dtype=float32), array([0.11511757, 0.11511757, 0.11511757], dtype=float32), array([0.11725215, 0.11725215, 0.11725215], dtype=float32), array([0.11953522, 0.11953522, 0.11953522], dtype=float32), array([0.12184569, 0.12184569, 0.12184569], dtype=float32)]","[array([0.04084035, 0.04084035, 0.04084035], dtype=float32), array([0.04514149, 0.04514149, 0.04514149], dtype=float32), array([0.04928285, 0.04928285, 0.04928285], dtype=float32), array([0.05346583, 0.05346583, 0.05346583], dtype=float32), array([0.05719152, 0.05719152, 0.05719152], dtype=float32), array([0.06083662, 0.06083662, 0.06083662], dtype=float32), array([0.06410337, 0.06410337, 0.06410337], dtype=float32), array([0.0672267, 0.0672267, 0.0672267], dtype=float32), array([0.07037193, 0.07037193, 0.07037193], dtype=float32), array([0.07341187, 0.07341187, 0.07341187], dtype=float32), array([0.0764504, 0.0764504, 0.0764504], dtype=float32), array([0.07930332, 0.07930332, 0.07930332], dtype=float32), array([0.08219147, 0.08219147, 0.08219147], dtype=float32), array([0.08513605, 0.08513605, 0.08513605], dtype=float32), array([0.08780897, 0.08780897, 0.08780897], dtype=float32), array([0.09019951, 0.09019951, 0.09019951], dtype=float32), array([0.09271009, 0.09271009, 0.09271009], dtype=float32), array([0.09507438, 0.09507438, 0.09507438], dtype=float32), array([0.09716447, 0.09716447, 0.09716447], dtype=float32), array([0.09930823, 0.09930823, 0.09930823], dtype=float32), array([0.10139394, 0.10139394, 0.10139394], dtype=float32), array([0.10336047, 0.10336047, 0.10336047], dtype=float32), array([0.10536169, 0.10536169, 0.10536169], dtype=float32), array([0.10733429, 0.10733429, 0.10733429], dtype=float32), array([0.1091008, 0.1091008, 0.1091008], dtype=float32), array([0.11111795, 0.11111795, 0.11111795], dtype=float32), array([0.11313517, 0.11313517, 0.11313517], dtype=float32), array([0.11511759, 0.11511759, 0.11511759], dtype=float32), array([0.11725217, 0.11725217, 0.11725217], dtype=float32), array([0.11953523, 0.11953523, 0.11953523], dtype=float32), array([0.12184568, 0.12184568, 0.12184568], dtype=float32)]","[array([[0.9479102 , 0.03649475, 0.01559509],
       [0.7824214 , 0.13346419, 0.08411445],
       [0.7007425 , 0.17629124, 0.12296619]], dtype=float32), array([[0.77659714, 0.14932463, 0.07407828],
       [0.6453881 , 0.21757388, 0.13703799],
       [0.5792404 , 0.2479245 , 0.17283508]], dtype=float32), array([[0.5697222 , 0.29325762, 0.1370202 ],
       [0.5434329 , 0.30224568, 0.15432142],
       [0.51247776, 0.3114727 , 0.17604953]], dtype=float32), array([[0.77694625, 0.1491396 , 0.07391413],
       [0.6458173 , 0.2173804 , 0.13680224],
       [0.57965696, 0.24775358, 0.17258944]], dtype=float32), array([[0.57009447, 0.29299933, 0.1369062 ],
       [0.54372644, 0.30203366, 0.15423991],
       [0.51275015, 0.31129032, 0.17595954]], dtype=float32), array([[0.8592666 , 0.10032459, 0.04040885],
       [0.76325727, 0.15663552, 0.08010717],
       [0.71021837, 0.18506446, 0.10471714]], dtype=float32), array([[0.77872545, 0.14789407, 0.07338047],
       [0.64719236, 0.21645133, 0.13635635],
       [0.5812325 , 0.24680968, 0.1719578 ]], dtype=float32), array([[0.8615162 , 0.0923353 , 0.0461485 ],
       [0.6609688 , 0.20055422, 0.13847704],
       [0.5749834 , 0.24102524, 0.18399137]], dtype=float32), array([[0.9495279 , 0.03534461, 0.01512755],
       [0.78563803, 0.13145944, 0.08290251],
       [0.7050341 , 0.17382406, 0.12114192]], dtype=float32), array([[0.8515545 , 0.10544743, 0.04299806],
       [0.7566308 , 0.16073194, 0.08263727],
       [0.70424485, 0.18862653, 0.10712861]], dtype=float32), array([[0.6518424 , 0.29830083, 0.04985671],
       [0.61826736, 0.31466094, 0.06707159],
       [0.52897114, 0.34334058, 0.12768836]], dtype=float32), array([[0.8521319 , 0.10500325, 0.04286484],
       [0.75710046, 0.1603603 , 0.08253925],
       [0.70479554, 0.18822245, 0.10698199]], dtype=float32), array([[0.9461378 , 0.03761999, 0.01624223],
       [0.78184515, 0.1337279 , 0.08442699],
       [0.7020288 , 0.17558543, 0.12238577]], dtype=float32), array([[0.77115256, 0.15249999, 0.07634746],
       [0.64300174, 0.21885195, 0.1381464 ],
       [0.5786342 , 0.24831711, 0.17304873]], dtype=float32), array([[0.574952  , 0.28909314, 0.13595495],
       [0.54734623, 0.29883128, 0.1538224 ],
       [0.5161962 , 0.30847147, 0.17533238]], dtype=float32), array([[0.8620749 , 0.09817012, 0.0397549 ],
       [0.76558775, 0.15480569, 0.07960646],
       [0.7129582 , 0.18306531, 0.10397638]], dtype=float32), array([[0.9504066 , 0.03473979, 0.01485363],
       [0.7875809 , 0.13031311, 0.08210596],
       [0.70744985, 0.17249227, 0.1200579 ]], dtype=float32), array([[0.85201937, 0.10515983, 0.04282077],
       [0.75710636, 0.1604704 , 0.08242328],
       [0.70468247, 0.18840048, 0.10691702]], dtype=float32), array([[0.8616329 , 0.09854299, 0.03982408],
       [0.76527417, 0.15510978, 0.07961604],
       [0.7125281 , 0.18342803, 0.10404385]], dtype=float32), array([[0.9502603 , 0.03486679, 0.01487295],
       [0.78752476, 0.13042657, 0.08204874],
       [0.7071759 , 0.17272292, 0.12010121]], dtype=float32), array([[0.5588086 , 0.2998214 , 0.14136995],
       [0.5349652 , 0.30748445, 0.15755026],
       [0.5054539 , 0.3157044 , 0.17884171]], dtype=float32), array([[0.5585623 , 0.3000635 , 0.14137422],
       [0.5347914 , 0.30768728, 0.15752131],
       [0.5052802 , 0.31588584, 0.17883402]], dtype=float32), array([[0.9766856 , 0.01635718, 0.00695729],
       [0.778517  , 0.1311241 , 0.09035885],
       [0.6752741 , 0.1842684 , 0.14045756]], dtype=float32), array([[0.9458374 , 0.03793715, 0.01622545],
       [0.78216296, 0.13385706, 0.08397988],
       [0.7016004 , 0.17613102, 0.12226857]], dtype=float32), array([[0.5719641 , 0.29186502, 0.1361708 ],
       [0.5452427 , 0.30111083, 0.15364645],
       [0.51411074, 0.31051844, 0.1753709 ]], dtype=float32), array([[0.945659  , 0.03810066, 0.01624031],
       [0.7820776 , 0.13402098, 0.08390144],
       [0.70117474, 0.1764753 , 0.12234998]], dtype=float32), array([[0.85027504, 0.10679056, 0.04293431],
       [0.75611705, 0.1617307 , 0.0821523 ],
       [0.70305353, 0.18999724, 0.10694915]], dtype=float32), array([[0.9494906 , 0.03553405, 0.01497537],
       [0.78703517, 0.13112266, 0.08184212],
       [0.7054601 , 0.17406937, 0.12047062]], dtype=float32), array([[0.55532604, 0.30324262, 0.14143136],
       [0.5324981 , 0.31035787, 0.15714397],
       [0.50299954, 0.3182671 , 0.17873341]], dtype=float32), array([[0.85912824, 0.10081005, 0.04006169],
       [0.76376617, 0.15688522, 0.07934862],
       [0.7101646 , 0.18565744, 0.10417799]], dtype=float32), array([[0.9451748 , 0.03853057, 0.01629464],
       [0.781766  , 0.13447334, 0.08376069],
       [0.70004463, 0.17735772, 0.12259766]], dtype=float32)]",1,0,0,0,0,0,13.308547008547007,20.099999999999994,0.00015964141364997517,2000,62000,0.00035763347976339074,8.8,8.8,62000,2000,0.33517302022046913,23810,0.0393447157605,31.0,999.0,0.0,960039,0.0,1.0,0.0013802934991,30969,372.7741119567644,9236.8408203125,0.0,-0.010766822844743729,999.0,0.4722185432910919,0.012784942053258419,9.285763553634752e-06,0.25176841020584106,1.0,0.0013802934991,960039,81158,0.3380925953388214,-1.0,31.0,30969,372.77467054233153,2883000,1920078,61938,104968,93000,0,1119.4453411193235,6351583.6986143,6690260.602743605,0.0002886105381620732,9.67540245285093e-05,2,1.0067001111073661,100,10.5,0.1720952980577668,-10.5,31.0,4.55845265653178e-05,0.0015259684596094303,50,62100,1.0067001111073661,8.2,2,1550,2.0,0.00035663424130813487,3100,0.00016011200087709594,8.2,3100,100,8.2,100,2.0329420332715257e-05,3.324051630549924e-05,6.648471614987699e-06,7.466210600491752e-06,4.337730782546008e-05,2.8485110962344276e-05,2.8906771861729006e-05,2.2346617264452103e-05,1.597831559889984e-05,0.00014700821636491946,4.782314715240034e-05,0.052904442973011896,0.006594708417161187,0.052643166816194256,0.17187677760570733,0.030181317925306046,0.020004331079138803,0.0001639089586904813,931.0,3350046,0.2953585,0.2544138431549072,108066,-0.019505739212036133,961.0,90.53466033935547,1.0,-0.05521373450756073,498.0,0.4722185730934143,0.010709978640079498,931.0,3350046,0.0,961.0,108066,498.0,6700092,651000,216132,20181000,10962.259242137856,1.556038131923091e-05,0.00014930625437358677,2.1668921454949862e-05,4.591658719572326e-05,2.866598773481981e-05,2.8408012122960035e-05,2.1180133447037604e-05,3.3402060759500936e-05,7.516786854619707e-06,6.654166195975518e-06,4.202070655863062e-05
1,64000,False,32,ca05a_00000,2025-08-18_00-01-03,1755475263,82.04720330238342,2731.3504135608673,758452,intrinsic-attention2,10.156.0.3,2731.3504135608673,32,88.12432475314948,1.7556958643954213e-05,88.12405338616975,2.5532495977916896,85.22578000868472,0.001946297838323134,2000,1.0067001111073661,9.24,2,10.5,0.0002652160037541762,2.5216229068915044,32000,-10.5,31.0,4.563137530128556e-05,2,0.001501768300367985,2.0,1000,64000,9.512137487563346e-05,1.0067001111073661,421.088381689569,2000.0,3000.0,"[array([0.12417867, 0.12417867, 0.12417867], dtype=float32), array([0.1265464, 0.1265464, 0.1265464], dtype=float32), array([0.12903228, 0.12903228, 0.12903228], dtype=float32), array([0.13141634, 0.13141634, 0.13141634], dtype=float32), array([0.13359894, 0.13359894, 0.13359894], dtype=float32), array([0.13576902, 0.13576902, 0.13576902], dtype=float32), array([0.13786364, 0.13786364, 0.13786364], dtype=float32), array([0.13990115, 0.13990115, 0.13990115], dtype=float32), array([0.1421131, 0.1421131, 0.1421131], dtype=float32), array([0.14433025, 0.14433025, 0.14433025], dtype=float32), array([0.14649571, 0.14649571, 0.14649571], dtype=float32), array([0.14881992, 0.14881992, 0.14881992], dtype=float32), array([0.15117654, 0.15117654, 0.15117654], dtype=float32), array([0.15360762, 0.15360762, 0.15360762], dtype=float32), array([0.15601598, 0.15601598, 0.15601598], dtype=float32), array([0.1583965, 0.1583965, 0.1583965], dtype=float32), array([0.1607186, 0.1607186, 0.1607186], dtype=float32), array([0.163284, 0.163284, 0.163284], dtype=float32), array([0.16574146, 0.16574146, 0.16574146], dtype=float32), array([0.1681772, 0.1681772, 0.1681772], dtype=float32), array([0.17057681, 0.17057681, 0.17057681], dtype=float32), array([0.17306845, 0.17306845, 0.17306845], dtype=float32), array([0.17545438, 0.17545438, 0.17545438], dtype=float32), array([0.17793359, 0.17793359, 0.17793359], dtype=float32), array([0.18056321, 0.18056321, 0.18056321], dtype=float32), array([0.183388, 0.183388, 0.183388], dtype=float32), array([0.18612288, 0.18612288, 0.18612288], dtype=float32), array([0.18880248, 0.18880248, 0.18880248], dtype=float32), array([0.19134969, 0.19134969, 0.19134969], dtype=float32), array([0.1939532, 0.1939532, 0.1939532], dtype=float32), array([0.19660257, 0.19660257, 0.19660257], dtype=float32)]","[array([0.12417869, 0.12417869, 0.12417869], dtype=float32), array([0.1265464, 0.1265464, 0.1265464], dtype=float32), array([0.1290323, 0.1290323, 0.1290323], dtype=float32), array([0.13141634, 0.13141634, 0.13141634], dtype=float32), array([0.13359895, 0.13359895, 0.13359895], dtype=float32), array([0.13576905, 0.13576905, 0.13576905], dtype=float32), array([0.13786364, 0.13786364, 0.13786364], dtype=float32), array([0.13990115, 0.13990115, 0.13990115], dtype=float32), array([0.14211313, 0.14211313, 0.14211313], dtype=float32), array([0.14433025, 0.14433025, 0.14433025], dtype=float32), array([0.1464957, 0.1464957, 0.1464957], dtype=float32), array([0.14881994, 0.14881994, 0.14881994], dtype=float32), array([0.15117656, 0.15117656, 0.15117656], dtype=float32), array([0.15360767, 0.15360767, 0.15360767], dtype=float32), array([0.15601599, 0.15601599, 0.15601599], dtype=float32), array([0.15839651, 0.15839651, 0.15839651], dtype=float32), array([0.16071859, 0.16071859, 0.16071859], dtype=float32), array([0.16328399, 0.16328399, 0.16328399], dtype=float32), array([0.1657415, 0.1657415, 0.1657415], dtype=float32), array([0.16817723, 0.16817723, 0.16817723], dtype=float32), array([0.17057686, 0.17057686, 0.17057686], dtype=float32), array([0.17306842, 0.17306842, 0.17306842], dtype=float32), array([0.17545438, 0.17545438, 0.17545438], dtype=float32), array([0.17793357, 0.17793357, 0.17793357], dtype=float32), array([0.18056321, 0.18056321, 0.18056321], dtype=float32), array([0.18338802, 0.18338802, 0.18338802], dtype=float32), array([0.18612286, 0.18612286, 0.18612286], dtype=float32), array([0.1888025, 0.1888025, 0.1888025], dtype=float32), array([0.19134967, 0.19134967, 0.19134967], dtype=float32), array([0.19395317, 0.19395317, 0.19395317], dtype=float32), array([0.19660255, 0.19660255, 0.19660255], dtype=float32)]","[array([[0.94926065, 0.03574015, 0.01499924],
       [0.78691244, 0.1313338 , 0.0817538 ],
       [0.7049169 , 0.17450446, 0.12057874]], dtype=float32), array([[0.7674315 , 0.15584777, 0.07672077],
       [0.64156765, 0.22091037, 0.13752198],
       [0.57593423, 0.25077847, 0.17328724]], dtype=float32), array([[0.858228  , 0.10159966, 0.04017237],
       [0.76317865, 0.15751286, 0.07930855],
       [0.709312  , 0.18642154, 0.10426636]], dtype=float32), array([[0.9485252 , 0.03633703, 0.01513777],
       [0.7861141 , 0.13206816, 0.08181768],
       [0.7032333 , 0.17569058, 0.12107604]], dtype=float32), array([[0.55042917, 0.3078454 , 0.14172542],
       [0.5289417 , 0.3142427 , 0.15681562],
       [0.49954045, 0.32168964, 0.1787699 ]], dtype=float32), array([[0.97310907, 0.01898112, 0.00790981],
       [0.7730525 , 0.13519722, 0.09175022],
       [0.66656554, 0.189844  , 0.14359045]], dtype=float32), array([[0.8547884 , 0.10452481, 0.04068672],
       [0.7607877 , 0.1598623 , 0.07934999],
       [0.7060726 , 0.18919058, 0.1047368 ]], dtype=float32), array([[0.94324213, 0.04011079, 0.01664714],
       [0.7795786 , 0.1364445 , 0.08397692],
       [0.6954962 , 0.18051621, 0.12398755]], dtype=float32), array([[0.86375123, 0.09199812, 0.04425065],
       [0.66474956, 0.20009553, 0.13515484],
       [0.5741453 , 0.24269153, 0.18316318]], dtype=float32), array([[0.8530113 , 0.10610107, 0.04088762],
       [0.7596478 , 0.16110395, 0.07924826],
       [0.7044197 , 0.19069399, 0.10488635]], dtype=float32), array([[0.75988895, 0.16199175, 0.07811933],
       [0.6373569 , 0.22499065, 0.13765253],
       [0.56998926, 0.2552716 , 0.17473911]], dtype=float32), array([[0.94727075, 0.03743093, 0.01529829],
       [0.78491014, 0.13341565, 0.08167417],
       [0.69983625, 0.17817587, 0.12198795]], dtype=float32), array([[0.844756  , 0.11186274, 0.04338121],
       [0.7528104 , 0.16567473, 0.08151478],
       [0.69793665, 0.19487236, 0.107191  ]], dtype=float32), array([[0.8461895 , 0.11065964, 0.04315088],
       [0.7538321 , 0.16471136, 0.08145662],
       [0.6992577 , 0.19377089, 0.10697152]], dtype=float32), array([[0.9739379 , 0.01842197, 0.00764012],
       [0.77483904, 0.13420089, 0.09096004],
       [0.668004  , 0.18908367, 0.1429124 ]], dtype=float32), array([[0.54957765, 0.30860487, 0.14181754],
       [0.5283465 , 0.3148748 , 0.15677874],
       [0.49902683, 0.32222944, 0.17874375]], dtype=float32), array([[0.9745455 , 0.01796536, 0.00748909],
       [0.7757789 , 0.13346331, 0.09075781],
       [0.6697546 , 0.18796127, 0.1422841 ]], dtype=float32), array([[0.9747766 , 0.01779228, 0.00743097],
       [0.7761153 , 0.13319543, 0.09068925],
       [0.67037636, 0.18755744, 0.14206621]], dtype=float32), array([[0.7675008 , 0.15627484, 0.07622439],
       [0.64223784, 0.22109453, 0.13666771],
       [0.57591146, 0.25125852, 0.17283   ]], dtype=float32), array([[0.7667321 , 0.15690622, 0.07636176],
       [0.64185274, 0.22149573, 0.13665159],
       [0.5753603 , 0.25170013, 0.17293957]], dtype=float32), array([[0.7765879 , 0.15068962, 0.0727224 ],
       [0.64807147, 0.21778128, 0.13414724],
       [0.5802563 , 0.24888223, 0.17086153]], dtype=float32), array([[0.860354  , 0.094089  , 0.04555697],
       [0.6625013 , 0.20127901, 0.13621977],
       [0.5729395 , 0.2433023 , 0.18375821]], dtype=float32), array([[0.7052419 , 0.21228877, 0.08246934],
       [0.65749323, 0.23666516, 0.10584152],
       [0.6167378 , 0.2555641 , 0.12769817]], dtype=float32), array([[0.85340744, 0.10596915, 0.0406233 ],
       [0.7602054 , 0.16094731, 0.07884731],
       [0.70476264, 0.19067898, 0.10455836]], dtype=float32), array([[0.7598816 , 0.16238578, 0.07773265],
       [0.63803685, 0.22508588, 0.1368773 ],
       [0.5702334 , 0.25555402, 0.1742126 ]], dtype=float32), array([[0.5396935 , 0.3176387 , 0.14266784],
       [0.5209866 , 0.32258707, 0.15642628],
       [0.49203187, 0.328915  , 0.17905317]], dtype=float32), array([[0.84920394, 0.10955261, 0.04124348],
       [0.75728226, 0.16380638, 0.0789113 ],
       [0.7008838 , 0.19399695, 0.10511916]], dtype=float32), array([[0.9719249 , 0.02004384, 0.00803124],
       [0.772673  , 0.13655543, 0.09077157],
       [0.6610377 , 0.19381098, 0.14515129]], dtype=float32), array([[0.83781004, 0.11800326, 0.04418674],
       [0.7482465 , 0.17050157, 0.08125193],
       [0.6915917 , 0.20055841, 0.10784992]], dtype=float32), array([[0.9442138 , 0.039996  , 0.01579026],
       [0.7823432 , 0.13619293, 0.08146387],
       [0.69347686, 0.18290569, 0.12361747]], dtype=float32), array([[0.8354571 , 0.12000433, 0.04453863],
       [0.74659836, 0.17208372, 0.081318  ],
       [0.6894858 , 0.20234156, 0.10817271]], dtype=float32)]",1,0,0,0,0,0,13.23076923076923,20.099999999999994,0.00015950704320149683,2000,64000,0.0003561670292430006,9.24,9.24,64000,2000,0.33502773606829045,23810,0.0393447157605,32.0,999.0,0.0,991008,0.0,1.0,0.0013802934991,30969,373.416069981231,5217.2294921875,0.0,-0.007675629109144211,999.0,0.4722185432910919,0.0027594787534326315,4.642881776817376e-06,0.24501679837703705,1.0,0.0013802934991,991008,81158,0.3411930501461029,-1.0,32.0,30969,373.41660551518095,2976000,1982016,61938,104968,93000,0,1121.372983644797,6357841.862745919,6699273.678073311,0.00028730002277535234,9.817191067443215e-05,2,1.0067001111073661,100,10.5,0.17163688283709247,-10.5,32.0,4.5938103688356125e-05,0.0015294131799601018,50,64100,1.0067001111073661,8.8,2,1600,2.0,0.00036201847300062166,3200,0.0001592958168007996,8.8,3200,100,8.8,100,2.026788713864503e-05,3.356698345858632e-05,6.671621754691989e-06,7.38630600930203e-06,4.255732165879859e-05,2.8627597915701673e-05,2.9153391343358978e-05,2.2011027156177097e-05,1.563791446861892e-05,0.0001464710589631973,4.6848343920039436e-05,0.05291380346321647,0.006594603153022377,0.052583246458110515,0.17185007700977017,0.030159470136125886,0.01995681928834528,0.0001639774391488316,961.0,3458112,0.30091614,0.23392240703105927,108066,-0.0067119598388671875,992.0,89.91191101074219,1.0,-0.04851951450109482,498.0,0.4722185730934143,0.0034422536846250296,961.0,3458112,0.0,992.0,108066,498.0,6916224,651000,216132,20832000,10948.507593126613,1.612134166753882e-05,0.0001517663329414089,2.203303093674688e-05,4.655213018013524e-05,2.915585193843139e-05,2.9029248459874158e-05,2.0440863671145934e-05,3.3808545560161106e-05,7.387803326990581e-06,6.556743793777402e-06,4.2319148447110635e-05
1,66000,False,33,ca05a_00000,2025-08-18_00-02-25,1755475345,81.96947145462036,2813.3198850154877,758452,intrinsic-attention2,10.156.0.3,2813.3198850154877,33,88.06139893975802,1.7482818962558586e-05,88.06112738727802,2.5524952162837273,85.16385344369775,0.001943623279828956,2000,1.0067001111073661,8.99,2,10.5,0.0002652160037541762,2.520872988152616,33000,-10.5,32.0,4.4242855932578043e-05,2,0.0014703987700340803,2.0,1000,66000,9.258325354703058e-05,1.0067001111073661,408.6274160805671,2000.0,3000.0,"[array([0.19931062, 0.19931062, 0.19931062], dtype=float32), array([0.20199326, 0.20199326, 0.20199326], dtype=float32), array([0.20444392, 0.20444392, 0.20444392], dtype=float32), array([0.20675704, 0.20675704, 0.20675704], dtype=float32), array([0.20891477, 0.20891477, 0.20891477], dtype=float32), array([0.21092027, 0.21092027, 0.21092027], dtype=float32), array([0.21279764, 0.21279764, 0.21279764], dtype=float32), array([0.21451738, 0.21451738, 0.21451738], dtype=float32), array([0.21611615, 0.21611615, 0.21611615], dtype=float32), array([0.2176351, 0.2176351, 0.2176351], dtype=float32), array([0.21905589, 0.21905589, 0.21905589], dtype=float32), array([0.22040513, 0.22040513, 0.22040513], dtype=float32), array([0.22172695, 0.22172695, 0.22172695], dtype=float32), array([0.22301203, 0.22301203, 0.22301203], dtype=float32), array([0.22423199, 0.22423199, 0.22423199], dtype=float32), array([0.22539546, 0.22539546, 0.22539546], dtype=float32), array([0.22654937, 0.22654937, 0.22654937], dtype=float32), array([0.22764543, 0.22764543, 0.22764543], dtype=float32), array([0.22874406, 0.22874406, 0.22874406], dtype=float32), array([0.22985962, 0.22985962, 0.22985962], dtype=float32), array([0.23095375, 0.23095375, 0.23095375], dtype=float32), array([0.2320051, 0.2320051, 0.2320051], dtype=float32), array([0.23306231, 0.23306231, 0.23306231], dtype=float32), array([0.234119, 0.234119, 0.234119], dtype=float32), array([0.23517656, 0.23517656, 0.23517656], dtype=float32), array([0.2362375, 0.2362375, 0.2362375], dtype=float32), array([0.23728971, 0.23728971, 0.23728971], dtype=float32), array([0.23832896, 0.23832896, 0.23832896], dtype=float32), array([0.23937915, 0.23937915, 0.23937915], dtype=float32), array([0.24041352, 0.24041352, 0.24041352], dtype=float32), array([0.24146649, 0.24146649, 0.24146649], dtype=float32)]","[array([0.19931062, 0.19931062, 0.19931062], dtype=float32), array([0.20199329, 0.20199329, 0.20199329], dtype=float32), array([0.20444387, 0.20444387, 0.20444387], dtype=float32), array([0.206757, 0.206757, 0.206757], dtype=float32), array([0.20891479, 0.20891479, 0.20891479], dtype=float32), array([0.21092023, 0.21092023, 0.21092023], dtype=float32), array([0.21279772, 0.21279772, 0.21279772], dtype=float32), array([0.21451741, 0.21451741, 0.21451741], dtype=float32), array([0.21611609, 0.21611609, 0.21611609], dtype=float32), array([0.21763505, 0.21763505, 0.21763505], dtype=float32), array([0.2190559, 0.2190559, 0.2190559], dtype=float32), array([0.22040513, 0.22040513, 0.22040513], dtype=float32), array([0.22172698, 0.22172698, 0.22172698], dtype=float32), array([0.22301205, 0.22301205, 0.22301205], dtype=float32), array([0.22423206, 0.22423206, 0.22423206], dtype=float32), array([0.22539549, 0.22539549, 0.22539549], dtype=float32), array([0.22654939, 0.22654939, 0.22654939], dtype=float32), array([0.22764541, 0.22764541, 0.22764541], dtype=float32), array([0.22874409, 0.22874409, 0.22874409], dtype=float32), array([0.2298596, 0.2298596, 0.2298596], dtype=float32), array([0.23095381, 0.23095381, 0.23095381], dtype=float32), array([0.23200509, 0.23200509, 0.23200509], dtype=float32), array([0.23306236, 0.23306236, 0.23306236], dtype=float32), array([0.23411901, 0.23411901, 0.23411901], dtype=float32), array([0.23517656, 0.23517656, 0.23517656], dtype=float32), array([0.23623747, 0.23623747, 0.23623747], dtype=float32), array([0.23728974, 0.23728974, 0.23728974], dtype=float32), array([0.23832904, 0.23832904, 0.23832904], dtype=float32), array([0.23937914, 0.23937914, 0.23937914], dtype=float32), array([0.24041352, 0.24041352, 0.24041352], dtype=float32), array([0.24146646, 0.24146646, 0.24146646], dtype=float32)]","[array([[0.5289305 , 0.3273972 , 0.14367224],
       [0.51280373, 0.3310462 , 0.15614998],
       [0.4844045 , 0.33612514, 0.17947038]], dtype=float32), array([[0.52771145, 0.32845253, 0.14383599],
       [0.51185745, 0.33196765, 0.15617488],
       [0.48354036, 0.33689928, 0.17956035]], dtype=float32), array([[0.83320194, 0.12186655, 0.04493156],
       [0.74494267, 0.17356871, 0.0814886 ],
       [0.6874728 , 0.20396817, 0.10855903]], dtype=float32), array([[0.53679985, 0.3230286 , 0.14017153],
       [0.51923126, 0.32738215, 0.15338655],
       [0.48957014, 0.33329013, 0.17713976]], dtype=float32), array([[0.26488286, 0.57510227, 0.16001488],
       [0.24261077, 0.6264495 , 0.13093977],
       [0.27856916, 0.5403552 , 0.18107572]], dtype=float32), array([[0.8311706 , 0.12354048, 0.04528888],
       [0.7434463 , 0.17490256, 0.08165111],
       [0.68566746, 0.2054205 , 0.10891202]], dtype=float32), array([[0.94110364, 0.0423754 , 0.01652102],
       [0.7781487 , 0.1392729 , 0.08257846],
       [0.6870444 , 0.18701044, 0.12594514]], dtype=float32), array([[0.8385698 , 0.11832713, 0.04310306],
       [0.7494569 , 0.17084466, 0.07969845],
       [0.6912554 , 0.20179853, 0.1069461 ]], dtype=float32), array([[0.8383118 , 0.11851345, 0.04317477],
       [0.749229  , 0.1710019 , 0.07976902],
       [0.6910196 , 0.20195177, 0.10702869]], dtype=float32), array([[0.97088504, 0.02094544, 0.00816953],
       [0.7710548 , 0.13826236, 0.09068292],
       [0.65522057, 0.1975696 , 0.14720984]], dtype=float32), array([[0.5332735 , 0.32562554, 0.14110096],
       [0.516423  , 0.32961327, 0.1539637 ],
       [0.48708874, 0.33512697, 0.17778435]], dtype=float32), array([[0.5223733 , 0.33254868, 0.14507799],
       [0.5075954 , 0.3355396 , 0.15686496],
       [0.4797551 , 0.33984548, 0.1803994 ]], dtype=float32), array([[0.6630178 , 0.28080815, 0.05617403],
       [0.6218416 , 0.30090255, 0.07725586],
       [0.5331862 , 0.33113465, 0.13567917]], dtype=float32), array([[0.84739643, 0.1042807 , 0.04832286],
       [0.65551007, 0.20801008, 0.13647988],
       [0.5604594 , 0.25181678, 0.18772388]], dtype=float32), array([[0.75127494, 0.17000242, 0.07872265],
       [0.63266253, 0.23061989, 0.13671757],
       [0.5614526 , 0.26201177, 0.1765356 ]], dtype=float32), array([[0.74205405, 0.17599662, 0.08194925],
       [0.62700766, 0.23419374, 0.13879862],
       [0.55688673, 0.26475164, 0.17836161]], dtype=float32), array([[0.75094986, 0.17024717, 0.07880292],
       [0.632454  , 0.23078531, 0.13676077],
       [0.56120634, 0.26217592, 0.17661782]], dtype=float32), array([[0.97087324, 0.0209665 , 0.00816028],
       [0.77061874, 0.13854879, 0.09083247],
       [0.65420544, 0.19812389, 0.14767073]], dtype=float32), array([[0.6634183 , 0.28011674, 0.056465  ],
       [0.6219064 , 0.30037126, 0.07772236],
       [0.53330845, 0.33064288, 0.13604864]], dtype=float32), array([[0.9708157 , 0.0210161 , 0.00816809],
       [0.7705317 , 0.13864006, 0.09082814],
       [0.6538977 , 0.19832224, 0.14777996]], dtype=float32), array([[0.51891065, 0.33552063, 0.14556865],
       [0.50487894, 0.3381609 , 0.15696017],
       [0.47731355, 0.34202456, 0.18066192]], dtype=float32), array([[0.84624225, 0.10522261, 0.04853514],
       [0.65488386, 0.20864737, 0.13646878],
       [0.5592337 , 0.25264752, 0.18811873]], dtype=float32), array([[0.82800287, 0.1261186 , 0.04587855],
       [0.74103546, 0.17698082, 0.08198366],
       [0.6828026 , 0.20766003, 0.10953734]], dtype=float32), array([[0.74110156, 0.17686962, 0.08202884],
       [0.62667346, 0.234712  , 0.13861446],
       [0.5563075 , 0.26531923, 0.1783733 ]], dtype=float32), array([[0.52975786, 0.32849354, 0.14174855],
       [0.51367563, 0.33210114, 0.15422325],
       [0.48463234, 0.33719525, 0.17817235]], dtype=float32), array([[0.9710895 , 0.02082392, 0.00808665],
       [0.7710355 , 0.1383373 , 0.09062716],
       [0.6543615 , 0.19805953, 0.14757906]], dtype=float32), array([[0.93723273, 0.04512952, 0.01763777],
       [0.7735819 , 0.14223659, 0.0841814 ],
       [0.6822082 , 0.18995193, 0.12783982]], dtype=float32), array([[0.9372918 , 0.0450821 , 0.01762619],
       [0.77363306, 0.14218922, 0.08417769],
       [0.682304  , 0.18988281, 0.12781318]], dtype=float32), array([[0.9408488 , 0.04259882, 0.01655243],
       [0.7777149 , 0.13964008, 0.08264505],
       [0.68608654, 0.18763384, 0.12627959]], dtype=float32), array([[0.8289857 , 0.12526225, 0.04575209],
       [0.7416878 , 0.17631903, 0.08199317],
       [0.6836437 , 0.20691675, 0.10943962]], dtype=float32), array([[0.9370085 , 0.04530944, 0.01768207],
       [0.77333134, 0.14244664, 0.08422197],
       [0.68175507, 0.1902584 , 0.12798657]], dtype=float32)]",1,0,0,0,0,0,13.225641025641027,20.099999999999994,0.0001566162383506269,2000,66000,0.0003465530026154035,8.99,8.99,66000,2000,0.33480267416763,23810,0.0393447157605,33.0,999.0,0.0,1021977,0.0,1.0,0.0013802934991,30969,374.0393447575574,2317.985107421875,0.0,-0.025341251865029335,999.0,0.4722185432910919,0.004224435891956091,2.321440888408688e-06,0.2033793330192566,1.0,0.0013802934991,1021977,81158,0.3235849142074585,-1.0,33.0,30969,374.03986079077026,3069000,2043954,61938,104968,93000,0,1123.2445289264272,6355813.717118496,6696773.463522053,0.00028597645241897356,9.622923141873615e-05,2,1.0067001111073661,100,10.5,0.17115638160862004,-10.5,33.0,4.535717256525702e-05,0.0015222695698321332,50,66100,1.0067001111073661,9.0,2,1650,2.0,0.00035527664230277197,3300,0.00015786611046241008,9.0,3300,100,9.0,100,1.9836137734266522e-05,3.275170138594907e-05,6.490091563078791e-06,7.31562537891477e-06,4.223426470936943e-05,2.810384526498355e-05,2.8263016084800342e-05,2.1487344765968442e-05,1.5270540309052295e-05,0.00014203944267289403,4.596187474145623e-05,0.052926573018670646,0.006592718961440562,0.05251672445352109,0.1717571281096197,0.030135722754867946,0.019903363345538664,0.000164031394767063,991.0,3566178,0.30834267,0.23168431222438812,108066,0.004701972007751465,1023.0,90.24076080322266,1.0,-0.04087483882904053,498.0,0.4722185730934143,0.0020620881114155054,991.0,3566178,0.0,1023.0,108066,498.0,7132356,651000,216132,21483000,10934.52546357996,1.559082481514037e-05,0.00014830049462269773,2.198304671973475e-05,4.5658321899799915e-05,2.8596507627234635e-05,2.8514260193156976e-05,2.0071474974298206e-05,3.353273663994118e-05,7.425908457128024e-06,6.524133231694828e-06,4.161602937836019e-05
1,68000,False,34,ca05a_00000,2025-08-18_00-03-47,1755475427,82.30671739578247,2895.62660241127,758452,intrinsic-attention2,10.156.0.3,2895.62660241127,34,88.00244793918047,1.7406360701242694e-05,88.00217597589514,2.5517016101408703,85.10593042777077,0.0019415432568950406,2000,1.0067001111073661,9.77,2,10.5,0.0002652160037541762,2.520083123581089,34000,-9.5,33.0,4.445845317345036e-05,2,0.0014729576105310116,2.0,1000,68000,9.304877842325432e-05,1.0067001111073661,396.42080197743235,2000.0,3000.0,"[array([0.24244076, 0.24244076, 0.24244076], dtype=float32), array([0.24336201, 0.24336201, 0.24336201], dtype=float32), array([0.2442114, 0.2442114, 0.2442114], dtype=float32), array([0.24503082, 0.24503082, 0.24503082], dtype=float32), array([0.24578999, 0.24578999, 0.24578999], dtype=float32), array([0.24648473, 0.24648473, 0.24648473], dtype=float32), array([0.2471442, 0.2471442, 0.2471442], dtype=float32), array([0.24776313, 0.24776313, 0.24776313], dtype=float32), array([0.24832389, 0.24832389, 0.24832389], dtype=float32), array([0.24886444, 0.24886444, 0.24886444], dtype=float32), array([0.24936797, 0.24936797, 0.24936797], dtype=float32), array([0.2498412, 0.2498412, 0.2498412], dtype=float32), array([0.2502866, 0.2502866, 0.2502866], dtype=float32), array([0.25070435, 0.25070435, 0.25070435], dtype=float32), array([0.25111586, 0.25111586, 0.25111586], dtype=float32), array([0.25147587, 0.25147587, 0.25147587], dtype=float32), array([0.25180554, 0.25180554, 0.25180554], dtype=float32), array([0.25214583, 0.25214583, 0.25214583], dtype=float32), array([0.25246006, 0.25246006, 0.25246006], dtype=float32), array([0.25275064, 0.25275064, 0.25275064], dtype=float32), array([0.2530084, 0.2530084, 0.2530084], dtype=float32), array([0.25328848, 0.25328848, 0.25328848], dtype=float32), array([0.2535343, 0.2535343, 0.2535343], dtype=float32), array([0.25379702, 0.25379702, 0.25379702], dtype=float32), array([0.25403327, 0.25403327, 0.25403327], dtype=float32), array([0.25422627, 0.25422627, 0.25422627], dtype=float32), array([0.2543657, 0.2543657, 0.2543657], dtype=float32), array([0.254503, 0.254503, 0.254503], dtype=float32), array([0.25464204, 0.25464204, 0.25464204], dtype=float32), array([0.2547822, 0.2547822, 0.2547822], dtype=float32), array([0.25489238, 0.25489238, 0.25489238], dtype=float32)]","[array([0.2424408, 0.2424408, 0.2424408], dtype=float32), array([0.24336204, 0.24336204, 0.24336204], dtype=float32), array([0.24421142, 0.24421142, 0.24421142], dtype=float32), array([0.2450308, 0.2450308, 0.2450308], dtype=float32), array([0.24578996, 0.24578996, 0.24578996], dtype=float32), array([0.24648473, 0.24648473, 0.24648473], dtype=float32), array([0.24714418, 0.24714418, 0.24714418], dtype=float32), array([0.24776311, 0.24776311, 0.24776311], dtype=float32), array([0.2483239, 0.2483239, 0.2483239], dtype=float32), array([0.24886444, 0.24886444, 0.24886444], dtype=float32), array([0.24936797, 0.24936797, 0.24936797], dtype=float32), array([0.24984111, 0.24984111, 0.24984111], dtype=float32), array([0.2502866, 0.2502866, 0.2502866], dtype=float32), array([0.2507044, 0.2507044, 0.2507044], dtype=float32), array([0.25111592, 0.25111592, 0.25111592], dtype=float32), array([0.25147593, 0.25147593, 0.25147593], dtype=float32), array([0.2518055, 0.2518055, 0.2518055], dtype=float32), array([0.2521459, 0.2521459, 0.2521459], dtype=float32), array([0.2524601, 0.2524601, 0.2524601], dtype=float32), array([0.25275064, 0.25275064, 0.25275064], dtype=float32), array([0.2530084, 0.2530084, 0.2530084], dtype=float32), array([0.25328848, 0.25328848, 0.25328848], dtype=float32), array([0.25353426, 0.25353426, 0.25353426], dtype=float32), array([0.25379702, 0.25379702, 0.25379702], dtype=float32), array([0.25403324, 0.25403324, 0.25403324], dtype=float32), array([0.25422633, 0.25422633, 0.25422633], dtype=float32), array([0.25436568, 0.25436568, 0.25436568], dtype=float32), array([0.25450295, 0.25450295, 0.25450295], dtype=float32), array([0.25464207, 0.25464207, 0.25464207], dtype=float32), array([0.25478223, 0.25478223, 0.25478223], dtype=float32), array([0.2548924, 0.2548924, 0.2548924], dtype=float32)]","[array([[0.7499874 , 0.17109314, 0.07891943],
       [0.6320792 , 0.23128949, 0.13663132],
       [0.5606174 , 0.26272038, 0.17666218]], dtype=float32), array([[0.7405475 , 0.17728256, 0.08216988],
       [0.62630266, 0.23499633, 0.13870095],
       [0.5558745 , 0.2655983 , 0.17852713]], dtype=float32), array([[0.73957264, 0.17788589, 0.08254141],
       [0.62550646, 0.2354348 , 0.13905868],
       [0.55512637, 0.265967  , 0.17890665]], dtype=float32), array([[0.5271622 , 0.3305114 , 0.1423264 ],
       [0.51160765, 0.3338572 , 0.15453506],
       [0.48278326, 0.33864388, 0.17857283]], dtype=float32), array([[0.73757327, 0.1792115 , 0.08321521],
       [0.62399733, 0.23636842, 0.1396342 ],
       [0.5536147 , 0.2667963 , 0.1795891 ]], dtype=float32), array([[0.74555105, 0.17407517, 0.08037374],
       [0.6287856 , 0.2333753 , 0.1378391 ],
       [0.5572916 , 0.26459092, 0.17811733]], dtype=float32), array([[0.82437927, 0.12885773, 0.04676305],
       [0.7380732 , 0.17920685, 0.08271995],
       [0.6796274 , 0.2098889 , 0.11048368]], dtype=float32), array([[0.7436753 , 0.1754397 , 0.08088509],
       [0.6275739 , 0.23428132, 0.13814473],
       [0.5559646 , 0.2654459 , 0.17858952]], dtype=float32), array([[0.8315212 , 0.12382022, 0.04465849],
       [0.74382156, 0.17531812, 0.08086033],
       [0.6849369 , 0.20644525, 0.10861786]], dtype=float32), array([[0.8331919 , 0.11390447, 0.05290369],
       [0.64644015, 0.2138949 , 0.13966493],
       [0.55202174, 0.2567852 , 0.19119301]], dtype=float32), array([[0.93738735, 0.04509714, 0.01751547],
       [0.77253705, 0.14296326, 0.08449977],
       [0.67964864, 0.19140263, 0.12894873]], dtype=float32), array([[0.8320624 , 0.12329414, 0.04464347],
       [0.74410796, 0.17492525, 0.08096683],
       [0.6853941 , 0.20596625, 0.10863961]], dtype=float32), array([[0.52570456, 0.331421  , 0.14287442],
       [0.5103912 , 0.33464316, 0.15496565],
       [0.4817152 , 0.33927202, 0.17901284]], dtype=float32), array([[0.83342165, 0.11370336, 0.052875  ],
       [0.6465184 , 0.2137753 , 0.13970628],
       [0.5522423 , 0.25661835, 0.1911394 ]], dtype=float32), array([[0.83161056, 0.12370528, 0.04468415],
       [0.7438212 , 0.17524436, 0.08093441],
       [0.68499047, 0.2063403 , 0.10866927]], dtype=float32), array([[0.5257567 , 0.33155552, 0.14268778],
       [0.5104648 , 0.33476853, 0.15476668],
       [0.4817484 , 0.33939186, 0.17885977]], dtype=float32), array([[0.5262817 , 0.33116367, 0.14255467],
       [0.5108857 , 0.33442733, 0.1546869 ],
       [0.48211822, 0.33911306, 0.17876878]], dtype=float32), array([[0.83439255, 0.12145463, 0.04415281],
       [0.74590594, 0.17345338, 0.08064064],
       [0.6874218 , 0.20443203, 0.10814618]], dtype=float32), array([[0.9398751 , 0.04321924, 0.01690561],
       [0.77588826, 0.14058612, 0.0835256 ],
       [0.68449175, 0.18838008, 0.12712815]], dtype=float32), array([[0.9369836 , 0.04517708, 0.0178394 ],
       [0.7725973 , 0.14250922, 0.08489354],
       [0.68199337, 0.18977527, 0.12823129]], dtype=float32), array([[0.5225454 , 0.33161405, 0.1458406 ],
       [0.5075847 , 0.33468696, 0.15772834],
       [0.47988036, 0.3390695 , 0.18105012]], dtype=float32), array([[0.5239524 , 0.33029237, 0.14575525],
       [0.5086681 , 0.3335216 , 0.15781027],
       [0.48089454, 0.33808425, 0.18102115]], dtype=float32), array([[0.9725706 , 0.01964792, 0.00778151],
       [0.7723794 , 0.13686222, 0.09075841],
       [0.65830594, 0.19531551, 0.14637849]], dtype=float32), array([[0.2649135 , 0.5786181 , 0.15646835],
       [0.24260475, 0.62985873, 0.12753648],
       [0.27910376, 0.54258305, 0.1783132 ]], dtype=float32), array([[0.75006044, 0.16969013, 0.08024941],
       [0.6318277 , 0.22997071, 0.13820153],
       [0.5630203 , 0.2604072 , 0.17657249]], dtype=float32), array([[0.97179914, 0.02013954, 0.00806137],
       [0.7709873 , 0.13750331, 0.09150942],
       [0.6583103 , 0.19520466, 0.14648502]], dtype=float32), array([[0.75136083, 0.16882154, 0.07981762],
       [0.63285434, 0.2293333 , 0.13781239],
       [0.5640929 , 0.25981495, 0.17609216]], dtype=float32), array([[0.97160935, 0.02029616, 0.00809454],
       [0.770926  , 0.13765927, 0.09141461],
       [0.6578122 , 0.19558103, 0.14660671]], dtype=float32), array([[0.84323305, 0.11423248, 0.04253446],
       [0.7524756 , 0.16767898, 0.07984536],
       [0.69530725, 0.19814488, 0.10654785]], dtype=float32), array([[0.74903274, 0.17053278, 0.08043449],
       [0.63133156, 0.23049141, 0.13817704],
       [0.56235635, 0.260949  , 0.17669468]], dtype=float32), array([[0.5384327 , 0.32025397, 0.14131336],
       [0.52020085, 0.32493243, 0.15486674],
       [0.49073935, 0.33109248, 0.17816812]], dtype=float32)]",1,0,0,0,0,0,13.235593220338984,20.099999999999994,0.0001565407841549836,2000,68000,0.00034745788096511083,9.77,9.77,68000,2000,0.33458469462591034,23810,0.0393447157605,34.0,999.0,0.0,1052946,0.0,1.0,0.0013802934991,30969,374.54096922576605,961.9833984375,0.0,-0.018375013023614883,999.0,0.4722185432910919,0.002186327241361141,1.160720444204344e-06,0.20705178380012512,1.0,0.0013802934991,1052946,81158,0.3305460512638092,-0.07176411151885986,34.0,30969,374.5414660062682,3162000,2105892,61938,104968,93000,0,1124.7507597853962,6363706.270286051,6707505.236341546,0.0002847344979434124,9.872041373415972e-05,2,1.0067001111073661,100,10.5,0.17070676636256085,-9.5,34.0,4.5468494963109296e-05,0.0015159279502404389,50,68100,1.0067001111073661,9.8,2,1700,2.0,0.0003587590375583189,3400,0.00015800537194217808,9.8,3400,100,9.8,100,1.9910581197420585e-05,3.287611345000296e-05,6.682418161519166e-06,7.212945280754275e-06,4.196305086468771e-05,2.8201778945073445e-05,2.820272650244192e-05,2.1435046971228594e-05,1.5302105272778965e-05,0.00014281224707101003,4.581724801850948e-05,0.05292026347844535,0.006587846751713714,0.05244574572892915,0.1716870345484854,0.03011944206734096,0.019853051852085343,0.00016407402072948942,1021.0,3674244,0.3354405,0.20209257304668427,108066,0.007091104984283447,1054.0,89.34272003173828,1.0,-0.014118075370788574,498.0,0.4722185730934143,0.003934919834136963,1021.0,3674244,0.0,1054.0,108066,498.0,7348488,651000,216132,22134000,10919.769353935573,1.569506860295155e-05,0.00015080456098070578,2.202349181982365e-05,4.6045835882161695e-05,2.8619352158513408e-05,2.88776523158295e-05,1.9984770486734405e-05,3.339359031417959e-05,7.354717359703072e-06,6.4764227729146876e-06,4.1820579092924874e-05
1,70000,False,35,ca05a_00000,2025-08-18_00-05-10,1755475510,82.56577277183533,2978.1923751831055,758452,intrinsic-attention2,10.156.0.3,2978.1923751831055,35,87.94670258659866,1.732982708599298e-05,87.94643022532627,2.5530413417495783,85.04905345981314,0.0019394951044144554,2000,1.0067001111073661,9.35,2,10.5,0.0002652160037541762,2.5214098660553237,35000,-10.5,34.0,4.446547722861924e-05,2,0.0014829881508194376,2.0,1000,70000,9.387560055009704e-05,1.0067001111073661,384.4738480421851,2000.0,3000.0,"[array([0.25498244, 0.25498244, 0.25498244], dtype=float32), array([0.25439337, 0.25439337, 0.25439337], dtype=float32), array([0.25349236, 0.25349236, 0.25349236], dtype=float32), array([0.25394538, 0.25394538, 0.25394538], dtype=float32), array([0.25435537, 0.25435537, 0.25435537], dtype=float32), array([0.2556384, 0.2556384, 0.2556384], dtype=float32), array([0.25753883, 0.25753883, 0.25753883], dtype=float32), array([0.2591207, 0.2591207, 0.2591207], dtype=float32), array([0.26117295, 0.26117295, 0.26117295], dtype=float32), array([0.2629175, 0.2629175, 0.2629175], dtype=float32), array([0.26589748, 0.26589748, 0.26589748], dtype=float32), array([0.27032024, 0.27032024, 0.27032024], dtype=float32), array([0.2743359, 0.2743359, 0.2743359], dtype=float32), array([0.27869585, 0.27869585, 0.27869585], dtype=float32), array([0.28412488, 0.28412488, 0.28412488], dtype=float32), array([0.2904124, 0.2904124, 0.2904124], dtype=float32), array([0.29770115, 0.29770115, 0.29770115], dtype=float32), array([0.30493066, 0.30493066, 0.30493066], dtype=float32), array([0.31127128, 0.31127128, 0.31127128], dtype=float32), array([0.3185463, 0.3185463, 0.3185463], dtype=float32), array([0.32619843, 0.32619843, 0.32619843], dtype=float32), array([0.3344689, 0.3344689, 0.3344689], dtype=float32), array([0.34142005, 0.34142005, 0.34142005], dtype=float32), array([0.34849915, 0.34849915, 0.34849915], dtype=float32), array([0.35645196, 0.35645196, 0.35645196], dtype=float32), array([0.36474898, 0.36474898, 0.36474898], dtype=float32), array([0.3748469, 0.3748469, 0.3748469], dtype=float32), array([0.38391128, 0.38391128, 0.38391128], dtype=float32), array([0.3930487, 0.3930487, 0.3930487], dtype=float32), array([0.4026552, 0.4026552, 0.4026552], dtype=float32), array([0.41282618, 0.41282618, 0.41282618], dtype=float32)]","[array([0.2549824, 0.2549824, 0.2549824], dtype=float32), array([0.25439337, 0.25439337, 0.25439337], dtype=float32), array([0.25349236, 0.25349236, 0.25349236], dtype=float32), array([0.2539454, 0.2539454, 0.2539454], dtype=float32), array([0.25435534, 0.25435534, 0.25435534], dtype=float32), array([0.25563845, 0.25563845, 0.25563845], dtype=float32), array([0.25753883, 0.25753883, 0.25753883], dtype=float32), array([0.25912067, 0.25912067, 0.25912067], dtype=float32), array([0.26117292, 0.26117292, 0.26117292], dtype=float32), array([0.2629175, 0.2629175, 0.2629175], dtype=float32), array([0.26589742, 0.26589742, 0.26589742], dtype=float32), array([0.27032024, 0.27032024, 0.27032024], dtype=float32), array([0.27433586, 0.27433586, 0.27433586], dtype=float32), array([0.27869588, 0.27869588, 0.27869588], dtype=float32), array([0.28412494, 0.28412494, 0.28412494], dtype=float32), array([0.29041237, 0.29041237, 0.29041237], dtype=float32), array([0.29770118, 0.29770118, 0.29770118], dtype=float32), array([0.30493066, 0.30493066, 0.30493066], dtype=float32), array([0.3112713, 0.3112713, 0.3112713], dtype=float32), array([0.31854627, 0.31854627, 0.31854627], dtype=float32), array([0.32619843, 0.32619843, 0.32619843], dtype=float32), array([0.33446896, 0.33446896, 0.33446896], dtype=float32), array([0.34142002, 0.34142002, 0.34142002], dtype=float32), array([0.34849912, 0.34849912, 0.34849912], dtype=float32), array([0.3564519, 0.3564519, 0.3564519], dtype=float32), array([0.36474898, 0.36474898, 0.36474898], dtype=float32), array([0.37484685, 0.37484685, 0.37484685], dtype=float32), array([0.38391128, 0.38391128, 0.38391128], dtype=float32), array([0.39304873, 0.39304873, 0.39304873], dtype=float32), array([0.40265527, 0.40265527, 0.40265527], dtype=float32), array([0.41282627, 0.41282627, 0.41282627], dtype=float32)]","[array([[0.5268754 , 0.32751566, 0.14560893],
       [0.5108966 , 0.33108208, 0.15802132],
       [0.48298094, 0.3360135 , 0.18100561]], dtype=float32), array([[0.53694874, 0.3213618 , 0.14168945],
       [0.51902646, 0.32588   , 0.15509367],
       [0.48968846, 0.3318801 , 0.1784314 ]], dtype=float32), array([[0.9698739 , 0.02154757, 0.00857854],
       [0.7675615 , 0.13982536, 0.09261321],
       [0.6535443 , 0.19807054, 0.1483852 ]], dtype=float32), array([[0.74871874, 0.17038913, 0.08089215],
       [0.6305146 , 0.2305396 , 0.13894579],
       [0.5619123 , 0.26082808, 0.17725968]], dtype=float32), array([[0.94134843, 0.04175611, 0.01689547],
       [0.7773904 , 0.13860601, 0.08400354],
       [0.69010055, 0.18429793, 0.12560152]], dtype=float32), array([[0.8373163 , 0.11793135, 0.04475233],
       [0.7471974 , 0.1706006 , 0.08220204],
       [0.69103646, 0.20033725, 0.10862624]], dtype=float32), array([[0.76281106, 0.16115701, 0.07603199],
       [0.6398066 , 0.22468537, 0.13550805],
       [0.570199  , 0.25597382, 0.17382714]], dtype=float32), array([[0.52765775, 0.3266527 , 0.14568952],
       [0.51150584, 0.33031395, 0.15818025],
       [0.48364562, 0.3353412 , 0.18101326]], dtype=float32), array([[0.97453755, 0.01824195, 0.00722045],
       [0.77582574, 0.13464107, 0.08953324],
       [0.66209894, 0.19304125, 0.14485985]], dtype=float32), array([[0.8361521 , 0.11932183, 0.0445261 ],
       [0.74688745, 0.17161062, 0.08150198],
       [0.6899677 , 0.2017656 , 0.10826675]], dtype=float32), array([[0.52666175, 0.33051983, 0.14281838],
       [0.51118857, 0.33383754, 0.15497395],
       [0.4825805 , 0.3385798 , 0.1788397 ]], dtype=float32), array([[0.5041157 , 0.3489359 , 0.14694849],
       [0.4932007 , 0.35020244, 0.15659687],
       [0.4668281 , 0.35196295, 0.18120886]], dtype=float32), array([[0.5013289 , 0.35424432, 0.14442675],
       [0.49129128, 0.3551444 , 0.15356436],
       [0.46456087, 0.3561634 , 0.17927572]], dtype=float32), array([[0.4963332 , 0.3589538 , 0.14471297],
       [0.48725516, 0.3594856 , 0.15325932],
       [0.46099108, 0.3596615 , 0.1793474 ]], dtype=float32), array([[0.7144247 , 0.1991186 , 0.08645671],
       [0.6120396 , 0.24928956, 0.13867086],
       [0.5367523 , 0.28008682, 0.18316086]], dtype=float32), array([[0.8014068 , 0.14961945, 0.04897372],
       [0.7228994 , 0.19533123, 0.08176944],
       [0.6596451 , 0.22795463, 0.11240033]], dtype=float32), array([[0.9211212 , 0.05790734, 0.02097154],
       [0.7562365 , 0.15621117, 0.08755225],
       [0.6535932 , 0.20893939, 0.13746735]], dtype=float32), array([[0.7994681 , 0.15038532, 0.0501465 ],
       [0.7205477 , 0.19609556, 0.08335684],
       [0.65792805, 0.2282557 , 0.1138162 ]], dtype=float32), array([[0.91466343, 0.06231673, 0.02301987],
       [0.7482991 , 0.16078164, 0.09091927],
       [0.64653236, 0.21265359, 0.14081407]], dtype=float32), array([[0.951401  , 0.03546217, 0.01313687],
       [0.7436292 , 0.15766051, 0.09871034],
       [0.6168323 , 0.22102772, 0.16213997]], dtype=float32), array([[0.79120874, 0.15622547, 0.05256587],
       [0.7134992 , 0.20079187, 0.08570885],
       [0.65112764, 0.23245901, 0.11641341]], dtype=float32), array([[0.90943635, 0.06583096, 0.02473278],
       [0.74137455, 0.16466093, 0.09396452],
       [0.64007014, 0.21592905, 0.14400081]], dtype=float32), array([[0.78676546, 0.15837382, 0.05486069],
       [0.7090343 , 0.20253494, 0.08843067],
       [0.6479813 , 0.23330307, 0.1187156 ]], dtype=float32), array([[0.79354316, 0.14180933, 0.06464753],
       [0.6227402 , 0.23064639, 0.14661339],
       [0.52673745, 0.27202812, 0.20123444]], dtype=float32), array([[0.693545  , 0.2098514 , 0.0966036 ],
       [0.5949765 , 0.25647336, 0.14855017],
       [0.5243842 , 0.28440773, 0.19120803]], dtype=float32), array([[0.49244532, 0.35703203, 0.15052266],
       [0.4831953 , 0.35755682, 0.15924782],
       [0.45762596, 0.35773942, 0.18463464]], dtype=float32), array([[0.48833358, 0.3586524 , 0.15301406],
       [0.47960916, 0.35899422, 0.16139652],
       [0.45484766, 0.35876915, 0.18638317]], dtype=float32), array([[0.91406155, 0.06179773, 0.02414063],
       [0.7439252 , 0.16138487, 0.09468995],
       [0.6467599 , 0.21073748, 0.14250264]], dtype=float32), array([[0.79022616, 0.15398794, 0.05578587],
       [0.709724  , 0.19952443, 0.09075151],
       [0.6502539 , 0.2295143 , 0.12023178]], dtype=float32), array([[0.49240953, 0.35436836, 0.15322205],
       [0.48279497, 0.3550246 , 0.16218045],
       [0.45762697, 0.3555339 , 0.1868391 ]], dtype=float32), array([[0.9106214 , 0.06427606, 0.02510259],
       [0.7403518 , 0.16375382, 0.09589443],
       [0.6427227 , 0.21316199, 0.14411531]], dtype=float32)]",1,0,0,0,0,0,13.23076923076923,20.099999999999994,0.0001576197989441065,2000,70000,0.0003492956686695242,9.35,9.35,70000,2000,0.3343870005695679,23810,0.0393447157605,35.0,999.0,0.0,1083915,0.0,1.0,0.0013802934991,30969,375.01951137011173,798.2421875,0.0,-0.014980047009885311,999.0,0.4722185432910919,0.004882459528744221,5.80360222102172e-07,0.21275243163108826,1.0,0.0013802934991,1083915,81158,0.33393314480781555,-0.11132919788360596,35.0,30969,375.019989493457,3255000,2167830,61938,104968,93000,0,1126.187686909545,6368681.872611417,6714376.6642548675,0.00028367379287789487,9.647419625174927e-05,2,1.0067001111073661,100,10.5,0.17023594778893297,9.5,35.0,4.4778548784882165e-05,0.0015150163305224851,50,70100,1.0067001111073661,10.0,2,1750,2.0,0.0003548062365342124,3500,0.00015692022270273536,10.0,3500,100,10.0,100,1.988850641216984e-05,3.317741225058904e-05,6.480380800432367e-06,7.165747187665971e-06,4.277959808778556e-05,2.82021228190771e-05,2.8603110807196857e-05,2.1717819452798612e-05,1.5613748946787012e-05,0.00014293827739018537,4.640158987962345e-05,0.05292120101352798,0.0065881982241812005,0.05238850315168536,0.17161168564303367,0.03009606586672391,0.01980843059353502,0.00016416998059135378,1051.0,3782310,0.32173038,0.19206556677818298,108066,0.009623587131500244,1085.0,90.21183776855469,1.0,-0.027437523007392883,498.0,0.4722185730934143,0.001411146018654108,1051.0,3782310,0.0,1085.0,108066,498.0,7564620,651000,216132,22785000,10905.204761256626,1.556658985287483e-05,0.00014793003874617952,2.187342900553894e-05,4.538283188757211e-05,2.8250158217592696e-05,2.8661974553619433e-05,1.9898389983334666e-05,3.3357294357206035e-05,7.297170218694189e-06,6.568903520680952e-06,4.119398065504966e-05
1,72000,False,36,ca05a_00000,2025-08-18_00-06-32,1755475592,81.83215165138245,3060.024526834488,758452,intrinsic-attention2,10.156.0.3,3060.024526834488,36,87.88415922336267,1.725438884433314e-05,87.88388658664306,2.5523011162621305,84.985264579235,0.0019395560234307938,2000,1.0067001111073661,9.58,2,10.5,0.0002652160037541762,2.5206773392047994,36000,-10.5,35.0,4.448757397523333e-05,2,0.0014729838893981651,2.0,1000,72000,9.466593559158636e-05,1.0067001111073661,372.7912191362369,2000.0,3000.0,"[array([0.42302966, 0.42302966, 0.42302966], dtype=float32), array([0.4321089, 0.4321089, 0.4321089], dtype=float32), array([0.44206083, 0.44206083, 0.44206083], dtype=float32), array([0.45116946, 0.45116946, 0.45116946], dtype=float32), array([0.4599567, 0.4599567, 0.4599567], dtype=float32), array([0.46771425, 0.46771425, 0.46771425], dtype=float32), array([0.47522303, 0.47522303, 0.47522303], dtype=float32), array([0.4819726, 0.4819726, 0.4819726], dtype=float32), array([0.48824418, 0.48824418, 0.48824418], dtype=float32), array([0.49385655, 0.49385655, 0.49385655], dtype=float32), array([0.49890187, 0.49890187, 0.49890187], dtype=float32), array([0.503786, 0.503786, 0.503786], dtype=float32), array([0.5081238, 0.5081238, 0.5081238], dtype=float32), array([0.51246357, 0.51246357, 0.51246357], dtype=float32), array([0.516513, 0.516513, 0.516513], dtype=float32), array([0.5203118, 0.5203118, 0.5203118], dtype=float32), array([0.523871, 0.523871, 0.523871], dtype=float32), array([0.5273056, 0.5273056, 0.5273056], dtype=float32), array([0.5304226, 0.5304226, 0.5304226], dtype=float32), array([0.5336089, 0.5336089, 0.5336089], dtype=float32), array([0.53655964, 0.53655964, 0.53655964], dtype=float32), array([0.5396317, 0.5396317, 0.5396317], dtype=float32), array([0.54264164, 0.54264164, 0.54264164], dtype=float32), array([0.5453125, 0.5453125, 0.5453125], dtype=float32), array([0.54745305, 0.54745305, 0.54745305], dtype=float32), array([0.5495491, 0.5495491, 0.5495491], dtype=float32), array([0.551578, 0.551578, 0.551578], dtype=float32), array([0.55354077, 0.55354077, 0.55354077], dtype=float32), array([0.55559266, 0.55559266, 0.55559266], dtype=float32), array([0.5577203, 0.5577203, 0.5577203], dtype=float32), array([0.55983114, 0.55983114, 0.55983114], dtype=float32)]","[array([0.42302966, 0.42302966, 0.42302966], dtype=float32), array([0.43210888, 0.43210888, 0.43210888], dtype=float32), array([0.44206077, 0.44206077, 0.44206077], dtype=float32), array([0.45116937, 0.45116937, 0.45116937], dtype=float32), array([0.45995677, 0.45995677, 0.45995677], dtype=float32), array([0.46771422, 0.46771422, 0.46771422], dtype=float32), array([0.47522298, 0.47522298, 0.47522298], dtype=float32), array([0.48197255, 0.48197255, 0.48197255], dtype=float32), array([0.48824427, 0.48824427, 0.48824427], dtype=float32), array([0.49385652, 0.49385652, 0.49385652], dtype=float32), array([0.49890196, 0.49890196, 0.49890196], dtype=float32), array([0.503786, 0.503786, 0.503786], dtype=float32), array([0.50812376, 0.50812376, 0.50812376], dtype=float32), array([0.51246357, 0.51246357, 0.51246357], dtype=float32), array([0.51651305, 0.51651305, 0.51651305], dtype=float32), array([0.5203118, 0.5203118, 0.5203118], dtype=float32), array([0.52387106, 0.52387106, 0.52387106], dtype=float32), array([0.52730566, 0.52730566, 0.52730566], dtype=float32), array([0.5304226, 0.5304226, 0.5304226], dtype=float32), array([0.533609, 0.533609, 0.533609], dtype=float32), array([0.53655964, 0.53655964, 0.53655964], dtype=float32), array([0.5396318, 0.5396318, 0.5396318], dtype=float32), array([0.54264164, 0.54264164, 0.54264164], dtype=float32), array([0.5453126, 0.5453126, 0.5453126], dtype=float32), array([0.5474531, 0.5474531, 0.5474531], dtype=float32), array([0.5495491, 0.5495491, 0.5495491], dtype=float32), array([0.551578, 0.551578, 0.551578], dtype=float32), array([0.5535408, 0.5535408, 0.5535408], dtype=float32), array([0.5555927, 0.5555927, 0.5555927], dtype=float32), array([0.55772036, 0.55772036, 0.55772036], dtype=float32), array([0.55983114, 0.55983114, 0.55983114], dtype=float32)]","[array([[0.9065179 , 0.06718448, 0.02629762],
       [0.7367224 , 0.16614822, 0.09712939],
       [0.6392406 , 0.21530975, 0.14544962]], dtype=float32), array([[0.69931614, 0.20531522, 0.09536871],
       [0.5978266 , 0.2537416 , 0.14843181],
       [0.5274994 , 0.2819609 , 0.19053972]], dtype=float32), array([[0.78970474, 0.15498856, 0.05530666],
       [0.7094899 , 0.20044011, 0.09006998],
       [0.64904183, 0.23090257, 0.12005562]], dtype=float32), array([[0.7863523 , 0.15784986, 0.05579788],
       [0.70723385, 0.20260085, 0.09016524],
       [0.64641595, 0.23313886, 0.12044515]], dtype=float32), array([[0.48728305, 0.3611384 , 0.1515785 ],
       [0.47885823, 0.36134672, 0.15979505],
       [0.45370737, 0.36071837, 0.18557428]], dtype=float32), array([[0.94696534, 0.03837498, 0.01465978],
       [0.733991  , 0.16258949, 0.10341953],
       [0.6089236 , 0.22459257, 0.16648382]], dtype=float32), array([[0.775786  , 0.16619784, 0.05801623],
       [0.69972515, 0.20884068, 0.09143424],
       [0.6387138 , 0.23909113, 0.12219513]], dtype=float32), array([[0.94577533, 0.03932128, 0.01490343],
       [0.7332144 , 0.1634134 , 0.10337221],
       [0.607136  , 0.22583959, 0.16702433]], dtype=float32), array([[0.7784041 , 0.15257758, 0.06901833],
       [0.61457086, 0.23668608, 0.14874306],
       [0.5182272 , 0.27727535, 0.20449744]], dtype=float32), array([[0.8988461 , 0.07369082, 0.02746304],
       [0.73206055, 0.17133972, 0.09659965],
       [0.6292786 , 0.22281076, 0.14791062]], dtype=float32), array([[0.89437616, 0.07704086, 0.02858295],
       [0.7285793 , 0.1739517 , 0.09746911],
       [0.6252805 , 0.22546497, 0.14925459]], dtype=float32), array([[0.7690483 , 0.15996848, 0.07098317],
       [0.61115855, 0.24045531, 0.14838618],
       [0.5134357 , 0.2809343 , 0.20563005]], dtype=float32), array([[0.46756157, 0.38103378, 0.15140466],
       [0.46264163, 0.38027963, 0.15707873],
       [0.43958747, 0.37561437, 0.18479817]], dtype=float32), array([[0.93637353, 0.04672975, 0.01689665],
       [0.7269808 , 0.16955826, 0.10346097],
       [0.5950889 , 0.23422235, 0.17068872]], dtype=float32), array([[0.66148645, 0.23562758, 0.10288596],
       [0.5782419 , 0.27264962, 0.1491085 ],
       [0.5056895 , 0.29863915, 0.19567141]], dtype=float32), array([[0.4572194 , 0.39008796, 0.15269263],
       [0.45372835, 0.38914782, 0.15712376],
       [0.43220383, 0.38236582, 0.18543036]], dtype=float32), array([[0.32888943, 0.4830631 , 0.18804744],
       [0.3266396 , 0.4947959 , 0.17856452],
       [0.3317151 , 0.46583092, 0.20245394]], dtype=float32), array([[0.748104  , 0.19097935, 0.06091662],
       [0.68174505, 0.22747362, 0.09078141],
       [0.61787844, 0.25794584, 0.12417573]], dtype=float32), array([[0.92978346, 0.05185066, 0.01836592],
       [0.7219054 , 0.17387523, 0.10421941],
       [0.5872888 , 0.23936561, 0.17334558]], dtype=float32), array([[0.92861426, 0.05277678, 0.01860905],
       [0.72114974, 0.17459351, 0.10425667],
       [0.5859861 , 0.24026167, 0.17375228]], dtype=float32), array([[0.74503964, 0.19408084, 0.06087952],
       [0.67990935, 0.22983949, 0.09025119],
       [0.61545116, 0.26043966, 0.12410919]], dtype=float32), array([[0.4482804 , 0.39930066, 0.15241896],
       [0.44596708, 0.3983616 , 0.15567134],
       [0.42572975, 0.3893147 , 0.18495546]], dtype=float32), array([[0.64795077, 0.24683122, 0.10521798],
       [0.5710492 , 0.279887  , 0.1490638 ],
       [0.4976609 , 0.30474895, 0.19759016]], dtype=float32), array([[0.44858932, 0.3998198 , 0.15159084],
       [0.44629133, 0.39888132, 0.15482737],
       [0.42592236, 0.3897184 , 0.18435925]], dtype=float32), array([[0.44727066, 0.40128648, 0.15144281],
       [0.44513872, 0.40036485, 0.15449643],
       [0.42496932, 0.39082888, 0.1842018 ]], dtype=float32), array([[0.9248557 , 0.05582577, 0.01931846],
       [0.71942216, 0.17666905, 0.10390878],
       [0.58228886, 0.24303526, 0.17467594]], dtype=float32), array([[0.7371698 , 0.20094179, 0.06188843],
       [0.6746527 , 0.23497935, 0.09036797],
       [0.60996485, 0.26527706, 0.12475809]], dtype=float32), array([[0.44607088, 0.40267414, 0.15125506],
       [0.44408977, 0.4017719 , 0.1541383 ],
       [0.4241022 , 0.3918809 , 0.18401688]], dtype=float32), array([[0.44565365, 0.40311676, 0.15122953],
       [0.44372162, 0.40222192, 0.15405641],
       [0.42380032, 0.3922155 , 0.18398415]], dtype=float32), array([[0.64524466, 0.2493854 , 0.10536984],
       [0.5697443 , 0.2815845 , 0.14867124],
       [0.49587497, 0.3062485 , 0.19787648]], dtype=float32), array([[0.73676646, 0.20126866, 0.06196489],
       [0.6743669 , 0.23522411, 0.09040899],
       [0.6096905 , 0.26549438, 0.12481511]], dtype=float32)]",1,0,0,0,0,0,13.229914529914529,20.099999999999994,0.00015446894280356712,2000,72000,0.00034885315292615534,9.58,9.58,72000,2000,0.3363941698638755,23810,0.0393447157605,36.0,999.0,0.0,1114884,0.0,1.0,0.0013802934991,30969,375.638685160198,983.346923828125,0.0,-0.017010705545544624,999.0,0.4722185432910919,0.0008510969346389174,2.90180111051086e-07,0.20066606998443604,1.0,0.0013802934991,1114884,81158,0.3319191634654999,-0.0028486251831054688,36.0,30969,375.6391464583305,3348000,2229768,61938,104968,93000,0,1128.0469390368694,6374673.347098688,6720998.644928728,0.0002823965049782786,9.81919284031002e-05,2,1.0067001111073661,100,10.5,0.16979235996107114,9.5,36.0,4.520254132770674e-05,0.0015158357305335812,50,72100,1.0067001111073661,10.0,2,1800,2.0,0.0003589477087948555,3600,0.000158865605323375,10.0,3600,100,10.0,100,2.0029623290321395e-05,3.2625709086854975e-05,6.6263472727293605e-06,7.219703767784115e-06,4.056424636418538e-05,2.7811683725498068e-05,2.8585702036223288e-05,2.13795321764827e-05,1.531105865536854e-05,0.00014386584883577708,4.612794535770069e-05,0.052920316713300594,0.0065826880118808,0.054415052860137716,0.17162798865655315,0.030115550058133128,0.019759187887620783,0.0001642494807365749,1081.0,3890376,0.3482923,0.20397208631038666,108066,-0.18180978298187256,1116.0,91.59715270996094,1.0,-0.0007138137589208782,498.0,0.4722185730934143,0.0005041036638431251,1081.0,3890376,0.0,1116.0,108066,498.0,7780752,651000,216132,23436000,10896.139168515208,1.5612573615122533e-05,0.0001512469141813821,2.202120263531067e-05,4.602378290178934e-05,2.8838118441113726e-05,2.846204728482297e-05,2.0061401815030135e-05,3.3635064662393955e-05,7.446087996015518e-06,6.530166903778578e-06,4.2032482517349495e-05
1,74000,False,37,ca05a_00000,2025-08-18_00-07-54,1755475674,82.65578579902649,3142.6803126335144,758452,intrinsic-attention2,10.156.0.3,3142.6803126335144,37,87.83048069508911,1.7187775040718097e-05,87.83020766797664,2.5515262046494156,84.93054493257264,0.0019370653432272652,2000,1.0067001111073661,9.98,2,10.5,0.0002652160037541762,2.51990951557283,37000,9.5,36.0,4.427093622422455e-05,2,0.0014752487507939803,2.0,1000,74000,9.439984510610787e-05,1.0067001111073661,361.37674629905814,2000.0,3000.0,"[array([0.5620151, 0.5620151, 0.5620151], dtype=float32), array([0.5637664, 0.5637664, 0.5637664], dtype=float32), array([0.5656367, 0.5656367, 0.5656367], dtype=float32), array([0.5673438, 0.5673438, 0.5673438], dtype=float32), array([0.56896114, 0.56896114, 0.56896114], dtype=float32), array([0.57029, 0.57029, 0.57029], dtype=float32), array([0.5713692, 0.5713692, 0.5713692], dtype=float32), array([0.57265985, 0.57265985, 0.57265985], dtype=float32), array([0.57343954, 0.57343954, 0.57343954], dtype=float32), array([0.5738444, 0.5738444, 0.5738444], dtype=float32), array([0.5739184, 0.5739184, 0.5739184], dtype=float32), array([0.5743228, 0.5743228, 0.5743228], dtype=float32), array([0.5743084, 0.5743084, 0.5743084], dtype=float32), array([0.5741523, 0.5741523, 0.5741523], dtype=float32), array([0.5737137, 0.5737137, 0.5737137], dtype=float32), array([0.57350236, 0.57350236, 0.57350236], dtype=float32), array([0.57282174, 0.57282174, 0.57282174], dtype=float32), array([0.5721555, 0.5721555, 0.5721555], dtype=float32), array([0.5721115, 0.5721115, 0.5721115], dtype=float32), array([0.57174367, 0.57174367, 0.57174367], dtype=float32), array([0.5709425, 0.5709425, 0.5709425], dtype=float32), array([0.57044166, 0.57044166, 0.57044166], dtype=float32), array([0.5695728, 0.5695728, 0.5695728], dtype=float32), array([0.56851345, 0.56851345, 0.56851345], dtype=float32), array([0.56789535, 0.56789535, 0.56789535], dtype=float32), array([0.56722206, 0.56722206, 0.56722206], dtype=float32), array([0.5664529, 0.5664529, 0.5664529], dtype=float32), array([0.56577533, 0.56577533, 0.56577533], dtype=float32), array([0.56482273, 0.56482273, 0.56482273], dtype=float32), array([0.5642867, 0.5642867, 0.5642867], dtype=float32), array([0.5635104, 0.5635104, 0.5635104], dtype=float32)]","[array([0.56201524, 0.56201524, 0.56201524], dtype=float32), array([0.56376636, 0.56376636, 0.56376636], dtype=float32), array([nan, nan, nan], dtype=float32), array([0.56734383, 0.56734383, 0.56734383], dtype=float32), array([0.56896114, 0.56896114, 0.56896114], dtype=float32), array([0.57029, 0.57029, 0.57029], dtype=float32), array([0.5713692, 0.5713692, 0.5713692], dtype=float32), array([nan, nan, nan], dtype=float32), array([0.57343954, 0.57343954, 0.57343954], dtype=float32), array([0.5738444, 0.5738444, 0.5738444], dtype=float32), array([0.5739186, 0.5739186, 0.5739186], dtype=float32), array([0.5743229, 0.5743229, 0.5743229], dtype=float32), array([0.5743084, 0.5743084, 0.5743084], dtype=float32), array([0.5741523, 0.5741523, 0.5741523], dtype=float32), array([0.57371366, 0.57371366, 0.57371366], dtype=float32), array([0.5735023, 0.5735023, 0.5735023], dtype=float32), array([0.57282186, 0.57282186, 0.57282186], dtype=float32), array([0.5721555, 0.5721555, 0.5721555], dtype=float32), array([0.5721115, 0.5721115, 0.5721115], dtype=float32), array([0.57174367, 0.57174367, 0.57174367], dtype=float32), array([0.5709426, 0.5709426, 0.5709426], dtype=float32), array([0.5704416, 0.5704416, 0.5704416], dtype=float32), array([0.56957275, 0.56957275, 0.56957275], dtype=float32), array([nan, nan, nan], dtype=float32), array([nan, nan, nan], dtype=float32), array([0.56722206, 0.56722206, 0.56722206], dtype=float32), array([0.5664528, 0.5664528, 0.5664528], dtype=float32), array([nan, nan, nan], dtype=float32), array([0.5648228, 0.5648228, 0.5648228], dtype=float32), array([0.56428665, 0.56428665, 0.56428665], dtype=float32), array([0.56351036, 0.56351036, 0.56351036], dtype=float32)]","[array([[0.8738696 , 0.09373964, 0.03239074],
       [0.71442056, 0.18687691, 0.09870258],
       [0.60303617, 0.24111277, 0.15585108]], dtype=float32), array([[0.73826545, 0.20024441, 0.06149016],
       [0.6755441 , 0.234463  , 0.08999287],
       [0.6106577 , 0.26491544, 0.12442683]], dtype=float32), array([[0.44503722, 0.40334272, 0.1516201 ],
       [0.4431529 , 0.40245605, 0.15439099],
       [0.42338175, 0.39239004, 0.18422817]], dtype=float32), array([[0.8757979 , 0.09236562, 0.03183647],
       [0.7163316 , 0.1856878 , 0.09798057],
       [0.60495526, 0.24006814, 0.1549766 ]], dtype=float32), array([[0.64805317, 0.24744114, 0.1045057 ],
       [0.57156414, 0.2803102 , 0.14812565],
       [0.49753493, 0.3052958 , 0.19716927]], dtype=float32), array([[0.44873673, 0.4001009 , 0.15116237],
       [0.44645095, 0.39916405, 0.15438499],
       [0.42604223, 0.3899509 , 0.18400685]], dtype=float32), array([[0.4510629 , 0.3977477 , 0.1511894 ],
       [0.4484907 , 0.39679176, 0.15471752],
       [0.4277155 , 0.3881748 , 0.1841097 ]], dtype=float32), array([[0.45395833, 0.3947334 , 0.15130828],
       [0.45100808, 0.39377064, 0.15522122],
       [0.4298021 , 0.38590145, 0.18429643]], dtype=float32), array([[0.884523  , 0.08518994, 0.0302871 ],
       [0.7221705 , 0.18023184, 0.09759771],
       [0.61423606, 0.23348866, 0.15227531]], dtype=float32), array([[0.88718176, 0.08294148, 0.02987674],
       [0.7236273 , 0.17861632, 0.09775638],
       [0.6169716 , 0.23138432, 0.15164408]], dtype=float32), array([[0.46191752, 0.38475785, 0.15332462],
       [0.45769462, 0.38389257, 0.15841278],
       [0.435583  , 0.37832144, 0.18609555]], dtype=float32), array([[0.33683088, 0.47297475, 0.19019441],
       [0.33552134, 0.48243347, 0.18204522],
       [0.33862013, 0.4568905 , 0.20448938]], dtype=float32), array([[0.8928864 , 0.07809808, 0.02901557],
       [0.7266053 , 0.17514926, 0.09824544],
       [0.6229455 , 0.22671133, 0.15034308]], dtype=float32), array([[0.7653634 , 0.17518686, 0.05944966],
       [0.69262433, 0.21566938, 0.09170633],
       [0.63055533, 0.24602368, 0.12342099]], dtype=float32), array([[0.7674308 , 0.173329  , 0.05924024],
       [0.6939476 , 0.21427749, 0.09177494],
       [0.632118  , 0.24459632, 0.12328563]], dtype=float32), array([[0.47718027, 0.3701592 , 0.15266044],
       [0.47050446, 0.36981484, 0.15968071],
       [0.44644877, 0.36738577, 0.18616542]], dtype=float32), array([[0.9428198 , 0.04141567, 0.01576454],
       [0.72856736, 0.16618536, 0.10524727],
       [0.6021138 , 0.22850877, 0.16937752]], dtype=float32), array([[0.778431  , 0.164268  , 0.05730097],
       [0.70141864, 0.20755905, 0.09102233],
       [0.64000076, 0.23809053, 0.12190879]], dtype=float32), array([[0.78173256, 0.1498901 , 0.06837734],
       [0.6145122 , 0.23585759, 0.14963026],
       [0.5181763 , 0.27658406, 0.2052396 ]], dtype=float32), array([[0.7677449 , 0.17266984, 0.05958522],
       [0.6938093 , 0.21382098, 0.09236974],
       [0.632341  , 0.24396025, 0.12369864]], dtype=float32), array([[0.772199  , 0.15690991, 0.07089113],
       [0.6101018 , 0.2395731 , 0.15032507],
       [0.5132265 , 0.27989587, 0.20687762]], dtype=float32), array([[0.76135164, 0.17807779, 0.06057061],
       [0.6894395 , 0.21789321, 0.09266731],
       [0.62753445, 0.24797955, 0.12448601]], dtype=float32), array([[0.46145684, 0.38266423, 0.15587895],
       [0.4570762 , 0.3818209 , 0.16110292],
       [0.43526968, 0.37662026, 0.18811002]], dtype=float32), array([[0.8880635 , 0.0817524 , 0.03018405],
       [0.7205169 , 0.17924045, 0.10024269],
       [0.6144492 , 0.23153548, 0.15401532]], dtype=float32), array([[0.6587713 , 0.23625432, 0.10497434],
       [0.5744641 , 0.2734908 , 0.1520451 ],
       [0.502245  , 0.29917252, 0.19858249]], dtype=float32), array([[0.7480524 , 0.18977506, 0.06217262],
       [0.68067944, 0.22666693, 0.0926536 ],
       [0.617729  , 0.25665984, 0.12561116]], dtype=float32), array([[0.7457114 , 0.17620729, 0.07808127],
       [0.59781104, 0.24964988, 0.152539  ],
       [0.5006047 , 0.28826302, 0.21113233]], dtype=float32), array([[0.74834996, 0.18991108, 0.06173892],
       [0.681067  , 0.22680846, 0.09212458],
       [0.617699  , 0.25701237, 0.12528862]], dtype=float32), array([[0.44980216, 0.39400485, 0.15619293],
       [0.44703388, 0.39304265, 0.15992346],
       [0.42682227, 0.38517573, 0.18800199]], dtype=float32), array([[0.6527072 , 0.24048765, 0.10680513],
       [0.5705705 , 0.27624512, 0.15318438],
       [0.49849617, 0.30134752, 0.2001563 ]], dtype=float32), array([[0.64887226, 0.2428168 , 0.10831097],
       [0.56803936, 0.27769086, 0.1542698 ],
       [0.49654675, 0.3023213 , 0.20113191]], dtype=float32)]",1,0,0,0,0,0,13.22118644067797,20.099999999999994,0.00015657467321389073,2000,74000,0.00034660172848174323,9.98,9.98,74000,2000,0.33823041555523753,23810,0.0393447157605,37.0,999.0,0.0,1145853,0.0,1.0,0.0013802934991,30969,376.05815326674184,946.0435180664062,0.0,-0.025947848334908485,999.0,0.4722185432910919,0.0009988227393478155,1.45090055525543e-07,0.20885004103183746,1.0,0.0013802934991,1145853,81158,0.3229706883430481,0.0028334856033325195,37.0,30969,376.05859273896453,3441000,2291706,61938,104968,93000,0,1129.306461282912,6372901.708464151,6718569.647219172,0.00028110862991366156,9.71636150160394e-05,2,1.0067001111073661,100,10.5,0.1693474400314504,9.5,37.0,4.5487498100773863e-05,0.0015294306998839603,50,74100,1.0067001111073661,10.0,2,1850,2.0,0.0003586335644431839,3700,0.00015792506366714106,10.0,3700,100,10.0,100,2.044994344653518e-05,3.298040010362046e-05,6.576226151105211e-06,7.248315576011909e-06,4.1112750601343e-05,2.7833983684185803e-05,2.8210390818381142e-05,2.122268271365763e-05,1.541163989460992e-05,0.00014280513699639356,4.6260795511436605e-05,0.0529004034062236,0.006581101341811312,0.05434006370151968,0.17152819422995047,0.030090832737559768,0.02181437687878429,0.0001643929659137701,1111.0,3998442,0.34868807,0.19758783280849457,108066,-0.15510714054107666,1147.0,92.61186218261719,1.0,-0.00033314831671305,498.0,0.4722185730934143,0.0005435225903056562,1111.0,3998442,0.0,1147.0,108066,498.0,7996884,651000,216132,24087000,10880.756522955618,1.600457513857054e-05,0.00014993011843664848,2.2185019569389043e-05,4.583989222771817e-05,2.877808308818463e-05,2.8627758966711787e-05,1.9917200061367726e-05,3.335575541098851e-05,7.469232982287795e-06,6.766012252229141e-06,4.1660133975754404e-05
1,76000,False,38,ca05a_00000,2025-08-18_00-09-17,1755475757,82.57287693023682,3225.253189563751,758452,intrinsic-attention2,10.156.0.3,3225.253189563751,38,87.77651184700814,1.712300724442592e-05,87.77623852016686,2.5506698634928453,84.87559808849693,0.0019343056297237886,2000,1.0067001111073661,10.1,2,10.5,0.0002652160037541762,2.519055266697102,38000,9.5,37.0,4.4156742309999834e-05,2,0.0014649839510093444,2.0,1000,76000,9.309148446793464e-05,1.0067001111073661,350.23221547744697,2000.0,3000.0,"[array([0.5623459, 0.5623459, 0.5623459], dtype=float32), array([0.5618504, 0.5618504, 0.5618504], dtype=float32), array([0.5610052, 0.5610052, 0.5610052], dtype=float32), array([0.5614505, 0.5614505, 0.5614505], dtype=float32), array([0.5616531, 0.5616531, 0.5616531], dtype=float32), array([0.56020033, 0.56020033, 0.56020033], dtype=float32), array([0.5583539, 0.5583539, 0.5583539], dtype=float32), array([0.55598915, 0.55598915, 0.55598915], dtype=float32), array([0.55387676, 0.55387676, 0.55387676], dtype=float32), array([0.5530872, 0.5530872, 0.5530872], dtype=float32), array([0.5540132, 0.5540132, 0.5540132], dtype=float32), array([0.5563746, 0.5563746, 0.5563746], dtype=float32), array([0.55738074, 0.55738074, 0.55738074], dtype=float32), array([0.5602847, 0.5602847, 0.5602847], dtype=float32), array([0.56025314, 0.56025314, 0.56025314], dtype=float32), array([0.5596824, 0.5596824, 0.5596824], dtype=float32), array([0.5618224, 0.5618224, 0.5618224], dtype=float32), array([0.56455797, 0.56455797, 0.56455797], dtype=float32), array([0.56781375, 0.56781375, 0.56781375], dtype=float32), array([0.56949663, 0.56949663, 0.56949663], dtype=float32), array([0.5717658, 0.5717658, 0.5717658], dtype=float32), array([0.5725708, 0.5725708, 0.5725708], dtype=float32), array([0.5725669, 0.5725669, 0.5725669], dtype=float32), array([0.5717802, 0.5717802, 0.5717802], dtype=float32), array([0.57186276, 0.57186276, 0.57186276], dtype=float32), array([0.5718838, 0.5718838, 0.5718838], dtype=float32), array([0.57208884, 0.57208884, 0.57208884], dtype=float32), array([0.5748278, 0.5748278, 0.5748278], dtype=float32), array([0.5734088, 0.5734088, 0.5734088], dtype=float32), array([0.5715644, 0.5715644, 0.5715644], dtype=float32), array([0.571702, 0.571702, 0.571702], dtype=float32)]","[array([nan, nan, nan], dtype=float32), array([0.5618503, 0.5618503, 0.5618503], dtype=float32), array([nan, nan, nan], dtype=float32), array([0.5614505, 0.5614505, 0.5614505], dtype=float32), array([0.5616531, 0.5616531, 0.5616531], dtype=float32), array([nan, nan, nan], dtype=float32), array([0.558354, 0.558354, 0.558354], dtype=float32), array([nan, nan, nan], dtype=float32), array([nan, nan, nan], dtype=float32), array([0.5530872, 0.5530872, 0.5530872], dtype=float32), array([nan, nan, nan], dtype=float32), array([0.5563746, 0.5563746, 0.5563746], dtype=float32), array([nan, nan, nan], dtype=float32), array([0.5602847, 0.5602847, 0.5602847], dtype=float32), array([nan, nan, nan], dtype=float32), array([nan, nan, nan], dtype=float32), array([0.5618224, 0.5618224, 0.5618224], dtype=float32), array([0.5645579, 0.5645579, 0.5645579], dtype=float32), array([0.56781363, 0.56781363, 0.56781363], dtype=float32), array([0.56949663, 0.56949663, 0.56949663], dtype=float32), array([nan, nan, nan], dtype=float32), array([0.5725708, 0.5725708, 0.5725708], dtype=float32), array([nan, nan, nan], dtype=float32), array([0.5717802, 0.5717802, 0.5717802], dtype=float32), array([0.5718628, 0.5718628, 0.5718628], dtype=float32), array([nan, nan, nan], dtype=float32), array([0.57208884, 0.57208884, 0.57208884], dtype=float32), array([nan, nan, nan], dtype=float32), array([nan, nan, nan], dtype=float32), array([0.5715644, 0.5715644, 0.5715644], dtype=float32), array([nan, nan, nan], dtype=float32)]","[array([[0.4502683 , 0.3928369 , 0.15689483],
       [0.44738594, 0.39187315, 0.16074093],
       [0.42714638, 0.38425937, 0.18859424]], dtype=float32), array([[0.3327636 , 0.47651255, 0.19072385],
       [0.33100238, 0.48719352, 0.18180412],
       [0.33505934, 0.45979443, 0.20514624]], dtype=float32), array([[0.33267584, 0.4765791 , 0.19074503],
       [0.3309038 , 0.4872907 , 0.18180557],
       [0.33498287, 0.45984316, 0.205174  ]], dtype=float32), array([[0.74536943, 0.1910567 , 0.06357393],
       [0.6780665 , 0.22768888, 0.09424467],
       [0.6157784 , 0.25721267, 0.12700893]], dtype=float32), array([[0.74891025, 0.1882713 , 0.06281849],
       [0.6805437 , 0.22563995, 0.09381631],
       [0.61813086, 0.2553874 , 0.12648174]], dtype=float32), array([[0.7449862 , 0.19103934, 0.06397451],
       [0.6775951 , 0.22766696, 0.09473801],
       [0.6156121 , 0.25702596, 0.12736191]], dtype=float32), array([[0.74516296, 0.19068126, 0.0641558 ],
       [0.6775836 , 0.22739494, 0.09502144],
       [0.6157993 , 0.25666705, 0.12753358]], dtype=float32), array([[0.4498468 , 0.39078727, 0.15936595],
       [0.44684163, 0.38982695, 0.16333136],
       [0.42689818, 0.38263547, 0.19046636]], dtype=float32), array([[0.45314768, 0.3882325 , 0.15861988],
       [0.44974256, 0.38728476, 0.1629727 ],
       [0.4292409 , 0.38070303, 0.19005603]], dtype=float32), array([[0.74771905, 0.18843316, 0.06384784],
       [0.6791687 , 0.22575897, 0.09507235],
       [0.617476  , 0.2550984 , 0.12742555]], dtype=float32), array([[0.44678062, 0.39280707, 0.16041234],
       [0.44410124, 0.39184937, 0.16404937],
       [0.42467535, 0.38414145, 0.19118322]], dtype=float32), array([[0.44398057, 0.39554033, 0.16047911],
       [0.44164985, 0.39460164, 0.1637485 ],
       [0.42264473, 0.38623086, 0.1911244 ]], dtype=float32), array([[0.9129323 , 0.06306493, 0.02400274],
       [0.6980749 , 0.18632948, 0.11559567],
       [0.56911063, 0.24760719, 0.18328212]], dtype=float32), array([[0.7365459 , 0.19765943, 0.06579469],
       [0.67150956, 0.23262566, 0.09586481],
       [0.60969377, 0.2614843 , 0.12882194]], dtype=float32), array([[0.73591465, 0.19815063, 0.06593465],
       [0.67103773, 0.23300089, 0.0959614 ],
       [0.6092253 , 0.26182395, 0.12895073]], dtype=float32), array([[0.70874935, 0.19971156, 0.09153908],
       [0.5763069 , 0.26223168, 0.16146143],
       [0.4848207 , 0.29634172, 0.21883756]], dtype=float32), array([[0.86414653, 0.09899668, 0.03685677],
       [0.69463915, 0.19560973, 0.10975116],
       [0.5842977 , 0.24796332, 0.167739  ]], dtype=float32), array([[0.7265085 , 0.2073397 , 0.06615175],
       [0.66541123, 0.23989189, 0.09469679],
       [0.6024741 , 0.26873526, 0.12879066]], dtype=float32), array([[0.43079114, 0.41087732, 0.15833154],
       [0.42999485, 0.4103189 , 0.15968615],
       [0.4129889 , 0.3980037 , 0.1890074 ]], dtype=float32), array([[0.6993722 , 0.20902845, 0.09159943],
       [0.5749091 , 0.2669897 , 0.15810117],
       [0.47984165, 0.30112478, 0.21903358]], dtype=float32), array([[0.4226991 , 0.41960233, 0.15769859],
       [0.4225901 , 0.41949928, 0.15791057],
       [0.40705144, 0.40471688, 0.1882317 ]], dtype=float32), array([[0.71215343, 0.22095585, 0.06689075],
       [0.65636253, 0.2501858 , 0.09345163],
       [0.59240913, 0.278615  , 0.1289759 ]], dtype=float32), array([[0.84902316, 0.11206282, 0.03891402],
       [0.6887552 , 0.20355476, 0.10769004],
       [0.572389  , 0.25772536, 0.16988565]], dtype=float32), array([[0.8456795 , 0.11478819, 0.03953233],
       [0.6868315 , 0.20536165, 0.10780685],
       [0.56967205, 0.2596366 , 0.17069137]], dtype=float32), array([[0.5994998 , 0.28167352, 0.11882666],
       [0.5396765 , 0.3033083 , 0.15701523],
       [0.46712348, 0.3221604 , 0.2107161 ]], dtype=float32), array([[0.8379644 , 0.12146754, 0.04056799],
       [0.68312573, 0.20966353, 0.10721074],
       [0.56308   , 0.2645967 , 0.17232332]], dtype=float32), array([[0.8343224 , 0.12455264, 0.04112488],
       [0.6812038 , 0.2116692 , 0.10712704],
       [0.56008285, 0.26676118, 0.17315601]], dtype=float32), array([[0.67076737, 0.23213817, 0.09709448],
       [0.56448066, 0.27906576, 0.15645358],
       [0.46833032, 0.31034213, 0.22132751]], dtype=float32), array([[0.84427434, 0.11633968, 0.03938591],
       [0.6869994 , 0.20618813, 0.10681244],
       [0.56836724, 0.26102465, 0.17060806]], dtype=float32), array([[0.70863754, 0.22517855, 0.06618398],
       [0.6547475 , 0.25335187, 0.09190059],
       [0.5901728 , 0.2818369 , 0.12799023]], dtype=float32), array([[0.6954804 , 0.21311255, 0.09140703],
       [0.57460076, 0.26906884, 0.15633045],
       [0.47794953, 0.3031719 , 0.21887855]], dtype=float32)]",1,0,0,0,0,0,13.311016949152545,20.099999999999994,0.00015590020769604466,2000,76000,0.0003443245324840967,10.1,10.1,76000,2000,0.3400871459096991,23810,0.0393447157605,38.0,999.0,0.0,1176822,0.0,1.0,0.0013802934991,30969,376.45062188432195,529.6968383789062,0.0,-0.0030212574638426304,999.0,0.4722185432910919,0.0032813234720379114,7.25450277627715e-08,0.22927498817443848,1.0,0.0013802934991,1176822,81158,0.3458690941333771,-1.0,38.0,30969,376.4510446031836,3534000,2353644,61938,104968,93000,0,1130.4849193926516,6374040.398754591,6721722.153645019,0.000279840243661664,9.773114037766849e-05,2,1.0067001111073661,100,10.5,0.16890678635124623,9.5,38.0,4.5546816903099745e-05,0.001527494399342686,50,76100,1.0067001111073661,10.0,2,1900,2.0,0.0003583027009104894,3800,0.00015766069078169474,10.0,3800,100,10.0,100,1.999422898166288e-05,3.269556317643288e-05,6.4323603871698725e-06,7.178004884739902e-06,4.18385860701905e-05,2.80353640222299e-05,2.825236693652299e-05,2.1476028145775853e-05,1.5140617920447143e-05,0.00014094818416865036,4.579160957416534e-05,0.05289797359214583,0.0065824111783920995,0.0542563723744482,0.17146409406768565,0.03007063719026118,0.023837206020072825,0.00016460769621635892,1141.0,4106508,0.34820777,0.21727073192596436,108066,-0.2549628019332886,1178.0,92.61943054199219,1.0,-0.0011279209284111857,498.0,0.4722185730934143,0.0026749102398753166,1141.0,4106508,0.0,1178.0,108066,498.0,8213016,651000,216132,24738000,10866.321439561121,1.5628438384959417e-05,0.00015062529877822706,2.1932375593101443e-05,4.60864368595403e-05,2.8695665833054625e-05,2.8527600564155945e-05,1.992170812795769e-05,3.34257402604598e-05,7.35278297029338e-06,6.559255065972895e-06,4.1819437653165336e-05
1,78000,False,39,ca05a_00000,2025-08-18_00-10-39,1755475839,82.36284971237183,3307.616039276123,758452,intrinsic-attention2,10.156.0.3,3307.616039276123,39,87.72096148435809,1.7065617241370632e-05,87.72068771948531,2.5497110014079625,84.82131417156204,0.0019314989534162529,2000,1.0067001111073661,10.03,2,10.5,0.0002652160037541762,2.5181040825001384,39000,9.5,38.0,4.3826046135829556e-05,2,0.0014608383199083618,2.0,1000,78000,9.258055114406281e-05,1.0067001111073661,339.3592300709603,2000.0,3000.0,"[array([0.5707864, 0.5707864, 0.5707864], dtype=float32), array([0.56994677, 0.56994677, 0.56994677], dtype=float32), array([0.5693139, 0.5693139, 0.5693139], dtype=float32), array([0.56829065, 0.56829065, 0.56829065], dtype=float32), array([0.56682485, 0.56682485, 0.56682485], dtype=float32), array([0.56538916, 0.56538916, 0.56538916], dtype=float32), array([0.56385815, 0.56385815, 0.56385815], dtype=float32), array([0.5626116, 0.5626116, 0.5626116], dtype=float32), array([0.55996567, 0.55996567, 0.55996567], dtype=float32), array([0.5582801, 0.5582801, 0.5582801], dtype=float32), array([0.5565406, 0.5565406, 0.5565406], dtype=float32), array([0.5551366, 0.5551366, 0.5551366], dtype=float32), array([0.5534964, 0.5534964, 0.5534964], dtype=float32), array([0.5519089, 0.5519089, 0.5519089], dtype=float32), array([0.5507623, 0.5507623, 0.5507623], dtype=float32), array([0.5491643, 0.5491643, 0.5491643], dtype=float32), array([0.5469122, 0.5469122, 0.5469122], dtype=float32), array([0.5447926, 0.5447926, 0.5447926], dtype=float32), array([0.5428429, 0.5428429, 0.5428429], dtype=float32), array([0.53981346, 0.53981346, 0.53981346], dtype=float32), array([0.53612417, 0.53612417, 0.53612417], dtype=float32), array([0.5320869, 0.5320869, 0.5320869], dtype=float32), array([0.5281466, 0.5281466, 0.5281466], dtype=float32), array([0.524077, 0.524077, 0.524077], dtype=float32), array([0.5208341, 0.5208341, 0.5208341], dtype=float32), array([0.5175195, 0.5175195, 0.5175195], dtype=float32), array([0.51450485, 0.51450485, 0.51450485], dtype=float32), array([0.5119414, 0.5119414, 0.5119414], dtype=float32), array([0.5093375, 0.5093375, 0.5093375], dtype=float32), array([0.5067786, 0.5067786, 0.5067786], dtype=float32), array([0.5039148, 0.5039148, 0.5039148], dtype=float32)]","[array([nan, nan, nan], dtype=float32), array([nan, nan, nan], dtype=float32), array([nan, nan, nan], dtype=float32), array([nan, nan, nan], dtype=float32), array([nan, nan, nan], dtype=float32), array([nan, nan, nan], dtype=float32), array([nan, nan, nan], dtype=float32), array([nan, nan, nan], dtype=float32), array([nan, nan, nan], dtype=float32), array([nan, nan, nan], dtype=float32), array([nan, nan, nan], dtype=float32), array([nan, nan, nan], dtype=float32), array([nan, nan, nan], dtype=float32), array([nan, nan, nan], dtype=float32), array([nan, nan, nan], dtype=float32), array([nan, nan, nan], dtype=float32), array([nan, nan, nan], dtype=float32), array([nan, nan, nan], dtype=float32), array([nan, nan, nan], dtype=float32), array([nan, nan, nan], dtype=float32), array([nan, nan, nan], dtype=float32), array([nan, nan, nan], dtype=float32), array([nan, nan, nan], dtype=float32), array([nan, nan, nan], dtype=float32), array([nan, nan, nan], dtype=float32), array([nan, nan, nan], dtype=float32), array([nan, nan, nan], dtype=float32), array([nan, nan, nan], dtype=float32), array([nan, nan, nan], dtype=float32), array([nan, nan, nan], dtype=float32), array([nan, nan, nan], dtype=float32)]","[array([[0.90564096, 0.07001345, 0.02434564],
       [0.69903874, 0.18998137, 0.11097995],
       [0.5596169 , 0.25550202, 0.18488114]], dtype=float32), array([[0.62047607, 0.26504925, 0.11447472],
       [0.55087125, 0.29251945, 0.1566093 ],
       [0.47758415, 0.31436506, 0.20805085]], dtype=float32), array([[0.9071059 , 0.06894701, 0.02394701],
       [0.69994146, 0.18933928, 0.11071927],
       [0.56014997, 0.25511143, 0.18473855]], dtype=float32), array([[0.6995096 , 0.20991595, 0.09057441],
       [0.57582814, 0.26753303, 0.15663883],
       [0.4790978 , 0.30204436, 0.21885781]], dtype=float32), array([[0.72994125, 0.20620638, 0.06385243],
       [0.6690863 , 0.23895197, 0.09196185],
       [0.60501605, 0.26854512, 0.1264388 ]], dtype=float32), array([[0.63756806, 0.2503624 , 0.11206952],
       [0.5587523 , 0.28328443, 0.15796326],
       [0.48615283, 0.30703723, 0.20680992]], dtype=float32), array([[0.92107815, 0.05742812, 0.02149369],
       [0.7053902 , 0.18198207, 0.11262776],
       [0.5740159 , 0.24488011, 0.18110391]], dtype=float32), array([[0.6522566 , 0.23786202, 0.10988137],
       [0.5654489 , 0.2755885 , 0.15896264],
       [0.49391755, 0.300578  , 0.20550436]], dtype=float32), array([[0.44492775, 0.3937129 , 0.16135938],
       [0.44244725, 0.39277378, 0.16477893],
       [0.42359316, 0.38492367, 0.19148317]], dtype=float32), array([[0.44092822, 0.3983407 , 0.16073106],
       [0.43896863, 0.39745066, 0.16358073],
       [0.42065504, 0.3884898 , 0.1908551 ]], dtype=float32), array([[0.63448834, 0.2500097 , 0.11550192],
       [0.55353093, 0.28359085, 0.16287822],
       [0.4819045 , 0.3069373 , 0.2111582 ]], dtype=float32), array([[0.43002623, 0.40704012, 0.16293362],
       [0.4290936 , 0.40642467, 0.16448171],
       [0.41272587, 0.39523363, 0.19204049]], dtype=float32), array([[0.7362994 , 0.19879358, 0.06490703],
       [0.67245644, 0.2332196 , 0.09432391],
       [0.61040956, 0.26223442, 0.12735596]], dtype=float32), array([[0.42633623, 0.40961564, 0.16404814],
       [0.42568758, 0.40913603, 0.16517639],
       [0.41003403, 0.39726657, 0.1926994 ]], dtype=float32), array([[0.6225869 , 0.25719932, 0.12021369],
       [0.54437214, 0.28852698, 0.16710086],
       [0.47300366, 0.31064412, 0.2163522 ]], dtype=float32), array([[0.7290038 , 0.20554554, 0.0654506 ],
       [0.6679642 , 0.23822613, 0.09380958],
       [0.6055125 , 0.2670616 , 0.12742586]], dtype=float32), array([[0.671575  , 0.22439323, 0.10403171],
       [0.5572758 , 0.27506748, 0.16765673],
       [0.46990097, 0.3049308 , 0.2251682 ]], dtype=float32), array([[0.9003732 , 0.07246745, 0.02715927],
       [0.6873939 , 0.19404425, 0.11856186],
       [0.5554375 , 0.25562274, 0.18893966]], dtype=float32), array([[0.9026226 , 0.07065125, 0.02672617],
       [0.68824756, 0.1929694 , 0.11878305],
       [0.55728394, 0.25425494, 0.1884611 ]], dtype=float32), array([[0.6236997 , 0.25615954, 0.12014068],
       [0.54405355, 0.28815296, 0.16779347],
       [0.47216374, 0.31048912, 0.21734716]], dtype=float32), array([[0.4319742 , 0.40196937, 0.16605647],
       [0.4307128 , 0.4012432 , 0.16804394],
       [0.41451204, 0.39147976, 0.19400816]], dtype=float32), array([[0.7674411 , 0.17191347, 0.0606454 ],
       [0.6937733 , 0.21279413, 0.09343252],
       [0.63412184, 0.24208345, 0.12379467]], dtype=float32), array([[0.4562773 , 0.3769391 , 0.1667836 ],
       [0.45186636, 0.376164  , 0.17196961],
       [0.4324881 , 0.3719921 , 0.19551972]], dtype=float32), array([[0.6766035 , 0.21418011, 0.10921636],
       [0.56994194, 0.2629171 , 0.16714089],
       [0.50223994, 0.28883836, 0.20892179]], dtype=float32), array([[0.8025161 , 0.14115079, 0.05633305],
       [0.7157253 , 0.19000891, 0.09426582],
       [0.6606383 , 0.21801765, 0.12134401]], dtype=float32), array([[0.81041074, 0.13392712, 0.05566211],
       [0.72020173, 0.184692  , 0.09510625],
       [0.6669441 , 0.21191093, 0.12114496]], dtype=float32), array([[0.94284683, 0.03871377, 0.01843954],
       [0.7068855 , 0.17054458, 0.12256993],
       [0.6053584 , 0.22037522, 0.17426638]], dtype=float32), array([[0.8233677 , 0.12209591, 0.05453627],
       [0.7273535 , 0.1759862 , 0.09666032],
       [0.6775793 , 0.20159438, 0.12082633]], dtype=float32), array([[0.9252595 , 0.04973324, 0.02500718],
       [0.7232239 , 0.16244276, 0.11433322],
       [0.6435431 , 0.20232956, 0.15412733]], dtype=float32), array([[0.7170501 , 0.17810372, 0.10484619],
       [0.5862752 , 0.24144378, 0.17228097],
       [0.5312341 , 0.26518077, 0.2035851 ]], dtype=float32), array([[0.5311909 , 0.30144018, 0.16736898],
       [0.5093999 , 0.30797607, 0.182624  ],
       [0.48646554, 0.31410673, 0.19942768]], dtype=float32)]",1,0,0,0,0,0,13.201694915254237,20.099999999999994,0.000155278004291986,2000,78000,0.0003429133269057932,10.03,10.03,78000,2000,0.3397943767806087,23810,0.0393447157605,39.0,999.0,0.0,1207791,0.0,1.0,0.0013802934991,30969,376.8414561665661,652.3734741210938,0.0,-0.0011276612058281898,999.0,0.4722185432910919,0.0012576075969263911,3.627251388138575e-08,0.19608524441719055,1.0,0.0013802934991,1207791,81158,0.34780848026275635,-0.7917499542236328,39.0,30969,376.84186464519706,3627000,2415582,61938,104968,93000,0,1131.6584880539042,6368943.18670888,6717687.639223667,0.0002786049413111068,9.86745114547045e-05,2,1.0067001111073661,100,10.5,0.16849238707778302,9.5,39.0,4.5824177996342275e-05,0.0015376515500247479,50,78100,1.0067001111073661,10.0,2,1950,2.0,0.00036282871925806515,3900,0.00016096436664000746,10.0,3900,100,10.0,100,1.978200819193742e-05,3.26038820852465e-05,6.501968311077223e-06,7.146426245157355e-06,4.146430265902682e-05,2.7487707519488885e-05,2.8017752787501412e-05,2.0956794137311636e-05,1.519111524997026e-05,0.00014142325564373083,4.539531222011692e-05,0.052888781836235105,0.006578598756632697,0.05417599376064011,0.17137787757703632,0.030045166058327903,0.02374905868989528,0.00016462052929563746,1171.0,4214574,0.34921935,0.19328205287456512,108066,-0.2505805492401123,1209.0,90.89266204833984,1.0,5.91450443607755e-05,498.0,0.4722185730934143,0.0013735159300267696,1171.0,4214574,0.0,1209.0,108066,498.0,8429148,651000,216132,25389000,10853.865624868713,1.585725628016904e-05,0.00015254520093580272,2.2082190197876108e-05,4.6652810026316815e-05,2.9111161983689154e-05,2.9019468602226807e-05,2.0268886388512783e-05,3.4049759338930634e-05,7.591972153858478e-06,6.634784556030622e-06,4.285652995027612e-05
1,80000,False,40,ca05a_00000,2025-08-18_00-12-04,1755475924,84.20633602142334,3391.8223752975464,758452,intrinsic-attention2,10.156.0.3,3391.8223752975464,40,87.6843580829045,1.7011741061779484e-05,87.68408375500049,2.549483744763856,84.78525224825641,0.0019294943238630012,2000,1.0067001111073661,9.99,2,10.5,0.0002652160037541762,2.5178829086451575,40000,9.5,39.0,4.382333628292122e-05,2,0.0014536826404219028,2.0,1000,80000,9.190992596895476e-05,1.0067001111073661,328.7585899819787,2000.0,3000.0,"[array([0.5009433, 0.5009433, 0.5009433], dtype=float32), array([0.49833688, 0.49833688, 0.49833688], dtype=float32), array([0.49524316, 0.49524316, 0.49524316], dtype=float32), array([0.4913844, 0.4913844, 0.4913844], dtype=float32), array([0.4885855, 0.4885855, 0.4885855], dtype=float32), array([0.484486, 0.484486, 0.484486], dtype=float32), array([0.4787098, 0.4787098, 0.4787098], dtype=float32), array([0.47255474, 0.47255474, 0.47255474], dtype=float32), array([0.4660763, 0.4660763, 0.4660763], dtype=float32), array([0.45938104, 0.45938104, 0.45938104], dtype=float32), array([0.45256603, 0.45256603, 0.45256603], dtype=float32), array([0.4458083, 0.4458083, 0.4458083], dtype=float32), array([0.43829107, 0.43829107, 0.43829107], dtype=float32), array([0.43152654, 0.43152654, 0.43152654], dtype=float32), array([0.42455426, 0.42455426, 0.42455426], dtype=float32), array([0.4176402, 0.4176402, 0.4176402], dtype=float32), array([0.41046107, 0.41046107, 0.41046107], dtype=float32), array([0.4027003, 0.4027003, 0.4027003], dtype=float32), array([0.39648405, 0.39648405, 0.39648405], dtype=float32), array([0.39043346, 0.39043346, 0.39043346], dtype=float32), array([0.3853517, 0.3853517, 0.3853517], dtype=float32), array([0.37928697, 0.37928697, 0.37928697], dtype=float32), array([0.37180504, 0.37180504, 0.37180504], dtype=float32), array([0.36438143, 0.36438143, 0.36438143], dtype=float32), array([0.35733604, 0.35733604, 0.35733604], dtype=float32), array([0.35124487, 0.35124487, 0.35124487], dtype=float32), array([0.34616742, 0.34616742, 0.34616742], dtype=float32), array([0.3387875, 0.3387875, 0.3387875], dtype=float32), array([0.32958123, 0.32958123, 0.32958123], dtype=float32), array([0.3218188, 0.3218188, 0.3218188], dtype=float32), array([0.3150141, 0.3150141, 0.3150141], dtype=float32)]","[array([nan, nan, nan], dtype=float32), array([nan, nan, nan], dtype=float32), array([nan, nan, nan], dtype=float32), array([nan, nan, nan], dtype=float32), array([nan, nan, nan], dtype=float32), array([nan, nan, nan], dtype=float32), array([nan, nan, nan], dtype=float32), array([nan, nan, nan], dtype=float32), array([nan, nan, nan], dtype=float32), array([nan, nan, nan], dtype=float32), array([nan, nan, nan], dtype=float32), array([nan, nan, nan], dtype=float32), array([nan, nan, nan], dtype=float32), array([nan, nan, nan], dtype=float32), array([nan, nan, nan], dtype=float32), array([nan, nan, nan], dtype=float32), array([nan, nan, nan], dtype=float32), array([nan, nan, nan], dtype=float32), array([nan, nan, nan], dtype=float32), array([nan, nan, nan], dtype=float32), array([nan, nan, nan], dtype=float32), array([nan, nan, nan], dtype=float32), array([nan, nan, nan], dtype=float32), array([nan, nan, nan], dtype=float32), array([nan, nan, nan], dtype=float32), array([nan, nan, nan], dtype=float32), array([nan, nan, nan], dtype=float32), array([nan, nan, nan], dtype=float32), array([nan, nan, nan], dtype=float32), array([nan, nan, nan], dtype=float32), array([nan, nan, nan], dtype=float32)]","[array([[0.9592807 , 0.02655233, 0.01416694],
       [0.7182689 , 0.15933321, 0.1223979 ],
       [0.63254964, 0.2020265 , 0.16542388]], dtype=float32), array([[0.56232184, 0.2785898 , 0.15908834],
       [0.5322187 , 0.2895805 , 0.17820078],
       [0.5077881 , 0.2977343 , 0.19447762]], dtype=float32), array([[0.8419033 , 0.10363819, 0.0544584 ],
       [0.7359231 , 0.162171  , 0.10190582],
       [0.69518167, 0.18319759, 0.12162071]], dtype=float32), array([[0.96512747, 0.02221063, 0.01266199],
       [0.7225939 , 0.15456901, 0.12283704],
       [0.6463339 , 0.19273055, 0.16093567]], dtype=float32), array([[0.93486   , 0.0409376 , 0.02420242],
       [0.73002654, 0.15263224, 0.11734123],
       [0.6709946 , 0.18242925, 0.1465762 ]], dtype=float32), array([[0.8600112 , 0.09002142, 0.0499673 ],
       [0.74796444, 0.15185124, 0.10018427],
       [0.7102993 , 0.17140353, 0.11829718]], dtype=float32), array([[0.7630193 , 0.14163305, 0.09534754],
       [0.60807186, 0.2193298 , 0.17259833],
       [0.56630564, 0.2387743 , 0.19492003]], dtype=float32), array([[0.9684504 , 0.01926216, 0.01228741],
       [0.7208365 , 0.15201421, 0.12714925],
       [0.6600187 , 0.1825063 , 0.15747494]], dtype=float32), array([[0.59961057, 0.23814796, 0.1622415 ],
       [0.55459946, 0.2578503 , 0.18755023],
       [0.5355024 , 0.265818  , 0.19867964]], dtype=float32), array([[0.7712648 , 0.13773337, 0.0910018 ],
       [0.6894732 , 0.18011722, 0.13040955],
       [0.6674869 , 0.1910838 , 0.14142926]], dtype=float32), array([[0.62453085, 0.21583919, 0.15962994],
       [0.5698069 , 0.24121678, 0.18897636],
       [0.5538514 , 0.2483642 , 0.19778441]], dtype=float32), array([[0.90753967, 0.05156725, 0.04089316],
       [0.649423  , 0.18421143, 0.16636556],
       [0.6180956 , 0.1996709 , 0.18223354]], dtype=float32), array([[0.916635  , 0.0462133 , 0.03715177],
       [0.7869315 , 0.11403878, 0.09902968],
       [0.77325225, 0.12104227, 0.10570546]], dtype=float32), array([[0.9671757 , 0.01750647, 0.01531778],
       [0.768411  , 0.11938226, 0.11220678],
       [0.7552176 , 0.12603766, 0.11874474]], dtype=float32), array([[0.98915863, 0.00567945, 0.00516187],
       [0.7492943 , 0.12740906, 0.12329666],
       [0.7372134 , 0.13347226, 0.12931433]], dtype=float32), array([[0.860353  , 0.07094189, 0.0687051 ],
       [0.66245854, 0.17024267, 0.16729873],
       [0.6591668 , 0.171887  , 0.16894628]], dtype=float32), array([[0.7238947 , 0.13515908, 0.14094621],
       [0.62735176, 0.18346278, 0.18918552],
       [0.62993544, 0.18216485, 0.18789968]], dtype=float32), array([[0.7808047 , 0.10361829, 0.11557698],
       [0.66509783, 0.1610321 , 0.1738701 ],
       [0.67210037, 0.15752108, 0.17037858]], dtype=float32), array([[0.9567762 , 0.01950781, 0.02371606],
       [0.82472664, 0.08258232, 0.09269105],
       [0.8356821 , 0.07725645, 0.08706146]], dtype=float32), array([[0.9615515 , 0.01664539, 0.02180315],
       [0.83027375, 0.07820664, 0.09151958],
       [0.84504294, 0.07111257, 0.08384444]], dtype=float32), array([[0.99610585, 0.00163595, 0.00225816],
       [0.7833098 , 0.10281993, 0.1138702 ],
       [0.81749576, 0.08609489, 0.09640927]], dtype=float32), array([[0.95556873, 0.01744819, 0.02698304],
       [0.81446475, 0.0811801 , 0.1043552 ],
       [0.83926314, 0.06953436, 0.09120251]], dtype=float32), array([[0.99653155, 0.00122036, 0.00224814],
       [0.7561905 , 0.11128971, 0.1325198 ],
       [0.8244017 , 0.07842494, 0.09717342]], dtype=float32), array([[0.9966402 , 0.00105592, 0.0023038 ],
       [0.73951584, 0.11659141, 0.14389274],
       [0.82875717, 0.07391022, 0.09733255]], dtype=float32), array([[0.97378594, 0.00719932, 0.01901469],
       [0.8188956 , 0.06879099, 0.11231343],
       [0.87322617, 0.04534525, 0.08142854]], dtype=float32), array([[0.88526917, 0.03153231, 0.08319855],
       [0.7049185 , 0.10830589, 0.18677554],
       [0.77136415, 0.07746055, 0.15117534]], dtype=float32), array([[0.98688483, 0.00336628, 0.00974888],
       [0.650527  , 0.15099908, 0.19847389],
       [0.7899587 , 0.08322202, 0.1268193 ]], dtype=float32), array([[0.8832478 , 0.03198836, 0.08476385],
       [0.7112822 , 0.10480283, 0.183915  ],
       [0.77468467, 0.07559296, 0.14972235]], dtype=float32), array([[0.891269  , 0.03311257, 0.07561845],
       [0.73007816, 0.10237051, 0.16755141],
       [0.7816732 , 0.07855416, 0.13977265]], dtype=float32), array([[9.9904233e-01, 3.0504263e-04, 6.5264164e-04],
       [8.5468268e-01, 6.3846141e-02, 8.1471235e-02],
       [9.0560353e-01, 4.0348094e-02, 5.4048419e-02]], dtype=float32), array([[0.92479455, 0.02853278, 0.04667256],
       [0.78559583, 0.09098044, 0.12342373],
       [0.813115  , 0.07809692, 0.10878807]], dtype=float32)]",1,0,0,0,0,0,13.240000000000002,20.1,0.00015322301059203581,2000,80000,0.000341575152651728,9.99,9.99,80000,2000,0.3394953747027709,23810,0.0393447157605,40.0,999.0,0.0,1238760,0.0,1.0,0.0013802934991,30969,376.88508405731886,770.2512817382812,0.0,-0.003540961304679513,999.0,0.4722185432910919,0.004350538831204176,1.8136256940692874e-08,0.20370107889175415,1.0,0.0013802934991,1238760,81158,0.3453846871852875,-1.0,40.0,30969,376.88547855488264,3720000,2477520,61938,104968,93000,0,1131.7893975825064,6359013.892492445,6707985.507058668,0.00027740666199146095,0.00010140536062829635,2,1.0067001111073661,100,10.5,0.16811777624701743,9.5,40.0,4.7499620905127085e-05,0.0015729509400262032,50,80100,1.0067001111073661,10.0,2,2000,2.0,0.0003724428137585196,4000,0.0001651368748766375,10.0,4000,100,10.0,100,1.9589444493071393e-05,3.224736060239333e-05,6.369682014201457e-06,7.113893815234048e-06,4.050427065013248e-05,2.762097643163363e-05,2.8120027102135777e-05,2.1357605150450674e-05,1.5187133000289056e-05,0.0001394923981071808,4.534860134620969e-05,0.05288822834788345,0.006575748029132667,0.05409402259298293,0.17127823739120507,0.03001679920772987,0.02366443661304563,0.00016468718396016002,1201.0,4322640,0.34897232,0.2038208544254303,108066,-0.39601171016693115,1240.0,88.61127471923828,1.0,-0.0007856840384192765,498.0,0.4722185730934143,0.005194106604903936,1201.0,4322640,0.0,1240.0,108066,498.0,8645280,651000,216132,26040000,10833.416375730836,1.6234711727220725e-05,0.00015536228443804328,2.303235142614589e-05,4.805989947213515e-05,2.9994919889459664e-05,2.973768137594968e-05,2.0955691899404458e-05,3.476166196364793e-05,7.664849038929565e-06,6.885860066646437e-06,4.369689548727786e-05
1,82000,False,41,ca05a_00000,2025-08-18_00-13-27,1755476007,83.05495262145996,3474.8773279190063,758452,intrinsic-attention2,10.156.0.3,3474.8773279190063,41,87.63665708058552,1.695549369749603e-05,87.63638235819059,2.5496801255360895,84.73749457912386,0.0019275647205058788,2000,1.0067001111073661,9.98,2,10.5,0.0002652160037541762,2.5180716569786714,41000,9.5,40.0,4.652997642170864e-05,2,0.0015403774997685105,2.0,1000,82000,9.707198563093649e-05,1.0067001111073661,318.4289395895872,2000.0,3000.0,"[array([0.30816922, 0.30816922, 0.30816922], dtype=float32), array([0.30205464, 0.30205464, 0.30205464], dtype=float32), array([0.29670283, 0.29670283, 0.29670283], dtype=float32), array([0.28847522, 0.28847522, 0.28847522], dtype=float32), array([0.28028226, 0.28028226, 0.28028226], dtype=float32), array([0.27294353, 0.27294353, 0.27294353], dtype=float32), array([0.26494166, 0.26494166, 0.26494166], dtype=float32), array([0.25717044, 0.25717044, 0.25717044], dtype=float32), array([0.2509894, 0.2509894, 0.2509894], dtype=float32), array([0.24554351, 0.24554351, 0.24554351], dtype=float32), array([0.24073867, 0.24073867, 0.24073867], dtype=float32), array([0.23357825, 0.23357825, 0.23357825], dtype=float32), array([0.22695497, 0.22695497, 0.22695497], dtype=float32), array([0.22060819, 0.22060819, 0.22060819], dtype=float32), array([0.21421392, 0.21421392, 0.21421392], dtype=float32), array([0.20847541, 0.20847541, 0.20847541], dtype=float32), array([0.20284276, 0.20284276, 0.20284276], dtype=float32), array([0.19768979, 0.19768979, 0.19768979], dtype=float32), array([0.1926307, 0.1926307, 0.1926307], dtype=float32), array([0.18779494, 0.18779494, 0.18779494], dtype=float32), array([0.18314393, 0.18314393, 0.18314393], dtype=float32), array([0.17916492, 0.17916492, 0.17916492], dtype=float32), array([0.17517765, 0.17517765, 0.17517765], dtype=float32), array([0.17135312, 0.17135312, 0.17135312], dtype=float32), array([0.16778609, 0.16778609, 0.16778609], dtype=float32), array([0.1645638, 0.1645638, 0.1645638], dtype=float32), array([0.16121146, 0.16121146, 0.16121146], dtype=float32), array([0.15812339, 0.15812339, 0.15812339], dtype=float32), array([0.15520981, 0.15520981, 0.15520981], dtype=float32), array([0.1523869, 0.1523869, 0.1523869], dtype=float32), array([0.14957787, 0.14957787, 0.14957787], dtype=float32)]","[array([0.30816922, 0.30816922, 0.30816922], dtype=float32), array([nan, nan, nan], dtype=float32), array([nan, nan, nan], dtype=float32), array([nan, nan, nan], dtype=float32), array([nan, nan, nan], dtype=float32), array([0.27294356, 0.27294356, 0.27294356], dtype=float32), array([nan, nan, nan], dtype=float32), array([nan, nan, nan], dtype=float32), array([0.25098938, 0.25098938, 0.25098938], dtype=float32), array([0.2455435, 0.2455435, 0.2455435], dtype=float32), array([nan, nan, nan], dtype=float32), array([nan, nan, nan], dtype=float32), array([nan, nan, nan], dtype=float32), array([0.22060816, 0.22060816, 0.22060816], dtype=float32), array([nan, nan, nan], dtype=float32), array([nan, nan, nan], dtype=float32), array([nan, nan, nan], dtype=float32), array([0.19768979, 0.19768979, 0.19768979], dtype=float32), array([0.19263066, 0.19263066, 0.19263066], dtype=float32), array([nan, nan, nan], dtype=float32), array([nan, nan, nan], dtype=float32), array([nan, nan, nan], dtype=float32), array([nan, nan, nan], dtype=float32), array([0.17135316, 0.17135316, 0.17135316], dtype=float32), array([nan, nan, nan], dtype=float32), array([0.16456379, 0.16456379, 0.16456379], dtype=float32), array([nan, nan, nan], dtype=float32), array([nan, nan, nan], dtype=float32), array([0.15520982, 0.15520982, 0.15520982], dtype=float32), array([nan, nan, nan], dtype=float32), array([nan, nan, nan], dtype=float32)]","[array([[0.9807237 , 0.00800372, 0.01127254],
       [0.8789996 , 0.0545302 , 0.06647023],
       [0.8930029 , 0.04794702, 0.05905002]], dtype=float32), array([[0.97278124, 0.01242617, 0.01479258],
       [0.8696608 , 0.06172668, 0.06861252],
       [0.8770818 , 0.05812823, 0.06478998]], dtype=float32), array([[0.9045674 , 0.0469786 , 0.04845408],
       [0.7881113 , 0.1048271 , 0.10706156],
       [0.78974   , 0.10401596, 0.10624405]], dtype=float32), array([[9.9862111e-01, 7.1350357e-04, 6.6538458e-04],
       [9.1858888e-01, 4.1313957e-02, 4.0097114e-02],
       [9.1553813e-01, 4.2854033e-02, 4.1607846e-02]], dtype=float32), array([[0.9237658 , 0.04171874, 0.03451553],
       [0.8184603 , 0.09669314, 0.08484659],
       [0.809293  , 0.10140498, 0.08930211]], dtype=float32), array([[0.994402  , 0.00323487, 0.00236317],
       [0.89862156, 0.05457331, 0.04680515],
       [0.8826222 , 0.06292935, 0.05444847]], dtype=float32), array([[0.9754082 , 0.01492879, 0.00966299],
       [0.89724565, 0.05862251, 0.04413177],
       [0.8817551 , 0.06700406, 0.05124075]], dtype=float32), array([[0.9919636 , 0.00495933, 0.00307697],
       [0.8980298 , 0.05727393, 0.04469627],
       [0.8740269 , 0.07011406, 0.05585904]], dtype=float32), array([[0.9035556 , 0.05988255, 0.03656189],
       [0.8103388 , 0.11172748, 0.07793375],
       [0.78734887, 0.12402174, 0.08862939]], dtype=float32), array([[0.904235  , 0.06029817, 0.03546688],
       [0.812659  , 0.11166341, 0.07567753],
       [0.78824437, 0.12479603, 0.08695959]], dtype=float32), array([[9.9841321e-01, 1.0523468e-03, 5.3434656e-04],
       [9.4437242e-01, 3.2407697e-02, 2.3219930e-02],
       [9.2223734e-01, 4.4657685e-02, 3.3105027e-02]], dtype=float32), array([[0.9122288 , 0.05861444, 0.02915678],
       [0.8260917 , 0.10888366, 0.06502459],
       [0.79539526, 0.12586279, 0.07874195]], dtype=float32), array([[0.95648545, 0.0302992 , 0.01321539],
       [0.8748579 , 0.08007237, 0.04506973],
       [0.84118634, 0.09935527, 0.05945842]], dtype=float32), array([[0.98601574, 0.01010665, 0.00387765],
       [0.9272444 , 0.04734261, 0.02541294],
       [0.89882225, 0.06420552, 0.03697227]], dtype=float32), array([[0.95997167, 0.02984316, 0.01018521],
       [0.89048743, 0.07478794, 0.03472457],
       [0.8527953 , 0.09743808, 0.04976653]], dtype=float32), array([[0.9478841 , 0.04003856, 0.01207743],
       [0.87781453, 0.08632391, 0.03586159],
       [0.8340633 , 0.11296125, 0.05297544]], dtype=float32), array([[0.98167956, 0.01452988, 0.00379051],
       [0.9251921 , 0.05333865, 0.02146926],
       [0.884905  , 0.07871283, 0.0363822 ]], dtype=float32), array([[0.98380524, 0.01276437, 0.00343042],
       [0.9073741 , 0.06395239, 0.0286736 ],
       [0.84808326, 0.09972097, 0.05219571]], dtype=float32), array([[0.8469454 , 0.12065024, 0.03240431],
       [0.7826089 , 0.16162351, 0.05576761],
       [0.7279516 , 0.19313693, 0.07891149]], dtype=float32), array([[0.85018563, 0.11995984, 0.02985453],
       [0.78713286, 0.16081232, 0.05205478],
       [0.73024625, 0.19404733, 0.07570642]], dtype=float32), array([[9.9396634e-01, 5.0522513e-03, 9.8132761e-04],
       [9.4194096e-01, 4.2037997e-02, 1.6021030e-02],
       [8.8597465e-01, 7.7581652e-02, 3.6443714e-02]], dtype=float32), array([[0.9925966 , 0.00626912, 0.00113424],
       [0.9388407 , 0.04501487, 0.01614448],
       [0.87874085, 0.08352108, 0.03773808]], dtype=float32), array([[0.9246662 , 0.06368349, 0.01165033],
       [0.86248016, 0.10844643, 0.02907342],
       [0.80178   , 0.14773749, 0.05048245]], dtype=float32), array([[0.9111203 , 0.0747079 , 0.01417182],
       [0.8441091 , 0.12210923, 0.03378167],
       [0.77762103, 0.16405573, 0.0583232 ]], dtype=float32), array([[0.8194282 , 0.1508044 , 0.02976737],
       [0.7660354 , 0.18605156, 0.04791315],
       [0.7031528 , 0.22280724, 0.07403991]], dtype=float32), array([[0.97634774, 0.01998249, 0.00366971],
       [0.9040045 , 0.07206163, 0.02393378],
       [0.8290831 , 0.11952426, 0.05139263]], dtype=float32), array([[0.9757899 , 0.02038064, 0.00382946],
       [0.90267944, 0.07279693, 0.02452368],
       [0.82831144, 0.11976402, 0.05192463]], dtype=float32), array([[0.924868  , 0.06371841, 0.01141362],
       [0.86329323, 0.10822305, 0.02848375],
       [0.8023873 , 0.14779662, 0.04981608]], dtype=float32), array([[0.82730085, 0.1434744 , 0.02922469],
       [0.77219313, 0.17989762, 0.04790925],
       [0.7101931 , 0.2163188 , 0.07348809]], dtype=float32), array([[0.9708747 , 0.02483435, 0.00429101],
       [0.91473526, 0.06637043, 0.01889433],
       [0.8600154 , 0.10281004, 0.03717458]], dtype=float32), array([[0.91813415, 0.06831005, 0.01355584],
       [0.8507568 , 0.11578315, 0.03345997],
       [0.7870551 , 0.15598522, 0.05695964]], dtype=float32)]",1,0,0,0,0,0,13.236134453781515,20.099999999999994,0.00016351397062214373,2000,82000,0.00036256091776849125,9.98,9.98,82000,2000,0.33937119585575426,23810,0.0393447157605,41.0,999.0,0.0,1269729,0.0,1.0,0.0013802934991,30969,377.10921925256673,678.953857421875,0.0,-0.004068769980221987,999.0,0.4722185432910919,0.004953467752784491,9.068128470346437e-09,0.21438275277614594,1.0,0.0013802934991,1269729,81158,0.34484219551086426,-0.11710047721862793,41.0,30969,377.10960175362254,3813000,2539458,61938,104968,93000,0,1132.4623809550537,6358220.920512214,6709345.574822519,0.00027613755546309813,9.867392773949232e-05,2,1.0067001111073661,100,10.5,0.16770378079465909,9.5,41.0,4.569743565128897e-05,0.001570880780927837,50,82100,1.0067001111073661,10.0,2,2050,2.0,0.00036515202499048786,4100,0.00016128157587661993,10.0,4100,100,10.0,100,2.0697277252806415e-05,3.4667220991659954e-05,6.800673657257701e-06,7.564397224715465e-06,4.331276299018076e-05,2.9350558670179676e-05,2.9645578108767897e-05,2.2543163540376544e-05,1.594243141756381e-05,0.00014802262282116147,4.808324911239475e-05,0.05291149641452686,0.006575703058809193,0.05403561666715247,0.17128126847732522,0.030006390305590002,0.02358225813685172,0.00016470244206428312,1231.0,4430706,0.32839704,0.18363764882087708,108066,-0.015996694564819336,1271.0,88.58290100097656,1.0,-0.02334585413336754,498.0,0.4722185730934143,0.017404630780220032,1231.0,4430706,0.0,1271.0,108066,498.0,8861412,651000,216132,26691000,10818.76577103676,1.587502182474458e-05,0.00015250137873626824,2.245357310467827e-05,4.676095880118129e-05,2.9495199260511494e-05,2.927313479516504e-05,2.0380032742104646e-05,3.4089369501922425e-05,7.571293295213263e-06,6.685367377152239e-06,4.2477650708747444e-05
1,84000,False,42,ca05a_00000,2025-08-18_00-14-50,1755476090,83.26933813095093,3558.1466660499573,758452,intrinsic-attention2,10.156.0.3,3558.1466660499573,42,87.59158664142969,1.6896948627917276e-05,87.59131162472869,2.5488860347107205,84.6934688376926,0.0019280963531965781,2000,1.0067001111073661,9.86,2,10.5,0.0002652160037541762,2.5172780314888734,42000,-10.5,41.0,4.409079335782451e-05,2,0.0014728057404863647,2.0,1000,84000,9.309033227836538e-05,1.0067001111073661,308.37060332122957,2000.0,3000.0,"[array([0.14685023, 0.14685023, 0.14685023], dtype=float32), array([0.14438376, 0.14438376, 0.14438376], dtype=float32), array([0.15190314, 0.15190314, 0.15190314], dtype=float32), array([0.15869793, 0.15869793, 0.15869793], dtype=float32), array([0.16614635, 0.16614635, 0.16614635], dtype=float32), array([0.17303012, 0.17303012, 0.17303012], dtype=float32), array([0.17859676, 0.17859676, 0.17859676], dtype=float32), array([0.18356755, 0.18356755, 0.18356755], dtype=float32), array([0.18895061, 0.18895061, 0.18895061], dtype=float32), array([0.19364887, 0.19364887, 0.19364887], dtype=float32), array([0.19819072, 0.19819072, 0.19819072], dtype=float32), array([0.20275326, 0.20275326, 0.20275326], dtype=float32), array([0.2064573, 0.2064573, 0.2064573], dtype=float32), array([0.2098913, 0.2098913, 0.2098913], dtype=float32), array([0.21256927, 0.21256927, 0.21256927], dtype=float32), array([0.21483421, 0.21483421, 0.21483421], dtype=float32), array([0.21659575, 0.21659575, 0.21659575], dtype=float32), array([0.21841665, 0.21841665, 0.21841665], dtype=float32), array([0.22031428, 0.22031428, 0.22031428], dtype=float32), array([0.2220061, 0.2220061, 0.2220061], dtype=float32), array([0.22362684, 0.22362684, 0.22362684], dtype=float32), array([0.22507006, 0.22507006, 0.22507006], dtype=float32), array([0.22666049, 0.22666049, 0.22666049], dtype=float32), array([0.2281439, 0.2281439, 0.2281439], dtype=float32), array([0.22945161, 0.22945161, 0.22945161], dtype=float32), array([0.23080921, 0.23080921, 0.23080921], dtype=float32), array([0.23250669, 0.23250669, 0.23250669], dtype=float32), array([0.23393966, 0.23393966, 0.23393966], dtype=float32), array([0.23535131, 0.23535131, 0.23535131], dtype=float32), array([0.23668599, 0.23668599, 0.23668599], dtype=float32), array([0.23751538, 0.23751538, 0.23751538], dtype=float32)]","[array([0.14685023, 0.14685023, 0.14685023], dtype=float32), array([nan, nan, nan], dtype=float32), array([0.15190314, 0.15190314, 0.15190314], dtype=float32), array([nan, nan, nan], dtype=float32), array([0.16614635, 0.16614635, 0.16614635], dtype=float32), array([0.1730301, 0.1730301, 0.1730301], dtype=float32), array([0.1785968, 0.1785968, 0.1785968], dtype=float32), array([nan, nan, nan], dtype=float32), array([0.18895064, 0.18895064, 0.18895064], dtype=float32), array([0.1936489, 0.1936489, 0.1936489], dtype=float32), array([0.19819075, 0.19819075, 0.19819075], dtype=float32), array([nan, nan, nan], dtype=float32), array([nan, nan, nan], dtype=float32), array([0.20989132, 0.20989132, 0.20989132], dtype=float32), array([0.21256928, 0.21256928, 0.21256928], dtype=float32), array([0.21483421, 0.21483421, 0.21483421], dtype=float32), array([0.21659577, 0.21659577, 0.21659577], dtype=float32), array([nan, nan, nan], dtype=float32), array([nan, nan, nan], dtype=float32), array([0.22200614, 0.22200614, 0.22200614], dtype=float32), array([0.22362682, 0.22362682, 0.22362682], dtype=float32), array([0.22507007, 0.22507007, 0.22507007], dtype=float32), array([nan, nan, nan], dtype=float32), array([0.22814392, 0.22814392, 0.22814392], dtype=float32), array([0.22945155, 0.22945155, 0.22945155], dtype=float32), array([nan, nan, nan], dtype=float32), array([0.23250665, 0.23250665, 0.23250665], dtype=float32), array([0.23393968, 0.23393968, 0.23393968], dtype=float32), array([0.23535128, 0.23535128, 0.23535128], dtype=float32), array([nan, nan, nan], dtype=float32), array([nan, nan, nan], dtype=float32)]","[array([[0.9784143 , 0.01795881, 0.00362694],
       [0.9060139 , 0.06924058, 0.02474555],
       [0.83614093, 0.1130783 , 0.05078079]], dtype=float32), array([[0.8303287 , 0.13929133, 0.03038   ],
       [0.77357864, 0.17642066, 0.05000062],
       [0.7135869 , 0.21147257, 0.07494052]], dtype=float32), array([[0.8409631 , 0.1305076 , 0.0285292 ],
       [0.78257626, 0.1690297 , 0.04839399],
       [0.722634  , 0.2044228 , 0.0729432 ]], dtype=float32), array([[0.92968446, 0.05864075, 0.01167472],
       [0.86674213, 0.10339253, 0.02986527],
       [0.8095828 , 0.14011694, 0.05030024]], dtype=float32), array([[0.97198457, 0.02358731, 0.0044281 ],
       [0.9153911 , 0.06488214, 0.01972686],
       [0.86344844, 0.09911707, 0.03743451]], dtype=float32), array([[0.8431559 , 0.12848197, 0.02836207],
       [0.7843268 , 0.1672944 , 0.04837883],
       [0.7247452 , 0.20251083, 0.07274392]], dtype=float32), array([[0.84227437, 0.12931295, 0.02841269],
       [0.7836742 , 0.16798171, 0.04834414],
       [0.7239707 , 0.20326318, 0.07276616]], dtype=float32), array([[0.99330574, 0.00564525, 0.00104902],
       [0.9419285 , 0.0425472 , 0.01552432],
       [0.8857357 , 0.07855942, 0.03570488]], dtype=float32), array([[0.8318361 , 0.13786566, 0.03029824],
       [0.7748235 , 0.17516515, 0.05001139],
       [0.71517706, 0.21004792, 0.074775  ]], dtype=float32), array([[0.9932462 , 0.005702  , 0.00105183],
       [0.94185424, 0.04266349, 0.01548221],
       [0.88536906, 0.07889624, 0.03573475]], dtype=float32), array([[0.83041745, 0.13928284, 0.03029969],
       [0.77383244, 0.17632964, 0.04983794],
       [0.71392584, 0.21136136, 0.07471276]], dtype=float32), array([[0.9291502 , 0.05920793, 0.01164191],
       [0.8664876 , 0.10385399, 0.02965841],
       [0.80902773, 0.14083304, 0.05013918]], dtype=float32), array([[0.93046004, 0.05795093, 0.01158908],
       [0.8675852 , 0.10263959, 0.02977523],
       [0.8107786 , 0.13914157, 0.0500798 ]], dtype=float32), array([[0.9815035 , 0.015287  , 0.00320956],
       [0.91142833, 0.06462002, 0.0239516 ],
       [0.8456072 , 0.10584189, 0.04855085]], dtype=float32), array([[0.9739139 , 0.0217735 , 0.00431249],
       [0.9179042 , 0.06229429, 0.01980148],
       [0.8686056 , 0.0946069 , 0.03678746]], dtype=float32), array([[0.93657   , 0.05206527, 0.01136478],
       [0.87258834, 0.09694062, 0.03047104],
       [0.8190589 , 0.13103285, 0.04990823]], dtype=float32), array([[0.84967613, 0.12084858, 0.02947531],
       [0.78794307, 0.1610137 , 0.05104322],
       [0.7313246 , 0.19423911, 0.07443631]], dtype=float32), array([[9.9455148e-01, 4.5084562e-03, 9.4010279e-04],
       [9.4466889e-01, 3.9582584e-02, 1.5748482e-02],
       [8.9419466e-01, 7.1489699e-02, 3.4315709e-02]], dtype=float32), array([[9.9511200e-01, 4.0520630e-03, 8.3598116e-04],
       [9.4698459e-01, 3.7937324e-02, 1.5078029e-02],
       [8.9750910e-01, 6.9266036e-02, 3.3224866e-02]], dtype=float32), array([[0.9425701 , 0.04708627, 0.01034363],
       [0.87909687, 0.09167998, 0.02922312],
       [0.82675135, 0.12510839, 0.04814027]], dtype=float32), array([[0.93727916, 0.05135822, 0.01136262],
       [0.8730348 , 0.09631526, 0.03064991],
       [0.8198919 , 0.13010241, 0.05000564]], dtype=float32), array([[9.95136201e-01, 4.03397204e-03, 8.29818426e-04],
       [9.47133303e-01, 3.78489457e-02, 1.50178075e-02],
       [8.97655725e-01, 6.91919401e-02, 3.31523605e-02]], dtype=float32), array([[0.9360089 , 0.05258353, 0.01140754],
       [0.87197447, 0.09753142, 0.03049417],
       [0.81806755, 0.13187413, 0.05005838]], dtype=float32), array([[0.9348399 , 0.05371312, 0.01144704],
       [0.87101364, 0.09863859, 0.03034774],
       [0.81642914, 0.13347721, 0.05009367]], dtype=float32), array([[0.9288019 , 0.05848393, 0.0127142 ],
       [0.8609833 , 0.10576725, 0.03324939],
       [0.80251175, 0.14255682, 0.05493141]], dtype=float32), array([[0.85241175, 0.12019081, 0.02739748],
       [0.79158914, 0.16035858, 0.04805226],
       [0.73292387, 0.19517915, 0.07189701]], dtype=float32), array([[0.7615554 , 0.1981015 , 0.04034304],
       [0.7266529 , 0.21983255, 0.05351456],
       [0.6801195 , 0.24595127, 0.07392918]], dtype=float32), array([[0.934725  , 0.05453591, 0.0107391 ],
       [0.8723302 , 0.09910215, 0.02856772],
       [0.81571305, 0.13565837, 0.04862854]], dtype=float32), array([[0.9812134 , 0.01565097, 0.00313557],
       [0.9121025 , 0.06473491, 0.02316257],
       [0.8449004 , 0.10709593, 0.04800363]], dtype=float32), array([[0.9930581 , 0.00589234, 0.00104959],
       [0.94223815, 0.04269084, 0.01507106],
       [0.8851907 , 0.07948579, 0.03532351]], dtype=float32), array([[0.84298533, 0.1295123 , 0.02750234],
       [0.78490216, 0.16810845, 0.0469894 ],
       [0.7241991 , 0.20416623, 0.07163467]], dtype=float32)]",1,0,0,0,0,0,13.21764705882353,20.099999999999994,0.0001554885443668363,2000,84000,0.0003471122318361576,9.86,9.86,84000,2000,0.33913554035713933,23810,0.0393447157605,42.0,999.0,0.0,1300698,0.0,1.0,0.0013802934991,30969,377.2399875623281,2119.143798828125,0.0,-0.004436699207872152,999.0,0.4722185432910919,0.002014585305005312,4.5340642351732185e-09,0.1831538826227188,1.0,0.0013802934991,1300698,81158,0.344517320394516,-1.0,42.0,30969,377.2403559673119,3906000,2601396,61938,104968,93000,0,1132.8549767989264,6348206.987772962,6700227.947130098,0.0002748962998942655,9.73797893423248e-05,2,1.0067001111073661,100,10.5,0.167283428186627,9.5,42.0,4.5532138353187065e-05,0.0015387751212983859,50,84100,1.0067001111073661,10.0,2,2100,2.0,0.00036278652566924943,4200,0.0001589359904682294,10.0,4200,100,10.0,100,1.9858922185733794e-05,3.276359542591782e-05,6.4886332547612985e-06,7.321181819791061e-06,4.154747314036014e-05,2.8006376343575016e-05,2.8334471116279062e-05,2.1604429490312925e-05,1.5563594933519732e-05,0.00014230910339594762,4.603678019971504e-05,0.05291777051047794,0.00657258164834574,0.053965887920480744,0.17122180487255856,0.02998211640254834,0.02349606306544667,0.00016481701764046598,1261.0,4538772,0.32817802,0.1830752044916153,108066,-0.012779712677001953,1302.0,89.16458892822266,1.0,-0.021097060292959213,498.0,0.4722185730934143,0.002002440392971039,1261.0,4538772,0.0,1302.0,108066,498.0,9077544,651000,216132,27342000,10802.873837387648,1.57209035197599e-05,0.00015280888332982573,2.1966281946777516e-05,4.672344285549836e-05,2.911751606213578e-05,2.9014708503742058e-05,2.016671855469849e-05,3.415615903873522e-05,7.4245534610269065e-06,6.619681806325647e-06,4.168188558264124e-05
1,86000,False,43,ca05a_00000,2025-08-18_00-16-12,1755476172,82.12069416046143,3640.2673602104187,758452,intrinsic-attention2,10.156.0.3,3640.2673602104187,43,87.53544461404533,1.6827929116903294e-05,87.53516962035133,2.5484138170735746,84.63803149297568,0.0019268924897678677,2000,1.0067001111073661,9.95,2,10.5,0.0002652160037541762,2.5168036719140083,43000,9.5,42.0,4.503523598748643e-05,2,0.001492748419113923,2.0,1000,86000,9.49713283414038e-05,1.0067001111073661,298.5820258962269,2000.0,3000.0,"[array([0.23858693, 0.23858693, 0.23858693], dtype=float32), array([0.23954275, 0.23954275, 0.23954275], dtype=float32), array([0.24039054, 0.24039054, 0.24039054], dtype=float32), array([0.24116057, 0.24116057, 0.24116057], dtype=float32), array([0.24183774, 0.24183774, 0.24183774], dtype=float32), array([0.2425387, 0.2425387, 0.2425387], dtype=float32), array([0.24316508, 0.24316508, 0.24316508], dtype=float32), array([0.2438715, 0.2438715, 0.2438715], dtype=float32), array([0.24454904, 0.24454904, 0.24454904], dtype=float32), array([0.24507803, 0.24507803, 0.24507803], dtype=float32), array([0.24535012, 0.24535012, 0.24535012], dtype=float32), array([0.24544401, 0.24544401, 0.24544401], dtype=float32), array([0.24557444, 0.24557444, 0.24557444], dtype=float32), array([0.24567203, 0.24567203, 0.24567203], dtype=float32), array([0.24581143, 0.24581143, 0.24581143], dtype=float32), array([0.24577548, 0.24577548, 0.24577548], dtype=float32), array([0.24587466, 0.24587466, 0.24587466], dtype=float32), array([0.24611405, 0.24611405, 0.24611405], dtype=float32), array([0.24634272, 0.24634272, 0.24634272], dtype=float32), array([0.24653247, 0.24653247, 0.24653247], dtype=float32), array([0.24669315, 0.24669315, 0.24669315], dtype=float32), array([0.24678083, 0.24678083, 0.24678083], dtype=float32), array([0.2468994, 0.2468994, 0.2468994], dtype=float32), array([0.24709196, 0.24709196, 0.24709196], dtype=float32), array([0.24738117, 0.24738117, 0.24738117], dtype=float32), array([0.2474642, 0.2474642, 0.2474642], dtype=float32), array([0.24751043, 0.24751043, 0.24751043], dtype=float32), array([0.24760558, 0.24760558, 0.24760558], dtype=float32), array([0.24783829, 0.24783829, 0.24783829], dtype=float32), array([0.248074, 0.248074, 0.248074], dtype=float32), array([0.24840017, 0.24840017, 0.24840017], dtype=float32)]","[array([nan, nan, nan], dtype=float32), array([nan, nan, nan], dtype=float32), array([nan, nan, nan], dtype=float32), array([nan, nan, nan], dtype=float32), array([nan, nan, nan], dtype=float32), array([nan, nan, nan], dtype=float32), array([nan, nan, nan], dtype=float32), array([nan, nan, nan], dtype=float32), array([nan, nan, nan], dtype=float32), array([nan, nan, nan], dtype=float32), array([nan, nan, nan], dtype=float32), array([nan, nan, nan], dtype=float32), array([nan, nan, nan], dtype=float32), array([nan, nan, nan], dtype=float32), array([nan, nan, nan], dtype=float32), array([nan, nan, nan], dtype=float32), array([nan, nan, nan], dtype=float32), array([nan, nan, nan], dtype=float32), array([nan, nan, nan], dtype=float32), array([nan, nan, nan], dtype=float32), array([nan, nan, nan], dtype=float32), array([nan, nan, nan], dtype=float32), array([nan, nan, nan], dtype=float32), array([nan, nan, nan], dtype=float32), array([nan, nan, nan], dtype=float32), array([nan, nan, nan], dtype=float32), array([nan, nan, nan], dtype=float32), array([nan, nan, nan], dtype=float32), array([nan, nan, nan], dtype=float32), array([nan, nan, nan], dtype=float32), array([nan, nan, nan], dtype=float32)]","[array([[0.9933449 , 0.00563755, 0.00101753],
       [0.9429193 , 0.04205864, 0.01502212],
       [0.88669264, 0.07826614, 0.03504129]], dtype=float32), array([[0.9932847 , 0.00569907, 0.00101634],
       [0.9428499 , 0.04220114, 0.01494891],
       [0.88612026, 0.07878169, 0.03509809]], dtype=float32), array([[0.92548317, 0.06234846, 0.01216841],
       [0.8594239 , 0.10925269, 0.03132348],
       [0.7972359 , 0.14888164, 0.05388243]], dtype=float32), array([[0.96984774, 0.02587119, 0.0042811 ],
       [0.91454625, 0.06710438, 0.0183493 ],
       [0.85926145, 0.10418367, 0.03655489]], dtype=float32), array([[0.96589047, 0.02945558, 0.00465402],
       [0.90953225, 0.07173629, 0.01873147],
       [0.8512572 , 0.11095688, 0.03778585]], dtype=float32), array([[0.8150099 , 0.15614663, 0.02884355],
       [0.7638197 , 0.19023414, 0.04594615],
       [0.69974566, 0.22786753, 0.07238694]], dtype=float32), array([[0.9121822 , 0.07573988, 0.01207789],
       [0.85274   , 0.11930317, 0.02795685],
       [0.7876558 , 0.16193528, 0.05040896]], dtype=float32), array([[0.97312635, 0.02304472, 0.00382888],
       [0.9018321 , 0.07528212, 0.02288576],
       [0.82320184, 0.12573208, 0.05106604]], dtype=float32), array([[0.99097097, 0.00789815, 0.0011309 ],
       [0.939297  , 0.0467274 , 0.01397554],
       [0.8728224 , 0.09069689, 0.03648068]], dtype=float32), array([[0.97197455, 0.02420927, 0.00381613],
       [0.9011383 , 0.07656287, 0.02229888],
       [0.8202486 , 0.12876436, 0.05098697]], dtype=float32), array([[0.7887408 , 0.18126096, 0.02999817],
       [0.7438427 , 0.21098669, 0.04517066],
       [0.6781648 , 0.2488399 , 0.0729953 ]], dtype=float32), array([[0.9700768 , 0.02598502, 0.00393818],
       [0.89915603, 0.07872414, 0.02211983],
       [0.81616586, 0.13248062, 0.05135353]], dtype=float32), array([[0.7836772 , 0.18648612, 0.02983663],
       [0.74018764, 0.21530214, 0.04451024],
       [0.67402506, 0.25333253, 0.07264236]], dtype=float32), array([[0.98872364, 0.00997949, 0.00129689],
       [0.9353361 , 0.05074779, 0.01391604],
       [0.86339235, 0.09884626, 0.03776143]], dtype=float32), array([[0.98873526, 0.00998371, 0.00128098],
       [0.9355914 , 0.05064745, 0.01376111],
       [0.86341923, 0.0989776 , 0.03760321]], dtype=float32), array([[0.77024025, 0.20062874, 0.029131  ],
       [0.7305958 , 0.22697109, 0.04243303],
       [0.66336465, 0.26534864, 0.07128678]], dtype=float32), array([[0.9847655 , 0.0136989 , 0.00153568],
       [0.92969465, 0.05674449, 0.01356078],
       [0.8503928 , 0.11064968, 0.0389575 ]], dtype=float32), array([[0.6599981 , 0.30529776, 0.03470401],
       [0.64494336, 0.31388056, 0.04117601],
       [0.5980789 , 0.33591175, 0.06600934]], dtype=float32), array([[0.7583484 , 0.21363004, 0.0280216 ],
       [0.7222727 , 0.23771381, 0.04001346],
       [0.6542791 , 0.27633598, 0.06938492]], dtype=float32), array([[0.9419252 , 0.05215323, 0.00592156],
       [0.88490254, 0.0967694 , 0.01832802],
       [0.8109139 , 0.14792457, 0.04116144]], dtype=float32), array([[0.94358295, 0.05050058, 0.00591652],
       [0.8864123 , 0.09505948, 0.01852827],
       [0.8137354 , 0.14518173, 0.04108293]], dtype=float32), array([[0.9845615 , 0.01377756, 0.00166094],
       [0.92897624, 0.05680272, 0.01422101],
       [0.85277104, 0.10828683, 0.03894211]], dtype=float32), array([[0.9454786 , 0.04853234, 0.00598911],
       [0.88799226, 0.09302942, 0.01897838],
       [0.81730336, 0.14154749, 0.04114918]], dtype=float32), array([[0.79481524, 0.17866433, 0.02652049],
       [0.75074905, 0.20863709, 0.04061386],
       [0.68270135, 0.2488093 , 0.06848944]], dtype=float32), array([[0.8947103 , 0.09277205, 0.01251765],
       [0.8389222 , 0.13442932, 0.0266484 ],
       [0.7686476 , 0.18095523, 0.05039718]], dtype=float32), array([[0.9651832 , 0.03036556, 0.00445123],
       [0.894935  , 0.08292425, 0.02214075],
       [0.81193066, 0.1370318 , 0.0510375 ]], dtype=float32), array([[0.80249417, 0.17108604, 0.0264197 ],
       [0.75655234, 0.2023472 , 0.04110041],
       [0.6890279 , 0.24239896, 0.06857309]], dtype=float32), array([[0.89952207, 0.08825297, 0.01222503],
       [0.8430732 , 0.13033624, 0.02659057],
       [0.7738267 , 0.17619185, 0.04998147]], dtype=float32), array([[0.8087881 , 0.16547945, 0.02573238],
       [0.7617175 , 0.19766296, 0.04061951],
       [0.6941265 , 0.23803665, 0.06783687]], dtype=float32), array([[0.94912416, 0.04488247, 0.00599341],
       [0.8912586 , 0.08920511, 0.01953622],
       [0.82374024, 0.13521655, 0.04104326]], dtype=float32), array([[0.80671793, 0.16731404, 0.02596799],
       [0.7600577 , 0.19916682, 0.04077549],
       [0.6925715 , 0.239393  , 0.06803547]], dtype=float32)]",1,0,0,0,0,0,13.226495726495726,20.099999999999994,0.0001585481852533857,2000,86000,0.00035307321446353035,9.95,9.95,86000,2000,0.3389204723435104,23810,0.0393447157605,43.0,999.0,0.0,1331667,0.0,1.0,0.0013802934991,30969,377.55925817146965,2253.656005859375,0.0,0.00035449190181680024,999.0,0.4722185432910919,0.0009555297438055277,2.2670321175866093e-09,0.20488251745700836,1.0,0.0013802934991,1331667,81158,0.3492785394191742,-1.0,43.0,30969,377.55961648983055,3999000,2663334,61938,104968,93000,0,1133.8136627427245,6346272.047336588,6698157.6143598305,0.0002736053769555655,9.869408432409714e-05,2,1.0067001111073661,100,10.5,0.16689780159479922,9.5,43.0,4.6075800549174655e-05,0.001548943590314593,50,86100,1.0067001111073661,10.0,2,2150,2.0,0.00036530065277719915,4300,0.00016153031817740796,10.0,4300,100,10.0,100,2.0004138886095794e-05,3.3728185685336444e-05,6.615632405642461e-06,7.447020561515785e-06,4.2197199722558596e-05,2.8294806214768516e-05,2.864159990116813e-05,2.20604442692604e-05,1.555690981048376e-05,0.0001448429011838732,4.725692042454665e-05,0.05293097214541366,0.006567813451869967,0.05389454150127377,0.17117937316374973,0.029956590088619197,0.023413756004758993,0.00016492976744988838,1291.0,4646838,0.35008922,0.20044170320034027,108066,-0.3775743246078491,1333.0,90.7015151977539,1.0,0.000871101045049727,498.0,0.4722185730934143,0.0017965155420824885,1291.0,4646838,0.0,1333.0,108066,498.0,9293676,651000,216132,27993000,10797.777600226682,1.5870599310541544e-05,0.00015326777570983928,2.2241827961404833e-05,4.725662058081561e-05,2.9391456977581776e-05,2.9235492503344507e-05,2.0354888544922662e-05,3.4262365969853765e-05,7.548723998056189e-06,6.887708874888768e-06,4.249765083433054e-05
1,88000,False,44,ca05a_00000,2025-08-18_00-17-33,1755476253,81.13632011413574,3721.4036803245544,758452,intrinsic-attention2,10.156.0.3,3721.4036803245544,44,87.4700426197048,1.676440993657819e-05,87.46976737945779,2.54836422036282,84.57292879630599,0.0019241241948787114,2000,1.0067001111073661,10.01,2,10.5,0.0002652160037541762,2.5167541146849155,44000,9.5,43.0,4.640557319401298e-05,2,0.0015204789594281465,2.0,1000,88000,9.650414065088391e-05,1.0067001111073661,289.0622077970691,2000.0,3000.0,"[array([0.24871328, 0.24871328, 0.24871328], dtype=float32), array([0.2489806, 0.2489806, 0.2489806], dtype=float32), array([0.24858831, 0.24858831, 0.24858831], dtype=float32), array([0.24897629, 0.24897629, 0.24897629], dtype=float32), array([0.24908608, 0.24908608, 0.24908608], dtype=float32), array([0.25059175, 0.25059175, 0.25059175], dtype=float32), array([0.25192115, 0.25192115, 0.25192115], dtype=float32), array([0.25383613, 0.25383613, 0.25383613], dtype=float32), array([0.25644737, 0.25644737, 0.25644737], dtype=float32), array([0.25772408, 0.25772408, 0.25772408], dtype=float32), array([0.25952554, 0.25952554, 0.25952554], dtype=float32), array([0.2608662, 0.2608662, 0.2608662], dtype=float32), array([0.26230934, 0.26230934, 0.26230934], dtype=float32), array([0.26492882, 0.26492882, 0.26492882], dtype=float32), array([0.265924, 0.265924, 0.265924], dtype=float32), array([0.26623294, 0.26623294, 0.26623294], dtype=float32), array([0.26544195, 0.26544195, 0.26544195], dtype=float32), array([0.2646342, 0.2646342, 0.2646342], dtype=float32), array([0.26412722, 0.26412722, 0.26412722], dtype=float32), array([0.2639682, 0.2639682, 0.2639682], dtype=float32), array([0.26415893, 0.26415893, 0.26415893], dtype=float32), array([0.26398274, 0.26398274, 0.26398274], dtype=float32), array([0.26390335, 0.26390335, 0.26390335], dtype=float32), array([0.2642793, 0.2642793, 0.2642793], dtype=float32), array([0.2646639, 0.2646639, 0.2646639], dtype=float32), array([0.26497367, 0.26497367, 0.26497367], dtype=float32), array([0.26578763, 0.26578763, 0.26578763], dtype=float32), array([0.2667739, 0.2667739, 0.2667739], dtype=float32), array([0.267621, 0.267621, 0.267621], dtype=float32), array([0.2688084, 0.2688084, 0.2688084], dtype=float32), array([0.26971123, 0.26971123, 0.26971123], dtype=float32)]","[array([nan, nan, nan], dtype=float32), array([nan, nan, nan], dtype=float32), array([nan, nan, nan], dtype=float32), array([nan, nan, nan], dtype=float32), array([nan, nan, nan], dtype=float32), array([nan, nan, nan], dtype=float32), array([nan, nan, nan], dtype=float32), array([nan, nan, nan], dtype=float32), array([nan, nan, nan], dtype=float32), array([nan, nan, nan], dtype=float32), array([nan, nan, nan], dtype=float32), array([nan, nan, nan], dtype=float32), array([nan, nan, nan], dtype=float32), array([nan, nan, nan], dtype=float32), array([nan, nan, nan], dtype=float32), array([nan, nan, nan], dtype=float32), array([nan, nan, nan], dtype=float32), array([nan, nan, nan], dtype=float32), array([nan, nan, nan], dtype=float32), array([nan, nan, nan], dtype=float32), array([nan, nan, nan], dtype=float32), array([nan, nan, nan], dtype=float32), array([nan, nan, nan], dtype=float32), array([nan, nan, nan], dtype=float32), array([nan, nan, nan], dtype=float32), array([nan, nan, nan], dtype=float32), array([nan, nan, nan], dtype=float32), array([nan, nan, nan], dtype=float32), array([nan, nan, nan], dtype=float32), array([nan, nan, nan], dtype=float32), array([nan, nan, nan], dtype=float32)]","[array([[0.9474447 , 0.04634914, 0.00620618],
       [0.8892618 , 0.09086327, 0.01987496],
       [0.82132363, 0.13709085, 0.04158556]], dtype=float32), array([[0.8102472 , 0.16440248, 0.02535039],
       [0.76315343, 0.19669901, 0.04014754],
       [0.6954581 , 0.23726939, 0.06727247]], dtype=float32), array([[0.98463017, 0.01353589, 0.00183387],
       [0.9281653 , 0.05651083, 0.01532385],
       [0.8565103 , 0.10437439, 0.03911532]], dtype=float32), array([[0.8113702 , 0.16286053, 0.02576925],
       [0.7637123 , 0.19542411, 0.04086361],
       [0.6966005 , 0.23556174, 0.06783774]], dtype=float32), array([[0.8132288 , 0.16101617, 0.02575504],
       [0.7651036 , 0.19389026, 0.04100611],
       [0.6981877 , 0.23394176, 0.06787051]], dtype=float32), array([[0.96480787, 0.03049504, 0.004697  ],
       [0.8940653 , 0.08301593, 0.02291874],
       [0.8133699 , 0.13536857, 0.05126148]], dtype=float32), array([[0.90416706, 0.08372445, 0.01210848],
       [0.8470044 , 0.12615107, 0.0268445 ],
       [0.779441  , 0.17081077, 0.04974832]], dtype=float32), array([[0.9037026 , 0.0838531 , 0.0124443 ],
       [0.84614193, 0.1263779 , 0.02748014],
       [0.77912366, 0.17050253, 0.0503738 ]], dtype=float32), array([[0.82930154, 0.1455226 , 0.02517591],
       [0.7773453 , 0.18100546, 0.04164931],
       [0.7118963 , 0.22047314, 0.06763061]], dtype=float32), array([[0.9872485 , 0.01097913, 0.00177241],
       [0.9308021 , 0.05272939, 0.01646855],
       [0.8663062 , 0.09494544, 0.03874843]], dtype=float32), array([[0.8413642 , 0.13265924, 0.02597655],
       [0.78544813, 0.1703516 , 0.04420023],
       [0.72307616, 0.20780073, 0.06912317]], dtype=float32), array([[0.9890537 , 0.0092559 , 0.00169041],
       [0.933013  , 0.04983178, 0.01715519],
       [0.8738718 , 0.08797964, 0.03814857]], dtype=float32), array([[0.926183  , 0.0611161 , 0.01270086],
       [0.858807  , 0.10841398, 0.032779  ],
       [0.7983194 , 0.14662215, 0.05505841]], dtype=float32), array([[0.9794154 , 0.0168055 , 0.00377901],
       [0.9090996 , 0.06580234, 0.02509817],
       [0.84772754, 0.10407831, 0.04819419]], dtype=float32), array([[0.9440835 , 0.04537239, 0.01054413],
       [0.88044584, 0.08965892, 0.02989518],
       [0.8305221 , 0.12134746, 0.04813048]], dtype=float32), array([[0.9376264 , 0.0494451 , 0.01292838],
       [0.8669927 , 0.09717616, 0.03583116],
       [0.81550854, 0.12889998, 0.05559151]], dtype=float32), array([[0.99372214, 0.00499394, 0.00128388],
       [0.9410599 , 0.04073935, 0.0182007 ],
       [0.897698  , 0.06753386, 0.03476823]], dtype=float32), array([[0.73669183, 0.20255181, 0.06075633],
       [0.69965506, 0.22334376, 0.07700119],
       [0.6618374 , 0.2428338 , 0.0953288 ]], dtype=float32), array([[0.95154816, 0.03733813, 0.01111363],
       [0.8848545 , 0.08166702, 0.03347847],
       [0.8432746 , 0.10719126, 0.04953414]], dtype=float32), array([[0.9027686 , 0.07306807, 0.02416338],
       [0.8301828 , 0.11912892, 0.05068828],
       [0.78591275, 0.14510357, 0.06898372]], dtype=float32), array([[0.9552138 , 0.03385774, 0.01092853],
       [0.8879507 , 0.07788399, 0.0341653 ],
       [0.84945923, 0.1012594 , 0.0492814 ]], dtype=float32), array([[0.99417406, 0.00442011, 0.00140582],
       [0.9392726 , 0.04012952, 0.02059786],
       [0.90243614, 0.062223  , 0.0353408 ]], dtype=float32), array([[0.95581293, 0.03327675, 0.01091042],
       [0.8884255 , 0.07724931, 0.03432515],
       [0.8505117 , 0.10022385, 0.04926446]], dtype=float32), array([[0.994212  , 0.00438085, 0.0014072 ],
       [0.93922067, 0.04007413, 0.02070524],
       [0.9026905 , 0.0619518 , 0.03535762]], dtype=float32), array([[0.9952224 , 0.00361664, 0.00116099],
       [0.9432409 , 0.03733282, 0.01942637],
       [0.9082912 , 0.05827348, 0.03343527]], dtype=float32), array([[0.96170956, 0.02886078, 0.00942959],
       [0.89617485, 0.07175921, 0.03206597],
       [0.85940856, 0.09411664, 0.04647474]], dtype=float32), array([[0.9853088 , 0.01106108, 0.00363016],
       [0.91309893, 0.05777662, 0.02912439],
       [0.86829376, 0.08438737, 0.04731892]], dtype=float32), array([[0.97677416, 0.01789977, 0.00532614],
       [0.91672134, 0.05809876, 0.02517996],
       [0.8793929 , 0.08117741, 0.03942969]], dtype=float32), array([[0.95108956, 0.03762845, 0.01128199],
       [0.8839888 , 0.08214571, 0.03386554],
       [0.84239405, 0.10763587, 0.04997005]], dtype=float32), array([[0.9862157 , 0.01055968, 0.00322462],
       [0.9166672 , 0.05623025, 0.02710254],
       [0.8700168 , 0.08423606, 0.04574711]], dtype=float32), array([[0.908707  , 0.06943873, 0.02185427],
       [0.8368899 , 0.11562117, 0.04748886],
       [0.79128635, 0.14266656, 0.06604701]], dtype=float32)]",1,0,0,0,0,0,13.225,20.099999999999994,0.00016067405954363944,2000,88000,0.00035800480484308935,10.01,10.01,88000,2000,0.33868676216019017,23810,0.0393447157605,44.0,999.0,0.0,1362636,0.0,1.0,0.0013802934991,30969,378.15479003910986,2165.77880859375,0.0,-0.000835685059428215,999.0,0.4722185432910919,0.004229987505823374,1.1335160587933046e-09,0.16023018956184387,1.0,0.0013802934991,1362636,81158,0.34814998507499695,-1.0,44.0,30969,378.155137531659,4092000,2725272,61938,104968,93000,0,1135.601962689492,6346034.296268422,6696938.423286293,0.0002724170430618261,9.849612406865131e-05,2,1.0067001111073661,100,10.5,0.16649537533890565,9.5,44.0,4.5740204294753585e-05,0.0015563729804125613,50,88100,1.0067001111073661,10.0,2,2200,2.0,0.00036334091991050034,4400,0.00016056667494272672,10.0,4400,100,10.0,100,2.0573644170301994e-05,3.381826244570977e-05,6.750879730141414e-06,7.512814375434091e-06,4.285713421220154e-05,2.8777662490891893e-05,2.9356587886024385e-05,2.2303771725207396e-05,1.6031919896527962e-05,0.00014779316882028527,4.721540769023283e-05,0.052936587793971,0.0065646839273547,0.0538160818063658,0.17112915651205213,0.02993526387767499,0.02332639386470985,0.00016493607973349614,1321.0,4754904,0.34634376,0.17240220308303833,108066,-0.3673856258392334,1364.0,89.49908447265625,1.0,-0.0031923213973641396,498.0,0.4722185730934143,0.003538799239322543,1321.0,4754904,0.0,1364.0,108066,498.0,9509808,651000,216132,28644000,10798.601414376719,1.581982351506718e-05,0.00015210951647757427,2.1927835427072107e-05,4.658635685847212e-05,2.943855175314177e-05,2.938014197069334e-05,2.0185315063800164e-05,3.38692565355458e-05,7.4155557609313096e-06,6.704852566315294e-06,4.2434387153839214e-05
1,90000,False,45,ca05a_00000,2025-08-18_00-18-57,1755476337,83.78068923950195,3805.1843695640564,758452,intrinsic-attention2,10.156.0.3,3805.1843695640564,45,87.43175815482776,1.670606585456928e-05,87.43148241036326,2.5498508879391997,84.53340477924287,0.0019207617730523767,2000,1.0067001111073661,9.93,2,10.5,0.0002652160037541762,2.5182516797580914,45000,9.5,44.0,4.529446851883109e-05,2,0.001495845469762571,2.0,1000,90000,9.623794462089747e-05,1.0067001111073661,279.8093967545208,2000.0,3000.0,"[array([0.2706477, 0.2706477, 0.2706477], dtype=float32), array([0.27772754, 0.27772754, 0.27772754], dtype=float32), array([0.28400752, 0.28400752, 0.28400752], dtype=float32), array([0.28995395, 0.28995395, 0.28995395], dtype=float32), array([0.29516348, 0.29516348, 0.29516348], dtype=float32), array([0.29922283, 0.29922283, 0.29922283], dtype=float32), array([0.30231807, 0.30231807, 0.30231807], dtype=float32), array([0.30489284, 0.30489284, 0.30489284], dtype=float32), array([0.30685085, 0.30685085, 0.30685085], dtype=float32), array([0.30879432, 0.30879432, 0.30879432], dtype=float32), array([0.3106351, 0.3106351, 0.3106351], dtype=float32), array([0.31247896, 0.31247896, 0.31247896], dtype=float32), array([0.31367108, 0.31367108, 0.31367108], dtype=float32), array([0.3141808, 0.3141808, 0.3141808], dtype=float32), array([0.3140235, 0.3140235, 0.3140235], dtype=float32), array([0.31389216, 0.31389216, 0.31389216], dtype=float32), array([0.31401238, 0.31401238, 0.31401238], dtype=float32), array([0.31415015, 0.31415015, 0.31415015], dtype=float32), array([0.31404802, 0.31404802, 0.31404802], dtype=float32), array([0.31336406, 0.31336406, 0.31336406], dtype=float32), array([0.31262222, 0.31262222, 0.31262222], dtype=float32), array([0.31159735, 0.31159735, 0.31159735], dtype=float32), array([0.31015795, 0.31015795, 0.31015795], dtype=float32), array([0.30993268, 0.30993268, 0.30993268], dtype=float32), array([0.3098888, 0.3098888, 0.3098888], dtype=float32), array([0.30956742, 0.30956742, 0.30956742], dtype=float32), array([0.30890682, 0.30890682, 0.30890682], dtype=float32), array([0.3080973, 0.3080973, 0.3080973], dtype=float32), array([0.30748895, 0.30748895, 0.30748895], dtype=float32), array([0.30640942, 0.30640942, 0.30640942], dtype=float32), array([0.3051548, 0.3051548, 0.3051548], dtype=float32)]","[array([nan, nan, nan], dtype=float32), array([nan, nan, nan], dtype=float32), array([nan, nan, nan], dtype=float32), array([nan, nan, nan], dtype=float32), array([nan, nan, nan], dtype=float32), array([nan, nan, nan], dtype=float32), array([nan, nan, nan], dtype=float32), array([nan, nan, nan], dtype=float32), array([nan, nan, nan], dtype=float32), array([nan, nan, nan], dtype=float32), array([nan, nan, nan], dtype=float32), array([nan, nan, nan], dtype=float32), array([nan, nan, nan], dtype=float32), array([nan, nan, nan], dtype=float32), array([nan, nan, nan], dtype=float32), array([nan, nan, nan], dtype=float32), array([nan, nan, nan], dtype=float32), array([nan, nan, nan], dtype=float32), array([nan, nan, nan], dtype=float32), array([nan, nan, nan], dtype=float32), array([nan, nan, nan], dtype=float32), array([nan, nan, nan], dtype=float32), array([nan, nan, nan], dtype=float32), array([nan, nan, nan], dtype=float32), array([nan, nan, nan], dtype=float32), array([nan, nan, nan], dtype=float32), array([nan, nan, nan], dtype=float32), array([nan, nan, nan], dtype=float32), array([nan, nan, nan], dtype=float32), array([nan, nan, nan], dtype=float32), array([nan, nan, nan], dtype=float32)]","[array([[0.98397934, 0.01227905, 0.00374167],
       [0.9116504 , 0.05978471, 0.02856479],
       [0.8633146 , 0.08877097, 0.04791437]], dtype=float32), array([[0.9735483 , 0.02087251, 0.00557919],
       [0.91363186, 0.06183862, 0.02452952],
       [0.8725473 , 0.08764163, 0.03981109]], dtype=float32), array([[0.9866223 , 0.01044839, 0.00292933],
       [0.91994727, 0.05502119, 0.02503155],
       [0.87137944, 0.08456932, 0.04405122]], dtype=float32), array([[0.9887483 , 0.00870313, 0.0025485 ],
       [0.92467386, 0.05117707, 0.024149  ],
       [0.8796475 , 0.07845312, 0.04189935]], dtype=float32), array([[0.97870034, 0.01646564, 0.00483405],
       [0.9232119 , 0.05383771, 0.02295038],
       [0.8888535 , 0.07526387, 0.03588272]], dtype=float32), array([[0.9952081 , 0.00363929, 0.00115256],
       [0.9446874 , 0.03654528, 0.01876723],
       [0.9105016 , 0.05711438, 0.03238396]], dtype=float32), array([[0.9656969 , 0.02520061, 0.00910255],
       [0.8986652 , 0.06816525, 0.0331696 ],
       [0.86488295, 0.08837873, 0.04673831]], dtype=float32), array([[0.9386708 , 0.04525692, 0.01607223],
       [0.8648203 , 0.09222871, 0.04295094],
       [0.82556623, 0.11545359, 0.05898018]], dtype=float32), array([[0.99538136, 0.00343798, 0.00118064],
       [0.9447056 , 0.03591037, 0.01938402],
       [0.9133482 , 0.05457206, 0.0320797 ]], dtype=float32), array([[0.9358358 , 0.04627693, 0.01788731],
       [0.8596752 , 0.09377698, 0.04654784],
       [0.8228173 , 0.11526256, 0.06192002]], dtype=float32), array([[0.94321936, 0.03975592, 0.01702472],
       [0.86580837, 0.0871038 , 0.04708777],
       [0.8332788 , 0.10582758, 0.06089368]], dtype=float32), array([[0.99422014, 0.00398568, 0.00179419],
       [0.93562114, 0.03943355, 0.02494533],
       [0.9102628 , 0.05391259, 0.03582459]], dtype=float32), array([[0.9872978 , 0.00843757, 0.00426468],
       [0.9354835 , 0.03945173, 0.0250648 ],
       [0.9192774 , 0.04873097, 0.03199151]], dtype=float32), array([[0.97761613, 0.01413151, 0.00825233],
       [0.9140817 , 0.05075571, 0.03516262],
       [0.89886874, 0.05921124, 0.0419201 ]], dtype=float32), array([[9.9757570e-01, 1.4685418e-03, 9.5576927e-04],
       [9.4698745e-01, 2.9520648e-02, 2.3491949e-02],
       [9.3558276e-01, 3.5660736e-02, 2.8756438e-02]], dtype=float32), array([[0.9782628 , 0.01257966, 0.0091575 ],
       [0.90458536, 0.05263722, 0.04277744],
       [0.8943099 , 0.05809586, 0.04759421]], dtype=float32), array([[0.99763584, 0.00132439, 0.00103982],
       [0.9444107 , 0.02955045, 0.02603884],
       [0.9379179 , 0.03293681, 0.02914534]], dtype=float32), array([[9.9863356e-01, 7.3186343e-04, 6.3450495e-04],
       [9.5207822e-01, 2.4824496e-02, 2.3097267e-02],
       [9.4871807e-01, 2.6547277e-02, 2.4734702e-02]], dtype=float32), array([[0.97351587, 0.01413127, 0.0123528 ],
       [0.89111584, 0.05682172, 0.05206243],
       [0.8863957 , 0.05924257, 0.05436169]], dtype=float32), array([[9.9850672e-01, 8.3952083e-04, 6.5376022e-04],
       [9.5223653e-01, 2.5407853e-02, 2.2355579e-02],
       [9.4626331e-01, 2.8527653e-02, 2.5209080e-02]], dtype=float32), array([[0.9874887 , 0.00734171, 0.00516954],
       [0.9332829 , 0.03718847, 0.02952868],
       [0.92513686, 0.04157019, 0.03329295]], dtype=float32), array([[0.9971933 , 0.00162632, 0.00118037],
       [0.942238  , 0.03132926, 0.0264327 ],
       [0.933264  , 0.03607213, 0.03066392]], dtype=float32), array([[0.99066013, 0.00539398, 0.00394578],
       [0.9400332 , 0.03298511, 0.02698172],
       [0.9332278 , 0.03661769, 0.03015456]], dtype=float32), array([[9.9790192e-01, 1.2073392e-03, 8.9074566e-04],
       [9.4712889e-01, 2.8527163e-02, 2.4343902e-02],
       [9.3917489e-01, 3.2719240e-02, 2.8105833e-02]], dtype=float32), array([[0.985457  , 0.00867516, 0.00586794],
       [0.926855  , 0.04124807, 0.0318969 ],
       [0.91687703, 0.04664867, 0.03647428]], dtype=float32), array([[0.9735165 , 0.01608845, 0.01039507],
       [0.8984711 , 0.05811173, 0.0434172 ],
       [0.88375205, 0.06609596, 0.05015206]], dtype=float32), array([[0.9947843 , 0.00324634, 0.00196941],
       [0.9317757 , 0.03881448, 0.0294098 ],
       [0.9155644 , 0.04763506, 0.03680055]], dtype=float32), array([[0.9816514 , 0.01161145, 0.00673716],
       [0.91942805, 0.047527  , 0.03304499],
       [0.90417635, 0.05600801, 0.03981573]], dtype=float32), array([[0.9636137 , 0.02352403, 0.01286224],
       [0.88647974, 0.06841411, 0.04510612],
       [0.8648192 , 0.08047985, 0.05470095]], dtype=float32), array([[0.9481441 , 0.03530147, 0.01655447],
       [0.869235  , 0.08266343, 0.04810155],
       [0.8402178 , 0.09914963, 0.06063248]], dtype=float32), array([[0.9942238 , 0.00417921, 0.00159707],
       [0.9381886 , 0.03930758, 0.0225038 ],
       [0.9079773 , 0.05699164, 0.03503101]], dtype=float32)]",1,0,0,0,0,0,13.32,20.1,0.00015837233720751058,2000,90000,0.00035613862612248826,9.93,9.93,90000,2000,0.3384571639586323,23810,0.0393447157605,45.0,999.0,0.0,1393605,0.0,1.0,0.0013802934991,30969,378.2465012823417,1928.625,0.0,0.0028543786611407995,999.0,0.4722185432910919,0.003536607138812542,5.667580293966523e-10,0.20090645551681519,1.0,0.0013802934991,1393605,81158,0.3517839014530182,-1.0,45.0,30969,378.2468361988428,4185000,2787210,61938,104968,93000,0,1135.8772716471349,6344418.6809979165,6695430.188687978,0.0002711956726364631,9.680366544478135e-05,2,1.0067001111073661,100,10.5,0.16608300947541982,-9.5,45.0,4.5377186076110815e-05,0.0015354779300105292,50,90100,1.0067001111073661,9.8,2,2250,2.0,0.00036041390966344154,4500,0.00015952961046784275,9.8,4500,100,9.8,100,2.0376545926647258e-05,3.328247324791937e-05,6.697076380927512e-06,7.4139943805994935e-06,4.2497088317686216e-05,2.8195037756203017e-05,2.861332715226993e-05,2.2113508827306542e-05,1.5761323735395598e-05,0.00014794590754236894,4.725231790468257e-05,0.05292964451592854,0.00656484009815604,0.05374196366826182,0.17107822003692064,0.029919478048856085,0.023243236766073018,0.00016504264892473728,1351.0,4862970,0.34564912,0.19181299209594727,108066,-0.41721081733703613,1395.0,89.769775390625,1.0,-0.0036605524364858866,498.0,0.4722185730934143,0.002293646801263094,1351.0,4862970,0.0,1395.0,108066,498.0,9725940,651000,216132,29295000,10785.057542681694,1.5773019270899888e-05,0.0001502754237581644,2.2204157686466582e-05,4.6282710298889274e-05,2.8957306151393568e-05,2.8911211548349244e-05,2.030378110165273e-05,3.379232332619897e-05,7.363199397750514e-06,6.709111225211124e-06,4.20795651865788e-05
1,92000,False,46,ca05a_00000,2025-08-18_00-20-20,1755476420,83.20590782165527,3888.3902773857117,758452,intrinsic-attention2,10.156.0.3,3888.3902773857117,46,87.38806727837948,1.6639875143369516e-05,87.38779126298965,2.5515322522798187,84.48827891184047,0.0019183523653029143,2000,1.0067001111073661,10.02,2,10.5,0.0002652160037541762,2.519940566100614,46000,9.5,45.0,4.553057311589656e-05,2,0.003502572519792011,2.0,1000,92000,0.0007549902105562897,1.0067001111073661,270.81885033270845,2000.0,3000.0,"[array([0.30371717, 0.30371717, 0.30371717], dtype=float32), array([0.30271193, 0.30271193, 0.30271193], dtype=float32), array([0.3019194, 0.3019194, 0.3019194], dtype=float32), array([0.3011538, 0.3011538, 0.3011538], dtype=float32), array([0.3004389, 0.3004389, 0.3004389], dtype=float32), array([0.29981217, 0.29981217, 0.29981217], dtype=float32), array([0.29914078, 0.29914078, 0.29914078], dtype=float32), array([0.29858643, 0.29858643, 0.29858643], dtype=float32), array([0.29818964, 0.29818964, 0.29818964], dtype=float32), array([0.29798082, 0.29798082, 0.29798082], dtype=float32), array([0.2978072, 0.2978072, 0.2978072], dtype=float32), array([0.29790068, 0.29790068, 0.29790068], dtype=float32), array([0.2978328, 0.2978328, 0.2978328], dtype=float32), array([0.2977047, 0.2977047, 0.2977047], dtype=float32), array([0.297782, 0.297782, 0.297782], dtype=float32), array([0.29812476, 0.29812476, 0.29812476], dtype=float32), array([0.29849353, 0.29849353, 0.29849353], dtype=float32), array([0.2989722, 0.2989722, 0.2989722], dtype=float32), array([0.29934362, 0.29934362, 0.29934362], dtype=float32), array([0.29965463, 0.29965463, 0.29965463], dtype=float32), array([0.29986662, 0.29986662, 0.29986662], dtype=float32), array([0.30006745, 0.30006745, 0.30006745], dtype=float32), array([0.30034876, 0.30034876, 0.30034876], dtype=float32), array([0.3006654, 0.3006654, 0.3006654], dtype=float32), array([0.30096212, 0.30096212, 0.30096212], dtype=float32), array([0.30125254, 0.30125254, 0.30125254], dtype=float32), array([0.30152076, 0.30152076, 0.30152076], dtype=float32), array([0.30178025, 0.30178025, 0.30178025], dtype=float32), array([0.30197766, 0.30197766, 0.30197766], dtype=float32), array([0.30208763, 0.30208763, 0.30208763], dtype=float32), array([0.30219314, 0.30219314, 0.30219314], dtype=float32)]","[array([nan, nan, nan], dtype=float32), array([0.30271193, 0.30271193, 0.30271193], dtype=float32), array([0.30191934, 0.30191934, 0.30191934], dtype=float32), array([0.3011538, 0.3011538, 0.3011538], dtype=float32), array([0.30043894, 0.30043894, 0.30043894], dtype=float32), array([0.29981217, 0.29981217, 0.29981217], dtype=float32), array([0.29914078, 0.29914078, 0.29914078], dtype=float32), array([0.29858646, 0.29858646, 0.29858646], dtype=float32), array([nan, nan, nan], dtype=float32), array([0.29798084, 0.29798084, 0.29798084], dtype=float32), array([nan, nan, nan], dtype=float32), array([nan, nan, nan], dtype=float32), array([nan, nan, nan], dtype=float32), array([nan, nan, nan], dtype=float32), array([0.29778203, 0.29778203, 0.29778203], dtype=float32), array([0.29812476, 0.29812476, 0.29812476], dtype=float32), array([0.29849353, 0.29849353, 0.29849353], dtype=float32), array([nan, nan, nan], dtype=float32), array([0.29934365, 0.29934365, 0.29934365], dtype=float32), array([0.29965463, 0.29965463, 0.29965463], dtype=float32), array([0.2998666, 0.2998666, 0.2998666], dtype=float32), array([0.30006742, 0.30006742, 0.30006742], dtype=float32), array([nan, nan, nan], dtype=float32), array([nan, nan, nan], dtype=float32), array([0.30096212, 0.30096212, 0.30096212], dtype=float32), array([0.30125254, 0.30125254, 0.30125254], dtype=float32), array([0.30152074, 0.30152074, 0.30152074], dtype=float32), array([nan, nan, nan], dtype=float32), array([0.30197775, 0.30197775, 0.30197775], dtype=float32), array([nan, nan, nan], dtype=float32), array([0.30219308, 0.30219308, 0.30219308], dtype=float32)]","[array([[0.9341063 , 0.04837274, 0.01752102],
       [0.85873705, 0.0959921 , 0.0452708 ],
       [0.8192085 , 0.11923222, 0.0615593 ]], dtype=float32), array([[0.986075  , 0.01050774, 0.00341726],
       [0.9176386 , 0.05496452, 0.02739687],
       [0.8751507 , 0.08034224, 0.04450712]], dtype=float32), array([[0.9617011 , 0.02958915, 0.00870973],
       [0.89700514, 0.07284224, 0.03015265],
       [0.8565424 , 0.09781543, 0.04564214]], dtype=float32), array([[0.93722403, 0.05005273, 0.01272324],
       [0.8696803 , 0.09603587, 0.03428379],
       [0.81969315, 0.12711896, 0.05318783]], dtype=float32), array([[0.895843  , 0.08605786, 0.018099  ],
       [0.8315505 , 0.1304332 , 0.03801634],
       [0.7715425 , 0.16771719, 0.06074034]], dtype=float32), array([[0.86988103, 0.11087123, 0.01924781],
       [0.8114383 , 0.1519695 , 0.03659216],
       [0.74495953, 0.19350976, 0.06153074]], dtype=float32), array([[0.83565307, 0.14421223, 0.02013469],
       [0.7853935 , 0.18004936, 0.03455716],
       [0.71349776, 0.22485411, 0.06164822]], dtype=float32), array([[0.8304322 , 0.15295136, 0.01661642],
       [0.7845955 , 0.18693626, 0.02846824],
       [0.7076084 , 0.23633274, 0.05605878]], dtype=float32), array([[0.5400809 , 0.42224377, 0.03767534],
       [0.5375021 , 0.42262375, 0.03987409],
       [0.5083599 , 0.4226569 , 0.06898315]], dtype=float32), array([[0.748634  , 0.23505582, 0.01631017],
       [0.72060275, 0.2558378 , 0.02355947],
       [0.64331794, 0.30311516, 0.0535669 ]], dtype=float32), array([[0.69375485, 0.28760397, 0.01864117],
       [0.6732745 , 0.30179077, 0.02493468],
       [0.59817076, 0.3417891 , 0.06004013]], dtype=float32), array([[0.62651557, 0.35459405, 0.01889038],
       [0.617114  , 0.36034206, 0.0225439 ],
       [0.560562  , 0.38439518, 0.05504285]], dtype=float32), array([[0.5738017 , 0.40537232, 0.02082594],
       [0.5695848 , 0.40723997, 0.02317523],
       [0.52632207, 0.41683736, 0.0568406 ]], dtype=float32), array([[0.77813   , 0.21119203, 0.01067793],
       [0.741456  , 0.24030803, 0.018236  ],
       [0.6329349 , 0.30788863, 0.0591765 ]], dtype=float32), array([[0.7826327 , 0.20834509, 0.00902217],
       [0.74659973, 0.2376702 , 0.01573006],
       [0.6350745 , 0.30898622, 0.05593928]], dtype=float32), array([[0.47343197, 0.5102149 , 0.01635314],
       [0.47348863, 0.5105593 , 0.01595207],
       [0.46355337, 0.48725832, 0.04918835]], dtype=float32), array([[0.61460054, 0.3736899 , 0.01170962],
       [0.6065406 , 0.3790745 , 0.01438486],
       [0.53598213, 0.40566233, 0.05835557]], dtype=float32), array([[0.40735835, 0.5769435 , 0.01569805],
       [0.4048971 , 0.5813791 , 0.01372377],
       [0.42127487, 0.52478576, 0.05393944]], dtype=float32), array([[0.35846293, 0.63047856, 0.01105852],
       [0.3521031 , 0.63893557, 0.00896139],
       [0.39185658, 0.56859934, 0.03954407]], dtype=float32), array([[0.23728743, 0.74900126, 0.01371133],
       [0.2135957 , 0.7777441 , 0.00866019],
       [0.29815537, 0.6603593 , 0.04148534]], dtype=float32), array([[0.2930964 , 0.6929878 , 0.0139158 ],
       [0.27627566, 0.7141601 , 0.00956425],
       [0.34851927, 0.60083103, 0.05064974]], dtype=float32), array([[0.33181006, 0.65482587, 0.0133641 ],
       [0.32004765, 0.6702127 , 0.00973968],
       [0.3784233 , 0.5642786 , 0.05729812]], dtype=float32), array([[0.24050581, 0.7511809 , 0.00831337],
       [0.21834245, 0.77651495, 0.00514256],
       [0.3090659 , 0.6577482 , 0.03318581]], dtype=float32), array([[0.18278493, 0.8076629 , 0.00955219],
       [0.1508847 , 0.84418136, 0.00493396],
       [0.2565741 , 0.7093974 , 0.03402849]], dtype=float32), array([[0.16988632, 0.82095504, 0.0091586 ],
       [0.1361679 , 0.8593569 , 0.00447522],
       [0.24504294, 0.7218926 , 0.03306446]], dtype=float32), array([[0.33476007, 0.6565607 , 0.00867926],
       [0.32356697, 0.67019224, 0.00624075],
       [0.3864029 , 0.5637742 , 0.04982288]], dtype=float32), array([[0.18296884, 0.8101852 , 0.00684595],
       [0.15223604, 0.8442992 , 0.00346478],
       [0.26277083, 0.7077594 , 0.02946984]], dtype=float32), array([[0.13761556, 0.85438234, 0.00800211],
       [0.10033418, 0.8963564 , 0.0033094 ],
       [0.21448514, 0.7553453 , 0.03016953]], dtype=float32), array([[0.11172835, 0.8793774 , 0.00889416],
       [0.07193585, 0.9249277 , 0.00313642],
       [0.18256813, 0.7870184 , 0.03041352]], dtype=float32), array([[0.13179791, 0.8611968 , 0.00700533],
       [0.09454304, 0.9026795 , 0.00277741],
       [0.21071339, 0.76098543, 0.02830118]], dtype=float32), array([[0.16467738, 0.8246148 , 0.0107078 ],
       [0.12284928, 0.8727376 , 0.0044131 ],
       [0.25352538, 0.70136386, 0.04511074]], dtype=float32)]",1,0,0,0,0,0,13.228813559322035,20.099999999999994,0.00015856805418448927,2000,92000,0.00035557554242320266,10.02,10.02,92000,2000,0.3382278467989802,23810,0.0393447157605,46.0,999.0,0.0,1424574,0.0,1.0,0.0013802934991,30969,378.36396227699487,1367.1939697265625,0.0,-0.0015181993367150426,999.0,0.4722185432910919,0.0011043507838621736,2.8337901469832616e-10,0.17780499160289764,1.0,0.0013802934991,1424574,81158,0.347443163394928,-1.0,46.0,30969,378.36428591105084,4278000,2849148,61938,104968,93000,0,1136.2299231477969,6344153.034073844,6695174.583690948,0.00027008635587813973,9.985639220584464e-05,2,1.0067001111073661,100,10.5,0.1657103642006706,-9.5,46.0,4.631538034171836e-05,0.0015446041595714632,50,92100,1.0067001111073661,9.8,2,2300,2.0,0.0003691290525533543,4600,0.00016161896773948673,9.8,4600,100,9.8,100,2.0413944767461823e-05,3.3410176488739734e-05,6.67308390180075e-06,7.324760661161239e-06,4.189580120605721e-05,2.862056164921263e-05,2.9004006687892162e-05,2.206212651506576e-05,1.5786948492738623e-05,0.00014646851258373552,4.686746455967042e-05,0.05294105474076831,0.006560159837198241,0.05366914495152879,0.1710157342664726,0.029908232018268786,0.023152409308434867,0.00016509055245113245,1381.0,4971036,0.35052916,0.1724083423614502,108066,-0.1455932855606079,1426.0,90.54841613769531,1.0,0.0013245731825008988,498.0,0.4722185730934143,0.0014705455396324396,1381.0,4971036,0.0,1426.0,108066,498.0,9942072,651000,216132,29946000,10773.014941099893,1.6188616765991274e-05,0.00015555653836353328,2.2702187398632244e-05,4.79809962438394e-05,2.9327234515632654e-05,2.9154754950800783e-05,2.062576159675657e-05,3.43573302669126e-05,7.497936728017966e-06,6.656706387340109e-06,4.277775998639553e-05
1,94000,False,47,ca05a_00000,2025-08-18_00-21-44,1755476504,83.65613317489624,3972.046410560608,758452,intrinsic-attention2,10.156.0.3,3972.046410560608,47,87.34933293526564,1.657153636445115e-05,87.34905666499976,2.551240991236987,84.44809939300207,0.0019164598416172571,2000,1.0067001111073661,10.05,2,10.5,0.0002652160037541762,2.5196615153596396,47000,9.5,46.0,4.5202155295373395e-05,2,0.0014780052204150706,2.0,1000,94000,9.521170444400989e-05,1.0067001111073661,262.0880388158606,2000.0,3000.0,"[array([0.30221277, 0.30221277, 0.30221277], dtype=float32), array([0.30193383, 0.30193383, 0.30193383], dtype=float32), array([0.3017163, 0.3017163, 0.3017163], dtype=float32), array([0.30194327, 0.30194327, 0.30194327], dtype=float32), array([0.30203012, 0.30203012, 0.30203012], dtype=float32), array([0.3023941, 0.3023941, 0.3023941], dtype=float32), array([0.30291364, 0.30291364, 0.30291364], dtype=float32), array([0.3029582, 0.3029582, 0.3029582], dtype=float32), array([0.30374753, 0.30374753, 0.30374753], dtype=float32), array([0.3045934, 0.3045934, 0.3045934], dtype=float32), array([0.30519179, 0.30519179, 0.30519179], dtype=float32), array([0.30623963, 0.30623963, 0.30623963], dtype=float32), array([0.30690095, 0.30690095, 0.30690095], dtype=float32), array([0.30742165, 0.30742165, 0.30742165], dtype=float32), array([0.30772847, 0.30772847, 0.30772847], dtype=float32), array([0.3083587, 0.3083587, 0.3083587], dtype=float32), array([0.30873746, 0.30873746, 0.30873746], dtype=float32), array([0.30906585, 0.30906585, 0.30906585], dtype=float32), array([0.30913556, 0.30913556, 0.30913556], dtype=float32), array([0.30940527, 0.30940527, 0.30940527], dtype=float32), array([0.30937368, 0.30937368, 0.30937368], dtype=float32), array([0.3095406, 0.3095406, 0.3095406], dtype=float32), array([0.31137088, 0.31137088, 0.31137088], dtype=float32), array([0.31346947, 0.31346947, 0.31346947], dtype=float32), array([0.31482524, 0.31482524, 0.31482524], dtype=float32), array([0.31605527, 0.31605527, 0.31605527], dtype=float32), array([0.31739473, 0.31739473, 0.31739473], dtype=float32), array([0.31817433, 0.31817433, 0.31817433], dtype=float32), array([0.31897876, 0.31897876, 0.31897876], dtype=float32), array([0.31965372, 0.31965372, 0.31965372], dtype=float32), array([0.3201885, 0.3201885, 0.3201885], dtype=float32)]","[array([nan, nan, nan], dtype=float32), array([0.30193383, 0.30193383, 0.30193383], dtype=float32), array([nan, nan, nan], dtype=float32), array([0.3019432, 0.3019432, 0.3019432], dtype=float32), array([0.30203015, 0.30203015, 0.30203015], dtype=float32), array([nan, nan, nan], dtype=float32), array([nan, nan, nan], dtype=float32), array([0.30295822, 0.30295822, 0.30295822], dtype=float32), array([0.3037475, 0.3037475, 0.3037475], dtype=float32), array([0.3045934, 0.3045934, 0.3045934], dtype=float32), array([0.3051918, 0.3051918, 0.3051918], dtype=float32), array([nan, nan, nan], dtype=float32), array([0.30690092, 0.30690092, 0.30690092], dtype=float32), array([nan, nan, nan], dtype=float32), array([0.3077285, 0.3077285, 0.3077285], dtype=float32), array([0.30835876, 0.30835876, 0.30835876], dtype=float32), array([0.3087375, 0.3087375, 0.3087375], dtype=float32), array([nan, nan, nan], dtype=float32), array([nan, nan, nan], dtype=float32), array([0.30940524, 0.30940524, 0.30940524], dtype=float32), array([nan, nan, nan], dtype=float32), array([0.3095406, 0.3095406, 0.3095406], dtype=float32), array([0.3113709, 0.3113709, 0.3113709], dtype=float32), array([nan, nan, nan], dtype=float32), array([0.31482524, 0.31482524, 0.31482524], dtype=float32), array([nan, nan, nan], dtype=float32), array([nan, nan, nan], dtype=float32), array([0.3181743, 0.3181743, 0.3181743], dtype=float32), array([nan, nan, nan], dtype=float32), array([nan, nan, nan], dtype=float32), array([nan, nan, nan], dtype=float32)]","[array([[0.11021292, 0.8829205 , 0.00686671],
       [0.07163784, 0.92600447, 0.00235769],
       [0.18595347, 0.7869036 , 0.02714291]], dtype=float32), array([[0.20618154, 0.7848239 , 0.00899464],
       [0.17088005, 0.8248472 , 0.00427271],
       [0.29917973, 0.65272945, 0.04809078]], dtype=float32), array([[0.08723034, 0.9052356 , 0.0075341 ],
       [0.04824067, 0.94962764, 0.00213168],
       [0.1542375 , 0.818895  , 0.02686751]], dtype=float32), array([[0.22784342, 0.7644743 , 0.00768241],
       [0.19754283, 0.7985034 , 0.00395381],
       [0.31878254, 0.6349135 , 0.04630398]], dtype=float32), array([[0.18134485, 0.8088458 , 0.00980925],
       [0.14054066, 0.8553134 , 0.00414598],
       [0.27708143, 0.6740046 , 0.04891396]], dtype=float32), array([[0.09734958, 0.8973687 , 0.00528179],
       [0.06110739, 0.93719256, 0.00170009],
       [0.17073244, 0.8070181 , 0.02224945]], dtype=float32), array([[0.12448234, 0.8703712 , 0.00514647],
       [0.08804426, 0.9100371 , 0.00191869],
       [0.20817974, 0.7672497 , 0.02457055]], dtype=float32), array([[0.10393684, 0.8899644 , 0.00609865],
       [0.06575669, 0.9322609 , 0.0019825 ],
       [0.18047412, 0.79401267, 0.02551322]], dtype=float32), array([[0.10324236, 0.8906484 , 0.00610919],
       [0.06505168, 0.93297255, 0.00197576],
       [0.17953746, 0.7949759 , 0.02548668]], dtype=float32), array([[0.17287588, 0.81686836, 0.01025574],
       [0.13003111, 0.86583555, 0.00413335],
       [0.26907578, 0.68126315, 0.04966103]], dtype=float32), array([[0.12866135, 0.8585537 , 0.012785  ],
       [0.07922918, 0.91674036, 0.00403046],
       [0.21549304, 0.73615533, 0.04835156]], dtype=float32), array([[0.10436789, 0.8892607 , 0.00637146],
       [0.06597878, 0.93193877, 0.0020825 ],
       [0.1801915 , 0.79378873, 0.02601966]], dtype=float32), array([[0.10286887, 0.89014083, 0.00699025],
       [0.0639793 , 0.93375415, 0.00226655],
       [0.1765472 , 0.7964405 , 0.02701236]], dtype=float32), array([[0.14037283, 0.8453133 , 0.01431386],
       [0.09097519, 0.9041187 , 0.00490606],
       [0.22655426, 0.7215111 , 0.05193466]], dtype=float32), array([[0.19974487, 0.7885696 , 0.01168552],
       [0.16111867, 0.8334906 , 0.00539069],
       [0.2903991 , 0.6556706 , 0.05393029]], dtype=float32), array([[0.09421999, 0.8964225 , 0.00935743],
       [0.05379018, 0.943356  , 0.00285384],
       [0.15945305, 0.8104319 , 0.03011503]], dtype=float32), array([[0.14700952, 0.846426  , 0.00656448],
       [0.11149044, 0.885699  , 0.00281066],
       [0.22863334, 0.7431871 , 0.02817949]], dtype=float32), array([[0.12133444, 0.87055075, 0.00811477],
       [0.08239679, 0.9145757 , 0.00302754],
       [0.19630931, 0.77381825, 0.02987237]], dtype=float32), array([[0.20653611, 0.78021884, 0.01324502],
       [0.16847253, 0.82521164, 0.00631581],
       [0.2938731 , 0.64896816, 0.05715875]], dtype=float32), array([[0.15664025, 0.8267411 , 0.01661866],
       [0.10793891, 0.8857458 , 0.00631531],
       [0.24111561, 0.7018028 , 0.05708155]], dtype=float32), array([[0.12363622, 0.86792475, 0.00843913],
       [0.08464237, 0.9121564 , 0.00320125],
       [0.19826905, 0.77120763, 0.03052327]], dtype=float32), array([[0.1226947 , 0.86892086, 0.00838442],
       [0.08367237, 0.91316694, 0.0031607 ],
       [0.19728543, 0.7723311 , 0.03038347]], dtype=float32), array([[0.2423237 , 0.7472617 , 0.01041464],
       [0.21323091, 0.78110516, 0.0056639 ],
       [0.3256492 , 0.6206461 , 0.05370471]], dtype=float32), array([[0.19722255, 0.79033375, 0.01244362],
       [0.15752563, 0.8368034 , 0.00567102],
       [0.28741506, 0.6571791 , 0.05540585]], dtype=float32), array([[0.18873437, 0.79895234, 0.01231333],
       [0.1473482 , 0.84726584, 0.00538596],
       [0.2803535 , 0.66492033, 0.05472624]], dtype=float32), array([[0.10496982, 0.887767  , 0.00726325],
       [0.06597934, 0.9316161 , 0.00240446],
       [0.17829779, 0.7941883 , 0.02751384]], dtype=float32), array([[0.17546368, 0.8130561 , 0.01148023],
       [0.1320119 , 0.8633074 , 0.00468066],
       [0.26986182, 0.6776503 , 0.05248782]], dtype=float32), array([[0.20496559, 0.78643495, 0.00859948],
       [0.1691713 , 0.82681763, 0.00401104],
       [0.30034605, 0.65124285, 0.04841112]], dtype=float32), array([[0.19663599, 0.79518884, 0.00817517],
       [0.15950581, 0.8368274 , 0.00366682],
       [0.29444435, 0.6584006 , 0.04715513]], dtype=float32), array([[0.19139747, 0.8007082 , 0.00789436],
       [0.1534697 , 0.84308016, 0.00345021],
       [0.2907276 , 0.66292727, 0.04634517]], dtype=float32), array([[0.08723309, 0.9072831 , 0.00548386],
       [0.04994446, 0.94851404, 0.00154153],
       [0.15994479, 0.81675446, 0.0233007 ]], dtype=float32)]",1,0,0,0,0,0,13.219166666666666,20.1,0.0001557629941580221,2000,94000,0.00034826636790796415,10.05,10.05,94000,2000,0.33998279850106616,23810,0.0393447157605,47.0,999.0,0.0,1455543,0.0,1.0,0.0013802934991,30969,378.4173754999269,911.39697265625,0.0,0.00032007371191866696,999.0,0.4722185432910919,0.0003954792919103056,1.4168950734916308e-10,0.1736362725496292,1.0,0.0013802934991,1455543,81158,0.349287211894989,-0.07388603687286377,47.0,30969,378.41769125173687,4371000,2911086,61938,104968,93000,0,1136.3902574707943,6347406.6814545505,6699121.948204307,0.0002689628723453505,9.88486809879548e-05,2,1.0067001111073661,100,10.5,0.1653257998986526,9.5,47.0,4.6232233570322826e-05,0.0015556174295488746,50,94100,1.0067001111073661,10.0,2,2350,2.0,0.00036601168336467465,4700,0.00016179424012000416,10.0,4700,100,10.0,100,2.0109607234021055e-05,3.302574054470729e-05,6.4490070074704295e-06,7.252617147236657e-06,4.09274705599753e-05,2.7961138216740972e-05,2.8273870007805163e-05,2.1503614239854377e-05,1.5387005533703284e-05,0.00014385985785414761,4.643077077342417e-05,0.05293153246327936,0.006555577728775362,0.053596977732060166,0.1709374474939348,0.029911668568098234,0.02506769401537613,0.0001652349168538639,1411.0,5079102,0.3489995,0.18318824470043182,108066,-0.11276447772979736,1457.0,91.66519927978516,1.0,1.6241188859567046e-05,498.0,0.4722185730934143,0.0001825186627684161,1411.0,5079102,0.0,1457.0,108066,498.0,10158204,651000,216132,30597000,10759.475633329615,1.6060671687064332e-05,0.00015342006474642708,2.252404526878474e-05,4.709058239634218e-05,2.959134237226128e-05,2.9252836625285797e-05,2.0458870236879163e-05,3.412234301840709e-05,7.676262507668166e-06,6.688019248403611e-06,4.2967574847227135e-05
1,96000,False,48,ca05a_00000,2025-08-18_00-23-08,1755476588,83.76536750793457,4055.8117780685425,758452,intrinsic-attention2,10.156.0.3,4055.8117780685425,48,87.31213270234299,1.6524000887874165e-05,87.3118558169997,2.551501732644644,84.41076647385202,0.0019173040631937385,2000,1.0067001111073661,10.01,2,10.5,0.0002652160037541762,2.519924381545974,48000,9.5,47.0,4.584665406860087e-05,2,0.0015270180403604173,2.0,1000,96000,9.852676047308465e-05,1.0067001111073661,253.6129646782921,2000.0,3000.0,"[array([0.32087615, 0.32087615, 0.32087615], dtype=float32), array([0.32164663, 0.32164663, 0.32164663], dtype=float32), array([0.32240984, 0.32240984, 0.32240984], dtype=float32), array([0.32322767, 0.32322767, 0.32322767], dtype=float32), array([0.32407624, 0.32407624, 0.32407624], dtype=float32), array([0.32502893, 0.32502893, 0.32502893], dtype=float32), array([0.32592502, 0.32592502, 0.32592502], dtype=float32), array([0.3265839, 0.3265839, 0.3265839], dtype=float32), array([0.32691365, 0.32691365, 0.32691365], dtype=float32), array([0.32048494, 0.32048494, 0.32048494], dtype=float32), array([0.30013925, 0.30013925, 0.30013925], dtype=float32), array([0.2962628, 0.2962628, 0.2962628], dtype=float32), array([0.29854915, 0.29854915, 0.29854915], dtype=float32), array([0.29932258, 0.29932258, 0.29932258], dtype=float32), array([0.30061865, 0.30061865, 0.30061865], dtype=float32), array([0.30077556, 0.30077556, 0.30077556], dtype=float32), array([0.30245227, 0.30245227, 0.30245227], dtype=float32), array([0.30244094, 0.30244094, 0.30244094], dtype=float32), array([0.30122465, 0.30122465, 0.30122465], dtype=float32), array([0.29942176, 0.29942176, 0.29942176], dtype=float32), array([0.2980161, 0.2980161, 0.2980161], dtype=float32), array([0.29643413, 0.29643413, 0.29643413], dtype=float32), array([0.29498863, 0.29498863, 0.29498863], dtype=float32), array([0.29357618, 0.29357618, 0.29357618], dtype=float32), array([0.29216555, 0.29216555, 0.29216555], dtype=float32), array([0.29153883, 0.29153883, 0.29153883], dtype=float32), array([0.29086515, 0.29086515, 0.29086515], dtype=float32), array([0.29085204, 0.29085204, 0.29085204], dtype=float32), array([0.29073983, 0.29073983, 0.29073983], dtype=float32), array([0.29204515, 0.29204515, 0.29204515], dtype=float32), array([0.2934728, 0.2934728, 0.2934728], dtype=float32)]","[array([nan, nan, nan], dtype=float32), array([nan, nan, nan], dtype=float32), array([nan, nan, nan], dtype=float32), array([nan, nan, nan], dtype=float32), array([nan, nan, nan], dtype=float32), array([nan, nan, nan], dtype=float32), array([nan, nan, nan], dtype=float32), array([nan, nan, nan], dtype=float32), array([nan, nan, nan], dtype=float32), array([nan, nan, nan], dtype=float32), array([nan, nan, nan], dtype=float32), array([nan, nan, nan], dtype=float32), array([nan, nan, nan], dtype=float32), array([nan, nan, nan], dtype=float32), array([nan, nan, nan], dtype=float32), array([nan, nan, nan], dtype=float32), array([nan, nan, nan], dtype=float32), array([nan, nan, nan], dtype=float32), array([nan, nan, nan], dtype=float32), array([nan, nan, nan], dtype=float32), array([nan, nan, nan], dtype=float32), array([nan, nan, nan], dtype=float32), array([nan, nan, nan], dtype=float32), array([nan, nan, nan], dtype=float32), array([nan, nan, nan], dtype=float32), array([nan, nan, nan], dtype=float32), array([nan, nan, nan], dtype=float32), array([nan, nan, nan], dtype=float32), array([nan, nan, nan], dtype=float32), array([nan, nan, nan], dtype=float32), array([nan, nan, nan], dtype=float32)]","[array([[0.14894782, 0.8413871 , 0.00966515],
       [0.10242961, 0.89422876, 0.00334158],
       [0.24800089, 0.7043139 , 0.0476852 ]], dtype=float32), array([[0.08023412, 0.9143213 , 0.00544459],
       [0.04342465, 0.95515114, 0.0014242 ],
       [0.15016624, 0.82706636, 0.02276743]], dtype=float32), array([[0.06538514, 0.9280947 , 0.0065202 ],
       [0.02956019, 0.9690155 , 0.00142426],
       [0.12428747, 0.8523921 , 0.02332039]], dtype=float32), array([[0.07948806, 0.9151219 , 0.00538997],
       [0.04279335, 0.9558081 , 0.00139854],
       [0.14924924, 0.8281406 , 0.0226102 ]], dtype=float32), array([[0.1810715 , 0.811541  , 0.00738747],
       [0.14165317, 0.85528594, 0.00306092],
       [0.28312477, 0.6720743 , 0.04480091]], dtype=float32), array([[0.15129134, 0.8395894 , 0.00911927],
       [0.10553505, 0.89126855, 0.00319632],
       [0.2515938 , 0.7015529 , 0.04685327]], dtype=float32), array([[0.14856125, 0.8425213 , 0.00891749],
       [0.1026    , 0.89433175, 0.00306827],
       [0.24930583, 0.7043975 , 0.04629671]], dtype=float32), array([[0.07829715, 0.9168442 , 0.00485867],
       [0.04218346, 0.956576  , 0.00124061],
       [0.14938821, 0.82906157, 0.02155025]], dtype=float32), array([[0.05954605, 0.9344857 , 0.00596822],
       [0.02521971, 0.97358876, 0.00119159],
       [0.11647033, 0.86164796, 0.02188172]], dtype=float32), array([[0.0669669 , 0.9264318 , 0.00660145],
       [0.03086613, 0.967655  , 0.00147887],
       [0.12641938, 0.85003436, 0.02354631]], dtype=float32), array([[0.15088342, 0.8399289 , 0.0091876 ],
       [0.10507368, 0.89170873, 0.00321758],
       [0.25086603, 0.70229113, 0.04684283]], dtype=float32), array([[0.23077236, 0.75920945, 0.01001818],
       [0.19983621, 0.79490304, 0.00526078],
       [0.3167412 , 0.6319073 , 0.05135151]], dtype=float32), array([[0.18882874, 0.79954016, 0.01163108],
       [0.15708259, 0.8367059 , 0.00621137],
       [0.2588548 , 0.70361716, 0.03752807]], dtype=float32), array([[0.26996422, 0.7133754 , 0.01666042],
       [0.25127152, 0.7372407 , 0.01148783],
       [0.32222378, 0.6307894 , 0.04698677]], dtype=float32), array([[0.30953532, 0.6660113 , 0.02445344],
       [0.29703185, 0.684251  , 0.01871718],
       [0.3468226 , 0.5952322 , 0.05794523]], dtype=float32), array([[0.496979  , 0.47044727, 0.03257365],
       [0.49652064, 0.47021937, 0.03325996],
       [0.46280387, 0.44774026, 0.08945586]], dtype=float32), array([[0.5152763 , 0.4450251 , 0.03969862],
       [0.5133476 , 0.4447976 , 0.0418548 ],
       [0.47137508, 0.4308335 , 0.09779144]], dtype=float32), array([[0.5921223 , 0.36662492, 0.04125276],
       [0.58019435, 0.37126648, 0.04853918],
       [0.5164922 , 0.3840179 , 0.09948993]], dtype=float32), array([[0.6232006 , 0.33021194, 0.04658748],
       [0.6035593 , 0.3391162 , 0.05732458],
       [0.5342113 , 0.35963136, 0.10615737]], dtype=float32), array([[0.7021547 , 0.26249054, 0.03535474],
       [0.6734316 , 0.27982166, 0.0467467 ],
       [0.60646355, 0.31255642, 0.08098007]], dtype=float32), array([[0.7136904 , 0.2497592 , 0.03655035],
       [0.68160635, 0.2692234 , 0.04917014],
       [0.614252  , 0.30279186, 0.08295621]], dtype=float32), array([[0.7483355 , 0.20938088, 0.04228365],
       [0.6911555 , 0.24329098, 0.06555352],
       [0.60553116, 0.28439462, 0.11007415]], dtype=float32), array([[0.7234272 , 0.23664206, 0.03993087],
       [0.68712413, 0.25842115, 0.05445476],
       [0.6208731 , 0.2915995 , 0.0875274 ]], dtype=float32), array([[0.7366967 , 0.22378209, 0.03952117],
       [0.6968903 , 0.24797764, 0.05513205],
       [0.630047  , 0.2822332 , 0.08771972]], dtype=float32), array([[0.7232958 , 0.23448075, 0.04222353],
       [0.685771  , 0.2566965 , 0.05753246],
       [0.62050724, 0.28909016, 0.0904026 ]], dtype=float32), array([[0.6989137 , 0.2533832 , 0.04770316],
       [0.6565301 , 0.27671543, 0.06675455],
       [0.57603043, 0.31110168, 0.11286786]], dtype=float32), array([[0.6657046 , 0.2871017 , 0.04719373],
       [0.6341755 , 0.30346704, 0.06235752],
       [0.55659026, 0.33294037, 0.1104693 ]], dtype=float32), array([[0.5944809 , 0.3683049 , 0.03721415],
       [0.58515024, 0.3721925 , 0.04265728],
       [0.5340034 , 0.3852734 , 0.0807232 ]], dtype=float32), array([[0.53831977, 0.4153504 , 0.04632989],
       [0.5335529 , 0.41588542, 0.05056166],
       [0.48460323, 0.41170242, 0.10369433]], dtype=float32), array([[0.4371491 , 0.5140102 , 0.04884076],
       [0.43738237, 0.51644087, 0.04617679],
       [0.4252645 , 0.47251016, 0.10222537]], dtype=float32), array([[0.39680484, 0.5736137 , 0.02958148],
       [0.39440215, 0.5793271 , 0.02627078],
       [0.4070929 , 0.52580744, 0.06709971]], dtype=float32)]",1,0,0,0,0,0,12.673949579831934,19.911764705882337,0.00016002050893786814,2000,96000,0.0003600089966159735,10.01,10.01,96000,2000,0.33986563734611047,23810,0.0393447157605,48.0,999.0,0.0,1486512,0.0,1.0,0.0013802934991,30969,378.4990930888223,149.62460327148438,0.0,-0.03889651969075203,999.0,0.4722185432910919,0.22008928656578064,2.1253426796263852e-10,0.28044843673706055,1.0,0.0013802934991,1486512,81158,0.3099231421947479,-1.0,48.0,30969,378.4993997100493,4464000,2973024,61938,104968,93000,0,1136.6355860869621,6350017.261940377,6703152.415419654,0.00026793417361469196,9.59076967926617e-05,2,1.0067001111073661,100,10.5,0.16489367217969395,-10.5,48.0,4.467549172486291e-05,0.0015153911495872307,50,96100,1.0067001111073661,8.0,2,2400,2.0,0.00035238814746373163,4800,0.0001559870948711515,8.0,4800,100,8.0,100,2.0671203741032806e-05,3.375553224184372e-05,6.676428618623061e-06,7.342327407537209e-06,4.266125580741251e-05,2.8969173410511384e-05,2.9133902909700708e-05,2.2433443543319806e-05,1.6182427271911e-05,0.0001488687699812314,4.740571755661353e-05,0.05294431616863648,0.006556717491495977,0.053552121154708386,0.1709641260289495,0.029897825082405547,0.024967154865264574,0.00016531398759204392,1441.0,5187168,0.2967096,0.2424382120370865,108066,-1.0,1488.0,87.51848602294922,1.0,-0.05743064731359482,498.0,0.4722185730934143,0.03286821022629738,1441.0,5187168,0.0,1488.0,108066,498.0,10374336,651000,216132,31248000,10744.746882526702,1.5529038203838222e-05,0.00014720698671236688,2.1579382710556078e-05,4.53461968138541e-05,2.844456702529666e-05,2.825793428612464e-05,1.9738626507005068e-05,3.286089466410085e-05,7.336925109544978e-06,6.627510447756523e-06,4.096258374393313e-05
1,98000,False,49,ca05a_00000,2025-08-18_00-24-32,1755476672,84.26037955284119,4140.072157621384,758452,intrinsic-attention2,10.156.0.3,4140.072157621384,49,87.28017509473956,1.6467100906504683e-05,87.2798978133298,2.550685466228227,84.3799598197535,0.0019149403225574581,2000,1.0067001111073661,7.48,2,10.5,0.0002652160037541762,2.5191185397005245,49000,-10.5,48.0,4.4454364343943014e-05,2,0.0014795714603678789,2.0,1000,98000,9.472833766338384e-05,1.0067001111073661,245.38991976991156,2000.0,3000.0,"[array([0.29528466, 0.29528466, 0.29528466], dtype=float32), array([0.29693407, 0.29693407, 0.29693407], dtype=float32), array([0.2980438, 0.2980438, 0.2980438], dtype=float32), array([0.2986973, 0.2986973, 0.2986973], dtype=float32), array([0.2988086, 0.2988086, 0.2988086], dtype=float32), array([0.29844004, 0.29844004, 0.29844004], dtype=float32), array([0.2976684, 0.2976684, 0.2976684], dtype=float32), array([0.2969579, 0.2969579, 0.2969579], dtype=float32), array([0.2963647, 0.2963647, 0.2963647], dtype=float32), array([0.29530448, 0.29530448, 0.29530448], dtype=float32), array([0.2943406, 0.2943406, 0.2943406], dtype=float32), array([0.29346308, 0.29346308, 0.29346308], dtype=float32), array([0.29270026, 0.29270026, 0.29270026], dtype=float32), array([0.29200575, 0.29200575, 0.29200575], dtype=float32), array([0.29069862, 0.29069862, 0.29069862], dtype=float32), array([0.28952265, 0.28952265, 0.28952265], dtype=float32), array([0.2884732, 0.2884732, 0.2884732], dtype=float32), array([0.28749844, 0.28749844, 0.28749844], dtype=float32), array([0.28601474, 0.28601474, 0.28601474], dtype=float32), array([0.28465268, 0.28465268, 0.28465268], dtype=float32), array([0.28343436, 0.28343436, 0.28343436], dtype=float32), array([0.28232723, 0.28232723, 0.28232723], dtype=float32), array([0.28132147, 0.28132147, 0.28132147], dtype=float32), array([0.28037292, 0.28037292, 0.28037292], dtype=float32), array([0.27954286, 0.27954286, 0.27954286], dtype=float32), array([0.2787073, 0.2787073, 0.2787073], dtype=float32), array([0.2779753, 0.2779753, 0.2779753], dtype=float32), array([0.27729732, 0.27729732, 0.27729732], dtype=float32), array([0.27670175, 0.27670175, 0.27670175], dtype=float32), array([0.27610537, 0.27610537, 0.27610537], dtype=float32), array([0.27554458, 0.27554458, 0.27554458], dtype=float32)]","[array([0.29528472, 0.29528472, 0.29528472], dtype=float32), array([0.29693407, 0.29693407, 0.29693407], dtype=float32), array([0.2980438, 0.2980438, 0.2980438], dtype=float32), array([0.2986973, 0.2986973, 0.2986973], dtype=float32), array([0.2988086, 0.2988086, 0.2988086], dtype=float32), array([0.29844, 0.29844, 0.29844], dtype=float32), array([0.2976684, 0.2976684, 0.2976684], dtype=float32), array([0.29695794, 0.29695794, 0.29695794], dtype=float32), array([0.29636472, 0.29636472, 0.29636472], dtype=float32), array([0.29530448, 0.29530448, 0.29530448], dtype=float32), array([0.2943406, 0.2943406, 0.2943406], dtype=float32), array([0.29346305, 0.29346305, 0.29346305], dtype=float32), array([0.29270023, 0.29270023, 0.29270023], dtype=float32), array([0.2920058, 0.2920058, 0.2920058], dtype=float32), array([0.29069856, 0.29069856, 0.29069856], dtype=float32), array([0.28952268, 0.28952268, 0.28952268], dtype=float32), array([0.2884732, 0.2884732, 0.2884732], dtype=float32), array([0.28749844, 0.28749844, 0.28749844], dtype=float32), array([0.28601474, 0.28601474, 0.28601474], dtype=float32), array([0.28465268, 0.28465268, 0.28465268], dtype=float32), array([0.2834344, 0.2834344, 0.2834344], dtype=float32), array([0.2823272, 0.2823272, 0.2823272], dtype=float32), array([0.2813215, 0.2813215, 0.2813215], dtype=float32), array([0.28037292, 0.28037292, 0.28037292], dtype=float32), array([0.27954286, 0.27954286, 0.27954286], dtype=float32), array([0.27870733, 0.27870733, 0.27870733], dtype=float32), array([0.27797532, 0.27797532, 0.27797532], dtype=float32), array([0.2772973, 0.2772973, 0.2772973], dtype=float32), array([0.27670175, 0.27670175, 0.27670175], dtype=float32), array([0.27610537, 0.27610537, 0.27610537], dtype=float32), array([0.27554458, 0.27554458, 0.27554458], dtype=float32)]","[array([[0.4153235 , 0.5631298 , 0.02154668],
       [0.41377228, 0.5667921 , 0.01943564],
       [0.42303014, 0.5193224 , 0.05764756]], dtype=float32), array([[0.9040946 , 0.03187764, 0.0640277 ],
       [0.758114  , 0.09518174, 0.1467042 ],
       [0.79791355, 0.07687444, 0.12521198]], dtype=float32), array([[0.27871168, 0.68571633, 0.03557197],
       [0.2565541 , 0.71914643, 0.02429947],
       [0.32486084, 0.59313256, 0.08200657]], dtype=float32), array([[0.25004083, 0.716227  , 0.03373218],
       [0.22100596, 0.7578237 , 0.02117038],
       [0.30369425, 0.61768544, 0.0786203 ]], dtype=float32), array([[0.894451  , 0.02665004, 0.07889895],
       [0.7224468 , 0.09708032, 0.18047284],
       [0.790208  , 0.06667669, 0.14311524]], dtype=float32), array([[0.20803069, 0.7609563 , 0.031013  ],
       [0.16866618, 0.8146105 , 0.01672336],
       [0.26997352, 0.6567989 , 0.07322761]], dtype=float32), array([[0.21248841, 0.7607358 , 0.02677583],
       [0.17504507, 0.81042707, 0.01452785],
       [0.27729434, 0.6538576 , 0.06884808]], dtype=float32), array([[0.21306892, 0.75841326, 0.02851779],
       [0.1731348 , 0.8118915 , 0.0149737 ],
       [0.28032085, 0.6447482 , 0.07493098]], dtype=float32), array([[0.20151664, 0.7854321 , 0.01305128],
       [0.17094693, 0.82179356, 0.0072595 ],
       [0.26975638, 0.68940234, 0.04084124]], dtype=float32), array([[0.92351496, 0.01342771, 0.06305724],
       [0.72560185, 0.08635928, 0.1880389 ],
       [0.8235022 , 0.04544447, 0.13105345]], dtype=float32), array([[0.12920068, 0.8400181 , 0.03078122],
       [0.07364893, 0.91567415, 0.010677  ],
       [0.188506  , 0.7457804 , 0.0657136 ]], dtype=float32), array([[0.8921606 , 0.01791735, 0.08992207],
       [0.6884335 , 0.0955982 , 0.21596828],
       [0.794387  , 0.04965553, 0.15595748]], dtype=float32), array([[0.11685791, 0.8538047 , 0.02933736],
       [0.06073914, 0.9301432 , 0.00911769],
       [0.17459258, 0.76274526, 0.0626622 ]], dtype=float32), array([[0.12847902, 0.8589558 , 0.0125652 ],
       [0.08747998, 0.9075224 , 0.00499765],
       [0.1963036 , 0.7666319 , 0.03706452]], dtype=float32), array([[0.9243432 , 0.01061407, 0.06504269],
       [0.70931923, 0.08691698, 0.20376386],
       [0.8270007 , 0.03876812, 0.13423114]], dtype=float32), array([[0.15866211, 0.81801194, 0.0233259 ],
       [0.10656807, 0.8844515 , 0.00898044],
       [0.23601584, 0.6974817 , 0.06650249]], dtype=float32), array([[0.8902791 , 0.01546595, 0.09425489],
       [0.673948  , 0.09648477, 0.22956719],
       [0.7947999 , 0.04442361, 0.16077639]], dtype=float32), array([[0.15827395, 0.82001126, 0.02171472],
       [0.1066552 , 0.8850598 , 0.00828504],
       [0.23774898, 0.69742393, 0.06482708]], dtype=float32), array([[0.889488  , 0.01503148, 0.09548056],
       [0.67030436, 0.09692105, 0.23277465],
       [0.7944848 , 0.04343462, 0.1620806 ]], dtype=float32), array([[0.8362935 , 0.02203017, 0.14167625],
       [0.651292  , 0.09467909, 0.2540289 ],
       [0.7603468 , 0.04611474, 0.19353841]], dtype=float32), array([[0.12362693, 0.85677004, 0.01960304],
       [0.07206979, 0.9215489 , 0.00638131],
       [0.19432962, 0.7520322 , 0.05363822]], dtype=float32), array([[0.10785077, 0.8695732 , 0.02257605],
       [0.05419602, 0.9394104 , 0.00639353],
       [0.17048536, 0.7746728 , 0.05484184]], dtype=float32), array([[0.12100381, 0.85949636, 0.01949991],
       [0.06932861, 0.924456  , 0.00621539],
       [0.1912138 , 0.7555901 , 0.05319602]], dtype=float32), array([[0.92305344, 0.00941009, 0.06753649],
       [0.69618016, 0.08874142, 0.21507846],
       [0.8268582 , 0.03559275, 0.13754907]], dtype=float32), array([[0.10646604, 0.88253176, 0.01100221],
       [0.06493837, 0.93133545, 0.00372617],
       [0.17250325, 0.79397935, 0.03351736]], dtype=float32), array([[0.8870804 , 0.01464782, 0.09827181],
       [0.6636979 , 0.09813508, 0.238167  ],
       [0.79269016, 0.04239929, 0.16491051]], dtype=float32), array([[0.92248744, 0.00939429, 0.06811824],
       [0.694489  , 0.08914873, 0.21636228],
       [0.82626873, 0.03550077, 0.1382305 ]], dtype=float32), array([[0.15897574, 0.83337057, 0.00765372],
       [0.12404252, 0.8724714 , 0.00348607],
       [0.23871669, 0.73048806, 0.03079522]], dtype=float32), array([[0.10619271, 0.8827393 , 0.01106801],
       [0.06464647, 0.931609  , 0.00374444],
       [0.17197604, 0.7944614 , 0.03356251]], dtype=float32), array([[0.13265215, 0.85821676, 0.00913106],
       [0.09384675, 0.90249306, 0.0036602 ],
       [0.2074203 , 0.760349  , 0.03223072]], dtype=float32), array([[0.12750119, 0.86297953, 0.0095192 ],
       [0.08802047, 0.90827143, 0.00370812],
       [0.20074372, 0.76667655, 0.03257975]], dtype=float32)]",1,0,0,0,0,0,9.0075,18.699999999999996,0.00015560165180595643,2000,98000,0.00035217506033132103,7.48,7.48,98000,2000,0.33954357457263007,23810,0.0393447157605,49.0,999.0,0.0,1517481,0.0,1.0,0.0013802934991,30969,378.2920323458265,171.8122100830078,0.0,-0.0729423463344574,999.0,0.4722185432910919,0.02623562142252922,2.1253426796263852e-10,0.32879751920700073,1.0,0.0013802934991,1517481,81158,0.2758106589317322,0.007603943347930908,49.0,30969,378.2923300726754,4557000,3034962,61938,104968,93000,0,1136.0137155942439,6338186.213415251,6690739.082616859,0.0002668699518601245,0.00010008011325139745,2,1.0067001111073661,100,10.5,0.16454120358791882,-10.5,49.0,4.6563300793020836e-05,0.0015314411600411404,50,98100,1.0067001111073661,7.0,2,2450,2.0,0.00036584325116173337,4900,0.0001624123496122031,7.0,4900,100,7.0,100,1.993694692329737e-05,3.291650646090461e-05,6.46560019043829e-06,7.182752282277647e-06,4.124495070442193e-05,2.8069186535685432e-05,2.8350041829493372e-05,2.1681395404632384e-05,1.5569948723321115e-05,0.00014598397965809762,4.6814750199945754e-05,0.05293270639699044,0.0065528323866626045,0.05346605714317254,0.1708655035887728,0.02987535162152623,0.024866524966613818,0.000165393167658799,1471.0,5295234,0.305205,0.3503253757953644,108066,-0.13892924785614014,1519.0,95.28341674804688,1.0,-0.053339775651693344,498.0,0.4722185730934143,0.06127814203500748,1471.0,5295234,0.0,1519.0,108066,498.0,10590468,651000,216132,31899000,10725.272692412163,1.6116222061169037e-05,0.00015234243353683382,2.2517316643486647e-05,4.724608953654185e-05,2.932052000641208e-05,2.9554480298604154e-05,2.0631661004796108e-05,3.459713021203787e-05,7.665574410579352e-06,6.815018113349447e-06,4.232287665263729e-05
1,100000,True,50,ca05a_00000,2025-08-18_00-25-56,1755476756,83.7415726184845,4223.813730239868,758452,intrinsic-attention2,10.156.0.3,4223.813730239868,50,87.24340644800223,1.6420279892588936e-05,87.24312872045641,2.551108714735902,84.34289141798601,0.00191298849935043,2000,1.0067001111073661,7.03,2,10.5,0.0002652160037541762,2.519531617273529,50000,-10.5,49.0,4.694228052379097e-05,2,0.0015466489105892833,2.0,1000,100000,9.770984535164121e-05,1.0067001111073661,237.4143758745058,2000.0,3000.0,"[array([0.27500603, 0.27500603, 0.27500603], dtype=float32), array([0.2744338, 0.2744338, 0.2744338], dtype=float32), array([0.27388406, 0.27388406, 0.27388406], dtype=float32), array([0.27341396, 0.27341396, 0.27341396], dtype=float32), array([0.27300698, 0.27300698, 0.27300698], dtype=float32), array([0.2726006, 0.2726006, 0.2726006], dtype=float32), array([0.2723628, 0.2723628, 0.2723628], dtype=float32), array([0.27207038, 0.27207038, 0.27207038], dtype=float32), array([0.2719181, 0.2719181, 0.2719181], dtype=float32), array([0.271995, 0.271995, 0.271995], dtype=float32), array([0.27202752, 0.27202752, 0.27202752], dtype=float32), array([0.27205685, 0.27205685, 0.27205685], dtype=float32), array([0.2720089, 0.2720089, 0.2720089], dtype=float32), array([0.27190822, 0.27190822, 0.27190822], dtype=float32), array([0.27174708, 0.27174708, 0.27174708], dtype=float32), array([0.27164036, 0.27164036, 0.27164036], dtype=float32), array([0.27171713, 0.27171713, 0.27171713], dtype=float32), array([0.27173653, 0.27173653, 0.27173653], dtype=float32), array([0.27173752, 0.27173752, 0.27173752], dtype=float32), array([0.27167934, 0.27167934, 0.27167934], dtype=float32), array([0.27159756, 0.27159756, 0.27159756], dtype=float32), array([0.27161315, 0.27161315, 0.27161315], dtype=float32), array([0.27160788, 0.27160788, 0.27160788], dtype=float32), array([0.271628, 0.271628, 0.271628], dtype=float32), array([0.27176479, 0.27176479, 0.27176479], dtype=float32), array([0.2718422, 0.2718422, 0.2718422], dtype=float32), array([0.27192765, 0.27192765, 0.27192765], dtype=float32), array([0.27193904, 0.27193904, 0.27193904], dtype=float32), array([0.2719533, 0.2719533, 0.2719533], dtype=float32), array([0.2720295, 0.2720295, 0.2720295], dtype=float32), array([0.2720416, 0.2720416, 0.2720416], dtype=float32)]","[array([0.27500603, 0.27500603, 0.27500603], dtype=float32), array([0.2744338, 0.2744338, 0.2744338], dtype=float32), array([0.2738841, 0.2738841, 0.2738841], dtype=float32), array([0.27341396, 0.27341396, 0.27341396], dtype=float32), array([0.273007, 0.273007, 0.273007], dtype=float32), array([0.2726006, 0.2726006, 0.2726006], dtype=float32), array([0.27236277, 0.27236277, 0.27236277], dtype=float32), array([0.2720704, 0.2720704, 0.2720704], dtype=float32), array([0.2719181, 0.2719181, 0.2719181], dtype=float32), array([0.27199495, 0.27199495, 0.27199495], dtype=float32), array([0.2720275, 0.2720275, 0.2720275], dtype=float32), array([0.27205685, 0.27205685, 0.27205685], dtype=float32), array([0.27200887, 0.27200887, 0.27200887], dtype=float32), array([0.27190822, 0.27190822, 0.27190822], dtype=float32), array([0.27174708, 0.27174708, 0.27174708], dtype=float32), array([0.2716404, 0.2716404, 0.2716404], dtype=float32), array([0.27171713, 0.27171713, 0.27171713], dtype=float32), array([0.27173653, 0.27173653, 0.27173653], dtype=float32), array([0.27173752, 0.27173752, 0.27173752], dtype=float32), array([0.2716793, 0.2716793, 0.2716793], dtype=float32), array([0.27159756, 0.27159756, 0.27159756], dtype=float32), array([0.27161315, 0.27161315, 0.27161315], dtype=float32), array([0.27160788, 0.27160788, 0.27160788], dtype=float32), array([0.27162796, 0.27162796, 0.27162796], dtype=float32), array([0.27176479, 0.27176479, 0.27176479], dtype=float32), array([0.2718422, 0.2718422, 0.2718422], dtype=float32), array([0.27192765, 0.27192765, 0.27192765], dtype=float32), array([0.27193904, 0.27193904, 0.27193904], dtype=float32), array([0.27195334, 0.27195334, 0.27195334], dtype=float32), array([0.27202952, 0.27202952, 0.27202952], dtype=float32), array([0.2720416, 0.2720416, 0.2720416], dtype=float32)]","[array([[0.12799333, 0.8624465 , 0.00956022],
       [0.08853683, 0.90772617, 0.00373696],
       [0.20120788, 0.76613176, 0.03266035]], dtype=float32), array([[0.14761429, 0.8292929 , 0.02309282],
       [0.09316366, 0.8986846 , 0.00815176],
       [0.22551282, 0.7086092 , 0.06587795]], dtype=float32), array([[0.1314065 , 0.84146166, 0.02713189],
       [0.07286183, 0.9186781 , 0.00846   ],
       [0.20252244, 0.7292858 , 0.06819177]], dtype=float32), array([[0.88461596, 0.01546512, 0.0999189 ],
       [0.6628038 , 0.09913541, 0.2380608 ],
       [0.78971076, 0.04390119, 0.16638802]], dtype=float32), array([[0.11051426, 0.8778565 , 0.0116293 ],
       [0.06885143, 0.9270652 , 0.00408346],
       [0.17626795, 0.78914833, 0.03458367]], dtype=float32), array([[0.92040783, 0.01167198, 0.06792019],
       [0.6339599 , 0.12521774, 0.24082242],
       [0.7927214 , 0.05174895, 0.15552966]], dtype=float32), array([[0.16833234, 0.82342213, 0.00824553],
       [0.13438538, 0.86167836, 0.00393625],
       [0.24659806, 0.7213139 , 0.03208809]], dtype=float32), array([[0.16945688, 0.82222635, 0.00831678],
       [0.13563436, 0.86037403, 0.00399157],
       [0.2475427 , 0.72021204, 0.03224529]], dtype=float32), array([[0.88339216, 0.01626373, 0.10034412],
       [0.6641377 , 0.09955233, 0.23631   ],
       [0.78790575, 0.04543876, 0.16665547]], dtype=float32), array([[0.10911385, 0.86568564, 0.02520045],
       [0.05469   , 0.93798983, 0.00732024],
       [0.16841371, 0.7743668 , 0.0572195 ]], dtype=float32), array([[0.91861665, 0.010811  , 0.07057235],
       [0.6952666 , 0.09055688, 0.21417649],
       [0.82064706, 0.03872651, 0.1406265 ]], dtype=float32), array([[0.11629648, 0.8713939 , 0.01230961],
       [0.07459579, 0.9208795 , 0.00452473],
       [0.1821229 , 0.7820118 , 0.03586522]], dtype=float32), array([[0.13876064, 0.8323126 , 0.02892686],
       [0.08046828, 0.90990096, 0.00963073],
       [0.20909663, 0.72005683, 0.07084652]], dtype=float32), array([[0.9181665 , 0.01100692, 0.07082655],
       [0.6955202 , 0.09070962, 0.21377015],
       [0.81997514, 0.03916588, 0.14085907]], dtype=float32), array([[0.09678953, 0.8726586 , 0.03055188],
       [0.04059191, 0.9516452 , 0.00776285],
       [0.14549743, 0.79477376, 0.05972885]], dtype=float32), array([[0.09705946, 0.8722971 , 0.03064346],
       [0.04081925, 0.9513668 , 0.00781394],
       [0.1457777 , 0.7943699 , 0.05985236]], dtype=float32), array([[0.14205432, 0.8472091 , 0.01073657],
       [0.10341948, 0.891996  , 0.00458454],
       [0.21452375, 0.75040096, 0.03507521]], dtype=float32), array([[0.14738148, 0.8421146 , 0.01050392],
       [0.1094944 , 0.8858991 , 0.00460649],
       [0.22068761, 0.74434847, 0.03496392]], dtype=float32), array([[0.09833819, 0.8705938 , 0.03106802],
       [0.04189707, 0.95005   , 0.00805295],
       [0.14712633, 0.79243535, 0.06043839]], dtype=float32), array([[0.14194115, 0.8284154 , 0.02964342],
       [0.08387687, 0.90598124, 0.01014191],
       [0.21193932, 0.71615815, 0.07190257]], dtype=float32), array([[0.14843902, 0.8409487 , 0.01061221],
       [0.11062668, 0.88469183, 0.00468155],
       [0.22162181, 0.7432    , 0.03517813]], dtype=float32), array([[0.11318678, 0.86041903, 0.02639422],
       [0.05845379, 0.93354577, 0.00800043],
       [0.17230844, 0.768791  , 0.05890049]], dtype=float32), array([[0.1288352 , 0.8483809 , 0.02278386],
       [0.07671243, 0.915433  , 0.00785453],
       [0.19589335, 0.74685717, 0.05724943]], dtype=float32), array([[0.14842428, 0.8409422 , 0.01063349],
       [0.11059635, 0.884713  , 0.00469073],
       [0.22157545, 0.7432108 , 0.03521386]], dtype=float32), array([[0.9170101 , 0.01150746, 0.07148239],
       [0.696115  , 0.09109725, 0.2127877 ],
       [0.81828415, 0.04026708, 0.14144883]], dtype=float32), array([[0.12168106, 0.8653577 , 0.01296123],
       [0.08003438, 0.91500723, 0.00495836],
       [0.18747538, 0.7754526 , 0.03707202]], dtype=float32), array([[0.1629368 , 0.8111543 , 0.02590894],
       [0.11026427, 0.87951857, 0.01021725],
       [0.23830923, 0.6913434 , 0.07034722]], dtype=float32), array([[0.86625797, 0.01888972, 0.11485229],
       [0.6791632 , 0.08885616, 0.23198058],
       [0.7844781 , 0.0440701 , 0.17145178]], dtype=float32), array([[0.11321798, 0.8590482 , 0.02773388],
       [0.05802599, 0.9335378 , 0.00843624],
       [0.17078897, 0.7691181 , 0.06009291]], dtype=float32), array([[0.13211997, 0.84432644, 0.02355355],
       [0.08010826, 0.9115391 , 0.00835264],
       [0.1987599 , 0.74289787, 0.05834218]], dtype=float32), array([[0.10189376, 0.86577713, 0.03232907],
       [0.04496606, 0.9462636 , 0.00877035],
       [0.15071075, 0.78720784, 0.06208136]], dtype=float32)]",1,0,0,0,0,0,8.985000000000001,18.699999999999996,0.0001638685765263742,2000,100000,0.00036526403965911195,7.03,7.03,100000,2000,0.33943269860690795,23810,0.0393447157605,50.0,999.0,0.0,1548450,0.0,1.0,0.0013802934991,30969,378.33825815286326,214.1461639404297,0.0,-0.06452903151512146,999.0,0.4722185432910919,0.08982931077480316,3.188014019439578e-10,0.21676507592201233,1.0,0.0013802934991,1548450,81158,0.28437861800193787,-0.010874271392822266,50.0,30969,378.3385481932002,4650000,3096900,61938,104968,93000,0,1136.1524779672368,6341859.592154989,6694709.671105491,0.0002657423123878161,9.890919573572136e-05,2,1.0067001111073661,100,10.5,0.16413992131205585,-10.5,50.0,4.5582477445030375e-05,0.0015456617706513498,50,100100,1.0067001111073661,9.0,2,2500,2.0,0.00036022971471597206,5000,0.00015952872525043727,9.0,5000,100,9.0,100,2.0857629647636947e-05,3.464147001448798e-05,6.807153579486127e-06,7.528727484986711e-06,4.34432979236261e-05,2.9614532712660393e-05,2.979360028396284e-05,2.259526999231067e-05,1.6166714757390086e-05,0.0001498440133168054,4.818483542736089e-05,0.0529422164630274,0.006551257622816288,0.053416431551678877,0.17089319560276725,0.02987102844545645,0.024772248666979396,0.00016564581598286113,1501.0,5403300,0.29481325,0.22088183462619781,108066,-0.10099244117736816,1550.0,90.94072723388672,1.0,-0.07552048563957214,498.0,0.4722185730934143,0.13371701538562775,1501.0,5403300,0.0,1550.0,108066,498.0,10806600,651000,216132,32550000,10711.992190690093,1.5936688111836674e-05,0.00015092176439012153,2.201114260397384e-05,4.632766018970042e-05,2.898977402035788e-05,2.860731482549377e-05,2.0305464405132883e-05,3.357139234701079e-05,7.426728067579242e-06,6.6142503624108055e-06,4.20486303837167e-05
